_id,Codigo_Accidente,Longitud,Latitud,Direccion,AA_Acc,MM_Acc,DD_Mes_Acc,Dia_Semana_Acc,Hora_Acc,Min_Acc,Localidad,Clase_Acc,Elemento_Choque,Tipo_Objeto_Fijo,Gravedad_Indicador_Tradicional,Con_Bicicleta,Con_Carga,Con_Embriaguez,Con_Huecos,Con_Menores,Con_Moto,Con_Peaton,Con_Persona_Mayor,Con_Rutas,Con_Tpi,Con_Tpp,Con_Velocidad,Con_Sitp,Con_Troncal,Con_Alimentador,Con_Zonal,Con_Provisional,Con_Articulado,Con_Biarticulado,Con_Padron_Dual,Con_Servicio_Especial,Con_Taxi,TID_cercano,distancia_grados,distancia_metros_aprox,corredor_from,corredor_to,lat_corredor,lon_corredor,match_valido,vel_promedio_hora,vel_ponderada_hora,num_dispositivos,num_registros,tiene_velocidad
194980,10582115,-74.145,4.593,AV AVENIDA BOYACA - CL 49  S 02,2022,Octubre,1,sábado,4,30,Tunjuelito,Choque,Objeto Fijo,Vehiculo Estacionado,Con Heridos,0,0,0,0,0,0,0,0,0,0,0,0,0,0,0,0,0,0,0,0,0,0,1000297.0,0.0014400551395652775,159.8461204917458,CL1,KR21;AV.CARACAS,4.59354105,-74.14366545,1.0,34.38395161274193,31.752151881693546,413.0,124.0,1.0
194981,10582365,-74.121,4.581,KR 24  - CL 40  S 02,2022,Octubre,6,jueves,15,50,Rafael Uribe Uribe,Choque,Vehículo,,Con Heridos,0,0,0,0,0,0,0,1,0,0,0,0,0,0,0,0,0,0,0,0,0,0,1001976.0,0.0020466866357604853,227.18221656941387,NQS,KR24;CL100,4.57921725,-74.11999465,1.0,38.26473611141667,38.28152742541667,598.0,120.0,1.0
194982,10582366,-74.16,4.58,KR 51  - CL 68 F  S 02,2022,Octubre,7,viernes,9,14,Ciudad Bolívar,Atropello,,,Con Muertos,0,0,0,0,0,1,1,0,0,0,0,0,0,0,0,0,0,0,0,0,0,0,1001946.0,0.016705260126382016,1854.2838740284037,"AV.P.MAYO,CL26SUR",KR72;KR78K,4.5960945,-74.1644758,0.0,15.504833333333332,15.2726084325,482.0,120.0,0.0
194983,10582372,-74.097,4.7,CL 80  - KR 81   02,2022,Octubre,7,viernes,8,30,Engativá,Atropello,,,Con Heridos,0,0,0,0,0,1,1,0,0,0,0,0,0,0,0,0,0,0,0,0,0,0,1000963.0,0.002751601324690637,305.42774704066073,CL72,KR64;KR70,4.7019356,-74.0989557,1.0,22.91833333338843,22.147540338429753,422.0,121.0,1.0
194984,10582389,-74.035,4.82,AU NORTE - CL 245   02,2022,Octubre,7,viernes,6,40,Usaquén,Choque,Vehículo,,Con Heridos,0,1,0,0,0,1,0,0,0,0,0,0,0,0,0,0,0,0,0,0,0,0,1001829.0,0.05863533568408591,6508.522260933536,KR19,CL152;CL147,4.76739575,-74.06090165,0.0,16.57196908556452,16.29610069,786.0,124.0,0.0
194985,10582396,-74.087,4.525,KR 15  E- CL 64 A  S 02,2022,Octubre,8,sábado,14,0,Usme,Choque,Vehículo,,Con Heridos,0,0,0,0,0,1,0,0,0,1,0,0,0,0,0,0,0,0,0,0,0,1,1001959.0,0.025597867112709574,2841.3632495107627,"CL19,KR3",KR5;CL22,4.5343054,-74.1108466,0.0,10.829791666583333,10.617470256083333,546.0,120.0,0.0
194986,10582399,-74.18,4.597,AU SUR - CL 76 A  S 02,2022,Octubre,8,sábado,13,30,Bosa,Otro,,,Con Heridos,0,0,0,0,1,0,0,0,0,0,1,0,1,1,0,0,0,0,1,0,0,0,1002290.0,0.005576975576421369,619.044288982772,AV.CL59SUR,CL59SUR;KR78C,4.6025243,-74.1792353,0.0,32.163736110583336,31.624106844999996,485.0,120.0,0.0
194987,10582403,-74.095,4.605,CL 6  - KR 27   02,2022,Octubre,8,sábado,22,40,Los Mártires,Choque,Vehículo,,Con Heridos,0,0,0,0,0,1,0,0,0,1,0,0,0,0,0,0,0,0,0,0,0,1,1000058.0,0.0021978248451593307,243.9585578126857,KR11,CL100;CL106,4.6028211,-74.0952878,1.0,27.776760752580646,25.20812231145161,397.0,124.0,1.0
194988,10582406,-74.13,4.666,KR 86  - CL 22   02,2022,Octubre,8,sábado,6,15,Fontibón,Atropello,,,Con Heridos,0,0,0,0,0,1,1,0,0,0,0,0,0,0,0,0,0,0,0,0,0,0,1000237.0,0.004109546994498201,456.15971638930034,CL134,KR53;KR58,4.6700811,-74.1295173,1.0,37.57108871016129,37.586861812258064,709.0,124.0,1.0
194989,10582415,-74.148,4.572,TV 28  - CL 59 B  S 02,2022,Octubre,10,lunes,5,50,Ciudad Bolívar,Choque,Vehículo,,Con Muertos,0,0,0,0,0,1,0,0,0,0,1,0,0,0,0,0,0,0,0,0,0,0,1000297.0,0.021972827738025714,2438.9838789208543,CL1,KR21;AV.CARACAS,4.59354105,-74.14366545,0.0,29.726962365483868,29.11642582717742,579.0,124.0,0.0
194990,10582424,-74.155,4.575,CL 68  S- KR 46   02,2022,Octubre,7,viernes,19,40,Ciudad Bolívar,Choque,Vehículo,,Con Heridos,1,0,0,0,0,0,0,0,0,0,1,0,1,0,0,1,0,0,0,0,0,0,1000297.0,0.02173114260238068,2412.156828864255,CL1,KR21;AV.CARACAS,4.59354105,-74.14366545,0.0,23.97329301096774,23.5865902475,599.0,124.0,0.0
194991,10582428,-74.148,4.568,CL 64 C  S- KR 23 C  02,2022,Octubre,7,viernes,9,30,Ciudad Bolívar,Choque,Vehículo,,Con Heridos,0,0,0,0,0,1,0,0,0,0,0,0,0,0,0,0,0,0,0,0,0,0,1000297.0,0.02590624555594602,2875.593256710008,CL1,KR21;AV.CARACAS,4.59354105,-74.14366545,0.0,20.999902777583333,20.887244931833333,700.0,120.0,0.0
194992,10582429,-74.102,4.67,KR 70  - CL 55   02,2022,Octubre,8,sábado,9,30,Engativá,Choque,Vehículo,,Con Heridos,0,0,0,0,0,0,0,0,0,0,0,0,0,0,0,0,0,0,0,0,0,0,1000032.0,0.0004386150305236577,48.686268388126,CL72,KR20;KR11,4.6703601500000005,-74.10174965,1.0,6.759027778,6.5650098217499995,399.0,120.0,1.0
194994,10582509,-74.147,4.57,KR 23 C  - CL 60 A  S 02,2022,Octubre,8,sábado,21,55,Ciudad Bolívar,Choque,Vehículo,,Con Heridos,0,0,0,0,0,1,0,0,0,1,0,0,0,0,0,0,0,0,0,0,0,1,1000297.0,0.023776043800536117,2639.1408618595087,CL1,KR21;AV.CARACAS,4.59354105,-74.14366545,0.0,26.803360214919355,26.567413210241938,517.0,124.0,0.0
194995,10582519,-74.065,4.671,CL 80 A  - KR 28   02,2022,Octubre,10,lunes,11,20,Barrios Unidos,Choque,Vehículo,,Solo Daños,0,0,0,0,0,0,0,0,0,0,0,0,0,0,0,0,0,0,0,0,0,0,1000338.0,0.002901218983891364,322.0353072119414,KR9,CL147;CL161,4.6704867,-74.06785545,1.0,29.663276352905985,29.43807746897436,688.0,117.0,1.0
194996,10582531,-74.123,4.71,CL 73  - KR 107 B  02,2022,Octubre,11,martes,20,41,Engativá,Choque,Vehículo,,Con Heridos,0,0,0,0,0,1,0,0,0,0,0,0,0,0,0,0,0,0,0,0,0,0,1000720.0,0.0036371094216467188,403.71914580278576,KR86,CL13C;CL19A,4.71067115,-74.12657465000001,1.0,30.10954301080645,29.750010138548387,1094.0,124.0,1.0
195299,10582550,-74.101662169,4.58641104499998,KR 22  - CL 17  S 02,2022,Octubre,10,lunes,10,0,Antonio Nariño,Caida de ocupante,,,Con Heridos,0,0,0,0,1,0,0,0,0,0,1,0,1,0,0,1,0,0,0,0,0,0,1000263.0,0.0034015314274462036,377.5699884465286,AV.CARACAS,CL24;CL26,4.5897272000000005,-74.10090485,1.0,20.810861111416667,19.642070953333334,1197.0,120.0,1.0
195300,10582551,-74.116,4.684,KR 86 A  - CL 55   02,2022,Octubre,10,lunes,7,40,Engativá,Caida de ocupante,,,Con Heridos,0,0,0,0,0,0,0,0,0,0,1,0,1,0,1,0,0,0,0,0,0,0,1000238.0,0.004435691764818547,492.36178589485877,CL134,KR58;KR53,4.68384265,-74.1204329,1.0,26.099717741935482,26.034981482258065,1173.0,124.0,1.0
195301,10582578,-74.097064064,4.60222704099999,KR 27  - CL 4 A  02,2022,Octubre,11,martes,11,18,Los Mártires,Choque,Vehículo,,Solo Daños,0,0,0,0,0,0,0,1,0,0,0,0,0,0,0,0,0,0,0,0,0,0,1000058.0,0.001872970873555934,207.89976696470868,KR11,CL100;CL106,4.6028211,-74.0952878,1.0,22.21844827577586,20.182319581206897,369.0,116.0,1.0
195302,10582580,-74.076,4.62,CL 26  - KR 20   02,2022,Octubre,11,martes,19,3,Teusaquillo,Choque,Vehículo,,Solo Daños,0,0,0,0,0,0,0,0,0,1,0,0,0,0,0,0,0,0,0,0,0,1,1000256.0,0.0027667277296549993,307.1067779917049,CL26,KR32;AV.CARACAS,4.6217787,-74.0781192,1.0,30.738682795322582,29.56609879016129,446.0,124.0,1.0
195303,10582596,-74.169,4.619,KR 80  - CL 47  S 02,2022,Octubre,11,martes,20,6,Kennedy,Choque,Vehículo,,Con Heridos,0,0,0,0,0,1,0,0,0,0,0,0,0,0,0,0,0,0,0,0,0,0,1001028.0,0.016198197017643096,1797.9998689583838,KR72,CL3;AV.P.MAYO,4.611398400000001,-74.15469625,0.0,20.044448925,19.999374871935483,542.0,124.0,0.0
195304,10582599,-74.137,4.694,CL 26  - KR 113   02,2022,Octubre,11,martes,20,20,Fontibón,Choque,Vehículo,,Solo Daños,0,0,0,0,0,0,0,0,0,0,0,0,0,0,0,0,0,0,0,0,1,0,1001344.0,0.019238525856533118,2135.476370075176,DIAG16,KR97;KR90,4.6757841,-74.14318885,0.0,36.35380376314516,36.194562436370965,1304.0,124.0,0.0
195305,10582601,-74.125,4.524,CL 71  S- KR 34   02,2022,Octubre,13,jueves,13,29,Usme,Choque,Vehículo,,Con Muertos,0,1,0,0,0,1,0,0,0,1,0,0,0,0,0,0,0,0,0,0,0,1,1001959.0,0.017507712606732503,1943.3560993473077,"CL19,KR3",KR5;CL22,4.5343054,-74.1108466,0.0,10.844138888666667,10.567305297083333,502.0,120.0,0.0
196320,10582113,-74.092,4.59,CL 3  S- KR 14 B  02,2022,Octubre,2,domingo,22,20,Antonio Nariño,Choque,Vehículo,,Con Heridos,0,0,0,0,0,1,0,0,0,0,0,0,0,0,0,0,0,0,0,0,0,0,1000250.0,0.0016582875082519974,184.0699134159717,AV.CARACAS,CL32;CL34,4.5900511,-74.0936575,1.0,32.283037634596774,32.14484454604839,581.0,124.0,1.0
196321,10582114,-74.124504855,4.60495738600002,CL 26  S- KR 51 d  02,2022,Octubre,1,sábado,3,30,Puente Aranda,Atropello,,,Con Heridos,0,0,0,0,0,0,1,0,0,1,0,0,0,0,0,0,0,0,0,0,0,1,1000692.0,0.003935626856745628,436.8545810987647,KR36,CL19;AV.AMERICAS,4.6023978,-74.12749445,1.0,39.47982526862903,36.066975806209676,371.0,124.0,1.0
196322,10582121,-74.031,4.766,KR 9  - CL 189   02,2022,Octubre,2,domingo,0,45,Usaquén,Choque,Objeto Fijo,Poste,Solo Daños,0,0,0,0,0,0,0,0,0,0,0,0,0,0,0,0,0,0,0,0,0,0,1000088.0,0.005910052186106576,656.0157926578299,KR19,CL159;CL152,4.7601672,-74.03195245,0.0,29.565698924596774,24.666618279354836,393.0,124.0,0.0
196323,10582130,-74.087,4.604,KR 19  - CL 9 BIS  02,2022,Octubre,1,sábado,14,55,Los Mártires,Choque,Vehículo,,Solo Daños,0,0,0,0,0,0,0,0,0,0,0,0,0,0,0,0,0,0,0,0,1,0,1000275.0,0.0029066774339382793,322.641195167149,CL63,AV.CARACAS;KR7,4.60408095,-74.08990555,1.0,10.316166666500001,10.239112703083332,782.0,120.0,1.0
196324,10582131,-74.08,4.591,CL 6  - KR 7   02,2022,Octubre,1,sábado,14,40,Santa Fe,Choque,Vehículo,,Solo Daños,0,0,0,0,0,0,0,0,0,0,0,0,0,0,0,0,0,0,0,0,0,0,1001961.0,0.0022987615796441294,255.16253534049838,CL22,KR1;KR3,4.5900896,-74.08211080000001,1.0,11.165468750312499,10.948567501979168,423.0,96.0,1.0
196634,10582133,-74.115,4.58,CL 32  S- KR 21 B  02,2022,Octubre,2,domingo,10,5,Rafael Uribe Uribe,Choque,Vehículo,,Con Heridos,0,0,0,0,0,1,0,0,0,1,0,0,0,0,0,0,0,0,0,0,0,1,1001976.0,0.00505561333420627,561.173080096896,NQS,KR24;CL100,4.57921725,-74.11999465,0.0,40.21413793112069,39.61390416741379,544.0,116.0,0.0
196636,10582136,-74.158,4.638,KR 83  - CL 1  S 02,2022,Octubre,2,domingo,8,10,Kennedy,Choque,Vehículo,,Con Heridos,0,0,0,0,0,1,0,0,0,0,0,0,0,0,0,0,0,0,0,0,0,0,1001031.0,0.015769063799176464,1750.3660817085874,KR72,CL43AS;KR69B,4.623493,-74.15181855,0.0,22.985647383223142,23.070443445619837,2025.0,121.0,0.0
196637,10582137,-74.064,4.639,KR 9  - CL 52   02,2022,Octubre,1,sábado,11,15,Chapinero,Choque,Vehículo,,Solo Daños,0,0,0,0,1,1,0,0,0,0,0,0,0,0,0,0,0,0,0,0,0,0,1000941.0,0.0016775605898152763,186.20922546949566,CL24,KR10;KR5,4.6406639,-74.06421365,1.0,10.498189654827586,9.842724958793102,390.0,116.0,1.0
196638,10582260,-74.125,4.623,KR 68  - CL 1   02,2022,Octubre,4,martes,11,40,Puente Aranda,Atropello,,,Con Heridos,0,0,0,0,0,1,1,0,0,0,0,0,0,0,0,0,0,0,0,0,0,0,1001711.0,0.007238008306844494,803.4189220597389,CL169B;CL170,KR58;KR20,4.6240064,-74.1178323,0.0,23.836773504615387,23.64874831982906,659.0,117.0,0.0
196639,10582261,-74.092,4.68,KR 69 I  - CL 70   02,2022,Octubre,4,martes,19,0,Engativá,Choque,Vehículo,,Con Heridos,0,0,0,0,0,1,0,0,0,0,0,0,0,0,0,0,0,0,0,0,0,0,1000657.0,0.0039880143495810505,442.6695928034966,AV.CIRCUNVALAR,CL72;CL69,4.6768595,-74.09445794999999,1.0,19.320262096935483,19.222299903790326,971.0,124.0,1.0
196640,10582610,-74.185,4.633,KR 89 B  - CL 54  S 02,2022,Octubre,13,jueves,8,20,Bosa,Choque,Vehículo,,Con Heridos,1,0,0,0,0,1,0,0,0,0,0,0,0,0,0,0,0,0,0,0,0,0,1000981.0,0.018604989562212636,2065.1538414056026,DIAG16,KR90;KR97,4.6495069,-74.176417,0.0,33.48696969694215,32.92265767280992,1732.0,121.0,0.0
196641,10582611,-74.095,4.749,KR 104  - CL 150 A  02,2022,Octubre,12,miércoles,22,40,Suba,Choque,Vehículo,,Con Heridos,0,0,0,0,0,1,0,0,0,0,0,0,0,0,0,0,0,0,0,0,0,0,1001707.0,0.006497323363508587,721.2028933494531,AV.SUBA,CL136;CL127,4.7425033,-74.09491,0.0,46.36958333330645,46.18955845596774,653.0,124.0,0.0
196642,10582615,-74.078,4.657,KR 30 A  - CL 64 A  02,2022,Octubre,12,miércoles,12,10,Barrios Unidos,Choque,Vehículo,,Solo Daños,0,0,0,0,0,0,0,0,0,0,0,0,0,0,0,0,0,0,0,0,0,0,1000095.0,0.0027224010964540285,302.1865217063972,KR7,CL153;CL162,4.6587847,-74.0800558,1.0,36.51868644059322,36.363431669237286,3005.0,118.0,1.0
196643,10582616,-74.129,4.625,KR 69 B  - CL 3 A  02,2022,Octubre,12,miércoles,21,30,Kennedy,Volcamiento,,,Con Heridos,0,0,0,0,0,1,0,0,0,0,0,0,0,0,0,0,0,0,0,0,0,0,1002293.0,0.0037895454018297583,420.6395396031032,CL53,KR72;CL63,4.62701775,-74.13220770000001,1.0,13.77454301080645,12.375048386854838,393.0,124.0,1.0
196644,10582622,-74.085,4.597,CL 6  - KR 14   02,2022,Octubre,12,miércoles,20,20,Santa Fe,Choque,Vehículo,,Solo Daños,0,0,1,0,0,1,0,0,0,1,0,0,0,0,0,0,0,0,0,0,0,1,1000219.0,0.0022379528368571358,248.41276489114207,CL34,KR7;KR5,4.5992053,-74.08538089999999,1.0,23.524005376774195,23.346471134112903,511.0,124.0,1.0
196645,10582624,-74.157,4.667,CL 13  - KR 100   02,2022,Octubre,12,miércoles,12,22,Fontibón,Choque,Vehículo,,Con Heridos,0,0,0,0,0,1,0,0,0,0,1,0,0,0,0,0,0,0,0,0,0,0,1000709.0,0.004151906321490394,460.8616016854337,TV86,KR91;CL90,4.668118,-74.15300145,1.0,26.31593220305085,26.150763311694917,1658.0,118.0,1.0
196646,10582625,-74.146,4.675,CL 18  - KR 103 A  02,2022,Octubre,13,jueves,20,0,Fontibón,Choque,Vehículo,,Con Heridos,1,0,0,0,0,0,0,0,0,0,1,0,1,0,1,0,0,0,0,0,0,0,1001344.0,0.0029184545794817096,323.9484583224698,DIAG16,KR97;KR90,4.6757841,-74.14318885,1.0,36.35380376314516,36.194562436370965,1304.0,124.0,1.0
196647,10582628,-74.158,4.695,KR 128  - CL 22 B  02,2022,Octubre,12,miércoles,17,5,Fontibón,Choque,Vehículo,,Con Heridos,1,0,0,0,0,0,0,0,0,0,0,0,0,0,0,0,0,0,0,0,0,0,1000982.0,0.016254823798261483,1804.2854416070245,DIAG16,KR123;KR106,4.67875865,-74.15733829999999,0.0,23.245537634274193,23.26289437451613,1812.0,124.0,0.0
196648,10582637,-74.103,4.627,AV AVENIDA DE LAS AMERICAS - KR 46   02,2022,Octubre,14,viernes,5,38,Puente Aranda,Choque,Vehículo,,Solo Daños,0,0,1,0,0,0,0,0,0,1,0,0,0,0,0,0,0,0,0,0,0,1,1001934.0,0.0009696591617787482,107.63216695744104,TV80A,AV.AMERICAS;KR80,4.6273108,-74.1039185,1.0,14.806202957258064,13.747579301209678,397.0,124.0,1.0
196649,10582644,-74.098,4.625,CL 17 A  - KR 42   02,2022,Octubre,13,jueves,20,0,Puente Aranda,Choque,Vehículo,,Con Heridos,0,0,0,0,0,1,0,0,0,0,0,0,0,0,0,0,0,0,0,0,0,0,1000753.0,0.0021618877266173786,239.96953765452903,AV.P.MAYO,KR27;NQS,4.62699295,-74.0971622,1.0,21.166424731129034,21.11290937201613,1480.0,124.0,1.0
196650,10582646,-74.077,4.59,CL 6  - KR 5   02,2022,Octubre,13,jueves,6,26,Santa Fe,Choque,Vehículo,,Con Heridos,0,1,0,0,1,0,0,0,0,0,0,0,0,0,0,0,0,0,0,0,0,0,1000258.0,0.005026369330839904,557.9269957232294,CL32,KR7;AV.CARACAS,4.595026300000001,-74.0769736,0.0,13.65148521532258,12.272788978548386,384.0,124.0,0.0
196651,10582649,-74.159,4.635,DG 34 A  - TV 81 G  02,2022,Octubre,12,miércoles,5,10,Kennedy,Atropello,,,Con Heridos,0,0,0,0,0,0,1,0,0,0,0,0,0,0,0,0,0,0,0,0,0,0,1001031.0,0.013564080252732315,1505.612908053287,KR72,CL43AS;KR69B,4.623493,-74.15181855,0.0,27.84563172032258,27.76772581379032,2710.0,124.0,0.0
196652,10582652,-74.152,4.624,TV 78 K  - DG 36  S 02,2022,Octubre,12,miércoles,23,40,Kennedy,Atropello,,,Con Heridos,0,0,0,0,0,1,1,0,0,0,0,0,0,0,0,0,0,0,0,0,0,0,1001031.0,0.000538491506432199,59.77255721397409,KR72,CL43AS;KR69B,4.623493,-74.15181855,1.0,37.88254032298387,37.8209516408871,1315.0,124.0,1.0
196653,10582653,-74.028,4.722,KR 7 B  - CL 146   02,2022,Octubre,12,miércoles,20,38,Usaquén,Choque,Vehículo,,Con Heridos,1,0,0,0,0,0,0,1,0,0,0,0,0,0,0,0,0,0,0,0,0,0,1000051.0,0.006247332012945954,693.4538534370008,CL116,KR15;KR11,4.7180052,-74.0328032,0.0,17.365336020967742,15.861192587903227,397.0,124.0,0.0
196654,10582661,-74.125,4.728,CL 80  - KR 120   02,2022,Octubre,12,miércoles,13,40,Engativá,Choque,Vehículo,,Solo Daños,0,1,0,0,0,0,0,0,0,0,0,0,0,0,0,0,0,0,0,0,0,0,1000720.0,0.017400246117369567,1931.4273190280219,KR86,CL13C;CL19A,4.71067115,-74.12657465000001,0.0,21.330000000166667,21.286397746916666,1195.0,120.0,0.0
196655,10582665,-74.114,4.597,AU SUR - AV AVENIDA PRIMERO DE MAYO  02,2022,Octubre,13,jueves,13,30,Antonio Nariño,Caida de ocupante,,,Con Heridos,0,0,0,0,0,0,0,0,0,0,1,0,1,0,0,1,0,0,0,0,0,0,1000287.0,0.002354369942257129,261.3350635905413,AV.CARACAS,CL19;CL24,4.5992140500000005,-74.11480065,1.0,14.671277778,14.715013895416666,1287.0,120.0,1.0
196960,10582051,-74.113,4.603,CL 9  S- KR 38   02,2022,Octubre,1,sábado,17,55,Puente Aranda,Choque,Vehículo,,Con Heridos,0,0,0,0,0,1,0,0,0,0,0,0,0,0,0,0,0,0,0,0,0,0,1001004.0,0.004067661441166102,451.51041996943735,CL24,KR54;KR50,4.6041864,-74.1091092,1.0,30.515241935564518,30.81529080814516,737.0,124.0,1.0
196961,10582053,-74.114793646,4.70254541600002,CL 72  - KR 97 A  02,2022,Octubre,1,sábado,2,22,Engativá,Atropello,,,Con Heridos,0,0,0,0,0,1,1,1,0,0,0,0,0,0,0,0,0,0,0,0,0,0,1000722.0,0.005056652369708329,561.2884130376245,KR86,CL10;CL13C,4.6984233,-74.11772245,0.0,66.00473118282258,65.85210883854839,722.0,124.0,0.0
196962,10582668,-74.106,4.627,AV AVENIDA DE LAS AMERICAS - CL 13   02,2022,Octubre,13,jueves,15,45,Puente Aranda,Choque,Vehículo,,Con Heridos,1,1,0,0,1,0,0,0,0,0,0,0,0,0,0,0,0,0,0,0,0,0,1001934.0,0.0021045757030699547,233.60790304076497,TV80A,AV.AMERICAS;KR80,4.6273108,-74.1039185,1.0,15.876209677580643,14.459619623951612,381.0,124.0,1.0
196963,10582675,-74.16263472,4.63996627400002,CL 33  S- KR 87 H  02,2022,Octubre,14,viernes,22,28,Kennedy,Choque,Vehículo,,Con Heridos,1,0,0,0,0,0,0,0,0,0,0,0,0,0,0,0,0,0,0,0,0,0,1001033.0,0.016495167599712746,1830.9636035681149,CL72,KR76;KR70,4.6540506,-74.15404855,0.0,31.152728494274196,30.90066893564516,534.0,124.0,0.0
196964,10582676,-74.101593915,4.69262474800001,CL 72  - KR 80   02,2022,Octubre,14,viernes,17,45,Engativá,Choque,Vehículo,,Con Heridos,1,0,0,0,0,1,0,1,0,0,0,0,0,0,0,0,0,0,0,0,0,0,1000748.0,0.0025107189286028195,278.68980107491296,KR68,CL3;CL13,4.692486049999999,-74.1041008,1.0,18.471607143035715,18.522412824107143,392.0,56.0,1.0
196965,10582684,-74.081,4.595,KR 10  - CL 6   02,2022,Octubre,14,viernes,5,54,Candelaria,Choque,Vehículo,,Con Heridos,0,0,0,0,0,1,0,1,0,0,0,0,0,0,0,0,0,0,0,0,0,0,1000258.0,0.004026485893431913,446.93993417094237,CL32,KR7;AV.CARACAS,4.595026300000001,-74.0769736,1.0,18.996357527419356,16.445354167016127,389.0,124.0,1.0
196966,10582695,-74.125,4.569,AV AVENIDA CARACAS - CL 48  S 02,2022,Octubre,13,jueves,11,40,Rafael Uribe Uribe,Choque,Vehículo,,Con Heridos,1,0,0,0,0,0,0,0,0,0,1,0,1,1,0,0,0,1,0,0,0,0,1000325.0,0.01080674636536041,1199.5488465550054,AV.CARACAS,AV.PRIMERO_MAYO;CL11SUR,4.57490245,-74.11594754999999,0.0,19.683642241293104,19.3571623562069,344.0,116.0,0.0
196967,10582701,-74.064,4.637,KR 9  - CL 50   02,2022,Octubre,14,viernes,8,13,Chapinero,Choque,Vehículo,,Con Heridos,0,0,0,0,0,0,0,0,0,0,0,0,0,0,0,0,0,0,0,0,0,0,1000007.0,0.003461927631028105,384.2739670441196,KR7,CL121;CL116,4.635579,-74.06084315,1.0,18.364958677685948,18.312733059752066,6582.0,121.0,1.0
196968,10582707,-74.054,4.714,KR 45 A  - CL 128 B  02,2022,Octubre,13,jueves,16,55,Suba,Atropello,,,Con Heridos,0,0,0,0,0,0,1,0,0,0,0,0,0,0,0,0,0,0,0,0,0,0,1001952.0,0.005077154721152058,563.5641740478784,KR15,CL106;CL100,4.71847495,-74.0516016,0.0,14.197083333548388,13.94278726798387,486.0,124.0,0.0
196969,10582708,-74.095,4.605,AV AVENIDA PRIMERO DE MAYO - CL 27   02,2022,Octubre,12,miércoles,6,35,Antonio Nariño,Choque,Vehículo,,Solo Daños,0,0,0,0,0,1,0,0,0,0,0,0,0,0,0,0,0,0,0,0,0,0,1000058.0,0.0021978248451593307,243.9585578126857,KR11,CL100;CL106,4.6028211,-74.0952878,1.0,32.013837365403226,29.451924608790325,416.0,124.0,1.0
196970,10582709,-74.046,4.753,CL 172  - KR 45   02,2022,Octubre,15,sábado,0,40,Usaquén,Choque,Vehículo,,Con Heridos,0,0,0,0,0,1,0,0,0,0,0,0,0,0,0,0,0,0,0,0,0,0,1000222.0,0.0076547648966166166,849.6789035244444,CL147,KR19;KR15,4.7597534,-74.04960375,0.0,20.93897849483871,18.96066676282258,438.0,124.0,0.0
196971,10582720,-74.127,4.649,AV AVENIDA BOYACA - CL 17   02,2022,Octubre,13,jueves,8,20,Fontibón,Choque,Vehículo,,Solo Daños,0,1,0,0,0,0,0,0,0,0,0,0,0,0,0,0,0,0,0,0,0,0,1000775.0,0.0014441365595061395,160.29915810518148,CL17,KR128;KR123,4.65006275,-74.1260222,1.0,12.613209365950414,12.484492413305786,1961.0,121.0,1.0
196972,10582722,-74.093,4.744,AV AVENIDA TRANSVERSAL DE SUBA - AC 102 A  02,2022,Octubre,15,sábado,3,0,Suba,Choque,Vehículo,,Solo Daños,0,0,0,0,0,0,0,0,0,1,0,0,0,0,0,0,0,0,0,0,0,1,1001707.0,0.0024265635969371777,269.3485592600267,AV.SUBA,CL136;CL127,4.7425033,-74.09491,1.0,61.9724059142742,59.42430722008064,537.0,124.0,1.0
196973,10582725,-74.139,4.623,AV AVENIDA BOYACA - CL 1   02,2022,Octubre,15,sábado,3,29,Kennedy,Choque,Vehículo,,Solo Daños,0,0,0,0,0,0,0,0,0,0,0,0,0,0,0,0,0,0,0,0,0,0,1000942.0,0.0029034011542438914,322.27752812107195,TV39,CL6;CL13,4.62102935,-74.1368678,1.0,29.121597796363638,19.37391873280992,355.0,121.0,1.0
196974,10582730,-74.193,4.602,KR 77 S  - CL 70 A BIS S 02,2022,Octubre,15,sábado,18,30,Bosa,Choque,Vehículo,,Solo Daños,0,0,1,0,0,0,0,0,0,0,0,0,0,0,0,0,0,0,0,0,0,0,1002290.0,0.013774681723360629,1528.9896712930297,AV.CL59SUR,CL59SUR;KR78C,4.6025243,-74.1792353,0.0,29.917970430241933,29.470852342500002,428.0,124.0,0.0
196975,10582746,-74.042,4.779,AU NORTE - CL 201   02,2022,Octubre,15,sábado,7,50,Usaquén,Choque,Vehículo,,Con Heridos,0,0,0,0,0,1,0,0,0,0,0,0,0,0,0,0,0,0,0,0,0,0,1000222.0,0.020694168879723352,2297.052745649292,CL147,KR19;KR15,4.7597534,-74.04960375,0.0,17.007311827903226,16.19042746548387,528.0,124.0,0.0
196976,10582794,-74.121,4.722,CL 80  - KR 114   02,2022,Octubre,15,sábado,13,50,Engativá,Choque,Vehículo,,Con Heridos,0,1,0,0,0,1,0,0,0,0,0,0,0,0,0,0,0,0,0,0,0,0,1000720.0,0.012626146084422397,1401.502215370886,KR86,CL13C;CL19A,4.71067115,-74.12657465000001,0.0,21.330000000166667,21.286397746916666,1195.0,120.0,0.0
196977,10582811,-74.181,4.622,KR 86  - CL 55  S 02,2022,Octubre,14,viernes,15,55,Bosa,Choque,Vehículo,,Con Heridos,0,0,0,0,0,0,0,1,0,0,0,0,0,0,0,0,0,0,0,0,0,0,1002290.0,0.019555486610667284,2170.6590137840685,AV.CL59SUR,CL59SUR;KR78C,4.6025243,-74.1792353,0.0,31.882137097016127,31.321057443790323,461.0,124.0,0.0
197269,10582067,-74.121,4.603,AV AVENIDA PRIMERO DE MAYO - KR 50   02,2022,Octubre,1,sábado,19,0,Puente Aranda,Choque,Vehículo,,Con Muertos,1,1,0,0,0,0,0,0,0,0,0,0,0,0,0,0,0,0,0,0,0,0,1000957.0,0.0016479871662071143,182.9265754489897,AV.P.MAYO,DIAG19SUR;AV.CARACAS,4.6016787,-74.1200151,1.0,7.6423924727419354,7.517018319596774,914.0,124.0,1.0
197270,10582068,-74.079,4.65,KR 30  - CL 60   02,2022,Octubre,1,sábado,17,45,Teusaquillo,Choque,Vehículo,,Con Heridos,0,0,0,0,0,0,0,0,0,0,0,0,0,0,0,0,0,0,0,0,0,0,1000305.0,0.0009032191677490365,100.25732762014304,KR10,CL19;CL13,4.65015075,-74.07810945,1.0,38.54623655935484,38.53034972330645,686.0,124.0,1.0
197271,10582078,-74.115,4.629,AV AVENIDA DE LAS AMERICAS - KR 60   02,2022,Octubre,1,sábado,6,34,Puente Aranda,Choque,Objeto Fijo,Poste,Solo Daños,0,0,0,0,0,0,0,0,0,0,0,0,0,0,0,0,0,0,0,0,0,0,1000988.0,0.000874139709954297,97.02950780492696,CL80,KR76;KR71,4.628879899999999,-74.11586585,1.0,28.552970430241935,28.299747983951615,1024.0,124.0,1.0
197272,10582093,-74.099857307,4.69120868700003,CL 72  - KR 77 a  02,2022,Octubre,1,sábado,12,5,Engativá,Atropello,,,Con Heridos,0,0,0,0,0,0,1,1,0,0,0,0,0,0,0,0,0,0,0,0,0,0,1000748.0,0.004431578621075744,491.9052269394076,KR68,CL3;CL13,4.692486049999999,-74.1041008,1.0,21.181194444166668,20.936165709833332,461.0,60.0,1.0
197273,10582096,-74.093,4.682,CL 70  - KR 70   02,2022,Octubre,2,domingo,7,38,Engativá,Choque,Vehículo,,Con Heridos,0,0,0,0,0,0,0,0,0,0,0,0,0,0,0,0,0,0,0,0,0,0,1001343.0,0.0020876955489227632,231.73420593042673,AV.AMERICAS,KR86;KR80G,4.68404705,-74.09259005000001,1.0,11.049354838387098,10.998420597580646,1482.0,124.0,1.0
197274,10582100,-74.113,4.669,CL 26  - TV 94   02,2022,Octubre,1,sábado,9,20,Fontibón,Choque,Vehículo,,Con Heridos,0,0,0,0,1,0,0,0,0,1,0,0,0,0,0,0,0,0,0,0,0,1,1000651.0,0.0035199478291589644,390.71420903664506,KR72,CL153;CL163,4.669980600000001,-74.1163806,1.0,36.64801388908334,36.599357872750005,3830.0,120.0,1.0
197275,10582101,-74.031,4.812,KR 7  - CL 235   02,2022,Octubre,1,sábado,10,56,Usaquén,Choque,Vehículo,,Con Heridos,0,0,0,0,1,0,0,1,0,0,0,0,0,0,0,0,0,0,0,0,0,0,1000088.0,0.051841550100692,5754.412061176811,KR19,CL159;CL152,4.7601672,-74.03195245,0.0,24.607930556083332,24.330902784,493.0,120.0,0.0
197276,10582111,-74.056,4.757,CL 74  - KR 57   02,2022,Octubre,1,sábado,8,50,Suba,Choque,Vehículo,,Con Heridos,0,0,0,0,1,0,0,0,0,0,0,0,0,0,0,0,0,0,0,0,0,0,1000222.0,0.006963707749642631,772.9715602103321,CL147,KR19;KR15,4.7597534,-74.04960375,0.0,16.00422865,15.438598997355372,507.0,121.0,0.0
197279,10582300,-74.03403637237,4.73189487646,KR 12 C  - CL 153   02,2022,Octubre,5,miércoles,23,21,Usaquén,Choque,Vehículo,,Solo Daños,0,0,0,0,0,0,0,0,0,0,0,0,0,0,0,0,0,0,0,0,0,0,1000081.0,0.007414207471250562,822.9770293088123,KR19,CL116;CL127,4.7391552,-74.03253365,0.0,19.620658602741937,17.548737327661293,397.0,124.0,0.0
197280,10582302,-74.1622346766,4.63513873784,KR 86  - CL 46  S 36,2022,Octubre,3,lunes,5,24,Kennedy,Choque,Vehículo,,Solo Daños,0,0,0,0,0,0,0,0,0,1,1,0,1,0,0,1,0,0,0,0,0,1,1001031.0,0.015624304886460617,1734.2978423971285,KR72,CL43AS;KR69B,4.623493,-74.15181855,0.0,27.84563172032258,27.76772581379032,2710.0,124.0,0.0
197281,10582545,-74.125,4.621,KR 68  - CL 1   02,2022,Octubre,11,martes,10,30,Puente Aranda,Atropello,,,Con Muertos,0,0,0,0,0,1,1,0,0,0,0,0,0,0,0,0,0,0,0,0,0,0,1001711.0,0.007772667769173406,862.766122378248,CL169B;CL170,KR58;KR20,4.6240064,-74.1178323,0.0,24.636597222499997,24.442319934833332,689.0,120.0,0.0
197282,10582548,-74.136342346,4.672313798,CL 22  - KR 96 c  02,2022,Octubre,10,lunes,16,57,Fontibón,Choque,Vehículo,,Con Heridos,0,0,0,0,0,0,0,0,0,0,1,0,1,0,0,1,0,0,0,0,0,0,1000237.0,0.007180960469280002,797.0866120900803,CL134,KR53;KR58,4.6700811,-74.1295173,0.0,15.669596774354838,15.596146016693547,1176.0,124.0,0.0
197617,10582527,-74.147,4.691,CL 24  - KR 117 A  02,2022,Octubre,11,martes,7,43,Fontibón,Choque,Vehículo,,Con Heridos,0,0,0,0,0,1,0,1,0,0,1,0,1,0,0,1,0,0,0,0,0,0,1001344.0,0.015685932459771512,1741.1385030346378,DIAG16,KR97;KR90,4.6757841,-74.14318885,0.0,30.937473117983874,30.753760943790322,1457.0,124.0,0.0
197618,10582543,-74.089,4.643,KR 50  - CL 44 C  02,2022,Octubre,10,lunes,22,40,Teusaquillo,Choque,Vehículo,,Con Heridos,1,0,1,0,0,0,0,0,0,0,0,0,0,0,0,0,0,0,0,0,0,0,1001253.0,0.0006082360890323144,67.5142058825869,CL19,KR27;KR36,4.6434915,-74.0893583,1.0,33.57123655895161,32.496703235322585,485.0,124.0,1.0
197619,10582558,-74.091,4.653,KR 60  - CL 57   02,2022,Octubre,11,martes,10,30,Teusaquillo,Choque,Vehículo,,Con Heridos,1,0,0,0,0,0,0,0,0,0,0,0,0,0,0,0,0,0,0,0,0,0,1000663.0,0.004173499299148441,463.25842220547696,KR10,CL11S;AV.P.MAYO,4.6566794,-74.09296979999999,1.0,20.110166666999998,19.90707901925,588.0,120.0,1.0
197620,10582560,-74.091429885,4.61420824200002,KR 30  - CL 13   02,2022,Octubre,12,miércoles,13,48,Los Mártires,Choque,Vehículo,,Con Muertos,0,1,0,0,0,1,0,0,0,1,0,0,0,0,0,0,0,0,0,0,0,1,1000034.0,0.0022597769889605044,250.835245774616,CARACAS,CL80;CL72,4.613794,-74.08920839999999,1.0,8.839097222,8.708194444250001,360.0,120.0,1.0
197621,10582566,-74.140992419,4.67684462,CL 22  - KR 100   02,2022,Octubre,10,lunes,16,0,Fontibón,Atropello,,,Con Heridos,0,0,0,0,0,0,1,1,0,0,1,0,1,0,0,1,0,0,0,0,0,0,1001344.0,0.002439059615541701,270.73561732512877,DIAG16,KR97;KR90,4.6757841,-74.14318885,1.0,24.100443548145158,23.822075910241935,1702.0,124.0,1.0
197622,10582585,-74.1,4.749,CL 145  - KR 111   02,2022,Octubre,11,martes,16,31,Suba,Atropello,,,Con Heridos,0,0,0,0,0,1,1,1,0,0,0,0,0,0,0,0,0,0,0,0,0,0,1001707.0,0.008253193981117232,916.1045319040127,AV.SUBA,CL136;CL127,4.7425033,-74.09491,0.0,33.50306451604839,33.513044550483876,837.0,124.0,0.0
197623,10582586,-74.109,4.675,CL 53  - KR 74 A  02,2022,Octubre,11,martes,17,20,Barrios Unidos,Choque,Vehículo,,Con Heridos,0,0,0,0,0,1,0,0,0,0,0,0,0,0,0,0,0,0,0,0,0,0,1000228.0,0.00302737286271882,336.038387761789,KR72,CL169;CL170,4.6733282,-74.10647610000001,1.0,34.26041666620968,34.23215171241936,1027.0,124.0,1.0
197624,10582587,-74.182,4.613,CL 58 K  S- KR 81   02,2022,Octubre,12,miércoles,18,0,Bosa,Choque,Vehículo,,Con Heridos,1,0,0,0,0,1,0,0,0,0,0,0,0,0,0,0,0,0,0,0,0,0,1002290.0,0.010834383073346375,1202.6165211414477,AV.CL59SUR,CL59SUR;KR78C,4.6025243,-74.1792353,0.0,29.917970430241933,29.470852342500002,428.0,124.0,0.0
197625,10582589,-74.151,4.558,CL 69  - KR 18 Z  02,2022,Octubre,11,martes,16,30,Ciudad Bolívar,Otro,,,Con Heridos,0,0,0,0,1,0,0,0,0,0,1,0,1,0,0,1,0,0,0,0,0,0,1002271.0,0.03477805325779506,3860.3639116152517,KR72,KR1;KR4AE,4.582431,-74.12624845,0.0,19.231586021290322,19.064266759112904,559.0,124.0,0.0
197930,10582594,-74.052,4.726,CL 144  - KR 46   02,2022,Octubre,11,martes,11,6,Suba,Choque,Vehículo,,Con Heridos,1,0,0,0,0,0,0,1,0,0,0,0,0,0,0,0,0,0,0,0,0,0,1002024.0,0.005109383904151448,567.1416133608107,AUTONORTE,TOBERIN;SANTA.FE,4.7209002,-74.0516872,0.0,41.48110398888889,41.376326039145304,847.0,117.0,0.0
197931,10582595,-74.132,4.655,CL 17  - KR 80   02,2022,Octubre,11,martes,15,0,Fontibón,Choque,Vehículo,,Con Heridos,1,0,0,0,0,0,0,0,0,0,1,0,1,0,0,1,0,0,0,0,0,0,1000650.0,0.007424347109510866,824.1025291557062,KR72,CL127;CL134,4.6623088,-74.13330475000001,0.0,24.47189701918699,24.35735389569106,1712.0,123.0,0.0
197932,10582597,-74.098,4.617,KR 36  - CL 12   02,2022,Octubre,12,miércoles,6,20,Puente Aranda,Choque,Vehículo,,Con Heridos,0,0,0,0,0,1,0,0,0,0,0,0,0,0,0,0,0,0,0,0,0,0,1000278.0,0.002422839208971345,268.9351521958193,CL53,KR7;AV.CARACAS,4.61582185,-74.09588289999999,1.0,12.773998656048386,12.26021687782258,433.0,124.0,1.0
197933,10582598,-74.183,4.613,CL 59  S- KR 81 A  02,2022,Octubre,11,martes,19,0,Bosa,Choque,Vehículo,,Con Heridos,0,0,0,0,1,1,0,1,0,0,0,0,0,0,0,0,0,0,0,0,0,0,1002290.0,0.01113163314972474,1235.6112796194461,AV.CL59SUR,CL59SUR;KR78C,4.6025243,-74.1792353,0.0,33.26977150516129,31.811696177096774,449.0,124.0,0.0
197935,10582608,-74.201,4.612,KR 81 F  - CL 75  S 02,2022,Octubre,11,martes,8,59,Bosa,Choque,Vehículo,,Con Heridos,0,0,0,0,0,1,0,0,0,0,0,0,0,0,0,0,0,0,0,0,0,0,1002290.0,0.023737966563706178,2634.914288571386,AV.CL59SUR,CL59SUR;KR78C,4.6025243,-74.1792353,0.0,27.3354545453719,27.02725954338843,482.0,121.0,0.0
197952,10583659,-74.17840508406,4.61978934712,CL 54 B  - KR 81 I  S 02,2022,Octubre,28,viernes,13,0,Kennedy,Atropello,,,Con Heridos,0,0,0,0,1,0,1,0,0,0,0,0,0,0,0,0,0,0,0,0,0,0,1002290.0,0.017284996689697785,1918.634632556454,AV.CL59SUR,CL59SUR;KR78C,4.6025243,-74.1792353,0.0,32.163736110583336,31.624106844999996,485.0,120.0,0.0
197955,10583669,-74.07780078833,4.59188285997,KR 6  - CL 6 B  02,2022,Octubre,3,lunes,19,10,Candelaria,Atropello,,,Con Heridos,0,0,0,1,0,1,1,0,0,0,0,0,0,0,0,0,0,0,0,0,0,0,1000258.0,0.003250454699805225,360.80047167837995,CL32,KR7;AV.CARACAS,4.595026300000001,-74.0769736,1.0,11.321592741854838,10.329336021451613,395.0,124.0,1.0
197965,10583686,-74.12340907042,4.65241057895,CL 19 A  - KR 72   02,2022,Octubre,2,domingo,17,24,Fontibón,Choque,Vehículo,,Con Heridos,0,0,0,0,0,1,0,0,0,1,0,0,0,0,0,0,0,0,0,0,0,1,1000775.0,0.0035129399340608474,389.93633268075405,CL17,KR128;KR123,4.65006275,-74.1260222,1.0,11.128884408790324,10.734113981612904,1772.0,124.0,1.0
198614,10583784,-74.10793540661,4.56478006556,KR 10  - CL 39  S 02,2022,Octubre,27,jueves,20,2,Rafael Uribe Uribe,Choque,Vehículo,,Solo Daños,0,0,0,0,0,0,0,0,0,0,1,0,1,0,0,1,0,0,0,0,0,0,1000325.0,0.012909574294023712,1432.962746636632,AV.CARACAS,AV.PRIMERO_MAYO;CL11SUR,4.57490245,-74.11594754999999,0.0,22.690833332903228,22.45547042967742,370.0,124.0,0.0
216556,10582872,-74.154484981,4.62259552299997,KR 78 K  - CL 38 C  S 02,2022,Octubre,18,martes,14,16,Kennedy,Caida de ocupante,,,Con Heridos,0,0,0,0,0,0,0,1,0,0,1,0,1,0,0,1,0,0,0,0,0,0,1001031.0,0.0028134177157531732,312.2893664486022,KR72,CL43AS;KR69B,4.623493,-74.15181855,1.0,20.778277778,20.927325968916666,2154.0,120.0,1.0
216586,10583025,-74.164,4.594,KR 71  - CL 60  S 02,2022,Octubre,21,viernes,15,35,Ciudad Bolívar,Choque,Vehículo,,Con Heridos,0,0,0,0,0,1,0,0,0,0,1,0,0,0,0,0,0,0,0,0,1,0,1001946.0,0.002147863098524689,238.4128039362405,"AV.P.MAYO,CL26SUR",KR72;KR78K,4.5960945,-74.1644758,1.0,13.884972899674798,13.721040714796748,470.0,123.0,1.0
216587,10583034,-74.094,4.587,KR 14 A  - CL 10  S 02,2022,Octubre,23,domingo,11,15,Antonio Nariño,Choque,Vehículo,,Con Heridos,0,0,0,0,0,1,0,0,0,0,0,1,0,0,0,0,0,0,0,0,0,0,1000250.0,0.0030702634186652897,340.79923947184716,AV.CARACAS,CL32;CL34,4.5900511,-74.0936575,1.0,21.706837606666667,21.48275935136752,759.0,117.0,1.0
216588,10583036,-74.1,4.604,KR 30  - CL 4   02,2022,Octubre,23,domingo,0,54,Puente Aranda,Choque,Vehículo,,Con Heridos,0,0,0,0,0,1,0,0,0,0,0,0,0,0,0,0,0,0,0,0,0,0,1001948.0,0.002325400064496146,258.1194071590722,"KR50,CL13",CL5A;KR47,4.6041161,-74.0976775,1.0,19.421476964471545,12.813422763577236,372.0,123.0,1.0
216589,10583037,-74.057,4.687,AU NORTE - CL 100   02,2022,Octubre,22,sábado,22,1,Usaquén,Choque,Objeto Fijo,Otro,Con Heridos,0,0,0,0,0,0,0,0,0,0,0,0,0,0,0,0,0,0,0,0,0,0,1000036.0,0.0041526370732931,460.94271513553406,AUTONORTE,CL82;CL80,4.6830666,-74.05833145,1.0,45.45759408645161,45.2041356567742,505.0,124.0,1.0
216590,10583050,-74.115,4.641,AK 68  - CL 18   02,2022,Octubre,23,domingo,7,55,Puente Aranda,Choque,Vehículo,,Solo Daños,0,0,0,0,0,0,0,0,0,0,0,0,0,0,0,0,0,0,0,0,0,0,1000029.0,0.0052029937391750766,577.5323050484335,CL72,KR7;KR11,4.6439399,-74.11070720000001,0.0,16.9362096775,16.888485023064515,467.0,124.0,0.0
216591,10583055,-74.121,4.603,AV AVENIDA PRIMERO DE MAYO - KR 50   02,2022,Octubre,9,domingo,7,30,Puente Aranda,Volcamiento,,,Con Heridos,0,0,0,0,0,1,0,0,0,0,0,0,0,0,0,0,0,0,0,0,0,0,1000957.0,0.0016479871662071143,182.9265754489897,AV.P.MAYO,DIAG19SUR;AV.CARACAS,4.6016787,-74.1200151,1.0,9.720940859999999,9.656277669677419,912.0,124.0,1.0
216592,10583065,-74.092,4.573,KR 6  - CL 22  S 02,2022,Octubre,23,domingo,16,30,San Cristóbal,Caida de ocupante,,,Con Heridos,0,0,0,0,0,0,0,0,0,0,1,0,1,0,0,1,0,0,0,0,0,0,1000309.0,0.0026479981844767767,293.9277984769222,KR5,CL24;CL19,4.5750037500000005,-74.09373115,1.0,11.10891129032258,11.118143767741934,712.0,124.0,1.0
216593,10583066,-74.028,4.79,KR 7  - CL 215   02,2022,Octubre,23,domingo,0,32,Usaquén,Choque,Vehículo,,Con Heridos,0,0,0,0,0,1,1,0,0,0,0,0,0,0,0,0,0,0,0,0,0,0,1000088.0,0.03009348462445847,3340.37679331489,KR19,CL159;CL152,4.7601672,-74.03195245,0.0,29.565698924596774,24.666618279354836,393.0,124.0,0.0
216594,10583074,-74.086,4.616,KR 27  - CL 19  S 02,2022,Octubre,22,sábado,13,30,Antonio Nariño,Choque,Vehículo,,Solo Daños,0,0,0,0,0,0,0,0,0,0,1,0,1,0,0,1,0,0,0,0,0,0,1001991.0,0.002170434990964066,240.91828399701134,NQS,GRAL.SANTANDER;KR68;,4.6181546,-74.0857383,1.0,26.215944443916666,25.825693848666667,447.0,120.0,1.0
216596,10583285,-74.09514395182,4.55894869996,CL 26 B  S- KR 1   02,2022,Octubre,28,viernes,9,28,San Cristóbal,Choque,Vehículo,,Con Heridos,0,0,0,0,0,1,0,0,0,0,1,0,1,0,0,1,0,0,0,0,0,0,1000309.0,0.016117091572909057,1788.9971645929054,KR5,CL24;CL19,4.5750037500000005,-74.09373115,0.0,10.967986111083333,10.810191407333333,724.0,120.0,0.0
216597,10583286,-74.098764255,4.55296810900001,KR 1 D  - CL 40 A  S 02,2022,Octubre,28,viernes,20,40,San Cristóbal,Atropello,,,Con Heridos,0,0,0,0,0,0,1,0,0,0,0,0,0,0,0,0,0,0,0,0,0,0,1001959.0,0.022232403556925087,2467.7967948186847,"CL19,KR3",KR5;CL22,4.5343054,-74.1108466,0.0,11.053508064435485,10.991895033225807,513.0,124.0,0.0
216598,10583288,-74.12746725266,4.56411164,KR 13 C  - CL 53   02,2022,Octubre,28,viernes,7,5,Tunjuelito,Choque,Vehículo,,Con Heridos,0,0,0,0,0,1,0,1,0,0,0,0,0,0,0,0,0,0,0,0,1,0,1000325.0,0.015784331782851404,1752.0608278965058,AV.CARACAS,AV.PRIMERO_MAYO;CL11SUR,4.57490245,-74.11594754999999,0.0,20.58258064532258,20.58258064532258,370.0,124.0,0.0
216599,10583289,-74.10001484339,4.62127046171,CL 13  - KR 42   02,2022,Octubre,30,domingo,5,0,Puente Aranda,Choque,Objeto Fijo,Otro,Con Heridos,0,0,0,0,0,1,0,0,0,0,0,0,0,0,0,0,0,0,0,0,0,0,1000769.0,0.005110396412743339,567.2540018145106,NQS,KR67;KR62B,4.62567005,-74.1026148,0.0,21.19347446233871,21.00498262282258,396.0,124.0,0.0
216600,10583290,-74.131357681,4.58569021300002,KR 33  - CL 47 B  S 02,2022,Octubre,27,jueves,14,29,Tunjuelito,Choque,Vehículo,,Con Heridos,1,0,0,0,0,0,0,0,0,0,0,0,0,0,0,0,0,0,0,0,0,0,1002271.0,0.0060602566604704014,672.6884893122145,KR72,KR1;KR4AE,4.582431,-74.12624845,0.0,18.5390555555,18.538049705833334,555.0,120.0,0.0
216601,10583295,-74.131465763,4.64459736499998,KR 72  - CL 12   02,2022,Octubre,28,viernes,19,0,Kennedy,Atropello,,,Con Heridos,0,0,0,0,0,1,1,0,0,0,0,0,0,0,0,0,0,0,0,0,0,0,1000994.0,0.0017958922299047035,199.34403751942207,CL80,KR96;KR89A,4.645728399999999,-74.13286074999999,1.0,28.438111559435484,28.253761289758064,971.0,124.0,1.0
216602,10583296,-74.15638414805,4.64099519058,CL 6  - KR 86   02,2022,Octubre,28,viernes,3,20,Kennedy,Choque,Vehículo,,Con Heridos,1,1,0,0,0,0,0,0,0,0,0,0,0,0,0,0,0,0,0,0,0,0,1001033.0,0.013262681982727372,1472.1577000827383,CL72,KR76;KR70,4.6540506,-74.15404855,0.0,40.81422042991935,38.36649654362903,443.0,124.0,0.0
216603,10583299,-74.13667480985,4.54591703811,KR 16 Q  - CL 71  S 02,2022,Octubre,30,domingo,10,30,Ciudad Bolívar,Atropello,,,Con Heridos,0,0,0,0,0,0,1,0,0,1,0,0,0,0,0,0,0,0,0,0,0,1,1001959.0,0.02831830792355852,3143.3321795149955,"CL19,KR3",KR5;CL22,4.5343054,-74.1108466,0.0,11.714638889000001,11.58728875675,534.0,120.0,0.0
216604,10583300,-74.14282021706,4.57987829621,KR 33  - CL 56 C  S 02,2022,Octubre,27,jueves,8,0,Ciudad Bolívar,Choque,Vehículo,,Con Heridos,1,0,0,0,0,0,0,0,0,0,1,0,1,0,0,1,0,0,0,0,0,0,1000297.0,0.013688873578530622,1519.464967216899,CL1,KR21;AV.CARACAS,4.59354105,-74.14366545,0.0,21.595977962066115,21.285464127438015,750.0,121.0,0.0
216605,10583301,-74.08862081949,4.57106056176,KR 3  E- CL 19  S 02,2022,Octubre,30,domingo,10,30,San Cristóbal,Choque,Vehículo,,Con Heridos,0,0,0,0,0,1,0,0,0,0,0,0,0,0,0,0,0,0,0,0,0,0,1000308.0,0.0032165876577480382,357.0412300100322,KR5,CL27;CL24,4.57422605,-74.08804975000001,1.0,21.712208333249997,21.46311618575,692.0,120.0,1.0
216606,10583303,-74.10382894461,4.60323487407,CL 2  - KR 31 B  02,2022,Octubre,27,jueves,14,54,Puente Aranda,Choque,Vehículo,,Con Heridos,0,0,0,0,0,1,0,0,0,1,0,0,0,0,0,0,0,0,0,0,0,1,1000983.0,0.0011806674284050665,131.05408455296237,CL80,KR24;KR58,4.6020578,-74.1037369,1.0,32.17473611125,32.150534848166664,1316.0,120.0,1.0
216607,10583304,-74.0859439749,4.6109186358,KR 22  - CL 15   02,2022,Octubre,27,jueves,16,50,Los Mártires,Choque,Vehículo,,Con Heridos,0,0,0,0,1,0,0,0,0,0,1,0,1,0,0,1,0,0,0,0,0,0,1001950.0,0.0017782600964125143,197.3868707017891,"KR50,CL13",CL17;KR56,4.6126833,-74.0857245,1.0,14.776572580645162,11.996075268951612,371.0,124.0,1.0
216608,10583305,-74.14184121077,4.55237665945,CL 66  S- KR 17 M  02,2022,Octubre,30,domingo,19,0,Ciudad Bolívar,Atropello,,,Con Heridos,0,0,0,0,0,0,1,0,0,1,0,0,0,0,0,0,0,0,0,0,0,1,1002271.0,0.03385849338534591,3758.2927657733962,KR72,KR1;KR4AE,4.582431,-74.12624845,0.0,20.246505376451612,20.31695659435484,669.0,124.0,0.0
216609,10583307,-74.19502778188,4.60378343244,CL 71 A  S- TV 78 D  02,2022,Octubre,27,jueves,12,0,Bosa,Choque,Vehículo,,Con Heridos,0,0,0,0,0,1,0,1,0,0,0,0,0,0,0,0,0,0,0,0,0,0,1002290.0,0.015842597591037226,1758.5283326051322,AV.CL59SUR,CL59SUR;KR78C,4.6025243,-74.1792353,0.0,31.088474576440678,30.168115516610168,454.0,118.0,0.0
216610,10583309,-74.12005630915,4.70824973761,CL 73  - KR 105 F  02,2022,Octubre,29,sábado,17,32,Engativá,Atropello,,,Con Heridos,0,0,0,0,0,1,1,1,0,0,0,0,0,0,0,0,0,0,0,0,0,0,1000720.0,0.006953560627428262,771.8452296445371,KR86,CL13C;CL19A,4.71067115,-74.12657465000001,0.0,25.36096774185484,25.318069623225806,1139.0,124.0,0.0
216611,10583311,-74.09773058497,4.62425892964,CL 17 A  - KR 42 BIS  02,2022,Octubre,27,jueves,13,30,Puente Aranda,Choque,Vehículo,,Con Heridos,0,0,0,0,0,1,0,0,0,0,0,0,0,0,0,0,0,0,0,0,0,0,1000753.0,0.002792477180392244,309.9649670235391,AV.P.MAYO,KR27;NQS,4.62699295,-74.0971622,1.0,16.086833333333335,16.059437194916665,1370.0,120.0,1.0
216612,10583316,-74.09905461256,4.5998394484,KR 27  - CL 2   02,2022,Octubre,27,jueves,17,26,Los Mártires,Choque,Vehículo,,Con Heridos,0,0,0,0,0,1,0,0,0,0,0,0,0,0,0,0,0,0,0,0,0,0,1000264.0,0.0038946919192265326,432.3108030341451,AV.CARACAS,CL40A;CL45,4.5972931,-74.1020016,1.0,20.918548386774194,20.75177419322581,372.0,124.0,1.0
216613,10583317,-74.183666293,4.61977745199999,CL 57 B  S- KR 84 D  02,2022,Octubre,30,domingo,10,40,Usaquén,Atropello,,,Con Heridos,0,0,0,0,0,1,1,1,0,0,0,0,0,0,0,0,0,0,0,0,0,0,1002290.0,0.017813055686794015,1977.2491812341357,AV.CL59SUR,CL59SUR;KR78C,4.6025243,-74.1792353,0.0,28.864597222249998,28.510524558333334,499.0,120.0,0.0
216614,10583320,-74.11590961401,4.66157483644,KR 72  - CL 24   02,2022,Octubre,30,domingo,18,45,Fontibón,Choque,Vehículo,,Con Heridos,0,0,0,0,0,1,0,0,0,0,0,0,0,0,0,0,0,0,0,0,0,0,1001014.0,0.006542445635947652,726.2114655901894,KR72,CL138;CL153,4.66028985,-74.1094946,0.0,20.898951613387098,20.79134646,3057.0,124.0,0.0
216615,10583321,-74.09509567206,4.69838036791,CL 80  - KR 78   02,2022,Octubre,28,viernes,7,0,Engativá,Choque,Vehículo,,Con Heridos,0,0,0,0,0,1,0,0,0,0,0,0,0,0,0,0,0,0,0,0,0,0,1000963.0,0.005247808200706497,582.5067102784212,CL72,KR64;KR70,4.7019356,-74.0989557,0.0,24.904193548145162,23.6283732716129,423.0,124.0,0.0
216616,10583322,-74.14124576037,4.63818275271,CL 8  - KR 77   02,2022,Octubre,27,jueves,15,4,Kennedy,Atropello,,,Con Heridos,0,0,0,0,0,0,1,1,0,0,0,0,0,0,0,0,0,0,0,0,0,0,1001247.0,0.009756076613037824,1082.9245040471985,KR72,CL66A;CL75,4.63816495,-74.1314897,0.0,31.26545698870968,31.258786967741933,3155.0,124.0,0.0
216617,10583323,-74.09456995909,4.58574424856,CL 11  S- KR 14   02,2022,Octubre,30,domingo,2,30,Antonio Nariño,Choque,Vehículo,,Con Heridos,0,0,0,0,0,1,0,0,0,0,0,0,0,0,0,0,0,0,0,0,0,0,1000250.0,0.004402448286707403,488.67175982452176,AV.CARACAS,CL32;CL34,4.5900511,-74.0936575,1.0,39.62524193532258,37.83687908483871,483.0,124.0,1.0
216656,10582170,-74.098,4.587,TV 18  - CL 13  S 02,2022,Octubre,3,lunes,3,40,Antonio Nariño,Choque,,,Con Heridos,0,0,0,0,0,1,0,0,0,0,0,0,0,0,0,0,0,0,0,0,0,0,1000257.0,0.0030572556374160106,339.35537575317716,CL26,AV.CARACAS;KR32,4.58994465,-74.0988221,1.0,47.53098118274193,39.791881720322586,371.0,124.0,1.0
216657,10582172,-74.163,4.596,AU SUR - AV AVENIDA CIUDAD DE VILLAVICENCIO  02,2022,Octubre,2,domingo,22,34,Bosa,Choque,Vehículo,,Solo Daños,0,0,0,0,0,0,0,0,0,0,0,0,0,0,0,0,0,0,0,0,0,0,1001946.0,0.001478822467379156,164.14929387908631,"AV.P.MAYO,CL26SUR",KR72;KR78K,4.5960945,-74.1644758,1.0,17.681922043064517,17.42098540701613,460.0,124.0,1.0
216658,10582177,-74.094,4.616,CL 13  - KR 32   02,2022,Octubre,3,lunes,19,59,Puente Aranda,Caida de ocupante,,,Con Heridos,0,0,0,0,0,0,0,0,0,0,1,0,1,1,0,0,0,1,0,0,0,0,1000278.0,0.0018913090261756232,209.93530190549419,CL53,KR7;AV.CARACAS,4.61582185,-74.09588289999999,1.0,11.095739247419356,10.743189516209677,417.0,124.0,1.0
216898,10583324,-74.15191558783,4.67110788996,KR 104  - CL 16   02,2022,Octubre,28,viernes,6,10,Fontibón,Atropello,,,Con Heridos,0,0,0,0,0,1,1,0,0,0,0,0,0,0,0,0,0,0,0,0,0,0,1000709.0,0.0031809650462005373,353.08712012825964,TV86,KR91;CL90,4.668118,-74.15300145,1.0,25.633447580564518,25.625894817258065,2325.0,124.0,1.0
216899,10583325,-74.14205578749,4.6069083321,AV AVENIDA BOYACA - CL 39 A  S 02,2022,Octubre,27,jueves,13,0,Kennedy,Choque,Vehículo,,Con Heridos,0,1,0,0,0,1,0,0,0,0,0,0,0,0,0,0,0,0,0,0,0,0,1000291.0,0.004504121060086709,499.9574376696247,AV.CARACAS,CL6;CL13,4.60253905,-74.14096194999999,1.0,11.526749999916666,11.4084964225,746.0,120.0,1.0
216900,10583327,-74.064424111,4.64978001200001,KR 14  - CL 63   02,2022,Octubre,28,viernes,21,0,Chapinero,Otro,,,Con Heridos,0,0,0,0,0,0,0,0,0,0,0,0,0,0,0,0,0,0,0,0,0,0,1002025.0,0.0032112343264246034,356.447010233131,AUTONORTE,SANTA.FE;TOBERIN,4.64911745,-74.06756625,1.0,21.810376344112903,21.8339378516129,524.0,124.0,1.0
216901,10583329,-74.10569576208,4.65652755887,CL 26  - KR 68 C  02,2022,Octubre,27,jueves,16,30,Fontibón,Choque,Vehículo,,Con Heridos,0,1,0,0,0,1,0,0,0,0,0,0,0,0,0,0,0,0,0,0,0,0,1000196.0,0.002772485004614832,307.74583551224634,CL134,KR7;KR9,4.6586908000000005,-74.10742985,1.0,19.662997312177417,18.58216536048387,476.0,124.0,1.0
216940,10582178,-74.088,4.585,KR 10  - CL 6   02,2022,Octubre,2,domingo,14,50,Santa Fe,Choque,Vehículo,,Solo Daños,0,0,0,0,1,0,0,0,0,0,1,0,1,0,0,1,0,0,0,0,0,0,1000250.0,0.007584254575114237,841.8522578376803,AV.CARACAS,CL32;CL34,4.5900511,-74.0936575,0.0,22.223486111083332,22.246061315583333,766.0,120.0,0.0
216941,10582182,-74.035,4.687,KR 7  - CL 108   02,2022,Octubre,3,lunes,5,10,Suba,Choque,Vehículo,,Con Heridos,0,1,0,0,0,0,0,0,0,0,0,0,0,0,0,0,0,0,0,0,0,0,1000044.0,0.016150168162903412,1792.6686660822788,KR15,CL77;CL92,4.7007512,-74.0434695,0.0,29.590819444500003,25.992254166583333,362.0,120.0,0.0
216942,10582192,-74.113,4.555,KR 5 L  - CL 48 P  S 02,2022,Octubre,3,lunes,17,55,Rafael Uribe Uribe,Choque,Vehículo,,Solo Daños,0,0,0,0,0,0,0,0,0,0,1,0,1,0,0,1,0,0,0,0,0,0,1000325.0,0.020119531977780384,2233.2680495336226,AV.CARACAS,AV.PRIMERO_MAYO;CL11SUR,4.57490245,-74.11594754999999,0.0,21.331532257903223,21.22016129016129,372.0,124.0,0.0
216943,10582218,-74.113,4.488,CL 115  S- KR 3   02,2022,Octubre,3,lunes,7,47,Usme,Choque,Objeto Fijo,Poste,Solo Daños,0,0,0,0,0,0,0,0,0,0,1,0,1,0,0,1,0,0,0,0,0,0,1001959.0,0.04635544413248516,5145.454298705852,"CL19,KR3",KR5;CL22,4.5343054,-74.1108466,0.0,11.42936827951613,11.236159064435483,609.0,124.0,0.0
216944,10582222,-74.09,4.617,KR 30  - CL 18   02,2022,Octubre,3,lunes,12,40,Los Mártires,Choque,Vehículo,,Con Heridos,0,1,0,0,0,1,0,1,0,0,0,0,0,0,0,0,0,0,0,0,0,0,1000700.0,0.001140597660223007,126.60634028475378,CL13,KR56;KR47,4.616027750000001,-74.0894036,1.0,12.870555555641024,10.694014245042734,351.0,117.0,1.0
216945,10582257,-74.14,4.651,KR 81 C  - CL 11 D  02,2022,Octubre,4,martes,10,0,Kennedy,Choque,Objeto Fijo,Vehiculo Estacionado,Solo Daños,0,0,0,0,0,0,0,0,0,0,0,0,0,0,0,0,0,0,0,0,0,0,1001019.0,0.0003635644543955056,40.355654437901116,KR72,CL75;CL66A,4.65133785,-74.1398657,1.0,14.993388889333334,14.959086526,1947.0,120.0,1.0
216946,10582286,-74.0898516374,4.5820818045,CL 11  S- KR 10   02,2022,Octubre,3,lunes,22,0,San Cristóbal,Choque,Vehículo,,Con Heridos,0,0,0,0,0,1,0,0,0,1,0,0,0,0,0,0,0,0,0,0,0,1,1000214.0,0.005659293595107395,628.1815890569209,KR5,CL34;CL27,4.57950665,-74.0948911,0.0,30.02258064532258,29.658189690887095,647.0,124.0,0.0
216947,10582629,-74.111951914,4.588595129,KR 27  - CL 28  S 02,2022,Octubre,13,jueves,21,36,Puente Aranda,Atropello,,,Con Heridos,0,0,0,0,1,1,1,0,0,0,0,0,0,0,0,0,0,0,0,0,0,0,1000314.0,0.005962589363118945,661.8474193062029,CL19,KR5;KR10,4.5844906000000005,-74.10762695,0.0,12.938172043064517,12.841018249677418,541.0,124.0,0.0
216948,10582741,-74.068,4.705,CL 119 A  - KR 57   02,2022,Octubre,15,sábado,9,28,Suba,Choque,Vehículo,,Con Heridos,0,0,0,0,0,1,0,0,0,0,0,0,0,0,0,0,0,0,0,0,0,0,1000969.0,0.0034372308658413013,381.5326261083844,"CL34,AV.AMERICAS",KR19;KR28,4.706773350000001,-74.07094445000001,1.0,18.359541666583333,17.978919215583336,679.0,120.0,1.0
216949,10582742,-74.075,4.722,AV AVENIDA TRANSVERSAL DE SUBA - AV AVENIDA BOYACA  02,2022,Octubre,15,sábado,17,8,Suba,Choque,Vehículo,,Con Heridos,0,0,0,0,0,0,0,0,0,0,0,0,0,0,0,0,0,0,0,0,0,0,1001047.0,0.006371637052597779,707.2517128383535,KR68,CL66;CL19,4.718268699999999,-74.0801648,0.0,14.513444444333334,14.53275724225,577.0,120.0,0.0
216950,10582743,-74.024,4.737,KR 7  - CL 162   02,2022,Octubre,14,viernes,13,8,Usaquén,Atropello,,,Con Heridos,0,0,0,0,0,1,1,1,0,0,0,0,0,0,0,0,0,0,0,0,0,0,1000081.0,0.008801594705652293,976.9770123274045,KR19,CL116;CL127,4.7391552,-74.03253365,0.0,13.721402777916667,13.472855979333334,474.0,120.0,0.0
216951,10582745,-74.1,4.736,KR 104  - CL 132   02,2022,Octubre,16,domingo,14,10,Suba,Choque,Vehículo,,Con Heridos,1,0,0,0,0,1,0,1,0,0,0,0,0,0,0,0,0,0,0,0,0,0,1000951.0,0.0033322297940017918,369.8775071341989,AV.SUBA,CL127;HUMEDAL.CORDOBA,4.7388854,-74.1016668,1.0,30.034958333083335,30.044145470166665,1389.0,120.0,1.0
216952,10582752,-74.13,4.719,KR 116  - CL 74   02,2022,Octubre,14,viernes,21,35,Engativá,Choque,Vehículo,,Con Heridos,1,0,0,0,0,1,0,0,0,0,0,0,0,0,0,0,0,0,0,0,0,0,1000720.0,0.009005707353946076,999.6335162880143,KR86,CL13C;CL19A,4.71067115,-74.12657465000001,0.0,31.882258064838712,31.87005314370968,1132.0,124.0,0.0
216953,10582771,-74.075286344,4.610156448,KR 14  - CL 21   02,2022,Octubre,15,sábado,6,50,Santa Fe,Choque,Vehículo,,Con Heridos,1,0,0,0,0,1,0,0,0,0,0,0,0,0,0,0,0,0,0,0,0,0,1000683.0,0.0009429267750707827,104.66487203285688,TV28,CL13;CL19,4.61087305,-74.07589920000001,1.0,16.254707602280703,10.997785087631579,325.0,114.0,1.0
216954,10582773,-74.116842013,4.62896201400002,KR 62  - CL 9   02,2022,Octubre,15,sábado,18,0,Puente Aranda,Atropello,,,Con Heridos,0,0,0,0,1,0,1,0,0,0,0,0,0,0,0,0,0,0,0,0,0,0,1000988.0,0.000979610591790933,108.73677568879356,CL80,KR76;KR71,4.628879899999999,-74.11586585,1.0,30.130053763790322,30.122652911048387,2002.0,124.0,1.0
216955,10582775,-74.133,4.604,KR 68  - CL 37  S 02,2022,Octubre,17,lunes,20,10,Puente Aranda,Caida de ocupante,,,Con Heridos,0,0,0,0,0,0,0,1,0,0,1,0,1,0,0,1,0,0,0,0,0,0,1001023.0,0.003079847214145204,341.8630407701176,KR72,CL12;CL53,4.6068986,-74.13195905,1.0,35.099018816935484,35.096079753951614,754.0,124.0,1.0
216956,10582780,-74.129,4.58,KR 26 A  - CL 47  S 02,2022,Octubre,14,viernes,16,30,Rafael Uribe Uribe,Atropello,,,Con Heridos,0,0,0,0,0,0,1,0,0,0,0,0,0,0,0,0,0,0,0,0,0,0,1002271.0,0.003671619316118458,407.5497440891488,KR72,KR1;KR4AE,4.582431,-74.12624845,1.0,19.231586021290322,19.064266759112904,559.0,124.0,1.0
216957,10582781,-74.119,4.619,CL 3  - KR 54   02,2022,Octubre,17,lunes,22,24,Puente Aranda,Atropello,,,Con Heridos,0,0,0,0,0,0,1,0,0,0,1,0,0,0,0,0,0,0,0,0,0,0,1001260.0,0.005024094510700739,557.674490687782,NQS,CL3;CL1F,4.62242845,-74.1153275,0.0,27.23599462387097,27.188236890887097,599.0,124.0,0.0
216958,10582785,-74.127,4.582,CL 44  S- TV 26 A  02,2022,Octubre,15,sábado,14,40,Tunjuelito,Choque,Vehículo,,Con Heridos,1,0,0,0,0,1,0,0,0,0,0,0,0,0,0,0,0,0,0,0,0,0,1002271.0,0.000866365051513747,96.16652071802591,KR72,KR1;KR4AE,4.582431,-74.12624845,1.0,18.5390555555,18.538049705833334,555.0,120.0,1.0
216959,10582786,-74.164,4.618,CL 43  - KR 79   02,2022,Octubre,16,domingo,3,43,Kennedy,Choque,,,Con Heridos,0,0,0,0,1,0,0,0,0,0,0,0,0,0,0,0,0,0,0,0,0,0,1001028.0,0.011407930865082955,1266.280326024208,KR72,CL3;AV.P.MAYO,4.611398400000001,-74.15469625,0.0,27.50072580653226,25.584051459274193,446.0,124.0,0.0
217148,10582035,-74.138,4.696,CL 26  - KR 113   02,2022,Octubre,2,domingo,10,45,Fontibón,Choque,Vehículo,,Solo Daños,0,0,0,0,0,0,0,0,0,1,0,0,0,0,0,0,0,0,0,0,0,1,1000720.0,0.018595194673487744,2064.0666087571394,KR86,CL13C;CL19A,4.71067115,-74.12657465000001,0.0,23.483166666499997,23.252493536249997,1076.0,120.0,0.0
217149,10582037,-74.18,4.633,KR 88 J  - CL 49 G  S 02,2022,Octubre,1,sábado,19,6,Bosa,Atropello,,,Con Heridos,0,0,0,0,1,1,1,0,0,0,0,0,0,0,0,0,0,0,0,0,0,0,1000981.0,0.016891288778836805,1874.9330544508853,DIAG16,KR90;KR97,4.6495069,-74.176417,0.0,31.473353494354836,31.087310242500003,1841.0,124.0,0.0
217151,10582045,-74.104,4.675,AC 63  - KR 72   02,2022,Octubre,1,sábado,10,30,Engativá,Choque,Vehículo,,Con Heridos,1,0,0,0,0,0,0,0,0,0,0,0,0,0,0,0,0,0,0,0,0,0,1000228.0,0.0029876389423835687,331.6279226045761,KR72,CL169;CL170,4.6733282,-74.10647610000001,1.0,31.253319444833334,30.98160682141667,889.0,120.0,1.0
217152,10582057,-74.12,4.534,AV AVENIDA CARACAS - CL 65  S 02,2022,Octubre,1,sábado,21,17,Usme,Choque,Vehículo,,Solo Daños,0,0,0,0,0,1,0,1,0,1,1,0,1,1,0,1,0,0,1,0,0,1,1001959.0,0.00915849336517991,1016.5927635349701,"CL19,KR3",KR5;CL22,4.5343054,-74.1108466,0.0,11.336680107661289,11.220495336370968,529.0,124.0,0.0
217154,10582063,-74.118,4.578,CL 36  S- KR 21   02,2022,Octubre,1,sábado,22,30,Rafael Uribe Uribe,Choque,Vehículo,,Con Heridos,0,0,0,0,0,1,0,0,0,0,0,0,0,0,0,0,0,0,0,0,0,0,1001976.0,0.0023367340852139934,259.37748345875326,NQS,KR24;CL100,4.57921725,-74.11999465,1.0,49.71671617158416,46.90167646,394.0,101.0,1.0
217155,10582091,-74.125,4.685,AC 26  - KR 96 A  02,2022,Octubre,2,domingo,13,50,Fontibón,Choque,Vehículo,,Con Heridos,1,0,0,0,0,0,0,0,0,0,0,0,0,0,0,0,0,0,0,0,0,0,1000238.0,0.004711460647455746,522.9721318675878,CL134,KR58;KR53,4.68384265,-74.1204329,1.0,29.684722221916665,29.452158018499997,962.0,120.0,1.0
217156,10582102,-74.169300122,4.69486989900003,CL 17  - KR 137   02,2022,Octubre,2,domingo,7,0,Fontibón,Choque,Vehículo,,Con Heridos,1,1,0,0,0,0,0,0,0,0,0,0,0,0,0,0,0,0,0,0,0,0,1000982.0,0.020066328261561277,2227.362437033302,DIAG16,KR123;KR106,4.67875865,-74.15733829999999,0.0,27.27412634395161,27.316462471048386,1682.0,124.0,0.0
217158,10582120,-74.132,4.594,CL 45 A  S- KR 51 B BIS  02,2022,Octubre,2,domingo,22,50,Puente Aranda,Atropello,,,Con Heridos,0,0,0,0,0,0,1,0,0,0,0,0,0,0,0,0,0,0,0,0,0,0,1000296.0,0.0008734835616707202,96.95667534544995,CL1,AV.CARACAS;KR21,4.5933419,-74.13142565,1.0,26.91129032201613,26.68340226532258,522.0,124.0,1.0
217159,10582253,-74.14,4.582,KR 33  - CL 54 A  S 02,2022,Octubre,5,miércoles,18,30,Tunjuelito,Atropello,,,Con Heridos,0,0,0,0,1,1,1,0,0,0,0,0,0,0,0,0,0,0,0,0,0,0,1000297.0,0.012109143603285771,1344.1149399647206,CL1,KR21;AV.CARACAS,4.59354105,-74.14366545,0.0,22.062809139758066,21.941345524032258,708.0,124.0,0.0
217160,10582254,-74.112,4.507,CL 84  S- KR 9 A  02,2022,Octubre,4,martes,11,0,Usme,Choque,Vehículo,,Con Heridos,0,0,0,0,0,1,0,0,0,1,0,0,0,0,0,0,0,0,0,0,0,1,1001959.0,0.02732974937170122,3033.6021802588352,"CL19,KR3",KR5;CL22,4.5343054,-74.1108466,0.0,11.444116378879311,11.400796928534483,479.0,116.0,0.0
217161,10582294,-74.11771785273,4.71659101197,CL 80  - KR 110   02,2022,Octubre,6,jueves,3,0,Engativá,Atropello,,,Con Heridos,0,0,0,0,0,1,1,0,0,0,0,0,0,0,0,0,0,0,0,0,0,0,1000720.0,0.010653057008482406,1182.4893279415471,KR86,CL13C;CL19A,4.71067115,-74.12657465000001,0.0,39.72686827935484,39.53327101508064,730.0,124.0,0.0
217162,10582295,-74.11290285771,4.55436592459,KR 5 L  - CL 48 Q  S 02,2022,Octubre,4,martes,10,30,Rafael Uribe Uribe,Choque,Vehículo,,Con Heridos,0,0,0,0,0,1,0,0,0,0,0,0,0,0,0,0,0,0,0,0,0,0,1001959.0,0.020165635189497585,2238.385506034232,"CL19,KR3",KR5;CL22,4.5343054,-74.1108466,0.0,11.714638889000001,11.58728875675,534.0,120.0,0.0
217163,10582298,-74.20347588277,4.61239119806,KR 81  - CL 77  S 02,2022,Octubre,6,jueves,3,0,Bosa,Choque,,,Con Heridos,0,0,0,0,0,0,0,0,0,0,0,0,0,0,0,0,0,0,0,0,0,0,1002290.0,0.02617176972150014,2905.0664390865154,AV.CL59SUR,CL59SUR;KR78C,4.6025243,-74.1792353,0.0,28.577432795564516,28.286371674274193,608.0,124.0,0.0
217787,10582140,-74.094,4.549,CL 41 B  S- KR 3 C  02,2022,Octubre,1,sábado,17,0,San Cristóbal,Choque,Objeto Fijo,Vehiculo Estacionado,Solo Daños,0,1,0,0,0,0,0,1,0,1,0,0,0,0,0,0,0,0,0,0,0,1,1001959.0,0.022354847365175203,2481.3880575344474,"CL19,KR3",KR5;CL22,4.5343054,-74.1108466,0.0,9.16922043048387,8.986050237580645,476.0,124.0,0.0
217788,10582149,-74.0536632,4.67319943400003,KR 15  - CL 88   02,2022,Octubre,1,sábado,20,5,Chapinero,Choque,Vehículo,,Solo Daños,0,0,0,0,0,1,0,0,0,0,0,0,0,0,0,0,0,0,0,0,0,0,1000213.0,0.003316025425319961,368.0788222105157,CL165,KR9;KR7,4.67476105,-74.0507379,1.0,16.761827957096774,16.678436775403227,561.0,124.0,1.0
217789,10582150,-74.166,4.621,CL 43  S- KR 80   02,2022,Octubre,3,lunes,6,30,Kennedy,Choque,Vehículo,,Con Heridos,0,0,0,0,0,1,0,0,0,0,1,0,0,0,0,0,0,0,0,0,0,0,1001031.0,0.014398908746928108,1598.27887090902,KR72,CL43AS;KR69B,4.623493,-74.15181855,0.0,24.852096774435484,24.792393230080645,2472.0,124.0,0.0
217790,10582151,-74.191,4.635,CL 56 F  S- KR 94 A  02,2022,Octubre,2,domingo,15,30,Bosa,Choque,Vehículo,,Con Heridos,0,0,0,0,0,1,0,0,0,0,1,0,1,0,0,1,0,0,0,0,0,0,1000981.0,0.02056973593924023,2283.2406892556655,DIAG16,KR90;KR97,4.6495069,-74.176417,0.0,31.977163978548386,31.904733385645162,1634.0,124.0,0.0
217791,10582156,-74.124,4.701,KR 105 F  - CL 68   02,2022,Octubre,3,lunes,22,20,Engativá,Choque,Vehículo,,Con Heridos,0,0,0,0,0,1,0,0,0,0,0,0,0,0,0,0,0,0,0,0,0,0,1000722.0,0.0067857952291835305,753.2232704393718,KR86,CL10;CL13C,4.6984233,-74.11772245,0.0,42.59633064483871,42.426377198306454,1423.0,124.0,0.0
217792,10582173,-74.093,4.631,CL 24  - KR 40   02,2022,Octubre,3,lunes,18,40,Teusaquillo,Choque,Vehículo,,Con Heridos,0,0,0,0,0,0,0,0,0,0,0,0,0,0,0,0,0,0,0,0,0,0,1001251.0,0.0031259731364820034,346.98301814950236,TV28,CL19;CL22C,4.6278919,-74.09333380000001,1.0,20.357607527258065,18.023400153870966,399.0,124.0,1.0
217793,10582185,-74.135,4.616,CL 24 A  S- KR 70 B  02,2022,Octubre,2,domingo,17,10,Kennedy,Choque,Vehículo,,Con Heridos,0,0,0,0,0,1,0,0,0,0,0,0,0,0,0,0,0,0,0,0,0,0,1000942.0,0.005364982596663131,595.5130682296076,TV39,CL6;CL13,4.62102935,-74.1368678,0.0,15.481384408629031,14.93507797467742,473.0,124.0,0.0
217794,10582188,-74.128,4.664,CL 22  - KR 82   02,2022,Octubre,3,lunes,15,10,Fontibón,Choque,Vehículo,,Con Heridos,0,0,0,0,0,0,0,1,0,1,0,0,0,0,0,0,0,0,0,0,0,1,1000650.0,0.0055678119582633365,618.0271273672304,KR72,CL127;CL134,4.6623088,-74.13330475000001,0.0,24.47189701918699,24.35735389569106,1712.0,123.0,0.0
217795,10582190,-74.099,4.735,KR 123  - CL 103 C  02,2022,Octubre,3,lunes,8,24,Suba,Choque,Vehículo,,Con Heridos,0,0,0,0,0,1,0,0,0,1,0,0,0,0,0,0,0,0,0,0,0,1,1000951.0,0.004712552959914418,523.0933785505003,AV.SUBA,CL127;HUMEDAL.CORDOBA,4.7388854,-74.1016668,1.0,29.699173553719007,29.522908621322316,1757.0,121.0,1.0
217796,10582191,-74.069,4.667,CL 74  - KR 28   02,2022,Octubre,5,miércoles,9,50,Barrios Unidos,Choque,Vehículo,,Con Heridos,0,0,0,0,0,1,0,0,0,0,0,0,0,0,0,0,0,0,0,0,0,0,1000338.0,0.003669750889708141,407.34234875760365,KR9,CL147;CL161,4.6704867,-74.06785545,1.0,32.792,32.704177131083334,726.0,120.0,1.0
217797,10582195,-74.125,4.728,KR 120  - CL 80   02,2022,Octubre,3,lunes,14,2,Chapinero,Choque,Vehículo,,Con Heridos,1,0,0,0,0,1,0,0,0,0,0,0,0,0,0,0,0,0,0,0,0,0,1000720.0,0.017400246117369567,1931.4273190280219,KR86,CL13C;CL19A,4.71067115,-74.12657465000001,0.0,22.74462499975,22.499468117,1051.0,120.0,0.0
217798,10582202,-74.198,4.616,AV AVENIDA CIUDAD DE CALI - CL 73 D  S 02,2022,Octubre,3,lunes,12,30,Bosa,Choque,Vehículo,,Con Heridos,0,1,0,0,0,1,0,0,0,0,0,0,0,0,0,0,0,0,0,0,0,0,1002290.0,0.023102130996504853,2564.336540612039,AV.CL59SUR,CL59SUR;KR78C,4.6025243,-74.1792353,0.0,31.088474576440678,30.168115516610168,454.0,118.0,0.0
217799,10582204,-74.187,4.613,CL 63  S- KR 81 G  02,2022,Octubre,3,lunes,12,58,Bosa,Atropello,,,Con Heridos,0,0,0,0,0,1,1,0,0,0,0,0,0,0,0,0,0,0,0,0,0,0,1002290.0,0.013039588052540064,1447.394273831947,AV.CL59SUR,CL59SUR;KR78C,4.6025243,-74.1792353,0.0,31.088474576440678,30.168115516610168,454.0,118.0,0.0
217800,10582211,-74.124,4.624,KR 68  - CL 3  S 02,2022,Octubre,4,martes,19,0,Puente Aranda,Choque,Vehículo,,Con Heridos,0,0,0,0,0,1,0,1,0,0,0,0,0,0,0,0,0,0,0,0,0,0,1001711.0,0.006167703320515557,684.6150685772268,CL169B;CL170,KR58;KR20,4.6240064,-74.1178323,0.0,23.995551075241934,23.843689932338712,690.0,124.0,0.0
217801,10582216,-74.115,4.527,CL 68 B  S- KR 8 A  02,2022,Octubre,3,lunes,18,45,Usme,Choque,Vehículo,,Con Heridos,1,0,0,0,1,0,0,0,0,0,0,0,0,0,0,0,0,0,0,0,0,0,1001959.0,0.008403546913056325,932.793707349252,"CL19,KR3",KR5;CL22,4.5343054,-74.1108466,0.0,9.422876344112904,9.353587103870968,511.0,124.0,0.0
217802,10582220,-74.128,4.63,CL 6  - KR 69   02,2022,Octubre,4,martes,9,0,Kennedy,Atropello,,,Con Heridos,0,0,0,0,0,0,1,0,0,0,0,0,0,0,0,0,0,0,0,0,0,0,1001926.0,0.0012940904180151706,143.64403639968393,TV42,CL6;CL2C,4.6309451,-74.128884,1.0,24.91515277775,24.639932176000002,506.0,120.0,1.0
217867,10582224,-74.142,4.58,TV 60  - DG 33   02,2022,Octubre,3,lunes,6,30,Tunjuelito,Choque,Vehículo,,Con Heridos,1,0,0,0,0,0,0,0,0,1,0,0,0,0,0,0,0,0,0,0,0,1,1000297.0,0.013643084651390502,1514.3823963043458,CL1,KR21;AV.CARACAS,4.59354105,-74.14366545,0.0,23.952694892096776,23.834667799758066,912.0,124.0,0.0
217868,10582225,-74.02,4.737,KR 3  - CL 163 B  02,2022,Octubre,3,lunes,15,45,Usaquén,Choque,Vehículo,,Solo Daños,0,1,0,0,0,0,0,0,0,0,0,0,0,0,0,0,0,0,0,0,0,0,1000081.0,0.012717596839132799,1411.6532491437406,KR19,CL116;CL127,4.7391552,-74.03253365,0.0,12.561978319756097,12.478250718455284,530.0,123.0,0.0
218091,10582227,-74.173,4.592,CL 60 A  S- KR 74   02,2022,Octubre,2,domingo,21,37,Ciudad Bolívar,Choque,Vehículo,,Con Heridos,0,0,0,0,0,1,0,0,0,0,0,0,0,0,0,0,0,0,0,0,0,0,1001946.0,0.00945658056011513,1049.6804421727795,"AV.P.MAYO,CL26SUR",KR72;KR78K,4.5960945,-74.1644758,0.0,16.04442204282258,15.59621991782258,474.0,124.0,0.0
218092,10582229,-74.102,4.552,KR 2  E- CL 42  S 02,2022,Octubre,3,lunes,16,50,San Cristóbal,Choque,Vehículo,,Solo Daños,0,0,0,0,0,0,0,0,0,0,0,0,0,0,0,0,0,0,0,0,0,0,1001959.0,0.01978285117772344,2195.896480727302,"CL19,KR3",KR5;CL22,4.5343054,-74.1108466,0.0,10.062083333467742,9.925015905322581,512.0,124.0,0.0
218119,10582334,-74.097,4.733,KR 101  - CL 131 A  02,2022,Octubre,6,jueves,0,10,Suba,Choque,Objeto Fijo,Otro,Con Heridos,0,0,1,0,0,1,0,0,0,0,0,0,0,0,0,0,0,0,0,0,0,0,1001034.0,0.00555147516656365,616.2137434885651,CL72,KR55;KR24,4.73531305,-74.09195335,0.0,30.903857526774196,25.5484769583871,397.0,124.0,0.0
218120,10582347,-74.1333581573,4.6457006603,CL 11 F  - KR 73   02,2022,Octubre,7,viernes,19,40,Kennedy,Choque,Vehículo,,Con Heridos,1,0,0,0,0,1,0,0,0,0,0,0,0,0,0,0,0,0,0,0,0,0,1000994.0,0.0004981802013851309,55.298002353749524,CL80,KR96;KR89A,4.645728399999999,-74.13286074999999,1.0,28.438111559435484,28.253761289758064,971.0,124.0,1.0
218121,10582349,-74.14171782915,4.63823622122,CL 8  - KR 78   02,2022,Octubre,7,viernes,8,51,Kennedy,Choque,Vehículo,,Con Heridos,0,0,0,0,1,1,0,0,0,0,0,0,0,0,0,0,0,0,0,0,0,0,1001247.0,0.01022837746154036,1135.34989823098,KR72,CL66A;CL75,4.63816495,-74.1314897,0.0,30.55533057842975,30.360277275289256,3177.0,121.0,0.0
218122,10582350,-74.076213138,4.66255917000001,KR 30  - CL 67   02,2022,Octubre,6,jueves,13,50,Barrios Unidos,Choque,Vehículo,,Con Heridos,0,0,0,0,0,1,0,0,0,0,0,0,0,0,0,0,0,0,0,0,0,0,1000095.0,0.005386341525302438,597.8839093085707,KR7,CL153;CL162,4.6587847,-74.0800558,0.0,37.57647222208333,37.615052065916665,3121.0,120.0,0.0
218123,10582354,-74.05241006,4.68292947899999,KR 19  - CL 95   02,2022,Octubre,6,jueves,20,20,Chapinero,Choque,Vehículo,,Con Heridos,1,0,0,0,0,0,0,0,0,0,0,0,0,0,0,0,0,0,0,0,0,0,1000035.0,0.003538277021430095,392.7487493787405,AUTONORTE,CL80;CL82,4.6801407,-74.0545877,1.0,20.967459678064518,20.81906487548387,1326.0,124.0,1.0
218124,10582367,-74.146,4.666,CL 17  - KR 96 C  02,2022,Octubre,7,viernes,19,30,Fontibón,Choque,Vehículo,,Con Heridos,0,0,0,0,0,1,0,0,0,0,0,0,0,0,0,0,0,0,0,0,0,0,1000648.0,0.004488656092025557,498.24082621483683,KR72,CL134;CL138,4.6698867,-74.14375465,1.0,30.993104838709677,30.9168044075,8234.0,124.0,1.0
218125,10582368,-74.09,4.616,KR 30  - CL 17   02,2022,Octubre,6,jueves,7,40,Los Mártires,Choque,Vehículo,,Con Heridos,0,0,0,0,0,1,0,0,0,0,0,0,0,0,0,0,0,0,0,0,0,0,1000700.0,0.0005970452432668176,66.27202200261677,CL13,KR56;KR47,4.616027750000001,-74.0894036,1.0,23.28708333330645,20.356854838629033,377.0,124.0,1.0
218126,10582370,-74.113,4.656,CL 24  - KR 69 B  02,2022,Octubre,7,viernes,20,0,Fontibón,Choque,Vehículo,,Con Heridos,0,0,0,1,0,0,0,0,0,0,1,0,1,0,0,1,0,0,0,0,0,0,1001014.0,0.00553991355369947,614.9304044606412,KR72,CL138;CL153,4.66028985,-74.1094946,0.0,26.302930107741936,26.06818338798387,3108.0,124.0,0.0
218127,10582373,-74.11,4.724,CL 88  - KR 111 A  02,2022,Octubre,6,jueves,18,45,Engativá,Atropello,,,Con Heridos,0,0,0,0,0,0,1,0,0,0,0,0,0,0,0,0,0,0,0,0,0,0,1000711.0,0.00574833298008839,638.0649607898113,KR86,CL72;CL66A,4.7274802000000005,-74.1054249,0.0,15.71879032266129,15.591290475645161,821.0,124.0,0.0
218128,10582374,-74.155,4.576,CL 68  S- KR 47   02,2022,Octubre,7,viernes,5,20,Ciudad Bolívar,Atropello,,,Con Heridos,0,0,1,0,0,1,1,0,0,0,0,0,0,0,0,0,0,0,0,0,0,0,1000297.0,0.02088445495590021,2318.1745001049235,CL1,KR21;AV.CARACAS,4.59354105,-74.14366545,0.0,29.726962365483868,29.11642582717742,579.0,124.0,0.0
218129,10582378,-74.112,4.489,CL 113  S- KR 2 A  02,2022,Octubre,5,miércoles,6,30,Usme,Atropello,,,Con Heridos,0,0,0,0,0,0,1,0,0,0,0,0,0,0,0,0,0,0,0,0,0,0,1001959.0,0.045320079443001836,5030.528818173204,"CL19,KR3",KR5;CL22,4.5343054,-74.1108466,0.0,12.654462365967742,12.516509380241935,602.0,124.0,0.0
218130,10582379,-74.08,4.592,CL 6  - KR 8   02,2022,Octubre,7,viernes,8,40,Candelaria,Choque,Vehículo,,Con Heridos,0,0,0,0,0,1,0,1,0,0,0,0,0,0,0,0,0,0,0,0,0,0,1001961.0,0.0028469465748493946,316.0110698082828,CL22,KR1;KR3,4.5900896,-74.08211080000001,1.0,9.782343234257425,9.68501868069307,482.0,101.0,1.0
218131,10582380,-74.071,4.672,DG 76  - KR 45   02,2022,Octubre,6,jueves,13,15,Barrios Unidos,Choque,Vehículo,,Con Heridos,0,0,0,0,0,1,0,1,0,0,0,0,0,0,0,0,0,0,0,0,0,0,1000203.0,0.00113914596079629,126.44520164838819,KR7,CL188;CL175,4.6708734,-74.0708314,1.0,21.263486111166667,20.892533292,829.0,120.0,1.0
218132,10582381,-74.122,4.616,CL 2 A  - KR 54   02,2022,Octubre,7,viernes,21,30,Puente Aranda,Choque,Vehículo,,Con Heridos,0,0,0,0,0,1,0,0,0,0,1,0,1,0,0,1,0,0,0,0,0,0,1000030.0,0.004933733146411814,547.6443792517114,CL72,KR11;KR7,4.611117999999999,-74.1212874,1.0,15.10162634419355,15.090689708225806,721.0,124.0,1.0
218154,10582507,-74.102774758,4.70051624400003,KR 86  - CL 76   02,2022,Octubre,10,lunes,20,39,Engativá,Atropello,,,Con Muertos,0,0,0,0,0,1,1,1,0,0,0,0,0,0,0,0,0,0,0,0,0,0,1000759.0,0.003375488810394825,374.6792579538256,KR80,CL26SUR;CL38CSUR,4.69774235,-74.10469815,1.0,22.21516129032258,22.234524032499998,979.0,124.0,1.0
218155,10582513,-74.115,4.634,CL 13  - KR 65   02,2022,Octubre,10,lunes,18,31,Puente Aranda,Choque,Vehículo,,Con Heridos,0,0,0,0,0,1,0,0,0,0,0,0,0,0,0,0,0,0,0,0,0,0,1001258.0,0.003840252192236792,426.26799333828393,CL63,TV85;KR77A,4.6325927,-74.11857309999999,1.0,13.887889784919356,13.646232476612903,1199.0,124.0,1.0
218156,10582514,-74.08,4.6,CL 10  - KR 12   02,2022,Octubre,10,lunes,10,45,Santa Fe,Choque,Vehículo,,Solo Daños,1,1,0,0,0,0,0,0,0,0,0,0,0,0,0,0,0,0,0,0,0,0,1000204.0,0.0006355475788610445,70.54578125357594,KR7,CL39;CL45,4.60029015,-74.08056545,1.0,20.601083332833333,20.679678463833334,5110.0,120.0,1.0
218157,10582518,-74.112,4.632,CL 13  - KR 60   02,2022,Octubre,10,lunes,5,56,Puente Aranda,Choque,Vehículo,,Solo Daños,0,0,0,0,0,1,0,0,0,0,0,0,0,0,0,0,0,0,0,0,0,0,1000988.0,0.004967878846407918,551.4345519512789,CL80,KR76;KR71,4.628879899999999,-74.11586585,1.0,35.40704301120968,35.07152930096774,1015.0,124.0,1.0
218158,10582521,-74.149,4.57,CL 61  S- KR 30   02,2022,Octubre,9,domingo,22,53,Tunjuelito,Choque,Vehículo,,Solo Daños,0,0,0,0,0,0,0,0,0,1,1,0,1,0,0,1,0,0,0,0,0,1,1000297.0,0.024137905021044872,2679.307457335981,CL1,KR21;AV.CARACAS,4.59354105,-74.14366545,0.0,29.111344085887097,28.59977035314516,468.0,124.0,0.0
218159,10582576,-74.068,4.674,KR 30  - CL 80   02,2022,Octubre,11,martes,18,40,Barrios Unidos,Choque,Vehículo,,Solo Daños,0,1,0,0,0,0,0,1,0,0,0,0,0,0,0,0,0,0,0,0,0,0,1000338.0,0.0035162724002138312,390.30623642373524,KR9,CL147;CL161,4.6704867,-74.06785545,1.0,27.3675,27.418220938951613,947.0,124.0,1.0
218160,10582807,-74.125,4.571,KR 14  - DG 45 C  S 02,2022,Octubre,15,sábado,5,30,Rafael Uribe Uribe,Choque,Vehículo,,Con Heridos,0,0,0,0,0,1,0,0,0,0,0,0,0,0,0,0,0,0,0,0,0,0,1001976.0,0.009621680008452444,1068.0064809382213,NQS,KR24;CL100,4.57921725,-74.11999465,0.0,49.090396825238095,47.128198412857145,85.0,21.0,0.0
218161,10582808,-74.136,4.649,CL 12  - KR 79 A  02,2022,Octubre,17,lunes,0,35,Kennedy,Choque,Objeto Fijo,Vehiculo Estacionado,Con Heridos,0,0,1,0,0,1,0,0,0,0,0,0,0,0,0,0,0,0,0,0,0,0,1001945.0,0.0022604025327292807,250.90468113295017,"KR78K,CL41SUR",CL26SUR;AV.P.MAYO,4.6477331,-74.134128,1.0,19.874566395528458,15.327588075853658,366.0,123.0,1.0
218162,10582831,-74.084,4.631,CL 26  - KR 34   02,2022,Octubre,18,martes,12,31,Teusaquillo,Choque,Objeto Fijo,Muro,Con Heridos,0,0,0,0,0,1,0,0,0,0,0,0,0,0,0,0,0,0,0,0,0,0,1002038.0,0.0015986247292597065,177.44734494782742,CL26,GOBERNACION;CAN,4.629466150000001,-74.08445045,1.0,39.67329096,39.29645518686441,692.0,118.0,1.0
218163,10582837,-74.111739783,4.54192655600002,TV 2 G BIS - DG 53  S 02,2022,Octubre,18,martes,8,20,Rafael Uribe Uribe,Choque,Objeto Fijo,Muro,Con Heridos,0,0,0,0,0,0,0,0,0,0,0,0,0,0,0,0,0,0,0,0,0,0,1001959.0,0.0076733170564065095,851.7381932611225,"CL19,KR3",KR5;CL22,4.5343054,-74.1108466,0.0,10.705303030082645,10.604086991404959,552.0,121.0,0.0
218164,10582839,-74.132,4.564,CL 57  S- KR 17   02,2022,Octubre,18,martes,13,50,Tunjuelito,Atropello,,,Con Heridos,0,0,0,0,0,0,1,0,0,0,0,0,0,0,0,0,0,0,0,0,0,0,1002271.0,0.01930756557421157,2143.139778737484,KR72,KR1;KR4AE,4.582431,-74.12624845,0.0,19.295194444333333,19.412444567416667,566.0,120.0,0.0
218165,10582840,-74.068,4.594,KR 1  - CL 11   02,2022,Octubre,17,lunes,12,30,Santa Fe,Volcamiento,,,Con Heridos,1,0,0,1,0,0,0,1,0,0,0,0,0,0,0,0,0,0,0,0,0,0,1000055.0,0.006966028099463772,773.2291190404787,KR11,CL116;CL106,4.6003184,-74.07093315,0.0,25.738658192118645,25.64495127440678,566.0,118.0,0.0
218166,10582842,-74.113,4.499,TV 6 F  E- DG 97 D  S 02,2022,Octubre,18,martes,6,0,Usme,Choque,Vehículo,,Con Heridos,0,0,0,0,0,1,0,0,0,0,0,0,0,0,0,0,0,0,0,0,0,0,1001959.0,0.0353710107393048,3926.1821920628327,"CL19,KR3",KR5;CL22,4.5343054,-74.1108466,0.0,12.654462365967742,12.516509380241935,602.0,124.0,0.0
218357,10582276,-74.168699648,4.6464579865,KR 93 B B - CL 34  S 15,2022,Octubre,4,martes,11,20,Kennedy,Atropello,,,Con Heridos,0,0,0,0,1,1,1,1,0,0,0,0,0,0,0,0,0,0,0,0,0,0,1000981.0,0.008297794611967332,921.0552019283738,DIAG16,KR90;KR97,4.6495069,-74.176417,0.0,32.00728448206897,31.810588040948275,1444.0,116.0,0.0
218358,10582287,-74.1359771249,4.679949757,KR 100  - CL 23 G  02,2022,Octubre,5,miércoles,8,12,Fontibón,Choque,Vehículo,,Con Heridos,1,0,0,0,0,0,0,0,0,0,1,0,1,0,1,0,0,0,0,0,0,0,1001344.0,0.00832836581567544,924.4486055399738,DIAG16,KR97;KR90,4.6757841,-74.14318885,0.0,29.589242423966944,29.49497037305785,1571.0,121.0,0.0
218359,10582309,-74.12,4.576,KR 14  - CL 40  S 02,2022,Octubre,7,viernes,1,0,Rafael Uribe Uribe,Choque,Vehículo,,Con Heridos,1,0,0,0,0,0,0,0,0,1,0,0,0,0,0,0,0,0,0,0,0,1,1001976.0,0.0032172544482840246,357.1152437595267,NQS,KR24;CL100,4.57921725,-74.11999465,1.0,51.76549479125,40.929903645625004,199.0,64.0,1.0
218360,10582296,-74.0473213578,4.7155700783,KR 19  - CL 131 A  30,2022,Octubre,5,miércoles,7,50,Usaquén,Volcamiento,,,Con Heridos,1,0,0,1,0,0,0,0,0,0,0,0,0,0,0,0,0,0,0,0,0,0,1001052.0,0.001338829112856427,148.6100315270634,KR68,CL98;KR64,4.7164763,-74.04633584999999,1.0,20.00439655189655,19.947719132844828,946.0,116.0,1.0
218361,10582297,-74.168664875,4.607878954,CL 52 A A S- KR 77 P  S 43,2022,Octubre,5,miércoles,14,50,Kennedy,Atropello,,,Con Heridos,0,0,0,0,1,1,1,0,0,0,0,0,0,0,0,0,0,0,0,0,0,0,1002290.0,0.011849312391033104,1315.2736754046746,AV.CL59SUR,CL59SUR;KR78C,4.6025243,-74.1792353,0.0,33.709222222583335,33.18958518516667,462.0,120.0,0.0
218362,10582316,-74.136,4.659,CL 17  - KR 86   02,2022,Octubre,6,jueves,6,45,Fontibón,Choque,Vehículo,,Con Heridos,0,0,0,0,0,1,0,1,0,0,0,0,0,0,0,0,0,0,0,0,0,0,1000650.0,0.00426761408780547,473.70516374640715,KR72,CL127;CL134,4.6623088,-74.13330475000001,1.0,25.476075268548385,25.3733153983871,1758.0,124.0,1.0
218363,10582319,-74.146,4.593,TV 60  - CL 49  S 02,2022,Octubre,5,miércoles,17,42,Tunjuelito,Choque,Vehículo,,Con Heridos,1,0,0,0,0,0,0,0,0,0,1,0,1,0,0,1,0,0,0,0,0,0,1000297.0,0.002396426256950565,266.0033145215127,CL1,KR21;AV.CARACAS,4.59354105,-74.14366545,1.0,21.60524193532258,21.228082482096774,740.0,124.0,1.0
218364,10582327,-74.118,4.675,CL 26  - KR 85   02,2022,Octubre,6,jueves,11,11,Fontibón,Choque,Vehículo,,Solo Daños,0,1,0,0,0,0,0,0,0,0,0,0,0,0,0,0,0,0,0,0,0,0,1000227.0,0.0042952984904976845,476.778132445243,KR72,CL170;CL169,4.67854075,-74.1155684,1.0,31.752909483017245,31.535949451551723,590.0,116.0,1.0
218365,10582337,-74.077,4.612,KR 16 A  - CL 21   02,2022,Octubre,6,jueves,1,30,Los Mártires,Choque,Vehículo,,Solo Daños,0,0,1,0,0,0,0,1,0,1,0,0,0,0,0,0,0,0,0,0,0,1,1001960.0,0.0009926213477452232,110.18096959971977,KR3;CL19,CL22;KR5,4.6114117,-74.0762005,1.0,19.812365591048387,17.268146505,386.0,124.0,1.0
218366,10582991,-74.171,4.629,AV AVENIDA CIUDAD DE VILLAVICENCIO - AV AVENIDA CIUDAD DE CALI  02,2022,Octubre,22,sábado,2,25,Kennedy,Choque,Vehículo,,Con Heridos,0,0,0,0,0,0,0,0,0,0,0,0,0,0,0,0,0,0,0,0,0,0,1001031.0,0.01995632914898644,2215.1525355374947,KR72,CL43AS;KR69B,4.623493,-74.15181855,0.0,45.33126344056451,45.20495965717742,976.0,124.0,0.0
218367,10582993,-74.105,4.75,KR 145  - CL 144   02,2022,Octubre,22,sábado,9,28,Suba,Atropello,,,Con Heridos,0,0,0,0,0,0,1,0,0,0,0,0,0,0,0,0,0,0,0,0,0,0,1000951.0,0.011603644056933168,1288.0044903195817,AV.SUBA,CL127;HUMEDAL.CORDOBA,4.7388854,-74.1016668,0.0,30.049236111583333,29.878640717666666,1629.0,120.0,0.0
218368,10582995,-74.162,4.639,KR 87 C  - CL 33  S 02,2022,Octubre,22,sábado,8,35,Kennedy,Choque,Vehículo,,Con Heridos,1,0,0,0,0,1,0,0,0,0,0,0,0,0,0,0,0,0,0,0,0,0,1001033.0,0.017021930485776285,1889.4342839211677,CL72,KR76;KR70,4.6540506,-74.15404855,0.0,16.412906336033057,16.19895771785124,677.0,121.0,0.0
218369,10582997,-74.1285448994,4.6103896761,KR 68  - CL 24 A  S 02,2022,Octubre,21,viernes,15,0,Puente Aranda,Caida de ocupante,,,Con Heridos,0,0,0,0,0,0,0,1,0,0,1,0,1,0,0,1,0,0,0,0,0,0,1000298.0,0.0022076415748730717,245.04821481091096,CL6,AV:CARACAS;KR19,4.61244345,-74.12773515,1.0,13.103010752580646,13.056173785,949.0,124.0,1.0
218370,10583003,-74.1184503558,4.6079020308,KR 50  - CL 1   02,2022,Octubre,21,viernes,6,0,Puente Aranda,Choque,Vehículo,,Solo Daños,0,1,0,0,0,0,0,0,0,0,0,0,0,0,0,0,0,0,0,0,0,0,1001714.0,0.002663024146401287,295.59568025054284,"CL34,AV.AMERICAS",KR28;KR19,4.6052689,-74.11884825000001,1.0,18.84629704282258,18.923636085403228,1430.0,124.0,1.0
218371,10583006,-74.102183663,4.70126632099999,KR 86  - CL 77   02,2022,Octubre,20,jueves,17,53,Engativá,Choque,Vehículo,,Solo Daños,0,1,0,0,0,0,0,0,0,1,0,0,0,0,0,0,0,0,0,0,0,1,1000963.0,0.003296616372771729,365.9244173776619,CL72,KR64;KR70,4.7019356,-74.0989557,1.0,11.263870967661289,11.106770481370967,508.0,124.0,1.0
218372,10583007,-74.098,4.684,CL 68  S- TV 70 C  02,2022,Octubre,22,sábado,21,10,Ciudad Bolívar,Choque,Vehículo,,Con Heridos,1,0,0,0,0,1,0,0,0,0,0,0,0,0,0,0,0,0,0,0,0,0,1000226.0,0.0022285958639846125,247.37414090229197,K15,CL134;CL147,4.68529385,-74.09618545000001,1.0,11.624475806129032,9.415698924516128,379.0,124.0,1.0
218373,10583012,-74.112,4.595,KR 30  - CL 19 A  02,2022,Octubre,21,viernes,16,5,Los Mártires,Choque,Vehículo,,Con Heridos,0,0,0,0,0,0,0,1,0,0,0,0,0,0,0,0,0,0,0,0,0,0,1000287.0,0.005059827845398693,561.6408908392549,AV.CARACAS,CL19;CL24,4.5992140500000005,-74.11480065,0.0,14.947553763709678,14.845467590806452,1199.0,124.0,0.0
218374,10583014,-74.137,4.68,CL 23 D  - KR 100   02,2022,Octubre,20,jueves,13,30,Fontibón,Choque,Vehículo,,Solo Daños,0,0,0,0,0,0,0,0,0,0,1,0,1,0,0,1,0,0,0,0,0,0,1001344.0,0.007488369457532471,831.2090097861043,DIAG16,KR97;KR90,4.6757841,-74.14318885,0.0,25.828888888999998,25.749714066750002,1514.0,120.0,0.0
218375,10583019,-74.143,4.566,DG 62  S- TV 20 F  02,2022,Octubre,21,viernes,23,35,Ciudad Bolívar,Choque,Vehículo,,Con Heridos,0,0,0,0,0,1,0,0,0,0,0,0,0,0,0,0,0,0,0,0,0,0,1002271.0,0.02346470090161667,2604.58180007945,KR72,KR1;KR4AE,4.582431,-74.12624845,0.0,24.713669354596774,24.829934736209676,524.0,124.0,0.0
218419,10582382,-74.098,4.679,KR 71  - CL 65 B  02,2022,Octubre,8,sábado,1,41,Engativá,Choque,Objeto Fijo,Muro,Con Heridos,0,0,0,0,0,1,0,0,0,0,0,0,0,0,0,0,0,0,0,0,0,0,1000195.0,0.0035636632925264947,395.5666254704409,CL134,KR9;KR10,4.675439,-74.09786225,1.0,20.315887096451615,17.19589270016129,419.0,124.0,1.0
218420,10582383,-74.139,4.573,AV AVENIDA BOYACA - KR 24   02,2022,Octubre,6,jueves,14,30,Tunjuelito,Choque,Vehículo,,Con Heridos,0,1,0,0,0,1,0,0,0,0,0,0,0,0,0,0,0,0,0,0,0,0,1002271.0,0.01586019509344813,1760.4816553727426,KR72,KR1;KR4AE,4.582431,-74.12624845,0.0,18.5390555555,18.538049705833334,555.0,120.0,0.0
218421,10582385,-74.076,4.62,AC 26  - KR 19 B  02,2022,Octubre,7,viernes,6,10,Teusaquillo,Choque,Vehículo,,Con Heridos,0,0,0,0,0,1,0,1,0,0,0,0,0,0,0,0,0,0,0,0,0,0,1000256.0,0.0027667277296549993,307.1067779917049,CL26,KR32;AV.CARACAS,4.6217787,-74.0781192,1.0,29.402211021532256,28.99193903620968,504.0,124.0,1.0
218422,10582386,-74.093,4.598,CL 3  - KR 21   02,2022,Octubre,6,jueves,12,25,Los Mártires,Atropello,,,Con Heridos,0,0,0,0,1,0,1,0,0,1,0,0,0,0,0,0,0,0,0,0,0,1,1000943.0,0.0026992294937632395,299.6144738077196,TV39,CL13;CL19,4.6006855,-74.0932719,1.0,17.209604519661017,15.553959039406779,379.0,118.0,1.0
218423,10582387,-74.102,4.565,KR 8  - CL 35 BIS  02,2022,Octubre,7,viernes,7,0,San Cristóbal,Choque,Vehículo,,Con Heridos,0,0,0,0,0,1,0,0,0,0,0,0,0,0,0,0,0,0,0,0,0,0,1000309.0,0.01297878632172996,1440.6452817120255,KR5,CL24;CL19,4.5750037500000005,-74.09373115,0.0,12.024758064435485,11.955195719435483,751.0,124.0,0.0
218424,10582397,-74.138,4.651,CL 12  - KR 80 C  02,2022,Octubre,5,miércoles,8,10,Kennedy,Atropello,,,Con Heridos,0,1,0,0,0,0,1,1,0,0,0,0,0,0,0,0,0,0,0,0,0,0,1000330.0,0.0007663809626953013,85.06828685917844,CL11SUR,KR6_ESTE;KR7,4.6509677,-74.1387657,1.0,23.496446280991737,23.272671290826445,439.0,121.0,1.0
218425,10582409,-74.153,4.607,KR 72 N  - CL 45  S 02,2022,Octubre,8,sábado,5,30,Kennedy,Choque,Vehículo,,Con Heridos,0,0,0,0,0,1,0,0,0,1,0,0,0,0,0,0,0,0,0,0,0,1,1000779.0,0.0014357046710559887,159.36321848721474,CL6,KR36;KR42,4.6057228,-74.15365575,1.0,37.83925403177419,37.481938662580646,825.0,124.0,1.0
218428,10581945,-74.102136323,4.62369102399998,CL 13  - KR 43   02,2022,Octubre,3,lunes,23,30,Puente Aranda,Choque,Vehículo,,Con Muertos,0,0,0,0,0,1,0,0,0,0,1,0,0,0,0,0,0,0,0,0,0,0,1000769.0,0.002036046204850668,226.00112873842411,NQS,KR67;KR62B,4.62567005,-74.1026148,1.0,33.73055555525,28.9919354825,403.0,120.0,1.0
218431,10581962,-74.1,4.659,KR 68  - CL 55   02,2022,Octubre,1,sábado,2,30,Barrios Unidos,Volcamiento,,,Con Heridos,0,0,0,0,0,1,0,0,0,0,0,0,0,0,0,0,0,0,0,0,0,0,1001975.0,0.00046288074058253924,51.37976220466186,NQS,CL71A;SIMON-BOLIVAR,4.658674700000001,-74.1003293,1.0,63.886637930862065,60.52856321827586,174.0,58.0,1.0
218434,10581968,-74.12,4.666,KR 75  - CL 24   02,2022,Octubre,1,sábado,0,3,Fontibón,Choque,Vehículo,,Solo Daños,0,0,0,0,0,0,0,0,0,0,1,0,1,0,0,1,0,0,0,0,0,0,1000651.0,0.005380077389781592,597.1885902657567,KR72,CL153;CL163,4.669980600000001,-74.1163806,0.0,52.711948924999994,52.60233399508065,1399.0,124.0,0.0
218437,10582269,-74.09928026,4.57978708600001,KR 12 D  - CL 20  S 02,2022,Octubre,5,miércoles,22,0,Antonio Nariño,Choque,Vehículo,,Con Heridos,0,0,0,0,0,1,0,0,0,0,0,0,0,0,0,0,0,0,0,0,0,0,1000289.0,0.0030762335673725112,341.46192597834875,AV.CARACAS,CL13;CL19,4.5821952,-74.09736605,1.0,18.43088709709677,18.25327284983871,371.0,124.0,1.0
218440,10582050,-74.121,4.531,KR 14  - CL 67  S 02,2022,Octubre,1,sábado,19,14,Usme,Choque,Vehículo,,Con Heridos,0,0,0,0,0,1,0,0,0,1,0,0,0,0,0,0,0,0,0,0,0,1,1001959.0,0.010677883719158017,1185.2450928265398,"CL19,KR3",KR5;CL22,4.5343054,-74.1108466,0.0,10.525712365564516,10.421903993467742,534.0,124.0,0.0
218441,10582071,-74.112260149,4.61557342600003,TV 42  - CL 3 B  02,2022,Octubre,1,sábado,9,30,Puente Aranda,Choque,Vehículo,,Con Heridos,0,0,0,0,0,1,0,0,0,0,0,0,0,0,0,0,0,0,0,0,0,0,1000332.0,0.0044387155055088745,492.6974211114851,CL11SUR,KR7;KR10,4.6123352,-74.11529594999999,1.0,11.530611110833332,11.158364159416667,439.0,120.0,1.0
218443,10582375,-74.106,4.676,CL 63  - KR 73 A  02,2022,Octubre,6,jueves,10,53,Engativá,Choque,Vehículo,,Con Heridos,0,0,0,0,0,1,0,0,0,0,0,0,0,0,0,0,0,0,0,0,0,0,1000228.0,0.0027138877003319685,301.2415347368485,KR72,CL169;CL170,4.6733282,-74.10647610000001,1.0,31.253319444833334,30.98160682141667,889.0,120.0,1.0
218444,10582376,-74.1,4.704,CL 82  - KR 86   02,2022,Octubre,6,jueves,10,48,Engativá,Choque,Vehículo,,Con Heridos,1,0,0,0,0,0,0,0,0,0,0,0,0,0,0,0,0,0,0,0,0,0,1000963.0,0.0023135059649757807,256.79916211231165,CL72,KR64;KR70,4.7019356,-74.0989557,1.0,18.157638888666668,17.539013816500002,452.0,120.0,1.0
218445,10582377,-74.068,4.619,KR 7  - CL 32   02,2022,Octubre,8,sábado,0,50,Santa Fe,Atropello,,,Con Heridos,0,0,0,0,0,1,1,0,0,0,0,0,0,0,0,0,0,0,0,0,0,0,1000020.0,0.005288819500835799,587.0589645927737,KR7,CL79;CL76,4.618767350000001,-74.07328369999999,0.0,32.54702957024193,32.36028210991935,1628.0,124.0,0.0
218446,10582523,-74.092,4.573,CL 22  S- KR 6   02,2022,Octubre,11,martes,5,45,San Cristóbal,Atropello,,,Con Heridos,0,0,0,0,0,1,1,0,0,0,0,0,0,0,0,0,0,0,0,0,0,0,1000309.0,0.0026479981844767767,293.9277984769222,KR5,CL24;CL19,4.5750037500000005,-74.09373115,1.0,18.071922043064518,17.463803571048388,459.0,124.0,1.0
218447,10582643,-74.112,4.632,CL 13  - KR 60   02,2022,Octubre,12,miércoles,20,40,Puente Aranda,Choque,Vehículo,,Con Heridos,0,0,0,0,0,1,0,0,0,0,0,0,0,0,0,0,0,0,0,0,0,0,1000988.0,0.004967878846407918,551.4345519512789,CL80,KR76;KR71,4.628879899999999,-74.11586585,1.0,36.174502687983875,36.126671067580645,1567.0,124.0,1.0
218448,10582702,-74.088,4.585,KR 10  - CL 4   02,2022,Octubre,15,sábado,3,10,San Cristóbal,Choque,Vehículo,,Solo Daños,0,0,0,0,0,0,0,0,0,1,0,0,0,0,0,0,0,0,0,0,0,1,1000250.0,0.007584254575114237,841.8522578376803,AV.CARACAS,CL32;CL34,4.5900511,-74.0936575,0.0,41.034072580725805,37.723626120403225,490.0,124.0,0.0
218707,10582270,-74.071401281,4.66967500300001,KR 30  - CL 75   02,2022,Octubre,5,miércoles,20,25,Barrios Unidos,Choque,Vehículo,,Con Heridos,0,0,0,0,1,1,0,0,0,0,0,0,0,0,0,0,0,0,0,0,0,0,1000203.0,0.0013269965047995557,147.2966120327507,KR7,CL188;CL175,4.6708734,-74.0708314,1.0,23.419314516209674,22.17383881919355,860.0,124.0,1.0
218708,10582271,-74.0994686559,4.7049381803,CL 82  - KR 86   02,2022,Octubre,4,martes,17,40,Engativá,Choque,Vehículo,,Con Heridos,1,0,0,0,0,0,0,1,0,0,0,0,0,0,0,0,0,0,0,0,0,0,1000963.0,0.0030460814521755565,338.1150411914868,CL72,KR64;KR70,4.7019356,-74.0989557,1.0,11.263870967661289,11.106770481370967,508.0,124.0,1.0
218709,10582274,-74.083729264,4.5415533003,KR 13 B B E- CL 44 B  S 26,2022,Octubre,4,martes,7,12,San Cristóbal,Atropello,,,Con Heridos,0,0,0,0,1,1,1,0,0,0,0,0,0,0,0,0,0,0,0,0,0,0,1001959.0,0.028069235303011503,3115.685118634277,"CL19,KR3",KR5;CL22,4.5343054,-74.1108466,0.0,11.42936827951613,11.236159064435483,609.0,124.0,0.0
218710,10582280,-74.0906450684,4.5641140468,DG 28 BIS S- KR 1  E 02,2022,Octubre,4,martes,21,0,San Cristóbal,Choque,Vehículo,,Con Heridos,0,0,0,0,0,1,0,0,0,0,1,0,1,0,0,1,0,0,0,0,0,0,1000308.0,0.010439745510025413,1158.811751612821,KR5,CL27;CL24,4.57422605,-74.08804975000001,0.0,25.493333333145163,25.085522689435486,509.0,124.0,0.0
218711,10582281,-74.1085936863,4.7186686286,KR 103 C  - CL 86 A  02,2022,Octubre,4,martes,13,30,Engativá,Choque,Vehículo,,Con Heridos,0,0,0,0,0,1,0,0,0,0,0,0,0,0,0,0,0,0,0,0,0,0,1000711.0,0.009364026759484643,1039.4069703027953,KR86,CL72;CL66A,4.7274802000000005,-74.1054249,0.0,16.158013889333333,16.21566034325,821.0,120.0,0.0
218712,10582283,-74.1470321427,4.633416654,TV 78 C  - DG 6 B BIS A 02,2022,Octubre,5,miércoles,11,35,Kennedy,Caida de ocupante,,,Con Heridos,0,0,0,0,0,0,0,0,0,0,1,0,1,0,1,0,0,0,0,0,0,0,1000040.0,0.008026913652649962,890.9874154441458,KR24,CL72;CL80,4.627228499999999,-74.1419196,0.0,16.57571225017094,16.534936126239316,777.0,117.0,0.0
218713,10582291,-74.0960586463,4.7147565342,KR 91  - CL 95   02,2022,Octubre,5,miércoles,21,0,Engativá,Choque,Vehículo,,Con Heridos,0,0,0,0,0,1,0,0,0,1,0,0,0,0,0,0,0,0,0,0,0,1,1000731.0,0.0012606408169013683,139.93113067605188,TV86,CL90;KR91,4.7155579,-74.0970318,1.0,26.470080645483872,26.56334952387097,2136.0,124.0,1.0
218714,10582299,-74.1205257289,4.6799863771,CL 26  - KR 90   02,2022,Octubre,5,miércoles,14,10,Fontibón,Choque,Vehículo,,Solo Daños,0,1,0,0,0,0,0,0,0,1,0,0,0,0,0,0,0,0,0,0,0,1,1000238.0,0.0038573900352379497,428.17029391141244,CL134,KR58;KR53,4.68384265,-74.1204329,1.0,30.116902777416666,29.99021364458333,982.0,120.0,1.0
218715,10582488,-74.048,4.692,CL 106  - KR 17   02,2022,Octubre,7,viernes,20,30,Usaquén,Choque,Vehículo,,Solo Daños,0,0,0,0,0,0,0,0,0,1,0,0,0,0,0,0,0,0,0,0,0,1,1002011.0,0.0091879684416668,1019.8644970250148,AUTONORTE,PEPE.SIERRA;CL100,4.697067349999999,-74.05566425,0.0,40.338602150161286,40.378432486774194,1142.0,124.0,0.0
218716,10582502,-74.148,4.546,KR 19  - CL 70 G  S 02,2022,Octubre,10,lunes,9,0,Ciudad Bolívar,Atropello,,,Con Heridos,0,0,0,0,0,0,1,0,0,0,0,0,0,0,0,0,0,0,0,0,0,0,1001959.0,0.03895046598847773,4323.501724721028,"CL19,KR3",KR5;CL22,4.5343054,-74.1108466,0.0,11.378013889250001,11.289475661500001,553.0,120.0,0.0
218717,10582711,-74.088,4.614,KR 27  - CL 17   02,2022,Octubre,15,sábado,16,40,Los Mártires,Choque,Vehículo,,Solo Daños,0,0,0,0,0,1,0,0,0,0,0,0,0,0,0,0,0,0,0,0,0,0,1000034.0,0.0012258330065673122,136.06746372897166,CARACAS,CL80;CL72,4.613794,-74.08920839999999,1.0,8.545564515483871,8.339287633709677,371.0,124.0,1.0
218718,10582712,-74.055,4.699,AU NORTE - CL 116   02,2022,Octubre,16,domingo,4,23,Usaquén,Choque,,,Solo Daños,0,0,0,0,0,0,0,0,0,0,0,0,0,0,0,0,0,0,0,0,0,0,1002011.0,0.002043615444500706,226.8413143395784,AUTONORTE,PEPE.SIERRA;CL100,4.697067349999999,-74.05566425,1.0,48.344912280631576,44.78793191305263,354.0,95.0,1.0
218719,10582928,-74.108558563,4.62804329300002,AV AVENIDA DE LAS AMERICAS - KR 50   02,2022,Octubre,19,miércoles,12,41,Puente Aranda,Choque,Vehículo,,Con Heridos,0,0,0,0,0,1,0,1,0,0,0,0,0,0,0,0,0,0,0,0,0,0,1001934.0,0.0046975238838152375,521.4251511034913,TV80A,AV.AMERICAS;KR80,4.6273108,-74.1039185,1.0,11.057740112627117,9.777874293559323,357.0,118.0,1.0
218720,10582933,-74.097,4.674,CL 64 C  - KR 69 L  02,2022,Octubre,20,jueves,8,45,Engativá,Choque,Vehículo,,Con Heridos,0,0,0,0,0,0,0,0,0,1,0,0,0,0,0,0,0,0,0,0,0,1,1000195.0,0.001677556575057444,186.20877983137626,CL134,KR9;KR10,4.675439,-74.09786225,1.0,12.137865014214876,12.029826636363635,795.0,121.0,1.0
218721,10582957,-74.052,4.668,CL 85  - KR 11   02,2022,Octubre,19,miércoles,15,0,Chapinero,Choque,Vehículo,,Con Heridos,0,0,0,0,0,1,0,0,0,0,0,0,0,0,0,0,0,0,0,0,0,0,1000992.0,0.004340119160804963,481.7532268493509,CL80,KR89A;KR81,4.6638357,-74.0532228,1.0,21.529959676935484,21.268077956532256,370.0,124.0,1.0
218722,10582978,-74.117,4.582,KR 24  - CL 33  S 02,2022,Octubre,20,jueves,14,0,Rafael Uribe Uribe,Caida de ocupante,,,Con Heridos,0,0,0,0,0,0,0,1,0,0,1,0,1,0,0,1,0,0,0,0,0,0,1001976.0,0.004087985590109615,453.7664005021673,NQS,KR24;CL100,4.57921725,-74.11999465,1.0,38.81992816103448,38.38216088517242,591.0,116.0,1.0
218723,10582272,-74.04554990713,4.75921964246,AU NORTE - CL 182   02,2022,Octubre,5,miércoles,7,46,Usaquén,Caida de ocupante,,,Con Heridos,0,0,0,0,1,0,0,0,0,0,1,0,0,0,0,0,0,0,0,0,0,0,1000222.0,0.0040888310219691585,453.8602434385766,CL147,KR19;KR15,4.7597534,-74.04960375,1.0,17.007311827903226,16.19042746548387,528.0,124.0,1.0
218724,10582277,-74.1093367544,4.5119484744,CL 76 B  S- KR 7   02,2022,Octubre,4,martes,8,45,Usme,Choque,Vehículo,,Con Heridos,0,0,0,0,0,1,0,0,0,1,0,0,0,0,0,0,0,0,0,0,0,1,1001959.0,0.022407850321255456,2487.2713856593555,"CL19,KR3",KR5;CL22,4.5343054,-74.1108466,0.0,10.705303030082645,10.604086991404959,552.0,121.0,0.0
218725,10582789,-74.062,4.638,TV 4  - CL 52 A  02,2022,Octubre,17,lunes,20,55,Chapinero,Volcamiento,,,Con Heridos,0,0,0,0,0,1,0,0,0,0,0,0,0,0,0,0,0,0,0,0,0,0,1000007.0,0.002683196400284987,297.8348004316336,KR7,CL121;CL116,4.635579,-74.06084315,1.0,25.056290322419358,24.925556258387097,4153.0,124.0,1.0
218726,10582791,-74.057,4.687,AU NORTE - CL 100   02,2022,Octubre,17,lunes,5,0,Chapinero,Choque,Objeto Fijo,Otro,Con Heridos,0,1,0,0,0,0,0,0,0,0,0,0,0,0,0,0,0,0,0,0,0,0,1000036.0,0.0041526370732931,460.94271513553406,AUTONORTE,CL82;CL80,4.6830666,-74.05833145,1.0,49.491182795645166,48.41729131475807,507.0,124.0,1.0
218727,10583043,-74.133,4.701,CL 63  - KR 110 D BIS  02,2022,Octubre,23,domingo,4,0,Engativá,Choque,Vehículo,,Solo Daños,0,0,1,0,0,0,0,0,0,0,0,0,0,0,0,0,0,0,0,0,0,0,1000720.0,0.011611040648659582,1288.8255120012136,KR86,CL13C;CL19A,4.71067115,-74.12657465000001,0.0,29.6750403225,29.55767602669355,1011.0,124.0,0.0
218728,10583067,-74.111,4.616,TV 42  - CL 4 A  02,2022,Octubre,24,lunes,5,54,Puente Aranda,Choque,Vehículo,,Con Heridos,0,0,0,0,0,1,0,0,0,0,0,0,0,0,0,0,0,0,0,0,0,0,1001927.0,0.004255017664471058,472.3069607562874,TV42,CL2C;CL6,4.61554995,-74.10676885000001,1.0,31.65129704354839,31.513600275241938,1851.0,124.0,1.0
218729,10583079,-74.094551771,4.55216676600003,DG 39  S- KR 3  E 02,2022,Octubre,24,lunes,19,30,San Cristóbal,Atropello,,,Con Heridos,0,0,0,0,0,1,1,0,0,0,0,0,0,0,0,0,0,0,0,0,0,0,1000309.0,0.02285172328382572,2536.541284504655,KR5,CL24;CL19,4.5750037500000005,-74.09373115,0.0,11.796223118387097,11.646428069516128,689.0,124.0,0.0
218730,10583082,-74.1,4.689,KR 76  - CL 71   02,2022,Octubre,24,lunes,6,15,Engativá,Choque,Objeto Fijo,Inmueble,Solo Daños,0,1,0,0,0,0,0,0,0,0,0,0,0,0,0,0,0,0,0,0,0,0,1000226.0,0.005318490342653911,590.3524280345841,K15,CL134;CL147,4.68529385,-74.09618545000001,0.0,12.048389356134454,8.414547619579832,349.0,119.0,0.0
218731,10583098,-74.143,4.653,AC 13  - AV AVENIDA CIUDAD DE CALI  02,2022,Octubre,25,martes,21,16,Fontibón,Choque,Vehículo,,Con Muertos,0,0,0,0,0,1,0,0,0,0,1,0,0,0,0,0,0,0,0,0,0,0,1001019.0,0.003547756912824491,393.80101732351847,KR72,CL75;CL66A,4.65133785,-74.1398657,1.0,24.643064515806454,24.445653103709677,1919.0,124.0,1.0
218732,10583102,-74.124,4.629,CL 6  - KR 68 A  02,2022,Octubre,19,miércoles,9,0,Kennedy,Volcamiento,,,Con Heridos,1,0,0,0,0,0,0,0,0,0,0,0,0,0,0,0,0,0,0,0,0,0,1001926.0,0.005257078086736162,583.5356676277139,TV42,CL6;CL2C,4.6309451,-74.128884,0.0,24.91515277775,24.639932176000002,506.0,120.0,0.0
218733,10583106,-74.075,4.608,KR 13  - CL 19   02,2022,Octubre,24,lunes,22,0,Santa Fe,Choque,Vehículo,,Con Heridos,0,0,0,0,0,1,0,0,0,0,0,0,0,0,0,0,0,0,0,0,0,0,1000653.0,0.0014936293357104447,165.79285626385936,AV.CIRCUNVALAR,KR7;CL83,4.6066223,-74.07557695,1.0,48.92153225782258,45.89389784919355,369.0,124.0,1.0
218734,10583112,-74.0726803448,4.6010801831,CL 13  - KR 6   02,2022,Octubre,24,lunes,18,38,Santa Fe,Atropello,,,Con Heridos,0,0,0,0,1,0,1,0,0,0,0,0,0,0,0,0,0,0,0,0,0,0,1000055.0,0.0019060438506511164,211.57086742227392,KR11,CL116;CL106,4.6003184,-74.07093315,1.0,22.972862902499998,22.739925371129033,569.0,124.0,1.0
218735,10583116,-74.1876637359,4.6195044088,KR 86  - CL 60  S 02,2022,Octubre,25,martes,17,2,Kennedy,Choque,Vehículo,,Con Heridos,0,0,0,0,0,1,0,1,0,0,1,0,1,0,0,1,0,0,0,0,0,0,1002290.0,0.01895686225566542,2104.211710378862,AV.CL59SUR,CL59SUR;KR78C,4.6025243,-74.1792353,0.0,32.90294354782258,32.80367204274194,451.0,124.0,0.0
218736,10583117,-74.1347963253,4.565828318,CL 57  S- KR 19   17,2022,Octubre,24,lunes,14,0,Tunjuelito,Atropello,,,Con Heridos,0,0,0,0,0,0,1,0,0,0,0,0,0,0,0,0,0,0,0,0,0,0,1002271.0,0.018673918221342484,2072.8049225690156,KR72,KR1;KR4AE,4.582431,-74.12624845,0.0,18.5390555555,18.538049705833334,555.0,120.0,0.0
218737,10583120,-74.181732672,4.60092219299997,CL 65  S- KR 78   02,2022,Octubre,25,martes,19,54,Bosa,Atropello,,,Con Heridos,1,0,0,0,0,0,0,0,0,0,1,0,1,0,1,0,0,0,0,0,0,0,1002290.0,0.0029670884290655085,329.34681562627145,AV.CL59SUR,CL59SUR;KR78C,4.6025243,-74.1792353,1.0,33.26977150516129,31.811696177096774,449.0,124.0,1.0
218774,10582125,-74.098148688,4.572328895,CL 27  S- KR 10   02,2022,Octubre,2,domingo,17,30,Rafael Uribe Uribe,Atropello,,,Con Heridos,0,0,0,0,0,0,1,1,0,0,0,0,0,0,0,0,0,0,0,0,0,0,1000309.0,0.00516425127704467,573.2318917519584,KR5,CL24;CL19,4.5750037500000005,-74.09373115,0.0,10.747526882258065,10.795503687096774,727.0,124.0,0.0
218775,10582139,-74.079858402,4.73508622399999,CL 145  - KR 83   02,2022,Octubre,1,sábado,7,34,Suba,Choque,Vehículo,,Solo Daños,0,0,0,0,0,1,0,0,0,0,0,0,0,0,0,0,0,0,0,0,0,0,1000953.0,0.002098861288582242,232.97360303262886,AV.CORDOBA,AV.SUBA;CL127,4.73683785,-74.0810147,1.0,20.48747311830645,20.156060355725806,484.0,124.0,1.0
218776,10582143,-74.165,4.691,CL 17  - KR 129   02,2022,Octubre,1,sábado,18,40,Fontibón,Choque,Vehículo,,Solo Daños,0,0,0,0,0,1,0,0,0,0,0,0,0,0,0,0,0,0,0,0,0,0,1000982.0,0.014441339851714485,1602.9887235403078,DIAG16,KR123;KR106,4.67875865,-74.15733829999999,0.0,23.703010752419356,23.73652137322581,1606.0,124.0,0.0
218777,10582159,-74.11,4.545,CL 49 B  S- KR 3   02,2022,Octubre,2,domingo,17,45,Rafael Uribe Uribe,Choque,Vehículo,,Con Heridos,0,0,0,0,0,1,0,0,0,0,1,0,1,0,0,1,0,0,0,0,0,0,1001959.0,0.01072805670753106,1190.8142945359475,"CL19,KR3",KR5;CL22,4.5343054,-74.1108466,0.0,9.16922043048387,8.986050237580645,476.0,124.0,0.0
218778,10582160,-74.046,4.675,KR 10  - CL 93 A  02,2022,Octubre,2,domingo,13,8,Chapinero,Choque,Vehículo,,Con Heridos,0,0,0,0,0,1,0,1,0,0,0,0,0,0,0,0,0,0,0,0,0,0,1000097.0,0.0044693929257753244,496.10261476106103,KR9,CL161;CL165,4.67150165,-74.04878155,1.0,20.066375000083333,19.886861111250003,360.0,120.0,1.0
218779,10582166,-74.098,4.604,CL 5 A  - KR 28 A  02,2022,Octubre,2,domingo,18,29,Los Mártires,Choque,Vehículo,,Con Heridos,0,0,0,0,1,0,0,0,0,0,0,0,0,0,0,0,0,0,0,0,0,0,1001948.0,0.0003427615205900344,38.04652878549382,"KR50,CL13",CL5A;KR47,4.6041161,-74.0976775,1.0,14.650873656048386,12.037479839112903,375.0,124.0,1.0
219009,10582983,-74.101193965,4.585908308,KR 19  - CL 17  S 02,2022,Octubre,21,viernes,21,30,Antonio Nariño,Atropello,,,Con Heridos,0,0,0,0,0,0,1,1,0,0,0,0,0,0,0,0,0,0,0,0,0,0,1000263.0,0.0038298203079110507,425.11005417812663,AV.CARACAS,CL24;CL26,4.5897272000000005,-74.10090485,1.0,23.32301075282258,23.226071560725806,802.0,124.0,1.0
219010,10582994,-74.085,4.589,KR 10  - CL 1  S 02,2022,Octubre,22,sábado,2,46,Antonio Nariño,Atropello,,,Con Heridos,0,0,0,0,0,1,1,0,0,0,0,0,0,0,0,0,0,0,0,0,0,0,1001961.0,0.003087831731151766,342.749322157846,CL22,KR1;KR3,4.5900896,-74.08211080000001,1.0,22.724320987530863,12.12993827111111,226.0,81.0,1.0
219011,10583001,-74.103,4.682,KR 74  - CL 65 A  02,2022,Octubre,22,sábado,17,0,Engativá,Choque,Vehículo,,Con Heridos,0,0,0,0,0,1,0,0,0,1,0,0,0,0,0,0,0,0,0,0,0,1,1000226.0,0.007568853250316211,840.1427107850994,K15,CL134;CL147,4.68529385,-74.09618545000001,0.0,12.470833332983872,11.124370967338711,389.0,124.0,0.0
219012,10583017,-74.094,4.688,KR 72  - CL 73   02,2022,Octubre,21,viernes,5,45,Engativá,Choque,Vehículo,,Solo Daños,0,1,0,0,0,0,0,1,0,0,0,0,0,0,0,0,0,0,0,0,0,0,1000226.0,0.003478424862643522,386.10515975343094,K15,CL134;CL147,4.68529385,-74.09618545000001,1.0,17.20601010111111,9.426102693838384,277.0,99.0,1.0
219070,10582168,-74.145,4.539,KR 18 C A - CL 77 A  S 02,2022,Octubre,3,lunes,15,27,Rafael Uribe Uribe,Atropello,,,Con Heridos,0,1,0,0,1,0,1,0,0,0,0,0,0,0,0,0,0,0,0,0,0,0,1001959.0,0.034474541341685455,3826.6740889270854,"CL19,KR3",KR5;CL22,4.5343054,-74.1108466,0.0,10.965631720483872,10.912950588951613,519.0,124.0,0.0
219071,10582301,-74.16141880037,4.59618532278,CL 57 R  S- KR 70 C  02,2022,Octubre,4,martes,23,5,Bosa,Choque,Vehículo,,Con Heridos,0,0,0,0,0,0,0,0,0,0,0,0,0,0,0,0,0,0,0,0,0,0,1001946.0,0.003058348494729555,339.4766829149806,"AV.P.MAYO,CL26SUR",KR72;KR78K,4.5960945,-74.1644758,1.0,21.804556451532257,20.396500479758064,429.0,124.0,1.0
219072,10582303,-74.10857109015,4.70237945764,KR 92  - CL 75   02,2022,Octubre,6,jueves,3,57,Engativá,Choque,Vehículo,,Solo Daños,0,0,0,0,0,0,0,0,0,0,1,0,1,0,0,1,0,0,0,0,0,0,1000759.0,0.006041724312672966,670.6313987066992,KR80,CL26SUR;CL38CSUR,4.69774235,-74.10469815,0.0,26.330860215161287,26.08792675016129,521.0,124.0,0.0
219107,10582524,-74.121,4.603,KR 50  - AV AVENIDA PRIMERO DE MAYO  02,2022,Octubre,9,domingo,18,40,Puente Aranda,Choque,Vehículo,,Con Heridos,0,0,0,0,0,1,0,0,0,1,0,0,0,0,0,0,0,0,0,0,0,1,1000957.0,0.0016479871662071143,182.9265754489897,AV.P.MAYO,DIAG19SUR;AV.CARACAS,4.6016787,-74.1200151,1.0,7.029059140080645,6.982356623870968,1004.0,124.0,1.0
219108,10582529,-74.121,4.556,CL 51  S- KR 7   02,2022,Octubre,10,lunes,15,0,Rafael Uribe Uribe,Choque,Vehículo,,Con Heridos,0,0,0,0,0,1,0,0,0,0,0,0,0,0,0,0,0,0,0,0,0,0,1000325.0,0.019566038612991353,2171.8302860420404,AV.CARACAS,AV.PRIMERO_MAYO;CL11SUR,4.57490245,-74.11594754999999,0.0,21.12051490504065,20.876978319674798,366.0,123.0,0.0
219109,10582535,-74.11,4.505,KR 7  - CL 89  S 02,2022,Octubre,10,lunes,1,20,Usaquén,Atropello,,,Con Heridos,0,0,0,0,0,0,1,1,0,1,0,0,0,0,0,0,0,0,0,0,0,1,1001959.0,0.029317626109902097,3254.2564981991327,"CL19,KR3",KR5;CL22,4.5343054,-74.1108466,0.0,13.008104838709679,11.93458272564516,441.0,124.0,0.0
219110,10582669,-74.105,4.705,CL 80  - KR 90 A  02,2022,Octubre,13,jueves,10,0,Engativá,Choque,Vehículo,,Con Heridos,0,0,0,0,0,1,0,0,0,0,0,0,0,0,0,0,0,0,0,0,0,0,1000963.0,0.006776732977622267,752.2173605160716,CL72,KR64;KR70,4.7019356,-74.0989557,0.0,18.157638888666668,17.539013816500002,452.0,120.0,0.0
219111,10582678,-74.169,4.694,KR 135  - CL 17   02,2022,Octubre,14,viernes,0,1,Fontibón,Choque,Vehículo,,Con Heridos,0,1,0,0,0,1,0,0,0,0,0,0,0,0,0,0,0,0,0,0,0,0,1000982.0,0.019190987382430743,2130.1995994498125,DIAG16,KR123;KR106,4.67875865,-74.15733829999999,0.0,42.0040053766129,41.72920068758065,651.0,124.0,0.0
219393,10582679,-74.2,4.603,CL 73 C  S- KR 77 M  02,2022,Octubre,14,viernes,9,0,Bosa,Atropello,,,Con Heridos,0,0,0,0,0,0,1,1,0,0,0,0,0,0,0,0,0,0,0,0,0,0,1002290.0,0.020770148207945836,2305.486451081988,AV.CL59SUR,CL59SUR;KR78C,4.6025243,-74.1792353,0.0,27.544013888583333,27.3159205025,486.0,120.0,0.0
219394,10582682,-74.159,4.586,DG 67 A  S- TV 69 B  02,2022,Octubre,15,sábado,11,40,Ciudad Bolívar,Choque,Objeto Fijo,Otro,Con Muertos,0,0,0,0,0,1,0,0,0,0,0,0,0,0,0,0,0,0,0,0,0,0,1001946.0,0.0114840461462846,1274.7291222375907,"AV.P.MAYO,CL26SUR",KR72;KR78K,4.5960945,-74.1644758,0.0,13.672471264051724,13.41104412939655,436.0,116.0,0.0
219395,10582739,-74.11,4.665,CL 48  - KR 71   02,2022,Octubre,15,sábado,20,35,Engativá,Otro,,,Con Heridos,0,0,0,0,0,1,0,0,0,0,0,0,0,0,0,0,0,0,0,0,0,0,1001014.0,0.004737187159327375,525.8277746853387,KR72,CL138;CL153,4.66028985,-74.1094946,1.0,26.302930107741936,26.06818338798387,3108.0,124.0,1.0
219396,10583131,-74.1528384547,4.6546880549,CL 10  - KR 90 A  02,2022,Octubre,24,lunes,15,10,Kennedy,Choque,Vehículo,,Con Heridos,0,0,0,0,0,1,0,1,0,1,0,0,0,0,0,0,0,0,0,0,0,1,1001033.0,0.0013677278181738908,151.81778781730188,CL72,KR76;KR70,4.6540506,-74.15404855,1.0,19.448776881935483,19.451571940725806,585.0,124.0,1.0
219397,10583132,-74.1980226125,4.6081485483,KR 80 J  - CL 73  S 02,2022,Octubre,24,lunes,11,0,Bosa,Choque,Vehículo,,Con Heridos,1,0,0,0,1,1,0,0,0,0,0,0,0,0,0,0,0,0,0,0,0,0,1002290.0,0.019611100935759206,2176.832203869272,AV.CL59SUR,CL59SUR;KR78C,4.6025243,-74.1792353,0.0,29.884294872136753,29.630863485470083,460.0,117.0,0.0
219398,10583228,-74.21253351157,4.63008222748,CL 63  S- KR 98 A  02,2022,Octubre,26,miércoles,11,47,Bosa,Atropello,,,Con Heridos,0,0,0,0,0,1,1,1,0,0,0,0,0,0,0,0,0,0,0,0,0,0,1000981.0,0.04100878333351569,4551.9749500202415,DIAG16,KR90;KR97,4.6495069,-74.176417,0.0,32.00728448206897,31.810588040948275,1444.0,116.0,0.0
219399,10583172,-74.1469865032,4.6491216469,KR 86  - CL 10   02,2022,Octubre,25,martes,11,22,Kennedy,Choque,Vehículo,,Con Heridos,0,0,0,0,0,1,0,0,0,0,1,0,1,0,0,1,0,0,0,0,0,0,1001019.0,0.007457707046641052,827.8054821771568,KR72,CL75;CL66A,4.65133785,-74.1398657,0.0,14.090833333162394,14.018807987863248,1899.0,117.0,0.0
220263,10583144,-74.0537311715,4.7066649789,CL 127  - KR 45   02,2022,Octubre,24,lunes,17,20,Usaquén,Atropello,,,Con Heridos,0,0,0,0,0,0,0,0,0,0,0,0,0,0,0,0,0,0,0,0,0,0,1000970.0,0.004093845205117465,454.41681776803864,CL34,KR19;AV.CARACAS,4.705220199999999,-74.0575616,1.0,12.785456989193548,12.691483829193547,873.0,124.0,1.0
220525,10582142,-74.153,4.643,KR 86  - CL 6 D  02,2022,Octubre,2,domingo,7,5,Kennedy,Choque,Vehículo,,Con Heridos,0,0,0,0,0,1,0,0,0,0,1,0,0,0,0,0,0,0,0,0,0,0,1001033.0,0.011100235018344586,1232.1260870362491,CL72,KR76;KR70,4.6540506,-74.15404855,0.0,16.733306451854837,16.414947326290324,747.0,124.0,0.0
220527,10582146,-74.086,4.693,KR 70 C  - CL 80   02,2022,Octubre,2,domingo,19,0,Engativá,Choque,Vehículo,,Solo Daños,0,0,0,0,0,0,0,0,0,1,0,0,0,0,0,0,0,0,0,0,0,1,1001728.0,0.0040865174721250175,453.60343940587694,KR68,CL19;CL13,4.6964728,-74.0838461,1.0,15.24983024675926,15.20919637574074,1524.0,108.0,1.0
220528,10582153,-74.183,4.607,CL 63  S- KR 79 C  02,2022,Octubre,3,lunes,6,5,Bosa,Choque,Vehículo,,Con Heridos,0,0,0,0,0,1,0,0,0,0,0,0,0,0,0,0,0,0,0,0,0,0,1002290.0,0.005848491820977524,649.1825921285051,AV.CL59SUR,CL59SUR;KR78C,4.6025243,-74.1792353,0.0,21.571075268548388,21.19583339717742,540.0,124.0,0.0
220530,10582171,-74.073,4.645,CL 57  - TV 25   02,2022,Octubre,3,lunes,20,30,Teusaquillo,Choque,Vehículo,,Con Heridos,0,0,0,0,0,1,0,1,0,0,0,0,0,0,0,0,0,0,0,0,0,0,1000660.0,0.001634806857089383,181.4635611369215,AV.CIRCUNVALAR,CL59;CL69,4.6451685000000005,-74.0713739,1.0,41.833427419274194,41.23850608322581,540.0,124.0,1.0
220531,10582176,-74.113,4.595,KR 22  - CL 27  E 02,2022,Octubre,3,lunes,17,30,Antonio Nariño,Atropello,,,Con Heridos,0,0,0,0,0,1,1,1,0,0,0,0,0,0,0,0,0,0,0,0,0,0,1000287.0,0.004582636558252392,508.67265796601555,AV.CARACAS,CL19;CL24,4.5992140500000005,-74.11480065,1.0,14.783467742016128,14.516959637500001,1328.0,124.0,1.0
220532,10582181,-74.046,4.704,KR 17 A  - CL 125   02,2022,Octubre,3,lunes,7,50,Usaquén,Choque,Vehículo,,Solo Daños,0,0,0,0,0,0,0,0,0,1,0,0,0,0,0,0,0,0,0,0,0,1,1002018.0,0.0035181843101334577,390.5184584248138,AUTONORTE,ALCALA;CL146,4.705305,-74.0427328,1.0,31.84799731217742,31.51023827870968,478.0,124.0,1.0
220533,10582183,-74.15,4.645,KR 83  - CL 8   02,2022,Octubre,2,domingo,20,40,Kennedy,Atropello,,,Con Heridos,0,0,0,0,0,1,1,0,0,0,0,0,0,0,0,0,0,0,0,0,0,0,1001033.0,0.00991484328985824,1100.5476051742646,CL72,KR76;KR70,4.6540506,-74.15404855,0.0,27.366626343790323,27.169730702903227,516.0,124.0,0.0
220534,10582186,-74.109,4.633,KR 57  - CL 17   02,2022,Octubre,1,sábado,13,45,Puente Aranda,Choque,Vehículo,,Solo Daños,0,1,0,0,0,0,0,0,0,0,0,0,0,0,0,0,0,0,0,0,0,0,1001934.0,0.007628147802047621,846.7244060272859,TV80A,AV.AMERICAS;KR80,4.6273108,-74.1039185,0.0,11.958750000416668,10.5863513895,372.0,120.0,0.0
220535,10583203,-74.06574694102,4.64413911926,KR 14 A  - CL 57   02,2022,Octubre,26,miércoles,15,5,Teusaquillo,Atropello,,,Con Heridos,0,0,0,0,1,0,1,0,0,0,0,0,0,0,0,0,0,0,0,0,0,0,1000941.0,0.0037984378706353576,421.6266036405247,CL24,KR10;KR5,4.6406639,-74.06421365,1.0,10.578157181463414,9.57041463398374,380.0,123.0,1.0
220536,10583209,-74.144579155,4.67154037699999,CL 17  - KR 98   02,2022,Octubre,25,martes,11,0,Fontibón,Choque,Vehículo,,Con Heridos,0,0,0,0,0,1,0,0,0,0,0,0,0,0,0,0,0,0,0,0,0,0,1000648.0,0.0018478246982099157,205.10854150130064,KR72,CL134;CL138,4.6698867,-74.14375465,1.0,35.82477207982905,35.80450614581197,5251.0,117.0,1.0
220537,10583212,-74.09608004277,4.74082675098,CL 139  - KR 103   02,2022,Octubre,26,miércoles,13,30,Suba,Choque,Vehículo,,Con Heridos,1,0,0,0,0,0,0,0,0,0,1,0,1,0,1,0,0,0,0,0,0,0,1001032.0,0.0018592612258370056,206.37799606790762,CL72,KR70;KR76,4.73918995,-74.09519815,1.0,20.217805555583332,20.234049437833335,658.0,120.0,1.0
220538,10583214,-74.02755228464,4.76408976053,KR 7  - CL 187 B  02,2022,Octubre,26,miércoles,18,50,Usaquén,Choque,Vehículo,,Solo Daños,0,0,0,0,0,0,0,0,0,0,1,0,1,0,0,1,0,0,0,0,0,0,1000088.0,0.005894738018517329,654.3159200554236,KR19,CL159;CL152,4.7601672,-74.03195245,0.0,19.205658602419355,19.20566100225806,530.0,124.0,0.0
220556,10582231,-74.071,4.657,CL 66  - KR 24   02,2022,Octubre,3,lunes,13,30,Barrios Unidos,Choque,Vehículo,,Solo Daños,0,0,0,0,0,0,0,1,0,0,1,0,1,0,0,1,0,0,0,0,0,0,1000959.0,0.00432617914099601,480.20588465055715,KR50,CL24;CL53,4.653171,-74.0689864,1.0,23.854013889083333,23.823187289833335,898.0,120.0,1.0
220558,10582246,-74.151,4.659,CL 13  - KR 96 B  02,2022,Octubre,4,martes,23,51,Fontibón,Choque,Vehículo,,Solo Daños,0,1,0,0,0,0,0,0,0,0,0,0,0,0,0,0,0,0,0,0,0,0,1001033.0,0.0058129353568155935,645.2358246065309,CL72,KR76;KR70,4.6540506,-74.15404855,0.0,35.61141129032258,35.31983525354839,454.0,124.0,0.0
220559,10582247,-74.173,4.596,CL 57 R  S- KR 74 G  02,2022,Octubre,4,martes,20,35,Bosa,Choque,Vehículo,,Solo Daños,0,0,0,0,0,0,0,0,0,0,1,0,1,0,1,0,0,0,0,0,0,0,1001946.0,0.008524723801387414,946.244341954003,"AV.P.MAYO,CL26SUR",KR72;KR78K,4.5960945,-74.1644758,0.0,14.891290322096774,14.631157811774193,513.0,124.0,0.0
220560,10583145,-74.0611855286,4.6707552486,CL 83  - KR 21 A  02,2022,Octubre,24,lunes,11,54,Barrios Unidos,Choque,Vehículo,,Con Heridos,0,0,0,0,0,1,0,0,0,0,0,0,0,0,0,0,0,0,0,0,0,0,1000338.0,0.006675325447691845,740.9611246937948,KR9,CL147;CL161,4.6704867,-74.06785545,0.0,29.663276352905985,29.43807746897436,688.0,117.0,0.0
220561,10583146,-74.0648671957,4.7507004058,CL 167  - KR 72   02,2022,Octubre,23,domingo,19,0,Suba,Atropello,,,Con Heridos,0,0,0,0,0,1,1,1,0,0,0,0,0,0,0,0,0,0,0,0,0,0,1000231.0,0.0077294984331689204,857.9743260817502,CL127,KR19;KR51A,4.7571278,-74.06916065,0.0,18.120443548387097,17.932653156774194,883.0,124.0,0.0
220562,10583148,-74.0647321776,4.6003599414,AV AVENIDA CIRCUNVALAR DEL SUR - CL 18   23,2022,Octubre,25,martes,13,45,Candelaria,Choque,Objeto Fijo,Baranda,Con Heridos,0,0,0,0,0,0,0,0,0,0,0,0,0,0,0,0,0,0,0,0,0,0,1000055.0,0.006201111544990391,688.3233814939334,KR11,CL116;CL106,4.6003184,-74.07093315,0.0,25.552583334,25.52386613766667,563.0,120.0,0.0
220563,10583196,-74.084169026,4.63090919400003,KR 34 A  - CL 25 F  02,2022,Octubre,27,jueves,8,15,Teusaquillo,Choque,Vehículo,,Con Heridos,0,0,0,0,0,1,0,0,0,0,0,0,0,0,0,0,0,0,0,0,0,0,1002038.0,0.0014702297282402654,163.19549983466945,CL26,GOBERNACION;CAN,4.629466150000001,-74.08445045,1.0,40.33807162561983,39.69792544214876,783.0,121.0,1.0
220564,10583193,-74.05318938999,4.71303276157,KR 45  - CL 128 A  02,2022,Octubre,27,jueves,8,17,Usaquén,Choque,Vehículo,,Con Heridos,0,0,0,0,0,1,0,0,0,0,0,0,0,0,0,0,0,0,0,0,0,0,1001952.0,0.0056690821091215935,629.2681141124968,KR15,CL106;CL100,4.71847495,-74.0516016,0.0,11.445458333,10.57770711575,479.0,120.0,0.0
220565,10583198,-74.1314664263,4.72263117945,CL 77 B  - KR 119 A  02,2022,Octubre,27,jueves,8,7,Engativá,Choque,Vehículo,,Con Heridos,1,0,0,0,0,0,0,0,0,0,1,0,1,0,0,1,0,0,0,0,0,0,1000720.0,0.01292175606541085,1434.3149232606042,KR86,CL13C;CL19A,4.71067115,-74.12657465000001,0.0,19.788925619752067,19.705447917768595,1343.0,121.0,0.0
220566,10583199,-74.114085481,4.62983726300001,KR 60  - CL 11   02,2022,Octubre,27,jueves,22,24,Puente Aranda,Choque,Vehículo,,Con Muertos,0,0,0,0,0,1,0,0,0,0,0,0,0,0,0,0,0,0,0,0,0,0,1000988.0,0.00202144940326466,224.3808837623773,CL80,KR76;KR71,4.628879899999999,-74.11586585,1.0,39.29196236548387,39.216917948145166,1192.0,124.0,1.0
220567,10583204,-74.1189995188,4.70595081784,CL 72  - KR 104   02,2022,Octubre,26,miércoles,22,40,Engativá,Choque,Vehículo,,Con Heridos,0,0,1,0,0,0,0,0,0,0,0,0,0,0,0,0,0,0,0,0,0,0,1000722.0,0.007635078883117834,847.4937560260796,KR86,CL10;CL13C,4.6984233,-74.11772245,0.0,42.59633064483871,42.426377198306454,1423.0,124.0,0.0
220568,10583208,-74.09466651861,4.6002297895,KR 24  - CL 4 B  02,2022,Octubre,26,miércoles,10,42,Los Mártires,Atropello,,,Con Heridos,0,0,0,0,0,1,1,0,0,0,0,0,0,0,0,0,0,0,0,0,0,0,1000943.0,0.001467185444021519,162.8575842863886,TV39,CL13;CL19,4.6006855,-74.0932719,1.0,17.36693055575,15.22817738125,384.0,120.0,1.0
220569,10583213,-74.100248418,4.703145592,AV AVENIDA CIUDAD DE CALI - CL 80   02,2022,Octubre,25,martes,9,50,Engativá,Caida de ocupante,,,Con Heridos,0,0,0,0,0,0,0,0,0,0,1,0,1,0,0,1,0,0,0,0,0,0,1000963.0,0.001770649730351701,196.54212006903882,CL72,KR64;KR70,4.7019356,-74.0989557,1.0,20.312652777416666,19.88055568791667,435.0,120.0,1.0
220570,10583220,-74.0657415766,4.67851289258,KR 50  - CL 87   02,2022,Octubre,25,martes,8,30,Barrios Unidos,Choque,Vehículo,,Solo Daños,0,0,0,0,0,0,0,0,0,0,0,0,0,0,0,0,0,0,0,0,0,0,1001046.0,0.0011551564524344552,128.22236622022453,KR68,CL13;CL19,4.67945395,-74.0664115,1.0,14.454764151226415,14.476312690377357,1899.0,106.0,1.0
220571,10583221,-74.03478888457,4.8204277202,AU NORTE - CL 245   02,2022,Octubre,26,miércoles,15,30,Usaquén,Choque,Vehículo,,Solo Daños,0,0,0,0,0,0,0,0,0,0,1,0,0,0,0,0,0,0,0,0,0,0,1001829.0,0.05911232005001835,6561.467525552036,KR19,CL152;CL147,4.76739575,-74.06090165,0.0,11.824973118709678,11.829488519435483,738.0,124.0,0.0
220572,10583222,-74.066454657,4.63847074400002,KR 14  - CL 51   02,2022,Octubre,26,miércoles,17,2,Chapinero,Atropello,,,Con Heridos,0,0,0,0,0,1,1,0,0,0,0,0,0,0,0,0,0,0,0,0,0,0,1000941.0,0.0031356092891614215,348.05263109691776,CL24,KR10;KR5,4.6406639,-74.06421365,1.0,10.366801075241936,9.486598694032258,394.0,124.0,1.0
220573,10583226,-74.104064979,4.69435986954,CL 72  - KR 83   02,2022,Octubre,26,miércoles,15,21,Engativá,Caida de ocupante,,,Con Heridos,0,0,0,0,0,0,0,0,0,0,1,0,1,0,0,1,0,0,0,0,0,0,1000748.0,0.0018741618960298812,208.03197045931682,KR68,CL3;CL13,4.692486049999999,-74.1041008,1.0,22.828416667166668,22.488357314166667,465.0,60.0,1.0
220574,10583229,-74.11386040633,4.66373488907,AV AVENIDA BOYACA - CL 25   02,2022,Octubre,26,miércoles,22,30,Fontibón,Choque,Vehículo,,Con Heridos,0,0,0,0,0,1,0,0,0,0,1,0,0,0,0,0,0,0,0,0,0,0,1001014.0,0.005561345080544256,617.3093039404124,KR72,CL138;CL153,4.66028985,-74.1094946,0.0,37.12770161306452,37.03260277959677,2217.0,124.0,0.0
220575,10583231,-74.11816266959,4.65915813602,KR 72  - CL 23   02,2022,Octubre,26,miércoles,6,36,Fontibón,Choque,Vehículo,,Con Heridos,0,1,0,0,0,1,0,0,0,0,0,0,0,0,0,0,0,0,0,0,0,0,1001014.0,0.008741636399990229,970.3216403989154,KR72,CL138;CL153,4.66028985,-74.1094946,0.0,34.84851478483871,34.77953299774193,3389.0,124.0,0.0
220576,10583256,-74.08346561377,4.77266985166,KR 111  - CL 170   02,2022,Octubre,19,miércoles,13,43,Suba,Choque,Objeto Fijo,Poste,Solo Daños,0,0,0,0,0,0,0,0,0,0,0,0,0,0,0,0,0,0,0,0,0,0,1000194.0,0.008848120045193893,982.1413250165222,CL134,KR19;KR15,4.7647057,-74.07961055000001,0.0,31.630249999916668,31.230436401000002,993.0,120.0,0.0
220577,10583261,-74.03505710547,4.71324317904,KR 10  - CL 134   02,2022,Octubre,30,domingo,2,15,Usaquén,Choque,Vehículo,,Solo Daños,0,0,0,0,0,0,0,0,0,1,0,0,0,0,0,0,0,0,0,0,0,1,1000051.0,0.0052684849331827936,584.8018275832901,CL116,KR15;KR11,4.7180052,-74.0328032,0.0,19.533183060081967,13.965441940163934,375.0,122.0,0.0
220578,10583350,-74.19872549956,4.63427419404,KR 97 C  - CL 63  S 02,2022,Octubre,28,viernes,20,26,Bosa,Atropello,,,Con Heridos,0,0,0,0,1,0,1,0,0,0,1,0,0,0,0,0,0,0,0,0,0,0,1000981.0,0.02701304284012182,2998.4477552535222,DIAG16,KR90;KR97,4.6495069,-74.176417,0.0,34.119516129274196,34.06671978709678,1705.0,124.0,0.0
220579,10583352,-74.12480381911,4.65086002182,KR 72  - CL 18 A  02,2022,Octubre,28,viernes,22,45,Fontibón,Choque,Vehículo,,Con Heridos,0,0,0,0,0,1,0,0,0,0,0,0,0,0,0,0,0,0,0,0,0,0,1000775.0,0.001456054376756008,161.62203581991687,CL17,KR128;KR123,4.65006275,-74.1260222,1.0,24.59706989201613,24.31980944274194,1097.0,124.0,1.0
220580,10582187,-74.058,4.707,CL 127  - KR 50   02,2022,Octubre,3,lunes,8,8,Suba,Choque,Vehículo,,Con Heridos,0,0,0,0,0,1,0,0,0,0,0,0,0,0,0,0,0,0,0,0,0,0,1000970.0,0.00183299825422938,203.46280621946116,CL34,KR19;AV.CARACAS,4.705220199999999,-74.0575616,1.0,10.846652892314049,10.708908058512398,972.0,121.0,1.0
220581,10582194,-74.136,4.68,KR 100  - CL 23 G  02,2022,Octubre,3,lunes,16,35,Fontibón,Choque,Vehículo,,Con Heridos,1,1,0,1,0,0,0,0,0,0,0,0,0,0,0,0,0,0,0,0,0,0,1001344.0,0.008333869277387043,925.0594897899617,DIAG16,KR97;KR90,4.6757841,-74.14318885,0.0,24.100443548145158,23.822075910241935,1702.0,124.0,0.0
220582,10582205,-74.114,4.596,AU SUR - AV AVENIDA PRIMERO DE MAYO  02,2022,Octubre,4,martes,8,15,Puente Aranda,Choque,Vehículo,,Con Heridos,1,0,0,0,0,1,0,0,0,0,0,0,0,0,0,0,0,0,0,0,0,0,1000287.0,0.0033122738149202187,367.6623934561443,AV.CARACAS,CL19;CL24,4.5992140500000005,-74.11480065,1.0,15.03626721768595,14.679040306694214,1918.0,121.0,1.0
220584,10582212,-74.102,4.567,AK 10  - CL 37  S 02,2022,Octubre,3,lunes,13,25,Rafael Uribe Uribe,Choque,Vehículo,,Solo Daños,0,0,0,0,0,0,0,0,0,0,1,0,1,0,0,1,0,0,0,0,0,0,1000309.0,0.011507992630564545,1277.3871819926644,KR5,CL24;CL19,4.5750037500000005,-74.09373115,0.0,10.980319444416667,10.865346999916666,660.0,120.0,0.0
220585,10582213,-74.169,4.604,KR 77 G  - CL 65 A  S 02,2022,Octubre,3,lunes,21,7,Bosa,Choque,Vehículo,,Con Heridos,0,1,0,0,0,1,0,0,0,0,0,0,0,0,0,0,0,0,0,0,0,0,1001946.0,0.009108529842401536,1011.0468125065705,"AV.P.MAYO,CL26SUR",KR72;KR78K,4.5960945,-74.1644758,0.0,16.04442204282258,15.59621991782258,474.0,124.0,0.0
220586,10582214,-74.107,4.598,KR 30  - CL 8   02,2022,Octubre,4,martes,20,5,Puente Aranda,Atropello,,,Con Heridos,0,0,0,0,0,1,1,0,0,0,0,0,0,0,0,0,0,0,0,0,0,0,1000675.0,0.00502982999836854,558.311129818908,KR11,CL76;CL72,4.602983699999999,-74.10632035,0.0,13.76932795717742,13.647748023870967,981.0,124.0,0.0
220587,10582226,-74.097,4.594,CL 1  - KR 24   02,2022,Octubre,3,lunes,15,0,Antonio Nariño,Choque,Vehículo,,Con Heridos,0,0,0,0,0,1,0,0,0,0,0,0,0,0,0,0,0,0,0,0,0,0,1000247.0,0.0013383829515511633,148.56050762217913,AV.CARACAS,CL39;CL34,4.595314950000001,-74.09724935,1.0,19.053387096935484,18.684313827741935,1621.0,124.0,1.0
220588,10582232,-74.074,4.642,KR 24  - CL 53   02,2022,Octubre,4,martes,21,20,Teusaquillo,Choque,Vehículo,,Con Heridos,0,1,0,0,0,1,0,0,0,0,0,0,0,0,0,0,0,0,0,0,0,0,1000660.0,0.0041153120732216105,456.79964012759876,AV.CIRCUNVALAR,CL59;CL69,4.6451685000000005,-74.0713739,1.0,43.636397849596776,42.330649257580646,464.0,124.0,1.0
220590,10582238,-74.095,4.72,CL 127  - KR 93   02,2022,Octubre,3,lunes,12,53,Suba,Choque,Vehículo,,Con Heridos,1,0,0,0,0,1,0,0,0,0,0,0,0,0,0,0,0,0,0,0,0,0,1000731.0,0.004884717356202388,542.2036265384651,TV86,CL90;KR91,4.7155579,-74.0970318,1.0,31.447556496864408,31.537372034491526,1680.0,118.0,1.0
220591,10582249,-74.133,4.603,KR 68  - CL 38  S 02,2022,Octubre,4,martes,7,0,Puente Aranda,Choque,Vehículo,,Solo Daños,0,0,0,0,0,0,0,0,0,0,1,0,1,0,0,1,0,0,0,0,0,0,1001023.0,0.004035177674214671,447.9047218378285,KR72,CL12;CL53,4.6068986,-74.13195905,1.0,17.668978494758065,17.437973108629034,1126.0,124.0,1.0
220592,10582305,-74.094,4.611,KR 30  - CL 11   02,2022,Octubre,5,miércoles,10,8,Puente Aranda,Choque,Vehículo,,Con Heridos,1,1,0,0,0,0,0,0,0,0,0,0,0,0,0,0,0,0,0,0,0,0,1001964.0,0.0034455813587879244,382.4595308254596,CL26,KR40;GOBERNACION,4.608241700000001,-74.0960649,1.0,42.17627777808333,41.810352064166665,1963.0,120.0,1.0
220593,10582310,-74.095736243,4.58658623500003,CL 11  S- KR 14 B  02,2022,Octubre,6,jueves,19,50,Antonio Nariño,Atropello,,,Con Heridos,0,0,0,0,0,1,1,1,0,0,0,0,0,0,0,0,0,0,0,0,0,0,1000250.0,0.004040601678965987,448.50678636522457,AV.CARACAS,CL32;CL34,4.5900511,-74.0936575,1.0,24.502043010806453,24.665779823225805,590.0,124.0,1.0
220594,10582312,-74.108,4.706,CL 80  - KR 94   02,2022,Octubre,6,jueves,6,50,Engativá,Choque,Vehículo,,Con Heridos,1,0,0,0,1,0,0,0,0,0,0,0,0,0,0,0,0,0,0,0,0,0,1000759.0,0.008893311922169278,987.1576233607898,KR80,CL26SUR;CL38CSUR,4.69774235,-74.10469815,0.0,19.544233871209677,19.468512824112903,782.0,124.0,0.0
220595,10582313,-74.107,4.561,KR 8  S- CL 41   02,2022,Octubre,6,jueves,10,0,San Cristóbal,Choque,Vehículo,,Con Heridos,0,0,0,0,0,1,0,0,0,0,0,0,0,0,0,0,0,0,0,0,0,0,1000325.0,0.016532899534103994,1835.1518482855433,AV.CARACAS,AV.PRIMERO_MAYO;CL11SUR,4.57490245,-74.11594754999999,0.0,20.323166666416668,19.52413888858333,355.0,120.0,0.0
220596,10582315,-74.171326794,4.62876737300002,CL 43  S- KR 86   02,2022,Octubre,6,jueves,9,29,Kennedy,Choque,Vehículo,,Con Heridos,1,0,0,0,1,1,0,0,0,0,0,0,0,0,0,0,0,0,0,0,0,0,1001031.0,0.02020867621856091,2243.1630602602613,KR72,CL43AS;KR69B,4.623493,-74.15181855,0.0,21.726624999833334,21.65228797216667,1950.0,120.0,0.0
220597,10582323,-74.153,4.625,CL 36  S- KR 78 B  02,2022,Octubre,5,miércoles,14,39,Kennedy,Atropello,,,Con Heridos,0,0,0,0,0,0,1,0,0,0,0,0,0,0,0,0,0,0,0,0,0,0,1001031.0,0.0019149081185556864,212.5548011596812,KR72,CL43AS;KR69B,4.623493,-74.15181855,1.0,20.778277778,20.927325968916666,2154.0,120.0,1.0
220598,10582328,-74.086,4.611,KR 22  - CL 15   02,2022,Octubre,4,martes,18,50,Los Mártires,Choque,Vehículo,,Solo Daños,0,0,0,0,0,0,0,0,0,1,1,0,1,0,0,1,0,0,0,0,0,1,1001950.0,0.0017056960866461102,189.33226561771824,"KR50,CL13",CL17;KR56,4.6126833,-74.0857245,1.0,15.637889784758064,12.779032257903225,372.0,124.0,1.0
220599,10583330,-74.16332656602,4.57614794623,CL 70  S- TV 50   02,2022,Octubre,27,jueves,19,20,Ciudad Bolívar,Atropello,,,Con Heridos,0,0,0,0,0,1,1,1,0,0,0,0,0,0,0,0,0,0,0,0,0,0,1001946.0,0.019979633280926674,2217.7392941828607,"AV.P.MAYO,CL26SUR",KR72;KR78K,4.5960945,-74.1644758,0.0,13.659146505887097,13.65261861185484,535.0,124.0,0.0
220600,10583332,-74.12716416304,4.58317756613,CL 44  S- KR 26   02,2022,Octubre,28,viernes,18,23,Rafael Uribe Uribe,Choque,Vehículo,,Con Heridos,0,0,0,0,0,1,0,0,0,0,0,0,0,0,0,0,0,0,0,0,0,0,1002271.0,0.0011814784628133188,131.1441093722784,KR72,KR1;KR4AE,4.582431,-74.12624845,1.0,19.23857526862903,19.0471301175,638.0,124.0,1.0
220820,10583215,-74.09057883208,4.67837388242,KR 69  - CL 69   02,2022,Octubre,25,martes,18,15,Engativá,Choque,Vehículo,,Solo Daños,0,0,0,0,0,1,0,0,0,0,0,0,0,0,0,0,0,0,0,0,0,0,1000099.0,0.0037685780424364934,418.31216271045076,CL140,KR9;KR7,4.67592,-74.08771865,1.0,7.948373656048386,6.795647849354839,399.0,124.0,1.0
220821,10583218,-74.14692667906,4.59675948922,CL 45  S- KR 12 BIS  02,2022,Octubre,25,martes,10,50,Kennedy,Choque,Vehículo,,Con Heridos,0,0,0,0,0,1,0,0,0,0,1,0,1,0,0,1,0,0,0,0,0,0,1000698.0,0.00399669413603551,443.6330490999417,"AV.AMERICAS,CL34",KR36;KR28,4.6006212,-74.14589674999999,1.0,18.446805555583335,18.28400176075,576.0,120.0,1.0
220822,10583219,-74.13626758044,4.648994002,CL 12  - KR 79 A  02,2022,Octubre,26,miércoles,5,10,Kennedy,Choque,Vehículo,,Con Heridos,0,1,0,0,0,1,0,0,0,0,0,0,0,0,0,0,0,0,0,0,0,0,1001945.0,0.0024834810876754776,275.666400731978,"KR78K,CL41SUR",CL26SUR;AV.P.MAYO,4.6477331,-74.134128,1.0,24.585430107338713,18.36598118266129,372.0,124.0,1.0
220823,10583233,-74.13760868494,4.63041373595,CL 6  - KR 72   02,2022,Octubre,26,miércoles,22,30,Kennedy,Choque,Vehículo,,Solo Daños,0,0,0,0,0,0,0,0,0,0,0,0,0,0,0,0,0,0,0,0,0,0,1000780.0,0.00409140486706902,454.1459402446612,CL6,KR42;KR36,4.62659345,-74.1361441,1.0,34.54086021459677,34.51467144314516,744.0,124.0,1.0
220825,10583236,-74.129591364,4.56548118199998,KR 17 A  - CL 54  S 02,2022,Octubre,26,miércoles,11,30,Tunjuelito,Choque,Vehículo,,Con Heridos,0,0,0,0,0,0,0,0,0,1,1,0,1,0,0,1,0,0,0,0,0,1,1000325.0,0.016580529279710262,1840.438750047839,AV.CARACAS,AV.PRIMERO_MAYO;CL11SUR,4.57490245,-74.11594754999999,0.0,19.683642241293104,19.3571623562069,344.0,116.0,0.0
220826,10583237,-74.08349082662,4.6247638174,AV AVENIDA DE LAS AMERICAS - KR 30   02,2022,Octubre,27,jueves,8,5,Teusaquillo,Choque,Vehículo,,Con Heridos,0,0,0,0,0,1,0,0,0,0,0,0,0,0,0,0,0,0,0,0,0,0,1001981.0,0.004435251720045464,492.31294092504646,NQS,CAD;CL18,4.6206293,-74.08509620000001,1.0,43.400776836016945,42.610923548983045,1429.0,118.0,1.0
220827,10583239,-74.13230327551,4.65522296005,CL 17  - KR 80   02,2022,Octubre,27,jueves,17,40,Fontibón,Choque,Vehículo,,Solo Daños,0,0,0,0,0,1,0,0,0,1,1,0,0,0,0,0,0,0,0,0,0,1,1000650.0,0.007156261520595853,794.3450287861397,KR72,CL127;CL134,4.6623088,-74.13330475000001,0.0,23.4176075266129,23.423349981774194,1748.0,124.0,0.0
220828,10583241,-74.15011314337,4.6781279413,CL 17  - KR 108   02,2022,Octubre,26,miércoles,19,54,Fontibón,Choque,Vehículo,,Solo Daños,0,0,0,0,0,1,0,0,0,0,0,0,0,0,0,0,0,0,0,0,0,0,1000982.0,0.007252632749014579,805.0422351406182,DIAG16,KR123;KR106,4.67875865,-74.15733829999999,0.0,27.936162634596776,27.829788375403226,1322.0,124.0,0.0
220829,10583246,-74.076511529,4.66149800599999,KR 30  - CL 66   02,2022,Octubre,27,jueves,12,20,Barrios Unidos,Atropello,,,Con Muertos,0,0,0,0,0,0,1,0,0,0,0,0,0,0,0,0,0,0,0,0,0,0,1000095.0,0.004463618080771455,495.4616069656316,KR7,CL153;CL162,4.6587847,-74.0800558,1.0,36.51868644059322,36.363431669237286,3005.0,118.0,1.0
220830,10583247,-74.14629904215,4.68427109681,CL 22 H  - KR 111   02,2022,Octubre,28,viernes,7,30,Fontibón,Choque,Vehículo,,Solo Daños,0,0,0,0,0,1,0,1,0,0,0,0,0,0,0,0,0,0,0,0,0,0,1001344.0,0.009038938547356433,1003.322178756564,DIAG16,KR97;KR90,4.6757841,-74.14318885,0.0,30.937473117983874,30.753760943790322,1457.0,124.0,0.0
220831,10583248,-74.08336905424,4.59604296903,CL 6  - KR 12   02,2022,Octubre,27,jueves,14,30,Santa Fe,Choque,Vehículo,,Solo Daños,0,0,0,0,0,1,0,0,0,0,0,0,0,0,0,0,0,0,0,0,0,0,1000219.0,0.0037480475618424593,416.03327936451296,CL34,KR7;KR5,4.5992053,-74.08538089999999,1.0,20.236375000166667,20.26954188025,582.0,120.0,1.0
220832,10583252,-74.04121545737,4.7439515189,CL 164  - KR 18   02,2022,Octubre,28,viernes,18,57,Usaquén,Choque,Vehículo,,Con Heridos,1,0,0,0,0,1,0,0,0,0,0,0,0,0,0,0,0,0,0,0,0,0,1000081.0,0.009918591341527113,1100.9636389095097,KR19,CL116;CL127,4.7391552,-74.03253365,0.0,11.89793010717742,11.876979559435483,572.0,124.0,0.0
220833,10583260,-74.12116137926,4.72181320952,CL 80 A  - KR 116   02,2022,Octubre,29,sábado,6,11,Engativá,Choque,Vehículo,,Solo Daños,0,0,1,0,0,0,0,0,0,0,0,0,0,0,0,0,0,0,0,0,0,0,1000720.0,0.012387452944485448,1375.0072768378848,KR86,CL13C;CL19A,4.71067115,-74.12657465000001,0.0,19.518447580403222,19.383443288387095,1404.0,124.0,0.0
220837,10582583,-74.166682408,4.681873822,KR 123  - CL 14 B  02,2022,Octubre,11,martes,20,20,Fontibón,Choque,Vehículo,,Solo Daños,0,0,0,0,0,1,0,0,0,0,0,0,0,0,0,0,0,0,0,0,0,0,1000982.0,0.00984970308716927,1093.317042675789,DIAG16,KR123;KR106,4.67875865,-74.15733829999999,0.0,29.23376344112903,29.00669598217742,1322.0,124.0,0.0
220838,10582584,-74.103,4.51,CL 81 C  S- KR 4 B  E 02,2022,Octubre,10,lunes,11,53,Usme,Atropello,,,Solo Daños,0,0,0,0,0,0,0,0,0,0,1,0,1,0,0,1,0,0,0,0,0,0,1001959.0,0.02554058732136231,2835.0051926712163,"CL19,KR3",KR5;CL22,4.5343054,-74.1108466,0.0,11.444116378879311,11.400796928534483,479.0,116.0,0.0
220839,10582588,-74.079,4.684,CL 80  - KR 68   02,2022,Octubre,11,martes,11,10,Barrios Unidos,Choque,Vehículo,,Con Heridos,0,0,0,0,0,1,0,0,0,0,0,0,0,0,0,0,0,0,0,0,0,0,1000716.0,0.005757626864646499,639.0965819757614,KR86,CL24;CL64BIS,4.6782427,-74.07893865,0.0,31.655206552649574,31.465762344444443,911.0,117.0,0.0
220840,10582252,-74.124,4.523,CL 68 B  S- KR 14   02,2022,Octubre,4,martes,12,0,Usme,Atropello,,,Con Heridos,0,0,0,0,0,1,1,1,0,0,0,0,0,0,0,0,0,0,0,0,0,0,1001959.0,0.017344278616299568,1925.214926409252,"CL19,KR3",KR5;CL22,4.5343054,-74.1108466,0.0,10.948192090677965,10.820235068728813,495.0,118.0,0.0
220841,10582258,-74.09,4.6,CL 6  - KR 19   02,2022,Octubre,4,martes,17,40,Los Mártires,Choque,Vehículo,,Con Heridos,0,0,0,0,0,1,0,0,0,0,0,0,0,0,0,0,0,0,0,0,0,0,1000057.0,0.0008326138510761406,92.4201374694516,KR11,CL106;CL100,4.60078815,-74.08973155,1.0,9.864583333250001,6.58497222225,353.0,120.0,1.0
220842,10582326,-74.113793762,4.69716445699999,KR 94  - CL 70   02,2022,Octubre,5,miércoles,13,13,Engativá,Choque,Vehículo,,Solo Daños,0,1,0,0,0,0,0,1,0,0,1,0,0,0,0,0,0,0,0,0,0,0,1000722.0,0.004125442412643104,457.9241078033845,KR86,CL10;CL13C,4.6984233,-74.11772245,1.0,19.373611111166667,19.581707935666667,1734.0,120.0,1.0
220843,10582418,-74.064,4.652,AV AVENIDA CARACAS - CL 65 A  02,2022,Octubre,8,sábado,2,0,Chapinero,Choque,Vehículo,,Con Heridos,0,0,1,0,0,1,0,0,0,0,0,0,0,0,0,0,0,0,0,0,0,0,1002025.0,0.004585546157770094,508.99562351248045,AUTONORTE,SANTA.FE;TOBERIN,4.64911745,-74.06756625,1.0,31.839422043064516,29.17528149,410.0,124.0,1.0
220844,10582427,-74.115,4.64,KR 68  - CL 17 A  02,2022,Octubre,9,domingo,6,43,Puente Aranda,Choque,Vehículo,,Con Heridos,0,0,0,0,0,1,0,0,0,0,1,0,1,0,0,1,0,0,0,0,0,0,1000029.0,0.0058267438462573885,646.7685669345701,CL72,KR7;KR11,4.6439399,-74.11070720000001,0.0,17.498266128951613,17.195563171935486,434.0,124.0,0.0
220845,10582433,-74.104,4.699,KR 86  - CL 75   02,2022,Octubre,8,sábado,20,0,Engativá,Choque,Vehículo,,Con Heridos,1,0,1,0,0,0,0,0,0,0,0,0,0,0,0,0,0,0,0,0,0,0,1000759.0,0.0014384355894532857,159.66635042931472,KR80,CL26SUR;CL38CSUR,4.69774235,-74.10469815,1.0,22.21516129032258,22.234524032499998,979.0,124.0,1.0
220846,10582458,-74.06,4.649,KR 7  - CL 64   02,2022,Octubre,9,domingo,8,40,Chapinero,Choque,Vehículo,,Con Heridos,1,0,0,0,0,0,0,0,0,0,0,0,0,0,0,0,0,0,0,0,0,0,1000188.0,0.006583614215989091,730.7811779747891,KR7,CL162;CL165,4.654590349999999,-74.05652265,0.0,32.168512396859505,31.999700015123967,4049.0,121.0,0.0
220847,10582456,-74.119,4.628,AV AVENIDA DE LAS AMERICAS - KR 65   02,2022,Octubre,7,viernes,21,6,Puente Aranda,Choque,Vehículo,,Solo Daños,0,0,0,0,0,1,0,0,0,0,0,0,0,0,0,0,0,0,0,0,0,0,1000988.0,0.0032553218323939643,361.34072339573004,CL80,KR76;KR71,4.628879899999999,-74.11586585,1.0,36.67278225814516,36.43238699282258,1615.0,124.0,1.0
220848,10582457,-74.095,4.626,CL 20  - KR 44   02,2022,Octubre,9,domingo,20,0,Puente Aranda,Choque,Vehículo,,Solo Daños,0,0,0,0,0,0,0,0,0,0,1,0,1,0,0,1,0,0,0,0,0,0,1000753.0,0.002379297909573893,264.1020679627021,AV.P.MAYO,KR27;NQS,4.62699295,-74.0971622,1.0,21.166424731129034,21.11290937201613,1480.0,124.0,1.0
220849,10582463,-74.186,4.64,CL 52  S- KR 97   02,2022,Octubre,10,lunes,1,25,Bosa,Choque,Vehículo,,Con Heridos,0,0,0,0,0,1,0,0,0,0,1,0,0,0,0,0,0,0,0,0,0,0,1000981.0,0.01349870499752239,1498.3562547249853,DIAG16,KR90;KR97,4.6495069,-74.176417,0.0,48.90538978483871,48.546402233790324,604.0,124.0,0.0
220850,10582464,-74.056486912,4.749435049,CL 167  - KR 55 A  02,2022,Octubre,9,domingo,0,20,Usaquén,Choque,Vehículo,,Solo Daños,0,0,0,0,0,0,0,0,0,0,0,0,0,0,0,0,0,0,0,0,0,0,1000078.0,0.007787500169806889,864.4125188485647,CL100,KR19;KR49,4.7416579,-74.0568883,0.0,21.461102151048387,20.619649001774192,496.0,124.0,0.0
220851,10582466,-74.113,4.652,CL 22 C  - KR 68 F  02,2022,Octubre,7,viernes,10,15,Fontibón,Choque,Vehículo,,Solo Daños,0,0,0,0,0,0,0,0,0,0,0,0,0,0,0,0,0,0,0,0,0,0,1000685.0,0.005763424017890698,639.7400659858675,KR27,CL6;CL1B,4.6468165,-74.1155196,0.0,51.983902777833336,51.584715269,783.0,120.0,0.0
220853,10582468,-74.124,4.625,KR 68  - CL 4   02,2022,Octubre,9,domingo,18,44,Puente Aranda,Choque,Vehículo,,Solo Daños,0,1,0,0,0,0,0,0,0,0,1,0,1,0,0,1,0,0,0,0,0,0,1001711.0,0.006247220521952057,693.4414779366783,CL169B;CL170,KR58;KR20,4.6240064,-74.1178323,0.0,20.86256720451613,20.75584231822581,747.0,124.0,0.0
220854,10582469,-74.143,4.675,KR 99  - CL 20   02,2022,Octubre,9,domingo,0,1,Fontibón,Choque,Vehículo,,Solo Daños,0,0,0,0,0,0,0,0,0,0,0,0,0,0,0,0,0,0,0,0,0,0,1001344.0,0.0008065216255632774,89.52390043752379,DIAG16,KR97;KR90,4.6757841,-74.14318885,1.0,52.59700268790322,52.386753947258065,664.0,124.0,1.0
220859,10583356,-74.07459286635,4.6560570481,CL 63 F  - KR 27 B  02,2022,Octubre,28,viernes,11,21,Barrios Unidos,Atropello,,,Con Heridos,0,0,0,0,0,0,1,1,0,0,0,0,0,0,0,0,0,0,0,0,0,0,1000193.0,0.0036586342786192045,406.1084049267317,CL147,KR7;KR9,4.6537385,-74.07742305,1.0,24.447336182478633,24.338780796324787,446.0,117.0,1.0
220860,10583375,-74.10573867743,4.69589963761,KR 86  - CL 72   02,2022,Octubre,29,sábado,0,50,Engativá,Atropello,,,Con Heridos,0,0,0,0,0,0,1,0,0,0,0,0,0,0,0,0,0,0,0,0,0,0,1000759.0,0.00211619618297255,234.89777630995306,KR80,CL26SUR;CL38CSUR,4.69774235,-74.10469815,1.0,29.378602150725804,29.36298781870968,639.0,124.0,1.0
220861,10583383,-74.064424111,4.64978001200001,AV AVENIDA CARACAS - CL 63   02,2022,Octubre,28,viernes,21,30,Chapinero,Choque,Vehículo,,Solo Daños,0,0,1,0,0,0,0,0,0,0,0,0,0,0,0,0,0,0,0,0,0,0,1002025.0,0.0032112343264246034,356.447010233131,AUTONORTE,SANTA.FE;TOBERIN,4.64911745,-74.06756625,1.0,21.810376344112903,21.8339378516129,524.0,124.0,1.0
220862,10583410,-74.13856891577,4.67848081332,KR 100  - CL 22 K  02,2022,Octubre,30,domingo,13,20,Fontibón,Choque,Vehículo,,Con Heridos,0,0,0,0,0,1,0,0,0,0,0,0,0,0,0,0,0,0,0,0,0,0,1001344.0,0.005349397631496008,593.7831370960569,DIAG16,KR97;KR90,4.6757841,-74.14318885,0.0,25.828888888999998,25.749714066750002,1514.0,120.0,0.0
220865,10583468,-74.09172145312,4.56375603734,KR 1  - CL 84  S 02,2022,Octubre,30,domingo,17,20,Usme,Atropello,,,Con Heridos,0,0,0,0,0,0,1,0,0,0,0,0,0,0,0,0,0,0,0,0,0,0,1000308.0,0.01109515970601201,1231.562727367333,KR5,CL27;CL24,4.57422605,-74.08804975000001,0.0,22.904247311451613,22.89079929483871,700.0,124.0,0.0
220878,10583333,-74.15981573308,4.62296500727,KR 79 C  - CL 41 A  02,2022,Octubre,30,domingo,19,20,Kennedy,Choque,Vehículo,,Con Heridos,0,0,0,0,0,1,0,0,0,0,0,0,0,0,0,0,0,0,0,0,0,0,1001031.0,0.008014593784956624,889.6199101301853,KR72,CL43AS;KR69B,4.623493,-74.15181855,0.0,28.36926075314516,28.436691481612904,2010.0,124.0,0.0
220879,10583334,-74.12177426402,4.51309423388,AV AVENIDA BOYACA - CL 75 C  S 02,2022,Octubre,27,jueves,20,30,Ciudad Bolívar,Choque,Vehículo,,Con Heridos,0,0,0,0,0,1,0,0,0,0,0,0,0,0,0,0,0,0,0,0,0,0,1001959.0,0.023860582748631082,2648.52468509805,"CL19,KR3",KR5;CL22,4.5343054,-74.1108466,0.0,11.053508064435485,10.991895033225807,513.0,124.0,0.0
220880,10583339,-74.07447484915,4.63880833397,KR 24  - CL 50   02,2022,Octubre,30,domingo,5,10,Teusaquillo,Choque,Vehículo,,Con Heridos,0,0,0,0,0,1,0,1,0,1,0,0,0,0,0,0,0,0,0,0,0,1,1000010.0,0.003513929406117401,390.0461640790315,KR7,CL112;CL116,4.63540275,-74.0753407,1.0,37.1274327957258,37.15829473088709,2298.0,124.0,1.0
220881,10583340,-74.08376602118,4.59130536219,KR 10  - CL 2  S 02,2022,Octubre,27,jueves,20,40,San Cristóbal,Choque,Vehículo,,Con Heridos,1,0,0,0,0,1,0,0,0,0,0,0,0,0,0,0,0,0,0,0,0,0,1001961.0,0.002053736803320638,227.9647851685908,CL22,KR1;KR3,4.5900896,-74.08211080000001,1.0,15.912049999999999,15.1106088092,345.0,100.0,1.0
221124,10582590,-74.084,4.593,CL 3  - KR 11 A  02,2022,Octubre,11,martes,20,25,Santa Fe,Atropello,,,Con Heridos,0,0,0,0,0,1,1,0,0,0,0,0,0,0,0,0,0,0,0,0,0,0,1001961.0,0.0034697989567087886,385.14768419467555,CL22,KR1;KR3,4.5900896,-74.08211080000001,1.0,15.912049999999999,15.1106088092,345.0,100.0,1.0
221125,10582600,-74.118,4.689,CL 63  - TV 93   02,2022,Octubre,13,jueves,13,25,Engativá,Choque,Vehículo,,Con Muertos,0,0,0,0,0,1,0,0,0,0,0,0,0,0,0,0,0,0,0,0,0,0,1000238.0,0.005702390852310364,632.9653846064504,CL134,KR58;KR53,4.68384265,-74.1204329,0.0,29.684722221916665,29.452158018499997,962.0,120.0,0.0
221126,10582605,-74.068,4.648,KR 17  - CL 61 A  02,2022,Octubre,11,martes,12,10,Teusaquillo,Caida de ocupante,,,Con Heridos,0,0,0,0,0,0,0,1,0,0,1,0,1,0,0,1,0,0,0,0,0,0,1002025.0,0.0011986799260022033,133.05347178624456,AUTONORTE,SANTA.FE;TOBERIN,4.64911745,-74.06756625,1.0,26.1446468929661,26.2089065779661,494.0,118.0,1.0
221127,10582606,-74.141,4.643,KR 79  - CL 10   02,2022,Octubre,11,martes,18,8,Kennedy,Choque,Vehículo,,Con Heridos,0,0,0,0,0,1,0,0,0,0,0,0,0,0,0,0,0,0,0,0,0,0,1000330.0,0.008275043189014425,918.5297939806012,CL11SUR,KR6_ESTE;KR7,4.6509677,-74.1387657,0.0,19.909341397983873,19.52448844717742,455.0,124.0,0.0
221128,10582607,-74.110800752,4.68091651700001,CL 63  - KR 80   02,2022,Octubre,12,miércoles,14,8,Bosa,Choque,Vehículo,,Solo Daños,0,0,0,0,0,0,0,0,0,1,0,0,0,0,0,0,0,0,0,0,0,1,1000227.0,0.0053267941850816646,591.2741545440648,KR72,CL170;CL169,4.67854075,-74.1155684,0.0,33.87148611116667,33.74929050941667,591.0,120.0,0.0
221129,10582612,-74.197,4.612,KR 81 G  - CL 73  S 02,2022,Octubre,11,martes,18,55,Bosa,Choque,Vehículo,,Con Heridos,1,0,0,0,0,0,0,0,0,0,0,0,0,0,0,0,0,0,0,0,0,0,1002290.0,0.02013388826282773,2234.861597173878,AV.CL59SUR,CL59SUR;KR78C,4.6025243,-74.1792353,0.0,29.917970430241933,29.470852342500002,428.0,124.0,0.0
221130,10582614,-74.103,4.654,KR 68  - CL 26   02,2022,Octubre,13,jueves,1,6,Teusaquillo,Choque,Vehículo,,Solo Daños,0,0,0,0,0,0,0,0,0,0,0,0,0,0,0,0,0,0,0,0,0,0,1001984.0,0.003200625163936359,355.2693931969359,NQS,AV.DORADO;U.NACIONAL,4.651686,-74.1052112,1.0,56.39517006806122,52.34898806214285,419.0,98.0,1.0
221131,10582621,-74.121,4.682,CL 26  - KR 90   02,2022,Octubre,12,miércoles,11,0,Fontibón,Choque,Vehículo,,Solo Daños,0,1,0,0,1,1,0,0,0,0,1,0,1,0,0,1,0,0,0,0,0,0,1000238.0,0.0019279422793475154,214.0015930075742,CL134,KR58;KR53,4.68384265,-74.1204329,1.0,29.68770655307692,29.42293790179487,996.0,117.0,1.0
221132,10582623,-74.123176762,4.624963122,KR 67  - CL 4 B  02,2022,Octubre,11,martes,17,38,Puente Aranda,Atropello,,,Con Heridos,0,0,0,0,0,1,1,0,0,0,0,0,0,0,0,0,0,0,0,0,0,0,1001711.0,0.005429419034730149,602.6655128550465,CL169B;CL170,KR58;KR20,4.6240064,-74.1178323,0.0,20.386370967903225,20.31378679362903,672.0,124.0,0.0
221133,10582659,-74.129,4.561,CL 57  S- KR 12 D  02,2022,Octubre,13,jueves,11,20,Tunjuelito,Atropello,,,Con Heridos,0,1,0,0,0,0,1,0,0,0,0,0,0,0,0,0,0,0,0,0,0,0,1000325.0,0.019069466877851035,2116.710823441465,AV.CARACAS,AV.PRIMERO_MAYO;CL11SUR,4.57490245,-74.11594754999999,0.0,19.683642241293104,19.3571623562069,344.0,116.0,0.0
221134,10582660,-74.102,4.755,KR 115  - CL 151 B  02,2022,Octubre,12,miércoles,10,0,Suba,Choque,Vehículo,,Solo Daños,0,0,0,0,0,0,0,1,0,0,1,0,1,0,0,1,0,0,0,0,0,0,1001707.0,0.01436786730486011,1594.8332708394723,AV.SUBA,CL136;CL127,4.7425033,-74.09491,0.0,30.323833333083332,30.07238275483333,902.0,120.0,0.0
221135,10582664,-74.125,4.726,CL 80  - KR 119   02,2022,Octubre,13,jueves,19,13,Engativá,Choque,Vehículo,,Solo Daños,0,0,0,0,0,0,0,0,0,0,1,0,1,0,0,1,0,0,0,0,1,0,1000720.0,0.015409515402667301,1710.4562096960703,KR86,CL13C;CL19A,4.71067115,-74.12657465000001,0.0,29.251236559112904,28.994314892983873,1024.0,124.0,0.0
221136,10582667,-74.12,4.679,AC 26  - AV AVENIDA CIUDAD DE CALI  02,2022,Octubre,13,jueves,6,0,Fontibón,Atropello,,,Con Heridos,0,0,0,0,0,1,1,0,0,0,0,0,0,0,0,0,0,0,0,0,0,0,1000227.0,0.004455332661264892,494.541925400403,KR72,CL170;CL169,4.67854075,-74.1155684,1.0,34.39450268774194,34.24000167443548,718.0,124.0,1.0
221137,10582747,-74.052,4.722,AU NORTE - CL 137   02,2022,Octubre,15,sábado,2,45,Usaquén,Choque,Vehículo,,Con Heridos,0,0,0,0,0,0,0,0,0,1,0,0,0,0,0,0,0,0,0,0,0,1,1002024.0,0.0011434176314903306,126.91935709542669,AUTONORTE,TOBERIN;SANTA.FE,4.7209002,-74.0516872,1.0,63.625779570080645,60.90635944725806,437.0,124.0,1.0
221138,10582748,-74.113,4.509,CL 81  S- KR 9 A  02,2022,Octubre,16,domingo,9,38,Usme,Choque,Vehículo,,Con Heridos,1,0,0,0,0,1,0,0,0,0,0,0,0,0,0,0,0,0,0,0,0,0,1001959.0,0.02539685808756614,2819.0512477198413,"CL19,KR3",KR5;CL22,4.5343054,-74.1108466,0.0,11.378013889250001,11.289475661500001,553.0,120.0,0.0
221139,10582790,-74.131,4.7,CL 63  - KR 110   02,2022,Octubre,15,sábado,19,12,Engativá,Choque,Vehículo,,Con Heridos,1,0,0,0,0,0,0,0,0,1,0,0,0,0,0,0,0,0,0,0,0,1,1000720.0,0.011552366205453699,1282.3126488053606,KR86,CL13C;CL19A,4.71067115,-74.12657465000001,0.0,29.251236559112904,28.994314892983873,1024.0,124.0,0.0
221140,10582812,-74.081,4.627,AK 30  - CL 26   02,2022,Octubre,15,sábado,16,0,Teusaquillo,Choque,Vehículo,,Con Heridos,0,0,0,0,0,0,0,0,0,1,0,0,0,0,0,0,0,0,0,0,0,1,1002038.0,0.004241167412991644,470.7695828420725,CL26,GOBERNACION;CAN,4.629466150000001,-74.08445045,1.0,42.36352150564516,42.08836617862903,818.0,124.0,1.0
221141,10582815,-74.073,4.622,KR 17  - CL 33   02,2022,Octubre,15,sábado,12,40,Teusaquillo,Choque,Vehículo,,Con Heridos,0,0,0,0,0,1,0,0,0,0,1,0,1,0,0,1,0,0,0,0,0,0,1000020.0,0.0032450749933543477,360.2033242623326,KR7,CL79;CL76,4.618767350000001,-74.07328369999999,1.0,15.132156863025209,15.204251816302522,4047.0,119.0,1.0
221142,10582820,-74.073,4.668,KR 30  - CL 73   02,2022,Octubre,16,domingo,2,30,Barrios Unidos,Choque,Vehículo,,Con Heridos,0,0,0,0,0,0,0,0,0,0,0,0,0,0,0,0,0,0,0,0,0,0,1000203.0,0.0035998963207229894,399.5884916002518,KR7,CL188;CL175,4.6708734,-74.0708314,1.0,31.125194444583332,24.300171159666668,405.0,120.0,1.0
221143,10582823,-74.157,4.654,KR 92  - CL 8   02,2022,Octubre,15,sábado,19,30,Kennedy,Choque,Vehículo,,Con Heridos,0,0,0,0,0,1,0,0,0,0,0,0,0,0,0,0,0,0,0,0,0,0,1001033.0,0.00295188371425536,327.65909228234494,CL72,KR76;KR70,4.6540506,-74.15404855,1.0,25.018514785,24.881645897258064,520.0,124.0,1.0
221144,10582838,-74.054,4.677,CL 96  - KR 17   02,2022,Octubre,18,martes,7,59,Chapinero,Atropello,,,Con Muertos,0,0,0,0,0,0,1,0,0,0,1,0,1,0,0,1,0,0,0,0,0,0,1000035.0,0.0031952132604880236,354.6686719141706,AUTONORTE,CL80;CL82,4.6801407,-74.0545877,1.0,15.91731182782258,16.00327905,1623.0,124.0,1.0
221145,10582841,-74.183,4.6,KR 77 M  - CL 65 BIS A S 02,2022,Octubre,16,domingo,5,18,Bosa,Choque,Objeto Fijo,Poste,Solo Daños,0,0,0,0,0,0,0,0,0,0,0,0,0,0,0,0,0,0,0,0,0,0,1002290.0,0.004532665504980266,503.1258710528095,AV.CL59SUR,CL59SUR;KR78C,4.6025243,-74.1792353,1.0,21.58726478483871,21.26573420951613,500.0,124.0,1.0
221164,10583262,-74.059895772,4.654155844,KR 10 A  - CL 69 A  02,2022,Octubre,29,sábado,20,48,Chapinero,Choque,Objeto Fijo,Vehiculo Estacionado,Solo Daños,0,1,0,0,0,0,0,0,0,0,0,0,0,0,0,0,0,0,0,0,0,0,1000188.0,0.0034009921333215017,377.51012679868666,KR7,CL162;CL165,4.654590349999999,-74.05652265,1.0,27.75420698967742,27.633957426451612,3296.0,124.0,1.0
221165,10583263,-74.17521325533,4.64814386526,CL 40  S- KR 98 B  02,2022,Octubre,28,viernes,13,45,Kennedy,Choque,Vehículo,,Con Heridos,0,0,0,0,0,1,0,1,0,0,0,0,0,0,0,0,0,0,0,0,0,0,1000981.0,0.001818478741426652,201.85114029835836,DIAG16,KR90;KR97,4.6495069,-74.176417,1.0,30.117652777333333,30.129572793416667,1628.0,120.0,1.0
221166,10583264,-74.12159589712,4.59863099378,KR 40  - CL 30   02,2022,Octubre,30,domingo,10,28,Antonio Nariño,Choque,Vehículo,,Solo Daños,0,0,0,0,0,0,0,0,0,0,1,0,1,0,0,1,0,0,0,0,0,0,1000957.0,0.0034332830844580275,381.09442237484103,AV.P.MAYO,DIAG19SUR;AV.CARACAS,4.6016787,-74.1200151,1.0,8.98872222225,8.858735783416668,745.0,120.0,1.0
221167,10583265,-74.09735035504,4.74728051701,CL 145  - KR 106 A  02,2022,Octubre,30,domingo,2,55,Suba,Choque,Vehículo,,Solo Daños,0,0,0,0,0,0,0,0,0,0,0,0,0,0,0,0,0,0,0,0,0,0,1001707.0,0.00536443241004359,595.4519975148385,AV.SUBA,CL136;CL127,4.7425033,-74.09491,0.0,57.34481182814516,53.15459930032258,546.0,124.0,0.0
221168,10583266,-74.115562209,4.626684356,KR 58  - CL 5 C  02,2022,Octubre,28,viernes,18,39,Puente Aranda,Choque,Vehículo,,Solo Daños,0,0,0,0,0,1,0,0,0,1,0,0,0,0,0,0,0,0,0,0,0,1,1000988.0,0.0022164411367809555,246.02496618268606,CL80,KR76;KR71,4.628879899999999,-74.11586585,1.0,30.130053763790322,30.122652911048387,2002.0,124.0,1.0
221169,10583267,-74.13582233374,4.65954309771,KR 86  - CL 17   02,2022,Octubre,27,jueves,14,0,Fontibón,Volcamiento,,,Con Heridos,0,0,0,0,0,1,0,1,0,0,0,0,0,0,0,0,0,0,0,0,0,0,1000650.0,0.003739964845390481,415.13609783834335,KR72,CL127;CL134,4.6623088,-74.13330475000001,1.0,23.507763889,23.257242038166666,1550.0,120.0,1.0
221170,10583268,-74.0989151377,4.56837618442,KR 8  - CL 30 D  S 02,2022,Octubre,28,viernes,15,16,San Cristóbal,Choque,Vehículo,,Solo Daños,0,0,0,0,0,0,0,0,0,0,0,0,0,0,0,0,0,0,0,0,0,0,1000309.0,0.008414175776095918,933.9735111466468,KR5,CL24;CL19,4.5750037500000005,-74.09373115,0.0,10.883956639756098,10.84187025520325,731.0,123.0,0.0
221171,10583269,-74.12310353,4.62672807799999,KR 68  - CL 4 D  02,2022,Octubre,15,sábado,16,7,Puente Aranda,Choque,Vehículo,,Solo Daños,0,0,0,0,0,0,0,0,0,0,0,0,0,0,0,0,0,0,0,0,0,0,1001711.0,0.005932402283092289,658.4966534232441,CL169B;CL170,KR58;KR20,4.6240064,-74.1178323,0.0,20.525981183145163,20.585182522258062,712.0,124.0,0.0
221172,10583270,-74.079131164,4.61058711822,CL 19  - KR 17   02,2022,Octubre,29,sábado,6,50,Los Mártires,Choque,Vehículo,,Solo Daños,0,0,1,0,0,0,0,0,0,0,1,0,0,0,0,0,0,0,0,0,0,0,1001974.0,0.001556712607946936,172.79509948210992,NQS,CL18;CAD,4.6119977500000005,-74.07978955,1.0,31.157065972083334,24.982695932708335,145.0,48.0,1.0
221173,10583271,-74.14002803747,4.66361726262,CL 1  - KR 90   02,2022,Octubre,27,jueves,11,0,Fontibón,Choque,Vehículo,,Solo Daños,0,1,0,0,0,0,0,0,0,0,1,0,1,0,0,1,0,0,0,0,0,0,1000650.0,0.006849428358055455,760.2865477441555,KR72,CL127;CL134,4.6623088,-74.13330475000001,0.0,23.710633903247864,23.74017203393162,1422.0,117.0,0.0
221174,10583272,-74.15222135966,4.63538099739,CL 6  - KR 80   02,2022,Octubre,30,domingo,4,20,Kennedy,Choque,Objeto Fijo,Vehiculo Estacionado,Solo Daños,0,0,1,0,0,1,0,0,0,0,0,0,0,0,0,0,0,0,0,0,0,0,1001031.0,0.011894819778662124,1320.3249954314956,KR72,CL43AS;KR69B,4.623493,-74.15181855,0.0,36.51604838669355,36.34732006314516,2180.0,124.0,0.0
221175,10583275,-74.14188412611,4.57962162627,AV AVENIDA BOYACA - CL 29 C  02,2022,Octubre,30,domingo,17,30,Tunjuelito,Choque,Vehículo,,Solo Daños,0,0,1,0,0,0,0,0,0,0,0,0,0,0,0,0,0,0,0,0,0,0,1000297.0,0.01403294237771869,1557.6566039267746,CL1,KR21;AV.CARACAS,4.59354105,-74.14366545,0.0,21.60524193532258,21.228082482096774,740.0,124.0,0.0
221176,10583276,-74.1093301553,4.56474263375,KR 11  - CL 42  S 02,2022,Octubre,29,sábado,9,20,San Cristóbal,Choque,,,Con Heridos,0,0,0,0,0,1,0,0,0,0,0,0,0,0,0,0,0,0,0,0,0,0,1000325.0,0.012124841394804887,1345.8573948233425,AV.CARACAS,AV.PRIMERO_MAYO;CL11SUR,4.57490245,-74.11594754999999,0.0,20.471152778166665,20.247638889333334,359.0,120.0,0.0
221177,10583277,-74.16522470896,4.64110747399,KR 89  - CL 34 A  S 02,2022,Octubre,29,sábado,11,10,Kennedy,Choque,Vehículo,,Con Heridos,0,0,0,0,0,1,0,0,0,0,0,0,0,0,0,0,0,0,0,0,0,0,1000981.0,0.013993489058187912,1553.2772854588584,DIAG16,KR90;KR97,4.6495069,-74.176417,0.0,32.00728448206897,31.810588040948275,1444.0,116.0,0.0
221178,10583278,-74.16407940571,4.61372850843,CL 45  S- KR 78 G  02,2022,Octubre,29,sábado,14,25,Kennedy,Choque,Vehículo,,Solo Daños,0,1,0,0,0,0,0,0,0,0,0,0,0,0,0,0,0,0,0,0,0,0,1001028.0,0.00966814441212038,1073.164029745362,KR72,CL3;AV.P.MAYO,4.611398400000001,-74.15469625,0.0,18.772222222333333,18.669563624333332,587.0,120.0,0.0
221179,10583279,-74.16734365408,4.59567936149,CL 57 R  S- KR 72   02,2022,Octubre,29,sábado,10,15,Bosa,Choque,Vehículo,,Con Heridos,0,1,0,0,0,1,0,0,0,0,0,0,0,0,0,0,0,0,0,0,0,0,1001946.0,0.0028977451590203786,321.649712651262,"AV.P.MAYO,CL26SUR",KR72;KR78K,4.5960945,-74.1644758,1.0,14.568583333249999,14.361528174583333,447.0,120.0,1.0
221180,10583280,-74.14511082356,4.55168148486,TV 18 I  - CL 67 A  S 02,2022,Octubre,29,sábado,20,0,Ciudad Bolívar,Atropello,,,Con Heridos,0,0,0,0,0,1,1,0,0,0,0,0,0,0,0,0,0,0,0,0,0,0,1002271.0,0.03607383841043245,4004.1960635580017,KR72,KR1;KR4AE,4.582431,-74.12624845,0.0,20.990793010564516,20.947573315080643,606.0,124.0,0.0
221181,10583281,-74.13731364195,4.58339145668,DG 2 A  S- KR 32   02,2022,Octubre,28,viernes,6,10,Tunjuelito,Choque,Vehículo,,Con Heridos,0,0,0,0,0,1,0,0,0,0,0,0,0,0,0,0,0,0,0,0,0,0,1002271.0,0.011106797464814466,1232.8545185944058,KR72,KR1;KR4AE,4.582431,-74.12624845,0.0,20.441290322741935,20.374847097016126,590.0,124.0,0.0
221182,10583282,-74.06354216521,4.64951263838,KR 13  - CL 63   02,2022,Octubre,30,domingo,18,50,Chapinero,Choque,Objeto Fijo,Vehiculo Estacionado,Solo Daños,0,0,1,0,0,1,0,0,0,1,0,0,0,0,0,0,0,0,0,0,0,1,1002025.0,0.004043443118534752,448.8221861573575,AUTONORTE,SANTA.FE;TOBERIN,4.64911745,-74.06756625,1.0,19.890860214838707,20.005036380645162,565.0,124.0,1.0
221183,10583283,-74.14058593695,4.61316439598,KR 72  - CL 38  S 02,2022,Octubre,29,sábado,11,40,Kennedy,Atropello,,,Con Heridos,0,0,0,0,0,0,1,1,0,0,0,0,0,0,0,0,0,0,0,0,0,0,1001715.0,0.007403592461061708,821.7987631778497,"AV.AMERICAS,CL34",KR28;KR36,4.6069231,-74.13660355,0.0,19.51613505741379,19.354123563189656,344.0,116.0,0.0
221203,10581961,-74.091429885,4.61420824200002,KR 30  - CL 13   02,2022,Octubre,1,sábado,1,35,Puente Aranda,Volcamiento,,,Solo Daños,0,0,0,0,0,0,0,0,0,0,0,0,0,0,0,0,0,0,0,0,0,0,1000034.0,0.0022597769889605044,250.835245774616,CARACAS,CL80;CL72,4.613794,-74.08920839999999,1.0,15.051357526935483,13.809784946370966,372.0,124.0,1.0
230284,10596976,-74.091309919,4.67722277500002,KR 69 - CL 68  02,2022,Octubre,8,sábado,12,30,Engativá,Choque,Vehículo,,Con Heridos,1,0,0,0,0,0,0,0,0,0,0,0,0,0,0,0,0,0,0,0,0,0,1000657.0,0.0031689221988822707,351.75036407593205,AV.CIRCUNVALAR,CL72;CL69,4.6768595,-74.09445794999999,1.0,19.746596045254236,19.519083497033897,899.0,118.0,1.0
230590,10596945,-74.07343037744,4.68862049393,KR 68 - CL 98 A 02,2022,Octubre,9,domingo,14,40,Barrios Unidos,Choque,Vehículo,,Con Heridos,0,1,0,0,0,0,0,0,0,0,1,0,0,0,0,0,0,0,0,0,0,0,1001209.0,0.001155744849655052,128.28767831171078,NQS,KR68;KR62B,4.688212200000001,-74.0745116,1.0,18.012486111166666,17.423301587333334,363.0,120.0,1.0
244810,10582404,-74.201,4.638,CL 63  S- KR 102   02,2022,Octubre,8,sábado,8,0,Bosa,Atropello,,,Con Heridos,0,0,0,0,1,1,1,0,0,0,0,0,0,0,0,0,0,0,0,0,0,0,1000981.0,0.027142819245790463,3012.852936282741,DIAG16,KR90;KR97,4.6495069,-74.176417,0.0,33.48696969694215,32.92265767280992,1732.0,121.0,0.0
244811,10582426,-74.065,4.666,KR 24  - CL 75   02,2022,Octubre,8,sábado,6,0,Barrios Unidos,Choque,Vehículo,,Con Heridos,0,0,0,0,0,0,0,0,0,0,0,0,0,0,0,0,0,0,0,0,0,0,1000338.0,0.0053182771263337375,590.3287610230449,KR9,CL147;CL161,4.6704867,-74.06785545,0.0,35.539590053709674,35.350009906290325,695.0,124.0,0.0
244812,10582440,-74.114,4.66,CL 24  - KR 70   02,2022,Octubre,9,domingo,6,0,Fontibón,Choque,Vehículo,,Solo Daños,0,0,0,0,0,0,0,0,0,1,0,0,0,0,0,0,0,0,0,0,0,1,1001014.0,0.0045147139646376,501.13325007477357,KR72,CL138;CL153,4.66028985,-74.1094946,1.0,34.84851478483871,34.77953299774193,3389.0,124.0,1.0
244813,10582454,-74.046002202,4.724228557,KR 19  - CL 142   02,2022,Octubre,6,jueves,11,20,Usaquén,Choque,Vehículo,,Solo Daños,0,0,0,0,0,0,0,1,0,0,1,0,1,0,0,1,0,0,0,0,0,0,1002021.0,0.00524760805890004,582.4844945379044,AUTONORTE,CARDIO.INFANTIL;CL146,4.7190752,-74.04501210000001,0.0,43.86911680948718,43.7399944374359,2198.0,117.0,0.0
244814,10582455,-74.114,4.626,KR 56  - CL 5 C  02,2022,Octubre,10,lunes,6,2,Puente Aranda,Choque,Vehículo,,Con Heridos,0,0,0,0,0,1,0,1,0,0,0,0,0,0,0,0,0,0,0,0,0,0,1000988.0,0.003431504077296152,380.89695257987285,CL80,KR76;KR71,4.628879899999999,-74.11586585,1.0,28.552970430241935,28.299747983951615,1024.0,124.0,1.0
244815,10582491,-74.147,4.649,KR 86  - CL 10   02,2022,Octubre,10,lunes,19,37,Kennedy,Atropello,,,Con Heridos,0,0,0,0,0,1,1,0,0,0,0,0,0,0,0,0,0,0,0,0,0,0,1001019.0,0.007507581442286126,833.34154009376,KR72,CL75;CL66A,4.65133785,-74.1398657,0.0,19.33524865620968,19.2619311725,1824.0,124.0,0.0
244816,10582565,-74.100073122,4.715723556,CL 90  - KR 95   02,2022,Octubre,10,lunes,14,20,Engativá,Atropello,,,Con Heridos,0,0,0,0,0,0,1,1,0,0,0,0,0,0,0,0,0,0,0,0,0,0,1001349.0,0.001664726283690065,184.78461748959722,CL92,KR19B;KR15,4.7171787,-74.0992645,1.0,16.393263889,16.297879955166668,602.0,120.0,1.0
244817,10582569,-74.048,4.711,KR 19  - CL 127 D  02,2022,Octubre,10,lunes,10,30,Usaquén,Choque,Objeto Fijo,Muro,Solo Daños,0,0,0,0,0,0,0,0,0,0,0,0,0,0,0,0,0,0,0,0,0,0,1001052.0,0.0057235702941898494,635.3163026550733,KR68,CL98;KR64,4.7164763,-74.04633584999999,0.0,20.243376436896554,20.078080486724136,694.0,116.0,0.0
244818,10582572,-74.193,4.642,CL 55  S- KR 10 Z  02,2022,Octubre,11,martes,7,45,Bosa,Choque,Vehículo,,Solo Daños,0,0,0,0,0,0,0,0,0,1,0,0,0,0,0,0,0,0,0,0,0,1,1000981.0,0.01820300625198778,2020.5336939706435,DIAG16,KR90;KR97,4.6495069,-74.176417,0.0,34.328024193629034,34.36615182056452,1766.0,124.0,0.0
244819,10582640,-74.086,4.745,CL 148  - KR 95   02,2022,Octubre,13,jueves,5,0,Suba,Choque,Vehículo,,Con Heridos,0,0,0,0,0,1,0,0,0,0,1,0,0,0,0,0,0,0,0,0,0,0,1000244.0,0.005238551366554015,581.4792016874957,CL127,AV.BOYACA;AV.SUBA,4.7477219,-74.0815241,0.0,22.37001344064516,22.095281521370968,825.0,124.0,0.0
244820,10582737,-74.14,4.616,AK 72  - CL 35  S 02,2022,Octubre,15,sábado,22,20,Kennedy,Choque,Vehículo,,Con Heridos,0,0,0,0,0,1,0,1,0,0,0,0,0,0,0,0,0,0,0,0,0,0,1000942.0,0.00592495048607797,657.6695039546547,TV39,CL6;CL13,4.62102935,-74.1368678,0.0,22.78631720427419,19.95348655895161,388.0,124.0,0.0
244821,10582755,-74.147,4.666,KR 96 H  - CL 17   02,2022,Octubre,14,viernes,16,30,Fontibón,Choque,Vehículo,,Con Heridos,0,0,0,0,0,1,0,1,0,0,0,0,0,0,0,0,0,0,0,0,0,0,1000648.0,0.0050634705008027955,562.0452255891103,KR72,CL134;CL138,4.6698867,-74.14375465,0.0,36.043239247580644,36.003060118145164,7635.0,124.0,0.0
244822,10582761,-74.071,4.594,CL 10  - AK 1  E 02,2022,Octubre,17,lunes,14,10,Santa Fe,Choque,Vehículo,,Con Heridos,1,0,0,0,0,1,0,0,0,0,0,0,0,0,0,0,0,0,0,0,0,0,1000258.0,0.006061121072050348,672.7844389975887,CL32,KR7;AV.CARACAS,4.595026300000001,-74.0769736,0.0,11.494375000333333,10.574172222416667,375.0,120.0,0.0
244823,10582765,-74.05,4.729,AU NORTE - CL 146   02,2022,Octubre,14,viernes,9,41,Usaquén,Choque,Vehículo,,Con Heridos,0,0,0,0,0,1,0,0,0,0,0,0,0,0,0,0,0,0,0,0,0,0,1002024.0,0.008273657225195095,918.3759519966555,AUTONORTE,TOBERIN;SANTA.FE,4.7209002,-74.0516872,0.0,42.64205555558333,42.94576811875,927.0,120.0,0.0
244824,10582776,-74.024,4.76,CL 182  - KR 5 B  02,2022,Octubre,14,viernes,14,47,Usaquén,Choque,Vehículo,,Con Heridos,0,1,0,0,0,0,0,0,0,0,1,0,1,0,0,1,0,0,0,0,0,0,1000088.0,0.007954207493055226,882.9170317291301,KR19,CL159;CL152,4.7601672,-74.03195245,0.0,20.439625,20.378994462749997,496.0,120.0,0.0
244825,10582784,-74.118715535,4.65788448199999,KR 72  - CL 22 D  02,2022,Octubre,15,sábado,6,53,Fontibón,Caida de ocupante,,,Con Heridos,0,0,0,0,0,0,0,0,0,0,1,0,1,0,0,1,0,0,0,0,0,0,1001014.0,0.009529503527977183,1057.7748916054672,KR72,CL138;CL153,4.66028985,-74.1094946,0.0,34.84851478483871,34.77953299774193,3389.0,124.0,0.0
244826,10582864,-74.096,4.699,CL 80  - KR 78 A  02,2022,Octubre,17,lunes,16,0,Engativá,Choque,Vehículo,,Con Heridos,0,1,0,0,1,0,0,0,0,1,0,0,0,0,0,0,0,0,0,0,0,1,1000963.0,0.004165802425704503,462.4040692531998,CL72,KR64;KR70,4.7019356,-74.0989557,1.0,13.122204301209676,12.981834805403226,496.0,124.0,1.0
244827,10582961,-74.201,4.609,KR 80 G  - CL 74 C  S 02,2022,Octubre,20,jueves,16,0,Bosa,Choque,Vehículo,,Con Heridos,1,0,0,0,0,0,0,0,0,0,0,0,0,0,0,0,0,0,0,0,0,0,1002290.0,0.02270763872752139,2520.547898754874,AV.CL59SUR,CL59SUR;KR78C,4.6025243,-74.1792353,0.0,33.85677419362903,32.40117588330645,447.0,124.0,0.0
244828,10582962,-74.095,4.679,KR 70  - CL 67 B  02,2022,Octubre,22,sábado,1,20,Engativá,Choque,Vehículo,,Con Heridos,0,0,0,0,0,1,0,0,0,0,0,0,0,0,0,0,0,0,0,0,0,0,1000657.0,0.002208066677550531,245.09540120810897,AV.CIRCUNVALAR,CL72;CL69,4.6768595,-74.09445794999999,1.0,24.93551075298387,20.72818548419355,389.0,124.0,1.0
246416,10582147,-74.066,4.661,CL 71 A  - KR 22   02,2022,Octubre,3,lunes,6,42,Barrios Unidos,Choque,Vehículo,,Con Heridos,1,0,0,0,0,0,0,0,0,0,0,0,0,0,0,0,0,0,0,0,0,0,1000707.0,0.004098162798440052,454.89607062684576,CL13,KR47;KR39,4.6608924,-74.06190325,1.0,29.488440860080647,29.121538523145162,536.0,124.0,1.0
246417,10582148,-74.193,4.615,AV AVENIDA CIUDAD DE CALI - CL 69  S 02,2022,Octubre,2,domingo,3,14,Bosa,Volcamiento,,,Con Heridos,0,0,0,0,0,0,0,0,0,0,0,0,0,0,0,0,0,0,0,0,0,0,1002290.0,0.0185771380083127,2062.06231892271,AV.CL59SUR,CL59SUR;KR78C,4.6025243,-74.1792353,0.0,28.577432795564516,28.286371674274193,608.0,124.0,0.0
246418,10582152,-74.119,4.706,CL 72  - KR 105   02,2022,Octubre,3,lunes,19,40,Engativá,Caida de ocupante,,,Con Heridos,0,0,0,0,0,0,0,0,0,0,1,0,1,0,0,1,0,0,0,0,0,0,1000722.0,0.00768365257494769,852.8854358191936,KR86,CL10;CL13C,4.6984233,-74.11772245,0.0,35.263783602338705,35.00183707774194,1410.0,124.0,0.0
246419,10582165,-74.153,4.617,AV AVENIDA PRIMERO DE MAYO - KR 39  S 02,2022,Octubre,3,lunes,17,52,Kennedy,Caida de ocupante,,,Con Heridos,0,0,0,0,0,0,0,0,0,0,1,0,1,0,0,1,0,0,0,0,0,0,1001028.0,0.005852793061648098,649.6600298429389,KR72,CL3;AV.P.MAYO,4.611398400000001,-74.15469625,0.0,16.881706989193546,16.752181259516128,565.0,124.0,0.0
246420,10582503,-74.091,4.536,KR 11  E- CL 54  S 02,2022,Octubre,9,domingo,20,40,San Cristóbal,Caida de ocupante,,,Con Heridos,0,0,0,0,0,0,0,1,0,0,1,0,1,0,0,1,0,0,0,0,0,0,1001959.0,0.019918815243892444,2210.9884920720615,"CL19,KR3",KR5;CL22,4.5343054,-74.1108466,0.0,11.053508064435485,10.991895033225807,513.0,124.0,0.0
246421,10582505,-74.09,4.54,DG 50  S- KR 11  E 02,2022,Octubre,9,domingo,14,54,San Cristóbal,Atropello,,,Con Heridos,0,0,0,0,0,1,1,0,0,0,0,0,0,0,0,0,0,0,0,0,0,0,1001959.0,0.021610395663197526,2398.753918614925,"CL19,KR3",KR5;CL22,4.5343054,-74.1108466,0.0,10.829791666583333,10.617470256083333,546.0,120.0,0.0
246422,10582510,-74.148133882,4.67582055000003,CL 17  - KR 104 B  02,2022,Octubre,9,domingo,3,30,Fontibón,Choque,Vehículo,,Con Heridos,0,0,0,0,0,1,0,0,0,0,0,0,0,0,0,0,0,0,0,0,0,0,1001344.0,0.0049451663352687416,548.9134632148304,DIAG16,KR97;KR90,4.6757841,-74.14318885,1.0,51.83432795717742,51.67495374975807,704.0,124.0,1.0
246423,10582511,-74.089,4.609,KR 24  - DG 12   02,2022,Octubre,10,lunes,14,40,Los Mártires,Atropello,,,Con Heridos,0,0,0,0,0,0,1,0,0,0,0,0,0,0,0,0,0,0,0,0,0,0,1000245.0,0.0001866328548268035,20.71624688577519,CL45,KR7;AV.CARACAS,4.6091786500000005,-74.08894599999999,1.0,11.21993055575,11.001465278000001,360.0,120.0,1.0
246424,10582512,-74.068,4.601,KR 1  E- CL 17   02,2022,Octubre,10,lunes,14,50,Santa Fe,Choque,Vehículo,,Con Heridos,0,0,0,0,0,0,0,0,0,0,0,0,0,0,0,0,0,0,0,0,0,0,1000055.0,0.0030113032863734977,334.25466478745824,KR11,CL116;CL106,4.6003184,-74.07093315,1.0,26.606277778,26.302020238,489.0,120.0,1.0
246425,10582515,-74.179,4.597,AU SUR - CL 63  S 02,2022,Octubre,10,lunes,9,49,Bosa,Choque,Vehículo,,Solo Daños,0,1,0,0,0,0,0,0,0,0,0,0,0,0,0,0,0,0,0,0,0,0,1002290.0,0.005529308870011968,613.7532845713284,AV.CL59SUR,CL59SUR;KR78C,4.6025243,-74.1792353,0.0,27.544013888583333,27.3159205025,486.0,120.0,0.0
246426,10582516,-74.105,4.698,KR 86  - CL 74   02,2022,Octubre,8,sábado,8,0,Engativá,Choque,Vehículo,,Con Heridos,0,0,0,1,0,1,0,1,0,1,0,0,0,0,0,0,0,0,0,0,0,1,1000759.0,0.00039685884770250475,44.05133209497803,KR80,CL26SUR;CL38CSUR,4.69774235,-74.10469815,1.0,18.544146005454547,18.414577849090907,630.0,121.0,1.0
246427,10582517,-74.023,4.747,KR 7  - CL 170   02,2022,Octubre,9,domingo,15,42,Usaquén,Choque,Vehículo,,Solo Daños,0,0,0,0,0,0,0,0,0,1,0,0,0,0,0,0,0,0,0,0,0,1,1000081.0,0.01234630994923852,1370.4404043654756,KR19,CL116;CL127,4.7391552,-74.03253365,0.0,12.561978319756097,12.478250718455284,530.0,123.0,0.0
246428,10582520,-74.158,4.58,CL 68  S- KR 51   02,2022,Octubre,10,lunes,2,16,Tunjuelito,Choque,Vehículo,,Solo Daños,0,0,0,0,0,0,0,0,0,1,0,0,0,0,0,0,0,0,0,0,0,1,1001946.0,0.017348455720612808,1925.6785849880216,"AV.P.MAYO,CL26SUR",KR72;KR78K,4.5960945,-74.1644758,0.0,39.073642472903224,34.81233736540322,405.0,124.0,0.0
246728,10582534,-74.138,4.595,CL 45 A  S- KR 53   02,2022,Octubre,10,lunes,20,20,Tunjuelito,Choque,Vehículo,,Con Heridos,0,0,0,0,0,1,0,1,0,0,0,0,0,0,0,0,0,0,0,0,0,0,1001949.0,0.003136495941736642,348.1510495327672,"AV.AMERICAS,KR50",KR36;CL17,4.5980143,-74.13713304999999,1.0,50.35399193540322,50.15064583298387,524.0,124.0,1.0
246729,10582541,-74.139,4.619,TV 72 N  - CL 26  S 02,2022,Octubre,10,lunes,23,53,Kennedy,Choque,Vehículo,,Con Heridos,0,0,0,0,0,1,0,0,0,0,0,0,0,0,0,0,0,0,0,0,0,0,1000942.0,0.0029435587750990186,326.73502403599105,TV39,CL6;CL13,4.62102935,-74.1368678,1.0,25.293198924758062,19.64677688185484,393.0,124.0,1.0
246730,10582542,-74.102685587,4.59762007,CL 1 B  - KR 28   02,2022,Octubre,11,martes,7,30,Los Mártires,Choque,Vehículo,,Con Heridos,0,0,0,0,0,0,0,1,0,1,0,0,0,0,0,0,0,0,0,0,0,1,1000264.0,0.0007581210965747914,84.15144171980185,AV.CARACAS,CL40A;CL45,4.5972931,-74.1020016,1.0,20.946841397741938,20.946841397741938,370.0,124.0,1.0
246731,10582546,-74.082959537,4.617134335,CL 22  - KR 24   02,2022,Octubre,10,lunes,23,1,Antonio Nariño,Choque,Vehículo,,Con Heridos,0,0,0,0,0,1,0,0,0,1,0,0,0,0,0,0,0,0,0,0,0,1,1001938.0,0.0007381202616097197,81.93134903867889,"CL1,CL1B",KR25;KR27,4.6178146,-74.083246,1.0,30.04759408596774,25.5272513441129,381.0,124.0,1.0
246732,10582547,-74.113,4.595,KR 30  - AV AVENIDA PRIMERO DE MAYO  02,2022,Octubre,9,domingo,10,59,Antonio Nariño,Choque,Vehículo,,Con Heridos,0,0,0,0,0,1,0,0,0,0,0,0,0,0,0,0,0,0,0,0,0,0,1000287.0,0.004582636558252392,508.67265796601555,AV.CARACAS,CL19;CL24,4.5992140500000005,-74.11480065,1.0,15.751166666583334,15.086114916166668,1191.0,120.0,1.0
246733,10582553,-74.117,4.6,KR 38 B  - CL 26  S 02,2022,Octubre,10,lunes,7,43,Puente Aranda,Choque,Vehículo,,Con Heridos,1,0,0,0,0,0,0,0,0,0,0,0,0,0,0,0,0,0,0,0,0,0,1000287.0,0.0023355637060439127,259.2475713708743,AV.CARACAS,CL19;CL24,4.5992140500000005,-74.11480065,1.0,15.352728494354839,15.25148437314516,2683.0,124.0,1.0
246734,10582555,-74.095,4.65,CL 44  - KR 60   02,2022,Octubre,11,martes,6,42,Teusaquillo,Choque,Vehículo,,Con Heridos,0,0,0,0,0,1,0,0,0,0,1,0,0,0,0,0,0,0,0,0,0,0,1001039.0,0.0012862792892648633,142.77700110839984,AV.AMERICAS,KR62;KR36,4.6489479,-74.09426,1.0,36.3048655916129,36.11410752709678,380.0,124.0,1.0
246735,10582559,-74.106,4.629,KR 50  - CL 15   02,2022,Octubre,10,lunes,6,0,Puente Aranda,Choque,Vehículo,,Solo Daños,0,0,0,0,0,0,0,0,0,0,0,0,0,0,0,0,0,0,0,0,0,0,1001934.0,0.002680678811411494,297.55534806667583,TV80A,AV.AMERICAS;KR80,4.6273108,-74.1039185,1.0,11.842325268951614,11.258594086048387,401.0,124.0,1.0
246737,10582714,-74.159,4.627,KR 80  - CL 38 C  S 02,2022,Octubre,15,sábado,15,20,Kennedy,Choque,Vehículo,,Solo Daños,0,0,1,0,0,0,0,0,0,0,0,0,0,0,0,0,0,0,0,0,0,0,1001031.0,0.00799201308198152,887.1134520999487,KR72,CL43AS;KR69B,4.623493,-74.15181855,0.0,20.21323924733871,20.231435243951612,2405.0,124.0,0.0
248000,10582965,-74.12,4.707,CL 72  - KR 105   02,2022,Octubre,21,viernes,18,6,Engativá,Choque,Vehículo,,Con Heridos,0,0,0,0,0,1,0,0,0,0,0,0,0,0,0,0,0,0,0,0,0,0,1000720.0,0.0075301636731918455,835.8481677242949,KR86,CL13C;CL19A,4.71067115,-74.12657465000001,0.0,26.17893817185484,26.015135177016127,1072.0,124.0,0.0
248001,10582972,-74.064424111,4.64978001200001,AV AVENIDA CARACAS - CL 63   02,2022,Octubre,20,jueves,3,10,Chapinero,Choque,Vehículo,,Solo Daños,0,0,1,0,0,1,0,1,0,0,0,0,0,0,0,0,0,0,0,0,0,0,1002025.0,0.0032112343264246034,356.447010233131,AUTONORTE,SANTA.FE;TOBERIN,4.64911745,-74.06756625,1.0,30.65426075266129,28.266856182741936,412.0,124.0,1.0
248002,10582975,-74.079,4.632,KR 30  - CL 41   02,2022,Octubre,21,viernes,12,0,Teusaquillo,Atropello,,,Con Heridos,0,0,0,0,0,1,1,0,0,0,0,0,0,0,0,0,0,0,0,0,0,0,1000060.0,0.001617148052900182,179.5034338719202,CL106,KR7;KR11,4.63361005,-74.07915134999999,1.0,12.552584746440678,12.322680791355932,438.0,118.0,1.0
248003,10582976,-74.053,4.648,KR 1  - CL 68   02,2022,Octubre,20,jueves,12,20,Chapinero,Volcamiento,,,Con Heridos,0,0,0,0,0,0,0,0,0,0,1,0,1,0,0,1,0,0,0,0,0,0,1001257.0,0.003937763904808024,437.09179343369067,CL63,KR77A;TV85,4.6444096,-74.0546171,1.0,14.158573446271186,14.02666778440678,1038.0,118.0,1.0
248004,10582984,-74.068,4.675,AV AVENIDA TRANSVERSAL DE SUBA - KR 81   02,2022,Octubre,20,jueves,17,0,San Cristóbal,Choque,Vehículo,,Con Heridos,1,0,0,0,0,0,0,0,0,0,1,0,1,0,0,1,0,0,0,0,0,0,1000338.0,0.00451561419881083,501.23317606800214,KR9,CL147;CL161,4.6704867,-74.06785545,1.0,28.41963709669355,28.070206614435484,810.0,124.0,1.0
248005,10582986,-74.146507845,4.595874047,CL 45  S- KR 72 N  02,2022,Octubre,20,jueves,19,30,Kennedy,Atropello,,,Con Heridos,0,0,0,0,0,0,1,0,0,0,0,0,0,0,0,0,0,0,0,0,0,0,1000297.0,0.003677238683855577,408.17349390796903,CL1,KR21;AV.CARACAS,4.59354105,-74.14366545,1.0,23.97329301096774,23.5865902475,599.0,124.0,1.0
248006,10583009,-74.118,4.689,CL 63  - KR 93   02,2022,Octubre,21,viernes,21,0,Engativá,Choque,Vehículo,,Solo Daños,0,0,0,0,0,1,0,0,0,0,0,0,0,0,0,0,0,0,0,0,0,0,1000238.0,0.005702390852310364,632.9653846064504,CL134,KR58;KR53,4.68384265,-74.1204329,0.0,33.94134408620968,33.88354312,681.0,124.0,0.0
248007,10583010,-74.14,4.55,KR 17 G  - CL 67 BIS S 02,2022,Octubre,23,domingo,19,30,Ciudad Bolívar,Atropello,,,Con Heridos,0,0,0,0,0,0,1,0,0,0,0,0,0,0,0,0,0,0,0,0,0,0,1001959.0,0.03310953338118649,3675.1582053117004,"CL19,KR3",KR5;CL22,4.5343054,-74.1108466,0.0,10.525712365564516,10.421903993467742,534.0,124.0,0.0
248008,10583013,-74.119,4.69,CL 63  - KR 93   02,2022,Octubre,22,sábado,10,30,Engativá,Choque,Vehículo,,Con Heridos,0,0,0,0,1,1,0,0,0,0,0,0,0,0,0,0,0,0,0,0,0,0,1000238.0,0.006321879580670538,701.7286334544298,CL134,KR58;KR53,4.68384265,-74.1204329,0.0,28.91666666691667,28.82842566875,975.0,120.0,0.0
248009,10583015,-74.12,4.68,CL 26 A  - KR 87   02,2022,Octubre,22,sábado,11,50,Fontibón,Choque,Vehículo,,Con Heridos,0,0,0,0,0,1,0,0,0,0,0,0,0,0,0,0,0,0,0,0,0,0,1000238.0,0.0038669576455522526,429.23229865630003,CL134,KR58;KR53,4.68384265,-74.1204329,1.0,29.68770655307692,29.42293790179487,996.0,117.0,1.0
248010,10583021,-74.13,4.706,KR 111  - CL 69 B  02,2022,Octubre,22,sábado,22,30,Engativá,Choque,Vehículo,,Con Heridos,0,0,0,0,0,0,0,0,0,0,1,0,1,0,0,1,0,0,0,0,0,0,1000720.0,0.005792466223026142,642.9637507559017,KR86,CL13C;CL19A,4.71067115,-74.12657465000001,0.0,34.78743279548387,34.61389495725806,917.0,124.0,0.0
248011,10583022,-74.135,4.558,KR 16 A  - CL 60 G  S 02,2022,Octubre,21,viernes,21,0,Ciudad Bolívar,Choque,Vehículo,,Con Heridos,0,0,0,0,0,0,0,0,0,1,0,0,0,0,0,0,0,0,0,0,0,1,1000325.0,0.02546936722821519,2827.099762331886,AV.CARACAS,AV.PRIMERO_MAYO;CL11SUR,4.57490245,-74.11594754999999,0.0,22.85857526870968,22.790564516048384,372.0,124.0,0.0
248012,10583029,-74.151,4.694,CL 24  - KR 123   02,2022,Octubre,23,domingo,10,45,Fontibón,Choque,Vehículo,,Con Heridos,0,0,1,0,0,1,0,0,0,1,0,0,0,0,0,0,0,0,0,0,0,1,1000982.0,0.016506750034832807,1832.2492538664417,DIAG16,KR123;KR106,4.67875865,-74.15733829999999,0.0,25.833347222083333,25.6016561185,1519.0,120.0,0.0
248013,10583031,-74.138,4.631,AV AVENIDA DE LAS AMERICAS - AV AVENIDA BOYACA  02,2022,Octubre,22,sábado,22,6,Kennedy,Choque,Vehículo,,Solo Daños,0,0,1,0,0,0,0,0,0,0,0,0,0,0,0,0,0,0,0,0,0,0,1000780.0,0.004781427371877617,530.7384382784155,CL6,KR42;KR36,4.62659345,-74.1361441,1.0,34.54086021459677,34.51467144314516,744.0,124.0,1.0
248014,10583032,-74.046,4.753,KR 45  - CL 172   02,2022,Octubre,21,viernes,18,30,Usaquén,Caida de ocupante,,,Con Heridos,0,0,0,0,0,0,0,0,0,0,1,0,1,0,0,1,0,0,0,0,0,0,1000222.0,0.0076547648966166166,849.6789035244444,CL147,KR19;KR15,4.7597534,-74.04960375,0.0,9.409287634435485,9.424266449112903,528.0,124.0,0.0
248015,10583033,-74.116,4.686,KR 90  - CL 63   02,2022,Octubre,22,sábado,22,40,Engativá,Choque,Vehículo,,Solo Daños,0,0,1,0,0,0,0,0,0,0,0,0,0,0,0,0,0,0,0,0,0,0,1000238.0,0.004929985946478878,547.2284400591554,CL134,KR58;KR53,4.68384265,-74.1204329,1.0,35.79376344056452,35.60387454612903,620.0,124.0,1.0
248016,10583035,-74.090784775,4.74233831999999,CL 145  - KR 99 A  02,2022,Octubre,22,sábado,19,20,Suba,Atropello,,,Con Heridos,0,0,0,0,0,0,1,0,0,0,1,0,1,0,0,1,0,0,0,0,0,0,1001707.0,0.004128522702007658,458.26601992285,AV.SUBA,CL136;CL127,4.7425033,-74.09491,1.0,37.251115591451615,37.07139916685484,706.0,124.0,1.0
248017,10583040,-74.104409104,4.58378033600002,CL 22  S- KR 20   02,2022,Octubre,23,domingo,4,30,Antonio Nariño,Choque,Vehículo,,Con Heridos,0,0,0,0,0,1,0,0,0,1,0,0,0,0,0,0,0,0,0,0,0,1,1000314.0,0.003295300870842258,365.77839666349064,CL19,KR5;KR10,4.5844906000000005,-74.10762695,1.0,20.56557795677419,18.887127792741936,431.0,124.0,1.0
248018,10583045,-74.156,4.621,KR 78 K  - CL 40 B  S 02,2022,Octubre,23,domingo,2,0,Kennedy,Choque,Vehículo,,Solo Daños,0,0,1,0,0,0,0,0,0,0,0,0,0,0,0,0,0,0,0,0,0,0,1001031.0,0.004868220732725001,540.372501332475,KR72,CL43AS;KR69B,4.623493,-74.15181855,1.0,45.33126344056451,45.20495965717742,976.0,124.0,1.0
248019,10583051,-74.07,4.671,KR 30  - CL 77   02,2022,Octubre,22,sábado,6,34,Barrios Unidos,Choque,Vehículo,,Con Heridos,0,0,0,0,0,1,0,1,0,1,0,0,0,0,0,0,0,0,0,0,0,1,1000203.0,0.0008409836621578751,93.34918649952414,KR7,CL188;CL175,4.6708734,-74.0708314,1.0,17.925994623790324,16.792418934516128,743.0,124.0,1.0
248020,10583053,-74.118438211,4.59896085299999,CL 28 A  S- KR 39   02,2022,Octubre,23,domingo,17,0,Puente Aranda,Choque,Objeto Fijo,Arbol,Con Heridos,0,0,0,0,0,0,0,0,0,0,0,0,0,0,0,0,0,0,0,0,0,0,1000957.0,0.003142176193946587,348.7815575280712,AV.P.MAYO,DIAG19SUR;AV.CARACAS,4.6016787,-74.1200151,1.0,7.415215054032258,7.395580534032258,958.0,124.0,1.0
248319,10583054,-74.114,4.595,CL 26  S- KR 34 D  02,2022,Octubre,22,sábado,22,13,Puente Aranda,Choque,Vehículo,,Solo Daños,0,0,1,0,0,0,0,0,0,0,0,0,0,0,0,0,0,0,0,0,0,0,1000287.0,0.004289435606814699,476.1273523564316,AV.CARACAS,CL19;CL24,4.5992140500000005,-74.11480065,1.0,16.89702956959677,16.675837976370968,673.0,124.0,1.0
248320,10583057,-74.097,4.692,KR 76  - CL 74   02,2022,Octubre,22,sábado,21,30,Engativá,Choque,Vehículo,,Con Heridos,0,0,0,0,0,1,0,0,0,0,0,0,0,0,0,0,0,0,0,0,0,0,1000282.0,0.004779230807621019,530.4946196459332,CL170,KR58;AV.BOYACA,4.6924967,-74.09224664999999,1.0,28.124138888416667,28.098529445833332,811.0,120.0,1.0
248321,10583061,-74.099857307,4.69120868700003,CL 72  - KR 77 A  02,2022,Octubre,24,lunes,0,30,Engativá,Choque,Vehículo,,Solo Daños,0,0,1,0,0,0,0,0,0,0,0,0,0,0,0,0,0,0,0,0,0,0,1000748.0,0.004431578621075744,491.9052269394076,KR68,CL3;CL13,4.692486049999999,-74.1041008,1.0,46.686416666666666,45.11234108916666,237.0,60.0,1.0
248322,10583062,-74.145,4.625,KR 75  - CL 1   02,2022,Octubre,21,viernes,6,42,Kennedy,Choque,Vehículo,,Con Muertos,1,0,0,0,0,1,0,1,0,0,0,0,0,0,0,0,0,0,0,0,0,0,1000040.0,0.0038019832206373193,422.02013749074246,KR24,CL72;CL80,4.627228499999999,-74.1419196,1.0,21.90686155927419,21.698854598951613,716.0,124.0,1.0
248323,10583072,-74.143,4.582,AV AVENIDA BOYACA - CL 56 A  S 02,2022,Octubre,24,lunes,7,40,Tunjuelito,Choque,Vehículo,,Con Heridos,0,0,0,0,0,1,0,0,0,0,0,0,0,0,0,0,0,0,0,0,0,0,1000297.0,0.011560218804373822,1283.1842872854943,CL1,KR21;AV.CARACAS,4.59354105,-74.14366545,0.0,22.179502688548386,22.03091786653226,822.0,124.0,0.0
248324,10583073,-74.091022536,4.60602182700001,KR 24  - CL 9   02,2022,Octubre,23,domingo,15,7,Los Mártires,Atropello,,,Con Heridos,0,0,0,0,0,1,1,1,0,0,0,0,0,0,0,0,0,0,0,0,0,0,1000706.0,0.001164852796765175,129.2986604409344,CL13,KR39;KR47,4.6049832,-74.09049515000001,1.0,17.754879032419353,16.561526364758063,446.0,124.0,1.0
248325,10583076,-74.111578989,4.61831657699997,KR 43 C  - CL 4 F  02,2022,Octubre,23,domingo,14,15,Puente Aranda,Choque,Vehículo,,Con Heridos,0,0,0,0,0,1,0,0,0,0,0,0,0,0,0,0,0,0,0,0,0,0,1000679.0,0.0023452024263931597,260.31746932964074,CL1,KR25;KR21,4.62037305,-74.11045165,1.0,14.999986111166667,14.801935580833334,830.0,120.0,1.0
248326,10583077,-74.16,4.585,CL 68  S- TV 70 A  02,2022,Octubre,24,lunes,7,0,Ciudad Bolívar,Choque,Vehículo,,Con Heridos,1,0,0,1,0,1,0,1,0,0,0,0,0,0,0,0,0,0,0,0,0,0,1001946.0,0.01196330706327008,1327.9270840229788,"AV.P.MAYO,CL26SUR",KR72;KR78K,4.5960945,-74.1644758,0.0,16.606895161370968,16.18022414233871,464.0,124.0,0.0
248327,10583087,-74.137,4.552,AV AVENIDA BOYACA - CL 66  S 02,2022,Octubre,24,lunes,5,15,Ciudad Bolívar,Atropello,,,Con Heridos,0,0,0,0,0,0,1,1,0,0,0,0,0,0,0,0,0,0,0,0,0,0,1000325.0,0.03110832472193845,3453.024044135168,AV.CARACAS,AV.PRIMERO_MAYO;CL11SUR,4.57490245,-74.11594754999999,0.0,22.315463709758067,21.962909946370967,372.0,124.0,0.0
248328,10583092,-74.084,4.74,KR 90  - CL 146 B  02,2022,Octubre,24,lunes,22,50,Suba,Choque,Objeto Fijo,Inmueble,Solo Daños,0,0,1,0,0,0,0,0,0,0,0,0,0,0,0,0,0,0,0,0,0,0,1000729.0,0.002848226369162269,316.1531269770119,KR86,DG49SUR;CL57BSUR,4.7407833,-74.0812616,1.0,20.3662500025,18.390833335,14.0,4.0,1.0
248329,10583097,-74.122,4.569,DG 46 B  S- TV 15 A BIS  02,2022,Octubre,23,domingo,20,27,Rafael Uribe Uribe,Choque,Vehículo,,Solo Daños,0,0,0,0,0,0,0,0,0,0,0,0,0,0,0,0,0,0,0,0,0,0,1000325.0,0.008454056245681822,938.4002432706823,AV.CARACAS,AV.PRIMERO_MAYO;CL11SUR,4.57490245,-74.11594754999999,0.0,22.690833332903228,22.45547042967742,370.0,124.0,0.0
248330,10583099,-74.155,4.68,CL 17  - KR 113   02,2022,Octubre,25,martes,17,0,Fontibón,Atropello,,,Con Muertos,0,0,0,0,0,0,1,0,0,0,1,0,0,0,0,0,0,0,0,0,0,0,1000982.0,0.002647375438516006,293.8586736752767,DIAG16,KR123;KR106,4.67875865,-74.15733829999999,1.0,23.245537634274193,23.26289437451613,1812.0,124.0,1.0
248331,10583100,-74.143234761,4.602508758,KR 72  - CL 40  S 02,2022,Octubre,24,lunes,17,58,Kennedy,Choque,Vehículo,,Con Heridos,1,0,0,0,0,0,1,1,0,1,0,0,0,0,0,0,0,0,0,0,0,1,1000291.0,0.002273012856769165,252.30442710137734,AV.CARACAS,CL6;CL13,4.60253905,-74.14096194999999,1.0,14.642311828064516,14.556067185564517,721.0,124.0,1.0
248332,10583103,-74.091,4.532,KR 11  E- CL 59  S 02,2022,Octubre,23,domingo,20,0,San Cristóbal,Choque,Vehículo,,Con Heridos,0,0,0,0,0,1,0,0,0,1,0,0,1,0,1,0,0,0,0,0,0,1,1001959.0,0.019980050068013434,2217.7855575494914,"CL19,KR3",KR5;CL22,4.5343054,-74.1108466,0.0,11.053508064435485,10.991895033225807,513.0,124.0,0.0
248333,10583104,-74.138,4.595,CL 6  S- KR 46   02,2022,Octubre,23,domingo,18,10,Ciudad Bolívar,Atropello,,,Con Heridos,0,0,0,0,1,1,1,0,0,0,0,0,0,0,0,0,0,0,0,0,0,0,1001949.0,0.003136495941736642,348.1510495327672,"AV.AMERICAS,KR50",KR36;CL17,4.5980143,-74.13713304999999,1.0,31.734677418951613,31.698252760725808,665.0,124.0,1.0
248334,10583105,-74.109,4.609,CL 3  - KR 38   02,2022,Octubre,24,lunes,9,50,Puente Aranda,Atropello,,,Con Heridos,0,0,0,0,0,1,1,1,0,0,0,0,0,0,0,0,0,0,0,0,0,0,1000072.0,0.001652061467521945,183.3788228949359,CL85,KR11;KR7,4.60870605,-74.1073743,1.0,8.923986111083334,7.760733730166667,376.0,120.0,1.0
248335,10583110,-74.126,4.574,KR 21  - CL 45 A  S 02,2022,Octubre,23,domingo,13,38,Rafael Uribe Uribe,Choque,Objeto Fijo,Poste,Con Heridos,0,0,0,0,0,0,0,1,0,0,1,0,1,0,0,1,0,0,0,0,0,0,1001976.0,0.00795511949533862,883.0182639825867,NQS,KR24;CL100,4.57921725,-74.11999465,0.0,38.5218678162069,38.447703491120684,579.0,116.0,0.0
248336,10583111,-74.10859791224,4.71867497607,CL 86 A  - KR 103 C  02,2022,Octubre,24,lunes,5,55,Engativá,Choque,Vehículo,,Con Heridos,0,0,0,0,0,1,0,0,0,0,0,0,0,0,0,0,0,0,0,0,0,0,1000711.0,0.009359485836979991,1038.902927904779,KR86,CL72;CL66A,4.7274802000000005,-74.1054249,0.0,23.53481854870968,23.13818126,962.0,124.0,0.0
248337,10583113,-74.14319834206,4.62676861995,DG 5 A  - KR 73 C  02,2022,Octubre,25,martes,5,50,Kennedy,Choque,Vehículo,,Con Heridos,0,0,0,0,0,1,0,0,0,0,0,0,0,0,0,0,0,0,0,0,0,0,1000040.0,0.001358922704359487,150.84042018390306,KR24,CL72;CL80,4.627228499999999,-74.1419196,1.0,22.11002016120968,21.235361431209675,457.0,124.0,1.0
248338,10583134,-74.090724906,4.7211487615,CL 128 A  - KR 91 B  02,2022,Octubre,24,lunes,8,0,Suba,Choque,Vehículo,,Con Heridos,0,0,0,0,0,1,0,0,0,1,0,0,0,0,0,0,0,0,0,0,0,1,1000736.0,0.0026283486441736684,291.74669950327717,CL100,AV.SUBA;KR49,4.7234155,-74.08939445,1.0,15.70794765801653,15.652161261157024,1692.0,121.0,1.0
248340,10582039,-74.106,4.696,AK 86  - CL 72   02,2022,Octubre,1,sábado,8,20,Engativá,Choque,Vehículo,,Solo Daños,0,0,0,0,0,0,0,0,0,0,0,0,0,0,0,0,0,0,0,0,0,0,1000759.0,0.002174993550559802,241.424284112138,KR80,CL26SUR;CL38CSUR,4.69774235,-74.10469815,1.0,18.544146005454547,18.414577849090907,630.0,121.0,1.0
248341,10582084,-74.106,4.62,CL 6  - TV 43 B  02,2022,Octubre,1,sábado,14,10,Puente Aranda,Choque,Vehículo,,Con Heridos,1,0,0,0,0,0,0,0,0,0,0,0,0,0,0,0,0,0,0,0,0,0,1001211.0,0.003750245641292513,416.27726618346895,NQS,KR71;CL59SUR,4.6204586,-74.1097221,1.0,16.93261111083333,16.692323012916667,2284.0,120.0,1.0
248343,10582501,-74.185,4.598,CL 65 G  - KR 77 J  02,2022,Octubre,5,miércoles,19,30,Bosa,Choque,Vehículo,,Con Heridos,0,0,0,0,0,1,0,0,0,0,0,0,0,0,0,0,0,0,0,0,0,0,1002290.0,0.00732810047556682,813.419152787917,AV.CL59SUR,CL59SUR;KR78C,4.6025243,-74.1792353,0.0,33.26977150516129,31.811696177096774,449.0,124.0,0.0
248344,10582508,-74.125,4.685,CL 26  - KR 96   02,2022,Octubre,10,lunes,8,20,Fontibón,Choque,Vehículo,,Con Heridos,0,0,0,0,0,1,0,0,0,0,0,0,0,0,0,0,0,0,0,0,0,0,1000238.0,0.004711460647455746,522.9721318675878,CL134,KR58;KR53,4.68384265,-74.1204329,1.0,26.578539944710744,26.33147469057851,1143.0,121.0,1.0
248345,10582522,-74.18,4.597,AU SUR - CL 65  S 02,2022,Octubre,10,lunes,11,8,Bosa,Choque,Vehículo,,Solo Daños,0,1,0,0,0,0,0,0,0,0,1,0,0,0,0,0,0,0,0,0,0,0,1002290.0,0.005576975576421369,619.044288982772,AV.CL59SUR,CL59SUR;KR78C,4.6025243,-74.1792353,0.0,29.884294872136753,29.630863485470083,460.0,117.0,0.0
248346,10582528,-74.121,4.555,CL 51  S- KR 6 A  02,2022,Octubre,8,sábado,10,50,Usme,Atropello,,,Con Heridos,0,0,0,0,1,1,1,0,0,0,0,0,0,0,0,0,0,0,0,0,0,0,1000325.0,0.02053374702788269,2279.245920094979,AV.CARACAS,AV.PRIMERO_MAYO;CL11SUR,4.57490245,-74.11594754999999,0.0,20.323166666416668,19.52413888858333,355.0,120.0,0.0
248347,10582532,-74.122,4.517,KR 14 V  - CL 73 B  S 02,2022,Octubre,10,lunes,18,30,Usme,Choque,Vehículo,,Con Heridos,0,0,0,0,0,1,0,0,0,1,0,0,0,0,0,0,0,0,0,0,0,1,1001959.0,0.020588229664542296,2285.293492764195,"CL19,KR3",KR5;CL22,4.5343054,-74.1108466,0.0,9.422876344112904,9.353587103870968,511.0,124.0,0.0
248348,10582563,-74.147,4.674,CL 17  - KR 102   02,2022,Octubre,10,lunes,17,30,Fontibón,Choque,Vehículo,,Con Heridos,1,0,0,0,0,0,0,0,0,0,0,0,0,0,0,0,0,0,0,0,0,0,1001344.0,0.004208072852569485,467.0960866352128,DIAG16,KR97;KR90,4.6757841,-74.14318885,1.0,24.71192204314516,24.361824733548385,1579.0,124.0,1.0
248349,10582564,-74.06,4.664,CL 77  - KR 16 A  02,2022,Octubre,11,martes,9,0,Chapinero,Choque,Vehículo,,Con Heridos,0,0,0,0,0,0,0,0,0,0,0,0,0,0,0,0,0,0,0,0,0,0,1000707.0,0.003644110086494605,404.49621960090116,CL13,KR47;KR39,4.6608924,-74.06190325,1.0,24.502722222416665,23.794658631166666,458.0,120.0,1.0
248350,10582567,-74.173,4.596,AU SUR - KR 74 G  02,2022,Octubre,11,martes,18,24,Bosa,Atropello,,,Con Heridos,1,0,0,0,0,0,1,0,0,0,0,0,0,0,0,0,0,0,0,0,0,0,1001946.0,0.008524723801387414,946.244341954003,"AV.P.MAYO,CL26SUR",KR72;KR78K,4.5960945,-74.1644758,0.0,12.305497311693548,12.235775328064516,558.0,124.0,0.0
248351,10582582,-74.145,4.588,TV 60  - DG 52  S 02,2022,Octubre,9,domingo,10,10,Tunjuelito,Choque,Vehículo,,Con Heridos,0,1,0,0,1,0,0,1,0,0,0,0,0,0,0,0,0,0,0,0,0,0,1000297.0,0.005699496364152309,632.6440964209063,CL1,KR21;AV.CARACAS,4.59354105,-74.14366545,0.0,19.673013889333333,19.2669372095,624.0,120.0,0.0
248352,10582635,-74.102,4.597,KR 27  - CL 1 B  02,2022,Octubre,13,jueves,5,0,Los Mártires,Choque,Vehículo,,Con Heridos,0,0,0,0,0,0,0,0,0,1,0,0,0,0,0,0,0,0,0,0,0,1,1000264.0,0.00029310436707710534,32.534584745558696,AV.CARACAS,CL40A;CL45,4.5972931,-74.1020016,1.0,22.849448925,22.472795699193547,372.0,124.0,1.0
248353,10582715,-74.1,4.584,CL 17 A  S- KR 16   02,2022,Octubre,15,sábado,13,30,Antonio Nariño,Choque,Vehículo,,Solo Daños,0,0,0,0,0,0,0,0,0,0,0,0,0,0,0,0,0,0,0,0,0,0,1000289.0,0.0031929603258483226,354.41859616916383,AV.CARACAS,CL13;CL19,4.5821952,-74.09736605,1.0,15.622208333749999,15.582416667083333,360.0,120.0,1.0
248354,10582718,-74.125,4.57,AV AVENIDA CARACAS - CL 46  S 02,2022,Octubre,14,viernes,19,23,Rafael Uribe Uribe,Choque,Vehículo,,Solo Daños,0,0,1,0,0,0,0,0,0,0,0,0,0,0,0,0,0,0,0,0,0,0,1000325.0,0.010294700918687612,1142.711801974325,AV.CARACAS,AV.PRIMERO_MAYO;CL11SUR,4.57490245,-74.11594754999999,0.0,22.224623655725807,22.000913978306453,370.0,124.0,0.0
248355,10582818,-74.074,4.666,KR 30  - CL 71 A  02,2022,Octubre,16,domingo,7,30,Barrios Unidos,Atropello,,,Con Heridos,0,0,0,0,0,1,1,0,0,0,0,0,0,0,0,0,0,0,0,0,0,0,1000202.0,0.004518106749793785,501.5098492271102,KR7,CL175;CL188,4.6690147500000005,-74.0773652,1.0,17.862930107580645,17.495943602419356,2030.0,124.0,1.0
248356,10582723,-74.084,4.631,CL 26  - KR 34   02,2022,Octubre,14,viernes,15,40,Teusaquillo,Choque,Vehículo,,Solo Daños,0,0,0,0,0,0,0,0,0,0,1,0,1,0,0,1,0,0,0,0,0,0,1002038.0,0.0015986247292597065,177.44734494782742,CL26,GOBERNACION;CAN,4.629466150000001,-74.08445045,1.0,45.15659946185484,45.024701999435486,711.0,124.0,1.0
248357,10582735,-74.118,4.556,KR 5 Y  - CL 49 D  S 02,2022,Octubre,17,lunes,0,15,Rafael Uribe Uribe,Choque,Objeto Fijo,Inmueble,Solo Daños,0,0,0,0,0,0,0,0,0,0,1,0,1,0,0,1,0,0,0,0,0,0,1000325.0,0.019013552193238914,2110.5042934495195,AV.CARACAS,AV.PRIMERO_MAYO;CL11SUR,4.57490245,-74.11594754999999,0.0,29.06361559153226,26.790672043064518,371.0,124.0,0.0
248358,10582744,-74.04899792,4.748361327,CL 167  - KR 48   02,2022,Octubre,14,viernes,13,1,Suba,Choque,Vehículo,,Con Heridos,0,0,0,0,0,1,0,0,0,0,0,0,0,0,0,0,0,0,0,0,0,0,1000175.0,0.009042811838305664,1003.7521140519287,CL106,KR19;KR15,4.73962495,-74.05133205,0.0,15.213763889166668,14.572407143083332,393.0,120.0,0.0
248637,10583137,-74.10639313643,4.64948055779,KR 68  - CL 24   02,2022,Octubre,24,lunes,13,11,Teusaquillo,Choque,Vehículo,,Con Heridos,0,0,0,0,0,0,0,0,0,0,0,0,0,0,0,0,0,0,0,0,0,0,1001984.0,0.0025021888550255254,277.7429629078333,NQS,AV.DORADO;U.NACIONAL,4.651686,-74.1052112,1.0,28.5476944445,28.482283719333335,1674.0,120.0,1.0
248638,10583142,-74.0884476686,4.5697449853,KR 1 A  - CL 20 A  S 02,2022,Octubre,19,miércoles,19,5,San Cristóbal,Choque,Vehículo,,Solo Daños,0,0,0,0,0,1,0,1,0,1,0,0,0,0,0,0,0,0,0,0,0,1,1000308.0,0.00449869759572738,499.3554331257392,KR5,CL27;CL24,4.57422605,-74.08804975000001,1.0,22.971612903387093,22.92452303,606.0,124.0,1.0
248639,10583143,-74.08651260321,4.62082131538,KR 30  - CL 22   02,2022,Octubre,24,lunes,19,20,Los Mártires,Choque,Vehículo,,Solo Daños,0,0,0,0,0,0,0,0,0,0,0,0,0,0,0,0,0,0,0,0,0,0,1001981.0,0.0014293592828320005,158.65888039435205,NQS,CAD;CL18,4.6206293,-74.08509620000001,1.0,32.35434413555556,30.39573909611111,1916.0,108.0,1.0
248658,10582749,-74.114,4.702,CL 72  - KR 96 A  02,2022,Octubre,14,viernes,13,14,Engativá,Caida de ocupante,,,Con Heridos,0,0,0,0,0,0,0,1,0,0,1,0,1,0,0,1,0,0,0,0,0,0,1000722.0,0.00516230732255302,573.0161128033852,KR86,CL10;CL13C,4.6984233,-74.11772245,0.0,19.373611111166667,19.581707935666667,1734.0,120.0,0.0
248659,10582754,-74.12241016757,4.52050230558,CL 71  S- TV 3 D  02,2022,Octubre,16,domingo,22,40,Usme,Atropello,,,Con Muertos,0,0,0,0,0,0,1,0,0,1,0,0,0,0,0,0,0,0,0,0,0,1,1001959.0,0.018006707375676445,1998.7445187000853,"CL19,KR3",KR5;CL22,4.5343054,-74.1108466,0.0,11.898682795645161,11.770511008790322,520.0,124.0,0.0
248660,10582756,-74.095,4.759,KR 111  - CL 157   02,2022,Octubre,15,sábado,18,20,Suba,Choque,Vehículo,,Con Heridos,0,0,0,0,0,1,0,0,0,0,1,0,1,0,0,1,0,0,0,0,0,0,1001055.0,0.013792282600154424,1530.943368617141,KR68,AV.SUBA;KR64,4.753758749999999,-74.0822424,0.0,11.649973118064516,11.573919913629032,1579.0,124.0,0.0
248661,10582758,-74.135,4.703,CL 64  - KR 112   02,2022,Octubre,16,domingo,4,20,Engativá,Choque,Vehículo,,Con Heridos,0,0,0,0,0,1,0,0,0,0,0,0,0,0,0,0,0,0,0,0,0,0,1000720.0,0.011394431312923071,1264.781875734461,KR86,CL13C;CL19A,4.71067115,-74.12657465000001,0.0,29.6750403225,29.55767602669355,1011.0,124.0,0.0
248662,10582777,-74.154,4.632,KR 80  - CL 2   02,2022,Octubre,15,sábado,10,25,Kennedy,Caida de ocupante,,,Con Heridos,0,0,0,0,0,0,0,1,0,0,1,0,1,0,0,1,0,0,0,0,0,0,1001031.0,0.00878224191778354,974.8288528739729,KR72,CL43AS;KR69B,4.623493,-74.15181855,0.0,21.084152777499998,21.024942243583332,1769.0,120.0,0.0
248663,10582810,-74.197,4.604,CL 72 A  - KR 78 C  02,2022,Octubre,16,domingo,14,40,Bosa,Choque,Vehículo,,Con Heridos,0,0,0,0,0,1,0,0,0,0,0,0,0,0,0,0,0,0,0,0,0,0,1002290.0,0.01782588725926503,1978.6734857784186,AV.CL59SUR,CL59SUR;KR78C,4.6025243,-74.1792353,0.0,33.709222222583335,33.18958518516667,462.0,120.0,0.0
248664,10582826,-74.076,4.609,KR 14  - CL 19   02,2022,Octubre,16,domingo,2,0,Santa Fe,Choque,Vehículo,,Solo Daños,0,0,0,0,0,0,0,0,0,0,0,0,0,0,0,0,0,0,0,0,0,0,1000683.0,0.001875760363825356,208.20940038461453,TV28,CL13;CL19,4.61087305,-74.07589920000001,1.0,18.991411764823532,10.747156863176471,236.0,85.0,1.0
248665,10582833,-74.075,4.687,KR 68  - CL 94   02,2022,Octubre,18,martes,14,59,Barrios Unidos,Choque,Vehículo,,Solo Daños,0,0,0,0,0,0,0,0,0,0,0,0,0,0,0,0,0,0,0,0,0,0,1001209.0,0.0013068907375942064,145.0648718729569,NQS,KR68;KR62B,4.688212200000001,-74.0745116,1.0,18.012486111166666,17.423301587333334,363.0,120.0,1.0
248666,10582835,-74.141,4.616,KR 72 J BIS - CL 36  S 02,2022,Octubre,14,viernes,12,30,Kennedy,Choque,Objeto Fijo,Poste,Solo Daños,0,1,0,0,0,0,0,0,0,0,0,0,0,0,0,0,0,0,0,0,0,0,1000942.0,0.006509181074644268,722.5190992855138,TV39,CL6;CL13,4.62102935,-74.1368678,0.0,15.116257062372883,14.96276715118644,439.0,118.0,0.0
248667,10582843,-74.204,4.631,KR 95 A  - CL 73  S 02,2022,Octubre,15,sábado,6,50,Bosa,Choque,Vehículo,,Con Heridos,0,0,0,0,0,1,0,0,0,0,0,0,0,0,0,0,0,0,0,0,0,0,1000981.0,0.033216370009524085,3687.0170710571733,DIAG16,KR90;KR97,4.6495069,-74.176417,0.0,35.239045699193554,35.208944152661296,1739.0,124.0,0.0
248668,10582844,-74.199,4.613,KR 81 I  - CL 73 D  S 02,2022,Octubre,15,sábado,8,2,Bosa,Choque,Vehículo,,Con Heridos,0,0,0,0,0,1,0,0,0,0,0,0,0,0,0,0,0,0,0,0,0,0,1002290.0,0.022369256951894012,2482.9875216602354,AV.CL59SUR,CL59SUR;KR78C,4.6025243,-74.1792353,0.0,27.3354545453719,27.02725954338843,482.0,121.0,0.0
248669,10582845,-74.135,4.56,KR 17  - CL 65  S 02,2022,Octubre,18,martes,5,40,Ciudad Bolívar,Choque,Vehículo,,Con Heridos,0,1,0,0,0,1,0,0,0,0,0,0,0,0,0,0,0,0,0,0,0,0,1002271.0,0.02407777789586272,2672.6333464407617,KR72,KR1;KR4AE,4.582431,-74.12624845,0.0,20.3583400541129,20.127042946370967,654.0,124.0,0.0
248670,10582847,-74.187,4.598,KR 77 J  - CL 65 J  S 02,2022,Octubre,15,sábado,17,50,Bosa,Choque,Vehículo,,Con Heridos,0,0,0,0,0,1,0,0,0,0,0,0,0,0,0,0,0,0,0,0,0,0,1002290.0,0.008986648795848842,997.5180163392214,AV.CL59SUR,CL59SUR;KR78C,4.6025243,-74.1792353,0.0,32.90294354782258,32.80367204274194,451.0,124.0,0.0
248671,10582848,-74.195,4.613,CL 71 A  S- KR 82 B  02,2022,Octubre,15,sábado,3,10,Bosa,Choque,Vehículo,,Con Heridos,1,0,0,0,0,1,0,0,0,0,0,0,0,0,0,0,0,0,0,0,0,0,1002290.0,0.018927917386224395,2100.9988298709077,AV.CL59SUR,CL59SUR;KR78C,4.6025243,-74.1792353,0.0,28.577432795564516,28.286371674274193,608.0,124.0,0.0
248672,10582854,-74.087,4.632,CL 25 B  - KR 38   02,2022,Octubre,18,martes,17,15,Teusaquillo,Atropello,,,Con Heridos,0,0,0,0,0,0,1,0,0,0,0,0,0,0,0,0,0,0,0,0,0,0,1001254.0,0.0009312638777500248,103.37029043025275,CL19,KR17;AV.CARACAS,4.631448499999999,-74.0877504,1.0,12.410564515887096,12.344999999758064,372.0,124.0,1.0
248673,10582867,-74.073977468,4.65654723500001,KR 27 A  - CL 63 G  02,2022,Octubre,18,martes,11,1,Barrios Unidos,Atropello,,,Con Heridos,0,0,0,0,0,0,1,0,0,0,0,0,0,0,0,0,0,0,0,0,0,0,1000193.0,0.004445337739586244,493.4324890940731,CL147,KR7;KR9,4.6537385,-74.07742305,1.0,24.447336182478633,24.338780796324787,446.0,117.0,1.0
248674,10582876,-74.163,4.622,CL 42 A  S- KR 79 F  02,2022,Octubre,19,miércoles,21,32,Kennedy,Choque,Vehículo,,Con Heridos,0,0,0,0,0,1,0,0,0,0,0,0,0,0,0,0,0,0,0,0,0,0,1001031.0,0.011280685843617466,1252.1561286415388,KR72,CL43AS;KR69B,4.623493,-74.15181855,0.0,29.462500000241935,29.37535878064516,2075.0,124.0,0.0
248675,10582877,-74.076,4.68,CL 80  - KR 62   02,2022,Octubre,18,martes,21,33,Barrios Unidos,Choque,Vehículo,,Con Heridos,0,0,0,0,0,1,0,0,0,0,0,0,0,0,0,0,0,0,0,0,0,0,1000716.0,0.0034239987021790767,380.06385594187753,KR86,CL24;CL64BIS,4.6782427,-74.07893865,1.0,35.38153225774194,35.19527647895161,904.0,124.0,1.0
248676,10582878,-74.116,4.579,KR 21 B  - CL 33  S 02,2022,Octubre,19,miércoles,6,20,Rafael Uribe Uribe,Choque,Vehículo,,Con Heridos,0,0,0,0,0,1,0,0,0,0,0,0,0,0,0,0,0,0,0,0,0,0,1001976.0,0.004000553234862084,444.06140906969136,NQS,KR24;CL100,4.57921725,-74.11999465,1.0,42.041842105526314,33.37879198039474,254.0,76.0,1.0
248677,10582888,-74.131,4.606,KR 68  - CL 34  S 02,2022,Octubre,19,miércoles,22,24,Puente Aranda,Atropello,,,Con Heridos,0,0,0,0,0,1,1,0,0,0,0,0,0,0,0,0,0,0,0,0,0,0,1001023.0,0.0013142522065842464,145.88199493085133,KR72,CL12;CL53,4.6068986,-74.13195905,1.0,39.431962365564516,39.41729320419355,759.0,124.0,1.0
248678,10582898,-74.087,4.594,KR 14  - CL 2  S 02,2022,Octubre,19,miércoles,0,10,Antonio Nariño,Choque,Vehículo,,Con Heridos,0,0,0,0,0,0,0,0,0,1,0,0,0,0,0,0,0,0,0,0,0,1,1000219.0,0.005451296442135969,605.0939050770926,CL34,KR7;KR5,4.5992053,-74.08538089999999,0.0,26.561491935241936,24.416974686290324,424.0,124.0,0.0
248679,10582904,-74.078,4.616,KR 19 A  - DG 23   02,2022,Octubre,19,miércoles,14,22,Los Mártires,Choque,Vehículo,,Solo Daños,0,0,0,0,0,0,0,0,0,0,0,0,0,0,0,0,0,0,0,0,0,0,1000965.0,0.0013374631751931893,148.45841244644402,CL26,KR22;KR33,4.61473565,-74.07843615,1.0,18.258666666333333,18.32492132925,571.0,120.0,1.0
248680,10582919,-74.147,4.569,CL 61  S- KR 23 C  02,2022,Octubre,20,jueves,18,10,Ciudad Bolívar,Choque,Vehículo,,Con Heridos,0,0,0,0,0,1,0,0,0,0,0,0,0,0,0,0,0,0,0,0,0,0,1002271.0,0.024718790188892566,2743.785710967075,KR72,KR1;KR4AE,4.582431,-74.12624845,0.0,19.23857526862903,19.0471301175,638.0,124.0,0.0
248977,10582930,-74.145,4.567,DG 62  S- KR 22 A  02,2022,Octubre,20,jueves,6,0,Ciudad Bolívar,Choque,Vehículo,,Con Heridos,1,0,0,0,0,0,0,0,0,0,1,0,1,0,0,1,0,0,0,0,0,0,1002271.0,0.02428448863785535,2695.578238801944,KR72,KR1;KR4AE,4.582431,-74.12624845,0.0,20.441290322741935,20.374847097016126,590.0,124.0,0.0
248978,10582931,-74.128,4.651,KR 72  - CL 17   02,2022,Octubre,20,jueves,5,30,Fontibón,Choque,Vehículo,,Con Heridos,1,0,0,0,0,0,0,1,0,0,0,0,0,0,0,0,0,0,0,0,0,0,1000775.0,0.00218863665383795,242.93866857601242,CL17,KR128;KR123,4.65006275,-74.1260222,1.0,14.317345429677419,14.129827456370966,2020.0,124.0,1.0
248979,10582935,-74.11,4.708,TV 94 L  - CL 80   02,2022,Octubre,19,miércoles,22,0,Engativá,Choque,Vehículo,,Con Heridos,0,0,1,0,0,0,0,0,0,1,0,0,0,0,0,0,0,0,0,0,0,1,1000759.0,0.011546817611140446,1281.6967548365897,KR80,CL26SUR;CL38CSUR,4.69774235,-74.10469815,0.0,24.241586021209677,24.25365292016129,968.0,124.0,0.0
248980,10582938,-74.085,4.738,CL 145  - KR 91   02,2022,Octubre,20,jueves,9,0,Suba,Choque,Vehículo,,Con Heridos,0,0,0,0,0,1,0,0,0,0,0,0,0,0,0,0,0,0,0,0,0,0,1000953.0,0.00415129000582639,460.7931906467293,AV.CORDOBA,AV.SUBA;CL127,4.73683785,-74.0810147,1.0,19.821305555583333,19.70117817441667,504.0,120.0,1.0
248981,10582941,-74.045,4.744,CL 163 A  - KR 21   02,2022,Octubre,19,miércoles,18,7,Usaquén,Choque,Vehículo,,Con Heridos,0,0,0,0,0,1,0,0,0,1,0,0,0,0,0,0,0,0,0,0,0,1,1000221.0,0.007271337184451698,807.1184274741385,CL147,KR15;KR19,4.738603400000001,-74.0498733,0.0,21.935954301048387,22.01127121717742,467.0,124.0,0.0
248982,10582942,-74.107,4.587,CL 22  - KR 24 G  02,2022,Octubre,20,jueves,7,18,Antonio Nariño,Volcamiento,,,Con Heridos,0,0,0,1,0,1,0,0,0,0,0,0,0,0,0,0,0,0,0,0,0,0,1000314.0,0.002586533329089875,287.10519952897613,CL19,KR5;KR10,4.5844906000000005,-74.10762695,1.0,13.258413978387098,13.229111659919354,591.0,124.0,1.0
248983,10582945,-74.117,4.716,CL 80  - KR 107   02,2022,Octubre,19,miércoles,10,50,Engativá,Atropello,,,Con Heridos,0,0,0,0,0,1,1,0,0,0,0,0,0,0,0,0,0,0,0,0,0,0,1000720.0,0.010957671511096511,1216.3015377317126,KR86,CL13C;CL19A,4.71067115,-74.12657465000001,0.0,23.483166666499997,23.252493536249997,1076.0,120.0,0.0
249452,10582434,-74.102,4.677,AV AVENIDA BOYACA - CL 64 B  02,2022,Octubre,9,domingo,15,50,Engativá,Atropello,,,Con Heridos,1,0,0,0,1,0,1,0,0,0,0,0,0,0,0,0,0,0,0,0,0,0,1000195.0,0.0044224084006889135,490.8873324764694,CL134,KR9;KR10,4.675439,-74.09786225,1.0,10.619516129274194,10.59916750016129,903.0,124.0,1.0
249453,10582439,-74.078,4.623,CL 26  - KR 32   02,2022,Octubre,9,domingo,13,21,Teusaquillo,Volcamiento,,,Con Heridos,0,0,0,0,0,1,0,0,0,0,0,0,0,0,0,0,0,0,0,0,0,0,1000967.0,0.0012020405359183463,133.42649948693645,CL26,KR33;KR40,4.6235713,-74.07694240000001,1.0,27.91096866076923,28.099985654273503,3570.0,117.0,1.0
249454,10582443,-74.06,4.652,CL 67  - KR 9   02,2022,Octubre,7,viernes,20,0,Chapinero,Choque,Vehículo,,Solo Daños,0,0,0,0,0,0,0,0,0,0,1,0,1,0,0,1,0,0,0,0,0,0,1000188.0,0.004336113022624826,481.30854551135565,KR7,CL162;CL165,4.654590349999999,-74.05652265,1.0,27.75420698967742,27.633957426451612,3296.0,124.0,1.0
249455,10582446,-74.075,4.629,CL 39 A  - KR 24   02,2022,Octubre,7,viernes,11,30,Teusaquillo,Choque,Vehículo,,Con Heridos,0,0,0,0,0,1,0,0,0,0,0,0,0,0,0,0,0,0,0,0,0,0,1001832.0,0.002687297797043344,298.2900554718112,CL170;CL169B,KR20;KR58,4.6265432,-74.0739111,1.0,25.38571120698276,25.338786301120688,567.0,116.0,1.0
249602,10582459,-74.026,4.699,KR 1 A  - CL 127   02,2022,Octubre,9,domingo,4,33,Usaquén,Volcamiento,,,Solo Daños,0,0,1,0,0,0,0,0,0,0,0,0,0,0,0,0,0,0,0,0,0,0,1000184.0,0.007094338799706581,787.4716067674304,KR15,CL94;CL100,4.704458949999999,-74.03053095,0.0,34.50282258080645,33.977246447983866,507.0,124.0,0.0
249603,10582571,-74.092,4.665,CL 63  - KR 65   02,2022,Octubre,11,martes,9,30,Barrios Unidos,Atropello,,,Con Heridos,0,0,0,0,0,1,1,0,0,0,0,0,0,0,0,0,0,0,0,0,0,0,1000647.0,0.002762465993000585,306.6337252230649,KR72,CL163;CL153,4.6669198000000005,-74.09398635,1.0,24.763708333416666,23.97455949716667,3010.0,120.0,1.0
249604,10582573,-74.166,4.588,CL 63  S- KR 71 H  02,2022,Octubre,11,martes,22,30,Ciudad Bolívar,Choque,Vehículo,,Solo Daños,0,0,1,0,0,0,0,0,0,0,0,0,0,0,0,0,0,0,0,0,0,0,1001946.0,0.008236753965609248,914.2796901826266,"AV.P.MAYO,CL26SUR",KR72;KR78K,4.5960945,-74.1644758,0.0,17.681922043064517,17.42098540701613,460.0,124.0,0.0
249605,10582688,-74.183,4.6,KR 77 M  - CL 65 G BIS A S 02,2022,Octubre,13,jueves,14,50,Bosa,Choque,Vehículo,,Con Heridos,0,0,0,0,0,1,0,0,0,0,0,0,0,0,0,0,0,0,0,0,0,0,1002290.0,0.004532665504980266,503.1258710528095,AV.CL59SUR,CL59SUR;KR78C,4.6025243,-74.1792353,1.0,33.709222222583335,33.18958518516667,462.0,120.0,1.0
249606,10582694,-74.120799552,4.63240325499999,KR 68  - CL 10   02,2022,Octubre,14,viernes,23,50,Puente Aranda,Choque,Vehículo,,Con Heridos,0,1,0,0,0,1,0,0,0,0,0,0,0,0,0,0,0,0,0,0,0,0,1000745.0,0.0020426531120240747,226.73449543467228,CL6,KR32;KR36,4.6343731,-74.12025905,1.0,33.43516129008065,30.355323924435485,389.0,124.0,1.0
249607,10582696,-74.103,4.616,CL 9  - KR 39   02,2022,Octubre,13,jueves,10,30,Puente Aranda,Choque,Vehículo,,Con Heridos,0,0,0,0,0,1,0,0,0,0,0,0,0,0,0,0,0,0,0,0,0,0,1001927.0,0.0037956258146856206,421.3144654301039,TV42,CL2C;CL6,4.61554995,-74.10676885000001,1.0,24.680236111333333,24.436614160416664,1341.0,120.0,1.0
249608,10582704,-74.041,4.688,KR 9  - CL 106   02,2022,Octubre,13,jueves,16,12,Usaquén,Choque,Vehículo,,Solo Daños,0,1,0,0,0,0,0,0,0,0,0,0,0,0,0,0,0,0,0,0,0,0,1000044.0,0.012988130415499595,1441.682476120455,KR15,CL77;CL92,4.7007512,-74.0434695,0.0,19.45631720435484,17.91180107564516,371.0,124.0,0.0
249609,10582713,-74.083858171,4.687229661,KR 69 H  - CL 78 A  02,2022,Octubre,14,viernes,18,45,Engativá,Choque,Vehículo,,Solo Daños,0,1,0,0,0,0,0,1,0,0,0,0,0,0,0,0,0,0,0,0,0,0,1002026.0,0.003573650734743789,396.67523155656056,AV.SUBA,SAN.MARTIN;CL94C,4.68380755,-74.08488779999999,1.0,23.89657258048387,23.73455372935484,758.0,124.0,1.0
249610,10582740,-74.061,4.646,KR 7  - CL 61   02,2022,Octubre,15,sábado,6,0,Chapinero,Atropello,,,Con Heridos,0,0,0,0,0,0,1,0,0,0,0,0,0,0,0,0,0,0,0,0,0,0,1000941.0,0.006229085770195372,691.4285204916863,CL24,KR10;KR5,4.6406639,-74.06421365,0.0,14.71434139798387,12.908331989596775,392.0,124.0,0.0
250300,10582196,-74.093,4.675,KR 69  - CL 66   02,2022,Octubre,3,lunes,12,20,Engativá,Choque,Vehículo,,Con Heridos,0,0,0,0,1,0,0,0,0,1,0,0,0,0,0,0,0,0,0,0,0,1,1000657.0,0.002362913128421413,262.2833572547769,AV.CIRCUNVALAR,CL72;CL69,4.6768595,-74.09445794999999,1.0,19.746596045254236,19.519083497033897,899.0,118.0,1.0
250301,10582197,-74.1,4.579,CL 22  S- KR 12 D  02,2022,Octubre,3,lunes,13,5,Antonio Nariño,Choque,Vehículo,,Solo Daños,0,0,0,0,0,0,0,1,0,1,0,0,0,0,0,0,0,0,0,0,0,1,1000289.0,0.004140893097200867,459.63913378929624,AV.CARACAS,CL13;CL19,4.5821952,-74.09736605,1.0,15.622208333749999,15.582416667083333,360.0,120.0,1.0
250302,10582199,-74.142,4.627,CL 5 B  - KR 73 B  02,2022,Octubre,3,lunes,7,13,Kennedy,Choque,Vehículo,,Con Heridos,1,0,0,0,0,0,0,0,0,0,0,0,0,0,0,0,0,0,0,0,0,0,1000040.0,0.0002422321407246479,26.88776762043592,KR24,CL72;CL80,4.627228499999999,-74.1419196,1.0,19.47026881717742,19.320325561774194,1112.0,124.0,1.0
250303,10582207,-74.115,4.67,CL 26  - KR 75   02,2022,Octubre,3,lunes,6,8,Fontibón,Choque,Vehículo,,Con Heridos,0,0,0,0,0,1,0,0,0,1,0,0,0,0,0,0,0,0,0,0,0,1,1000651.0,0.0013807362963333789,153.26172889300506,KR72,CL153;CL163,4.669980600000001,-74.1163806,1.0,43.46885752669355,43.64882253266129,5916.0,124.0,1.0
250304,10582233,-74.094,4.632,AC 24  - KR 43 A  02,2022,Octubre,2,domingo,17,35,Teusaquillo,Choque,Objeto Fijo,Valla-Señal,Con Heridos,0,0,0,0,0,0,1,0,0,0,1,0,1,0,0,1,0,0,0,0,0,0,1001303.0,0.0025642532256088834,284.6321080425861,KR27,CL1B;AV.P.MAYO,4.63106945,-74.09638945,1.0,14.050161290645162,13.68536973782258,856.0,124.0,1.0
250305,10582235,-74.09,4.744,KR 98 B  - CL 147   02,2022,Octubre,3,lunes,11,30,Suba,Choque,Vehículo,,Con Heridos,1,0,0,0,0,1,0,1,0,0,0,0,0,0,0,0,0,0,0,0,0,0,1001707.0,0.005133050836486326,569.7686428499821,AV.SUBA,CL136;CL127,4.7425033,-74.09491,0.0,32.58470085495726,32.39552607495727,869.0,117.0,0.0
250306,10582240,-74.165,4.691,AC 13  - KR 129   02,2022,Octubre,4,martes,18,40,Fontibón,Choque,Vehículo,,Solo Daños,0,0,0,0,0,0,0,0,0,0,1,0,1,0,0,1,0,0,0,0,0,0,1000982.0,0.014441339851714485,1602.9887235403078,DIAG16,KR123;KR106,4.67875865,-74.15733829999999,0.0,23.703010752419356,23.73652137322581,1606.0,124.0,0.0
250307,10582241,-74.031,4.734,CL 156  - KR 8 D  02,2022,Octubre,3,lunes,10,22,Usaquén,Choque,Vehículo,,Con Heridos,0,0,0,0,0,0,1,1,0,1,0,0,0,0,0,0,0,0,0,0,0,1,1000081.0,0.005378491364917851,597.0125415058815,KR19,CL116;CL127,4.7391552,-74.03253365,0.0,15.702458333916667,15.392366104666667,497.0,120.0,0.0
250308,10582248,-74.119,4.665,CL 24  - KR 74 A  02,2022,Octubre,3,lunes,6,35,Fontibón,Choque,Vehículo,,Solo Daños,0,0,0,0,0,0,0,1,0,1,1,0,1,0,0,1,0,0,0,0,0,1,1000651.0,0.005627400174148587,624.6414193304932,KR72,CL153;CL163,4.669980600000001,-74.1163806,0.0,43.46885752669355,43.64882253266129,5916.0,124.0,0.0
250309,10582461,-74.143,4.653,KR 86  - CL 12   02,2022,Octubre,9,domingo,5,40,Kennedy,Choque,Vehículo,,Con Heridos,0,0,0,0,0,1,0,0,0,0,1,0,1,0,0,1,0,0,0,0,0,0,1001019.0,0.003547756912824491,393.80101732351847,KR72,CL75;CL66A,4.65133785,-74.1398657,1.0,30.99959677435484,30.92385383185484,2418.0,124.0,1.0
250310,10582462,-74.19,4.625,CL 59  S- KR 87 L  02,2022,Octubre,9,domingo,15,24,Bosa,Choque,Vehículo,,Con Heridos,1,0,0,0,1,0,0,0,0,0,0,0,0,0,0,0,0,0,0,0,0,0,1002290.0,0.024920591015863122,2766.1856027608064,AV.CL59SUR,CL59SUR;KR78C,4.6025243,-74.1792353,0.0,31.882137097016127,31.321057443790323,461.0,124.0,0.0
250311,10582470,-74.072036933,4.66900692399997,KR 30  - CL 74   02,2022,Octubre,7,viernes,21,50,Barrios Unidos,Choque,Vehículo,,Solo Daños,0,0,0,0,0,1,0,0,0,0,0,0,0,0,0,0,0,0,0,0,0,0,1000203.0,0.0022219456502767174,246.63596718071562,KR7,CL188;CL175,4.6708734,-74.0708314,1.0,25.574018817177418,24.239655394758064,790.0,124.0,1.0
250312,10582472,-74.120799552,4.63240325499999,KR 68  - CL 10   02,2022,Octubre,7,viernes,16,35,Puente Aranda,Choque,Vehículo,,Solo Daños,0,1,0,0,0,1,0,0,0,0,1,0,0,0,0,0,0,0,0,0,0,0,1000745.0,0.0020426531120240747,226.73449543467228,CL6,KR32;KR36,4.6343731,-74.12025905,1.0,19.522634407903226,19.39742837346774,743.0,124.0,1.0
250313,10582474,-74.104,4.566,KR 10  - CL 35 BIS  02,2022,Octubre,8,sábado,8,30,Rafael Uribe Uribe,Choque,Vehículo,,Con Heridos,0,0,0,0,0,0,0,0,0,0,0,0,0,0,0,0,0,0,0,0,0,0,1000309.0,0.013657115156030153,1515.939782319347,KR5,CL24;CL19,4.5750037500000005,-74.09373115,0.0,11.414201102066116,11.328615980330579,748.0,121.0,0.0
250314,10582479,-74.1,4.604,KR 30  - CL 4   02,2022,Octubre,6,jueves,22,30,Puente Aranda,Choque,Vehículo,,Solo Daños,0,1,0,0,0,0,0,0,0,0,0,0,0,0,0,0,0,0,0,0,0,0,1001948.0,0.002325400064496146,258.1194071590722,"KR50,CL13",CL5A;KR47,4.6041161,-74.0976775,1.0,15.092432795725806,11.819422042903225,372.0,124.0,1.0
250315,10582490,-74.076,4.609,KR 14  - CL 19   02,2022,Octubre,9,domingo,17,15,Santa Fe,Atropello,,,Con Heridos,0,0,0,0,0,1,1,0,0,0,0,0,0,0,0,0,0,0,0,0,0,0,1000683.0,0.001875760363825356,208.20940038461453,TV28,CL13;CL19,4.61087305,-74.07589920000001,1.0,13.572154471382113,9.150506774552845,370.0,123.0,1.0
250316,10582492,-74.101,4.649,CL 26  - KR 66   02,2022,Octubre,7,viernes,19,30,Teusaquillo,Choque,Vehículo,,Solo Daños,0,0,0,0,0,1,0,0,0,0,0,0,0,0,0,0,0,0,0,0,0,0,1000004.0,0.004541491870802733,504.10559765910335,KR7,CL127;CL134,4.6511129,-74.09697994999999,1.0,34.50016801048387,34.39032476967742,6623.0,124.0,1.0
250317,10582500,-74.055,4.71,CL 127 B  - KR 46   02,2022,Octubre,9,domingo,14,0,Suba,Choque,Vehículo,,Solo Daños,0,0,0,0,0,0,0,0,0,0,0,0,0,0,0,0,0,0,0,0,0,0,1000970.0,0.005422940401661133,601.9463845843858,CL34,KR19;AV.CARACAS,4.705220199999999,-74.0575616,0.0,13.593694444750001,13.520684125916667,879.0,120.0,0.0
250479,10582530,-74.115,4.713,CL 80  - KR 104   02,2022,Octubre,11,martes,18,42,Engativá,Atropello,,,Con Heridos,0,0,0,0,0,1,1,0,0,0,0,0,0,0,0,0,0,0,0,0,0,0,1000720.0,0.011806611069453068,1310.5338287092907,KR86,CL13C;CL19A,4.71067115,-74.12657465000001,0.0,26.17893817185484,26.015135177016127,1072.0,124.0,0.0
250480,10582537,-74.119,4.744,CL 132 D  - KR 148 B  02,2022,Octubre,11,martes,7,0,Suba,Atropello,,,Con Heridos,0,0,0,0,0,0,1,0,0,0,1,0,1,0,0,1,0,0,0,0,0,0,1000951.0,0.018072049009447064,2005.9974400486242,AV.SUBA,CL127;HUMEDAL.CORDOBA,4.7388854,-74.1016668,0.0,30.33565860266129,30.50494766185484,1844.0,124.0,0.0
250481,10582540,-74.084,4.614,CL 19  - KR 22   02,2022,Octubre,10,lunes,22,1,Los Mártires,Choque,Vehículo,,Con Heridos,0,0,0,0,0,1,0,1,0,1,0,0,0,0,0,0,0,0,0,0,0,1,1001950.0,0.0021697002419647834,240.83672685809094,"KR50,CL13",CL17;KR56,4.6126833,-74.0857245,1.0,23.21287634387097,18.12145161298387,369.0,124.0,1.0
250482,10582574,-74.095807447,4.71488633000001,KR 91  - CL 96   02,2022,Octubre,11,martes,7,20,Engativá,Choque,Vehículo,,Con Heridos,1,0,0,0,0,0,0,0,0,0,1,0,1,0,0,1,0,0,0,0,0,0,1000731.0,0.0013964406659396987,155.00491391930655,TV86,CL90;KR91,4.7155579,-74.0970318,1.0,31.60916666701613,31.774705883629032,1363.0,124.0,1.0
250483,10582717,-74.157,4.629,KR 80  - CL 36  S 02,2022,Octubre,15,sábado,7,20,Kennedy,Choque,Vehículo,,Solo Daños,0,0,1,0,0,1,0,0,0,0,0,0,0,0,0,0,0,0,0,0,0,0,1001031.0,0.0075613803701734365,839.3132210892514,KR72,CL43AS;KR69B,4.623493,-74.15181855,0.0,22.601989247258064,22.848014830645162,2373.0,124.0,0.0
250484,10582719,-74.12,4.656,KR 72  - CL 22   02,2022,Octubre,17,lunes,6,40,Fontibón,Choque,Vehículo,,Solo Daños,0,0,0,0,0,0,0,0,0,1,0,0,0,0,0,0,0,0,0,0,0,1,1000774.0,0.008223034544646006,912.7568344557067,CL17,KR123;KR128,4.648816999999999,-74.12400285,0.0,11.901713709112904,11.922814425725806,1838.0,124.0,0.0
250616,10582344,-74.07153514807,4.67303801009,CL 78  - KR 52   02,2022,Octubre,7,viernes,7,40,Barrios Unidos,Choque,Vehículo,,Con Heridos,0,0,0,0,0,1,0,0,0,0,0,0,0,0,0,0,0,0,0,0,0,0,1000203.0,0.002276136680375974,252.65117152173312,KR7,CL188;CL175,4.6708734,-74.0708314,1.0,17.593602150645165,16.069045983951614,744.0,124.0,1.0
250617,10582345,-74.11486891691,4.50499630531,KR 14  - CL 92 A  S 02,2022,Octubre,7,viernes,4,45,Usme,Choque,Vehículo,,Con Heridos,0,0,0,0,0,1,0,0,0,0,0,0,0,0,0,0,0,0,0,0,0,0,1001959.0,0.029583814238056668,3283.80338042429,"CL19,KR3",KR5;CL22,4.5343054,-74.1108466,0.0,16.059220430080646,14.781273233629031,426.0,124.0,0.0
250618,10582351,-74.14306429808,4.66919915097,CL 17 G G - KR 96 G  8,2022,Octubre,6,jueves,16,0,Fontibón,Choque,Vehículo,,Con Heridos,0,0,0,0,0,1,0,0,0,0,1,0,0,0,0,0,0,0,0,0,0,0,1000648.0,0.0009743251213538429,108.15008847027657,KR72,CL134;CL138,4.6698867,-74.14375465,1.0,36.043239247580644,36.003060118145164,7635.0,124.0,1.0
250619,10582353,-74.112,4.667,AV AVENIDA BOYACA - CL 26   02,2022,Octubre,6,jueves,23,15,Engativá,Choque,Vehículo,,Con Heridos,0,0,0,0,0,1,0,0,0,0,0,0,0,0,0,0,0,0,0,0,0,0,1000651.0,0.005298455691996028,588.1285818115591,KR72,CL153;CL163,4.669980600000001,-74.1163806,0.0,48.23381720467742,47.332234466854835,1840.0,124.0,0.0
250620,10582388,-74.095,4.579,CL 18  S- KR 11   02,2022,Octubre,6,jueves,16,53,Antonio Nariño,Choque,Vehículo,,Con Heridos,0,0,0,0,0,0,0,1,0,1,0,0,0,0,0,0,0,0,0,0,0,1,1000214.0,0.0005182214126223735,57.52257680108345,KR5,CL34;CL27,4.57950665,-74.0948911,1.0,25.637715053548387,25.486021051370965,1175.0,124.0,1.0
250621,10582410,-74.142,4.687,CL 23 G  - KR 109   02,2022,Octubre,9,domingo,22,20,Fontibón,Choque,Vehículo,,Con Heridos,1,0,1,0,0,1,0,0,0,0,0,0,0,0,0,0,0,0,0,0,0,0,1001344.0,0.011278731184513145,1251.939161480959,DIAG16,KR97;KR90,4.6757841,-74.14318885,0.0,42.11131720411291,42.154339845564515,1068.0,124.0,0.0
250622,10582411,-74.137,4.548,CL 71  S- KR 17   02,2022,Octubre,8,sábado,7,55,Ciudad Bolívar,Choque,Vehículo,,Con Heridos,0,0,0,0,0,1,0,0,0,0,0,0,0,0,0,0,0,0,0,0,0,0,1001959.0,0.029521896970213696,3276.93056369372,"CL19,KR3",KR5;CL22,4.5343054,-74.1108466,0.0,11.42936827951613,11.236159064435483,609.0,124.0,0.0
250774,10582990,-74.138,4.637,CL 8  - KR 72 A  02,2022,Octubre,21,viernes,17,50,Kennedy,Choque,Vehículo,,Con Heridos,0,0,0,0,0,1,0,0,0,0,0,0,0,0,0,0,0,0,0,0,0,0,1001247.0,0.0066137065698842375,734.1214292571503,KR72,CL66A;CL75,4.63816495,-74.1314897,0.0,25.270672042741936,25.144995150887098,2967.0,124.0,0.0
250775,10582996,-74.053,4.751,KR 54 A  - CL 168 A  02,2022,Octubre,22,sábado,14,9,Suba,Choque,Vehículo,,Con Heridos,1,0,0,0,0,0,0,0,0,0,0,0,0,0,0,0,0,0,0,0,0,0,1000222.0,0.00938917065679705,1042.1979429044725,CL147,KR19;KR15,4.7597534,-74.04960375,0.0,13.679902777916668,13.658396506666666,543.0,120.0,0.0
250776,10582998,-74.158,4.616,TV 78 H  - CL 41 C  02,2022,Octubre,22,sábado,12,40,Kennedy,Caida de ocupante,,,Con Heridos,0,0,0,0,0,0,0,0,0,0,1,0,1,0,0,1,0,0,0,0,0,0,1001028.0,0.0056647583022134025,628.7881715456876,KR72,CL3;AV.P.MAYO,4.611398400000001,-74.15469625,0.0,17.599392655762713,17.552293770762713,569.0,118.0,0.0
250777,10583000,-74.03337923794,4.69646378037,KR 9  - CL 119   02,2022,Octubre,21,viernes,18,45,Usaquén,Choque,Vehículo,,Solo Daños,0,1,0,0,0,0,0,0,0,0,0,0,0,0,0,0,0,0,0,0,0,0,1000184.0,0.008487371890143314,942.0982798059079,KR15,CL94;CL100,4.704458949999999,-74.03053095,0.0,14.846263440645162,14.753870663387097,759.0,124.0,0.0
250778,10583005,-74.100248418,4.703145592,KR 86  - CL 80   02,2022,Octubre,22,sábado,16,54,Engativá,Atropello,,,Con Heridos,1,0,0,0,1,0,0,1,0,0,0,0,0,0,0,0,0,0,0,0,0,0,1000963.0,0.001770649730351701,196.54212006903882,CL72,KR64;KR70,4.7019356,-74.0989557,1.0,13.122204301209676,12.981834805403226,496.0,124.0,1.0
250779,10583008,-74.07313374464,4.6062132105,CL 19  - KR 9   02,2022,Octubre,21,viernes,0,0,Santa Fe,Atropello,,,Con Heridos,0,0,0,0,0,0,1,1,0,1,0,0,0,0,0,0,0,0,0,0,0,1,1000199.0,0.0010807409136589362,119.96224141614192,KR9,CL134:CL140,4.6071991,-74.072691,1.0,29.56814516129032,26.517180107741936,390.0,124.0,1.0
250780,10582431,-74.141,4.685,CL 23 G  - KR 107   02,2022,Octubre,7,viernes,16,0,Fontibón,Choque,Vehículo,,Con Heridos,0,0,0,0,1,1,0,0,0,0,0,0,0,0,0,0,0,0,0,0,0,0,1001344.0,0.009472268848194038,1051.4218421495382,DIAG16,KR97;KR90,4.6757841,-74.14318885,0.0,24.100443548145158,23.822075910241935,1702.0,124.0,0.0
250781,10582432,-74.114,4.617,AK 50  - CL 4 BIS  02,2022,Octubre,9,domingo,20,20,Puente Aranda,Atropello,,,Con Muertos,0,0,0,0,0,1,1,1,0,0,0,0,0,0,0,0,0,0,0,0,0,0,1000332.0,0.004841471412954707,537.4033268379725,CL11SUR,KR7;KR10,4.6123352,-74.11529594999999,1.0,13.052459677419353,12.2454596775,413.0,124.0,1.0
251170,10582308,-74.204,4.631,CL 73  S- KR 95 A  02,2022,Octubre,6,jueves,6,20,Bosa,Choque,Objeto Fijo,Vehiculo Estacionado,Con Heridos,0,0,0,0,0,0,1,0,0,0,1,0,1,0,0,1,0,0,0,0,0,0,1000981.0,0.033216370009524085,3687.0170710571733,DIAG16,KR90;KR97,4.6495069,-74.176417,0.0,35.239045699193554,35.208944152661296,1739.0,124.0,0.0
251171,10582320,-74.152,4.621,KR 78 B  - CL 38 C  S 02,2022,Octubre,6,jueves,21,6,Kennedy,Atropello,,,Con Heridos,0,0,0,0,0,1,1,0,0,0,0,0,0,0,0,0,0,0,0,0,0,0,1001031.0,0.0024995945876275373,277.45499922665664,KR72,CL43AS;KR69B,4.623493,-74.15181855,1.0,29.462500000241935,29.37535878064516,2075.0,124.0,1.0
251172,10582321,-74.102,4.6,KR 29  - CL 1 F  02,2022,Octubre,5,miércoles,16,8,Los Mártires,Choque,Vehículo,,Solo Daños,0,0,0,0,0,0,0,1,0,1,0,0,0,0,0,0,0,0,0,0,0,1,1000983.0,0.002692835392294114,298.9047285446467,CL80,KR24;KR58,4.6020578,-74.1037369,1.0,29.8745161291129,29.790226969758063,1482.0,124.0,1.0
251173,10582329,-74.092,4.549,CL 41 A  S- TV 6 B  E 02,2022,Octubre,5,miércoles,20,33,San Cristóbal,Choque,Vehículo,,Solo Daños,0,0,0,0,0,0,0,0,0,0,1,0,1,0,0,1,0,0,0,0,0,0,1001959.0,0.023898234259462293,2652.7040028003144,"CL19,KR3",KR5;CL22,4.5343054,-74.1108466,0.0,11.053508064435485,10.991895033225807,513.0,124.0,0.0
251175,10582335,-74.057864102,4.68033024699997,KR 45  - CL 93   02,2022,Octubre,7,viernes,23,50,Barrios Unidos,Choque,Objeto Fijo,Otro,Solo Daños,0,0,0,0,0,0,0,0,0,0,0,0,0,0,0,0,0,0,0,0,0,0,1000940.0,0.00216098917742631,239.86979869432042,CL24,KR14;KR10,4.681202,-74.05588675,1.0,15.06059620601626,11.878563685772358,367.0,123.0,1.0
251176,10582336,-74.076,4.665,KR 30  - CL 69   02,2022,Octubre,6,jueves,20,30,Barrios Unidos,Choque,Vehículo,,Con Heridos,0,0,0,0,0,1,0,0,0,1,0,0,0,0,0,0,0,0,0,0,0,1,1000189.0,0.0040024070860584186,444.2671865524845,KR7,CL170;CL165,4.66734485,-74.0792436,1.0,30.806008064354838,30.971248410080644,2434.0,124.0,1.0
251337,10582604,-74.112,4.586,CL 28  S- KR 26   02,2022,Octubre,12,miércoles,23,12,Rafael Uribe Uribe,Choque,Objeto Fijo,Poste,Solo Daños,0,0,1,0,0,0,0,0,0,0,0,0,0,0,0,0,0,0,0,0,0,0,1000314.0,0.0046262138582736,513.5097382683697,CL19,KR5;KR10,4.5844906000000005,-74.10762695,1.0,14.110819892419354,14.105741103225807,544.0,124.0,1.0
251338,10582609,-74.085897476,4.60802022600001,CL 12 B  - KR 19 B  02,2022,Octubre,13,jueves,18,9,Los Mártires,Atropello,,,Con Heridos,0,0,0,0,0,1,1,0,0,0,0,0,0,0,0,0,0,0,0,0,0,0,1000245.0,0.0032612029593832785,361.9935284915439,CL45,KR7;AV.CARACAS,4.6091786500000005,-74.08894599999999,1.0,11.845456989435483,11.662526881854838,372.0,124.0,1.0
251339,10582613,-74.06,4.648,KR 7  - CL 63   02,2022,Octubre,12,miércoles,6,46,Chapinero,Atropello,,,Con Heridos,0,0,0,0,0,1,1,0,0,0,0,0,0,0,0,0,0,0,0,0,0,0,1001257.0,0.006470439287251152,718.218760884878,CL63,KR77A;TV85,4.6444096,-74.0546171,0.0,19.39874999983871,19.375460781854837,754.0,124.0,0.0
251340,10582626,-74.057,4.648,CL 65  - KR 4 A  02,2022,Octubre,12,miércoles,11,16,Chapinero,Choque,Vehículo,,Solo Daños,0,0,0,0,0,0,0,1,0,0,0,0,0,0,0,0,0,0,0,0,1,0,1001257.0,0.004309197671260647,478.3209415099318,CL63,KR77A;TV85,4.6444096,-74.0546171,1.0,15.089515669572648,14.90207321923077,893.0,117.0,1.0
251341,10582627,-74.15,4.633,CL 6  - KR 79  S 02,2022,Octubre,11,martes,8,20,Kennedy,Choque,Vehículo,,Con Heridos,0,0,0,0,0,1,0,0,0,0,0,0,0,0,0,0,0,0,0,0,0,0,1001031.0,0.00967936842477276,1074.4098951497763,KR72,CL43AS;KR69B,4.623493,-74.15181855,0.0,22.985647383223142,23.070443445619837,2025.0,121.0,0.0
251342,10582632,-74.077,4.658,AK 30  - AC 63 G  02,2022,Octubre,13,jueves,7,20,Barrios Unidos,Choque,Vehículo,,Solo Daños,0,0,0,0,0,1,0,0,0,0,0,0,0,0,0,0,0,0,0,0,0,0,1000095.0,0.003154943379839051,350.1987151621347,KR7,CL153;CL162,4.6587847,-74.0800558,1.0,41.12393817177419,41.0728402208871,4519.0,124.0,1.0
251343,10582633,-74.097064064,4.60222704099999,KR 27  - CL 4 A  02,2022,Octubre,12,miércoles,14,52,Los Mártires,Choque,Vehículo,,Con Heridos,0,0,0,0,0,1,0,0,0,0,0,0,0,0,0,0,0,0,0,0,0,0,1000058.0,0.001872970873555934,207.89976696470868,KR11,CL100;CL106,4.6028211,-74.0952878,1.0,21.099388888916668,19.248338492166667,389.0,120.0,1.0
251344,10582636,-74.082,4.601,CL 11  S- KR 111   02,2022,Octubre,13,jueves,0,13,Puente Aranda,Choque,Vehículo,,Con Heridos,0,0,0,0,0,0,0,0,0,0,1,0,1,1,0,0,0,1,0,0,0,0,1000204.0,0.0016005688754305244,177.6631451727882,KR7,CL39;CL45,4.60029015,-74.08056545,1.0,36.74526881709677,36.664274886693555,1428.0,124.0,1.0
251345,10582639,-74.048,4.75,CL 168  - KR 45 A  02,2022,Octubre,12,miércoles,13,0,Suba,Choque,Vehículo,,Con Heridos,0,0,0,0,0,1,0,0,0,0,0,0,0,0,0,0,0,0,0,0,0,0,1000222.0,0.009884372798640583,1097.1653806491047,CL147,KR19;KR15,4.7597534,-74.04960375,0.0,12.888069444416667,12.308465046250001,505.0,120.0,0.0
251346,10582641,-74.116,4.627,CL 8  S- KR 60   02,2022,Octubre,13,jueves,10,5,Puente Aranda,Choque,Objeto Fijo,Vehiculo Estacionado,Con Heridos,1,0,0,0,0,0,0,0,0,0,0,0,0,0,0,0,0,0,0,0,0,0,1000988.0,0.0018846804059301004,209.19952505824114,CL80,KR76;KR71,4.628879899999999,-74.11586585,1.0,25.595013888999997,25.337995186416666,2507.0,120.0,1.0
251347,10582642,-74.141,4.577,AV AVENIDA BOYACA - CL 25   02,2022,Octubre,13,jueves,20,5,Tunjuelito,Choque,Vehículo,,Con Heridos,0,0,0,0,0,1,0,0,0,0,0,0,0,0,0,0,0,0,0,0,0,0,1002271.0,0.015719541609171977,1744.8691186180895,KR72,KR1;KR4AE,4.582431,-74.12624845,0.0,20.990793010564516,20.947573315080643,606.0,124.0,0.0
251348,10582645,-74.128072188,4.56133921100002,CL 55 A  S- KR 12 D  02,2022,Octubre,13,jueves,18,17,Tunjuelito,Choque,Vehículo,,Con Heridos,0,0,0,0,0,1,0,0,0,0,0,0,0,0,0,0,0,0,0,0,0,0,1000325.0,0.018192534150085416,2019.3712906594812,AV.CARACAS,AV.PRIMERO_MAYO;CL11SUR,4.57490245,-74.11594754999999,0.0,21.812809140080645,21.70314516153226,372.0,124.0,0.0
251349,10582647,-74.09,4.739,CL 139  - KR 96 A  02,2022,Octubre,15,sábado,2,9,Suba,Choque,Vehículo,,Con Muertos,0,0,0,0,0,1,0,0,0,0,0,0,0,0,0,0,0,0,0,0,0,0,1001034.0,0.004172430529676063,463.139788794043,CL72,KR55;KR24,4.73531305,-74.09195335,1.0,32.433198924838706,25.026274193629032,385.0,124.0,1.0
251350,10582648,-74.192,4.639,KR 99 A  - CL 55 A  S 02,2022,Octubre,12,miércoles,16,35,Bosa,Atropello,,,Con Heridos,0,0,0,0,1,1,1,0,0,0,0,0,0,0,0,0,0,0,0,0,0,0,1000981.0,0.018794276698233588,2086.1647135039284,DIAG16,KR90;KR97,4.6495069,-74.176417,0.0,32.567352150403224,32.17212198629032,1859.0,124.0,0.0
251351,10582651,-74.142,4.654,KR 86  - CL 13 A  02,2022,Octubre,14,viernes,5,41,Kennedy,Choque,Vehículo,,Con Muertos,0,1,0,0,0,1,0,0,0,0,1,0,1,0,0,1,0,0,0,0,0,0,1001019.0,0.0034120784153468713,378.7407041035027,KR72,CL75;CL66A,4.65133785,-74.1398657,1.0,30.99959677435484,30.92385383185484,2418.0,124.0,1.0
251352,10582654,-74.124248462,4.58842131699998,KR 33  - CL 39  S 02,2022,Octubre,12,miércoles,9,55,Tunjuelito,Volcamiento,,,Con Heridos,0,0,0,1,0,1,0,0,0,0,0,0,0,0,0,0,0,0,0,0,0,0,1000667.0,0.005937911611078575,659.1081888297218,AV.P.MAYO,AV.CARACAS;KR10,4.5827155,-74.12260455,0.0,21.80100000025,21.67035100725,793.0,120.0,0.0
251353,10582670,-74.097,4.608,KR 30 A  - CL 7   02,2022,Octubre,13,jueves,11,0,Puente Aranda,Choque,Vehículo,,Con Heridos,0,0,0,0,1,0,0,0,0,1,0,0,0,0,0,0,0,0,0,0,0,1,1001964.0,0.0009658317141129229,107.20732026653444,CL26,KR40;GOBERNACION,4.608241700000001,-74.0960649,1.0,40.69650997145299,40.715348826923076,2084.0,117.0,1.0
251354,10582680,-74.18,4.632,KR 88 C  - CL 49 D  S 02,2022,Octubre,14,viernes,7,32,Bosa,Atropello,,,Con Heridos,0,0,0,0,0,1,1,0,0,0,0,0,0,0,0,0,0,0,0,0,0,0,1000981.0,0.017869791174215516,1983.5468203379223,DIAG16,KR90;KR97,4.6495069,-74.176417,0.0,34.328024193629034,34.36615182056452,1766.0,124.0,0.0
251355,10582692,-74.137,4.58,KR 28  - CL 52 F  S 02,2022,Octubre,13,jueves,11,50,Tunjuelito,Choque,Vehículo,,Con Heridos,0,0,0,0,0,1,0,1,0,0,0,0,0,0,0,0,0,0,0,0,0,0,1002271.0,0.011022957334689595,1223.548264150545,KR72,KR1;KR4AE,4.582431,-74.12624845,0.0,18.983133903504275,18.819416306068376,524.0,117.0,0.0
251356,10582697,-74.069,4.661,DG 70 A  - AK 24   02,2022,Octubre,13,jueves,11,0,Barrios Unidos,Choque,Vehículo,,Solo Daños,0,0,0,0,0,0,0,1,0,1,0,0,0,0,0,0,0,0,0,0,0,1,1000707.0,0.0070975656617274655,787.8297884517486,CL13,KR47;KR39,4.6608924,-74.06190325,0.0,22.08364224137931,21.379501539568963,463.0,116.0,0.0
251373,10582141,-74.083,4.592,KR 10  - CL 3   02,2022,Octubre,4,martes,18,13,Santa Fe,Atropello,,,Con Muertos,0,0,0,0,0,1,1,1,0,0,0,0,0,0,0,0,0,0,0,0,0,0,1001961.0,0.0021072030751638085,233.89954134318276,CL22,KR1;KR3,4.5900896,-74.08211080000001,1.0,12.8213833329,12.605309923,420.0,100.0,1.0
251374,10582144,-74.084,4.591,KR 10  - CL 2   02,2022,Octubre,2,domingo,15,50,Santa Fe,Choque,Vehículo,,Solo Daños,0,0,0,0,0,0,0,0,0,1,0,0,0,0,0,0,0,0,0,0,0,1,1001961.0,0.002097118213162289,232.78012166101405,CL22,KR1;KR3,4.5900896,-74.08211080000001,1.0,12.1873833333,12.138102667800002,424.0,100.0,1.0
251375,10582155,-74.101,4.569,KR 10  - CL 31  S 02,2022,Octubre,2,domingo,14,30,Rafael Uribe Uribe,Choque,Vehículo,,Con Heridos,0,0,0,0,0,1,0,0,0,0,0,0,0,0,0,0,0,0,0,0,0,0,1000309.0,0.009427682344301011,1046.4727402174121,KR5,CL24;CL19,4.5750037500000005,-74.09373115,0.0,11.409624999750001,11.3648068645,692.0,120.0,0.0
251376,10582157,-74.138,4.696,CL 26  - KR 113   02,2022,Octubre,1,sábado,16,30,Fontibón,Choque,Vehículo,,Solo Daños,0,0,0,0,0,0,0,1,0,0,0,0,0,0,0,0,0,0,0,0,0,0,1000720.0,0.018595194673487744,2064.0666087571394,KR86,CL13C;CL19A,4.71067115,-74.12657465000001,0.0,25.420819892500003,25.241292102258065,1154.0,124.0,0.0
251377,10582158,-74.123,4.586,CL 39  S- KR 29   02,2022,Octubre,1,sábado,13,50,Rafael Uribe Uribe,Volcamiento,,,Con Heridos,0,0,0,0,0,1,0,0,0,0,0,0,0,0,0,0,0,0,0,0,0,0,1000667.0,0.0033082202091912955,367.2124432202338,AV.P.MAYO,AV.CARACAS;KR10,4.5827155,-74.12260455,1.0,20.081055556083335,19.978675938,805.0,120.0,1.0
251427,10582162,-74.04,4.701,KR 13  - CL 122   02,2022,Octubre,4,martes,18,15,Usaquén,Choque,Vehículo,,Con Heridos,0,0,0,0,0,1,0,0,0,0,0,0,0,0,0,0,0,0,0,0,0,0,1000044.0,0.0034784093620446464,386.10343918695577,KR15,CL77;CL92,4.7007512,-74.0434695,1.0,18.63220430104839,17.429677419274192,372.0,124.0,1.0
251428,10582167,-74.113,4.57,KR 12 C  - CL 40 A  S 02,2022,Octubre,3,lunes,15,58,Rafael Uribe Uribe,Choque,Objeto Fijo,Vehiculo Estacionado,Con Heridos,0,0,0,0,1,0,1,0,0,0,0,0,0,0,0,0,0,0,0,0,0,0,1000325.0,0.00572032053340732,634.9555792082125,AV.CARACAS,AV.PRIMERO_MAYO;CL11SUR,4.57490245,-74.11594754999999,0.0,21.12051490504065,20.876978319674798,366.0,123.0,0.0
251429,10582175,-74.188,4.602,KR 78 C  - CL 68  S 02,2022,Octubre,2,domingo,23,53,Bosa,Choque,Vehículo,,Solo Daños,0,0,1,0,0,0,0,0,0,0,1,0,1,0,0,1,0,0,0,0,0,0,1002290.0,0.008780367679089898,974.6208123789787,AV.CL59SUR,CL59SUR;KR78C,4.6025243,-74.1792353,0.0,27.17743279564516,26.925012454919354,645.0,124.0,0.0
251430,10582189,-74.088,4.555,TV 6 C  E- CL 36 H  S 02,2022,Octubre,3,lunes,17,18,San Cristóbal,Choque,Vehículo,,Solo Daños,0,0,0,0,0,0,0,0,0,0,0,0,0,0,0,0,0,0,0,0,0,0,1000308.0,0.019226114367313387,2134.098694771786,KR5,CL27;CL24,4.57422605,-74.08804975000001,0.0,22.904247311451613,22.89079929483871,700.0,124.0,0.0
251432,10582200,-74.138,4.626,AV AVENIDA BOYACA - CL 3  S 02,2022,Octubre,3,lunes,15,20,Kennedy,Choque,Vehículo,,Con Heridos,0,0,0,0,0,1,0,0,0,0,0,0,0,0,0,0,0,0,0,0,0,0,1000780.0,0.0019484731747023676,216.28052239196282,CL6,KR42;KR36,4.62659345,-74.1361441,1.0,22.729314516129033,22.669503679758062,1105.0,124.0,1.0
251433,10582201,-74.109,4.589,AV AVENIDA PRIMERO DE MAYO - CL 27  S 02,2022,Octubre,4,martes,6,50,Antonio Nariño,Choque,Vehículo,,Con Heridos,0,0,0,0,0,1,0,0,0,0,0,0,0,0,0,0,0,0,0,0,0,0,1000314.0,0.004713804690745412,523.2323206727407,CL19,KR5;KR10,4.5844906000000005,-74.10762695,1.0,14.301935483709677,14.129939036048386,518.0,124.0,1.0
251434,10582203,-74.143,4.619,CL 26  S- KR 78 P BIS  02,2022,Octubre,2,domingo,15,0,Kennedy,Caida de ocupante,,,Con Heridos,0,0,0,0,0,0,0,0,0,0,1,0,1,0,0,1,0,0,0,0,0,0,1000942.0,0.006459267625857629,716.9787064701968,TV39,CL6;CL13,4.62102935,-74.1368678,0.0,15.83722222203252,15.68092862398374,469.0,123.0,0.0
251435,10582206,-74.183,4.613,CL 59  S- KR 81   02,2022,Octubre,3,lunes,14,36,Bosa,Choque,Vehículo,,Con Heridos,1,0,0,0,0,1,0,1,0,0,0,0,0,0,0,0,0,0,0,0,0,0,1002290.0,0.01113163314972474,1235.6112796194461,AV.CL59SUR,CL59SUR;KR78C,4.6025243,-74.1792353,0.0,33.709222222583335,33.18958518516667,462.0,120.0,0.0
251436,10582208,-74.201,4.639,CL 63  S- KR 104   02,2022,Octubre,3,lunes,19,30,Bosa,Atropello,,,Con Heridos,0,0,0,0,1,1,1,0,0,0,0,0,0,0,0,0,0,0,0,0,0,0,1001346.0,0.026647808386659484,2957.906730919203,DIAG16,KR106;KR97,4.65517805,-74.1798251,0.0,26.325235214596773,26.112206215,1442.0,124.0,0.0
251437,10582215,-74.164,4.631,KR 81 K  - CL 40  S 02,2022,Octubre,2,domingo,10,40,Kennedy,Choque,Vehículo,,Solo Daños,0,0,1,0,0,0,0,0,0,1,0,0,0,0,0,0,0,0,0,0,0,1,1001031.0,0.014308835490790432,1588.2807394777378,KR72,CL43AS;KR69B,4.623493,-74.15181855,0.0,21.084152777499998,21.024942243583332,1769.0,120.0,0.0
251489,10582245,-74.143,4.631,AC 6  - KR 74   02,2022,Octubre,4,martes,7,50,Kennedy,Choque,Vehículo,,Con Heridos,1,0,0,0,0,1,0,0,0,0,0,0,0,0,0,0,0,0,0,0,0,0,1000040.0,0.003923197217834054,435.47489117958,KR24,CL72;CL80,4.627228499999999,-74.1419196,1.0,19.47026881717742,19.320325561774194,1112.0,124.0,1.0
251490,10582251,-74.138,4.627,AV AVENIDA BOYACA - CL 4   02,2022,Octubre,3,lunes,8,50,Kennedy,Choque,Vehículo,,Solo Daños,0,0,0,0,0,0,0,0,0,0,0,0,0,0,0,0,0,0,0,0,0,0,1000780.0,0.001899907290510675,210.88970924668493,CL6,KR42;KR36,4.62659345,-74.1361441,1.0,28.320013773801655,27.90105464785124,1328.0,121.0,1.0
251491,10582255,-74.094346247,4.56551794199999,KR 3  - CL 30 A  S 02,2022,Octubre,5,miércoles,18,15,San Cristóbal,Atropello,,,Con Heridos,0,0,0,0,1,1,1,0,0,0,0,0,0,0,0,0,0,0,0,0,0,0,1000309.0,0.009505729731718893,1055.136000220797,KR5,CL24;CL19,4.5750037500000005,-74.09373115,0.0,10.475806451532259,10.522018145645163,809.0,124.0,0.0
251492,10582256,-74.084,4.608,CL 13  - KR 19   02,2022,Octubre,4,martes,17,40,Los Mártires,Choque,Vehículo,,Con Heridos,0,0,0,0,0,1,0,0,0,0,0,0,0,0,0,0,0,0,0,0,0,0,1001989.0,0.0030961032064505084,343.6674559160064,NQS,SIMON-BOLIVAR;CAMPIN,4.60808075,-74.08090495,1.0,27.89635752669355,27.503213458951613,796.0,124.0,1.0
251493,10582266,-74.169226269,4.63925352699999,KR 89 C  - CL 40  S 02,2022,Octubre,4,martes,9,25,Kennedy,Choque,Vehículo,,Con Heridos,0,0,0,0,0,1,0,0,0,0,0,0,0,0,0,0,0,0,0,0,0,0,1000981.0,0.012523508701303117,1390.109465844646,DIAG16,KR90;KR97,4.6495069,-74.176417,0.0,32.84295833358333,32.74221318633333,1494.0,120.0,0.0
251494,10582273,-74.146400226,4.53842222200001,CL 79 D BIS D S- KR 18 D  44,2022,Octubre,5,miércoles,4,40,Ciudad Bolívar,Choque,Vehículo,,Con Heridos,0,0,0,0,0,1,0,0,0,0,1,0,1,0,0,1,0,0,0,0,0,0,1001959.0,0.0357911797113101,3972.820947955421,"CL19,KR3",KR5;CL22,4.5343054,-74.1108466,0.0,16.059220430080646,14.781273233629031,426.0,124.0,0.0
251495,10582275,-74.06769229816,4.65506789351,CL 66  - KR 19   02,2022,Octubre,4,martes,10,0,Barrios Unidos,Choque,Vehículo,,Con Heridos,0,0,0,0,0,1,0,0,0,0,0,0,0,0,0,0,0,0,0,0,0,0,1000959.0,0.0022962805927363127,254.8871457937307,KR50,CL24;CL53,4.653171,-74.0689864,1.0,23.44823611125,23.02235274175,820.0,120.0,1.0
251496,10582279,-74.1629152368,4.6527724607,KR 94 BIS - CL 6 A  02,2022,Octubre,5,miércoles,7,16,Kennedy,Caida de ocupante,,,Con Heridos,0,0,0,0,0,0,0,0,0,0,1,0,1,0,0,1,0,0,0,0,0,0,1001033.0,0.008958335497154706,994.3752401841723,CL72,KR76;KR70,4.6540506,-74.15404855,0.0,16.733306451854837,16.414947326290324,747.0,124.0,0.0
251497,10582292,-74.1223311098,4.58448890308,KR 27  - CL 37 A  S 02,2022,Octubre,4,martes,16,0,Antonio Nariño,Choque,Vehículo,,Solo Daños,0,0,0,0,0,0,0,0,0,0,0,0,0,0,0,0,0,0,0,0,0,0,1000667.0,0.001794360060615096,199.17396672827564,AV.P.MAYO,AV.CARACAS;KR10,4.5827155,-74.12260455,1.0,19.247473118225805,19.133388804354837,946.0,124.0,1.0
251498,10582304,-74.062046281,4.66774983800002,KR 22  - CL 80   10,2022,Octubre,5,miércoles,18,18,Barrios Unidos,Choque,Vehículo,,Solo Daños,0,0,0,0,0,0,0,0,0,0,0,0,0,0,0,0,0,0,0,0,0,0,1000338.0,0.006421593110554651,712.7968352715662,KR9,CL147;CL161,4.6704867,-74.06785545,0.0,27.3675,27.418220938951613,947.0,124.0,0.0
251499,10582307,-74.088050765,4.59960829300002,CL 6  - KR 18   02,2022,Octubre,5,miércoles,14,22,Antonio Nariño,Choque,Vehículo,,Con Heridos,0,0,0,0,1,0,0,0,0,0,1,0,1,1,0,0,0,1,0,0,0,0,1000057.0,0.0020535580723698337,227.94494603305154,KR11,CL106;CL100,4.60078815,-74.08973155,1.0,10.714027777750001,7.574083333333333,359.0,120.0,1.0
251500,10582311,-74.097206156,4.637925908,KR 50  - CL 24   02,2022,Octubre,6,jueves,21,30,Barrios Unidos,Choque,Vehículo,,Con Heridos,0,0,0,0,0,1,0,0,0,0,0,0,0,0,0,0,0,0,0,0,0,0,1000181.0,0.0025777663988237093,286.1320702694317,CL76,KR7;KR11,4.635805599999999,-74.09574015,1.0,12.555255376532259,12.472715053951614,372.0,124.0,1.0
251521,10582699,-74.132,4.594,KR 51 D BIS - CL 45 A  S 02,2022,Octubre,13,jueves,14,10,Puente Aranda,Choque,Vehículo,,Con Heridos,1,0,0,0,0,0,0,0,0,0,1,0,1,0,0,1,0,0,0,0,0,0,1000296.0,0.0008734835616707202,96.95667534544995,CL1,AV.CARACAS;KR21,4.5933419,-74.13142565,1.0,15.611361111083333,15.527488833416667,754.0,120.0,1.0
251522,10582705,-74.102136323,4.62369102399998,CL 13  - KR 43   02,2022,Octubre,15,sábado,6,28,Puente Aranda,Choque,Vehículo,,Solo Daños,0,0,0,0,0,0,0,1,0,1,0,0,0,0,0,0,0,0,0,0,0,1,1000769.0,0.002036046204850668,226.00112873842411,NQS,KR67;KR62B,4.62567005,-74.1026148,1.0,19.909469086048386,19.793352593064515,466.0,124.0,1.0
251523,10582706,-74.14,4.619,AV AVENIDA BOYACA - AV AVENIDA PRIMERO DE MAYO  02,2022,Octubre,14,viernes,9,30,Kennedy,Atropello,,,Con Heridos,0,0,0,0,0,0,1,0,0,0,1,0,1,0,0,1,0,0,0,0,0,0,1000942.0,0.003732149281911813,414.2685702922112,TV39,CL6;CL13,4.62102935,-74.1368678,1.0,16.061597222166668,15.658926596416666,509.0,120.0,1.0
251604,10582221,-74.104031708,4.57697037899999,CL 27  S- KR 12 H  02,2022,Octubre,3,lunes,13,30,Rafael Uribe Uribe,Choque,Vehículo,,Con Heridos,1,0,0,0,0,1,0,0,0,0,0,0,0,0,0,0,0,0,0,0,0,0,1000314.0,0.008335435737115798,925.2333668198536,CL19,KR5;KR10,4.5844906000000005,-74.10762695,0.0,10.961083333,10.86742003925,503.0,120.0,0.0
251605,10582228,-74.13301951,4.70141881000001,AC 63  - KR 111   02,2022,Octubre,2,domingo,17,3,Engativá,Choque,Vehículo,,Con Heridos,0,0,0,0,0,1,0,0,0,0,0,0,0,0,0,0,0,0,0,0,0,0,1000720.0,0.0112757268455234,1251.6056798530974,KR86,CL13C;CL19A,4.71067115,-74.12657465000001,0.0,25.36096774185484,25.318069623225806,1139.0,124.0,0.0
251606,10582230,-74.127,4.717,KR 114  - CL 75   02,2022,Octubre,2,domingo,10,15,Engativá,Choque,Vehículo,,Con Heridos,1,0,0,0,0,1,0,0,0,0,0,0,0,0,0,0,0,0,0,0,0,0,1000720.0,0.006343127378903008,704.0871390582339,KR86,CL13C;CL19A,4.71067115,-74.12657465000001,0.0,23.483166666499997,23.252493536249997,1076.0,120.0,0.0
251607,10582234,-74.077,4.59,CL 6  - KR 5   02,2022,Octubre,3,lunes,12,24,Ciudad Bolívar,Choque,Vehículo,,Solo Daños,0,0,0,0,0,0,0,0,0,0,1,0,0,0,0,0,0,0,0,0,0,0,1000258.0,0.005026369330839904,557.9269957232294,CL32,KR7;AV.CARACAS,4.595026300000001,-74.0769736,0.0,11.055938375294117,9.88997198882353,362.0,119.0,0.0
251664,10582314,-74.126,4.569,AV AVENIDA CARACAS - CL 48  S 02,2022,Octubre,6,jueves,8,0,Rafael Uribe Uribe,Choque,Vehículo,,Con Heridos,0,0,0,0,0,1,0,0,0,0,1,0,1,0,0,1,0,0,0,0,0,0,1000325.0,0.011657215233723367,1293.9508909432939,AV.CARACAS,AV.PRIMERO_MAYO;CL11SUR,4.57490245,-74.11594754999999,0.0,20.51559228644628,20.39932231396694,360.0,121.0,0.0
251665,10582317,-74.162,4.593,CL 60  S- KR 70 C  02,2022,Octubre,5,miércoles,16,0,Ciudad Bolívar,Choque,Vehículo,,Con Heridos,0,0,0,0,0,1,0,0,0,1,0,0,0,0,0,0,0,0,0,0,0,1,1001946.0,0.0039630185326337405,439.8950571223452,"AV.P.MAYO,CL26SUR",KR72;KR78K,4.5960945,-74.1644758,1.0,13.667970430080645,13.61418476532258,531.0,124.0,1.0
251666,10582318,-74.172,4.628,KR 86  - CL 44  S 02,2022,Octubre,6,jueves,6,34,Kennedy,Atropello,,,Con Heridos,0,0,0,0,0,0,1,0,0,0,1,0,1,0,1,0,0,0,0,0,0,0,1001031.0,0.020678587309154377,2295.3231913161358,KR72,CL43AS;KR69B,4.623493,-74.15181855,0.0,24.852096774435484,24.792393230080645,2472.0,124.0,0.0
251667,10582400,-74.169,4.575,CL 75 B  S- TV 58   02,2022,Octubre,8,sábado,16,30,Ciudad Bolívar,Caida de ocupante,,,Con Heridos,0,0,0,0,0,0,0,1,0,0,1,0,1,0,0,1,0,0,0,0,0,0,1001946.0,0.02157420487271627,2394.736740871506,"AV.P.MAYO,CL26SUR",KR72;KR78K,4.5960945,-74.1644758,0.0,13.667970430080645,13.61418476532258,531.0,124.0,0.0
251776,10582048,-74.172,4.628,KR 86  - CL 44  E 02,2022,Octubre,2,domingo,7,57,Kennedy,Choque,Vehículo,,Solo Daños,0,0,1,0,0,0,0,0,0,0,1,0,1,0,0,1,0,0,0,0,0,0,1001031.0,0.020678587309154377,2295.3231913161358,KR72,CL43AS;KR69B,4.623493,-74.15181855,0.0,22.601989247258064,22.848014830645162,2373.0,124.0,0.0
251777,10582054,-74.179532464,4.631680722,CL 49 C  S- KR 88 D  02,2022,Octubre,1,sábado,13,36,Bosa,Atropello,,,Con Heridos,1,0,0,0,1,0,1,0,0,0,0,0,0,0,0,0,0,0,0,0,0,0,1000981.0,0.01809637361525881,2008.697471293728,DIAG16,KR90;KR97,4.6495069,-74.176417,0.0,30.117652777333333,30.129572793416667,1628.0,120.0,0.0
251778,10582060,-74.138,4.587,KR 36  - CL 51 A  S 02,2022,Octubre,1,sábado,19,40,Tunjuelito,Choque,Vehículo,,Con Heridos,1,0,0,0,1,0,0,0,0,0,0,0,0,0,0,0,0,0,0,0,0,0,1000297.0,0.008653476688877415,960.5359124653932,CL1,KR21;AV.CARACAS,4.59354105,-74.14366545,0.0,23.97329301096774,23.5865902475,599.0,124.0,0.0
251779,10582086,-74.114,4.628,AV AVENIDA DE LAS AMERICAS - KR 57   02,2022,Octubre,1,sábado,15,50,Puente Aranda,Atropello,,,Con Heridos,0,0,0,0,0,0,1,0,0,0,1,0,1,1,0,0,0,1,0,0,0,0,1000988.0,0.0020629154690641866,228.9836170661247,CL80,KR76;KR71,4.628879899999999,-74.11586585,1.0,29.164180107258066,29.210304449758063,2472.0,124.0,1.0
251780,10582094,-74.0849622864,4.65445303174,AC 63  - KR 55   02,2022,Octubre,1,sábado,8,35,Barrios Unidos,Choque,Vehículo,,Con Heridos,1,0,0,0,0,0,0,1,0,1,0,0,0,0,0,0,0,0,0,0,0,1,1000662.0,0.0007735450047244808,85.86349552441737,AV.CIRCUNVALAR,CL51;CL59,4.654726650000001,-74.08423875,1.0,38.54137741057851,37.86326959107438,851.0,121.0,1.0
251781,10582828,-74.028,4.764,KR 7  - CL 187   02,2022,Octubre,17,lunes,0,5,Usaquén,Choque,Vehículo,,Solo Daños,0,0,0,0,0,0,0,0,0,1,0,0,0,0,0,0,0,0,0,0,0,1,1000088.0,0.005505653171287047,611.1275020128622,KR19,CL159;CL152,4.7601672,-74.03195245,0.0,29.565698924596774,24.666618279354836,393.0,124.0,0.0
251782,10582829,-74.175,4.626,KR 85  - CL 49  S 02,2022,Octubre,17,lunes,20,26,Kennedy,Atropello,,,Con Heridos,0,0,0,0,0,0,1,1,0,0,0,0,0,0,0,0,0,0,0,0,0,0,1001031.0,0.023316617960208095,2588.1445935830984,KR72,CL43AS;KR69B,4.623493,-74.15181855,0.0,29.48334677467742,29.53544547209677,1836.0,124.0,0.0
251783,10582830,-74.154905526,4.64178947200003,KR 86  - CL 6   02,2022,Octubre,18,martes,19,15,Kennedy,Choque,Vehículo,,Con Heridos,1,0,0,0,0,0,0,0,0,0,1,0,1,0,1,0,0,0,0,0,0,0,1001033.0,0.01229104013890603,1364.3054554185694,CL72,KR76;KR70,4.6540506,-74.15404855,0.0,25.018514785,24.881645897258064,520.0,124.0,0.0
251784,10582944,-74.095,4.58,CL 17  S- KR 11 A  02,2022,Octubre,19,miércoles,22,4,Antonio Nariño,Choque,Vehículo,,Con Heridos,0,0,0,0,0,1,0,0,0,0,0,0,0,0,0,0,0,0,0,0,0,0,1000214.0,0.0005052261201683163,56.080099338683105,KR5,CL34;CL27,4.57950665,-74.0948911,1.0,30.02258064532258,29.658189690887095,647.0,124.0,1.0
251785,10582946,-74.112,4.618,CL 4 F  - KR 43 C  02,2022,Octubre,20,jueves,5,55,Puente Aranda,Choque,Vehículo,,Con Heridos,0,0,0,0,1,0,0,0,0,0,0,0,0,0,0,0,0,0,0,0,0,0,1000679.0,0.0028335056070138767,314.5191223785403,CL1,KR25;KR21,4.62037305,-74.11045165,1.0,23.29830645153226,22.87631510580645,756.0,124.0,1.0
251786,10582947,-74.071,4.637,CL 49  - KR 18   02,2022,Octubre,19,miércoles,22,45,Teusaquillo,Choque,Vehículo,,Con Heridos,0,0,0,0,0,0,0,0,0,0,0,0,0,0,0,0,0,0,0,0,0,0,1000010.0,0.004625244215444265,513.4021079143133,KR7,CL112;CL116,4.63540275,-74.0753407,1.0,38.75651881725806,39.07893011669355,3889.0,124.0,1.0
251787,10582948,-74.06,4.665,KR 19 A  - CL 78   02,2022,Octubre,19,miércoles,21,39,Chapinero,Atropello,,,Con Heridos,0,0,0,0,0,0,1,0,0,0,0,0,0,0,0,0,0,0,0,0,0,0,1000707.0,0.004527111476702801,502.5093739140109,CL13,KR47;KR39,4.6608924,-74.06190325,1.0,28.242043010967745,27.556992799758063,461.0,124.0,1.0
251788,10582949,-74.137,4.651,KR 80 A  - CL 13   02,2022,Octubre,19,miércoles,16,40,Kennedy,Atropello,,,Con Heridos,0,0,0,0,0,0,1,0,0,0,1,0,0,0,0,0,0,0,0,0,0,0,1000330.0,0.0017659954076879249,196.02549025335966,CL11SUR,KR6_ESTE;KR7,4.6509677,-74.1387657,1.0,20.465981182580645,20.369360406935485,464.0,124.0,1.0
251789,10582950,-74.099,4.637,KR 50 A  - CL 22 A  02,2022,Octubre,19,miércoles,6,42,Teusaquillo,Choque,Vehículo,,Con Heridos,0,0,0,0,0,1,0,1,0,0,0,0,0,0,0,0,0,0,0,0,0,0,1000181.0,0.0034717738092423754,385.3668928259037,CL76,KR7;KR11,4.635805599999999,-74.09574015,1.0,15.591834677338708,15.034240591370969,368.0,124.0,1.0
251790,10582951,-74.114,4.568,DG 40 C  S- KR 12 A  02,2022,Octubre,22,sábado,12,20,Rafael Uribe Uribe,Choque,Vehículo,,Con Muertos,0,0,0,0,0,1,0,0,0,0,1,0,0,0,0,0,0,0,0,0,0,0,1000325.0,0.007171943042504915,796.0856777180455,AV.CARACAS,AV.PRIMERO_MAYO;CL11SUR,4.57490245,-74.11594754999999,0.0,19.703135593220342,19.53956214686441,350.0,118.0,0.0
251960,10582952,-74.066,4.738,AV AVENIDA BOYACA - CL 152   02,2022,Octubre,22,sábado,8,15,Suba,Atropello,,,Con Muertos,0,0,0,0,0,1,1,1,0,0,0,1,0,0,0,0,0,0,0,0,0,0,1000079.0,0.003981904679921118,441.9914194712441,CL127,KR15;KR19,4.735977800000001,-74.0694302,1.0,21.4083195592562,21.227841122892563,807.0,121.0,1.0
252029,10582525,-74.139,4.573,CL 56 a  S- KR 24   02,2022,Octubre,10,lunes,12,10,Tunjuelito,Choque,Vehículo,,Con Heridos,1,0,0,0,0,1,0,0,0,0,0,0,0,0,0,0,0,0,0,0,0,0,1002271.0,0.01586019509344813,1760.4816553727426,KR72,KR1;KR4AE,4.582431,-74.12624845,0.0,19.299089635882353,19.111256793445378,504.0,119.0,0.0
252030,10582526,-74.151,4.58,KR 51  - CL 57 D  S 02,2022,Octubre,10,lunes,13,50,Ciudad Bolívar,Choque,Vehículo,,Con Heridos,1,0,0,0,0,0,0,1,0,0,0,0,0,0,0,0,0,0,0,0,0,0,1000297.0,0.015399859051463197,1709.3843547124147,CL1,KR21;AV.CARACAS,4.59354105,-74.14366545,0.0,19.877138888916665,19.626298714666667,716.0,120.0,0.0
252031,10582539,-74.129,4.629,CL 6  - KR 69   02,2022,Octubre,11,martes,5,50,Kennedy,Caida de ocupante,,,Con Heridos,0,0,0,0,0,0,0,0,0,0,1,0,1,0,0,1,0,0,0,0,0,0,1001926.0,0.0019485558780806653,216.28970246695386,TV42,CL6;CL2C,4.6309451,-74.128884,1.0,27.967580645241934,26.108083717338708,429.0,124.0,1.0
252032,10582954,-74.095913177,4.59593872099998,KR 24  - CL 1 F  02,2022,Octubre,22,sábado,12,27,Antonio Nariño,Atropello,,,Con Muertos,0,0,0,0,0,0,1,0,0,0,0,0,0,0,0,0,0,0,0,0,0,0,1000247.0,0.0014746011482229704,163.68072745274972,AV.CARACAS,CL39;CL34,4.595314950000001,-74.09724935,1.0,17.742641242881355,17.61862956016949,1563.0,118.0,1.0
252033,10582955,-74.061235584,4.66427263000003,CL 76  - KR 20   02,2022,Octubre,19,miércoles,15,15,Chapinero,Choque,Vehículo,,Con Heridos,0,0,1,0,0,1,0,0,0,0,0,0,0,0,0,0,0,0,0,0,0,0,1000707.0,0.003445538091599038,382.4547281674932,CL13,KR47;KR39,4.6608924,-74.06190325,1.0,22.584274193629035,21.271814612258062,441.0,124.0,1.0
252034,10582963,-74.155,4.637,AV AVENIDA DE LAS AMERICAS - KR 81 D  02,2022,Octubre,20,jueves,13,10,Kennedy,Choque,Vehículo,,Con Heridos,1,0,0,0,0,1,0,0,0,0,0,0,0,0,0,0,0,0,0,0,0,0,1001031.0,0.013876623260090678,1540.305181870065,KR72,CL43AS;KR69B,4.623493,-74.15181855,0.0,17.136874999916664,17.0270082075,1925.0,120.0,0.0
252035,10582964,-74.097064064,4.60222704099999,KR 27  - CL 4 A  02,2022,Octubre,20,jueves,18,42,Los Mártires,Atropello,,,Con Heridos,0,0,0,0,0,1,1,1,0,0,0,0,0,0,0,0,0,0,0,0,0,0,1000058.0,0.001872970873555934,207.89976696470868,KR11,CL100;CL106,4.6028211,-74.0952878,1.0,15.038682795564515,13.786023233548388,401.0,124.0,1.0
252036,10582970,-74.09,4.581,KR 10  - CL 13 A  S 02,2022,Octubre,20,jueves,15,0,San Cristóbal,Choque,Vehículo,,Con Heridos,0,0,0,0,0,1,0,0,0,0,0,0,0,0,0,0,0,0,0,0,0,0,1000214.0,0.005113995838133791,567.6535380328509,KR5,CL34;CL27,4.57950665,-74.0948911,0.0,24.31489247314516,24.13123583879032,1146.0,124.0,0.0
252037,10582971,-74.098,4.715,KR 94 G  - CL 91   02,2022,Octubre,20,jueves,13,4,Engativá,Atropello,,,Con Heridos,0,0,0,0,1,0,1,0,0,1,0,0,0,0,0,0,0,0,0,0,0,1,1000731.0,0.0011174361950490087,124.03541765043997,TV86,CL90;KR91,4.7155579,-74.0970318,1.0,30.1667916665,30.23854067725,1682.0,120.0,1.0
252038,10582974,-74.183795804,4.59850790199999,CL 65 D  S- KR 77 J  02,2022,Octubre,21,viernes,22,47,Bosa,Choque,Vehículo,,Con Heridos,0,0,0,0,0,0,0,0,0,0,0,0,0,0,0,0,0,0,0,0,0,0,1002290.0,0.006076977013982489,674.5444485520562,AV.CL59SUR,CL59SUR;KR78C,4.6025243,-74.1792353,0.0,27.36768817233871,27.490375409919356,562.0,124.0,0.0
252039,10582979,-74.095,4.759,KR 111  - CL 157   02,2022,Octubre,21,viernes,23,0,Suba,Choque,Vehículo,,Con Heridos,0,0,0,0,0,1,0,0,0,0,1,0,1,0,0,1,0,0,0,0,0,0,1001055.0,0.013792282600154424,1530.943368617141,KR68,AV.SUBA;KR64,4.753758749999999,-74.0822424,0.0,25.221827957096774,25.211069097983874,732.0,124.0,0.0
252040,10582981,-74.032,4.724,KR 9  - CL 146   02,2022,Octubre,21,viernes,19,30,Usaquén,Caida de ocupante,,,Con Heridos,0,0,0,0,0,0,0,0,0,0,1,0,1,0,0,1,0,0,0,0,0,0,1000051.0,0.006048368150171556,671.3688646690428,CL116,KR15;KR11,4.7180052,-74.0328032,0.0,17.08956989266129,16.2627893625,416.0,124.0,0.0
252041,10582985,-74.193,4.603,KR 78 c  - CL 70 A BIS S 02,2022,Octubre,21,viernes,9,20,Bosa,Atropello,,,Con Heridos,0,0,0,0,0,1,1,0,0,0,0,0,0,0,0,0,0,0,0,0,0,0,1002290.0,0.01377291750428666,1528.7938429758192,AV.CL59SUR,CL59SUR;KR78C,4.6025243,-74.1792353,0.0,27.544013888583333,27.3159205025,486.0,120.0,0.0
252042,10582989,-74.127,4.53,AV AVENIDA BOYACA - CL 71  S 02,2022,Octubre,20,jueves,4,0,Usme,Choque,Vehículo,,Con Heridos,0,1,0,0,0,1,0,0,0,0,0,0,0,0,0,0,0,0,0,0,0,0,1001959.0,0.01671732038096354,1855.6225622869529,"CL19,KR3",KR5;CL22,4.5343054,-74.1108466,0.0,16.059220430080646,14.781273233629031,426.0,124.0,0.0
252804,10583023,-74.095,4.605,CL 6  - KR 27   02,2022,Octubre,21,viernes,20,30,Los Mártires,Choque,Vehículo,,Solo Daños,0,1,0,0,0,0,0,0,0,0,0,0,0,0,0,0,0,0,0,0,0,0,1000058.0,0.0021978248451593307,243.9585578126857,KR11,CL100;CL106,4.6028211,-74.0952878,1.0,22.001787634758067,20.277799923387096,404.0,124.0,1.0
252805,10583024,-74.065,4.68,KR 50 A  - CL 91   02,2022,Octubre,22,sábado,22,40,Barrios Unidos,Choque,Vehículo,,Con Heridos,0,1,0,0,0,1,0,0,0,0,0,0,0,0,0,0,0,0,0,0,0,0,1000225.0,0.001227139855517625,136.21252396245637,K15,CL147;CL134,4.68034155,-74.06617865,1.0,13.516115591693548,9.915155914112903,377.0,124.0,1.0
252806,10583026,-74.123,4.604,AV AVENIDA PRIMERO DE MAYO - KR 51   02,2022,Octubre,21,viernes,16,18,Puente Aranda,Choque,Vehículo,,Solo Daños,0,0,0,1,0,0,0,0,0,0,1,0,1,0,0,1,0,0,0,0,0,0,1000957.0,0.0037812777866758998,419.72183432102486,AV.P.MAYO,DIAG19SUR;AV.CARACAS,4.6016787,-74.1200151,1.0,7.98620967717742,7.878241555564516,961.0,124.0,1.0
252807,10583027,-74.129,4.652,CL 13  - KR 77   02,2022,Octubre,23,domingo,7,0,Fontibón,Choque,Vehículo,,Con Heridos,1,0,0,0,0,1,0,0,0,0,0,0,0,0,0,0,0,0,0,0,0,0,1000775.0,0.0035524963620761235,394.3270961904497,CL17,KR128;KR123,4.65006275,-74.1260222,1.0,14.099233870806453,13.719594266048386,1900.0,124.0,1.0
252808,10583028,-74.065,4.638,KR 13  - CL 51   02,2022,Octubre,22,sábado,10,50,Chapinero,Choque,Vehículo,,Solo Daños,0,0,0,0,0,0,0,0,0,0,0,0,0,0,0,0,0,0,0,0,0,0,1000941.0,0.002777536594267898,308.30656196373667,CL24,KR10;KR5,4.6406639,-74.06421365,1.0,11.008416666583335,9.8987724205,387.0,120.0,1.0
257591,10583030,-74.132,4.576,KR 24  - CL 52 B  S 02,2022,Octubre,22,sábado,2,8,Tunjuelito,Choque,Vehículo,,Con Heridos,0,0,0,0,0,0,0,0,0,1,0,0,0,0,0,0,0,0,0,0,0,1,1002271.0,0.008627751062849106,957.6803679762507,KR72,KR1;KR4AE,4.582431,-74.12624845,0.0,27.776021505725808,27.16542722766129,445.0,124.0,0.0
257592,10583038,-74.109,4.624,KR 50  - CL 5 F  02,2022,Octubre,22,sábado,14,16,Puente Aranda,Choque,Vehículo,,Con Heridos,0,0,0,0,0,1,0,0,0,1,0,0,0,0,0,0,0,0,0,0,0,1,1001211.0,0.00361426927192806,401.1838891840147,NQS,KR71;CL59SUR,4.6204586,-74.1097221,1.0,16.93261111083333,16.692323012916667,2284.0,120.0,1.0
257593,10583039,-74.081,4.743,CL 148  - KR 84   02,2022,Octubre,22,sábado,19,20,Suba,Choque,Vehículo,,Con Heridos,1,0,0,0,0,0,0,0,0,0,0,0,0,0,0,0,0,0,0,0,0,0,1000233.0,0.001250191385354009,138.771243774295,CL134,KR15;KR19,4.7435557,-74.0798801,1.0,14.651801075161291,14.459387208629032,1060.0,124.0,1.0
257594,10583041,-74.088050765,4.59960829300002,CL 6  - KR 18   02,2022,Octubre,22,sábado,21,20,Los Mártires,Atropello,,,Con Heridos,0,0,0,0,0,1,1,0,0,0,0,0,0,0,0,0,0,0,0,0,0,0,1000057.0,0.0020535580723698337,227.94494603305154,KR11,CL106;CL100,4.60078815,-74.08973155,1.0,12.394516129112903,8.675000000241935,372.0,124.0,1.0
257595,10583044,-74.077,4.621,CL 26  - KR 21   02,2022,Octubre,22,sábado,23,0,Teusaquillo,Choque,Vehículo,,Con Heridos,0,0,0,0,0,0,0,0,0,0,0,0,0,0,0,0,0,0,0,0,0,0,1000256.0,0.001363445022731359,151.34239752318084,CL26,KR32;AV.CARACAS,4.6217787,-74.0781192,1.0,40.249032257822584,37.58455913983871,416.0,124.0,1.0
257794,10583056,-74.08383465,4.61813728800001,KR 27  - CL 22   02,2022,Octubre,23,domingo,12,16,Los Mártires,Choque,Objeto Fijo,Vehiculo Estacionado,Solo Daños,0,1,0,0,0,0,0,0,0,0,0,0,0,0,0,0,0,0,0,0,0,0,1001938.0,0.0006712945462669138,74.51369463562743,"CL1,CL1B",KR25;KR27,4.6178146,-74.083246,1.0,23.85410364117647,23.615659663781514,459.0,119.0,1.0
257795,10583058,-74.114,4.756,KR 145  - CL 143   02,2022,Octubre,21,viernes,23,23,Suba,Choque,Vehículo,,Solo Daños,0,0,0,0,0,0,0,0,0,0,1,0,1,0,1,0,0,0,0,0,0,0,1000951.0,0.02109543446815019,2341.593225964671,AV.SUBA,CL127;HUMEDAL.CORDOBA,4.7388854,-74.1016668,0.0,34.90946236540322,34.370887300403226,699.0,124.0,0.0
257796,10583059,-74.114,4.712,CL 80  - KR 102   02,2022,Octubre,22,sábado,6,40,Engativá,Choque,Vehículo,,Solo Daños,0,1,1,0,0,1,0,0,0,0,0,0,0,0,0,0,0,0,0,0,0,0,1000720.0,0.012644669428068137,1403.5583065155633,KR86,CL13C;CL19A,4.71067115,-74.12657465000001,0.0,19.518447580403222,19.383443288387095,1404.0,124.0,0.0
257797,10583060,-74.058,4.662,KR 13  - CL 76   02,2022,Octubre,24,lunes,10,5,Chapinero,Choque,Objeto Fijo,Vehiculo Estacionado,Solo Daños,0,0,0,0,0,0,0,1,0,0,0,0,0,0,0,0,0,0,0,0,0,0,1000707.0,0.004057356075383132,450.36652436752763,CL13,KR47;KR39,4.6608924,-74.06190325,1.0,22.315875000083334,21.226103744166668,482.0,120.0,1.0
257798,10583069,-74.023843089,4.75998120999998,KR 4  - CL 182 C  02,2022,Octubre,22,sábado,21,56,Usaquén,Atropello,,,Con Heridos,0,0,0,0,0,1,1,1,0,0,0,0,0,0,0,0,0,0,0,0,0,0,1000088.0,0.0081114935806289,900.375787449808,KR19,CL159;CL152,4.7601672,-74.03195245,0.0,23.759233870806455,22.80138588064516,457.0,124.0,0.0
257799,10583121,-74.12482527678,4.57373423437,DG 45  S- TV 18 BIS  02,2022,Octubre,25,martes,9,5,Rafael Uribe Uribe,Choque,Vehículo,,Con Heridos,0,0,0,0,0,1,0,0,0,0,0,0,0,0,0,0,0,0,0,0,0,0,1001976.0,0.007307421945292113,811.1238359274246,NQS,KR24;CL100,4.57921725,-74.11999465,0.0,36.370560344655175,36.331206615948275,584.0,116.0,0.0
257800,10583081,-74.162,4.595,AU SUR - AV AVENIDA CIUDAD DE VILLAVICENCIO  02,2022,Octubre,24,lunes,21,1,Bosa,Choque,Vehículo,,Con Heridos,0,0,0,0,0,1,0,1,0,0,0,0,0,0,0,0,0,0,0,0,0,0,1001946.0,0.002706938471778994,300.4701703674683,"AV.P.MAYO,CL26SUR",KR72;KR78K,4.5960945,-74.1644758,1.0,16.04442204282258,15.59621991782258,474.0,124.0,1.0
257801,10583083,-74.087,4.617,CL 19  - KR 28   02,2022,Octubre,23,domingo,17,7,Engativá,Choque,Vehículo,,Con Heridos,0,0,0,0,0,1,0,1,0,0,0,0,0,0,0,0,0,0,0,0,0,0,1001991.0,0.001710259644031432,189.83882048748893,NQS,GRAL.SANTANDER;KR68;,4.6181546,-74.0857383,1.0,23.365483871048387,23.159317972419355,484.0,124.0,1.0
257802,10583084,-74.079,4.643,CL 53  - KR 30   02,2022,Octubre,21,viernes,20,27,Teusaquillo,Choque,Vehículo,,Solo Daños,0,0,0,0,0,0,0,0,0,1,0,0,0,0,0,0,0,0,0,0,0,1,1000738.0,0.003765513048711684,417.9719484069969,CL116,KR53;KR19,4.6445306,-74.0824404,1.0,25.365376343790324,24.33151110443548,450.0,124.0,1.0
257901,10583048,-74.122,4.679,DG 25 G  - TV 95   02,2022,Octubre,22,sábado,5,30,Fontibón,Atropello,,,Con Heridos,0,0,0,0,0,0,1,0,0,0,0,0,0,0,0,0,0,0,0,0,0,0,1000238.0,0.0050898979785948964,564.9786756240335,CL134,KR58;KR53,4.68384265,-74.1204329,0.0,34.36727822548387,33.891718782096774,721.0,124.0,0.0
257902,10583052,-74.12,4.679,CL 26  - KR 95   02,2022,Octubre,23,domingo,12,30,Fontibón,Choque,Vehículo,,Solo Daños,0,0,0,0,0,0,0,0,0,1,0,0,0,0,0,0,0,0,0,0,0,1,1000227.0,0.004455332661264892,494.541925400403,KR72,CL170;CL169,4.67854075,-74.1155684,1.0,31.897048022881354,31.9737574190678,600.0,118.0,1.0
257903,10583063,-74.113,4.685,AV AVENIDA CIUDAD DE CALI - CL 64   02,2022,Octubre,23,domingo,21,28,Engativá,Choque,,,Solo Daños,0,0,0,0,0,0,0,1,0,0,0,0,0,0,0,0,0,0,0,0,0,0,1000227.0,0.006951157394456256,771.5784707846444,KR72,CL170;CL169,4.67854075,-74.1155684,0.0,37.12258333325,36.920130324,447.0,120.0,0.0
257904,10583064,-74.088,4.659,CL 63  - KR 60   02,2022,Octubre,23,domingo,1,25,Barrios Unidos,Choque,Objeto Fijo,Arbol,Solo Daños,0,0,0,0,0,0,0,0,0,0,0,0,0,0,0,0,0,0,0,0,0,0,1000979.0,0.003973561200293635,441.06529323259355,CL53,KR27;KR50,4.6551241,-74.08712445,1.0,29.149435483709677,26.302886669032258,457.0,124.0,1.0
257905,10583068,-74.174,4.636,CL 42 G A - KR 89 A  S 02,2022,Octubre,24,lunes,19,0,Kennedy,Choque,Vehículo,,Con Heridos,0,0,0,0,0,1,0,0,0,0,0,0,0,0,0,0,0,0,0,0,0,0,1000981.0,0.013721451694699809,1523.0811381116787,DIAG16,KR90;KR97,4.6495069,-74.176417,0.0,31.473353494354836,31.087310242500003,1841.0,124.0,0.0
257906,10583070,-74.122,4.585,CL 38 A  - KR 27   02,2022,Octubre,24,lunes,6,55,Antonio Nariño,Choque,Vehículo,,Con Heridos,0,0,0,0,0,1,0,0,0,0,0,0,0,0,0,0,0,0,0,0,0,0,1000667.0,0.0023631379461442493,262.30831202201165,AV.P.MAYO,AV.CARACAS;KR10,4.5827155,-74.12260455,1.0,21.24514112919355,21.11336196927419,757.0,124.0,1.0
257907,10583071,-74.027,4.764,CL 187  - KR 7   02,2022,Octubre,23,domingo,22,30,Usaquén,Choque,Vehículo,,Con Heridos,0,0,0,0,0,1,0,0,0,0,0,0,0,0,0,0,0,0,0,0,0,0,1000088.0,0.006262357131508085,695.1216415973975,KR19,CL159;CL152,4.7601672,-74.03195245,0.0,26.450739247096774,24.44284696620968,405.0,124.0,0.0
257908,10583085,-74.127,4.567,AV AVENIDA CARACAS - CL 51  S 02,2022,Octubre,24,lunes,6,13,Rafael Uribe Uribe,Choque,Vehículo,,Con Heridos,1,0,0,0,0,0,0,0,0,0,1,0,1,1,0,0,0,0,0,1,0,0,1000325.0,0.013586955766659964,1508.152090099256,AV.CARACAS,AV.PRIMERO_MAYO;CL11SUR,4.57490245,-74.11594754999999,0.0,20.630309140080644,20.630309140080644,368.0,124.0,0.0
257909,10583088,-74.190852994,4.62866094499998,KR 89  - CL 58 A  S 02,2022,Octubre,23,domingo,10,20,Bosa,Choque,,,Con Heridos,0,0,0,0,0,0,0,0,0,0,0,0,0,0,0,0,0,0,0,0,0,0,1000981.0,0.025356493500301062,2814.570778533418,DIAG16,KR90;KR97,4.6495069,-74.176417,0.0,32.634166666666665,31.89233538125,1470.0,120.0,0.0
257910,10583094,-74.138,4.652,KR 81 N  - CL 13 A  02,2022,Octubre,24,lunes,7,30,Kennedy,Choque,Vehículo,,Con Heridos,0,0,0,0,0,1,0,0,0,0,0,0,0,0,0,0,0,0,0,0,0,0,1000330.0,0.0012852780944147598,142.66586848003834,CL11SUR,KR6_ESTE;KR7,4.6509677,-74.1387657,1.0,24.933965053709677,24.86299577564516,470.0,124.0,1.0
257911,10583096,-74.113,4.656,CL 24  - KR 69 B  02,2022,Octubre,23,domingo,15,30,Fontibón,Choque,Vehículo,,Con Heridos,0,0,0,0,0,1,0,0,0,0,0,0,0,0,0,0,0,0,0,0,0,0,1001014.0,0.00553991355369947,614.9304044606412,KR72,CL138;CL153,4.66028985,-74.1094946,0.0,27.44814516112903,27.048567734435483,2664.0,124.0,0.0
257912,10583101,-74.1,4.681,AV AVENIDA BOYACA - CL 66   02,2022,Octubre,24,lunes,22,59,Engativá,Choque,Objeto Fijo,Baranda,Con Muertos,0,0,0,1,0,1,0,1,0,0,0,0,0,0,0,0,0,0,0,0,0,0,1000226.0,0.005743512820992045,637.529923130117,K15,CL134;CL147,4.68529385,-74.09618545000001,0.0,11.343575269193549,9.086486559435484,375.0,124.0,0.0
257913,10583108,-74.086,4.609,CL 13  - KR 21   02,2022,Octubre,24,lunes,11,0,Los Mártires,Choque,Vehículo,,Con Heridos,0,0,0,0,0,1,0,0,0,0,0,0,0,0,0,0,0,0,0,0,0,0,1000245.0,0.0029514118354555066,327.60671373556124,CL45,KR7;AV.CARACAS,4.6091786500000005,-74.08894599999999,1.0,10.774094827672414,10.371867816206896,344.0,116.0,1.0
257914,10583114,-74.0358325346,4.6921938247,KR 9  - CL 113   02,2022,Octubre,25,martes,6,44,Usaquén,Atropello,,,Con Heridos,0,0,0,0,0,0,1,0,0,0,0,0,0,0,0,0,0,0,0,0,0,0,1000044.0,0.011469608212392552,1273.1265115755732,KR15,CL77;CL92,4.7007512,-74.0434695,0.0,28.89692411926829,27.238414634227645,363.0,123.0,0.0
257915,10583115,-74.070069382,4.7150421793,KR 58  - CL 128 A  02,2022,Octubre,25,martes,8,3,Suba,Choque,Vehículo,,Con Heridos,1,0,0,0,0,0,0,0,0,0,0,0,0,0,0,0,0,0,0,0,0,0,1001050.0,0.0037026616738402066,410.9954457962629,KR68,CL78;CL98,4.7149638,-74.06636755,1.0,19.972471264568966,19.76421264387931,345.0,116.0,1.0
257916,10583124,-74.1632609741,4.6162081229,CL 43  S- KR 78 I  02,2022,Octubre,24,lunes,12,50,Kennedy,Caida de ocupante,,,Con Heridos,0,1,0,0,0,0,0,0,0,0,0,0,0,0,0,0,0,0,0,0,0,0,1001028.0,0.009822827153312626,1090.3338140177016,KR72,CL3;AV.P.MAYO,4.611398400000001,-74.15469625,0.0,17.599392655762713,17.552293770762713,569.0,118.0,0.0
257917,10583126,-74.1362613133,4.5564886534,CL 63  S- KR 16 D  21,2022,Octubre,25,martes,9,50,Ciudad Bolívar,Atropello,,,Con Heridos,0,1,0,0,0,0,1,0,0,0,0,0,0,0,0,0,0,0,0,0,0,0,1000325.0,0.027417455838115074,3043.3375980307733,AV.CARACAS,AV.PRIMERO_MAYO;CL11SUR,4.57490245,-74.11594754999999,0.0,20.471152778166665,20.247638889333334,359.0,120.0,0.0
257918,10583127,-74.103545226,4.69143620199998,KR 81  - CL 71   02,2022,Octubre,24,lunes,17,30,Engativá,Choque,Vehículo,,Con Heridos,0,0,0,0,0,1,0,0,0,0,0,0,0,0,0,0,0,0,0,0,0,0,1000748.0,0.0011877892458786415,131.84460629252922,KR68,CL3;CL13,4.692486049999999,-74.1041008,1.0,18.471607143035715,18.522412824107143,392.0,56.0,1.0
257919,10583129,-74.1412542873,4.594390296,KR 54  - CL 46  S 6,2022,Octubre,25,martes,5,50,Tunjuelito,Otro,,,Con Heridos,0,0,0,0,0,0,0,0,0,0,1,0,1,0,1,0,0,0,0,0,0,0,1000297.0,0.0025563498067334863,283.754828547417,CL1,KR21;AV.CARACAS,4.59354105,-74.14366545,1.0,29.726962365483868,29.11642582717742,579.0,124.0,1.0
257920,10583141,-74.1486602436,4.6789895521,CL 18  - KR 108   02,2022,Octubre,24,lunes,7,10,Fontibón,Choque,Vehículo,,Con Heridos,1,0,0,1,1,0,0,0,0,0,0,0,0,0,0,0,0,0,0,0,0,0,1001344.0,0.006341220000249002,703.8754200276393,DIAG16,KR97;KR90,4.6757841,-74.14318885,0.0,30.937473117983874,30.753760943790322,1457.0,124.0,0.0
258105,10582452,-74.135,4.615,KR 69 C  - CL 24 A  S 02,2022,Octubre,9,domingo,19,45,Kennedy,Choque,Vehículo,,Con Heridos,0,0,0,0,0,1,0,0,0,1,0,0,0,0,0,0,0,0,0,0,0,1,1000942.0,0.006312031231108705,700.6354666530663,TV39,CL6;CL13,4.62102935,-74.1368678,0.0,18.596397849596773,16.631234767096775,430.0,124.0,0.0
258106,10583089,-74.177,4.597,KR 57 R  - CL 59  S 02,2022,Octubre,23,domingo,16,30,Bosa,Caida de ocupante,,,Con Heridos,0,0,0,0,0,0,0,0,0,0,1,0,0,0,0,0,0,0,0,0,0,0,1002290.0,0.005959400689664351,661.493476552743,AV.CL59SUR,CL59SUR;KR78C,4.6025243,-74.1792353,0.0,33.85677419362903,32.40117588330645,447.0,124.0,0.0
258107,10583090,-74.096,4.662,AK 68  - CL 53 B  02,2022,Octubre,24,lunes,17,20,Teusaquillo,Volcamiento,,,Con Heridos,1,0,0,0,0,0,0,0,0,0,0,0,0,0,0,0,0,0,0,0,0,0,1000100.0,0.003106952574868085,344.87173581035745,CL140,KR7;KR9,4.6591718,-74.09728625,1.0,8.563306451612902,7.236135753064516,383.0,124.0,1.0
258108,10583091,-74.084,4.652,CL 61  - KR 50   02,2022,Octubre,24,lunes,22,57,Barrios Unidos,Choque,Vehículo,,Solo Daños,0,0,0,0,0,0,0,0,0,0,1,0,1,0,0,1,0,0,0,0,0,0,1000662.0,0.002737082714314618,303.81618128892256,AV.CIRCUNVALAR,CL51;CL59,4.654726650000001,-74.08423875,1.0,44.498104838548386,39.80810125419355,413.0,124.0,1.0
258109,10583119,-74.08623365347,4.5731246379,CL 17  S- KR 2 A  02,2022,Octubre,25,martes,9,50,San Cristóbal,Choque,Vehículo,,Con Heridos,0,0,0,0,0,1,0,0,0,0,0,0,0,0,0,0,0,0,0,0,1,0,1000308.0,0.0021239856921196312,235.76241182527906,KR5,CL27;CL24,4.57422605,-74.08804975000001,1.0,22.769569444583333,22.750743977083335,694.0,120.0,1.0
258110,10583122,-74.20532753069,4.6344263162,KR 100 A  - CL 73  S 02,2022,Octubre,24,lunes,12,30,Bosa,Choque,Vehículo,,Con Heridos,1,0,0,0,1,0,0,0,0,0,1,0,1,0,1,0,0,0,0,0,0,0,1000981.0,0.03260740395257152,3619.421838735439,DIAG16,KR90;KR97,4.6495069,-74.176417,0.0,30.648644067711864,30.44286330398305,1709.0,118.0,0.0
258111,10583136,-74.03264311735,4.71776611536,KR 9  - CL 140   02,2022,Octubre,24,lunes,10,58,Usaquén,Atropello,,,Con Heridos,0,0,0,0,0,1,1,1,0,0,0,0,0,0,0,0,0,0,0,0,0,0,1000051.0,0.0002877289000336263,31.93790790373252,CL116,KR15;KR11,4.7180052,-74.0328032,1.0,14.826833333249999,14.610887103166666,439.0,120.0,1.0
258112,10583139,-74.07762830295,4.65659051768,KR 30  - CL 63 F  02,2022,Octubre,25,martes,19,0,Barrios Unidos,Choque,Vehículo,,Solo Daños,0,0,0,0,0,0,0,1,0,0,0,0,0,0,0,0,0,0,0,0,0,0,1000193.0,0.002859393925383136,317.3927257175281,CL147,KR7;KR9,4.6537385,-74.07742305,1.0,22.708434139758065,22.63133067717742,505.0,124.0,1.0
258113,10583140,-74.09616855566,4.60542184045,CL 6  - KR 28   02,2022,Octubre,22,sábado,7,38,Los Mártires,Volcamiento,,,Con Heridos,0,0,0,0,0,1,0,0,0,0,0,0,0,0,0,0,0,0,0,0,0,0,1001948.0,0.0019954626390874604,221.4963529387081,"KR50,CL13",CL5A;KR47,4.6041161,-74.0976775,1.0,20.523844086048385,20.280460253306455,495.0,124.0,1.0
258114,10583147,-74.0973943009,4.5779402003,AV AVENIDA PRIMERO DE MAYO - KR 11 B  02,2022,Octubre,25,martes,19,40,Antonio Nariño,Choque,Vehículo,,Con Heridos,0,0,0,0,0,1,0,0,0,0,1,0,0,0,0,0,0,0,0,0,0,0,1000214.0,0.0029529272609454277,327.7749259649425,KR5,CL34;CL27,4.57950665,-74.0948911,1.0,27.19248655895161,27.085419741048387,1234.0,124.0,1.0
258115,10583157,-74.04857837118,4.74622671261,CL 165  - KR 46   02,2022,Octubre,25,martes,7,30,Suba,Choque,Vehículo,,Con Heridos,1,0,0,0,0,0,0,0,0,0,0,0,0,0,0,0,0,0,0,0,0,0,1000175.0,0.007153042471740152,793.9877143631569,CL106,KR19;KR15,4.73962495,-74.05133205,0.0,15.788279569919355,15.297327988951613,480.0,124.0,0.0
258116,10583152,-74.09511712973,4.66452619382,AK 68  - CL 55   65,2022,Octubre,26,miércoles,9,32,Barrios Unidos,Choque,Vehículo,,Solo Daños,0,0,0,0,0,0,0,1,0,0,0,0,0,0,0,0,0,0,0,0,0,0,1000647.0,0.0026472652573409335,293.84644356484364,KR72,CL163;CL153,4.6669198000000005,-74.09398635,1.0,24.763708333416666,23.97455949716667,3010.0,120.0,1.0
258117,10583154,-74.11493328993,4.63446668171,CL 13  - KR 65   02,2022,Octubre,25,martes,19,35,Puente Aranda,Choque,Vehículo,,Con Heridos,0,0,0,0,0,1,0,0,0,0,0,0,0,0,0,0,0,0,0,0,0,0,1001258.0,0.004093900926387536,454.4230028290165,CL63,TV85;KR77A,4.6325927,-74.11857309999999,1.0,16.03266801064516,15.869680083790323,1028.0,124.0,1.0
258118,10583158,-74.139602495,4.54750928300001,KR 17 F  - CL 70 A  S 02,2022,Octubre,25,martes,11,45,Ciudad Bolívar,Atropello,,,Con Heridos,0,1,0,0,1,0,1,0,0,0,0,0,0,0,0,0,0,0,0,0,0,0,1001959.0,0.03164244022715638,3512.310865214358,"CL19,KR3",KR5;CL22,4.5343054,-74.1108466,0.0,11.444116378879311,11.400796928534483,479.0,116.0,0.0
258119,10583159,-74.08262876456,4.67262632286,CL 68  - KR 62   02,2022,Octubre,25,martes,9,50,Barrios Unidos,Choque,Vehículo,,Con Heridos,1,0,0,0,0,0,0,1,0,0,1,0,1,0,0,1,0,0,0,0,0,0,1001012.0,0.002586766508129349,287.1310824023577,CL53,KR50;KR60,4.67429045,-74.08064834999999,1.0,18.795013888833335,18.684922552916664,639.0,120.0,1.0
258120,10583161,-74.188811488,4.62236137399998,KR 87 B B - CL 59 C  S 11,2022,Octubre,26,miércoles,8,0,Bosa,Choque,Vehículo,,Con Heridos,0,0,0,0,0,1,0,0,0,0,0,0,0,0,0,0,0,0,0,0,0,0,1002290.0,0.022027548240600395,2445.057854706644,AV.CL59SUR,CL59SUR;KR78C,4.6025243,-74.1792353,0.0,27.3354545453719,27.02725954338843,482.0,121.0,0.0
258121,10583162,-74.11862132733,4.54168159137,CL 56  S- KR 4 M  02,2022,Octubre,26,miércoles,8,17,Usme,Choque,Vehículo,,Con Heridos,0,0,0,0,0,0,0,0,0,1,0,0,0,0,0,0,0,0,0,0,0,1,1001959.0,0.010717023102650144,1189.589564394166,"CL19,KR3",KR5;CL22,4.5343054,-74.1108466,0.0,10.705303030082645,10.604086991404959,552.0,121.0,0.0
258122,10583164,-74.11064711993,4.59169036076,AV AVENIDA PRIMERO DE MAYO - KR 29 A  02,2022,Octubre,26,miércoles,1,50,Antonio Nariño,Choque,Objeto Fijo,Semaforo,Con Heridos,0,0,0,0,0,0,0,0,0,1,0,0,0,0,0,0,0,0,0,0,0,1,1000277.0,0.0062474365328751245,693.4654551491388,CL63,KR24;AV.CARACAS,4.5923447500000005,-74.10443405000001,0.0,27.057620968145162,26.38829820016129,573.0,124.0,0.0
258123,10583166,-74.099650357,4.569924351,KR 10  - CL 30 C  S 20,2022,Octubre,26,miércoles,8,27,San Cristóbal,Choque,Vehículo,,Con Heridos,0,0,0,0,0,0,0,0,0,1,0,0,0,0,0,0,0,0,0,0,0,1,1000309.0,0.007799827287197791,865.7808288789548,KR5,CL24;CL19,4.5750037500000005,-74.09373115,0.0,11.414201102066116,11.328615980330579,748.0,121.0,0.0
258124,10583167,-74.11593693368,4.56018733216,KR 9 BIS - CL 48 I  41,2022,Octubre,26,miércoles,6,55,Rafael Uribe Uribe,Choque,Vehículo,,Con Heridos,0,0,0,0,0,1,0,0,0,1,0,0,0,0,0,0,0,0,0,0,0,1,1000325.0,0.01471512166960675,1633.378505326349,AV.CARACAS,AV.PRIMERO_MAYO;CL11SUR,4.57490245,-74.11594754999999,0.0,20.630309140080644,20.630309140080644,368.0,124.0,0.0
258125,10583169,-74.091124174,4.54020075099999,CL 49  S- KR 6 B  E 29,2022,Octubre,26,miércoles,7,12,San Cristóbal,Choque,Vehículo,,Con Heridos,0,0,0,0,1,0,0,0,0,0,1,0,1,0,0,1,0,0,0,0,0,0,1001959.0,0.020584684858860648,2284.900019333532,"CL19,KR3",KR5;CL22,4.5343054,-74.1108466,0.0,11.42936827951613,11.236159064435483,609.0,124.0,0.0
258126,10583170,-74.07031206076,4.59217695588,KR 3  E- CL 9   02,2022,Octubre,26,miércoles,11,5,Ciudad Bolívar,Choque,Vehículo,,Con Heridos,0,0,0,0,0,0,0,0,0,0,0,0,0,0,0,0,0,0,0,0,0,0,1000028.0,0.0056513943815547415,627.3047763525763,KR11,CL94;CL92,4.58677215,-74.0686609,0.0,9.386630747068965,9.211757286293103,490.0,116.0,0.0
258127,10583171,-74.143914201,4.62202142400002,CL 26  S- KR 73 B  02,2022,Octubre,23,domingo,5,44,Kennedy,Volcamiento,,,Solo Daños,0,0,1,0,0,0,0,0,0,0,0,0,0,0,0,0,0,0,0,0,0,0,1000040.0,0.005576026687417089,618.9389623032969,KR24,CL72;CL80,4.627228499999999,-74.1419196,0.0,22.11002016120968,21.235361431209675,457.0,124.0,0.0
258232,10583153,-74.119326177,4.71963531,CL 80  - KR 112 A  02,2022,Octubre,25,martes,20,11,Engativá,Atropello,,,Con Heridos,0,0,0,0,0,1,1,0,0,0,0,0,0,0,0,0,0,0,0,0,0,0,1000720.0,0.011528075526183882,1279.616383406411,KR86,CL13C;CL19A,4.71067115,-74.12657465000001,0.0,30.10954301080645,29.750010138548387,1094.0,124.0,0.0
258233,10583156,-74.093773909,4.54924307499999,CL 41 B  S- KR 3 C  E 02,2022,Octubre,23,domingo,22,44,San Cristóbal,Choque,Vehículo,,Con Muertos,0,0,1,0,0,1,0,1,0,1,0,0,0,0,0,0,0,0,0,0,0,1,1001959.0,0.022685037191652452,2518.039128273422,"CL19,KR3",KR5;CL22,4.5343054,-74.1108466,0.0,11.898682795645161,11.770511008790322,520.0,124.0,0.0
258234,10583160,-74.1155404943,4.5130172559,KR 14  - CL 76  S 02,2022,Octubre,25,martes,15,45,Usme,Atropello,,,Con Heridos,0,0,0,0,0,1,1,1,0,0,0,0,0,0,0,0,0,0,0,0,0,0,1001959.0,0.021799489051855424,2419.743284755952,"CL19,KR3",KR5;CL22,4.5343054,-74.1108466,0.0,10.965631720483872,10.912950588951613,519.0,124.0,0.0
258235,10583163,-74.2000365742,4.6335547522,KR 97 C  - CL 69  S 02,2022,Octubre,26,miércoles,3,33,Bosa,Choque,Vehículo,,Con Heridos,0,0,0,0,0,1,0,0,0,0,1,0,1,0,0,1,0,0,0,0,0,0,1000981.0,0.028501847393147248,3163.7050606393445,DIAG16,KR90;KR97,4.6495069,-74.176417,0.0,48.25506720427419,48.17634224419355,709.0,124.0,0.0
258236,10583165,-74.1580714445,4.5961089476,AV AVENIDA DEL SUR - KR 67   02,2022,Octubre,26,miércoles,5,0,Bosa,Choque,Vehículo,,Con Heridos,0,0,0,0,0,1,0,0,0,0,0,0,0,0,0,0,0,0,0,0,0,0,1001946.0,0.006404371796175689,710.8852693755015,"AV.P.MAYO,CL26SUR",KR72;KR78K,4.5960945,-74.1644758,0.0,21.9250134408871,21.393895417580644,501.0,124.0,0.0
258237,10583168,-74.1920468603,4.5987703213,KR 77 I  - CL 70 A  S 02,2022,Octubre,26,miércoles,7,48,Bosa,Choque,Vehículo,,Con Heridos,0,0,0,0,0,1,0,0,0,0,0,0,0,0,0,0,0,0,0,0,0,0,1002290.0,0.013350222222885913,1481.8746667403364,AV.CL59SUR,CL59SUR;KR78C,4.6025243,-74.1792353,0.0,24.392594086048387,24.16393870387097,519.0,124.0,0.0
258238,10583174,-74.0356363912,4.6850969864,AK 7  - CL 106   02,2022,Octubre,25,martes,11,30,Usaquén,Choque,Vehículo,,Solo Daños,0,0,0,0,0,0,0,0,0,0,0,0,0,0,0,0,0,0,0,0,0,0,1000044.0,0.017504627871139485,1943.013693696483,KR15,CL77;CL92,4.7007512,-74.0434695,0.0,17.102241379913792,15.530452586724138,341.0,116.0,0.0
258239,10583175,-74.0695358739,4.6220572914,KR 14  - CL 33 A  02,2022,Octubre,26,miércoles,13,13,Santa Fe,Atropello,,,Con Heridos,0,0,0,0,0,1,1,0,0,0,0,1,0,0,0,0,0,0,0,0,0,0,1000020.0,0.004986974522818633,553.5541720328682,KR7,CL79;CL76,4.618767350000001,-74.07328369999999,1.0,14.938277778000002,14.784706173833333,4006.0,120.0,1.0
258240,10583182,-74.1790726381,4.6288048647,KR 87 D  - CL 50  S 02,2022,Octubre,25,martes,16,0,Bosa,Choque,Vehículo,,Con Heridos,1,0,0,0,1,0,0,0,0,0,0,0,0,0,0,0,0,0,0,0,0,0,1000981.0,0.02087167169348448,2316.7555579767773,DIAG16,KR90;KR97,4.6495069,-74.176417,0.0,32.567352150403224,32.17212198629032,1859.0,124.0,0.0
258241,10583183,-74.0316470731,4.7480825334,CL 170  - KR 9   02,2022,Octubre,25,martes,19,30,Usaquén,Caida de ocupante,,,Con Heridos,0,0,0,0,0,0,0,0,0,0,1,0,1,0,0,1,0,0,0,0,0,0,1000081.0,0.008971248532638603,995.8085871228849,KR19,CL116;CL127,4.7391552,-74.03253365,0.0,13.625799731209677,13.421938600241937,655.0,124.0,0.0
258242,10583184,-74.173651265,4.6135840123,AV AVENIDA PRIMERO DE MAYO - KR 79 C BIS A 02,2022,Octubre,26,miércoles,0,44,Kennedy,Atropello,,,Con Heridos,0,0,0,0,0,0,1,0,0,0,1,0,0,0,0,0,0,0,0,0,0,0,1002290.0,0.012389458545068567,1375.229898502611,AV.CL59SUR,CL59SUR;KR78C,4.6025243,-74.1792353,0.0,29.879663978709676,29.672961592903224,602.0,124.0,0.0
258243,10583188,-74.1289378688,4.5708001786,AV AVENIDA CIUDAD DE VILLAVICENCIO - CL 48 C  S 02,2022,Octubre,25,martes,16,40,Tunjuelito,Choque,Vehículo,,Con Heridos,0,1,0,0,0,1,0,0,0,0,0,0,0,0,0,0,0,0,0,0,0,0,1002271.0,0.01193771250786457,1325.0860883729672,KR72,KR1;KR4AE,4.582431,-74.12624845,0.0,19.231586021290322,19.064266759112904,559.0,124.0,0.0
258244,10583191,-74.08474234526,4.75658944362,CL 157 A  - KR 98 A  02,2022,Octubre,24,lunes,10,40,Suba,Atropello,,,Con Heridos,0,0,0,0,0,1,1,1,0,0,0,0,0,0,0,0,0,0,0,0,0,0,1001055.0,0.0037765794938413224,419.2003238163868,KR68,AV.SUBA;KR64,4.753758749999999,-74.0822424,1.0,14.606861111583333,14.50813084575,1493.0,120.0,1.0
258245,10583194,-74.18060717766,4.60630945814,CL 59  S- KR 78 L  02,2022,Octubre,27,jueves,21,10,Bosa,Choque,Vehículo,,Con Heridos,1,0,0,0,1,1,0,0,0,0,0,0,0,0,0,0,0,0,0,0,0,0,1002290.0,0.00402609866481125,446.89695179404873,AV.CL59SUR,CL59SUR;KR78C,4.6025243,-74.1792353,1.0,29.91764784935484,29.317328244758066,508.0,124.0,1.0
258246,10583195,-74.18696669523,4.59815509737,CL 65 J  S- KR 77 J  02,2022,Octubre,27,jueves,19,23,Bosa,Choque,Vehículo,,Con Heridos,0,0,0,0,0,1,0,0,0,0,0,0,0,0,0,0,0,0,0,0,0,0,1002290.0,0.008880563260536998,985.7425219196067,AV.CL59SUR,CL59SUR;KR78C,4.6025243,-74.1792353,0.0,33.26977150516129,31.811696177096774,449.0,124.0,0.0
258247,10583197,-74.18878436406,4.59754258076,CL 68  S- KR 77 I  02,2022,Octubre,27,jueves,23,30,Bosa,Choque,Vehículo,,Con Heridos,0,0,0,0,1,1,0,0,0,0,0,0,0,0,0,0,0,0,0,0,0,0,1002290.0,0.010770429471850081,1195.517671375359,AV.CL59SUR,CL59SUR;KR78C,4.6025243,-74.1792353,0.0,27.17743279564516,26.925012454919354,645.0,124.0,0.0
258248,10583200,-74.13031844084,4.66597513466,KR 86  - CL 22   02,2022,Octubre,27,jueves,21,18,Fontibón,Caida de ocupante,,,Con Heridos,0,0,0,0,0,0,0,0,0,0,1,0,1,0,0,1,0,0,0,0,0,0,1000237.0,0.004183393122668663,464.3566366162216,CL134,KR53;KR58,4.6700811,-74.1295173,1.0,32.15150537637097,31.861463002016126,974.0,124.0,1.0
258249,10583205,-74.06338659708,4.63727646094,KR 7  - CL 51   02,2022,Octubre,26,miércoles,12,50,Chapinero,Choque,Vehículo,,Con Heridos,0,0,0,0,0,1,0,0,0,0,0,0,0,0,0,0,0,0,0,0,0,0,1000007.0,0.0030578581869652,339.4222587531372,KR7,CL121;CL116,4.635579,-74.06084315,1.0,18.38397759109244,18.375525699411764,4797.0,119.0,1.0
258250,10583206,-74.06522659247,4.64711728367,CL 60  - KR 14   02,2022,Octubre,26,miércoles,23,7,Chapinero,Choque,Vehículo,,Con Heridos,0,0,0,0,0,0,0,0,0,0,1,0,1,0,0,1,0,0,0,0,0,0,1002025.0,0.0030780940052827954,341.6684345863903,AUTONORTE,SANTA.FE;TOBERIN,4.64911745,-74.06756625,1.0,26.339180107580646,25.776753744354842,456.0,124.0,1.0
258251,10583207,-74.08819703047,4.74435781789,CL 147 C  - KR 98 B  02,2022,Octubre,26,miércoles,15,10,Suba,Choque,Vehículo,,Con Heridos,0,0,0,0,0,1,0,0,0,0,0,0,0,0,0,0,0,0,0,0,0,0,1001707.0,0.006964423631215586,773.0510230649301,AV.SUBA,CL136;CL127,4.7425033,-74.09491,0.0,34.169180107580644,33.98944790895161,841.0,124.0,0.0
258284,10582879,-74.156,4.615,TV 74 C  - CL 41  S 02,2022,Octubre,19,miércoles,20,35,Kennedy,Choque,Vehículo,,Con Heridos,0,0,0,0,1,1,0,0,0,0,0,0,0,0,0,0,0,0,0,0,0,0,1001028.0,0.0038303115568464148,425.16458280995204,KR72,CL3;AV.P.MAYO,4.611398400000001,-74.15469625,1.0,20.044448925,19.999374871935483,542.0,124.0,1.0
258285,10582882,-74.122,4.705,KR 105 F  - CL 70 D  02,2022,Octubre,18,martes,14,9,Engativá,Atropello,,,Con Heridos,0,0,0,0,1,0,1,0,0,0,0,0,0,0,0,0,0,0,0,0,0,0,1000720.0,0.0072862449138825225,808.77318544096,KR86,CL13C;CL19A,4.71067115,-74.12657465000001,0.0,22.74462499975,22.499468117,1051.0,120.0,0.0
258286,10582884,-74.121,4.581,KR 24  - CL 40 B  S 02,2022,Octubre,18,martes,15,45,Rafael Uribe Uribe,Choque,Vehículo,,Con Heridos,0,0,0,0,1,1,0,0,0,0,0,0,0,0,0,0,0,0,0,0,0,0,1001976.0,0.0020466866357604853,227.18221656941387,NQS,KR24;CL100,4.57921725,-74.11999465,1.0,38.26473611141667,38.28152742541667,598.0,120.0,1.0
258287,10582891,-74.088,4.568,KR 1  E- CL 23 B  02,2022,Octubre,19,miércoles,20,45,Santa Fe,Choque,Vehículo,,Con Heridos,0,0,0,0,0,1,0,0,0,0,0,0,0,0,0,0,0,0,0,0,0,0,1000308.0,0.006226248763501741,691.1136127486933,KR5,CL27;CL24,4.57422605,-74.08804975000001,0.0,24.157244623790323,24.143020409838712,543.0,124.0,0.0
258294,10582413,-74.133215389,4.56754037000002,KR 19 A  - CL 55  S 02,2022,Octubre,7,viernes,22,30,Tunjuelito,Choque,Vehículo,,Con Heridos,0,0,0,0,0,0,0,1,0,0,0,0,0,0,0,0,0,0,0,0,0,0,1002271.0,0.01643986316323636,1824.824811119236,KR72,KR1;KR4AE,4.582431,-74.12624845,0.0,23.622473118064516,23.53197406346774,559.0,124.0,0.0
258295,10582421,-74.101,4.679,KR 72  - CL 64 I  02,2022,Octubre,7,viernes,14,40,Engativá,Choque,Vehículo,,Con Heridos,0,0,0,0,0,1,0,0,0,0,0,0,0,0,0,0,0,0,0,0,0,0,1000195.0,0.004746176994430479,526.8256463817833,CL134,KR9;KR10,4.675439,-74.09786225,1.0,10.863694444166667,10.743132519916665,959.0,120.0,1.0
258296,10582448,-74.15,4.678,CL 17 B  - KR 108   02,2022,Octubre,8,sábado,10,10,Fontibón,Choque,Vehículo,,Con Heridos,0,0,0,0,0,1,0,0,0,0,0,0,0,0,0,0,0,0,0,0,0,0,1001344.0,0.007162539852074582,795.0419235802785,DIAG16,KR97;KR90,4.6757841,-74.14318885,0.0,30.21726388908333,29.889925870083335,1414.0,120.0,0.0
258297,10582575,-74.179,4.624,AV AVENIDA CIUDAD DE CALI - CL 53  S 02,2022,Octubre,11,martes,18,0,Bosa,Choque,Vehículo,,Solo Daños,0,1,0,0,0,0,0,0,0,0,0,0,0,0,0,0,0,0,0,0,0,0,1002290.0,0.02147698900171983,2383.9457791909012,AV.CL59SUR,CL59SUR;KR78C,4.6025243,-74.1792353,0.0,29.917970430241933,29.470852342500002,428.0,124.0,0.0
258298,10582825,-74.109,4.511,KR 6  - CL 78  S 02,2022,Octubre,17,lunes,21,2,Usme,Choque,Vehículo,,Con Heridos,0,0,0,0,0,0,0,0,0,1,0,0,0,0,0,0,0,0,0,0,0,1,1001959.0,0.023378443077331387,2595.007181583784,"CL19,KR3",KR5;CL22,4.5343054,-74.1108466,0.0,11.336680107661289,11.220495336370968,529.0,124.0,0.0
258299,10582827,-74.163,4.6,CL 57 B  - KR 71 D  02,2022,Octubre,18,martes,16,50,Bosa,Choque,Vehículo,,Con Heridos,1,0,0,0,0,0,0,0,0,0,1,0,1,0,0,1,0,0,0,0,0,0,1001946.0,0.004175034836982716,463.42886690508146,"AV.P.MAYO,CL26SUR",KR72;KR78K,4.5960945,-74.1644758,1.0,13.667970430080645,13.61418476532258,531.0,124.0,1.0
258300,10582836,-74.155,4.631,CL 26  S- KR 80   02,2022,Octubre,18,martes,10,8,Kennedy,Choque,Vehículo,,Con Heridos,0,0,0,0,0,1,0,0,0,0,1,0,1,0,0,1,0,0,0,0,0,0,1001031.0,0.00815332282584855,905.0188336691891,KR72,CL43AS;KR69B,4.623493,-74.15181855,0.0,21.084152777499998,21.024942243583332,1769.0,120.0,0.0
258301,10582850,-74.117,4.71,CL 77  - KR 104   02,2022,Octubre,18,martes,8,8,Engativá,Atropello,,,Con Heridos,0,0,0,0,0,1,1,0,0,0,0,0,0,0,0,0,0,0,0,0,0,0,1000720.0,0.009598143828110159,1065.3939649202275,KR86,CL13C;CL19A,4.71067115,-74.12657465000001,0.0,19.788925619752067,19.705447917768595,1343.0,121.0,0.0
258302,10582851,-74.122,4.558,KR 9  - CL 51   02,2022,Octubre,19,miércoles,4,35,Tunjuelito,Choque,Vehículo,,Solo Daños,0,0,1,0,0,0,0,0,0,0,1,0,1,0,0,1,0,0,0,0,0,0,1000325.0,0.017953411013095843,1992.8286224536384,AV.CARACAS,AV.PRIMERO_MAYO;CL11SUR,4.57490245,-74.11594754999999,0.0,27.738091397983872,27.499247311935484,370.0,124.0,0.0
258303,10583359,-74.10768059675,4.74515972307,KR 126 A  - CL 139   02,2022,Octubre,28,viernes,22,50,Suba,Choque,Vehículo,,Con Heridos,0,0,0,0,0,1,0,0,0,0,0,0,0,0,0,0,0,0,0,0,0,0,1000951.0,0.008690965500852122,964.6971705945856,AV.SUBA,CL127;HUMEDAL.CORDOBA,4.7388854,-74.1016668,0.0,35.417043010725806,35.12744124104839,796.0,124.0,0.0
258304,10583368,-74.237218,4.161709,AV AVENIDA SAN JUAN BOSCO - KILOMETRO 50   02,2022,Octubre,26,miércoles,11,30,Sumapaz,Choque,Vehículo,,Con Heridos,0,0,0,0,0,1,0,0,0,0,0,0,0,0,0,0,0,0,0,0,1,0,1001959.0,0.3934435258470001,43672.23136901701,"CL19,KR3",KR5;CL22,4.5343054,-74.1108466,0.0,11.444116378879311,11.400796928534483,479.0,116.0,0.0
258351,10582554,-74.089,4.612,KR 27  - CL 13   02,2022,Octubre,10,lunes,16,10,Los Mártires,Choque,Vehículo,,Con Heridos,0,0,0,0,0,1,0,0,0,0,1,0,1,0,0,1,0,0,0,0,0,0,1001716.0,0.0013991665849709572,155.30749093177624,KR7,CL59;CL53,4.6122489,-74.08762315,1.0,21.508602150564517,21.53345578919355,4576.0,124.0,1.0
258352,10582556,-74.081,4.627,CL 26  - KR 30   02,2022,Octubre,11,martes,12,0,Teusaquillo,Volcamiento,,,Con Heridos,0,0,0,0,0,1,0,0,0,0,0,0,0,0,0,0,0,0,0,0,0,0,1002038.0,0.004241167412991644,470.7695828420725,CL26,GOBERNACION;CAN,4.629466150000001,-74.08445045,1.0,39.67329096,39.29645518686441,692.0,118.0,1.0
258353,10582557,-74.1,4.704,KR 86  - CL 81   02,2022,Octubre,10,lunes,12,30,Engativá,Choque,Vehículo,,Con Heridos,0,0,0,0,1,1,0,0,0,0,0,0,0,0,0,0,0,0,0,0,0,0,1000963.0,0.0023135059649757807,256.79916211231165,CL72,KR64;KR70,4.7019356,-74.0989557,1.0,15.025783475299145,14.808411375042734,432.0,117.0,1.0
258354,10582577,-74.046,4.753,AU NORTE - CL 172   02,2022,Octubre,10,lunes,17,50,Usaquén,Choque,Vehículo,,Solo Daños,0,1,0,0,0,0,0,0,0,0,0,0,0,0,0,0,0,0,0,0,0,0,1000222.0,0.0076547648966166166,849.6789035244444,CL147,KR19;KR15,4.7597534,-74.04960375,0.0,10.415053763467743,10.339226382580645,477.0,124.0,0.0
258355,10582617,-74.097,4.583,CL 16 BIS S- KR 12 D  02,2022,Octubre,11,martes,7,50,Antonio Nariño,Atropello,,,Con Heridos,0,0,0,0,0,1,1,1,0,0,0,0,0,0,0,0,0,0,0,0,0,0,1000289.0,0.0008841355340150348,98.13904427566885,AV.CARACAS,CL13;CL19,4.5821952,-74.09736605,1.0,16.29030914,16.20114247330645,370.0,124.0,1.0
258356,10582638,-74.132,4.605,AK 68  - CL 37  S 02,2022,Octubre,12,miércoles,20,53,Puente Aranda,Atropello,,,Con Heridos,0,0,0,0,0,1,1,0,0,0,0,0,0,0,0,0,0,0,0,0,0,0,1001023.0,0.001899041564184034,210.7936136244278,KR72,CL12;CL53,4.6068986,-74.13195905,1.0,35.099018816935484,35.096079753951614,754.0,124.0,1.0
258418,10582475,-74.081329892,4.60096886100001,KR 14  - CL 10   02,2022,Octubre,10,lunes,18,50,Santa Fe,Atropello,,,Con Heridos,0,0,0,0,0,1,1,0,0,0,0,0,0,0,0,0,0,0,0,0,0,0,1000204.0,0.0010222622916382723,113.47111437184822,KR7,CL39;CL45,4.60029015,-74.08056545,1.0,18.541693548387098,18.4378316608871,8691.0,124.0,1.0
258419,10582477,-74.116,4.655,CL 22 C  - KR 68 F  02,2022,Octubre,8,sábado,8,39,Fontibón,Choque,Vehículo,,Solo Daños,0,0,0,0,0,0,0,0,0,0,1,0,0,0,0,0,0,0,0,0,0,0,1000685.0,0.008197588450880314,909.932318047715,KR27,CL6;CL1B,4.6468165,-74.1155196,0.0,57.15446280983471,56.99937939694215,648.0,121.0,0.0
258420,10582478,-74.118,4.637,KR 68  - CL 13   02,2022,Octubre,10,lunes,8,51,Puente Aranda,Choque,Vehículo,,Con Heridos,0,0,0,0,0,1,0,0,0,0,0,0,0,0,0,0,0,0,0,0,0,0,1000745.0,0.0034646660030260676,384.5779263358935,CL6,KR32;KR36,4.6343731,-74.12025905,1.0,28.622190082727275,28.376368490247934,552.0,121.0,1.0
258421,10582482,-74.122,4.603,KR 50  - CL 26  S 02,2022,Octubre,9,domingo,3,5,Puente Aranda,Choque,Vehículo,,Solo Daños,0,0,1,0,0,1,0,0,0,1,0,0,0,0,0,0,0,0,0,0,0,1,1000957.0,0.002384462559988265,264.6753441586974,AV.P.MAYO,DIAG19SUR;AV.CARACAS,4.6016787,-74.1200151,1.0,24.683723118225807,24.35737751169355,601.0,124.0,1.0
258422,10582485,-74.075,4.612,AV AVENIDA CARACAS - CL 23   02,2022,Octubre,8,sábado,19,10,Santa Fe,Choque,Vehículo,,Solo Daños,0,0,0,0,0,1,0,0,0,0,0,0,0,0,0,0,0,0,0,0,0,0,1001960.0,0.0013368983282175053,148.39571443214308,KR3;CL19,CL22;KR5,4.6114117,-74.0762005,1.0,13.10465053782258,12.99575127766129,559.0,124.0,1.0
258423,10582486,-74.192,4.626,CL 60  S- KR 88 C  02,2022,Octubre,8,sábado,22,15,Bosa,Choque,Vehículo,,Solo Daños,0,0,0,0,0,0,0,0,0,1,1,0,1,0,0,1,0,0,0,0,0,1,1002290.0,0.02672164022996713,2966.1020655263515,AV.CL59SUR,CL59SUR;KR78C,4.6025243,-74.1792353,0.0,27.36768817233871,27.490375409919356,562.0,124.0,0.0
258424,10582498,-74.106,4.565,KR 10  - CL 37  S 02,2022,Octubre,10,lunes,18,40,Rafael Uribe Uribe,Caida de ocupante,,,Con Heridos,0,0,0,0,0,0,0,0,0,0,1,0,1,0,0,1,0,0,0,0,0,0,1000325.0,0.014036105834769112,1558.0077476593715,AV.CARACAS,AV.PRIMERO_MAYO;CL11SUR,4.57490245,-74.11594754999999,0.0,21.812809140080645,21.70314516153226,372.0,124.0,0.0
258440,10583173,-74.05109403317,4.72544060476,KR 45  - CL 143   02,2022,Octubre,24,lunes,16,50,Usaquén,Volcamiento,,,Con Heridos,0,0,0,1,0,1,0,0,0,0,0,0,0,0,0,0,0,0,0,0,0,0,1002024.0,0.0045789870356712494,508.26756095950867,AUTONORTE,TOBERIN;SANTA.FE,4.7209002,-74.0516872,1.0,40.56678763459677,40.588811582096774,987.0,124.0,1.0
258441,10583176,-74.14237890139,4.65362558752,KR 86  - CL 13   02,2022,Octubre,25,martes,11,31,Kennedy,Choque,Vehículo,,Con Heridos,0,0,0,0,0,1,0,0,0,0,0,0,0,0,0,0,0,0,0,0,0,0,1001019.0,0.003398517939797021,377.2354913174693,KR72,CL75;CL66A,4.65133785,-74.1398657,1.0,14.090833333162394,14.018807987863248,1899.0,117.0,1.0
258442,10583177,-74.02763913411,4.72326839138,CL 147  - KR 7 B  02,2022,Octubre,25,martes,12,41,Usaquén,Choque,Vehículo,,Con Heridos,1,0,0,0,0,0,0,0,0,0,0,0,0,0,0,0,0,0,0,0,0,0,1000051.0,0.007373517479383035,818.4604402115168,CL116,KR15;KR11,4.7180052,-74.0328032,0.0,14.516087570847457,14.239735875932203,427.0,118.0,0.0
258443,10583178,-74.149268283,4.632395551,CL 6  - TV 78 C  02,2022,Octubre,25,martes,13,10,Kennedy,Choque,Vehículo,,Con Heridos,0,0,0,0,0,1,0,0,0,0,0,0,0,0,0,0,0,0,0,0,0,0,1000040.0,0.008983404581290488,997.1579085232443,KR24,CL72;CL80,4.627228499999999,-74.1419196,0.0,16.004874999666665,15.963332968,891.0,120.0,0.0
258444,10583180,-74.056593808,4.66712693400001,KR 15  - CL 80   74,2022,Octubre,25,martes,13,5,Chapinero,Atropello,,,Con Heridos,0,0,0,0,0,0,1,0,0,1,0,0,0,0,0,0,0,0,0,0,0,1,1000992.0,0.004711254204445146,522.9492166934112,CL80,KR89A;KR81,4.6638357,-74.0532228,1.0,20.799458333416666,20.71066666675,367.0,120.0,1.0
258445,10583186,-74.1315626279,4.5848814378,KR 31  - CL 48  S 02,2022,Octubre,26,miércoles,18,0,Tunjuelito,Choque,Vehículo,,Con Heridos,0,0,0,0,0,1,0,0,0,1,0,0,0,0,0,0,0,0,0,0,0,1,1002271.0,0.005851934053320638,649.5646799185909,KR72,KR1;KR4AE,4.582431,-74.12624845,0.0,19.23857526862903,19.0471301175,638.0,124.0,0.0
258446,10583187,-74.10780397837,4.62680990979,CL 6  - KR 53 A  02,2022,Octubre,26,miércoles,0,14,Puente Aranda,Atropello,,,Con Heridos,0,0,0,0,0,1,1,0,0,0,0,0,0,0,0,0,0,0,0,0,0,0,1001934.0,0.003917631065601984,434.85704828182025,TV80A,AV.AMERICAS;KR80,4.6273108,-74.1039185,1.0,26.614341397580645,23.483645160967743,379.0,124.0,1.0
258447,10583189,-74.12103799765,4.60303703081,KR 50  - CL 26  S 02,2022,Octubre,25,martes,19,37,Puente Aranda,Choque,Vehículo,,Con Heridos,0,0,0,0,0,1,0,0,0,0,0,0,0,0,0,0,0,0,0,0,0,0,1000957.0,0.0017004064783981375,188.74511910219326,AV.P.MAYO,DIAG19SUR;AV.CARACAS,4.6016787,-74.1200151,1.0,7.6423924727419354,7.517018319596774,914.0,124.0,1.0
258448,10583190,-74.08687541983,4.64530886093,KR 50  - CL 45   02,2022,Octubre,25,martes,18,27,Teusaquillo,Choque,Vehículo,,Con Heridos,0,0,0,0,0,1,0,0,0,0,0,0,0,0,0,0,0,0,0,0,0,0,1000985.0,0.0019346245775476367,214.74332810778768,CL80,KR58;KR69H,4.643921049999999,-74.08552755,1.0,19.869341398064517,19.736978351451615,2178.0,124.0,1.0
258449,10583202,-74.15360537951,4.68112200121,CL 17  - KR 113   02,2022,Octubre,27,jueves,7,30,Fontibón,Choque,Vehículo,,Con Heridos,0,0,0,0,0,1,0,0,0,0,0,0,0,0,0,0,0,0,0,0,0,0,1000982.0,0.004418158476835517,490.4155909287424,DIAG16,KR123;KR106,4.67875865,-74.15733829999999,1.0,27.27412634395161,27.316462471048386,1682.0,124.0,1.0
258478,10581830,-74.139,4.562,DG 62  S- AV AVENIDA BOYACA  02,2022,Octubre,2,domingo,3,30,Ciudad Bolívar,Choque,Objeto Fijo,Otro,Con Muertos,0,0,0,0,0,1,0,0,0,0,0,0,0,0,0,0,0,0,0,0,0,0,1002271.0,0.024083766075973786,2673.2980344330904,KR72,KR1;KR4AE,4.582431,-74.12624845,0.0,25.12978494620968,24.60035195879032,486.0,124.0,0.0
258493,10582031,-74.055,4.719,KR 49 A  - CL 134   02,2022,Octubre,2,domingo,9,1,Suba,Choque,Vehículo,,Solo Daños,0,0,0,0,0,0,0,0,0,0,0,0,0,0,0,0,0,0,0,0,0,0,1001953.0,0.002632504327159085,292.2079803146584,CL100,KR15;KR11,4.720507899999999,-74.05715785000001,1.0,21.308513888333334,19.313666666083336,359.0,120.0,1.0
258495,10582040,-74.178558433,4.63186268599998,CL 49  S- KR 88 C  02,2022,Octubre,1,sábado,8,23,Kennedy,Choque,Vehículo,,Con Heridos,0,0,0,0,0,1,0,0,0,0,0,0,0,0,0,0,0,0,0,0,0,0,1000981.0,0.01777368906479518,1972.8794861922647,DIAG16,KR90;KR97,4.6495069,-74.176417,0.0,33.48696969694215,32.92265767280992,1732.0,121.0,0.0
258497,10582043,-74.186,4.619,AV AVENIDA CIUDAD DE CALI - CL 59  S 02,2022,Octubre,2,domingo,11,0,Bosa,Choque,Vehículo,,Solo Daños,0,0,1,0,0,1,0,0,0,0,0,0,0,0,0,0,0,0,0,0,0,0,1002290.0,0.017810386199632728,1976.9528681592328,AV.CL59SUR,CL59SUR;KR78C,4.6025243,-74.1792353,0.0,29.884294872136753,29.630863485470083,460.0,117.0,0.0
258498,10582044,-74.109,4.506,CL 88  S- KR 8   02,2022,Octubre,1,sábado,17,30,Usme,Choque,Vehículo,,Con Heridos,0,0,0,0,1,0,0,0,0,1,1,0,1,0,0,1,0,0,0,0,0,1,1001959.0,0.028365570692655155,3148.578346884722,"CL19,KR3",KR5;CL22,4.5343054,-74.1108466,0.0,9.16922043048387,8.986050237580645,476.0,124.0,0.0
258501,10582056,-74.119939282,4.57126284899999,CL 43  S- KR 13 F  02,2022,Octubre,1,sábado,7,30,Rafael Uribe Uribe,Atropello,,,Con Heridos,0,0,0,0,0,1,1,1,0,0,0,0,0,0,0,0,0,0,0,0,0,0,1000325.0,0.005401908903270282,599.6118882630013,AV.CARACAS,AV.PRIMERO_MAYO;CL11SUR,4.57490245,-74.11594754999999,0.0,20.58258064532258,20.58258064532258,370.0,124.0,0.0
258502,10582333,-74.091,4.535,CL 55  S- KR 10 A  E 02,2022,Octubre,5,miércoles,16,45,San Cristóbal,Choque,Vehículo,,Solo Daños,0,1,0,0,0,0,0,0,0,0,0,0,0,0,0,0,0,0,0,0,0,0,1001959.0,0.01985875123768672,2204.3213873832256,"CL19,KR3",KR5;CL22,4.5343054,-74.1108466,0.0,10.062083333467742,9.925015905322581,512.0,124.0,0.0
258569,10583210,-74.04037860815,4.74379113766,KR 17  - CL 164   02,2022,Octubre,26,miércoles,14,28,Usaquén,Choque,Vehículo,,Con Heridos,0,1,0,0,0,1,0,0,0,0,0,0,0,0,0,0,0,0,0,0,0,0,1000081.0,0.009112369964091167,1011.4730660141195,KR19,CL116;CL127,4.7391552,-74.03253365,0.0,13.348875000166666,13.217278941333335,502.0,120.0,0.0
258570,10583211,-74.095883612,4.68812951899997,AC 72  - KR 72 A  02,2022,Octubre,26,miércoles,20,0,Engativá,Choque,Vehículo,,Con Heridos,0,0,0,0,0,1,0,0,0,0,1,0,1,0,0,1,0,0,0,0,0,0,1000226.0,0.0028516880712384923,316.53737590747266,K15,CL134;CL147,4.68529385,-74.09618545000001,1.0,11.637607527177419,9.80898521516129,382.0,124.0,1.0
258571,10583216,-74.13082269614,4.6059030791,KR 68  - CL 33  S 02,2022,Octubre,26,miércoles,6,41,Puente Aranda,Choque,Vehículo,,Solo Daños,0,0,0,0,0,0,0,1,0,0,1,0,1,0,0,1,0,0,0,0,0,0,1001023.0,0.0015107488068787302,167.69311756353906,KR72,CL12;CL53,4.6068986,-74.13195905,1.0,22.607533601935486,22.39736267201613,1337.0,124.0,1.0
258572,10583217,-74.15777353232,4.68474693515,AV AVENIDA CENTENARIO - KR 119   02,2022,Octubre,26,miércoles,16,10,Kennedy,Choque,Vehículo,,Solo Daños,0,1,0,0,0,0,0,0,0,0,0,0,0,0,0,0,0,0,0,0,0,0,1000982.0,0.006004080796431976,666.4529684039494,DIAG16,KR123;KR106,4.67875865,-74.15733829999999,0.0,24.35196236532258,24.347473652016127,1859.0,124.0,0.0
258573,10583223,-74.08915189688,4.69534361064,CL 80  - KR 72   02,2022,Octubre,26,miércoles,23,5,Engativá,Atropello,,,Con Heridos,0,1,0,0,0,0,1,0,0,0,0,0,0,0,0,0,0,0,0,0,0,0,1000282.0,0.004205044240655086,466.75991071271454,CL170,KR58;AV.BOYACA,4.6924967,-74.09224664999999,1.0,34.238699186747965,33.66910707227642,514.0,123.0,1.0
258574,10583227,-74.156619046,4.64076548999998,CL 6  - KR 86   02,2022,Octubre,27,jueves,21,50,Kennedy,Caida de ocupante,,,Con Heridos,0,0,0,0,1,0,0,0,0,0,1,0,1,0,0,1,0,0,0,0,0,0,1001033.0,0.013531503885328347,1501.9969312714466,CL72,KR76;KR70,4.6540506,-74.15404855,0.0,29.016774193951612,28.99125678451613,526.0,124.0,0.0
258575,10583230,-74.14109555666,4.60967544407,AV AVENIDA BOYACA - CL 39  S 02,2022,Octubre,26,miércoles,12,51,Kennedy,Choque,Vehículo,,Con Heridos,0,1,0,0,0,1,0,0,0,0,0,0,0,0,0,0,0,0,0,0,0,0,1001715.0,0.005268161132041879,584.7658856566485,"AV.AMERICAS,CL34",KR28;KR36,4.6069231,-74.13660355,0.0,18.725918078898307,18.57550847440678,351.0,118.0,0.0
258576,10583232,-74.07351701547,4.61617130394,CL 26  - KR 18   02,2022,Octubre,27,jueves,22,30,Teusaquillo,Choque,Vehículo,,Con Muertos,1,0,0,0,0,0,0,0,0,1,0,0,0,0,0,0,0,0,0,0,1,0,1000020.0,0.002606509400365274,289.3225434405454,KR7,CL79;CL76,4.618767350000001,-74.07328369999999,1.0,26.452822580241936,26.156423460887098,2514.0,124.0,1.0
258577,10583235,-74.08537534659,4.62222222325,KR 30  - CL 22 b  02,2022,Octubre,27,jueves,18,10,Los Mártires,Choque,Vehículo,,Con Heridos,0,0,0,0,0,1,0,0,0,0,0,0,0,0,0,0,0,0,0,0,0,0,1001981.0,0.0016171973593509703,179.5089068879577,NQS,CAD;CL18,4.6206293,-74.08509620000001,1.0,27.91602777783333,26.635296961416667,2288.0,120.0,1.0
258578,10583238,-74.03136544549,4.76118570322,KR 185  - CL 17   02,2022,Octubre,27,jueves,9,9,Usaquén,Choque,Objeto Fijo,Vehiculo Estacionado,Solo Daños,0,0,1,0,0,0,0,0,0,1,0,0,0,0,0,0,0,0,0,0,0,1,1000088.0,0.0011755522548666767,130.48630029020111,KR19,CL159;CL152,4.7601672,-74.03195245,1.0,24.320208333416666,24.332026620333334,527.0,120.0,1.0
258579,10583240,-74.08597079699,4.56927989026,KR 3  E- CL 22 C  02,2022,Octubre,26,miércoles,22,3,Santa Fe,Choque,Objeto Fijo,Poste,Con Heridos,0,0,0,0,0,0,0,0,0,0,0,0,0,0,0,0,0,0,0,0,0,0,1000308.0,0.0053653091049297354,595.5493106472006,KR5,CL27;CL24,4.57422605,-74.08804975000001,0.0,26.10056451612903,25.142700504516128,477.0,124.0,0.0
258580,10583242,-74.09137813036,4.53159599689,KR 10 A  S- CL 62  S 02,2022,Octubre,26,miércoles,14,24,San Cristóbal,Choque,Objeto Fijo,Inmueble,Solo Daños,0,1,0,0,0,0,0,0,0,0,0,0,0,0,0,0,0,0,0,0,0,0,1001959.0,0.019656097662969666,2181.826840589633,"CL19,KR3",KR5;CL22,4.5343054,-74.1108466,0.0,10.829791666583333,10.617470256083333,546.0,120.0,0.0
258581,10583243,-74.06608489935,4.65570951153,KR 17  - CL 67   02,2022,Octubre,26,miércoles,12,59,Barrios Unidos,Atropello,,,Con Heridos,0,0,0,0,0,0,1,1,0,0,0,0,0,0,0,0,0,0,0,0,0,0,1000959.0,0.003855223315175748,427.92978798450804,KR50,CL24;CL53,4.653171,-74.0689864,1.0,24.196567796101693,23.856672892118645,802.0,118.0,1.0
258582,10583244,-74.06221178953,4.61750617885,KR 1  - CL 33   02,2022,Octubre,27,jueves,10,34,Santa Fe,Choque,Objeto Fijo,Inmueble,Solo Daños,0,0,0,0,0,0,0,0,0,0,0,0,0,0,0,0,0,0,0,0,0,0,1000183.0,0.004628726244206547,513.7886131069267,KR7,CL94;CL106,4.61959405,-74.0580807,1.0,37.73013888916667,37.92313999141666,5670.0,120.0,1.0
258612,10583075,-74.083,4.625,KR 30  - CL 24   02,2022,Octubre,24,lunes,10,8,Los Mártires,Choque,Vehículo,,Con Heridos,0,0,0,0,0,1,0,1,0,0,0,0,0,0,0,0,0,0,0,0,0,0,1002038.0,0.004695774805612741,521.2310034230143,CL26,GOBERNACION;CAN,4.629466150000001,-74.08445045,1.0,42.20324999983333,41.71907763108334,700.0,120.0,1.0
258613,10583080,-74.126209646,4.60671061300002,CL 26  S- KR 52 A  02,2022,Octubre,23,domingo,1,58,Puente Aranda,Choque,Vehículo,,Con Heridos,0,0,0,0,0,0,1,0,0,0,0,0,0,0,0,0,0,0,0,0,0,0,1000692.0,0.004500119697468071,499.51328641895583,KR36,CL19;AV.AMERICAS,4.6023978,-74.12749445,1.0,38.73692204306452,34.806801075483875,372.0,124.0,1.0
258614,10583086,-74.132,4.605,KR 68  - CL 37  S 02,2022,Octubre,24,lunes,9,23,Puente Aranda,Choque,Vehículo,,Con Heridos,0,0,0,0,0,1,0,0,0,0,1,0,1,0,0,1,0,0,0,0,0,0,1001023.0,0.001899041564184034,210.7936136244278,KR72,CL12;CL53,4.6068986,-74.13195905,1.0,21.457958333416666,21.326549796916666,1004.0,120.0,1.0
258615,10583093,-74.128,4.63,AV AVENIDA DE LAS AMERICAS - KR 69   02,2022,Octubre,24,lunes,22,48,Kennedy,Volcamiento,,,Con Heridos,0,0,0,0,0,1,0,0,0,0,0,0,0,0,0,0,0,0,0,0,0,0,1001926.0,0.0012940904180151706,143.64403639968393,TV42,CL6;CL2C,4.6309451,-74.128884,1.0,29.71526881701613,29.430177544354837,539.0,124.0,1.0
258616,10583095,-74.112,4.555,CL 48 P  - KR 5 H  02,2022,Octubre,23,domingo,21,0,Rafael Uribe Uribe,Caida de ocupante,,,Con Heridos,0,0,0,0,0,0,0,0,0,0,1,0,1,0,0,1,0,0,0,0,0,0,1000325.0,0.02029016182796333,2252.20796290393,AV.CARACAS,AV.PRIMERO_MAYO;CL11SUR,4.57490245,-74.11594754999999,0.0,22.85857526870968,22.790564516048384,372.0,124.0,0.0
258617,10583107,-74.062,4.608,KR 72  - CL 8  S 02,2022,Octubre,23,domingo,3,37,Kennedy,Choque,Vehículo,,Con Heridos,1,0,0,0,0,1,0,0,0,0,0,0,0,0,0,0,0,0,0,0,0,0,1000199.0,0.010720957131253728,1190.0262415691639,KR9,CL134:CL140,4.6071991,-74.072691,0.0,32.61697580645161,26.280953629274194,391.0,124.0,0.0
258618,10583109,-74.116,4.747,KR 141  - CL 144 C  02,2022,Octubre,22,sábado,23,48,Suba,Choque,Vehículo,,Con Heridos,1,0,0,0,0,0,0,0,0,0,0,0,0,0,0,0,0,0,0,0,0,0,1000951.0,0.016470803119455896,1828.2591462596044,AV.SUBA,CL127;HUMEDAL.CORDOBA,4.7388854,-74.1016668,0.0,34.90946236540322,34.370887300403226,699.0,124.0,0.0
258619,10583123,-74.153029372,4.648921266,CL 8  - KR 87 B  02,2022,Octubre,24,lunes,13,50,Kennedy,Choque,Vehículo,,Con Heridos,0,0,0,0,0,1,0,0,0,0,1,0,1,0,0,1,0,0,0,0,0,0,1001033.0,0.005229607162992169,580.4863950921308,CL72,KR76;KR70,4.6540506,-74.15404855,0.0,19.008833333166667,18.928911309333333,590.0,120.0,0.0
258620,10583125,-74.1500303495,4.6108058929,CL 40 C  S- KR 72 M  02,2022,Octubre,24,lunes,19,30,Kennedy,Atropello,,,Con Heridos,0,0,0,0,0,1,1,1,0,0,0,0,0,0,0,0,0,0,0,0,0,0,1001028.0,0.0047033702958048885,522.0741028343426,KR72,CL3;AV.P.MAYO,4.611398400000001,-74.15469625,1.0,18.621135752580646,18.568186129435485,535.0,124.0,1.0
258621,10583128,-74.1871915172,4.6202947663,CL 59 A BIS S- KR 86 A  02,2022,Octubre,24,lunes,21,38,Bosa,Choque,Vehículo,,Con Heridos,0,0,0,0,0,1,0,0,0,0,0,0,0,0,0,0,0,0,0,0,0,0,1002290.0,0.01947025589593195,2161.198404448446,AV.CL59SUR,CL59SUR;KR78C,4.6025243,-74.1792353,0.0,29.91764784935484,29.317328244758066,508.0,124.0,0.0
258622,10583130,-74.1195432567,4.6788800339,KR 86  - CL 26   02,2022,Octubre,25,martes,8,10,Fontibón,Choque,Vehículo,,Con Heridos,1,0,0,0,0,1,0,0,0,0,0,0,0,0,0,0,0,0,0,0,0,0,1000227.0,0.00398931063597639,442.81348059337927,KR72,CL170;CL169,4.67854075,-74.1155684,1.0,32.2641735538843,31.927488451404958,647.0,121.0,1.0
258623,10583135,-74.1626131597,4.6152760542,AV AVENIDA PRIMERO DE MAYO - AV AVENIDA CIUDAD DE VILLAVICENCIO  02,2022,Octubre,24,lunes,12,6,Bosa,Caida de ocupante,,,Con Heridos,0,0,0,0,0,0,0,0,0,0,1,0,1,0,0,1,0,0,0,0,0,0,1001028.0,0.008815535224405435,978.5244099090032,KR72,CL3;AV.P.MAYO,4.611398400000001,-74.15469625,0.0,17.599392655762713,17.552293770762713,569.0,118.0,0.0
258624,10583138,-74.113378531,4.7010852178,CL 72  - KR 96   02,2022,Octubre,25,martes,8,20,Engativá,Choque,Vehículo,,Con Heridos,1,0,0,0,0,1,0,0,0,0,0,0,0,0,0,0,0,0,0,0,0,0,1000722.0,0.0050946480401085235,565.5059324520461,KR86,CL10;CL13C,4.6984233,-74.11772245,0.0,18.743126721900826,18.609158656859503,1753.0,121.0,0.0
258625,10583155,-74.0774744812,4.6578798563,AK 30  - CL 63 G  02,2022,Octubre,25,martes,12,30,Barrios Unidos,Caida de ocupante,,,Con Heridos,0,0,0,0,0,0,0,0,0,0,1,0,1,0,0,1,0,0,0,0,0,0,1000095.0,0.002735315131506539,303.61997959722584,KR7,CL153;CL162,4.6587847,-74.0800558,1.0,36.51868644059322,36.363431669237286,3005.0,118.0,1.0
258626,10583179,-74.0527453712,4.7155638673,KR 45  - CL 129   02,2022,Octubre,26,miércoles,9,9,Suba,Choque,Vehículo,,Con Heridos,1,0,0,0,0,0,0,0,0,0,1,0,1,0,0,1,0,0,0,0,0,0,1001952.0,0.0031277172257417212,347.17661205733106,KR15,CL106;CL100,4.71847495,-74.0516016,1.0,12.096291666666668,11.615260515916667,402.0,120.0,1.0
258627,10583185,-74.1189044873,4.5261735935,KR 14  - CL 68 B  S 02,2022,Octubre,25,martes,12,10,Usme,Choque,Vehículo,,Con Heridos,0,0,0,0,1,0,0,1,0,0,1,0,1,0,0,1,0,0,0,0,0,0,1001959.0,0.011447961595537704,1270.7237371046851,"CL19,KR3",KR5;CL22,4.5343054,-74.1108466,0.0,10.948192090677965,10.820235068728813,495.0,118.0,0.0
258628,10583192,-74.1104924,4.66734547599998,KR 72  - CL 48 A  02,2022,Octubre,26,miércoles,20,0,Engativá,Choque,Vehículo,,Solo Daños,0,0,0,0,0,0,0,0,0,0,1,0,1,0,0,1,0,0,0,0,0,0,1002275.0,0.005624636012818209,624.3345974228212,CL153,KR54;KR56,4.6682687000000005,-74.10494405,0.0,12.52973118282258,11.25737903233871,370.0,124.0,0.0
258638,10583249,-74.100044506,4.68066417183,KR 72  - CL 66   02,2022,Octubre,28,viernes,18,35,Engativá,Caida de ocupante,,,Con Heridos,0,0,0,0,0,0,0,0,0,0,1,0,0,0,0,0,0,0,0,0,0,0,1000195.0,0.0056625667238941755,628.5449063522535,CL134,KR9;KR10,4.675439,-74.09786225,0.0,9.659086021532257,9.60522062266129,892.0,124.0,0.0
258639,10583250,-74.13118747656,4.68986885993,CL 26  - KR 103   02,2022,Octubre,28,viernes,22,45,Fontibón,Choque,Vehículo,,Con Heridos,0,0,0,0,0,0,0,0,0,0,1,0,1,1,0,0,0,0,0,1,0,0,1000238.0,0.012327859631964097,1368.3924191480148,CL134,KR58;KR53,4.68384265,-74.1204329,0.0,35.79376344056452,35.60387454612903,620.0,124.0,0.0
258640,10583251,-74.10806683485,4.57883557403,AV AVENIDA CARACAS - CL 28  S 02,2022,Octubre,29,sábado,4,50,Rafael Uribe Uribe,Choque,Vehículo,,Con Heridos,0,0,0,0,0,0,0,0,0,1,0,0,0,0,0,0,0,0,0,0,0,1,1000314.0,0.005672108726271631,629.604068616151,CL19,KR5;KR10,4.5844906000000005,-74.10762695,0.0,20.56557795677419,18.887127792741936,431.0,124.0,0.0
258641,10583253,-74.07868055289,4.64406961078,KR 30  - CL 53 A  02,2022,Octubre,27,jueves,6,50,Teusaquillo,Choque,Vehículo,,Solo Daños,0,0,0,0,0,1,0,0,0,0,0,0,0,0,0,0,0,0,0,0,0,0,1001929.0,0.0027221341646184757,302.1568922726508,CL57,TV25;AV.CARACAS,4.64651115,-74.07747685000001,1.0,14.581323924516129,13.039052419032258,368.0,124.0,1.0
258642,10583254,-74.18864575808,4.62710933818,KR 88 C  - CL 57 A  S 02,2022,Octubre,28,viernes,13,16,Bosa,Choque,Vehículo,,Con Heridos,1,0,0,0,0,0,0,0,0,0,0,0,0,0,0,0,0,0,0,0,0,0,1000981.0,0.025518489368688523,2832.552319924426,DIAG16,KR90;KR97,4.6495069,-74.176417,0.0,30.117652777333333,30.129572793416667,1628.0,120.0,0.0
258643,10583255,-74.10964665596,4.57808160473,AK 14  - CL 31 C  S 02,2022,Octubre,28,viernes,21,25,Rafael Uribe Uribe,Choque,Vehículo,,Con Heridos,1,0,0,0,1,0,0,0,0,0,0,0,0,0,0,0,0,0,0,0,0,0,1000314.0,0.006719704795285405,745.8872322766799,CL19,KR5;KR10,4.5844906000000005,-74.10762695,0.0,12.938172043064517,12.841018249677418,541.0,124.0,0.0
258644,10583257,-74.10251315277,4.58471649479,CL 19 A  S- KR 19   02,2022,Octubre,28,viernes,15,13,Antonio Nariño,Choque,Vehículo,,Solo Daños,0,0,0,0,0,0,0,1,0,0,0,0,0,0,0,0,0,0,0,0,0,0,1000314.0,0.00511878409054911,568.1850340509512,CL19,KR5;KR10,4.5844906000000005,-74.10762695,0.0,10.74422764211382,10.632185646504064,565.0,123.0,0.0
258645,10583258,-74.11327568476,4.58566403987,CL 29 A  S- TV 26   02,2022,Octubre,28,viernes,22,0,Rafael Uribe Uribe,Choque,Vehículo,,Con Heridos,0,0,0,0,0,1,0,0,0,0,0,0,0,0,0,0,0,0,0,0,0,0,1000314.0,0.005769329728603672,640.3955998750076,CL19,KR5;KR10,4.5844906000000005,-74.10762695,0.0,13.150806451451613,13.112862478306452,549.0,124.0,0.0
258646,10583259,-74.160787765,4.64807085400003,CL 6 BIS A - KR 90 A  02,2022,Octubre,29,sábado,9,54,Kennedy,Choque,Vehículo,,Solo Daños,0,0,0,0,0,0,0,0,0,0,0,0,0,0,0,0,0,0,0,0,0,0,1001033.0,0.009009682627058575,1000.0747716035019,CL72,KR76;KR70,4.6540506,-74.15404855,0.0,18.70441666658333,18.46081517216667,686.0,120.0,0.0
258670,10582650,-74.05,4.751,CL 169  - KR 50   02,2022,Octubre,12,miércoles,18,2,Suba,Choque,Vehículo,,Con Heridos,0,0,0,0,0,1,0,0,0,0,0,0,0,0,0,0,0,0,0,0,0,0,1000222.0,0.008762364157149143,972.6224214435548,CL147,KR19;KR15,4.7597534,-74.04960375,0.0,9.409287634435485,9.424266449112903,528.0,124.0,0.0
258671,10582658,-74.15,4.628,CL 26  S- KR 78 K  02,2022,Octubre,13,jueves,5,13,Kennedy,Choque,Vehículo,,Solo Daños,0,0,1,0,0,1,0,0,0,0,0,0,0,0,0,0,0,0,0,0,0,0,1001031.0,0.004860058960803595,539.466544649199,KR72,CL43AS;KR69B,4.623493,-74.15181855,1.0,27.84563172032258,27.76772581379032,2710.0,124.0,1.0
258672,10582663,-74.137,4.636,CL 7 C  - KR 72   02,2022,Octubre,10,lunes,16,50,Kennedy,Choque,Vehículo,,Con Heridos,1,0,0,0,0,0,0,0,0,0,0,0,0,0,0,0,0,0,0,0,0,0,1001247.0,0.005920339060600477,657.157635726653,KR72,CL66A;CL75,4.63816495,-74.1314897,0.0,29.678051075161292,29.66896772548387,2910.0,124.0,0.0
258673,10582666,-74.061,4.677,KR 30  - CL 89   02,2022,Octubre,13,jueves,16,15,Barrios Unidos,Choque,Vehículo,,Solo Daños,0,0,0,0,0,0,0,0,0,1,0,0,0,0,0,0,0,0,0,0,0,1,1001046.0,0.005941902292400677,659.5511544564752,KR68,CL13;CL19,4.67945395,-74.0664115,0.0,19.64305555564815,19.54320987259259,1756.0,108.0,0.0
258674,10582671,-74.092107044,4.691131638,KR 72  - CL 75 A  02,2022,Octubre,13,jueves,17,50,Engativá,Atropello,,,Con Heridos,0,0,0,0,0,1,1,0,0,0,0,0,0,0,0,0,0,0,0,0,0,0,1000282.0,0.0013721822397476198,152.3122286119858,CL170,KR58;AV.BOYACA,4.6924967,-74.09224664999999,1.0,22.707768817258064,22.37850886612903,1127.0,124.0,1.0
258675,10582673,-74.136370163,4.61129345400002,KR 69  - CL 34  S 02,2022,Octubre,14,viernes,18,49,Kennedy,Choque,Vehículo,,Con Heridos,0,0,0,0,0,1,0,0,0,0,0,0,0,0,0,0,0,0,0,0,0,0,1001715.0,0.00437658126592636,485.80052051782593,"AV.AMERICAS,CL34",KR28;KR36,4.6069231,-74.13660355,1.0,14.626263440403227,14.480107526532258,372.0,124.0,1.0
258676,10582683,-74.139,4.555,TV 18 G  - DG 61 A BIS S 02,2022,Octubre,13,jueves,18,30,Ciudad Bolívar,Choque,Vehículo,,Con Heridos,0,0,0,0,0,1,0,0,0,0,0,0,0,0,0,0,0,0,0,0,0,0,1002271.0,0.030249988238051407,3357.748694423706,KR72,KR1;KR4AE,4.582431,-74.12624845,0.0,19.23857526862903,19.0471301175,638.0,124.0,0.0
258677,10582685,-74.128,4.687,CL 26  - KR 98   02,2022,Octubre,16,domingo,20,30,Fontibón,Choque,Vehículo,,Con Muertos,1,0,0,0,0,0,0,0,0,0,0,0,0,0,0,0,0,0,0,0,0,0,1000238.0,0.008199381771362108,910.131376621194,CL134,KR58;KR53,4.68384265,-74.1204329,0.0,32.542809139435484,32.556085771935486,770.0,124.0,0.0
258678,10582687,-74.039,4.668,KR 3  E- CL 91   02,2022,Octubre,13,jueves,20,40,Chapinero,Choque,Vehículo,,Con Heridos,1,0,0,0,0,0,0,0,0,0,0,0,0,0,0,0,0,0,0,0,0,0,1000097.0,0.010389430837393784,1153.2268229507101,KR9,CL161;CL165,4.67150165,-74.04878155,0.0,24.661008064596775,24.668098118387096,372.0,124.0,0.0
258679,10582690,-74.066,4.599,CL 16  - KR 5   02,2022,Octubre,14,viernes,18,20,Santa Fe,Atropello,,,Con Heridos,0,0,0,0,0,1,1,1,0,0,0,0,0,0,0,0,0,0,0,0,0,0,1000055.0,0.005106285096084355,566.7976456653635,KR11,CL116;CL106,4.6003184,-74.07093315,0.0,22.972862902499998,22.739925371129033,569.0,124.0,0.0
258680,10582691,-74.109,4.663,CL 26  - KR 70   02,2022,Octubre,13,jueves,22,0,Fontibón,Choque,Vehículo,,Con Heridos,0,0,0,0,0,1,0,0,0,0,0,0,0,0,0,0,0,0,0,0,0,0,1001014.0,0.0027549123729281215,305.79527339502147,KR72,CL138;CL153,4.66028985,-74.1094946,1.0,37.12770161306452,37.03260277959677,2217.0,124.0,1.0
258681,10582716,-74.123,4.594,CL 38 A  S- TV 35   02,2022,Octubre,16,domingo,14,9,Antonio Nariño,Choque,Vehículo,,Solo Daños,0,0,0,0,0,0,0,0,0,0,0,0,0,0,0,0,0,0,0,0,0,0,1001038.0,0.0063479901616547785,704.6269079436804,AV.AMERICAS,KR36;KR62,4.5987153,-74.12725005,0.0,19.94041666675,19.953685079916667,902.0,120.0,0.0
258682,10582726,-74.029,4.702,KR 7  - CL 127   02,2022,Octubre,15,sábado,6,35,Usaquén,Choque,Vehículo,,Solo Daños,0,0,0,0,0,1,0,0,0,0,0,0,0,0,0,0,0,0,0,0,0,0,1000184.0,0.002896591618610743,321.52166966579244,KR15,CL94;CL100,4.704458949999999,-74.03053095,1.0,25.54257392483871,25.313745533387095,827.0,124.0,1.0
258683,10582916,-74.089,4.566,CL 26  S- KR 1  E 02,2022,Octubre,20,jueves,7,10,San Cristóbal,Choque,Vehículo,,Con Heridos,0,0,0,0,0,1,0,0,0,0,0,0,0,0,0,0,0,0,0,0,0,0,1000308.0,0.008280753206380512,919.1636059082368,KR5,CL27;CL24,4.57422605,-74.08804975000001,0.0,24.566545699112904,24.41105087201613,686.0,124.0,0.0
258684,10582920,-74.138,4.565,AV AVENIDA BOYACA - CL 59 A  S 02,2022,Octubre,20,jueves,23,0,Ciudad Bolívar,Choque,Vehículo,,Con Heridos,0,0,0,0,0,1,0,0,0,0,0,0,0,0,0,0,0,0,0,0,0,0,1002271.0,0.021022337843409965,2333.4795006185063,KR72,KR1;KR4AE,4.582431,-74.12624845,0.0,24.713669354596774,24.829934736209676,524.0,124.0,0.0
258685,10582921,-74.093,4.578,KR 10  - CL 17   02,2022,Octubre,19,miércoles,17,40,San Cristóbal,Atropello,,,Con Heridos,0,0,0,0,0,0,1,0,0,1,0,0,0,0,0,0,0,0,0,0,0,1,1000214.0,0.002417902692930048,268.38719891523533,KR5,CL34;CL27,4.57950665,-74.0948911,1.0,26.00513440814516,25.828295468467743,1224.0,124.0,1.0
258686,10582958,-74.103,4.486,CL 115  S- KR 7  E 02,2022,Octubre,19,miércoles,21,0,Usme,Choque,Vehículo,,Con Heridos,0,0,0,0,0,1,0,0,0,0,1,0,1,0,0,1,0,0,0,0,0,0,1001959.0,0.048938541056310084,5432.178057250419,"CL19,KR3",KR5;CL22,4.5343054,-74.1108466,0.0,11.336680107661289,11.220495336370968,529.0,124.0,0.0
258687,10582969,-74.183,4.641,KR 95 S BIS - CL 49 C  S 02,2022,Octubre,21,viernes,6,40,Bosa,Atropello,,,Con Heridos,0,0,0,0,0,1,1,0,0,0,0,0,0,0,0,0,0,0,0,0,0,0,1000981.0,0.010756543897093025,1193.9763725773257,DIAG16,KR90;KR97,4.6495069,-74.176417,0.0,35.239045699193554,35.208944152661296,1739.0,124.0,0.0
258688,10582977,-74.058,4.654,KR 9  - CL 70   02,2022,Octubre,20,jueves,13,35,Chapinero,Choque,Vehículo,,Con Heridos,0,0,0,0,0,1,0,0,0,0,0,0,0,0,0,0,0,0,0,0,0,0,1000188.0,0.0015909356193777324,176.5938537509283,KR7,CL162;CL165,4.654590349999999,-74.05652265,1.0,28.2180277775,28.113605460416668,4300.0,120.0,1.0
258691,10583437,-74.08343342726,4.6803146756,AK 68  - CL 75 A  02,2022,Octubre,31,lunes,16,30,Barrios Unidos,Caida de ocupante,,,Con Heridos,0,0,0,0,0,0,0,1,0,0,1,0,1,0,0,1,0,0,0,0,0,0,1000655.0,0.002818847878469799,312.8921145101477,AV.CIRCUNVALAR,CL83;CL72,4.67771235,-74.08451685,1.0,34.924247311854835,34.716981143387095,761.0,124.0,1.0
258774,10582340,-74.09277475208,4.63064283043,AC 24  - KR 40   02,2022,Octubre,7,viernes,21,10,Teusaquillo,Choque,Vehículo,,Solo Daños,0,0,0,0,0,0,0,0,0,1,1,0,1,0,0,1,0,0,0,0,0,1,1001251.0,0.0028071609871124148,311.594869569478,TV28,CL19;CL22C,4.6278919,-74.09333380000001,1.0,21.21755376330645,16.272802419274193,373.0,124.0,1.0
258775,10582342,-74.0719506583,4.6636588732,CL 71  - KR 28 A  02,2022,Octubre,7,viernes,18,55,Barrios Unidos,Choque,Vehículo,,Con Heridos,0,0,0,0,0,1,0,0,0,1,0,0,0,0,0,0,0,0,0,0,0,1,1000203.0,0.007300831191721644,810.3922622811025,KR7,CL188;CL175,4.6708734,-74.0708314,0.0,17.17916666717742,16.435635307741936,1403.0,124.0,0.0
258776,10582346,-74.15347126906,4.69647170336,CL 24  - KR 127   02,2022,Octubre,6,jueves,14,4,Fontibón,Choque,Vehículo,,Con Heridos,0,1,0,0,0,1,0,0,0,0,0,0,0,0,0,0,0,0,0,0,0,0,1000982.0,0.018130256137877252,2012.458431304375,DIAG16,KR123;KR106,4.67875865,-74.15733829999999,0.0,24.828236111333336,24.800442512583334,1623.0,120.0,0.0
258777,10582352,-74.147,4.649,KR 86  - CL 10   02,2022,Octubre,7,viernes,11,50,Kennedy,Choque,Vehículo,,Con Heridos,0,0,0,0,0,1,0,0,0,0,1,0,1,0,0,1,0,0,0,0,0,0,1001019.0,0.007507581442286126,833.34154009376,KR72,CL75;CL66A,4.65133785,-74.1398657,0.0,14.090833333162394,14.018807987863248,1899.0,117.0,0.0
258820,10582338,-74.159,4.695,CL 22 A  - KR 129   02,2022,Octubre,6,jueves,15,39,Fontibón,Choque,Vehículo,,Solo Daños,0,0,0,0,0,0,0,0,0,0,1,0,1,0,0,1,0,0,0,0,0,0,1000982.0,0.01632613538816097,1812.2010280858678,DIAG16,KR123;KR106,4.67875865,-74.15733829999999,0.0,24.719166666290324,24.78506291733871,1636.0,124.0,0.0
258943,10583224,-74.11668209021,4.59136418143,KR 30  - CL 32  S 02,2022,Octubre,27,jueves,8,0,Antonio Nariño,Choque,Vehículo,,Con Heridos,1,0,0,0,0,1,0,0,0,0,0,0,0,0,0,0,0,0,0,0,0,0,1000287.0,0.008072190150763154,896.01310673471,AV.CARACAS,CL19;CL24,4.5992140500000005,-74.11480065,0.0,15.03626721768595,14.679040306694214,1918.0,121.0,0.0
258944,10583225,-74.07747892325,4.68175289077,CL 100  - KR 64   02,2022,Octubre,27,jueves,0,20,Barrios Unidos,Choque,Vehículo,,Con Heridos,0,0,0,0,0,1,0,0,0,0,0,0,0,0,0,0,0,0,0,0,0,0,1000716.0,0.003801610372783879,421.97875137901053,KR86,CL24;CL64BIS,4.6782427,-74.07893865,1.0,48.21649193548387,48.19729250637097,615.0,124.0,1.0
258945,10583287,-74.18440311577,4.61901395826,KR 84 C  - CL 58  S 02,2022,Octubre,28,viernes,15,50,Bosa,Choque,Vehículo,,Con Heridos,0,1,0,0,0,1,0,0,0,0,1,0,1,0,1,0,0,0,0,0,0,0,1002290.0,0.017280484639158496,1918.133794946593,AV.CL59SUR,CL59SUR;KR78C,4.6025243,-74.1792353,0.0,31.882137097016127,31.321057443790323,461.0,124.0,0.0
258946,10583292,-74.12441221659,4.7421499008,KR 154  - CL 132 BIS  02,2022,Octubre,29,sábado,23,0,Suba,Choque,Vehículo,,Con Heridos,0,0,0,0,0,1,0,0,0,0,0,0,0,0,0,0,0,0,0,0,0,0,1000951.0,0.02297848866496189,2550.61224181077,AV.SUBA,CL127;HUMEDAL.CORDOBA,4.7388854,-74.1016668,0.0,34.90946236540322,34.370887300403226,699.0,124.0,0.0
258947,10583302,-74.17248276655,4.61621220201,KR 80  - CL 52  S 02,2022,Octubre,28,viernes,6,30,Kennedy,Choque,Vehículo,,Con Heridos,0,0,0,0,0,1,0,0,0,0,1,0,1,0,0,1,0,0,0,0,0,0,1002290.0,0.015262875529489826,1694.1791837733706,AV.CL59SUR,CL59SUR;KR78C,4.6025243,-74.1792353,0.0,21.571075268548388,21.19583339717742,540.0,124.0,0.0
258948,10583355,-74.13716343825,4.67172274875,KR 96 C  - CL 21 A  02,2022,Octubre,28,viernes,22,28,Fontibón,Atropello,,,Con Heridos,0,0,0,0,0,0,1,1,0,0,0,0,0,0,0,0,0,0,0,0,0,0,1000648.0,0.006842159552787029,759.4797103593603,KR72,CL134;CL138,4.6698867,-74.14375465,0.0,33.799059139758064,33.77918355661291,4289.0,124.0,0.0
258949,10583380,-74.12876654281,4.63289050703,CL 8  S- KR 69 A  02,2022,Octubre,29,sábado,22,50,Kennedy,Choque,Vehículo,,Con Heridos,0,0,0,0,0,1,0,0,0,1,0,0,0,0,0,0,0,0,0,0,0,1,1001926.0,0.0019489496411801857,216.33341017100062,TV42,CL6;CL2C,4.6309451,-74.128884,1.0,29.71526881701613,29.430177544354837,539.0,124.0,1.0
258950,10583390,-74.17971379957,4.59875198974,CL 63  S- KR 77 I  02,2022,Octubre,30,domingo,15,9,Bosa,Choque,Vehículo,,Con Heridos,0,0,0,0,0,1,0,1,0,0,1,0,1,0,0,1,0,0,0,0,0,0,1002290.0,0.0038025368553351487,422.0815909422015,AV.CL59SUR,CL59SUR;KR78C,4.6025243,-74.1792353,1.0,31.882137097016127,31.321057443790323,461.0,124.0,1.0
258951,10583402,-74.07853034918,4.64401614272,KR 30  - CL 53 B  02,2022,Octubre,31,lunes,9,45,Teusaquillo,Caida de ocupante,,,Con Heridos,0,0,0,0,0,0,0,1,0,0,1,0,1,1,0,0,0,1,0,0,0,0,1001929.0,0.002708306084897204,300.6219754235897,CL57,TV25;AV.CARACAS,4.64651115,-74.07747685000001,1.0,12.694624999916666,11.66381944425,359.0,120.0,1.0
258952,10583406,-74.0700867552,4.71152167544,CL 127  - KR 58   02,2022,Octubre,30,domingo,23,59,Suba,Choque,Vehículo,,Con Heridos,0,0,0,0,0,1,0,0,0,0,0,0,0,0,0,0,0,0,0,0,0,0,1000969.0,0.00482516682137786,535.5935171729425,"CL34,AV.AMERICAS",KR19;KR28,4.706773350000001,-74.07094445000001,1.0,26.496169354919356,25.083971092258064,489.0,124.0,1.0
258953,10583431,-74.16524080221,4.64234793712,CL 34  S- KR 89 C  02,2022,Octubre,28,viernes,12,20,Kennedy,Atropello,,,Solo Daños,1,0,0,0,0,1,0,1,0,0,1,0,1,0,0,1,0,0,0,0,0,0,1000981.0,0.013272458195774635,1473.2428597309845,DIAG16,KR90;KR97,4.6495069,-74.176417,0.0,30.648644067711864,30.44286330398305,1709.0,118.0,0.0
258958,10583502,-74.17172626023,4.64315554886,CL 40  S- KR 93   02,2022,Octubre,29,sábado,1,0,Kennedy,Choque,Vehículo,,Solo Daños,0,0,1,0,0,0,0,0,0,0,0,0,0,0,0,0,0,0,0,0,0,0,1000981.0,0.007895739413976673,876.4270749514106,DIAG16,KR90;KR97,4.6495069,-74.176417,0.0,48.90538978483871,48.546402233790324,604.0,124.0,0.0
258963,10583273,-74.16920661945,4.58763573066,DG 62 G  - KR 72 F  S 02,2022,Octubre,30,domingo,6,45,Ciudad Bolívar,Choque,Objeto Fijo,Poste,Solo Daños,0,0,0,0,0,0,0,0,0,0,0,0,0,0,0,0,0,0,0,0,0,0,1001946.0,0.00969182291500059,1075.7923435650655,"AV.P.MAYO,CL26SUR",KR72;KR78K,4.5960945,-74.1644758,0.0,17.71522849467742,17.447173451290322,520.0,124.0,0.0
258964,10583274,-74.20289262871,4.62697411507,KR 92  - CL 74   02,2022,Octubre,28,viernes,15,50,Bosa,Atropello,,,Con Heridos,0,0,0,0,0,0,1,0,0,0,0,0,0,0,0,0,0,0,0,0,0,0,1002290.0,0.034021502886414146,3776.38682039197,AV.CL59SUR,CL59SUR;KR78C,4.6025243,-74.1792353,0.0,31.882137097016127,31.321057443790323,461.0,124.0,0.0
258965,10583284,-74.04621509497,4.72340103262,CL 140  - KR 19   02,2022,Octubre,30,domingo,19,40,Usaquén,Choque,Vehículo,,Solo Daños,0,0,1,0,0,0,0,0,0,0,0,0,0,0,0,0,0,0,0,0,0,0,1002021.0,0.004489991620712745,498.38906989911465,AUTONORTE,CARDIO.INFANTIL;CL146,4.7190752,-74.04501210000001,1.0,44.40588709653226,44.38791513072581,2272.0,124.0,1.0
258966,10583293,-74.05868482451,4.68034257114,AU NORTE - CL 93   02,2022,Octubre,30,domingo,1,20,Usaquén,Choque,Vehículo,,Con Heridos,0,1,0,0,0,1,0,0,0,0,0,0,0,0,0,0,0,0,0,0,0,0,1000036.0,0.002746853977631775,304.900791517127,AUTONORTE,CL82;CL80,4.6830666,-74.05833145,1.0,67.62037634403225,59.95637519185484,413.0,124.0,1.0
258967,10583294,-74.19971652927,4.62698536578,KR 91 C  - CL 71  S 02,2022,Octubre,29,sábado,18,30,Bosa,Choque,Vehículo,,Con Heridos,1,0,0,0,1,1,0,0,0,0,0,0,0,0,0,0,0,0,0,0,0,0,1002290.0,0.03190336175866093,3541.2731552113632,AV.CL59SUR,CL59SUR;KR78C,4.6025243,-74.1792353,0.0,29.917970430241933,29.470852342500002,428.0,124.0,0.0
258968,10583297,-74.15040282194,4.62051119036,KR 77  - CL 38  S 02,2022,Octubre,28,viernes,7,30,Kennedy,Choque,Vehículo,,Con Heridos,0,0,0,0,0,1,0,0,0,0,0,0,0,0,0,0,0,0,0,0,0,0,1001031.0,0.003300829391085623,366.39206241050414,KR72,CL43AS;KR69B,4.623493,-74.15181855,1.0,22.601989247258064,22.848014830645162,2373.0,124.0,1.0
258969,10583298,-74.11717561667,4.58851411634,KR 27  - CL 32  S 02,2022,Octubre,27,jueves,6,3,Antonio Nariño,Choque,Vehículo,,Con Heridos,0,0,0,0,0,1,0,0,0,0,1,0,1,0,0,1,0,0,0,0,0,0,1000667.0,0.007943378913296086,881.7150593758655,AV.P.MAYO,AV.CARACAS;KR10,4.5827155,-74.12260455,0.0,21.24514112919355,21.11336196927419,757.0,124.0,0.0
258970,10583306,-74.17203241646,4.59081757003,TV 73 J  - CL 62  S 02,2022,Octubre,29,sábado,13,30,Ciudad Bolívar,Choque,Vehículo,,Con Heridos,0,1,0,0,0,1,0,0,0,0,0,0,0,0,0,0,0,0,0,0,0,0,1001946.0,0.009216747920591958,1023.0590191857073,"AV.P.MAYO,CL26SUR",KR72;KR78K,4.5960945,-74.1644758,0.0,13.489513888583334,13.262629364833334,440.0,120.0,0.0
258971,10583308,-74.098148688,4.572328895,CL 27  S- KR 10   02,2022,Octubre,20,jueves,14,40,San Cristóbal,Atropello,,,Con Heridos,0,0,0,0,0,0,1,0,0,0,0,0,0,0,0,0,0,0,0,0,0,0,1000309.0,0.00516425127704467,573.2318917519584,KR5,CL24;CL19,4.5750037500000005,-74.09373115,0.0,11.409624999750001,11.3648068645,692.0,120.0,0.0
258972,10583310,-74.08303646033,4.59941167709,AV AVENIDA CARACAS - CL 8   02,2022,Octubre,28,viernes,20,10,Santa Fe,Atropello,,,Con Heridos,0,0,0,0,0,0,1,0,0,0,0,0,0,0,0,0,0,0,0,0,0,0,1001993.0,0.0013532550297330886,150.21130830037285,AUTONORTE,VIRREY;CL82,4.599906,-74.0842962,1.0,33.17982526903226,33.1709564375,979.0,124.0,1.0
258973,10583312,-74.15882854019,4.68644592546,CL 13  - KR 21   02,2022,Octubre,28,viernes,22,10,Fontibón,Choque,Vehículo,,Con Heridos,1,0,0,0,0,0,0,0,0,1,0,0,0,0,0,0,0,0,0,0,0,1,1000982.0,0.007830390783469313,869.1733769650938,DIAG16,KR123;KR106,4.67875865,-74.15733829999999,0.0,34.5124462366129,34.51336131153226,1166.0,124.0,0.0
258974,10583313,-74.14073031961,4.69836581961,CL 26  - KR 113   02,2022,Octubre,29,sábado,12,10,Fontibón,Choque,Vehículo,,Con Heridos,0,0,0,0,0,1,0,0,0,0,0,0,0,0,0,0,0,0,0,0,0,0,1000720.0,0.018756442576199493,2081.9651259581437,KR86,CL13C;CL19A,4.71067115,-74.12657465000001,0.0,22.882885154369745,22.853431444117646,1213.0,119.0,0.0
258975,10583314,-74.10963860934,4.62732856246,CL 9  - KR 52   02,2022,Octubre,28,viernes,7,30,Puente Aranda,Choque,Vehículo,,Con Heridos,1,0,0,0,0,1,0,0,0,0,0,0,0,0,0,0,0,0,0,0,0,0,1001934.0,0.005720136918503121,634.9351979538463,TV80A,AV.AMERICAS;KR80,4.6273108,-74.1039185,0.0,10.858749999999999,10.24206720419355,395.0,124.0,0.0
258976,10583315,-74.12668672983,4.61724952248,KR 68  - CL 9 B  S 02,2022,Octubre,27,jueves,22,3,Puente Aranda,Atropello,,,Con Heridos,0,0,0,0,0,1,1,0,0,0,0,0,0,0,0,0,0,0,0,0,0,0,1000298.0,0.004919097227733351,546.019792278402,CL6,AV:CARACAS;KR19,4.61244345,-74.12773515,1.0,22.562446236209677,22.515312948145162,589.0,124.0,1.0
258977,10583318,-74.08925918524,4.69564300984,AC 80  - AV AVENIDA BOYACA  02,2022,Octubre,28,viernes,3,30,Engativá,Atropello,,,Con Heridos,0,0,0,0,0,0,1,0,0,0,0,0,0,0,0,0,0,0,0,0,0,0,1000282.0,0.00433868773957095,481.5943390923755,CL170,KR58;AV.BOYACA,4.6924967,-74.09224664999999,1.0,36.52612500008333,33.9151054565,417.0,120.0,1.0
258978,10583319,-74.164985091,4.62525334399999,CL 42 A  S- KR 80 J  02,2022,Octubre,27,jueves,15,6,Kennedy,Atropello,,,Con Muertos,0,0,0,0,1,1,1,1,0,0,0,0,0,0,0,0,0,0,0,0,0,0,1001031.0,0.013283697260291874,1474.490395892398,KR72,CL43AS;KR69B,4.623493,-74.15181855,0.0,20.21323924733871,20.231435243951612,2405.0,124.0,0.0
258979,10583326,-74.1,4.604,AK 30  - CL 4   02,2022,Octubre,29,sábado,11,59,Engativá,Choque,Vehículo,,Con Heridos,0,0,0,0,0,1,0,0,0,0,0,0,0,0,0,0,0,0,0,0,0,0,1001948.0,0.002325400064496146,258.1194071590722,"KR50,CL13",CL5A;KR47,4.6041161,-74.0976775,1.0,16.17206178172414,14.782662356293104,371.0,116.0,1.0
258980,10583328,-74.111054622,4.63154289800002,CL 13  - KR 58   02,2022,Octubre,29,sábado,13,0,Puente Aranda,Choque,Vehículo,,Con Heridos,0,0,0,0,0,1,0,1,0,0,0,0,0,0,0,0,0,0,0,0,0,0,1000988.0,0.005499042936382338,610.3937659384395,CL80,KR76;KR71,4.628879899999999,-74.11586585,0.0,27.717194443999997,27.664687667,2334.0,120.0,0.0
258981,10583331,-74.12498620932,4.47107948594,KR 14  - CL 137 B  S 02,2022,Octubre,27,jueves,19,28,Usme,Caida de ocupante,,,Con Heridos,0,0,0,0,0,0,0,0,0,0,1,0,1,0,0,1,0,0,0,0,0,0,1001959.0,0.06478768988353178,7191.433577072028,"CL19,KR3",KR5;CL22,4.5343054,-74.1108466,0.0,10.525712365564516,10.421903993467742,534.0,124.0,0.0
258982,10583335,-74.09526733343,4.64035891759,AC 26  - KR 51   02,2022,Octubre,28,viernes,8,45,Teusaquillo,Caida de ocupante,,,Con Heridos,0,0,0,0,0,0,0,1,0,0,1,0,1,0,0,1,0,0,0,0,0,0,1002045.0,0.0014062647508654958,156.09538734607003,CL26,MODELIA;NORMANDIA,4.64007635,-74.09388975,1.0,31.816721762892563,31.73569076570248,936.0,121.0,1.0
259003,10583438,-74.11951450293,4.52053162773,DG 71 B  S- KR 14 C  02,2022,Octubre,31,lunes,21,15,Usme,Atropello,,,Con Heridos,0,0,0,0,0,1,1,0,0,0,0,0,0,0,0,0,0,0,0,0,0,0,1001959.0,0.016274192568288503,1806.4353750800237,"CL19,KR3",KR5;CL22,4.5343054,-74.1108466,0.0,11.336680107661289,11.220495336370968,529.0,124.0,0.0
259004,10583446,-74.1533639807,4.57330110009,CL 62  S- KR 44   02,2022,Octubre,30,domingo,12,50,Ciudad Bolívar,Choque,Vehículo,,Con Heridos,0,0,0,0,0,1,0,0,0,0,0,0,0,0,0,0,0,0,0,0,0,0,1000297.0,0.02244364208630129,2491.244271579443,CL1,KR21;AV.CARACAS,4.59354105,-74.14366545,0.0,18.596935028135594,18.5147298070339,756.0,118.0,0.0
259006,10583460,-74.13632122462,4.56615702027,CL 58  S- KR 19   02,2022,Octubre,31,lunes,12,50,Tunjuelito,Choque,Vehículo,,Con Heridos,0,0,0,0,1,0,0,0,0,0,1,0,0,0,0,0,0,0,0,0,0,0,1002271.0,0.019139049213525,2124.434462701275,KR72,KR1;KR4AE,4.582431,-74.12624845,0.0,19.299089635882353,19.111256793445378,504.0,119.0,0.0
259088,10582355,-74.043,4.682,KR 11  - CL 100   02,2022,Octubre,6,jueves,16,20,Usaquén,Choque,Vehículo,,Con Heridos,0,0,0,0,0,1,0,0,0,1,0,0,0,0,0,0,0,0,0,0,0,1,1000213.0,0.010596107469841527,1176.1679291524094,CL165,KR9;KR7,4.67476105,-74.0507379,0.0,15.25383064516129,15.240580068790322,610.0,124.0,0.0
259089,10582358,-74.11900891,4.70615921699999,AC 72  - KR 104   02,2022,Octubre,7,viernes,18,20,Engativá,Atropello,,,Con Heridos,0,0,0,0,0,1,1,1,0,0,0,0,0,0,0,0,0,0,0,0,0,0,1000722.0,0.007842154752511678,870.4791775287963,KR86,CL10;CL13C,4.6984233,-74.11772245,0.0,31.660268817016128,31.553569076209676,1507.0,124.0,0.0
259090,10582359,-74.179,4.597,AU SUR - KR 76   02,2022,Octubre,6,jueves,11,0,Bosa,Caida de ocupante,,,Con Heridos,0,0,0,0,1,0,0,0,0,0,1,0,1,1,0,0,0,0,1,0,0,0,1002290.0,0.005529308870011968,613.7532845713284,AV.CL59SUR,CL59SUR;KR78C,4.6025243,-74.1792353,0.0,29.884294872136753,29.630863485470083,460.0,117.0,0.0
259091,10582363,-74.107,4.509,CL 81  - KR 4 BIS  02,2022,Octubre,8,sábado,9,25,Usme,Atropello,,,Con Muertos,0,0,0,0,0,0,1,1,0,0,0,0,0,0,0,0,0,0,0,0,0,0,1001959.0,0.025596085652302508,2841.1655074055784,"CL19,KR3",KR5;CL22,4.5343054,-74.1108466,0.0,11.378013889250001,11.289475661500001,553.0,120.0,0.0
259092,10582371,-74.087,4.547,KR 11  E- CL 41  S 02,2022,Octubre,7,viernes,6,33,San Cristóbal,Atropello,,,Con Heridos,0,0,0,0,1,1,1,0,0,0,0,0,0,0,0,0,0,0,0,0,0,0,1001959.0,0.02701505507527119,2998.671113355102,"CL19,KR3",KR5;CL22,4.5343054,-74.1108466,0.0,12.654462365967742,12.516509380241935,602.0,124.0,0.0
259093,10582384,-74.147,4.546,KR 18 I  - CL 70 G  S 02,2022,Octubre,7,viernes,0,50,Ciudad Bolívar,Atropello,,,Con Heridos,0,0,0,0,0,1,1,0,0,0,0,0,0,0,0,0,0,0,0,0,0,0,1001959.0,0.03799778941886296,4217.754625493789,"CL19,KR3",KR5;CL22,4.5343054,-74.1108466,0.0,13.298037634435484,12.33996092548387,431.0,124.0,0.0
259094,10582402,-74.162,4.603,AV AVENIDA CIUDAD DE VILLAVICENCIO - KR 54 B  S 02,2022,Octubre,8,sábado,7,50,Bosa,Atropello,,,Con Heridos,0,0,0,0,0,1,1,1,0,0,0,0,0,0,0,0,0,0,0,0,0,0,1001946.0,0.007335905935192099,814.285558806323,"AV.P.MAYO,CL26SUR",KR72;KR78K,4.5960945,-74.1644758,0.0,16.606895161370968,16.18022414233871,464.0,124.0,0.0
259095,10582408,-74.085,4.623,KR 30  - CL 23   02,2022,Octubre,8,sábado,20,6,Los Mártires,Choque,Vehículo,,Con Heridos,0,0,0,0,0,0,0,0,0,0,0,0,0,0,0,0,0,0,0,0,0,0,1001981.0,0.002372651034181773,263.3642647941768,NQS,CAD;CL18,4.6206293,-74.08509620000001,1.0,38.55733695652174,37.090843821195655,1457.0,92.0,1.0
259096,10582852,-74.099,4.739,KR 104  - CL 135 A  02,2022,Octubre,18,martes,19,0,Suba,Atropello,,,Con Heridos,0,0,0,0,0,1,1,0,0,0,0,0,0,0,0,0,0,0,0,0,0,0,1000951.0,0.0026692612086493886,296.2879941600821,AV.SUBA,CL127;HUMEDAL.CORDOBA,4.7388854,-74.1016668,1.0,35.17461021540322,34.981318113951616,1026.0,124.0,1.0
259097,10582901,-74.097,4.609,CL 8  - KR 31   02,2022,Octubre,19,miércoles,13,20,Puente Aranda,Choque,Vehículo,,Solo Daños,0,1,0,0,0,0,0,1,0,0,0,0,0,0,0,0,0,0,0,0,0,0,1001964.0,0.0012039231287689393,133.63546729335226,CL26,KR40;GOBERNACION,4.608241700000001,-74.0960649,1.0,38.49744444458334,38.585574807583335,2393.0,120.0,1.0
259098,10582907,-74.129106317,4.618128657,CL 8  S- KR 68 F  S 02,2022,Octubre,5,miércoles,12,23,Kennedy,Choque,Vehículo,,Solo Daños,0,0,0,0,0,0,0,0,0,1,0,0,0,0,0,0,0,0,0,0,0,1,1000298.0,0.005848220034737436,649.1524238558554,CL6,AV:CARACAS;KR19,4.61244345,-74.12773515,0.0,13.054138418305085,13.00971884118644,787.0,118.0,0.0
259099,10582909,-74.079,4.617,KR 19 A  - CL 23   02,2022,Octubre,20,jueves,9,57,Los Mártires,Choque,Vehículo,,Solo Daños,0,0,0,0,0,1,0,0,0,0,0,0,0,0,0,0,0,0,0,0,0,0,1000965.0,0.0023334968920035843,259.01815501239787,CL26,KR22;KR33,4.61473565,-74.07843615,1.0,21.21838888875,21.059812632,558.0,120.0,1.0
259100,10582912,-74.103207496,4.73242152199998,CL 129 D  - KR 106   02,2022,Octubre,19,miércoles,8,20,Suba,Choque,Vehículo,,Solo Daños,0,1,0,0,0,0,0,0,0,0,1,0,1,0,0,1,0,0,0,0,0,0,1000232.0,0.004043603830686079,448.84002520615473,CL127,KR51A;KR19,4.7285231,-74.1021337,1.0,16.399944904214877,16.36871298429752,762.0,121.0,1.0
259101,10582913,-74.111,4.752,KR 136 A  - CL 144   02,2022,Octubre,20,jueves,19,28,Suba,Atropello,,,Con Heridos,0,0,0,0,0,0,1,0,0,0,1,0,1,0,1,0,0,0,0,0,0,0,1000951.0,0.016096625590477046,1786.7254405429521,AV.SUBA,CL127;HUMEDAL.CORDOBA,4.7388854,-74.1016668,0.0,35.17461021540322,34.981318113951616,1026.0,124.0,0.0
259102,10582915,-74.064,4.646,KR 13  - CL 59   02,2022,Octubre,20,jueves,12,33,Chapinero,Atropello,,,Con Muertos,0,0,0,0,0,1,1,0,0,0,0,0,0,0,0,0,0,0,0,0,0,0,1002025.0,0.004736732372115157,525.7772933047825,AUTONORTE,SANTA.FE;TOBERIN,4.64911745,-74.06756625,1.0,26.1446468929661,26.2089065779661,494.0,118.0,1.0
259103,10582917,-74.103,4.566,KR 10  - CL 35  S 02,2022,Octubre,20,jueves,5,45,San Cristóbal,Choque,Vehículo,,Con Heridos,1,0,0,0,0,0,0,1,0,0,0,0,0,0,0,0,0,0,0,0,0,0,1000309.0,0.012922039095474616,1434.3463395976823,KR5,CL24;CL19,4.5750037500000005,-74.09373115,0.0,18.071922043064518,17.463803571048388,459.0,124.0,0.0
259104,10582918,-74.121,4.558,CL 50 A  - KR 9   02,2022,Octubre,20,jueves,4,45,Rafael Uribe Uribe,Atropello,,,Con Heridos,0,0,0,0,0,0,1,0,0,1,0,0,0,0,0,0,0,0,0,0,0,1,1000325.0,0.01764143041266998,1958.1987758063678,AV.CARACAS,AV.PRIMERO_MAYO;CL11SUR,4.57490245,-74.11594754999999,0.0,27.738091397983872,27.499247311935484,370.0,124.0,0.0
259105,10582787,-74.16,4.64,KR 87  - CL 5   02,2022,Octubre,15,sábado,19,0,Kennedy,Atropello,,,Con Heridos,0,1,0,0,0,1,1,0,0,0,0,0,0,0,0,0,0,0,0,0,0,0,1001033.0,0.01525906672973396,1693.7564070004696,CL72,KR76;KR70,4.6540506,-74.15404855,0.0,25.018514785,24.881645897258064,520.0,124.0,0.0
259106,10582792,-74.155,4.642,KR 86  - CL 6 A  02,2022,Octubre,16,domingo,6,40,Fontibón,Choque,Vehículo,,Con Heridos,1,0,0,0,0,1,0,0,0,0,0,0,0,0,0,0,0,0,0,0,0,0,1001033.0,0.012088102310225904,1341.7793564350754,CL72,KR76;KR70,4.6540506,-74.15404855,0.0,23.79184139766129,23.193590750887097,755.0,124.0,0.0
259107,10582793,-74.054,4.712,KR 145 A  - CL 128   02,2022,Octubre,15,sábado,16,0,Suba,Atropello,,,Con Heridos,0,0,0,0,1,1,1,0,0,0,0,0,0,0,0,0,0,0,0,0,0,0,1001952.0,0.006904875093911827,766.4411354242128,KR15,CL106;CL100,4.71847495,-74.0516016,0.0,14.197083333548388,13.94278726798387,486.0,124.0,0.0
259108,10582795,-74.127744947,4.61270674100001,KR 68  - CL 19  S 02,2022,Octubre,16,domingo,14,10,Puente Aranda,Volcamiento,,,Con Heridos,0,0,0,1,0,1,0,0,0,0,0,0,0,0,0,0,0,0,0,0,0,0,1000298.0,0.0002634732090653253,29.245526206251107,CL6,AV:CARACAS;KR19,4.61244345,-74.12773515,1.0,13.018486111,12.973844093166667,935.0,120.0,1.0
259133,10582026,-74.084,4.624,KR 30  - CL 33   02,2022,Octubre,3,lunes,9,0,Teusaquillo,Choque,Vehículo,,Con Heridos,0,0,0,0,0,0,0,1,0,0,1,0,1,1,0,0,0,0,1,0,0,0,1001981.0,0.0035444707545713035,393.4362537574147,NQS,CAD;CL18,4.6206293,-74.08509620000001,1.0,42.15102777808333,42.02926222916667,1304.0,120.0,1.0
259134,10582267,-74.07,4.638,KR 17  - CL 50   02,2022,Octubre,5,miércoles,0,2,Barrios Unidos,Choque,Vehículo,,Con Heridos,0,0,0,0,0,1,0,0,0,0,0,0,0,0,0,0,0,0,0,0,0,0,1000010.0,0.005938752735427961,659.2015536325036,KR7,CL112;CL116,4.63540275,-74.0753407,0.0,41.98155914008065,41.47976819475806,1711.0,124.0,0.0
259135,10582285,-74.15329960768,4.64342532035,AV AVENIDA CIUDAD DE CALI - CL 6 D  02,2022,Octubre,6,jueves,14,50,Kennedy,Choque,Vehículo,,Con Muertos,0,1,0,0,0,1,0,0,0,0,0,0,0,0,0,0,0,0,0,0,0,0,1001033.0,0.010651642232039972,1182.332287756437,CL72,KR76;KR70,4.6540506,-74.15404855,0.0,19.357597222333332,19.08375859783333,549.0,120.0,0.0
259136,10582341,-74.2143428066,4.6142340574,TV 80 I  - CL 92 A G S 02,2022,Octubre,7,viernes,12,10,Bosa,Choque,Vehículo,,Con Muertos,0,0,0,0,0,1,0,0,0,0,1,0,1,0,0,1,0,0,0,0,0,0,1002290.0,0.037008856210856526,4107.983039405074,AV.CL59SUR,CL59SUR;KR78C,4.6025243,-74.1792353,0.0,31.088474576440678,30.168115516610168,454.0,118.0,0.0
259218,10582088,-74.084,4.69,CL 80  - KR 69 Q  02,2022,Octubre,1,sábado,15,5,Engativá,Caida de ocupante,,,Con Heridos,0,0,0,0,0,0,0,1,0,0,1,0,1,1,0,0,0,0,1,0,0,0,1002274.0,0.005327480245378731,591.3503072370391,CL153,KR56;KR54,4.68764205,-74.08877724999999,0.0,24.822298386774193,24.506853942419358,526.0,124.0,0.0
259219,10582089,-74.058,4.682,AU NORTE - CL 94   02,2022,Octubre,1,sábado,6,0,Chapinero,Choque,Vehículo,,Con Heridos,0,0,0,0,0,1,0,0,0,0,0,0,0,0,0,0,0,0,0,0,0,0,1000036.0,0.0011169130057855363,123.97734364219453,AUTONORTE,CL82;CL80,4.6830666,-74.05833145,1.0,28.703877687983873,28.272429796532258,599.0,124.0,1.0
259220,10582099,-74.121,4.574,CL 46  S- KR 13 L  02,2022,Octubre,1,sábado,12,50,Rafael Uribe Uribe,Atropello,,,Con Heridos,0,0,0,0,1,0,1,1,0,0,0,0,0,0,0,0,0,0,0,0,0,0,1000325.0,0.005132413370440891,569.6978841189389,AV.CARACAS,AV.PRIMERO_MAYO;CL11SUR,4.57490245,-74.11594754999999,0.0,19.703135593220342,19.53956214686441,350.0,118.0,0.0
259221,10582107,-74.112,4.542,KR 3  - DG 52 A  02,2022,Octubre,1,sábado,13,0,Rafael Uribe Uribe,Choque,Vehículo,,Con Heridos,0,0,0,0,0,1,0,0,0,0,1,0,1,0,0,1,0,0,0,0,0,0,1001959.0,0.007780565578412635,863.6427792038025,"CL19,KR3",KR5;CL22,4.5343054,-74.1108466,0.0,10.844138888666667,10.567305297083333,502.0,120.0,0.0
259222,10582109,-74.139,4.636,KR 72 B  - CL 7 C BIS  02,2022,Octubre,2,domingo,9,50,Kennedy,Choque,Vehículo,,Con Heridos,0,0,0,0,1,0,0,0,0,1,0,0,0,0,0,0,0,0,0,0,0,1,1001247.0,0.007816112498703648,867.5884873561049,KR72,CL66A;CL75,4.63816495,-74.1314897,0.0,30.681791667000002,30.720413579333336,2504.0,120.0,0.0
259223,10582110,-74.043966075,4.76260129799999,KR 45  - CL 187   02,2022,Octubre,1,sábado,8,30,Usaquén,Caida de ocupante,,,Con Heridos,0,0,0,0,0,0,0,1,0,0,1,0,1,0,0,1,0,0,0,0,0,0,1000222.0,0.006316162001089111,701.0939821208913,CL147,KR19;KR15,4.7597534,-74.04960375,0.0,16.00422865,15.438598997355372,507.0,121.0,0.0
259224,10582118,-74.113,4.71,CL 80  - KR 100   02,2022,Octubre,1,sábado,12,40,Engativá,Choque,Vehículo,,Solo Daños,0,1,0,0,0,0,0,0,0,1,0,0,0,0,0,0,0,0,0,0,0,1,1000722.0,0.012502860348437292,1387.8174986765393,KR86,CL10;CL13C,4.6984233,-74.11772245,0.0,23.099215686386554,22.68847495655462,1617.0,119.0,0.0
259225,10582119,-74.086,4.678,KR 68 B  - CL 72   02,2022,Octubre,1,sábado,15,30,Engativá,Choque,Vehículo,,Solo Daños,0,0,0,0,0,0,0,0,0,0,1,0,1,0,0,1,0,0,0,0,0,0,1000655.0,0.001510786697385022,167.69732340973744,AV.CIRCUNVALAR,CL83;CL72,4.67771235,-74.08451685,1.0,36.58885752629032,36.142754522580645,795.0,124.0,1.0
259226,10582123,-74.072,4.611,KR 10  - CL 24   02,2022,Octubre,2,domingo,1,36,Santa Fe,Choque,Vehículo,,Solo Daños,0,0,0,0,0,0,0,0,0,1,0,0,0,0,0,0,0,0,0,0,1,1,1000208.0,0.0022958618305494983,254.84066319099432,KR7,CL63;CL72,4.609056150000001,-74.07322165,1.0,30.88508064532258,30.709959942983872,1123.0,124.0,1.0
259227,10582126,-74.098,4.607,KR 30  - CL 6   02,2022,Octubre,1,sábado,12,0,Los Mártires,Choque,Vehículo,,Solo Daños,0,0,1,0,0,1,0,0,0,0,0,0,0,0,0,0,0,0,0,0,0,0,1001001.0,0.0010348374679144982,114.8669589385093,CL24,KR40;AV.AMERICAS,4.60802425,-74.09814765,1.0,13.677697740000001,13.538446327627119,353.0,118.0,1.0
259228,10582129,-74.182,4.602,CL 65  S- KR 78 C  02,2022,Octubre,1,sábado,13,0,Bosa,Choque,Vehículo,,Solo Daños,0,0,0,0,0,1,0,0,0,0,1,0,0,0,0,0,0,0,0,0,0,0,1002290.0,0.002813975227325291,312.35125023310735,AV.CL59SUR,CL59SUR;KR78C,4.6025243,-74.1792353,1.0,32.163736110583336,31.624106844999996,485.0,120.0,1.0
259230,10582289,-74.0929928385,4.6972975427,CL 80  - KR 75   57,2022,Octubre,5,miércoles,18,30,Engativá,Caida de ocupante,,,Con Heridos,0,0,0,0,0,0,0,0,0,0,1,0,1,1,0,0,0,0,0,1,0,0,1000282.0,0.004858486174486728,539.2919653680268,CL170,KR58;AV.BOYACA,4.6924967,-74.09224664999999,1.0,22.48363143634146,22.22289423487805,1116.0,123.0,1.0
259275,10583520,-74.11969656919,4.71763766262,KR 111 A  - CL 79   02,2022,Octubre,29,sábado,10,55,Engativá,Choque,Vehículo,,Solo Daños,0,0,0,0,0,0,0,0,0,0,0,0,0,0,0,0,0,0,0,0,0,0,1000720.0,0.009789805601423774,1086.668421758039,KR86,CL13C;CL19A,4.71067115,-74.12657465000001,0.0,23.483166666499997,23.252493536249997,1076.0,120.0,0.0
259292,10583336,-74.09990755503,4.75464886364,CL 151 C  - KR 114   02,2022,Octubre,27,jueves,16,12,Suba,Atropello,,,Con Heridos,0,0,0,0,0,1,1,0,0,0,0,0,0,0,0,0,0,0,0,0,0,0,1001707.0,0.013133555208365465,1457.8246281285667,AV.SUBA,CL136;CL127,4.7425033,-74.09491,0.0,33.50306451604839,33.513044550483876,837.0,124.0,0.0
259293,10583337,-74.1098870529,4.51235605025,CL 76 A  S- KR 8   02,2022,Octubre,30,domingo,18,18,Usme,Choque,Objeto Fijo,Vehiculo Estacionado,Con Heridos,1,0,0,0,0,0,0,0,0,0,0,0,0,0,0,0,0,0,0,0,0,0,1001959.0,0.021970313722951888,2438.7048232476595,"CL19,KR3",KR5;CL22,4.5343054,-74.1108466,0.0,9.422876344112904,9.353587103870968,511.0,124.0,0.0
259294,10583338,-74.09375456755,4.62361243443,TV 42  - DG 34 A  S 02,2022,Octubre,28,viernes,9,27,Puente Aranda,Atropello,,,Con Heridos,1,0,0,0,0,0,1,1,0,0,0,0,0,0,0,0,0,0,0,0,0,0,1000938.0,0.004074015259129579,452.2156937633833,CL24,AV.AMERICAS;KR40,4.62150645,-74.0902671,1.0,13.914569444833335,13.858851883166666,816.0,120.0,1.0
259295,10583343,-74.073251663,4.66178490499999,KR 28 A  - CL 68   02,2022,Octubre,27,jueves,12,10,Barrios Unidos,Choque,Vehículo,,Con Heridos,0,1,0,0,0,1,0,1,0,0,0,0,0,0,0,0,0,0,0,0,0,0,1000095.0,0.007436229579348628,825.4214833076977,KR7,CL153;CL162,4.6587847,-74.0800558,0.0,36.51868644059322,36.363431669237286,3005.0,118.0,0.0
259296,10583346,-74.13229254668,4.65522296005,CL 17  - KR 80   02,2022,Octubre,27,jueves,12,30,Fontibón,Choque,Vehículo,,Con Heridos,1,1,0,0,0,0,0,0,0,0,0,0,0,0,0,0,0,0,0,0,0,0,1000650.0,0.007157770837211975,794.5125629305293,KR72,CL127;CL134,4.6623088,-74.13330475000001,0.0,23.34631355940678,23.168597043220338,1448.0,118.0,0.0
259297,10583372,-74.14378313009,4.56705003414,CL 61  S- KR 22   02,2022,Octubre,28,viernes,7,46,Ciudad Bolívar,Caida de ocupante,,,Con Heridos,0,0,0,0,0,0,0,0,0,0,1,0,1,0,0,1,0,0,0,0,0,0,1002271.0,0.023324646120464903,2589.035719371604,KR72,KR1;KR4AE,4.582431,-74.12624845,0.0,20.934946236774195,21.070680172580644,637.0,124.0,0.0
259298,10583373,-74.116276459,4.51510688899998,KR 14  - CL 74 C  S 02,2022,Octubre,26,miércoles,14,40,Usme,Caida de ocupante,,,Con Heridos,0,0,0,0,1,0,0,0,0,0,1,0,1,0,0,1,0,0,0,0,0,0,1001959.0,0.019951596261397638,2214.627185015138,"CL19,KR3",KR5;CL22,4.5343054,-74.1108466,0.0,10.829791666583333,10.617470256083333,546.0,120.0,0.0
259299,10583378,-74.066073635,4.64643939199999,KR 14 A  - CL 59   02,2022,Octubre,31,lunes,22,40,Teusaquillo,Choque,Objeto Fijo,Vehiculo Estacionado,Con Heridos,0,0,1,0,0,1,1,0,0,0,0,0,0,0,0,0,0,0,0,0,0,0,1002025.0,0.003065924687538209,340.3176403167412,AUTONORTE,SANTA.FE;TOBERIN,4.64911745,-74.06756625,1.0,21.929771505725807,21.757797939112905,467.0,124.0,1.0
259300,10583379,-74.19062522833,4.6031011962,DG 69 B  S- KR 78 L  02,2022,Octubre,29,sábado,3,0,Bosa,Atropello,,,Con Heridos,0,0,0,0,0,1,1,0,0,0,0,0,0,0,0,0,0,0,0,0,0,0,1002290.0,0.011404528775368537,1265.9026940659076,AV.CL59SUR,CL59SUR;KR78C,4.6025243,-74.1792353,0.0,28.577432795564516,28.286371674274193,608.0,124.0,0.0
259301,10583384,-74.04088286345,4.6811433873,KR 9  - CL 100   02,2022,Octubre,31,lunes,19,10,Chapinero,Choque,Vehículo,,Con Heridos,0,0,0,0,0,1,0,0,0,0,0,0,0,0,0,0,0,0,0,0,0,0,1000213.0,0.011741208405140886,1303.2741329706382,CL165,KR9;KR7,4.67476105,-74.0507379,0.0,16.062009408387095,16.089347908870966,599.0,124.0,0.0
259302,10583385,-74.19837004535,4.63389514438,CL 63  S- KR 97 B  02,2022,Octubre,30,domingo,16,50,Bosa,Caida de ocupante,,,Con Heridos,0,0,0,0,0,0,0,1,0,0,1,0,1,0,0,1,0,0,0,0,0,0,1000981.0,0.026938134933173905,2990.1329775823033,DIAG16,KR90;KR97,4.6495069,-74.176417,0.0,32.567352150403224,32.17212198629032,1859.0,124.0,0.0
259412,10582796,-74.093,4.603,KR 24  - CL 6   02,2022,Octubre,17,lunes,1,10,Los Mártires,Choque,Vehículo,,Con Heridos,0,0,0,0,0,1,0,0,0,0,0,0,0,0,0,0,0,0,0,0,0,0,1000058.0,0.00229478409658884,254.72103472136124,KR11,CL100;CL106,4.6028211,-74.0952878,1.0,35.03998655903226,28.59288210435484,391.0,124.0,1.0
259413,10582802,-74.154,4.666,DG 15 A  - KR 99   02,2022,Octubre,15,sábado,12,40,Fontibón,Choque,Vehículo,,Con Heridos,1,0,0,0,0,0,0,0,0,1,0,0,0,0,0,0,0,0,0,0,0,1,1000709.0,0.0023415862363962256,259.916072239981,TV86,KR91;CL90,4.668118,-74.15300145,1.0,26.31593220305085,26.150763311694917,1658.0,118.0,1.0
259414,10582804,-74.142,4.593,KR 54  - DG 47 A  S 02,2022,Octubre,15,sábado,22,45,Tunjuelito,Choque,Vehículo,,Con Heridos,0,0,0,0,0,1,0,0,0,0,0,0,0,0,0,0,0,0,0,0,0,0,1000297.0,0.0017511307218521569,194.37551012558941,CL1,KR21;AV.CARACAS,4.59354105,-74.14366545,1.0,29.111344085887097,28.59977035314516,468.0,124.0,1.0
259415,10582805,-74.162,4.595,AC 70 C  - KR 57 R  S 02,2022,Octubre,15,sábado,13,25,Ciudad Bolívar,Choque,Vehículo,,Con Heridos,0,0,0,0,0,1,0,0,0,0,0,0,0,0,0,0,0,0,0,0,0,0,1001946.0,0.002706938471778994,300.4701703674683,"AV.P.MAYO,CL26SUR",KR72;KR78K,4.5960945,-74.1644758,1.0,13.489513888583334,13.262629364833334,440.0,120.0,1.0
259416,10582814,-74.116,4.569,CL 42  S- KR 12 D  02,2022,Octubre,14,viernes,15,40,Rafael Uribe Uribe,Atropello,,,Con Heridos,0,0,0,0,0,1,1,1,0,0,0,0,0,0,0,0,0,0,0,0,0,0,1000325.0,0.005902683034434319,655.1978168222093,AV.CARACAS,AV.PRIMERO_MAYO;CL11SUR,4.57490245,-74.11594754999999,0.0,21.12051490504065,20.876978319674798,366.0,123.0,0.0
259417,10582816,-74.13,4.646,AV AVENIDA BOYACA - KR 12 BIS  02,2022,Octubre,16,domingo,11,30,Kennedy,Choque,Vehículo,,Con Heridos,0,0,0,0,0,1,0,0,0,1,0,0,0,0,0,0,0,0,0,0,0,1,1000994.0,0.0028736139480590897,318.97114823455894,CL80,KR96;KR89A,4.645728399999999,-74.13286074999999,1.0,22.29461206913793,22.134378851724136,1294.0,116.0,1.0
259418,10582817,-74.115,4.581,CL 32  S- KR 25   02,2022,Octubre,14,viernes,16,10,Rafael Uribe Uribe,Choque,Vehículo,,Con Heridos,0,0,0,0,0,1,0,0,0,0,0,0,0,0,0,0,0,0,0,0,0,0,1001976.0,0.005303275043311003,588.6635298075213,NQS,KR24;CL100,4.57921725,-74.11999465,0.0,35.52737499991667,35.258815274583334,621.0,120.0,0.0
259419,10582821,-74.085,4.571,KR 5  E- CL 19   02,2022,Octubre,16,domingo,0,5,Santa Fe,Choque,,,Con Heridos,0,0,0,0,0,1,0,0,0,0,0,0,0,0,0,0,0,0,0,0,0,0,1000308.0,0.00443941140975956,492.7746664833112,KR5,CL27;CL24,4.57422605,-74.08804975000001,1.0,29.739045699112904,26.285986751209677,408.0,124.0,1.0
259420,10582822,-74.065,4.627,KR 7  - CL 40 A  02,2022,Octubre,16,domingo,23,45,Chapinero,Choque,Vehículo,,Con Heridos,0,0,0,0,0,1,0,1,0,0,0,0,0,0,0,0,0,0,0,0,0,0,1000684.0,0.00694375400720106,770.7566947993176,KR27,CL13;CL6,4.62647265,-74.0719237,0.0,18.915309139919355,17.387065860564515,390.0,124.0,0.0
259421,10582824,-74.064,4.681,CL 93  - KR 49 D  02,2022,Octubre,14,viernes,13,40,Barrios Unidos,Atropello,,,Con Heridos,0,0,0,0,0,1,1,0,0,0,0,0,0,0,0,0,0,0,0,0,0,0,1000225.0,0.002275977202219111,252.63346944632133,K15,CL147;CL134,4.68034155,-74.06617865,1.0,15.59008333325,13.28050833325,381.0,120.0,1.0
259422,10582853,-74.043,4.75,CL 170  - KR 20   02,2022,Octubre,18,martes,19,55,Usaquén,Atropello,,,Con Heridos,0,0,0,0,0,0,1,0,0,0,0,0,0,0,0,0,0,0,0,0,0,0,1000222.0,0.011778723429236972,1307.4383006453038,CL147,KR19;KR15,4.7597534,-74.04960375,0.0,12.267956989354838,12.256297427419353,514.0,124.0,0.0
259423,10582857,-74.126,4.566,AV AVENIDA CARACAS - CL 50 B  S 02,2022,Octubre,17,lunes,17,20,Rafael Uribe Uribe,Otro,,,Con Heridos,0,0,0,0,0,0,0,0,0,0,1,0,1,1,0,0,0,1,0,0,0,0,1000325.0,0.01342778339880983,1490.4839572678911,AV.CARACAS,AV.PRIMERO_MAYO;CL11SUR,4.57490245,-74.11594754999999,0.0,21.331532257903223,21.22016129016129,372.0,124.0,0.0
259424,10582860,-74.142,4.603,KR 68 I  - CL 39 H  S 02,2022,Octubre,17,lunes,19,40,Kennedy,Atropello,,,Con Heridos,0,0,0,0,1,0,1,0,0,1,0,0,0,0,0,0,0,0,0,0,0,1,1000291.0,0.001135791664439831,126.07287475282124,AV.CARACAS,CL6;CL13,4.60253905,-74.14096194999999,1.0,18.305799731209678,18.29359877370968,548.0,124.0,1.0
259425,10582862,-74.029,4.702,KR 7  - CL 127   02,2022,Octubre,17,lunes,20,30,Usaquén,Caida de ocupante,,,Con Heridos,0,0,0,0,0,0,0,1,0,0,1,0,1,0,0,1,0,0,0,0,0,0,1000184.0,0.002896591618610743,321.52166966579244,KR15,CL94;CL100,4.704458949999999,-74.03053095,1.0,25.07397849483871,24.984302932338707,1046.0,124.0,1.0
259426,10582863,-74.107,4.665,KR 70  - CL 49   02,2022,Octubre,18,martes,18,30,Engativá,Choque,Vehículo,,Con Heridos,1,0,0,0,0,0,0,1,0,0,0,0,0,0,0,0,0,0,0,0,0,0,1002275.0,0.003861519143096276,428.62862488368665,CL153,KR54;KR56,4.6682687000000005,-74.10494405,1.0,10.656572580887097,9.990456989596774,372.0,124.0,1.0
259427,10582870,-74.165,4.576,KR 72 A  - CL 54 C  S 02,2022,Octubre,18,martes,11,30,Bosa,Atropello,,,Con Heridos,0,0,0,0,1,1,1,0,0,0,0,0,0,0,0,0,0,0,0,0,0,0,1001946.0,0.020101336171758157,2231.2483150651556,"AV.P.MAYO,CL26SUR",KR72;KR78K,4.5960945,-74.1644758,0.0,13.672471264051724,13.41104412939655,436.0,116.0,0.0
259428,10582873,-74.13,4.703,KR 110 BIS - CL 64 B  02,2022,Octubre,18,martes,16,25,Engativá,Caida de ocupante,,,Con Heridos,0,0,0,0,0,0,0,0,0,0,1,0,1,0,0,1,0,0,0,0,0,0,1000720.0,0.008401164499335527,932.5292594262435,KR86,CL13C;CL19A,4.71067115,-74.12657465000001,0.0,25.420819892500003,25.241292102258065,1154.0,124.0,0.0
259429,10582885,-74.129,4.658,CL 19 A  - KR 79   02,2022,Octubre,18,martes,11,40,Fontibón,Choque,Vehículo,,Con Heridos,0,0,0,0,0,1,0,0,0,0,0,0,0,0,0,0,0,0,0,0,0,0,1000650.0,0.006090700288351149,676.0677320069775,KR72,CL127;CL134,4.6623088,-74.13330475000001,0.0,23.710633903247864,23.74017203393162,1422.0,117.0,0.0
259430,10582890,-74.166,4.58,KR 73 C  - CL 62 Q  02,2022,Octubre,18,martes,16,10,Rafael Uribe Uribe,Choque,Vehículo,,Con Heridos,0,0,0,0,0,1,0,0,0,0,0,0,0,0,0,0,0,0,0,0,0,0,1001946.0,0.016166512174553463,1794.4828513754344,"AV.P.MAYO,CL26SUR",KR72;KR78K,4.5960945,-74.1644758,0.0,13.667970430080645,13.61418476532258,531.0,124.0,0.0
259431,10582910,-74.06,4.636,CL 51  - KR 3   02,2022,Octubre,21,viernes,1,46,Chapinero,Choque,Vehículo,,Solo Daños,0,0,0,0,0,1,0,0,0,0,0,0,0,0,0,0,0,0,0,0,0,0,1000007.0,0.0009424133501233244,104.60788186368902,KR7,CL121;CL116,4.635579,-74.06084315,1.0,36.72852150508064,35.97574290459677,901.0,124.0,1.0
259432,10582911,-74.112,4.692,CL 68  - KR 90   02,2022,Octubre,20,jueves,8,28,San Cristóbal,Choque,Vehículo,,Solo Daños,0,0,0,0,0,1,0,0,0,0,0,0,0,0,0,0,0,0,0,0,0,0,1001720.0,0.004861503294241078,539.6268656607597,KR86,CL75BIS;CL85,4.6942582,-74.1076948,1.0,26.06490358157025,25.835611514628102,622.0,121.0,1.0
259433,10582914,-74.174,4.615,KR 80  - CL 54  S 02,2022,Octubre,21,viernes,0,50,Kennedy,Atropello,,,Con Muertos,0,0,1,0,0,1,1,0,0,1,0,0,0,0,0,0,0,0,0,0,0,1,1002290.0,0.013529651014714397,1501.791262633298,AV.CL59SUR,CL59SUR;KR78C,4.6025243,-74.1792353,0.0,29.879663978709676,29.672961592903224,602.0,124.0,0.0
259434,10582927,-74.109,4.617,TV 42  - CL 4 D  02,2022,Octubre,19,miércoles,17,30,Puente Aranda,Atropello,,,Con Muertos,0,0,0,0,0,1,1,1,0,0,0,0,0,0,0,0,0,0,0,0,0,0,1001927.0,0.002660953837430579,295.36587595479426,TV42,CL2C;CL6,4.61554995,-74.10676885000001,1.0,27.093198925,27.24309741298387,1008.0,124.0,1.0
259477,10582471,-74.147,4.649,KR 86  - CL 10   02,2022,Octubre,9,domingo,1,5,Kennedy,Choque,Vehículo,,Solo Daños,0,0,0,0,0,0,0,0,0,0,0,0,0,0,0,0,0,0,0,0,0,0,1001019.0,0.007507581442286126,833.34154009376,KR72,CL75;CL66A,4.65133785,-74.1398657,0.0,43.31500000016129,43.003555294758065,1153.0,124.0,0.0
259478,10582487,-74.085,4.597,KR 14  - CL 6   02,2022,Octubre,9,domingo,11,50,Candelaria,Caida de ocupante,,,Con Heridos,0,0,0,0,0,0,0,0,0,0,1,0,1,1,0,0,0,1,0,0,0,0,1000219.0,0.0022379528368571358,248.41276489114207,CL34,KR7;KR5,4.5992053,-74.08538089999999,1.0,21.606688034188036,21.361202376239316,522.0,117.0,1.0
259479,10582495,-74.099872029,4.59074818599998,CL 11  S- KR 24 A  02,2022,Octubre,8,sábado,13,59,Antonio Nariño,Choque,Vehículo,,Solo Daños,0,0,0,0,0,0,0,0,0,0,0,0,0,0,0,0,0,0,0,0,0,0,1000257.0,0.0013221274553857616,146.75614754781955,CL26,AV.CARACAS;KR32,4.58994465,-74.0988221,1.0,20.889757835042733,20.7231623934188,351.0,117.0,1.0
259480,10582496,-74.19,4.604,DG 69 B  S- KR 78 L  02,2022,Octubre,10,lunes,22,31,Bosa,Choque,Vehículo,,Con Heridos,0,0,0,0,0,1,0,0,0,0,0,0,0,0,0,0,0,0,0,0,0,0,1002290.0,0.010865378805173301,1206.0570473742364,AV.CL59SUR,CL59SUR;KR78C,4.6025243,-74.1792353,0.0,27.36768817233871,27.490375409919356,562.0,124.0,0.0
259482,10582504,-74.102,4.497,KR 7  E- CL 91  S 02,2022,Octubre,9,domingo,19,30,Usme,Atropello,,,Con Heridos,0,0,0,0,0,1,1,1,0,0,0,0,0,0,0,0,0,0,0,0,0,0,1001959.0,0.03833999479290498,4255.739422012452,"CL19,KR3",KR5;CL22,4.5343054,-74.1108466,0.0,10.525712365564516,10.421903993467742,534.0,124.0,0.0
259483,10582568,-74.108,4.659,CL 26  - KR 69 B  02,2022,Octubre,11,martes,7,59,Fontibón,Choque,Vehículo,,Con Heridos,0,0,0,0,0,1,0,1,0,0,0,0,0,0,0,0,0,0,0,0,0,0,1000196.0,0.0006485951452958104,71.99406112783495,CL134,KR7;KR9,4.6586908000000005,-74.10742985,1.0,24.87008064532258,24.135831989193548,445.0,124.0,1.0
259484,10582570,-74.049,4.663,KR 7  E- AC 82   02,2022,Octubre,11,martes,22,15,Chapinero,Choque,Vehículo,,Solo Daños,0,1,1,0,0,1,0,0,0,0,0,0,0,0,0,0,0,0,0,0,0,0,1000992.0,0.004304699098653318,477.82159995051825,CL80,KR89A;KR81,4.6638357,-74.0532228,1.0,38.741263440645156,38.53351094427419,422.0,124.0,1.0
259485,10582710,-74.175,4.636,AV AVENIDA CIUDAD DE VILLAVICENCIO - KR 88 G  02,2022,Octubre,14,viernes,9,20,Kennedy,Choque,Vehículo,,Con Heridos,1,0,0,0,0,1,0,0,0,0,0,0,0,0,0,0,0,0,0,0,0,0,1000981.0,0.013581024873330391,1507.4937609396734,DIAG16,KR90;KR97,4.6495069,-74.176417,0.0,32.84295833358333,32.74221318633333,1494.0,120.0,0.0
259486,10582731,-74.036,4.701,CL 123  - KR 11 B  02,2022,Octubre,16,domingo,11,30,Usaquén,Choque,Vehículo,,Con Heridos,0,0,0,0,0,1,0,1,0,0,0,0,0,0,0,0,0,0,0,0,0,0,1000184.0,0.006471077422270653,718.2895938720425,KR15,CL94;CL100,4.704458949999999,-74.03053095,0.0,16.659017093931624,16.455550897094017,684.0,117.0,0.0
259487,10582736,-74.134,4.54,AV AVENIDA BOYACA - KR 15   02,2022,Octubre,13,jueves,12,36,Ciudad Bolívar,Caida de ocupante,,,Con Heridos,0,0,0,1,1,0,0,1,0,0,1,0,1,0,0,1,0,0,0,0,0,0,1001959.0,0.023843414200150053,2646.618976216656,"CL19,KR3",KR5;CL22,4.5343054,-74.1108466,0.0,10.948192090677965,10.820235068728813,495.0,118.0,0.0
259488,10582832,-74.166,4.627,CL 42 A  S- KR 81 F  02,2022,Octubre,18,martes,7,20,Kennedy,Atropello,,,Con Heridos,0,0,0,0,0,1,1,1,0,0,0,0,0,0,0,0,0,0,0,0,0,0,1001031.0,0.014608647203022093,1621.5598395354523,KR72,CL43AS;KR69B,4.623493,-74.15181855,0.0,22.601989247258064,22.848014830645162,2373.0,124.0,0.0
259489,10582834,-74.19,4.606,TV 80 H  - CL 68 BIS S 02,2022,Octubre,18,martes,6,35,Bosa,Atropello,,,Con Heridos,0,0,0,0,0,1,1,0,0,0,0,0,0,0,0,0,0,0,0,0,0,0,1002290.0,0.011311907733884187,1255.6217584611447,AV.CL59SUR,CL59SUR;KR78C,4.6025243,-74.1792353,0.0,21.571075268548388,21.19583339717742,540.0,124.0,0.0
259490,10582846,-74.097,4.573,KR 10  - CL 26  S 02,2022,Octubre,18,martes,5,20,Usaquén,Choque,Vehículo,,Solo Daños,0,0,1,0,0,0,0,1,0,1,0,0,0,0,0,0,0,0,0,0,0,1,1000309.0,0.003834109333989544,425.5861360728394,KR5,CL24;CL19,4.5750037500000005,-74.09373115,1.0,18.071922043064518,17.463803571048388,459.0,124.0,1.0
259539,10582293,-74.07734011893,4.64717542993,CL 57 A  - KR 28   02,2022,Octubre,5,miércoles,12,50,Teusaquillo,Choque,Vehículo,,Solo Daños,0,1,0,0,0,0,0,0,0,0,0,0,0,0,0,0,0,0,0,0,0,0,1001929.0,0.00067820587649154,75.28085229056094,CL57,TV25;AV.CARACAS,4.64651115,-74.07747685000001,1.0,11.599279660762711,10.760635592711864,350.0,118.0,1.0
259540,10582364,-74.109,4.712,CL 82  - KR 100 A  02,2022,Octubre,7,viernes,8,28,Engativá,Choque,Vehículo,,Con Heridos,0,0,0,0,0,1,0,0,0,1,0,0,0,0,0,0,0,0,0,0,0,1,1001349.0,0.011027188850283724,1224.0179623814934,CL92,KR19B;KR15,4.7171787,-74.0992645,0.0,16.01527548231405,15.588649119586776,799.0,121.0,0.0
259541,10582412,-74.122,4.695,CL 64 G  - KR 98   02,2022,Octubre,7,viernes,15,38,Engativá,Choque,Vehículo,,Con Heridos,0,0,0,0,0,1,0,0,0,0,0,0,0,0,0,0,0,0,0,0,0,0,1000722.0,0.005478724020470239,608.1383662721965,KR86,CL10;CL13C,4.6984233,-74.11772245,0.0,29.72034946217742,29.26129791096774,1615.0,124.0,0.0
259542,10582417,-74.125,4.558,KR 11  E- CL 54  S 02,2022,Octubre,7,viernes,20,45,San Cristóbal,Caida de ocupante,,,Con Heridos,0,0,0,0,0,0,0,0,0,0,1,0,1,0,0,1,0,0,0,0,0,0,1000325.0,0.019173931965176826,2128.3064481346278,AV.CARACAS,AV.PRIMERO_MAYO;CL11SUR,4.57490245,-74.11594754999999,0.0,22.690833332903228,22.45547042967742,370.0,124.0,0.0
259543,10582419,-74.1,4.749,CL 145  - KR 111   02,2022,Octubre,8,sábado,16,20,Suba,Choque,Vehículo,,Con Heridos,1,0,0,0,0,1,0,0,0,0,0,0,0,0,0,0,0,0,0,0,0,0,1001707.0,0.008253193981117232,916.1045319040127,AV.SUBA,CL136;CL127,4.7425033,-74.09491,0.0,33.50306451604839,33.513044550483876,837.0,124.0,0.0
259719,10582778,-74.084,4.597,CL 6  - KR 13   02,2022,Octubre,17,lunes,18,30,Santa Fe,Atropello,,,Con Heridos,0,0,0,0,1,1,1,0,0,0,0,0,0,0,0,0,0,0,0,0,0,0,1000219.0,0.002601967121230225,288.818350456555,CL34,KR7;KR5,4.5992053,-74.08538089999999,1.0,21.34470430056452,21.38438906846774,558.0,124.0,1.0
259720,10582779,-74.17,4.628,CL 43  S- KR 85 D  02,2022,Octubre,14,viernes,6,8,Kennedy,Caida de ocupante,,,Con Heridos,0,0,0,0,0,0,0,1,0,0,1,0,1,0,0,1,0,0,0,0,0,0,1001031.0,0.018731742393661835,2079.2234056964635,KR72,CL43AS;KR69B,4.623493,-74.15181855,0.0,24.852096774435484,24.792393230080645,2472.0,124.0,0.0
259721,10582783,-74.133,4.644,AV AVENIDA BOYACA - CL 11 F  02,2022,Octubre,15,sábado,12,55,Kennedy,Choque,Vehículo,,Con Heridos,0,1,0,0,0,1,0,0,0,0,0,0,0,0,0,0,0,0,0,0,0,0,1000994.0,0.0017340003236731535,192.47403592772002,CL80,KR96;KR89A,4.645728399999999,-74.13286074999999,1.0,22.197881356186443,22.323588071355932,1284.0,118.0,1.0
259722,10582788,-74.094,4.548,CL 43  S- TV 3 C  E 02,2022,Octubre,15,sábado,19,25,San Cristóbal,Choque,Vehículo,,Con Heridos,0,0,0,0,0,1,0,0,0,0,0,0,0,0,0,0,0,0,0,0,0,0,1001959.0,0.02171059650770266,2409.8762123549955,"CL19,KR3",KR5;CL22,4.5343054,-74.1108466,0.0,10.525712365564516,10.421903993467742,534.0,124.0,0.0
259723,10582797,-74.155,4.68,KR 113  - CL 16   02,2022,Octubre,15,sábado,15,30,Fontibón,Choque,Vehículo,,Con Heridos,1,0,0,0,0,0,0,0,0,0,0,0,0,0,0,0,0,0,0,0,0,0,1000982.0,0.002647375438516006,293.8586736752767,DIAG16,KR123;KR106,4.67875865,-74.15733829999999,1.0,24.719166666290324,24.78506291733871,1636.0,124.0,1.0
259724,10582799,-74.102840789,4.58627748599997,KR 24  - CL 18  S 02,2022,Octubre,16,domingo,22,15,Antonio Nariño,Choque,Vehículo,,Con Heridos,0,0,0,0,0,1,0,0,0,0,0,0,0,0,0,0,0,0,0,0,0,0,1000263.0,0.003955804152596063,439.09426093816296,AV.CARACAS,CL24;CL26,4.5897272000000005,-74.10090485,1.0,24.402271505161288,23.67234668774194,624.0,124.0,1.0
259746,10582934,-74.122,4.744,CL 132 D  - KR 151 A  02,2022,Octubre,20,jueves,11,1,Suba,Choque,Objeto Fijo,Vehiculo Estacionado,Con Heridos,0,0,0,0,1,1,0,0,0,0,0,0,0,0,0,0,0,0,0,0,0,0,1000951.0,0.020966596180587754,2327.2921760452405,AV.SUBA,CL127;HUMEDAL.CORDOBA,4.7388854,-74.1016668,0.0,27.90420227948718,27.829735378888888,1349.0,117.0,0.0
259747,10582936,-74.089,4.741,CL 145  - KR 96   02,2022,Octubre,20,jueves,22,30,Suba,Choque,Vehículo,,Solo Daños,0,0,0,0,0,0,0,0,0,0,0,0,0,0,0,0,0,0,0,0,0,0,1001707.0,0.006098197347577582,676.8999055811116,AV.SUBA,CL136;CL127,4.7425033,-74.09491,0.0,46.36958333330645,46.18955845596774,653.0,124.0,0.0
259748,10582939,-74.131,4.711,CL 70 C  - KR 113   02,2022,Octubre,19,miércoles,21,10,Engativá,Choque,Vehículo,,Con Heridos,1,0,0,0,0,0,0,0,0,0,0,0,0,0,0,0,0,0,0,0,0,0,1000720.0,0.004437551683633871,492.5682368833597,KR86,CL13C;CL19A,4.71067115,-74.12657465000001,1.0,31.882258064838712,31.87005314370968,1132.0,124.0,1.0
259749,10582940,-74.188,4.607,TV 80 B  - CL 65 I  02,2022,Octubre,19,miércoles,12,30,Usaquén,Choque,Vehículo,,Con Heridos,0,0,0,0,1,0,0,1,0,0,1,0,1,0,0,1,0,0,0,0,0,0,1002290.0,0.009841334085377388,1092.38808347689,AV.CL59SUR,CL59SUR;KR78C,4.6025243,-74.1792353,0.0,31.088474576440678,30.168115516610168,454.0,118.0,0.0
259750,10582966,-74.09,4.552,TV 6 B  E- DG 38   02,2022,Octubre,21,viernes,8,15,San Cristóbal,Choque,Vehículo,,Con Heridos,0,0,0,0,0,1,0,1,0,0,0,0,0,0,0,0,0,0,0,0,0,0,1000308.0,0.02231144938512495,2476.5708817488694,KR5,CL27;CL24,4.57422605,-74.08804975000001,0.0,22.724917355619834,22.466047838760332,674.0,121.0,0.0
259751,10582967,-74.085,4.578,KR 5  - CL 10  S 02,2022,Octubre,20,jueves,17,49,San Cristóbal,Choque,Vehículo,,Con Heridos,0,0,0,0,0,1,0,0,0,1,0,0,0,0,0,0,0,0,0,0,0,1,1000308.0,0.004852182361072512,538.5922420790489,KR5,CL27;CL24,4.57422605,-74.08804975000001,1.0,22.904247311451613,22.89079929483871,700.0,124.0,1.0
259752,10582982,-74.067479648,4.632626673,AV AVENIDA CARACAS - CL 45   02,2022,Octubre,21,viernes,8,30,Puente Aranda,Choque,Vehículo,,Con Heridos,0,0,0,0,0,1,0,0,0,0,0,0,0,0,0,0,0,0,0,0,0,0,1000054.0,0.00714518278830136,793.115289501451,CL116,KR7;KR11,4.6331403,-74.06035295000001,0.0,23.3667079892562,23.01389354644628,444.0,121.0,0.0
259753,10583011,-74.126,4.697,KR 105  - CL 64 B  02,2022,Octubre,21,viernes,13,0,Engativá,Choque,Vehículo,,Solo Daños,0,1,0,0,0,0,0,0,0,1,0,0,0,0,0,0,0,0,0,0,0,1,1000722.0,0.008399024758419365,932.2917481845495,KR86,CL10;CL13C,4.6984233,-74.11772245,0.0,19.373611111166667,19.581707935666667,1734.0,120.0,0.0
259754,10582992,-74.067,4.663,CL 72  - KR 24   02,2022,Octubre,22,sábado,6,38,Barrios Unidos,Choque,Vehículo,,Con Heridos,0,0,0,0,0,1,0,0,0,0,0,0,0,0,0,0,0,0,0,0,0,0,1000707.0,0.005515327580699816,612.2013614576796,CL13,KR47;KR39,4.6608924,-74.06190325,0.0,29.488440860080647,29.121538523145162,536.0,124.0,0.0
259755,10583020,-74.138,4.63,KR 72  - CL 6   02,2022,Octubre,20,jueves,11,45,Kennedy,Choque,Objeto Fijo,Otro,Con Heridos,0,1,0,1,0,0,0,0,0,0,0,0,0,0,0,0,0,0,0,0,0,0,1000780.0,0.0038792973220078257,430.60200274286865,CL6,KR42;KR36,4.62659345,-74.1361441,1.0,21.958635057586207,21.64229000965517,1413.0,116.0,1.0
259756,10583042,-74.112,4.676,CL 52 a  - KR 77 B  02,2022,Octubre,21,viernes,14,33,Engativá,Atropello,,,Con Heridos,0,0,0,0,1,1,1,0,0,0,0,0,0,0,0,0,0,0,0,0,0,0,1000320.0,0.0017031094753423117,189.0451517629966,KR72,CL169B;CL163,4.67551385,-74.11363225,1.0,31.361277777999998,31.267048340583337,1995.0,120.0,1.0
259757,10583046,-74.114,4.702,AC 72  - KR 97   02,2022,Octubre,22,sábado,2,50,Engativá,Atropello,,,Con Heridos,0,0,0,0,0,0,1,0,0,0,0,0,0,0,0,0,0,0,0,0,0,0,1000722.0,0.00516230732255302,573.0161128033852,KR86,CL10;CL13C,4.6984233,-74.11772245,0.0,66.00473118282258,65.85210883854839,722.0,124.0,0.0
259758,10583047,-74.114,4.638,CL 17  - KR 65 B  02,2022,Octubre,22,sábado,7,0,Puente Aranda,Choque,Vehículo,,Con Heridos,0,0,0,0,0,1,0,0,0,0,0,0,0,0,0,0,0,0,0,0,0,0,1000029.0,0.006791534719780604,753.8603538956471,CL72,KR7;KR11,4.6439399,-74.11070720000001,0.0,16.9362096775,16.888485023064515,467.0,124.0,0.0
259759,10583049,-74.061,4.639,CL 53  - TV 3 C  02,2022,Octubre,23,domingo,13,0,Chapinero,Choque,Vehículo,,Con Heridos,0,0,0,0,0,1,0,0,0,0,0,0,0,0,0,0,0,0,0,0,0,0,1000007.0,0.0034245938332166633,380.12991548704963,KR7,CL121;CL116,4.635579,-74.06084315,1.0,19.19075000008333,19.30006143225,5246.0,120.0,1.0
259786,10581829,-74.143234761,4.602508758,AV AVENIDA BOYACA - CL 40  S 02,2022,Octubre,1,sábado,23,0,Kennedy,Choque,Objeto Fijo,Valla-Señal,Con Muertos,0,0,0,0,0,1,0,0,0,0,0,0,0,0,0,0,0,0,0,0,0,0,1000291.0,0.002273012856769165,252.30442710137734,AV.CARACAS,CL6;CL13,4.60253905,-74.14096194999999,1.0,29.28901881685484,28.301301746935483,505.0,124.0,1.0
259789,10582391,-74.064005057,4.64596610699999,KR 13  - CL 59   02,2022,Octubre,9,domingo,1,49,Chapinero,Choque,Vehículo,,Con Heridos,0,0,0,0,0,1,0,0,0,0,0,0,0,0,0,0,0,0,0,0,0,0,1002025.0,0.004755318946919878,527.8404031081064,AUTONORTE,SANTA.FE;TOBERIN,4.64911745,-74.06756625,1.0,27.55758064491935,24.717545026693546,418.0,124.0,1.0
259984,10582451,-74.106440146,4.694589468,KR 86  - CL 71 A  02,2022,Octubre,6,jueves,8,0,Engativá,Choque,Vehículo,,Con Heridos,0,1,0,0,0,1,0,1,0,0,0,0,0,0,0,0,0,0,0,0,0,0,1001720.0,0.0012976498555305569,144.0391339638918,KR86,CL75BIS;CL85,4.6942582,-74.1076948,1.0,26.06490358157025,25.835611514628102,622.0,121.0,1.0
259985,10582453,-74.068,4.645,CL 57  - KR 16   02,2022,Octubre,9,domingo,20,20,Teusaquillo,Choque,Vehículo,,Solo Daños,0,0,0,0,0,1,0,0,0,0,0,0,0,0,0,0,0,0,0,0,0,0,1000660.0,0.003378105010208879,374.9696561331856,AV.CIRCUNVALAR,CL59;CL69,4.6451685000000005,-74.0713739,1.0,41.833427419274194,41.23850608322581,540.0,124.0,1.0
259986,10582460,-74.158,4.613,KR 78 F  - CL 42   02,2022,Octubre,9,domingo,7,0,Kennedy,Choque,Vehículo,,Solo Daños,0,0,0,0,0,0,0,1,0,0,0,0,0,0,0,0,0,0,0,0,0,0,1001028.0,0.0036714965099402695,407.53611260336993,KR72,CL3;AV.P.MAYO,4.611398400000001,-74.15469625,1.0,19.83571236580645,19.758660649435484,634.0,124.0,1.0
259987,10582465,-74.165,4.633,KR 86  - CL 40 B  S 02,2022,Octubre,9,domingo,20,0,Kennedy,Choque,Vehículo,,Solo Daños,0,0,1,0,0,0,0,0,0,1,0,0,0,0,0,0,0,0,0,0,0,1,1001031.0,0.01625218979407473,1803.993067142295,KR72,CL43AS;KR69B,4.623493,-74.15181855,0.0,29.48334677467742,29.53544547209677,1836.0,124.0,0.0
259988,10582473,-74.119,4.647,CL 19  - KR 69 B  02,2022,Octubre,9,domingo,19,25,Fontibón,Choque,Objeto Fijo,Poste,Solo Daños,0,0,0,0,0,0,0,0,0,0,1,0,1,0,0,1,0,0,0,0,0,0,1000685.0,0.0034852340538342446,386.86097997560114,KR27,CL6;CL1B,4.6468165,-74.1155196,1.0,38.42973118266129,38.35878936032258,1414.0,124.0,1.0
259989,10582476,-74.045,4.693,CL 109  - KR 15   02,2022,Octubre,8,sábado,2,0,Usaquén,Choque,Vehículo,,Solo Daños,0,0,0,0,0,0,0,0,0,1,0,0,0,0,0,0,0,0,0,0,0,1,1000044.0,0.007900856389658652,876.9950592521104,KR15,CL77;CL92,4.7007512,-74.0434695,0.0,19.862244623709678,15.157244623467742,371.0,124.0,0.0
259990,10582480,-74.122,4.681,AC 26  - KR 95 A  02,2022,Octubre,7,viernes,23,46,Fontibón,Choque,Vehículo,,Solo Daños,0,1,0,0,0,0,0,0,0,0,0,0,0,0,0,0,0,0,0,0,0,0,1000238.0,0.003245991594645187,360.30506700561574,CL134,KR58;KR53,4.68384265,-74.1204329,1.0,37.53491935475807,37.433249313306455,536.0,124.0,1.0
259991,10582481,-74.098,4.748,CL 145  - KR 107   02,2022,Octubre,10,lunes,8,30,Suba,Caida de ocupante,,,Con Heridos,0,0,0,0,0,0,0,1,0,0,1,0,1,0,1,0,0,0,0,0,0,0,1001707.0,0.006305696701396528,699.9323338550146,AV.SUBA,CL136;CL127,4.7425033,-74.09491,0.0,26.07882920107438,26.213562697107438,1128.0,121.0,0.0
259992,10582483,-74.095,4.594,CL 1  - KR 21   02,2022,Octubre,10,lunes,23,0,Puente Aranda,Choque,Vehículo,,Con Heridos,0,0,0,0,0,1,0,0,0,0,0,0,0,0,0,0,0,0,0,0,0,0,1000247.0,0.002605507421789249,289.2113238186066,AV.CARACAS,CL39;CL34,4.595314950000001,-74.09724935,1.0,28.255430107741937,28.21201418,690.0,124.0,1.0
259993,10582484,-74.094,4.64,KR 50  - CL 26   02,2022,Octubre,7,viernes,16,30,Teusaquillo,Choque,Vehículo,,Solo Daños,0,0,0,0,0,0,0,0,0,0,1,0,1,0,0,1,0,0,0,0,0,0,1002045.0,0.0001341058723480666,14.88575183063539,CL26,MODELIA;NORMANDIA,4.64007635,-74.09388975,1.0,41.70711021475807,41.73510496766129,817.0,124.0,1.0
259994,10582489,-74.143,4.567,AV AVENIDA CIUDAD DE VILLAVICENCIO - KR 22   02,2022,Octubre,10,lunes,21,15,Ciudad Bolívar,Caida de ocupante,,,Con Heridos,0,0,0,0,0,0,0,0,0,0,1,0,1,0,0,1,0,0,0,0,0,0,1002271.0,0.022775649022636436,2528.0970415126444,KR72,KR1;KR4AE,4.582431,-74.12624845,0.0,21.530739247661288,21.620605575080646,617.0,124.0,0.0
259995,10582493,-74.1070690531,4.59855346012,KR 30 A  - CL 8  S 02,2022,Octubre,9,domingo,16,35,Antonio Nariño,Choque,Vehículo,,Con Heridos,0,0,0,0,0,1,0,0,0,0,0,0,0,0,0,0,0,0,0,0,0,0,1000675.0,0.0044930592836384745,498.7295804838707,KR11,CL76;CL72,4.602983699999999,-74.10632035,1.0,10.88875000016129,10.812083259274193,780.0,124.0,1.0
259996,10582494,-74.193,4.641,CL 55  S- KR 100   02,2022,Octubre,10,lunes,10,17,Bosa,Choque,Vehículo,,Con Muertos,1,0,0,0,0,0,0,1,0,1,0,0,0,0,0,0,0,0,0,0,0,1,1000981.0,0.018637683241484494,2068.782839804779,DIAG16,KR90;KR97,4.6495069,-74.176417,0.0,32.634166666666665,31.89233538125,1470.0,120.0,0.0
260040,10582800,-74.125,4.698,CL 64 F  - KR 105   02,2022,Octubre,14,viernes,22,0,Engativá,Choque,Vehículo,,Con Heridos,0,0,0,0,0,1,0,0,0,0,0,0,0,0,0,0,0,0,0,0,0,0,1000722.0,0.00728985026543528,809.1733794633161,KR86,CL10;CL13C,4.6984233,-74.11772245,0.0,42.59633064483871,42.426377198306454,1423.0,124.0,0.0
260041,10582801,-74.073,4.668,KR 30  - CL 72   02,2022,Octubre,15,sábado,16,30,Barrios Unidos,Choque,Vehículo,,Con Heridos,0,0,0,0,0,1,0,1,0,0,0,0,0,0,0,0,0,0,0,0,0,0,1000203.0,0.0035998963207229894,399.5884916002518,KR7,CL188;CL175,4.6708734,-74.0708314,1.0,18.19336021532258,17.573627180725808,1300.0,124.0,1.0
260042,10582803,-74.083,4.596,CL 6  - KR 12   02,2022,Octubre,16,domingo,7,15,Santa Fe,Atropello,,,Con Heridos,0,0,0,0,0,1,1,1,0,0,0,0,0,0,0,0,0,0,0,0,0,0,1000219.0,0.00399282267324274,443.20331672994416,CL34,KR7;KR5,4.5992053,-74.08538089999999,1.0,22.087110215080646,21.92624294766129,603.0,124.0,1.0
260043,10582806,-74.182,4.633,CL 51  S- KR 89 A  02,2022,Octubre,17,lunes,10,13,Bosa,Choque,Vehículo,,Con Muertos,0,0,0,0,0,0,0,0,0,1,0,0,0,0,0,0,0,0,0,0,0,1,1000981.0,0.017425488131183886,1934.2291825614113,DIAG16,KR90;KR97,4.6495069,-74.176417,0.0,32.634166666666665,31.89233538125,1470.0,120.0,0.0
260044,10582849,-74.104,4.675,AV AVENIDA BOYACA - CL 63   02,2022,Octubre,18,martes,9,0,Engativá,Choque,Vehículo,,Con Heridos,1,0,0,0,0,0,0,0,0,0,0,0,0,0,0,0,0,0,0,0,0,0,1000228.0,0.0029876389423835687,331.6279226045761,KR72,CL169;CL170,4.6733282,-74.10647610000001,1.0,31.264722222583334,31.146343140416665,870.0,120.0,1.0
260045,10582855,-74.075,4.635,KR 24  - CL 45 B  02,2022,Octubre,18,martes,23,20,Teusaquillo,Choque,Vehículo,,Con Heridos,0,0,0,0,0,1,0,0,0,0,0,0,0,0,0,0,0,0,0,0,0,0,1000010.0,0.0005275263524193826,58.55542511855147,KR7,CL112;CL116,4.63540275,-74.0753407,1.0,42.21712365580645,42.3460098725,2537.0,124.0,1.0
260046,10582856,-74.065,4.681,CL 92  - KR 57   02,2022,Octubre,18,martes,9,50,Barrios Unidos,Choque,Vehículo,,Con Muertos,1,1,0,0,0,0,0,0,0,0,0,0,0,0,0,0,0,0,0,0,0,0,1000225.0,0.0013501008203095173,149.86119105435642,K15,CL147;CL134,4.68034155,-74.06617865,1.0,16.1405694445,13.835101389083333,382.0,120.0,1.0
260047,10582858,-74.190455715,4.59929394599999,CL 69 B  S- KR 77 J  02,2022,Octubre,17,lunes,13,40,Bosa,Atropello,,,Con Heridos,0,0,0,0,0,0,1,1,0,0,0,0,0,0,0,0,0,0,0,0,0,0,1002290.0,0.011676168024550454,1296.0546507251004,AV.CL59SUR,CL59SUR;KR78C,4.6025243,-74.1792353,0.0,32.163736110583336,31.624106844999996,485.0,120.0,0.0
260048,10582859,-74.109324244,4.60068932600001,CL 8  S- KR 32 D  02,2022,Octubre,17,lunes,18,26,Puente Aranda,Choque,Vehículo,,Con Heridos,1,0,0,0,0,0,0,1,0,0,0,0,0,0,0,0,0,0,0,0,0,0,1001004.0,0.0035036795634503003,388.90843154298335,CL24,KR54;KR50,4.6041864,-74.1091092,1.0,29.895793011048386,29.584126872580647,776.0,124.0,1.0
260049,10582861,-74.071,4.613,CL 26  - KR 13   02,2022,Octubre,18,martes,8,0,Santa Fe,Choque,Vehículo,,Con Heridos,0,0,0,0,0,1,0,0,0,0,0,0,0,0,0,0,0,0,0,0,0,0,1000208.0,0.0045265529429112635,502.44737666315024,KR7,CL63;CL72,4.609056150000001,-74.07322165,1.0,20.77853994446281,20.627322167438017,5503.0,121.0,1.0
260050,10582865,-74.112,4.71,CL 80  - KR 98   02,2022,Octubre,17,lunes,10,0,Engativá,Atropello,,,Con Heridos,0,0,0,0,0,0,1,1,0,0,1,0,1,0,1,0,0,0,0,0,0,0,1000722.0,0.012913807219119602,1433.4326013222758,KR86,CL10;CL13C,4.6984233,-74.11772245,0.0,23.0535833335,23.036715229749998,1560.0,120.0,0.0
260051,10582866,-74.112,4.745,CL 137  - KR 129   02,2022,Octubre,19,miércoles,6,30,Suba,Atropello,,,Con Heridos,0,0,0,0,1,1,1,0,0,0,0,0,0,0,0,0,0,0,0,0,0,0,1000951.0,0.012006804545748786,1332.7553045781153,AV.SUBA,CL127;HUMEDAL.CORDOBA,4.7388854,-74.1016668,0.0,30.802607527096775,30.788496093629032,2002.0,124.0,0.0
260052,10582868,-74.08,4.737,CL 146  - KR 84 A  02,2022,Octubre,19,miércoles,8,41,Suba,Choque,Vehículo,,Con Heridos,0,0,0,0,0,0,0,0,0,1,1,0,0,0,0,0,0,0,0,0,0,1,1000953.0,0.0010275741883182708,114.06073490332805,AV.CORDOBA,AV.SUBA;CL127,4.73683785,-74.0810147,1.0,20.09451790661157,19.65809014,465.0,121.0,1.0
260053,10582869,-74.199,4.619,KR 87 A BIS B - CL 73 B  S 02,2022,Octubre,16,domingo,14,30,Bosa,Atropello,,,Con Heridos,0,0,0,0,1,1,1,0,0,0,0,0,0,0,0,0,0,0,0,0,0,0,1002290.0,0.025731149538639825,2856.1575987890205,AV.CL59SUR,CL59SUR;KR78C,4.6025243,-74.1792353,0.0,33.709222222583335,33.18958518516667,462.0,120.0,0.0
260054,10582871,-74.129,4.571,CL 48 C  S- KR 20   02,2022,Octubre,18,martes,10,20,Tunjuelito,Caida de ocupante,,,Con Heridos,0,0,0,0,0,0,0,1,0,0,1,0,1,0,0,1,0,0,0,0,0,0,1002271.0,0.011757499241016147,1305.0824157527923,KR72,KR1;KR4AE,4.582431,-74.12624845,0.0,19.8704583335,19.853176157916668,519.0,120.0,0.0
260055,10582874,-74.099254886,4.566631675,CL 31  S- KR 7 A  02,2022,Octubre,18,martes,11,55,San Cristóbal,Choque,Vehículo,,Con Heridos,0,0,0,0,0,1,0,0,0,0,0,0,0,0,0,0,0,0,0,0,0,0,1000309.0,0.010030119600649654,1113.3432756721115,KR5,CL24;CL19,4.5750037500000005,-74.09373115,0.0,10.66462963,10.635293886153846,693.0,117.0,0.0
260056,10582875,-74.139,4.606,KR 68 F  - CL 38  S 02,2022,Octubre,18,martes,13,13,Kennedy,Choque,Vehículo,,Con Heridos,1,0,0,0,0,1,0,0,0,0,0,0,0,0,0,0,0,0,0,0,0,0,1001715.0,0.002568089993061497,285.0579892298262,"AV.AMERICAS,CL34",KR28;KR36,4.6069231,-74.13660355,1.0,19.201763889,18.95941666683333,360.0,120.0,1.0
260057,10582880,-74.100805383,4.71304426799998,TV 94 L  - CL 87 A  02,2022,Octubre,18,martes,11,29,Engativá,Choque,Vehículo,,Con Heridos,0,0,0,0,0,1,0,0,0,0,1,0,1,0,0,1,0,0,0,0,0,0,1000299.0,0.004373594516011298,485.468991277254,CL6,KR19;AV.CARACAS,4.713529149999999,-74.09645875000001,1.0,9.483782051025642,9.46084240042735,752.0,117.0,1.0
260058,10582881,-74.157799819,4.63631919199997,KR 82  - CL 5 B  S 02,2022,Octubre,19,miércoles,8,37,Kennedy,Atropello,,,Con Heridos,0,0,0,0,0,1,1,1,0,0,0,0,0,0,0,0,0,0,0,0,0,0,1001031.0,0.014152271198309287,1570.9021030123308,KR72,CL43AS;KR69B,4.623493,-74.15181855,0.0,22.985647383223142,23.070443445619837,2025.0,121.0,0.0
260059,10582883,-74.136,4.649,CL 12  - KR 79 A  02,2022,Octubre,19,miércoles,1,0,Kennedy,Choque,Vehículo,,Con Heridos,1,0,0,0,0,0,0,0,0,0,0,0,0,0,0,0,0,0,0,0,0,0,1001945.0,0.0022604025327292807,250.90468113295017,"KR78K,CL41SUR",CL26SUR;AV.P.MAYO,4.6477331,-74.134128,1.0,19.329623655887097,13.688696236612902,371.0,124.0,1.0
260060,10582887,-74.123291912,4.61813847899998,DG 2  - KR 58   02,2022,Octubre,19,miércoles,17,51,Puente Aranda,Choque,Vehículo,,Con Heridos,1,0,0,0,0,0,0,0,0,1,0,0,0,0,0,0,0,0,0,0,0,1,1000298.0,0.007223276212033447,801.7836595357127,CL6,AV:CARACAS;KR19,4.61244345,-74.12773515,0.0,12.911155913629033,12.920617812661291,1055.0,124.0,0.0
260061,10582889,-74.057,4.68,KR 30  - CL 93   02,2022,Octubre,18,martes,12,40,Chapinero,Choque,Vehículo,,Con Heridos,0,0,0,0,0,1,0,0,0,0,0,0,0,0,0,0,0,0,0,0,0,0,1000940.0,0.0016383313347754704,181.85477816007722,CL24,KR14;KR10,4.681202,-74.05588675,1.0,9.968591954224136,8.651192529137932,345.0,116.0,1.0
260102,10582401,-74.086,4.616,CL 19  - KR 27   02,2022,Octubre,7,viernes,16,10,Los Mártires,Atropello,,,Con Heridos,0,0,0,0,1,1,1,0,0,0,0,0,0,0,0,0,0,0,0,0,0,0,1001991.0,0.002170434990964066,240.91828399701134,NQS,GRAL.SANTANDER;KR68;,4.6181546,-74.0857383,1.0,24.29200268782258,24.310328532903224,466.0,124.0,1.0
260103,10582407,-74.131,4.666,CL 22  - KR 86   02,2022,Octubre,9,domingo,9,20,Fontibón,Choque,Vehículo,,Con Heridos,0,0,0,0,0,1,0,0,0,0,0,0,0,0,0,0,0,0,0,0,0,0,1000237.0,0.004342093561864771,481.97238536698956,CL134,KR53;KR58,4.6700811,-74.1295173,1.0,30.365194444083333,30.350025508583332,902.0,120.0,1.0
260104,10582581,-74.137,4.661,CL 17  - KR 87   02,2022,Octubre,10,lunes,14,50,Fontibón,Choque,Vehículo,,Solo Daños,0,0,0,0,0,0,0,0,0,1,0,0,0,0,0,0,0,0,0,0,0,1,1000650.0,0.003920182394027987,435.1402457371065,KR72,CL127;CL134,4.6623088,-74.13330475000001,1.0,23.507763889,23.257242038166666,1550.0,120.0,1.0
260105,10582591,-74.094,4.556,KR 4  E- AC 37  S 02,2022,Octubre,12,miércoles,19,20,San Cristóbal,Atropello,,,Con Heridos,0,0,0,0,1,1,1,0,0,0,0,0,0,0,0,0,0,0,0,0,0,0,1000309.0,0.01900565164326167,2109.6273324020453,KR5,CL24;CL19,4.5750037500000005,-74.09373115,0.0,11.796223118387097,11.646428069516128,689.0,124.0,0.0
260106,10582592,-74.098,4.606,KR 30  - CL 6   02,2022,Octubre,11,martes,17,10,Puente Aranda,Choque,Vehículo,,Con Heridos,0,0,0,0,0,1,0,0,0,0,0,0,0,0,0,0,0,0,0,0,0,0,1001948.0,0.0019113046486622391,212.15481600150855,"KR50,CL13",CL5A;KR47,4.6041161,-74.0976775,1.0,16.095161290403226,13.783672043145161,379.0,124.0,1.0
260107,10582593,-74.138,4.63,CL 6  - KR 72   02,2022,Octubre,12,miércoles,2,0,Kennedy,Choque,Vehículo,,Con Heridos,0,0,0,0,1,0,0,0,0,1,0,0,0,0,0,0,0,0,0,0,0,1,1000780.0,0.0038792973220078257,430.60200274286865,CL6,KR42;KR36,4.62659345,-74.1361441,1.0,41.60719086040323,39.00120579362903,508.0,124.0,1.0
260108,10582618,-74.196,4.609,CL 72  S- KR 80 M  02,2022,Octubre,13,jueves,9,32,Bosa,Choque,Vehículo,,Con Heridos,0,1,0,0,0,1,0,0,0,0,0,0,0,0,0,0,0,0,0,0,0,0,1002290.0,0.017971918555899014,1994.8829597047907,AV.CL59SUR,CL59SUR;KR78C,4.6025243,-74.1792353,0.0,27.544013888583333,27.3159205025,486.0,120.0,0.0
260109,10582619,-74.1,4.564,KR 7  E- CL 34   02,2022,Octubre,7,viernes,13,30,Santa Fe,Choque,Vehículo,,Solo Daños,0,0,0,0,0,0,0,0,0,0,0,0,0,0,0,0,0,0,0,0,0,0,1000309.0,0.012664161811386602,1405.7219610639129,KR5,CL24;CL19,4.5750037500000005,-74.09373115,0.0,10.980319444416667,10.865346999916666,660.0,120.0,0.0
260110,10582620,-74.099875439,4.54992387300001,KR 1 A  - CL 42  S 02,2022,Octubre,12,miércoles,16,19,San Cristóbal,Atropello,,,Con Heridos,0,0,0,0,0,0,1,0,0,0,0,0,0,0,0,0,0,0,0,0,0,0,1001959.0,0.019086725034430742,2118.6264788218123,"CL19,KR3",KR5;CL22,4.5343054,-74.1108466,0.0,10.062083333467742,9.925015905322581,512.0,124.0,0.0
260111,10582630,-74.193,4.632,CL 59  S- KR 92 A  02,2022,Octubre,13,jueves,10,15,Bosa,Choque,Vehículo,,Con Heridos,0,0,0,0,1,1,0,0,0,0,0,0,0,0,0,0,0,0,0,0,0,0,1000981.0,0.024114050605610244,2676.659617222737,DIAG16,KR90;KR97,4.6495069,-74.176417,0.0,32.634166666666665,31.89233538125,1470.0,120.0,0.0
260112,10582631,-74.06,4.687,CL 100  - KR 47 A  02,2022,Octubre,12,miércoles,19,40,Barrios Unidos,Atropello,,,Con Heridos,0,0,0,0,0,1,1,0,0,0,0,0,0,0,0,0,0,0,0,0,0,0,1000773.0,0.00388466117183692,431.19739007389813,KR50,CL33SUR;CL16SUR,4.6906399,-74.0613571,1.0,27.43650537653226,27.502820363709677,594.0,124.0,1.0
260113,10582634,-74.146,4.631,AV AVENIDA DE LAS AMERICAS - KR 78 B  02,2022,Octubre,13,jueves,17,50,Kennedy,Atropello,,,Con Heridos,0,0,0,0,0,1,1,1,0,0,0,0,0,0,0,0,0,0,0,0,0,0,1000040.0,0.00555642658640068,616.7633510904756,KR24,CL72;CL80,4.627228499999999,-74.1419196,0.0,16.12747311830645,16.131959119596775,1004.0,124.0,0.0
260114,10583118,-74.1916052598,4.6259981491,CL 59 C  S- KR 88 C  02,2022,Octubre,23,domingo,11,28,Bosa,Choque,Vehículo,,Con Heridos,0,0,0,0,1,0,0,0,0,1,0,0,0,0,0,0,0,0,0,0,0,1,1002290.0,0.026533704924550747,2945.241246625133,AV.CL59SUR,CL59SUR;KR78C,4.6025243,-74.1792353,0.0,29.884294872136753,29.630863485470083,460.0,117.0,0.0
260115,10583133,-74.1118288199,4.6664280472,CL 26  - KR 72   02,2022,Octubre,25,martes,9,45,Fontibón,Choque,Vehículo,,Con Heridos,0,0,0,0,0,0,0,1,0,1,0,0,0,0,0,0,0,0,0,0,0,1,1000651.0,0.005774022296074225,640.916474864239,KR72,CL153;CL163,4.669980600000001,-74.1163806,0.0,36.64801388908334,36.599357872750005,3830.0,120.0,0.0
260116,10583351,-74.13943094198,4.61852842136,CL 26  S- KR 72 B  02,2022,Octubre,29,sábado,18,30,Kennedy,Choque,Vehículo,,Con Heridos,0,0,0,0,0,1,0,0,0,0,0,0,0,0,0,0,0,0,0,0,0,0,1000942.0,0.0035811088885934353,397.5030866338713,TV39,CL6;CL13,4.62102935,-74.1368678,1.0,16.951518817338712,16.336770161370968,437.0,124.0,1.0
260117,10583353,-74.14320377295,4.60105859523,CL 43 A  S- KR 68 I  02,2022,Octubre,29,sábado,9,0,Kennedy,Choque,Vehículo,,Con Heridos,0,0,0,0,0,1,0,0,0,0,1,0,1,0,0,1,0,0,0,0,0,0,1001056.0,0.002374014775782449,263.51564011185184,AV.P.MAYO,KR72;KR73D,4.5988866,-74.14224545,1.0,25.096388888666663,25.025936471833333,951.0,120.0,1.0
260118,10583361,-74.10122451966,4.74758414408,CL 142 B  - KR 111 A  02,2022,Octubre,28,viernes,17,0,Suba,Atropello,,,Con Heridos,0,0,0,0,0,1,1,1,0,0,0,0,0,0,0,0,0,0,0,0,0,0,1001707.0,0.008104821719305867,899.6352108429512,AV.SUBA,CL136;CL127,4.7425033,-74.09491,0.0,34.57569892483871,34.49244402491936,835.0,124.0,0.0
260119,10583364,-74.15904241956,4.55255042881,KR 27 A  - CL 71 C  02,2022,Octubre,26,miércoles,11,0,Ciudad Bolívar,Choque,Vehículo,,Con Heridos,1,0,0,0,1,0,0,0,0,0,0,0,0,0,0,0,0,0,0,0,0,0,1000297.0,0.043779929401394226,4859.572163554759,CL1,KR21;AV.CARACAS,4.59354105,-74.14366545,0.0,18.351458333362068,18.235801197758622,637.0,116.0,0.0
260120,10583366,-74.145360269,4.5621625075,KR 19 G  - CL 64  S 02,2022,Octubre,28,viernes,0,30,Ciudad Bolívar,Choque,Vehículo,,Con Heridos,0,0,0,0,0,1,0,0,0,0,0,0,0,0,0,0,0,0,0,0,0,0,1002271.0,0.027858094222520995,3092.2484586998303,KR72,KR1;KR4AE,4.582431,-74.12624845,0.0,27.671384408225805,27.412872951612904,477.0,124.0,0.0
260121,10583374,-74.1533961672,4.64333175116,KR 86  - AC 6 D  02,2022,Octubre,30,domingo,6,52,Kennedy,Choque,Vehículo,,Con Heridos,0,0,0,0,1,1,0,0,0,0,0,0,0,0,0,0,0,0,0,0,0,0,1001033.0,0.010738683521386594,1191.9938708739119,CL72,KR76;KR70,4.6540506,-74.15404855,0.0,23.79184139766129,23.193590750887097,755.0,124.0,0.0
260122,10583381,-74.0787449259,4.64260458439,KR 30  - CL 53   02,2022,Octubre,31,lunes,6,51,Teusaquillo,Choque,Vehículo,,Con Heridos,0,1,0,0,0,1,0,0,0,0,0,0,0,0,0,0,0,0,0,0,0,0,1001929.0,0.004107221853438603,455.90162573168493,CL57,TV25;AV.CARACAS,4.64651115,-74.07747685000001,1.0,14.581323924516129,13.039052419032258,368.0,124.0,1.0
260192,10583541,-74.13957002534,4.65594210117,AV AVENIDA CIUDAD DE CALI - CL 14   02,2022,Octubre,31,lunes,21,0,Kennedy,Choque,Vehículo,,Con Heridos,1,0,0,0,0,1,0,0,0,0,0,0,0,0,0,0,0,0,0,0,0,0,1001019.0,0.0046137351832337675,512.1246053389482,KR72,CL75;CL66A,4.65133785,-74.1398657,1.0,24.643064515806454,24.445653103709677,1919.0,124.0,1.0
260257,10582278,-74.1098612519,4.7034799317,KR 94  - CL 75   3,2022,Octubre,4,martes,11,0,Engativá,Volcamiento,,,Con Heridos,0,0,0,0,0,0,1,1,0,0,0,0,0,0,0,0,0,0,0,0,0,0,1000759.0,0.0077186439867313,856.7694825271743,KR80,CL26SUR;CL38CSUR,4.69774235,-74.10469815,0.0,19.94938034153846,19.720683174786323,626.0,117.0,0.0
260258,10582284,-74.04001663939,4.79170628401,AU NORTE - CL 215   02,2022,Octubre,6,jueves,21,25,Usaquén,Atropello,,,Con Muertos,0,0,0,0,0,0,1,0,0,0,1,0,0,0,0,0,0,0,0,0,0,0,1001829.0,0.03204973840815595,3557.52096330531,KR19,CL152;CL147,4.76739575,-74.06090165,0.0,18.031478494435486,17.978613799435482,577.0,124.0,0.0
260259,10582288,-74.118802177,4.49148834099998,KR 14  - CL 112  S 02,2022,Octubre,3,lunes,22,0,Usme,Choque,Vehículo,,Con Heridos,0,0,0,0,0,1,0,0,0,1,0,0,0,0,0,0,0,0,0,0,0,1,1001959.0,0.043549876541894066,4834.0362961502415,"CL19,KR3",KR5;CL22,4.5343054,-74.1108466,0.0,11.898682795645161,11.770511008790322,520.0,124.0,0.0
260260,10582724,-74.076,4.658,CL 64  - KR 28 A  02,2022,Octubre,15,sábado,19,50,Barrios Unidos,Volcamiento,,,Con Heridos,0,0,0,1,0,1,0,0,0,0,0,0,0,0,0,0,0,0,0,0,0,0,1000095.0,0.004131012918162564,458.5424339160446,KR7,CL153;CL162,4.6587847,-74.0800558,1.0,35.258319892580644,35.13848070209677,3389.0,124.0,1.0
260261,10582727,-74.081,4.686,CL 80  - KR 68 H  02,2022,Octubre,16,domingo,7,52,Engativá,Choque,Vehículo,,Solo Daños,0,0,0,0,0,0,0,0,0,0,0,0,0,0,0,0,0,0,0,0,0,0,1002026.0,0.0044633872610829635,495.43598598020895,AV.SUBA,SAN.MARTIN;CL94C,4.68380755,-74.08488779999999,1.0,29.115094086209677,29.043802803709678,636.0,124.0,1.0
260262,10582728,-74.149,4.667,CL 13  - KR 97   02,2022,Octubre,14,viernes,18,20,Fontibón,Choque,Vehículo,,Con Heridos,1,1,0,0,0,0,0,0,0,0,0,0,0,0,0,0,0,0,0,0,0,0,1000709.0,0.004154699279434368,461.1716200172149,TV86,KR91;CL90,4.668118,-74.15300145,1.0,26.57811827935484,26.400359387903226,1437.0,124.0,1.0
260263,10582729,-74.104,4.668,KR 70  - CL 53   02,2022,Octubre,17,lunes,1,40,Engativá,Choque,Vehículo,,Solo Daños,0,0,1,0,0,0,0,0,0,0,0,0,0,0,0,0,0,0,0,0,0,0,1002275.0,0.0009815447480895775,108.9514670379431,CL153,KR54;KR56,4.6682687000000005,-74.10494405,1.0,29.066263440806452,23.82489247298387,372.0,124.0,1.0
260264,10582732,-74.17073628,4.63918874199999,CL 41  S- KR 89 D  02,2022,Octubre,17,lunes,20,17,Kennedy,Choque,Vehículo,,Solo Daños,0,0,0,0,0,1,0,0,0,0,1,0,0,0,0,0,0,0,0,0,0,0,1000981.0,0.011778580739273514,1307.42246205936,DIAG16,KR90;KR97,4.6495069,-74.176417,0.0,34.119516129274196,34.06671978709678,1705.0,124.0,0.0
260308,10582497,-74.116,4.64,KR 68  - CL 17   02,2022,Octubre,8,sábado,16,28,Puente Aranda,Choque,Vehículo,,Solo Daños,0,0,0,0,0,0,0,0,0,0,1,0,1,0,0,1,0,0,0,0,0,0,1000029.0,0.00659822277965241,732.4027285414176,CL72,KR7;KR11,4.6439399,-74.11070720000001,0.0,14.66540322516129,14.574438817499999,505.0,124.0,0.0
260309,10582506,-74.065,4.671,KR 28  - CL 80   02,2022,Octubre,10,lunes,11,40,Barrios Unidos,Choque,Vehículo,,Con Heridos,0,0,0,0,0,0,0,1,0,0,1,0,1,1,0,0,0,0,1,0,0,0,1000338.0,0.002901218983891364,322.0353072119414,KR9,CL147;CL161,4.6704867,-74.06785545,1.0,29.663276352905985,29.43807746897436,688.0,117.0,1.0
260310,10582533,-74.084674145,4.58182386499999,KR 7  - CL 7  S 02,2022,Octubre,11,martes,6,0,San Cristóbal,Choque,Vehículo,,Con Heridos,0,0,0,0,0,1,0,0,0,1,0,0,0,0,0,0,0,0,0,0,0,1,1000308.0,0.008313934200497733,922.8466962552484,KR5,CL27;CL24,4.57422605,-74.08804975000001,0.0,28.208595430403225,27.355278781532256,529.0,124.0,0.0
260311,10582536,-74.142019577,4.60631364699998,AV AVENIDA BOYACA - CL 39 B  S 02,2022,Octubre,11,martes,22,15,Kennedy,Choque,Vehículo,,Con Heridos,0,0,0,0,0,0,0,0,0,1,0,0,0,0,0,0,0,0,0,0,0,1,1000291.0,0.003919969053883693,435.11656498108994,AV.CARACAS,CL6;CL13,4.60253905,-74.14096194999999,1.0,25.538481182983872,25.370093734354835,534.0,124.0,1.0
260312,10582538,-74.119,4.59,KR 30  - CL 35  S 02,2022,Octubre,10,lunes,21,30,Antonio Nariño,Choque,Vehículo,,Con Heridos,0,0,0,0,0,1,0,0,0,1,0,0,0,0,0,0,0,0,0,0,0,1,1000667.0,0.008127528588232702,902.15567329383,AV.P.MAYO,AV.CARACAS;KR10,4.5827155,-74.12260455,0.0,20.915053763467743,20.82653421322581,823.0,124.0,0.0
260313,10582544,-74.149,4.611,CL 40  S- KR 72 M  02,2022,Octubre,10,lunes,17,30,Kennedy,Choque,Vehículo,,Con Heridos,1,0,0,0,0,0,0,0,0,0,0,0,0,0,0,0,0,0,0,0,0,0,1001028.0,0.005710165200981284,633.8283373089225,KR72,CL3;AV.P.MAYO,4.611398400000001,-74.15469625,0.0,16.881706989193546,16.752181259516128,565.0,124.0,0.0
260314,10582549,-74.07054669,4.726408558,AV AVENIDA BOYACA - CL 134   02,2022,Octubre,9,domingo,8,30,Suba,Choque,,,Con Heridos,0,0,0,0,0,1,0,0,0,0,0,0,0,0,0,0,0,0,0,0,0,0,1000070.0,0.004657788803482953,517.0145571866078,CL92,KR15;KR11,4.7303056,-74.0679956,1.0,17.71838843016529,17.15003463214876,468.0,121.0,1.0
260315,10582552,-74.194,4.607,CL 71  S- KR 80 J  02,2022,Octubre,10,lunes,15,0,Bosa,Choque,Vehículo,,Con Heridos,1,0,0,0,0,0,0,0,0,0,0,0,0,0,0,0,0,0,0,0,0,0,1002290.0,0.015428164394380245,1712.5262477762071,AV.CL59SUR,CL59SUR;KR78C,4.6025243,-74.1792353,0.0,31.882137097016127,31.321057443790323,461.0,124.0,0.0
260316,10582561,-74.137459112,4.681669511,KR 103  - CL 23 G  02,2022,Octubre,10,lunes,17,0,Fontibón,Choque,Vehículo,,Con Heridos,1,0,0,0,0,0,0,0,0,0,1,0,1,0,0,1,0,0,0,0,0,0,1001344.0,0.008213888250247423,911.7415957774639,DIAG16,KR97;KR90,4.6757841,-74.14318885,0.0,24.71192204314516,24.361824733548385,1579.0,124.0,0.0
260317,10582562,-74.093,4.691,AK 68  - CL 75 A  02,2022,Octubre,10,lunes,13,30,Barrios Unidos,Choque,Vehículo,,Con Heridos,0,0,0,0,0,1,0,0,0,1,0,0,0,0,0,0,0,0,0,0,0,1,1000282.0,0.0016756035069544102,185.99198927193953,CL170,KR58;AV.BOYACA,4.6924967,-74.09224664999999,1.0,25.40883333325,25.305321185,1020.0,120.0,1.0
260372,10582892,-74.06,4.66,KR 14  - CL 73   02,2022,Octubre,18,martes,21,38,Chapinero,Choque,Vehículo,,Con Heridos,0,0,0,0,0,1,0,0,0,0,0,0,0,0,0,0,0,0,0,0,0,0,1000212.0,0.0020104963000454564,223.16508930504565,CL165,KR7;KR9,4.65801285,-74.0603055,1.0,14.046169354919355,13.262741935403225,372.0,124.0,1.0
260373,10582893,-74.098,4.589,KR 19  - CL 11  S 02,2022,Octubre,18,martes,6,1,Antonio Nariño,Choque,Vehículo,,Con Heridos,0,0,0,0,0,1,0,0,0,0,0,0,0,0,0,0,0,0,0,0,0,0,1000257.0,0.0012522827286644137,139.00338288174993,CL26,AV.CARACAS;KR32,4.58994465,-74.0988221,1.0,33.37904569919355,32.36983871,368.0,124.0,1.0
260374,10582894,-74.12,4.534,AV AVENIDA CARACAS - CL 65  S 02,2022,Octubre,18,martes,5,0,Usme,Choque,Objeto Fijo,Muro,Con Heridos,0,0,0,0,0,1,0,0,0,0,1,0,1,1,0,0,0,1,0,0,0,0,1001959.0,0.00915849336517991,1016.5927635349701,"CL19,KR3",KR5;CL22,4.5343054,-74.1108466,0.0,15.375517473225806,15.095195800241935,522.0,124.0,0.0
260375,10582895,-74.113,4.618,KR 50  - CL 4 C  02,2022,Octubre,18,martes,18,50,Puente Aranda,Choque,Vehículo,,Con Heridos,0,0,0,0,0,1,0,0,0,0,0,0,0,0,0,0,0,0,0,0,0,0,1000679.0,0.003482162262874836,386.5200111791068,CL1,KR25;KR21,4.62037305,-74.11045165,1.0,15.405000000080644,15.379950885806451,711.0,124.0,1.0
260376,10582896,-74.087,4.591,CL 1  - KR 12 A  02,2022,Octubre,18,martes,18,35,Santa Fe,Choque,Vehículo,,Con Heridos,0,0,0,0,0,1,0,1,0,1,0,0,0,0,0,0,0,0,0,0,0,1,1001961.0,0.004973238864154862,552.0295139211896,CL22,KR1;KR3,4.5900896,-74.08211080000001,1.0,12.8213833329,12.605309923,420.0,100.0,1.0
260377,10582897,-74.075,4.665,KR 30  - CL 70   02,2022,Octubre,18,martes,11,0,Barrios Unidos,Caida de ocupante,,,Con Heridos,0,0,0,0,0,0,0,1,0,0,1,0,1,1,0,0,0,0,1,0,0,0,1000202.0,0.004659655416713061,517.2217512551498,KR7,CL175;CL188,4.6690147500000005,-74.0773652,1.0,26.82625356128205,26.70315202700855,1616.0,117.0,1.0
260378,10582899,-74.106,4.579,AV AVENIDA CARACAS - CL 26 B  S 02,2022,Octubre,18,martes,16,30,Rafael Uribe Uribe,Choque,Vehículo,,Solo Daños,0,0,0,0,0,0,0,0,0,1,0,0,0,0,0,0,0,0,0,0,0,1,1000314.0,0.00572657442652373,635.649761344134,CL19,KR5;KR10,4.5844906000000005,-74.10762695,0.0,10.951505376451614,10.930079877258065,534.0,124.0,0.0
260379,10582900,-74.107,4.558,TV 4  E- CL 48 F  S 02,2022,Octubre,18,martes,15,28,San Cristóbal,Choque,Vehículo,,Con Heridos,0,0,0,0,1,0,1,0,0,0,0,0,0,0,0,0,0,0,0,0,0,0,1000325.0,0.019124629852752147,2122.8339136554882,AV.CARACAS,AV.PRIMERO_MAYO;CL11SUR,4.57490245,-74.11594754999999,0.0,21.12051490504065,20.876978319674798,366.0,123.0,0.0
260380,10582902,-74.063,4.637,KR 7  - CL 51   02,2022,Octubre,19,miércoles,16,16,Chapinero,Choque,Vehículo,,Solo Daños,0,0,0,0,0,0,0,0,0,0,0,0,0,0,0,0,0,0,0,0,0,0,1000007.0,0.0025828749335815547,286.6991176275526,KR7,CL121;CL116,4.635579,-74.06084315,1.0,17.97201612870968,17.935155805645163,4945.0,124.0,1.0
260381,10582903,-74.056,4.623,KR 3  E- CL 91   02,2022,Octubre,17,lunes,0,0,Chapinero,Volcamiento,,,Con Heridos,1,0,0,0,0,0,0,1,0,0,0,0,0,0,0,0,0,0,0,0,0,0,1000183.0,0.003991216342486814,443.0250140160363,KR7,CL94;CL106,4.61959405,-74.0580807,1.0,50.96762096790323,50.255818538951615,1767.0,124.0,1.0
260382,10582905,-74.124,4.618,TV 60  - DG 1  S 02,2022,Octubre,19,miércoles,19,4,Puente Aranda,Choque,Vehículo,,Solo Daños,1,0,0,0,0,0,0,1,0,0,0,0,0,0,0,0,0,0,0,0,0,0,1000298.0,0.006695266493956073,743.1745808291241,CL6,AV:CARACAS;KR19,4.61244345,-74.12773515,0.0,16.48678091435484,16.485056929112904,814.0,124.0,0.0
260383,10582906,-74.112,4.672,CL 51 A  - KR 74   02,2022,Octubre,18,martes,6,10,Engativá,Choque,Vehículo,,Solo Daños,0,0,0,0,0,0,0,0,0,0,0,0,0,0,0,0,0,0,0,0,0,0,1000320.0,0.0038744524626068977,430.06422334936565,KR72,CL169B;CL163,4.67551385,-74.11363225,1.0,34.251848118306455,34.26625867701613,2387.0,124.0,1.0
260384,10582922,-74.146,4.57,CL 60 A  - KR 23  S 02,2022,Octubre,19,miércoles,14,59,Ciudad Bolívar,Choque,Vehículo,,Con Heridos,0,0,0,0,0,1,0,0,0,0,0,0,0,0,0,0,0,0,0,0,0,0,1002271.0,0.023337812416811796,2590.4971782661096,KR72,KR1;KR4AE,4.582431,-74.12624845,0.0,18.5390555555,18.538049705833334,555.0,120.0,0.0
260385,10582923,-74.079,4.652,CL 63  - KR 35   02,2022,Octubre,20,jueves,23,0,Barrios Unidos,Choque,Vehículo,,Con Muertos,1,0,0,0,0,1,0,0,0,0,0,0,0,0,0,0,0,0,0,0,0,0,1002294.0,0.0019089810927498947,211.8969012952383,CL53,CL63;KR72,4.6511753,-74.07727835,1.0,19.62528225798387,17.8522903225,404.0,124.0,1.0
260386,10582924,-74.108,4.509,CL 81  S- KR 5 A  02,2022,Octubre,21,viernes,0,18,Usme,Choque,Objeto Fijo,Vehiculo Estacionado,Solo Daños,0,1,1,0,0,0,0,0,0,0,0,0,0,0,0,0,0,0,0,0,0,0,1001959.0,0.025465003450225048,2826.6153829749805,"CL19,KR3",KR5;CL22,4.5343054,-74.1108466,0.0,13.298037634435484,12.33996092548387,431.0,124.0,0.0
260387,10582937,-74.175,4.641,KR 92 B  - CL 42 F  S 02,2022,Octubre,20,jueves,7,0,Kennedy,Atropello,,,Con Heridos,0,0,0,0,1,1,1,0,0,0,0,0,0,0,0,0,0,0,0,0,0,0,1000981.0,0.008624107873282742,957.2759739343843,DIAG16,KR90;KR97,4.6495069,-74.176417,0.0,34.328024193629034,34.36615182056452,1766.0,124.0,0.0
260388,10582956,-74.097,4.643,CL 26  - KR 55   02,2022,Octubre,19,miércoles,20,5,Teusaquillo,Otro,,,Con Heridos,0,0,0,0,1,0,0,0,0,0,1,0,1,1,0,0,0,0,1,0,0,0,1000071.0,0.0014863801709176392,164.98819897185797,CL85,KR7;KR11,4.64152795,-74.0967941,1.0,10.084502688064516,9.007032258145161,392.0,124.0,1.0
260389,10582968,-74.183,4.63,KR 88 C  - CL 53 A  S 02,2022,Octubre,21,viernes,7,50,Bosa,Atropello,,,Con Heridos,0,0,0,0,0,0,1,1,0,0,0,0,0,0,0,0,0,0,0,0,0,0,1000981.0,0.02058773995877409,2285.239135423924,DIAG16,KR90;KR97,4.6495069,-74.176417,0.0,34.328024193629034,34.36615182056452,1766.0,124.0,0.0
260390,10582973,-74.068,4.647,KR 17  - CL 59   02,2022,Octubre,21,viernes,10,10,Teusaquillo,Choque,Vehículo,,Con Heridos,0,0,0,0,0,1,0,1,0,0,0,0,0,0,0,0,0,0,0,0,0,0,1002025.0,0.0021614193403871355,239.91754678297204,AUTONORTE,SANTA.FE;TOBERIN,4.64911745,-74.06756625,1.0,26.748013888583333,26.33425724175,498.0,120.0,1.0
260391,10582980,-74.093,4.597,CL 2  - KR 19 B  02,2022,Octubre,21,viernes,9,59,Los Mártires,Choque,Vehículo,,Con Heridos,0,0,0,0,0,1,0,0,0,0,0,0,0,0,0,0,0,0,0,0,0,0,1000943.0,0.0036955161831600074,410.2022963307608,TV39,CL13;CL19,4.6006855,-74.0932719,1.0,17.251236110833336,15.050469444416667,380.0,120.0,1.0
260392,10582987,-74.185,4.624,KR 87 B BIS - CL 56 B  S 02,2022,Octubre,21,viernes,16,0,Bosa,Choque,Vehículo,,Con Heridos,0,0,0,0,0,1,0,0,0,1,0,0,0,0,0,0,0,0,0,0,0,1,1002290.0,0.02223594964421349,2468.1904105076974,AV.CL59SUR,CL59SUR;KR78C,4.6025243,-74.1792353,0.0,33.85677419362903,32.40117588330645,447.0,124.0,0.0
260393,10582999,-74.065,4.659,CL 70 A  - KR 19   02,2022,Octubre,22,sábado,13,30,Barrios Unidos,Choque,Vehículo,,Con Heridos,0,0,0,0,0,1,0,0,0,0,0,0,0,0,0,0,0,0,0,0,0,0,1000707.0,0.0036291925165915532,402.8403693416624,CL13,KR47;KR39,4.6608924,-74.06190325,1.0,22.68541666691667,21.423410552083332,448.0,120.0,1.0
260394,10583002,-74.1171490653,4.6287049521,AV AVENIDA DE LAS AMERICAS - KR 62   02,2022,Octubre,22,sábado,1,30,Puente Aranda,Choque,Vehículo,,Con Heridos,1,0,0,0,1,0,0,0,0,0,0,0,0,0,0,0,0,0,0,0,0,0,1000988.0,0.0012950862032497373,143.75456856072086,CL80,KR76;KR71,4.628879899999999,-74.11586585,1.0,43.482715054032255,41.96848259516129,671.0,124.0,1.0
260430,10582422,-74.135,4.614,AV AVENIDA PRIMERO DE MAYO - KR 69 B  02,2022,Octubre,9,domingo,23,50,Kennedy,Choque,Vehículo,,Con Heridos,0,0,0,0,1,1,0,0,0,0,0,0,0,0,0,0,0,0,0,0,0,0,1001715.0,0.007256299760379848,805.4492734021632,"AV.AMERICAS,CL34",KR28;KR36,4.6069231,-74.13660355,0.0,33.60606182806451,28.95384408612903,371.0,124.0,0.0
260431,10582423,-74.062,4.699,CL 52  - KR 114   02,2022,Octubre,7,viernes,11,13,Suba,Caida de ocupante,,,Con Heridos,0,0,0,0,0,0,0,1,0,0,1,0,1,0,1,0,0,0,0,0,0,0,1001995.0,0.005167469679642745,573.5891344403447,AUTONORTE,CL100;VIRREY,4.6970145,-74.0667708,0.0,28.996951567179487,28.77979675923077,1186.0,117.0,0.0
260432,10582430,-74.11,4.59,AV AVENIDA PRIMERO DE MAYO - KR 28   02,2022,Octubre,9,domingo,9,30,Antonio Nariño,Atropello,,,Con Heridos,0,0,0,0,0,1,1,0,0,0,0,0,0,0,0,0,0,0,0,0,0,0,1000314.0,0.005998737755770438,665.8598908905186,CL19,KR5;KR10,4.5844906000000005,-74.10762695,0.0,11.533527777666666,11.4966012795,586.0,120.0,0.0
260433,10582435,-74.137,4.58,KR 28  - CL 52 F  S 02,2022,Octubre,7,viernes,8,0,Tunjuelito,Choque,Vehículo,,Con Heridos,0,0,0,0,0,0,0,0,0,1,1,0,0,0,0,0,0,0,0,0,1,1,1002271.0,0.011022957334689595,1223.548264150545,KR72,KR1;KR4AE,4.582431,-74.12624845,0.0,21.115096418347107,20.860381476859505,568.0,121.0,0.0
260434,10582436,-74.098,4.572,KR 10  - CL 25  S 02,2022,Octubre,8,sábado,3,10,San Cristóbal,Atropello,,,Con Heridos,0,0,0,0,0,0,1,0,0,0,0,0,0,0,0,0,0,0,0,0,0,0,1000309.0,0.005219731256015411,579.3901694177106,KR5,CL24;CL19,4.5750037500000005,-74.09373115,0.0,21.004919354919355,18.535150346048386,415.0,124.0,0.0
260435,10582579,-74.057,4.683,KR 45  - CL 95   02,2022,Octubre,11,martes,12,35,Chapinero,Choque,Vehículo,,Solo Daños,0,1,0,0,0,0,0,0,0,0,0,0,0,0,0,0,0,0,0,0,0,0,1000036.0,0.0013331146471653368,147.9757258353524,AUTONORTE,CL82;CL80,4.6830666,-74.05833145,1.0,25.639229691932776,25.29193480722689,517.0,119.0,1.0
260436,10582782,-74.082,4.575,CL 11  S- KR 1 BIS E 02,2022,Octubre,15,sábado,10,0,San Cristóbal,Choque,Vehículo,,Con Heridos,0,0,0,0,0,1,0,0,0,1,0,0,0,0,0,0,0,0,0,0,0,1,1000308.0,0.006099055145282966,676.9951211264092,KR5,CL27;CL24,4.57422605,-74.08804975000001,0.0,21.712208333249997,21.46311618575,692.0,120.0,0.0
260437,10583382,-74.19052062218,4.61821733041,KR 86  - CL 65  S 02,2022,Octubre,31,lunes,3,55,Bosa,Choque,Objeto Fijo,Valla-Señal,Con Heridos,0,0,0,0,0,0,0,0,0,0,0,0,0,0,0,0,0,0,0,0,0,0,1002290.0,0.019329503360294067,2145.5748729926413,AV.CL59SUR,CL59SUR;KR78C,4.6025243,-74.1792353,0.0,28.577432795564516,28.286371674274193,608.0,124.0,0.0
260438,10583396,-74.06936792319,4.68985816702,CL 100  - KR 65   02,2022,Octubre,31,lunes,9,0,Suba,Choque,Vehículo,,Con Heridos,1,0,0,0,0,0,0,0,0,1,0,0,0,0,0,0,0,0,0,0,0,1,1001831.0,0.004013362947634138,445.48328718738935,CL170,KR20;KR9,4.6937651,-74.07028604999999,1.0,27.263624999916665,27.307062550666668,947.0,120.0,1.0
260439,10583409,-74.11776033823,4.6758182292,CL 26  - TV 85   02,2022,Octubre,30,domingo,3,0,Fontibón,Choque,Vehículo,,Con Heridos,0,0,0,0,0,0,0,0,0,1,0,0,0,0,0,0,0,0,0,0,0,1,1000227.0,0.003495241438092754,387.9717996282957,KR72,CL170;CL169,4.67854075,-74.1155684,1.0,37.00487500016666,31.893305555666664,378.0,120.0,1.0
260440,10583411,-74.04281405394,4.74632515694,CL 166  - KR 19 B  02,2022,Octubre,31,lunes,21,14,Usaquén,Choque,Vehículo,,Con Heridos,0,0,0,0,0,1,0,0,0,0,0,0,0,0,0,0,0,0,0,0,0,0,1000221.0,0.010462240925155264,1161.3087426922343,CL147,KR15;KR19,4.738603400000001,-74.0498733,0.0,28.885215053629032,28.287502720080646,470.0,124.0,0.0
260441,10583412,-74.20859602873,4.61343442143,CL 84 C BIS S- KR 80 M  02,2022,Octubre,31,lunes,19,0,Bosa,Atropello,,,Con Heridos,0,0,0,0,1,1,1,0,0,0,0,0,0,0,0,0,0,0,0,0,0,0,1002290.0,0.03132224674530652,3476.769388729024,AV.CL59SUR,CL59SUR;KR78C,4.6025243,-74.1792353,0.0,33.26977150516129,31.811696177096774,449.0,124.0,0.0
260442,10583425,-74.076833576,4.71525057399998,CL 128  - KR 72   02,2022,Octubre,18,martes,21,30,Suba,Choque,Vehículo,,Solo Daños,0,0,0,0,0,0,0,0,0,0,0,0,0,0,0,0,0,0,0,0,0,0,1002013.0,0.0035403299082998893,392.9766198212877,AUTONORTE,CL127;PEPE.SIERRA,4.7124844,-74.07904314999999,1.0,45.66649193572581,45.55720430129032,372.0,124.0,1.0
260443,10583427,-74.03826502745,4.69077241062,KR 9  - CL 110   02,2022,Octubre,31,lunes,9,30,Usaquén,Choque,Vehículo,,Solo Daños,0,0,0,0,0,0,0,1,0,0,0,0,0,0,0,0,0,0,0,0,0,0,1000044.0,0.01125445565161447,1249.2445773292063,KR15,CL77;CL92,4.7007512,-74.0434695,0.0,19.589861111166666,18.216694444416664,359.0,120.0,0.0
260445,10583442,-74.08043471758,4.70902495303,AV AVENIDA BOYACA - CL 125   02,2022,Octubre,31,lunes,7,20,Suba,Choque,Vehículo,,Con Heridos,0,0,0,0,0,0,0,0,0,1,0,0,0,0,0,0,0,0,0,0,0,1,1002013.0,0.003728838112333484,413.90103046901675,AUTONORTE,CL127;PEPE.SIERRA,4.7124844,-74.07904314999999,1.0,37.7099999999187,37.7099999999187,367.0,123.0,1.0
260449,10583463,-74.13563994353,4.72119839489,CL 75  - KR 127   02,2022,Octubre,31,lunes,17,40,Engativá,Choque,Vehículo,,Con Heridos,1,0,0,0,1,0,0,1,0,0,0,0,0,0,0,0,0,0,0,0,0,0,1000720.0,0.01389253151008995,1542.0709976199846,KR86,CL13C;CL19A,4.71067115,-74.12657465000001,0.0,25.36096774185484,25.318069623225806,1139.0,124.0,0.0
260452,10583467,-74.123841437,4.64440723899997,CL 13  - KR 69 B  02,2022,Octubre,31,lunes,17,10,Fontibón,Choque,Vehículo,,Con Heridos,0,0,0,0,0,1,0,1,0,1,0,0,0,0,0,0,0,0,0,0,0,1,1000774.0,0.004412714157289919,489.811271459181,CL17,KR123;KR128,4.648816999999999,-74.12400285,1.0,12.455591397741935,12.28592876016129,1761.0,124.0,1.0
260534,10583582,-74.14158062297,4.66539684378,KR 96  - CL 16 I  02,2022,Octubre,31,lunes,19,10,Fontibón,Choque,Vehículo,,Con Heridos,0,0,1,0,0,0,0,1,0,0,0,0,0,0,0,0,0,0,0,0,0,0,1000648.0,0.00498850703151578,553.7242804982516,KR72,CL134;CL138,4.6698867,-74.14375465,1.0,30.993104838709677,30.9168044075,8234.0,124.0,1.0
260585,10582733,-74.059,4.676,KR 20  - CL 88   02,2022,Octubre,17,lunes,22,21,Chapinero,Choque,,,Solo Daños,0,0,0,0,0,0,0,0,0,0,0,0,0,0,0,0,0,0,0,0,0,0,1000035.0,0.006050932802468123,671.6535410739617,AUTONORTE,CL80;CL82,4.6801407,-74.0545877,0.0,24.00376344064516,23.68333609048387,1151.0,124.0,0.0
260586,10582734,-74.087168083,4.58197399400001,CL 8 A  S- KR 8   02,2022,Octubre,17,lunes,15,35,San Cristóbal,Choque,Vehículo,,Solo Daños,0,0,0,0,0,0,0,0,0,1,0,0,0,0,0,0,0,0,0,0,0,1,1000308.0,0.007797946712193285,865.5720850534547,KR5,CL27;CL24,4.57422605,-74.08804975000001,0.0,22.291491935,22.22408398782258,646.0,124.0,0.0
260705,10583004,-74.108723397,4.660862898,CL 26  - KR 69 D  02,2022,Octubre,22,sábado,7,22,Fontibón,Choque,Vehículo,,Con Heridos,0,0,0,0,0,1,0,0,0,1,0,0,0,0,0,0,0,0,0,0,0,1,1001014.0,0.0009608007480808023,106.64888303696905,KR72,CL138;CL153,4.66028985,-74.1094946,1.0,32.203750000080646,31.927106844516132,2770.0,124.0,1.0
260706,10583016,-74.081329892,4.60096886100001,AV AVENIDA CARACAS - CL 10   02,2022,Octubre,22,sábado,5,10,Santa Fe,Choque,Vehículo,,Con Heridos,0,0,0,0,0,1,0,0,0,0,0,0,0,0,0,0,0,0,0,0,0,0,1000204.0,0.0010222622916382723,113.47111437184822,KR7,CL39;CL45,4.60029015,-74.08056545,1.0,31.198857527096774,30.88935205387097,3266.0,124.0,1.0
260707,10583018,-74.108,4.679,CL 63  - KR 77   02,2022,Octubre,22,sábado,13,46,Engativá,Choque,Vehículo,,Con Heridos,0,1,0,0,0,1,0,0,0,0,0,0,0,0,0,0,0,0,0,0,0,0,1000228.0,0.0058729538096246965,651.8978728683413,KR72,CL169;CL170,4.6733282,-74.10647610000001,0.0,31.66847222225,31.37879905783333,918.0,120.0,0.0
260741,10583635,-74.06544116919,4.62733390939,KR 7  - CL 40   02,2022,Octubre,29,sábado,23,30,Chapinero,Choque,Vehículo,,Con Heridos,0,0,0,0,0,1,0,0,0,0,0,0,0,0,0,0,0,0,0,0,0,0,1000684.0,0.006539493362601909,725.8837632488119,KR27,CL13;CL6,4.62647265,-74.0719237,0.0,18.915309139919355,17.387065860564515,390.0,124.0,0.0
260745,10582798,-74.084,4.675,CL 68  - KR 65 B  02,2022,Octubre,16,domingo,23,20,Barrios Unidos,Choque,Vehículo,,Con Heridos,0,0,1,0,0,1,0,0,0,0,0,0,0,0,0,0,0,0,0,0,0,0,1000655.0,0.0027611549114453277,306.48819517043137,AV.CIRCUNVALAR,CL83;CL72,4.67771235,-74.08451685,1.0,49.535443548306446,43.30570711701613,412.0,124.0,1.0
260746,10582813,-74.132,4.611,CL 26  S- KR 68 G BIS  02,2022,Octubre,16,domingo,11,50,Kennedy,Choque,Vehículo,,Con Heridos,0,0,0,0,0,0,0,1,0,0,1,0,0,0,0,0,0,0,0,0,0,0,1000323.0,0.0036400557718940917,404.0461906802442,AV.CARACAS,CL11SUR;CL1,4.60736,-74.13197985,1.0,18.94597101469565,18.824360624086953,755.0,115.0,1.0
260747,10582819,-74.088,4.619,AK 30  - CL 19   02,2022,Octubre,15,sábado,23,0,Puente Aranda,Atropello,,,Con Muertos,0,0,0,0,0,1,1,0,0,0,0,0,0,0,0,0,0,0,0,0,0,0,1001991.0,0.0024145368189279785,268.0135869010056,NQS,GRAL.SANTANDER;KR68;,4.6181546,-74.0857383,1.0,38.62772849467742,34.39487701629032,401.0,124.0,1.0
260748,10582886,-74.051,4.667,KR 10  - CL 84 A  02,2022,Octubre,18,martes,12,40,Chapinero,Choque,Vehículo,,Con Heridos,0,0,0,0,0,1,0,0,0,0,0,0,0,0,0,0,0,0,0,0,0,0,1000992.0,0.0038669929312053707,429.23621536379613,CL80,KR89A;KR81,4.6638357,-74.0532228,1.0,20.53316384194915,20.31417514127119,359.0,118.0,1.0
260749,10582908,-74.086120878,4.60218360200003,KR 18  - CL 8 A  02,2022,Octubre,19,miércoles,19,0,Los Mártires,Choque,Vehículo,,Solo Daños,0,1,0,0,0,0,0,0,0,1,0,0,0,0,0,0,0,0,0,0,0,1,1001993.0,0.002918376376385922,323.9397777788373,AUTONORTE,VIRREY;CL82,4.599906,-74.0842962,1.0,29.427506720887095,29.410414424354837,1175.0,124.0,1.0
260750,10582925,-74.043,4.771,AU NORTE - CL 192   02,2022,Octubre,19,miércoles,21,0,Usaquén,Choque,Vehículo,,Solo Daños,0,1,0,0,0,0,0,1,0,0,0,0,0,0,0,0,0,0,0,0,0,0,1000222.0,0.013042067536339791,1447.669496533717,CL147,KR19;KR15,4.7597534,-74.04960375,0.0,15.143548386935484,15.038895522016128,485.0,124.0,0.0
260751,10582926,-74.13,4.56,CL 58 A  S- KR 12 D  02,2022,Octubre,19,miércoles,21,30,Tunjuelito,Choque,Vehículo,,Con Heridos,0,0,0,0,0,1,0,0,0,0,0,0,0,0,0,0,0,0,0,0,0,0,1000325.0,0.020483026314615658,2273.615920922338,AV.CARACAS,AV.PRIMERO_MAYO;CL11SUR,4.57490245,-74.11594754999999,0.0,22.85857526870968,22.790564516048384,372.0,124.0,0.0
260752,10582929,-74.12,4.635,KR 68 C  - CL 12   02,2022,Octubre,20,jueves,23,2,Kennedy,Choque,Objeto Fijo,Poste,Solo Daños,0,0,0,0,0,0,0,0,0,0,0,0,0,0,0,0,0,0,0,0,0,0,1000745.0,0.0006783144643140363,75.29290553885802,CL6,KR32;KR36,4.6343731,-74.12025905,1.0,33.43516129008065,30.355323924435485,389.0,124.0,1.0
260753,10582932,-74.139,4.562,KR 19  - CL 60  S 02,2022,Octubre,19,miércoles,18,40,Ciudad Bolívar,Choque,Vehículo,,Con Heridos,1,1,0,0,0,0,0,0,0,0,0,0,0,0,0,0,0,0,0,0,0,0,1002271.0,0.024083766075973786,2673.2980344330904,KR72,KR1;KR4AE,4.582431,-74.12624845,0.0,19.23857526862903,19.0471301175,638.0,124.0,0.0
260754,10582943,-74.125,4.711,CL 72  - KR 110   02,2022,Octubre,19,miércoles,17,30,Engativá,Choque,Vehículo,,Con Heridos,0,0,0,0,0,1,0,0,0,0,0,0,0,0,0,0,0,0,0,0,0,0,1000720.0,0.001608622064075081,178.557049112334,KR86,CL13C;CL19A,4.71067115,-74.12657465000001,1.0,25.36096774185484,25.318069623225806,1139.0,124.0,1.0
260755,10582953,-74.166,4.581,TV 72 D  - DG 69 C  02,2022,Octubre,22,sábado,19,30,Ciudad Bolívar,Choque,Vehículo,,Con Muertos,0,1,0,0,0,1,0,0,0,0,0,0,0,0,0,0,0,0,0,0,0,0,1001946.0,0.015171259535383822,1684.0098084276042,"AV.P.MAYO,CL26SUR",KR72;KR78K,4.5960945,-74.1644758,0.0,13.659146505887097,13.65261861185484,535.0,124.0,0.0
260756,10582959,-74.078,4.71,CL 127  - KR 71 B  02,2022,Octubre,20,jueves,16,35,Suba,Choque,Vehículo,,Con Heridos,0,0,0,0,0,1,0,1,0,0,0,0,0,0,0,0,0,0,0,0,0,0,1002013.0,0.0026945139232286844,299.091045478384,AUTONORTE,CL127;PEPE.SIERRA,4.7124844,-74.07904314999999,1.0,38.91307795717742,38.91307795717742,371.0,124.0,1.0
260757,10582960,-74.067,4.723,KR 58  - CL 132 A  02,2022,Octubre,20,jueves,19,0,Suba,Atropello,,,Con Heridos,0,0,0,0,0,0,1,0,0,0,0,0,0,0,0,0,0,0,0,0,0,0,1001054.0,0.0015474243777937504,171.7641059351063,KR68,KR64;AV.SUBA,4.72398195,-74.06580405,1.0,23.070362902741937,23.093876343709677,377.0,124.0,1.0
260769,10583486,-74.137849856,4.642258696,KR 73 B  - CL 10 A  02,2022,Octubre,31,lunes,7,20,Kennedy,Choque,Vehículo,,Solo Daños,0,0,0,0,0,0,0,0,0,0,0,0,0,0,0,0,0,0,0,0,0,0,1000994.0,0.00607700785970823,674.5478724276135,CL80,KR96;KR89A,4.645728399999999,-74.13286074999999,0.0,20.3525403225,20.318126391209677,1537.0,124.0,0.0
261126,10583341,-74.0712454695,4.69965815442,AC 116  - KR 70 B  02,2022,Octubre,27,jueves,13,21,Suba,Choque,Vehículo,,Con Heridos,0,0,0,0,0,0,0,1,0,0,0,0,0,0,0,0,0,0,0,0,0,0,1001995.0,0.005197266187776338,576.8965468431735,AUTONORTE,CL100;VIRREY,4.6970145,-74.0667708,0.0,29.519861111250002,29.26866561883333,1218.0,120.0,0.0
261127,10583342,-74.08793417399,4.54309334945,KR 11 BIS A E- CL 45 C  S 02,2022,Octubre,27,jueves,20,40,San Cristóbal,Choque,Vehículo,,Con Heridos,0,0,0,0,0,1,0,0,0,0,0,0,0,0,0,0,0,0,0,0,0,0,1001959.0,0.02453991281971597,2723.9303229884727,"CL19,KR3",KR5;CL22,4.5343054,-74.1108466,0.0,11.053508064435485,10.991895033225807,513.0,124.0,0.0
261128,10583344,-74.10414008086,4.58055740163,AV AVENIDA CARACAS - CL 24   02,2022,Octubre,29,sábado,22,0,Santa Fe,Choque,Vehículo,,Con Heridos,0,0,0,0,0,1,0,0,0,0,0,0,0,0,0,0,0,0,0,0,0,0,1000314.0,0.005256263484376855,583.4452467658309,CL19,KR5;KR10,4.5844906000000005,-74.10762695,0.0,13.150806451451613,13.112862478306452,549.0,124.0,0.0
261129,10583345,-74.08576158468,4.71285824693,CL 127 A  - KR 84   02,2022,Octubre,27,jueves,12,10,Suba,Choque,Vehículo,,Con Heridos,1,0,0,0,0,1,0,0,0,0,0,0,0,0,0,0,0,0,0,0,0,0,1000712.0,0.004743425350473495,526.5202139025579,KR86,CL66A;CL72,4.710509350000001,-74.08988260000001,1.0,13.359336158050846,13.20127396559322,919.0,118.0,1.0
261130,10583347,-74.09745601599,4.60192482986,KR 27  - CL 4   02,2022,Octubre,29,sábado,19,15,Los Mártires,Choque,Vehículo,,Con Heridos,0,0,1,0,0,1,0,0,0,0,0,0,0,0,0,0,0,0,0,0,0,0,1001948.0,0.00220243501451016,244.47028661062777,"KR50,CL13",CL5A;KR47,4.6041161,-74.0976775,1.0,14.491397849758064,12.169644777338709,380.0,124.0,1.0
261131,10583348,-74.06280187552,4.72286641245,CL 134  - KR 55 A  02,2022,Octubre,27,jueves,11,30,Suba,Caida de ocupante,,,Con Heridos,0,0,0,0,0,0,0,1,0,0,1,0,0,0,0,0,0,0,0,0,0,0,1000742.0,0.0029706746006549424,329.7448806726986,AV.SUBA,CL116;CL113,4.7209128,-74.0650398,1.0,28.97983477034483,28.687183864137932,936.0,116.0,1.0
261132,10583349,-74.06637457793,4.6163405304,KR 5  - CL 30 A  02,2022,Octubre,28,viernes,22,22,Santa Fe,Choque,Vehículo,,Con Heridos,0,0,0,0,0,1,0,0,0,1,0,0,0,0,0,0,0,0,0,0,0,1,1000020.0,0.007322938013454548,812.8461194934549,KR7,CL79;CL76,4.618767350000001,-74.07328369999999,0.0,26.452822580241936,26.156423460887098,2514.0,124.0,0.0
261133,10583354,-74.072036933,4.66900692399997,KR 30  - CL 74   02,2022,Octubre,27,jueves,12,5,Barrios Unidos,Choque,Vehículo,,Con Heridos,0,0,0,0,0,1,0,0,0,0,0,0,0,0,0,0,0,0,0,0,0,0,1000203.0,0.0022219456502767174,246.63596718071562,KR7,CL188;CL175,4.6708734,-74.0708314,1.0,21.665182072857142,20.774624271680672,752.0,119.0,1.0
261134,10583357,-74.13786617701,4.6708993725,KR 96 B  - CL 20 D  02,2022,Octubre,27,jueves,16,54,Fontibón,Choque,Vehículo,,Con Heridos,1,0,0,0,0,1,0,1,0,0,0,0,0,0,0,0,0,0,0,0,0,0,1000648.0,0.005974915877760709,663.2156624314387,KR72,CL134;CL138,4.6698867,-74.14375465,0.0,36.043239247580644,36.003060118145164,7635.0,124.0,0.0
261135,10583358,-74.0854075331,4.73533899347,KR 91 A  - CL 137   02,2022,Octubre,29,sábado,12,40,Suba,Choque,Vehículo,,Con Heridos,1,0,0,0,0,0,0,0,0,0,1,0,1,0,0,1,0,0,0,0,0,0,1000953.0,0.004641503370888435,515.2068741686163,AV.CORDOBA,AV.SUBA;CL127,4.73683785,-74.0810147,1.0,18.463149717288132,18.32939563313559,521.0,118.0,1.0
261139,10583365,-74.0746041177,4.72804844871,TV 76  - CL 136   02,2022,Octubre,30,domingo,7,0,Suba,Choque,Vehículo,,Con Heridos,1,0,0,0,0,1,0,0,0,0,0,0,0,0,0,0,0,0,0,0,0,0,1000070.0,0.006983354361421779,775.1523341178174,CL92,KR15;KR11,4.7303056,-74.0679956,0.0,19.356276881774193,18.7620360025,474.0,124.0,0.0
261140,10583367,-74.16761187498,4.64062625925,KR 89 C  - CL 38  S 02,2022,Octubre,30,domingo,21,35,Kennedy,Choque,Vehículo,,Con Heridos,0,0,0,0,0,1,0,0,0,1,0,0,0,0,0,0,0,0,0,0,0,1,1000981.0,0.012505838906225423,1388.148118591022,DIAG16,KR90;KR97,4.6495069,-74.176417,0.0,35.18975806467742,35.090784728548385,1500.0,124.0,0.0
261141,10583369,-74.16437017685,4.6181641049,CL 43  S- KR 74   02,2022,Octubre,30,domingo,18,31,Kennedy,Choque,Vehículo,,Con Heridos,0,0,0,0,0,1,0,0,0,1,0,0,0,0,0,0,0,0,0,0,0,1,1001028.0,0.011805067703872069,1310.3625151297997,KR72,CL3;AV.P.MAYO,4.611398400000001,-74.15469625,0.0,16.406827957096773,16.216066692419354,565.0,124.0,0.0
261456,10583370,-74.123681462,4.62242445099997,DG 2  - KR 66   02,2022,Octubre,28,viernes,21,10,Puente Aranda,Choque,Vehículo,,Con Heridos,0,0,0,0,0,1,0,0,0,0,0,0,0,0,0,0,0,0,0,0,0,0,1001711.0,0.006059311738210844,672.5836029414037,CL169B;CL170,KR58;KR20,4.6240064,-74.1178323,0.0,28.093467742741936,28.09653302612903,589.0,124.0,0.0
261457,10583371,-74.12263659422,4.58997925441,AU SUR - CL 37  S 02,2022,Octubre,28,viernes,19,30,Puente Aranda,Choque,Vehículo,,Con Heridos,0,0,0,0,0,1,0,0,0,0,0,0,0,0,0,0,0,0,0,0,0,0,1000667.0,0.007263825091563896,806.2845851635925,AV.P.MAYO,AV.CARACAS;KR10,4.5827155,-74.12260455,0.0,16.34813172032258,16.3071549,909.0,124.0,0.0
261458,10583376,-74.03958467428,4.74197882703,CL 163  - KR 16 C  02,2022,Octubre,29,sábado,0,10,Usaquén,Choque,Vehículo,,Con Heridos,0,0,0,0,0,1,0,0,0,0,0,0,0,0,0,0,0,0,0,0,0,0,1000081.0,0.007595381030700878,843.0872944077975,KR19,CL116;CL127,4.7391552,-74.03253365,0.0,21.50416666669355,18.779487903629033,394.0,124.0,0.0
261459,10583377,-74.19590381567,4.6208427033,KR 87 C  - CL 70  S 02,2022,Octubre,30,domingo,6,50,Bosa,Atropello,,,Con Heridos,0,0,0,0,0,0,1,0,0,1,0,0,0,0,0,0,0,0,0,0,0,1,1002290.0,0.024766980318605823,2749.1348153652466,AV.CL59SUR,CL59SUR;KR78C,4.6025243,-74.1792353,0.0,21.571075268548388,21.19583339717742,540.0,124.0,0.0
261460,10583389,-74.09744528715,4.70003774745,CL 80  - KR 81   02,2022,Octubre,31,lunes,22,0,Engativá,Atropello,,,Con Heridos,0,0,0,0,0,1,1,0,0,0,0,0,0,0,0,0,0,0,0,0,0,0,1000963.0,0.0024255290719792,269.2337269896912,CL72,KR64;KR70,4.7019356,-74.0989557,1.0,29.520793010564514,29.09231531604839,448.0,124.0,1.0
261461,10583391,-74.08038643782,4.68532435653,CL 80  - KR 68 C  02,2022,Octubre,31,lunes,7,30,Engativá,Choque,Vehículo,,Con Heridos,0,0,0,0,0,1,0,0,0,0,0,0,0,0,0,0,0,0,0,0,0,0,1002026.0,0.004750048791847192,527.2554158950383,AV.SUBA,SAN.MARTIN;CL94C,4.68380755,-74.08488779999999,1.0,29.115094086209677,29.043802803709678,636.0,124.0,1.0
261462,10583392,-74.11000875418,4.50370212577,KR 6  E- CL 33  S 02,2022,Octubre,30,domingo,14,20,Usme,Atropello,,,Con Heridos,0,0,0,0,0,1,1,0,0,0,0,0,0,0,0,0,0,0,0,0,0,0,1001959.0,0.030614741207703536,3398.2362740550925,"CL19,KR3",KR5;CL22,4.5343054,-74.1108466,0.0,10.829791666583333,10.617470256083333,546.0,120.0,0.0
261463,10583394,-74.03916624968,4.76196744109,CL 185  - KR 18   02,2022,Octubre,31,lunes,21,30,Usaquén,Choque,Vehículo,,Con Heridos,0,0,0,0,0,1,0,0,0,0,0,0,0,0,0,0,0,0,0,0,0,0,1000088.0,0.0074350369067761705,825.289096652155,KR19,CL159;CL152,4.7601672,-74.03195245,0.0,23.759233870806455,22.80138588064516,457.0,124.0,0.0
261464,10583398,-74.12693885748,4.64927738069,AV AVENIDA BOYACA - CL 13   02,2022,Octubre,29,sábado,5,19,Los Mártires,Atropello,,,Con Heridos,0,0,1,0,0,1,1,0,0,0,0,0,0,0,0,0,0,0,0,0,0,0,1000775.0,0.0012070898428611478,133.9869725575874,CL17,KR128;KR123,4.65006275,-74.1260222,1.0,14.317345429677419,14.129827456370966,2020.0,124.0,1.0
261465,10583408,-74.03874870282,4.72034837159,CL 140  - KR 12 B  02,2022,Octubre,31,lunes,23,0,Usaquén,Choque,Vehículo,,Con Heridos,0,0,0,0,0,1,0,0,0,0,0,0,0,0,0,0,0,0,0,0,0,0,1000051.0,0.00639057563000258,709.3538949302864,CL116,KR15;KR11,4.7180052,-74.0328032,0.0,18.71873655951613,15.366284946693549,382.0,124.0,0.0
261466,10583417,-74.13026479666,4.59529436507,CL 42 BIS S- KR 51 A  02,2022,Octubre,29,sábado,23,0,Puente Aranda,Choque,Vehículo,,Con Heridos,0,0,0,0,0,1,0,0,0,0,0,0,0,0,0,0,0,0,0,0,0,0,1000296.0,0.0022714973754220944,252.13620867185247,CL1,AV.CARACAS;KR21,4.5933419,-74.13142565,1.0,27.916075268790323,27.245038882580644,441.0,124.0,1.0
261467,10583419,-74.1089144129,4.58939106065,CL 22  S- KR 27   02,2022,Octubre,30,domingo,18,0,Antonio Nariño,Choque,Vehículo,,Con Heridos,1,0,0,0,0,1,0,1,0,0,0,0,0,0,0,0,0,0,0,0,0,0,1000314.0,0.005066761816100201,562.4105615871223,CL19,KR5;KR10,4.5844906000000005,-74.10762695,0.0,11.816733870887097,11.802045626129033,533.0,124.0,0.0
261468,10583420,-74.091022536,4.60602182700001,KR 24  - CL 9   02,2022,Octubre,30,domingo,17,28,Los Mártires,Choque,Vehículo,,Solo Daños,0,0,0,0,0,0,0,0,0,1,1,0,1,0,0,1,0,0,0,0,0,1,1000706.0,0.001164852796765175,129.2986604409344,CL13,KR39;KR47,4.6049832,-74.09049515000001,1.0,17.89360215064516,17.459280273870966,506.0,124.0,1.0
261469,10583421,-74.15398625319,4.67793546559,KR 111 A  - CL 17   02,2022,Octubre,30,domingo,10,40,Fontibón,Choque,Objeto Fijo,Otro,Solo Daños,0,0,0,0,0,0,0,0,0,0,0,0,0,0,0,0,0,0,0,0,0,0,1000982.0,0.003451644591967055,383.1325497083431,DIAG16,KR123;KR106,4.67875865,-74.15733829999999,1.0,25.833347222083333,25.6016561185,1519.0,120.0,1.0
261471,10583423,-74.11504057829,4.71344633756,CL 80  - KR 104   02,2022,Octubre,30,domingo,13,58,Engativá,Volcamiento,,,Con Heridos,0,0,0,0,0,1,0,0,0,0,0,0,0,0,0,0,0,0,0,0,0,0,1000720.0,0.011863240543993894,1316.8197003833222,KR86,CL13C;CL19A,4.71067115,-74.12657465000001,0.0,21.330000000166667,21.286397746916666,1195.0,120.0,0.0
261472,10583424,-74.05962614004,4.6721397831,KR 20  - CL 85   02,2022,Octubre,29,sábado,8,42,Chapinero,Choque,Vehículo,,Solo Daños,0,0,0,0,0,0,0,0,0,0,0,0,0,0,0,0,0,0,0,0,0,0,1000338.0,0.008393701576377187,931.7008749778678,KR9,CL147;CL161,4.6704867,-74.06785545,0.0,33.514366391487606,33.40213532157025,677.0,121.0,0.0
261473,10583426,-74.0674689192,4.61050156527,KR 5  - CL 26 A  02,2022,Octubre,31,lunes,11,37,Santa Fe,Choque,Vehículo,,Solo Daños,0,0,0,0,0,1,0,1,0,0,0,0,0,0,0,0,0,0,0,0,0,0,1000208.0,0.00593153748702543,658.4006610598227,KR7,CL63;CL72,4.609056150000001,-74.07322165,0.0,21.17849715076923,21.10748247017094,3497.0,117.0,0.0
261580,10583245,-74.17653290217,4.62401880334,KR 85  - CL 51 A  S 02,2022,Octubre,30,domingo,3,40,Bosa,Choque,Objeto Fijo,Vehiculo Estacionado,Con Muertos,0,1,0,0,0,1,0,0,0,0,0,0,0,0,0,0,0,0,0,0,0,0,1002290.0,0.02166371685249129,2404.672570626533,AV.CL59SUR,CL59SUR;KR78C,4.6025243,-74.1792353,0.0,28.577432795564516,28.286371674274193,608.0,124.0,0.0
261644,10581923,-74.08,4.71,CL 127  - AV AVENIDA BOYACA  02,2022,Octubre,16,domingo,0,42,Suba,Choque,Vehículo,,Solo Daños,0,0,0,0,0,0,0,0,0,1,0,0,0,0,0,0,0,0,0,0,0,1,1002013.0,0.0026622932375148295,295.5145493641461,AUTONORTE,CL127;PEPE.SIERRA,4.7124844,-74.07904314999999,1.0,52.478884408629035,52.04947580653226,371.0,124.0,1.0
261645,10582034,-74.179,4.597,AU SUR - CL 65  S 02,2022,Octubre,1,sábado,21,0,Bosa,Choque,Vehículo,,Con Heridos,1,0,0,0,0,0,0,0,0,0,1,0,1,1,0,0,0,0,1,0,0,0,1002290.0,0.005529308870011968,613.7532845713284,AV.CL59SUR,CL59SUR;KR78C,4.6025243,-74.1792353,0.0,29.91764784935484,29.317328244758066,508.0,124.0,0.0
261702,10582655,-74.088,4.66,CL 63  - KR 60   02,2022,Octubre,13,jueves,18,6,Barrios Unidos,Choque,Vehículo,,Con Heridos,0,0,0,0,0,1,0,0,0,0,0,0,0,0,0,0,0,0,0,0,0,0,1000979.0,0.004953886213114072,549.881369655662,CL53,KR27;KR50,4.6551241,-74.08712445,1.0,14.85627688185484,14.85067559483871,747.0,124.0,1.0
261703,10582656,-74.138,4.63,AV AVENIDA BOYACA - AV AVENIDA DE LAS AMERICAS  02,2022,Octubre,12,miércoles,14,46,Kennedy,Choque,,,Solo Daños,0,1,0,1,0,0,0,0,0,0,0,0,0,0,0,0,0,0,0,0,0,0,1000780.0,0.0038792973220078257,430.60200274286865,CL6,KR42;KR36,4.62659345,-74.1361441,1.0,22.24737500008333,21.980808522,1092.0,120.0,1.0
261704,10582657,-74.136,4.649,CL 12  - KR 79 A  02,2022,Octubre,11,martes,6,30,Kennedy,Choque,Vehículo,,Con Heridos,0,0,0,0,0,1,0,0,0,0,0,0,0,0,0,0,0,0,0,0,0,0,1001945.0,0.0022604025327292807,250.90468113295017,"KR78K,CL41SUR",CL26SUR;AV.P.MAYO,4.6477331,-74.134128,1.0,18.899495967741935,14.493138440887096,368.0,124.0,1.0
261705,10582662,-74.098,4.565,KR 5  - CL 31  S 02,2022,Octubre,12,miércoles,4,30,San Cristóbal,Choque,Vehículo,,Con Heridos,1,0,0,0,0,0,0,0,0,0,1,0,1,0,1,0,0,0,0,0,0,0,1000309.0,0.010876492742838728,1207.2906944550987,KR5,CL24;CL19,4.5750037500000005,-74.09373115,0.0,21.263830644919356,19.149595813790324,431.0,124.0,0.0
261706,10582672,-74.125835327,4.71641312600002,KR 113  - CL 75   02,2022,Octubre,14,viernes,17,30,Engativá,Choque,Vehículo,,Con Heridos,0,0,0,0,0,1,0,0,0,1,0,0,0,0,0,0,0,0,0,0,0,1,1000720.0,0.0057893770721167345,642.6208550049575,KR86,CL13C;CL19A,4.71067115,-74.12657465000001,0.0,25.36096774185484,25.318069623225806,1139.0,124.0,0.0
261707,10582674,-74.07717594,4.65860087700003,KR 30  - CL 64   02,2022,Octubre,13,jueves,14,0,Barrios Unidos,Choque,Vehículo,,Con Heridos,0,0,0,0,0,0,0,1,0,1,0,0,0,0,0,0,0,0,0,0,0,1,1000095.0,0.002885720796417795,320.31500840237527,KR7,CL153;CL162,4.6587847,-74.0800558,1.0,35.42779166641667,35.109971746250004,3195.0,120.0,1.0
261708,10582677,-74.062,4.681,CL 93  - KR 49   02,2022,Octubre,13,jueves,22,43,Barrios Unidos,Choque,Vehículo,,Con Heridos,0,0,0,0,0,1,0,0,0,0,0,0,0,0,0,0,0,0,0,0,0,0,1000036.0,0.0042105931485365965,467.3758394875622,AUTONORTE,CL82;CL80,4.6830666,-74.05833145,1.0,45.45759408645161,45.2041356567742,505.0,124.0,1.0
261709,10582681,-74.126,4.564,CL 52  S- KR 13 A  02,2022,Octubre,13,jueves,20,30,Tunjuelito,Choque,Vehículo,,Con Heridos,0,0,0,0,0,1,0,0,0,0,1,0,1,0,0,1,0,0,0,0,0,0,1000325.0,0.014829536978791606,1646.0786046458682,AV.CARACAS,AV.PRIMERO_MAYO;CL11SUR,4.57490245,-74.11594754999999,0.0,22.690833332903228,22.45547042967742,370.0,124.0,0.0
261794,10583477,-74.07533129378,4.6079018123,CL 19  - KR 13   02,2022,Octubre,2,domingo,1,59,Santa Fe,Choque,Vehículo,,Con Heridos,0,0,0,0,0,1,0,0,0,0,0,0,0,0,0,0,0,0,0,0,0,0,1000653.0,0.0013028809248266592,144.61978265575917,AV.CIRCUNVALAR,KR7;CL83,4.6066223,-74.07557695,1.0,46.99836065565574,36.354685792459016,365.0,122.0,1.0
261811,10583581,-74.1483965296,4.59513394984,AU SUR - KR 61 A  02,2022,Octubre,31,lunes,8,31,Ciudad Bolívar,Choque,Vehículo,,Con Muertos,0,0,0,0,0,1,0,0,0,0,1,0,1,0,0,1,0,0,0,0,0,0,1000297.0,0.004992038068952172,554.1162256536911,CL1,KR21;AV.CARACAS,4.59354105,-74.14366545,1.0,21.595977962066115,21.285464127438015,750.0,121.0,1.0
261818,10582361,-74.165,4.568,KR 42  - CL 74  S 02,2022,Octubre,8,sábado,20,56,Ciudad Bolívar,Atropello,,,Con Muertos,0,0,0,0,0,0,1,0,0,0,1,0,1,0,0,1,0,0,0,0,0,0,1001946.0,0.02809938995583438,3119.0322850976163,"AV.P.MAYO,CL26SUR",KR72;KR78K,4.5960945,-74.1644758,0.0,14.891290322096774,14.631157811774193,513.0,124.0,0.0
261819,10582393,-74.188,4.602,CL 68  S- KR 78   02,2022,Octubre,8,sábado,23,32,Bosa,Choque,Vehículo,,Con Heridos,0,0,0,0,0,1,0,0,0,0,0,0,0,0,0,0,0,0,0,0,0,0,1002290.0,0.008780367679089898,974.6208123789787,AV.CL59SUR,CL59SUR;KR78C,4.6025243,-74.1792353,0.0,27.17743279564516,26.925012454919354,645.0,124.0,0.0
261820,10582414,-74.111,4.709,CL 80  - KR 98   02,2022,Octubre,8,sábado,18,45,Engativá,Atropello,,,Con Heridos,0,0,0,0,0,1,1,0,0,0,0,0,0,0,0,0,0,0,0,0,0,0,1000722.0,0.012532275008651327,1391.0825259602973,KR86,CL10;CL13C,4.6984233,-74.11772245,0.0,31.660268817016128,31.553569076209676,1507.0,124.0,0.0
261821,10582416,-74.108352252,4.69101116899998,KR 86  - CL 68 A  02,2022,Octubre,8,sábado,16,30,Engativá,Choque,Vehículo,,Con Heridos,0,0,0,0,0,1,0,0,0,0,0,0,0,0,0,0,0,0,0,0,0,0,1001720.0,0.0033129221915697425,367.73436326424144,KR86,CL75BIS;CL85,4.6942582,-74.1076948,1.0,21.373817204435483,21.253258090564515,768.0,124.0,1.0
261846,10583428,-74.0776720423,4.69536499631,CL 98 B  - KR 70 C  02,2022,Octubre,31,lunes,9,9,Suba,Choque,Vehículo,,Solo Daños,0,0,0,0,0,0,0,0,0,0,1,0,0,0,0,0,0,0,0,0,0,0,1001728.0,0.0062726563351266085,696.2648531990535,KR68,CL19;CL13,4.6964728,-74.0838461,0.0,19.046089743173077,18.908097450865384,1134.0,104.0,0.0
261847,10583429,-74.11679003723,4.59497834483,AU SUR - CL 30  S 02,2022,Octubre,26,miércoles,18,53,Antonio Nariño,Choque,Vehículo,,Solo Daños,0,0,0,0,0,0,0,0,0,0,1,0,1,1,0,0,0,1,0,0,0,0,1000287.0,0.004679621762284093,519.4380156135343,AV.CARACAS,CL19;CL24,4.5992140500000005,-74.11480065,1.0,14.840537634596775,14.712805405403225,1206.0,124.0,1.0
261848,10583430,-74.1003742594,4.65710500348,KR 68  - CL 53   02,2022,Octubre,31,lunes,8,0,Teusaquillo,Choque,Vehículo,,Solo Daños,0,0,0,0,0,0,0,0,0,0,1,0,1,0,0,1,0,0,0,0,0,0,1001975.0,0.0015703402537509984,174.30776816636083,NQS,CL71A;SIMON-BOLIVAR,4.658674700000001,-74.1003293,1.0,38.47091304382609,38.1771275366087,338.0,115.0,1.0
261849,10583432,-74.11325042918,4.58559267517,CL 29 A  S- KR 26   02,2022,Octubre,30,domingo,13,10,Rafael Uribe Uribe,Choque,Vehículo,,Solo Daños,0,0,0,0,0,0,0,0,0,1,0,0,0,0,0,0,0,0,0,0,0,1,1000314.0,0.005730452666958214,636.0802460323617,CL19,KR5;KR10,4.5844906000000005,-74.10762695,0.0,10.961083333,10.86742003925,503.0,120.0,0.0
261851,10583440,-74.01991335337,4.66980331821,KR 8  E- CL 100   02,2022,Octubre,31,lunes,12,40,Chapinero,Caida de ocupante,,,Con Heridos,0,0,0,0,0,0,0,1,0,0,1,0,1,0,0,1,0,0,0,0,0,0,1000097.0,0.02891811037286654,3209.9102513881858,KR9,CL161;CL165,4.67150165,-74.04878155,0.0,19.783149717881358,19.716214689661015,350.0,118.0,0.0
261852,10583441,-74.09084168856,4.55588995465,KR 4  - CL 36 H  S 02,2022,Octubre,31,lunes,19,50,San Cristóbal,Caida de ocupante,,,Con Heridos,0,0,0,0,1,0,0,0,0,0,1,0,1,0,0,1,0,0,0,0,0,0,1000308.0,0.018547434151577204,2058.7651908250696,KR5,CL27;CL24,4.57422605,-74.08804975000001,0.0,22.971612903387093,22.92452303,606.0,124.0,0.0
261853,10583443,-74.06272140925,4.68850016555,AC 100  - KR 53   02,2022,Octubre,31,lunes,19,54,Suba,Choque,,,Con Heridos,0,0,0,0,0,0,0,1,0,0,1,0,1,0,0,1,0,0,0,0,0,0,1000773.0,0.002537676741859189,281.68211834637,KR50,CL33SUR;CL16SUR,4.6906399,-74.0613571,1.0,27.43650537653226,27.502820363709677,594.0,124.0,1.0
261961,10582080,-74.078,4.668,CL 70 A  - KR 55   02,2022,Octubre,2,domingo,14,0,Barrios Unidos,Choque,Vehículo,,Con Heridos,1,0,0,0,0,0,0,0,0,0,0,0,0,0,0,0,0,0,0,0,0,0,1000202.0,0.0011969497075905685,132.8614175425531,KR7,CL175;CL188,4.6690147500000005,-74.0773652,1.0,24.757069444000003,24.17549151533333,1767.0,120.0,1.0
261962,10582105,-74.112,4.656,CL 24  - KR 68 B  02,2022,Octubre,1,sábado,18,1,Fontibón,Choque,Vehículo,,Con Heridos,1,0,0,0,0,0,0,0,0,0,1,0,1,0,0,1,0,0,0,0,0,0,1001014.0,0.00496788105558598,551.4347971700438,KR72,CL138;CL153,4.66028985,-74.1094946,1.0,20.898951613387098,20.79134646,3057.0,124.0,1.0
261963,10582138,-74.121,4.589,TV 26 H  - CL 35 C  S 02,2022,Octubre,1,sábado,12,18,Antonio Nariño,Choque,Vehículo,,Solo Daños,0,1,0,0,0,0,0,0,0,0,0,0,0,0,0,0,0,0,0,0,0,0,1000667.0,0.006486102138614468,719.957337386206,AV.P.MAYO,AV.CARACAS;KR10,4.5827155,-74.12260455,0.0,20.406129943644068,20.340678541864406,775.0,118.0,0.0
261964,10582161,-74.074,4.627,CL 39  - KR 20   02,2022,Octubre,4,martes,9,2,Teusaquillo,Choque,Vehículo,,Solo Daños,0,0,0,0,0,0,0,0,0,1,1,0,0,0,0,0,0,0,0,0,0,1,1001832.0,0.00046537022895585726,51.65609541410016,CL170;CL169B,KR20;KR58,4.6265432,-74.0739111,1.0,26.7388055555,26.759171593583336,547.0,120.0,1.0
261966,10582174,-74.058,4.682,AU NORTE - CL 94   02,2022,Octubre,2,domingo,14,41,Chapinero,Choque,Vehículo,,Solo Daños,0,1,0,0,0,0,0,0,0,0,0,0,0,0,0,0,0,0,0,0,0,0,1000036.0,0.0011169130057855363,123.97734364219453,AUTONORTE,CL82;CL80,4.6830666,-74.05833145,1.0,28.310305555583334,28.196496491416667,522.0,120.0,1.0
261967,10582179,-74.12,4.656,AV AVENIDA BOYACA - CL 22   02,2022,Octubre,3,lunes,22,30,Fontibón,Choque,Vehículo,,Con Heridos,0,0,0,0,0,1,0,0,0,0,0,0,0,0,0,0,0,0,0,0,0,0,1000774.0,0.008223034544646006,912.7568344557067,CL17,KR123;KR128,4.648816999999999,-74.12400285,0.0,24.843172042741934,24.82694298483871,1301.0,124.0,0.0
261968,10582180,-74.063,4.639,KR 7  - CL 53   02,2022,Octubre,3,lunes,9,40,Chapinero,Choque,Vehículo,,Solo Daños,0,0,0,0,0,1,0,0,0,1,0,0,0,0,0,0,0,0,0,0,0,1,1000941.0,0.002059492542470363,228.6036722142103,CL24,KR10;KR5,4.6406639,-74.06421365,1.0,11.544263888833333,10.5292458335,399.0,120.0,1.0
261969,10582184,-74.093,4.666,KR 68  - CL 63   02,2022,Octubre,1,sábado,14,17,Teusaquillo,Choque,Vehículo,,Solo Daños,0,0,0,0,0,0,0,0,0,0,1,0,1,0,0,1,0,0,0,0,0,0,1000647.0,0.0013486728152084708,149.70268248814025,KR72,CL163;CL153,4.6669198000000005,-74.09398635,1.0,25.43909722258333,24.203259779833335,3004.0,120.0,1.0
261970,10582210,-74.183,4.613,CL 59  S- KR 81 A  02,2022,Octubre,3,lunes,20,38,Bosa,Choque,Vehículo,,Con Heridos,0,0,0,0,0,1,0,0,0,0,0,0,0,0,0,0,0,0,0,0,0,0,1002290.0,0.01113163314972474,1235.6112796194461,AV.CL59SUR,CL59SUR;KR78C,4.6025243,-74.1792353,0.0,33.12814516129033,32.36583755725807,456.0,124.0,0.0
261971,10582217,-74.061,4.619,AV AVENIDA CIRCUNVALAR DEL SUR - CL 35   02,2022,Octubre,4,martes,8,55,Santa Fe,Choque,Vehículo,,Con Heridos,0,0,0,0,0,0,0,1,0,0,0,0,0,0,0,0,0,0,0,0,0,0,1000183.0,0.002979128713653074,330.6832872154912,KR7,CL94;CL106,4.61959405,-74.0580807,1.0,35.15881542669421,34.81695407123967,5116.0,121.0,1.0
261972,10582219,-74.055,4.719,CL 134  - KR 49   02,2022,Octubre,2,domingo,6,45,Suba,Choque,Objeto Fijo,Semaforo,Solo Daños,0,0,0,0,0,0,0,0,0,0,0,0,0,0,0,0,0,0,0,0,0,0,1001953.0,0.002632504327159085,292.2079803146584,CL100,KR15;KR11,4.720507899999999,-74.05715785000001,1.0,33.15678763435484,29.30970430096774,369.0,124.0,1.0
261973,10582239,-74.176,4.614,KR 80  - CL 57   02,2022,Octubre,4,martes,17,24,Kennedy,Choque,Vehículo,,Con Heridos,1,0,0,0,0,0,0,0,0,0,1,0,1,0,0,1,0,0,0,0,0,0,1002290.0,0.011923038898703735,1323.4573177561147,AV.CL59SUR,CL59SUR;KR78C,4.6025243,-74.1792353,0.0,32.90294354782258,32.80367204274194,451.0,124.0,0.0
261974,10582242,-74.055,4.677,DG 92  - KR 19   02,2022,Octubre,5,miércoles,12,15,Chapinero,Volcamiento,,,Con Heridos,0,0,0,0,0,1,0,0,0,0,0,0,0,0,0,0,0,0,0,0,0,0,1000035.0,0.0031676470415765235,351.6088216149941,AUTONORTE,CL80;CL82,4.6801407,-74.0545877,1.0,17.467296918823532,17.236475884201678,1373.0,119.0,1.0
261975,10582243,-74.061,4.641,CL 54 A  - KR 4   02,2022,Octubre,4,martes,22,26,Chapinero,Choque,Vehículo,,Solo Daños,0,0,0,0,0,0,0,0,0,0,0,0,0,0,0,0,0,0,0,0,0,0,1000941.0,0.003231177731485826,358.66072819492666,CL24,KR10;KR5,4.6406639,-74.06421365,1.0,13.81274193516129,12.458354166129032,400.0,124.0,1.0
261976,10582250,-74.083,4.673,CL 68  - KR 62   02,2022,Octubre,4,martes,19,0,Barrios Unidos,Atropello,,,Solo Daños,0,0,1,0,0,0,0,1,0,0,0,0,0,0,0,0,0,0,0,0,0,0,1001012.0,0.0026824464440207783,297.75155528630637,CL53,KR50;KR60,4.67429045,-74.08064834999999,1.0,16.95805779580645,16.77630739532258,743.0,124.0,1.0
261977,10582390,-74.043,4.704,CL 127  - KR 15   02,2022,Octubre,8,sábado,23,20,Usaquén,Choque,Vehículo,,Con Heridos,0,0,0,0,0,1,0,0,0,0,1,0,1,0,0,1,0,0,0,0,0,0,1002018.0,0.0013320738868420178,147.86020143946396,AUTONORTE,ALCALA;CL146,4.705305,-74.0427328,1.0,47.26069209033898,42.63074354322034,392.0,118.0,1.0
261978,10582394,-74.156,4.588,CL 66 A  S- KR 66   02,2022,Octubre,8,sábado,13,50,Ciudad Bolívar,Atropello,,,Con Heridos,0,0,0,0,0,0,1,0,0,0,0,0,0,0,0,0,0,0,0,0,0,0,1001946.0,0.011720073203269456,1300.9281255629096,"AV.P.MAYO,CL26SUR",KR72;KR78K,4.5960945,-74.1644758,0.0,13.489513888583334,13.262629364833334,440.0,120.0,0.0
261979,10582395,-74.124,4.575,DG 44  S- KR 20   02,2022,Octubre,8,sábado,6,0,Rafael Uribe Uribe,Choque,Vehículo,,Con Heridos,0,0,0,0,0,1,0,0,0,0,1,0,1,0,0,1,0,0,0,0,0,0,1001976.0,0.005816186567244799,645.5967089641726,NQS,KR24;CL100,4.57921725,-74.11999465,0.0,42.041842105526314,33.37879198039474,254.0,76.0,0.0
262020,10582686,-74.095,4.561,CL 31 F  - KR 1  S 02,2022,Octubre,13,jueves,21,10,San Cristóbal,Atropello,,,Con Heridos,0,0,0,0,0,0,1,1,0,1,0,0,0,0,0,0,0,0,0,0,0,1,1000309.0,0.014061116398957133,1560.7839202842417,KR5,CL24;CL19,4.5750037500000005,-74.09373115,0.0,12.700376343951614,12.644394222741935,626.0,124.0,0.0
262021,10582689,-74.094,4.612,KR 30  - CL 12   02,2022,Octubre,14,viernes,19,29,Puente Aranda,Choque,Vehículo,,Con Heridos,0,0,0,0,0,1,0,0,0,0,0,0,0,0,0,0,0,0,0,0,0,0,1000278.0,0.00426049877743089,472.9153642948288,CL53,KR7;AV.CARACAS,4.61582185,-74.09588289999999,1.0,11.095739247419356,10.743189516209677,417.0,124.0,1.0
262022,10582698,-74.068,4.647,KR 17  - CL 59   02,2022,Octubre,13,jueves,17,10,Teusaquillo,Choque,Vehículo,,Con Heridos,0,0,0,0,0,1,0,0,0,0,0,0,0,0,0,0,0,0,0,0,0,0,1002025.0,0.0021614193403871355,239.91754678297204,AUTONORTE,SANTA.FE;TOBERIN,4.64911745,-74.06756625,1.0,19.73655914,19.707210797580643,564.0,124.0,1.0
262023,10582700,-74.1,4.648,KR 60  - CL 26   02,2022,Octubre,14,viernes,11,30,Barrios Unidos,Volcamiento,,,Solo Daños,0,0,0,0,0,1,0,0,0,0,0,0,0,0,0,0,0,0,0,0,0,0,1000004.0,0.004337147497206476,481.42337218991884,KR7,CL127;CL134,4.6511129,-74.09697994999999,1.0,40.95318965525862,40.696292088017245,3874.0,116.0,1.0
262024,10582703,-74.13269545,4.56725009000002,CL 55  S- KR 19   02,2022,Octubre,12,miércoles,23,45,Tunjuelito,Choque,Objeto Fijo,Poste,Solo Daños,0,0,0,0,0,0,0,0,0,0,0,0,0,0,0,0,0,0,0,0,0,0,1002271.0,0.016493145164807092,1830.7391132935873,KR72,KR1;KR4AE,4.582431,-74.12624845,0.0,24.713669354596774,24.829934736209676,524.0,124.0,0.0
262025,10582738,-74.097,4.689,CL 72  - KR 73 A  02,2022,Octubre,15,sábado,17,21,Engativá,Choque,Vehículo,,Con Heridos,1,0,0,0,0,0,0,1,0,0,1,0,1,0,0,1,0,0,0,0,0,0,1000226.0,0.0037946066363959475,421.20133663995017,K15,CL134;CL147,4.68529385,-74.09618545000001,1.0,12.470833332983872,11.124370967338711,389.0,124.0,1.0
262026,10582750,-74.138,4.595,CL 45 A  S- KR 53   02,2022,Octubre,16,domingo,3,40,Tunjuelito,Atropello,,,Con Heridos,0,0,0,0,0,0,1,0,0,0,0,0,0,0,0,0,0,0,0,0,0,0,1001949.0,0.003136495941736642,348.1510495327672,"AV.AMERICAS,KR50",KR36;CL17,4.5980143,-74.13713304999999,1.0,80.99708333330645,77.23363546475807,444.0,124.0,1.0
262027,10582751,-74.065,4.69,AV AVENIDA TRANSVERSAL DE SUBA - KR 102 A  02,2022,Octubre,15,sábado,1,30,Suba,Choque,Vehículo,,Con Heridos,1,0,0,0,0,0,0,0,0,1,0,0,0,0,0,0,0,0,0,0,0,1,1000773.0,0.0036986744138973317,410.5528599426038,KR50,CL33SUR;CL16SUR,4.6906399,-74.0613571,1.0,38.691088709919356,35.36785915903226,428.0,124.0,1.0
262028,10582753,-74.104,4.751,AV AVENIDA TRANSVERSAL DE SUBA - CL 130   02,2022,Octubre,14,viernes,12,50,Suba,Choque,Vehículo,,Con Heridos,1,0,0,0,0,0,0,1,0,0,0,0,0,0,0,0,0,0,0,0,0,0,1000951.0,0.012337234511833918,1369.433030813565,AV.SUBA,CL127;HUMEDAL.CORDOBA,4.7388854,-74.1016668,0.0,27.398502825084744,27.5382215079661,1384.0,118.0,0.0
262029,10582757,-74.095,4.706,CL 84 A  - KR 81 A  02,2022,Octubre,14,viernes,13,0,Engativá,Atropello,,,Con Heridos,0,0,0,0,0,1,1,1,0,0,0,0,0,0,0,0,0,0,0,0,0,0,1000963.0,0.0056715879478372415,629.5462622099338,CL72,KR64;KR70,4.7019356,-74.0989557,0.0,14.817166666666667,14.711160449833333,471.0,120.0,0.0
262030,10582759,-74.145,4.568,AV AVENIDA CIUDAD DE VILLAVICENCIO - KR 22 B  02,2022,Octubre,17,lunes,3,50,Ciudad Bolívar,Choque,Vehículo,,Con Heridos,0,1,0,0,0,0,0,0,0,1,0,0,0,0,0,0,0,0,0,0,0,1,1002271.0,0.023661664954143492,2626.4448099099277,KR72,KR1;KR4AE,4.582431,-74.12624845,0.0,25.12978494620968,24.60035195879032,486.0,124.0,0.0
262031,10582760,-74.079,4.639,KR 30  - CL 49 A  02,2022,Octubre,14,viernes,19,0,Teusaquillo,Otro,,,Con Heridos,0,0,0,0,0,1,0,0,0,0,0,0,0,0,0,0,0,0,0,0,0,0,1000010.0,0.00513134329902692,569.5791061919882,KR7,CL112;CL116,4.63540275,-74.0753407,0.0,21.101989247258064,21.412753971935484,3589.0,124.0,0.0
262032,10582762,-74.076833576,4.71525057399998,CL 128  - KR 72   02,2022,Octubre,14,viernes,5,30,Suba,Choque,Vehículo,,Con Heridos,0,0,0,0,0,1,0,0,0,1,0,0,0,0,0,0,0,0,0,0,0,1,1002013.0,0.0035403299082998893,392.9766198212877,AUTONORTE,CL127;PEPE.SIERRA,4.7124844,-74.07904314999999,1.0,44.57235930766233,39.19560606077922,226.0,77.0,1.0
262033,10582763,-74.08,4.591,KR 7 A  E- CL 5   02,2022,Octubre,16,domingo,18,19,Santa Fe,Atropello,,,Con Heridos,0,0,0,0,1,0,1,0,0,0,0,0,0,0,0,0,0,0,0,0,0,0,1001961.0,0.0022987615796441294,255.16253534049838,CL22,KR1;KR3,4.5900896,-74.08211080000001,1.0,12.8213833329,12.605309923,420.0,100.0,1.0
262034,10582764,-74.118,4.689,CL 63  - KR 93   02,2022,Octubre,15,sábado,13,47,Engativá,Choque,Vehículo,,Con Heridos,0,0,0,0,0,1,0,0,0,0,1,0,1,0,0,1,0,0,0,0,0,0,1000238.0,0.005702390852310364,632.9653846064504,CL134,KR58;KR53,4.68384265,-74.1204329,0.0,29.684722221916665,29.452158018499997,962.0,120.0,0.0
262035,10582766,-74.071674668,4.58015815300001,CL 1 A  - KR 10 A  E 02,2022,Octubre,15,sábado,8,30,Santa Fe,Atropello,,,Con Heridos,0,0,0,0,0,0,1,0,0,1,0,0,0,0,0,0,0,0,0,0,0,1,1000028.0,0.007268270349520145,806.7780087967361,KR11,CL94;CL92,4.58677215,-74.0686609,0.0,10.015495868016528,9.849644657190083,537.0,121.0,0.0
262036,10582767,-74.075,4.72,AV AVENIDA TRANSVERSAL DE SUBA - CL 129   02,2022,Octubre,18,martes,22,30,Suba,Choque,Vehículo,,Solo Daños,0,0,0,0,0,0,0,0,0,1,0,0,0,0,0,0,0,0,0,0,0,1,1001047.0,0.005447252401902323,604.6450166111579,KR68,CL66;CL19,4.718268699999999,-74.0801648,0.0,30.177025862068966,30.18622578603448,557.0,116.0,0.0
262037,10582768,-74.062,4.642,KR 7  - CL 56   02,2022,Octubre,14,viernes,18,0,Chapinero,Atropello,,,Con Heridos,1,0,0,0,0,0,1,0,0,0,0,0,0,0,0,0,0,0,0,0,0,0,1000941.0,0.0025856158903651044,287.0033638305266,CL24,KR10;KR5,4.6406639,-74.06421365,1.0,10.688346774435484,9.262352726612903,399.0,124.0,1.0
262038,10582769,-74.166,4.638,CL 38  S- KR 87 I  02,2022,Octubre,15,sábado,17,33,Kennedy,Choque,Vehículo,,Con Heridos,0,0,0,0,1,0,0,0,0,0,1,0,1,0,0,1,0,0,0,0,0,0,1000981.0,0.015521682789249805,1722.9067896067284,DIAG16,KR90;KR97,4.6495069,-74.176417,0.0,32.02990591435484,31.820492834516127,1694.0,124.0,0.0
262039,10582770,-74.087,4.723,KR 88 A BIS - CL 129   02,2022,Octubre,14,viernes,17,30,Suba,Atropello,,,Con Heridos,0,0,0,0,0,1,1,0,0,0,0,0,0,0,0,0,0,0,0,0,0,0,1000736.0,0.0024302327157055955,269.7558314433211,CL100,AV.SUBA;KR49,4.7234155,-74.08939445,1.0,18.284354838145163,18.26094827516129,1045.0,124.0,1.0
262040,10582772,-74.093,4.753,KR 104  - CL 152 C  02,2022,Octubre,14,viernes,15,24,Suba,Atropello,,,Con Heridos,0,0,0,0,0,0,1,0,0,0,0,0,0,0,0,0,0,0,0,0,0,0,1001707.0,0.010669058575618664,1184.2655018936716,AV.SUBA,CL136;CL127,4.7425033,-74.09491,0.0,34.169180107580644,33.98944790895161,841.0,124.0,0.0
262041,10582774,-74.13,4.646,KR 72  - CL 12 B  02,2022,Octubre,15,sábado,15,42,Kennedy,Atropello,,,Con Heridos,0,0,0,0,0,1,1,0,0,0,0,0,0,0,0,0,0,0,0,0,0,0,1000994.0,0.0028736139480590897,318.97114823455894,CL80,KR96;KR89A,4.645728399999999,-74.13286074999999,1.0,22.975658602419355,22.846849668225804,1307.0,124.0,1.0
262116,10582027,-74.106,4.585,CL 22  - KR 24 c  02,2022,Octubre,2,domingo,4,0,Antonio Nariño,Choque,Vehículo,,Solo Daños,0,0,0,0,0,0,0,0,0,1,0,0,0,0,0,0,0,0,0,0,0,1,1000314.0,0.0017048327373986995,189.23643385125564,CL19,KR5;KR10,4.5844906000000005,-74.10762695,1.0,20.56557795677419,18.887127792741936,431.0,124.0,1.0
262119,10582047,-74.11,4.687,CL 64 K  - TV 85   02,2022,Octubre,1,sábado,7,46,Engativá,Choque,Vehículo,,Con Heridos,1,0,0,0,0,0,0,0,0,1,0,0,0,0,0,0,0,0,0,0,0,1,1001720.0,0.007615472032643497,845.3173956234282,KR86,CL75BIS;CL85,4.6942582,-74.1076948,0.0,25.288293010483873,25.24434921798387,654.0,124.0,0.0
262120,10582058,-74.153,4.632,KR 79 C BIS - DG 2   02,2022,Octubre,1,sábado,16,20,Kennedy,Choque,Vehículo,,Con Heridos,1,0,0,0,0,1,0,0,0,0,0,0,0,0,0,0,0,0,0,0,0,0,1001031.0,0.008588647920511528,953.3399191767796,KR72,CL43AS;KR69B,4.623493,-74.15181855,0.0,19.282674731048385,19.32001013201613,2245.0,124.0,0.0
262121,10582061,-74.188,4.612,KR 81 F  - CL 65   02,2022,Octubre,1,sábado,15,6,Bosa,Choque,Vehículo,,Con Heridos,0,0,0,0,0,1,0,0,0,1,0,0,0,0,0,0,0,0,0,0,0,1,1002290.0,0.012907705318142839,1432.755290313855,AV.CL59SUR,CL59SUR;KR78C,4.6025243,-74.1792353,0.0,31.882137097016127,31.321057443790323,461.0,124.0,0.0
262122,10582064,-74.078,4.651,KR 30  - CL 62   02,2022,Octubre,1,sábado,15,15,Teusaquillo,Choque,Vehículo,,Con Heridos,0,0,0,0,0,0,0,1,0,1,0,0,0,0,0,0,0,0,0,0,0,1,1002294.0,0.0007426363931992722,82.43263964511921,CL53,CL63;KR72,4.6511753,-74.07727835,1.0,11.771097561300813,11.449500484390244,462.0,123.0,1.0
262124,10582066,-74.032,4.733,KR 9  - CL 155   02,2022,Octubre,1,sábado,12,0,Usaquén,Choque,Vehículo,,Solo Daños,0,0,0,1,0,0,0,1,0,0,1,0,1,0,0,1,0,0,0,0,0,0,1000081.0,0.00617829016496571,685.7902083111937,KR19,CL116;CL127,4.7391552,-74.03253365,0.0,13.80826271161017,13.54062217161017,474.0,118.0,0.0
262126,10582070,-74.109,4.686,CL 51 I  - KR 82   02,2022,Octubre,1,sábado,6,20,Engativá,Choque,Vehículo,,Solo Daños,0,0,0,0,0,0,0,0,0,1,0,0,0,0,0,0,0,0,0,0,0,1,1000748.0,0.008128407300477973,902.253210353055,KR68,CL3;CL13,4.692486049999999,-74.1041008,0.0,19.661750000166666,19.495207184166667,707.0,60.0,0.0
262136,10582343,-74.1884699251,4.6073495938,CL 65 I  S- TV 80 G  02,2022,Octubre,7,viernes,6,55,Bosa,Choque,Vehículo,,Con Heridos,1,0,0,0,1,1,0,0,0,0,0,0,0,0,0,0,0,0,0,0,0,0,1002290.0,0.010419297528803663,1156.5420256972066,AV.CL59SUR,CL59SUR;KR78C,4.6025243,-74.1792353,0.0,21.571075268548388,21.19583339717742,540.0,124.0,0.0
262137,10582348,-74.1251824489,4.5813708466,KR 25 A A - CL 43 A  S 32,2022,Octubre,6,jueves,13,50,Tunjuelito,Choque,Vehículo,,Con Heridos,0,0,0,0,0,1,0,0,0,1,0,0,0,0,0,0,0,0,0,0,0,1,1002271.0,0.0015034239510972013,166.88005857178933,KR72,KR1;KR4AE,4.582431,-74.12624845,1.0,19.295194444333333,19.412444567416667,566.0,120.0,1.0
262138,10582357,-74.169,4.596,AU SUR - CL 73   02,2022,Octubre,6,jueves,8,0,Santa Fe,Caida de ocupante,,,Con Heridos,0,0,0,0,0,0,0,0,0,0,1,0,1,0,1,0,0,0,0,0,0,0,1001946.0,0.004525186834808539,502.2957386637478,"AV.P.MAYO,CL26SUR",KR72;KR78K,4.5960945,-74.1644758,1.0,15.66190082661157,15.25809717305785,486.0,121.0,1.0
262139,10582362,-74.123,4.576,DG 43  S- KR 20   02,2022,Octubre,6,jueves,17,35,Rafael Uribe Uribe,Choque,Vehículo,,Con Heridos,0,0,0,0,0,1,0,0,0,0,0,0,0,0,0,0,0,0,0,0,0,0,1001976.0,0.004402593120543779,488.68783638035944,NQS,KR24;CL100,4.57921725,-74.11999465,1.0,27.618736111083333,27.323431790833336,609.0,120.0,1.0
262140,10582369,-74.096,4.564,KR 3  - CL 31 B  S 02,2022,Octubre,7,viernes,6,40,San Cristóbal,Choque,Vehículo,,Con Heridos,0,0,0,0,0,1,0,0,0,1,0,0,0,0,0,0,0,0,0,0,0,1,1000309.0,0.011235221154256021,1247.1095481224183,KR5,CL24;CL19,4.5750037500000005,-74.09373115,0.0,14.360799731209678,14.271199114032258,664.0,124.0,0.0
262141,10582438,-74.117,4.663,CL 24  - KR 72 A  02,2022,Octubre,8,sábado,8,20,Fontibón,Choque,Vehículo,,Con Heridos,0,0,0,0,0,1,0,1,0,0,0,0,0,0,0,0,0,0,0,0,0,0,1000651.0,0.00700802630702903,777.8909200802224,KR72,CL153;CL163,4.669980600000001,-74.1163806,0.0,36.95418732826446,36.75406629206611,3913.0,121.0,0.0
262142,10582444,-74.074587286,4.660111175,CL 66  - KR 28 A  02,2022,Octubre,8,sábado,13,52,Barrios Unidos,Choque,Vehículo,,Solo Daños,0,0,0,0,0,0,0,0,0,0,1,0,1,0,0,1,0,0,0,0,0,0,1000095.0,0.00562709350320615,624.6073788558826,KR7,CL153;CL162,4.6587847,-74.0800558,0.0,37.57647222208333,37.615052065916665,3121.0,120.0,0.0
262143,10582445,-74.137505117,4.61677706400002,CL 26  S- KR 71 D  02,2022,Octubre,8,sábado,18,41,Kennedy,Choque,Vehículo,,Con Heridos,0,0,0,0,0,1,0,0,0,0,0,0,0,0,0,0,0,0,0,0,0,0,1000942.0,0.0042997801320658734,477.27559465931193,TV39,CL6;CL13,4.62102935,-74.1368678,1.0,16.951518817338712,16.336770161370968,437.0,124.0,1.0
262144,10582447,-74.085,4.603,CL 10  - KR 17   02,2022,Octubre,8,sábado,13,0,Los Mártires,Choque,Vehículo,,Solo Daños,0,0,1,0,0,0,0,0,0,0,0,0,0,0,0,0,0,0,0,0,0,0,1001262.0,0.002530201978094433,280.85241956848205,NQS,CL1F;AV.P.MAYO,4.6030451,-74.0824702,1.0,16.495916666333333,16.524051807,1424.0,120.0,1.0
262167,10583445,-74.143756308,4.59827273472,DG 44 A  S- KR 68 H  02,2022,Octubre,31,lunes,14,38,Kennedy,Choque,Vehículo,,Con Heridos,0,0,0,0,0,1,0,0,0,0,0,0,0,0,0,0,0,0,0,0,0,0,1001056.0,0.0016308042427343006,181.01927094350737,AV.P.MAYO,KR72;KR73D,4.5988866,-74.14224545,1.0,19.31279166675,19.160922478583334,1123.0,120.0,1.0
262174,10583465,-74.1609836806,4.54750863624,KR 27 B  S- CL 71 R  02,2022,Octubre,31,lunes,5,50,Ciudad Bolívar,Choque,Vehículo,,Con Heridos,0,0,0,0,0,1,0,0,0,0,1,0,1,0,0,1,0,0,0,0,0,0,1001946.0,0.04871120051086034,5406.943256705498,"AV.P.MAYO,CL26SUR",KR72;KR78K,4.5960945,-74.1644758,0.0,21.9250134408871,21.393895417580644,501.0,124.0,0.0
262175,10583469,-74.13051692431,4.64647032263,AV AVENIDA BOYACA - CL 15   02,2022,Octubre,31,lunes,16,30,Kennedy,Choque,Vehículo,,Con Heridos,0,0,0,0,0,1,0,0,0,0,0,0,0,0,0,0,0,0,0,0,0,0,1000994.0,0.0024584483020734338,272.8877615301511,CL80,KR96;KR89A,4.645728399999999,-74.13286074999999,1.0,25.157405914435483,24.93918478435484,1220.0,124.0,1.0
262180,10583495,-74.14475408976,4.55215741215,KR 18 C  - CL 67  S 02,2022,Octubre,26,miércoles,14,0,Ciudad Bolívar,Choque,Vehículo,,Con Heridos,0,0,0,0,0,0,1,1,0,0,0,0,0,0,0,0,0,0,0,0,0,0,1002271.0,0.03548166884798861,3938.4652421267356,KR72,KR1;KR4AE,4.582431,-74.12624845,0.0,18.5390555555,18.538049705833334,555.0,120.0,0.0
262296,10582398,-74.125,4.579,CL 40  S- KR 24   02,2022,Octubre,8,sábado,7,40,San Cristóbal,Choque,Vehículo,,Con Heridos,0,1,0,1,0,1,0,0,0,0,0,0,0,0,0,0,0,0,0,0,0,0,1002271.0,0.0036510804431720985,405.26992919210295,KR72,KR1;KR4AE,4.582431,-74.12624845,1.0,20.934946236774195,21.070680172580644,637.0,124.0,1.0
262297,10582405,-74.086,4.551,KR 9 A  E- CL 37 B  S 02,2022,Octubre,5,miércoles,14,0,San Cristóbal,Atropello,,,Con Heridos,0,0,0,0,1,1,1,0,0,0,0,0,0,0,0,0,0,0,0,0,0,0,1000308.0,0.023316322044118435,2588.111746897146,KR5,CL27;CL24,4.57422605,-74.08804975000001,0.0,22.304541666416664,22.132915442833333,675.0,120.0,0.0
262298,10582420,-74.071,4.657,CL 24  - KR 65   02,2022,Octubre,8,sábado,5,50,Teusaquillo,Caida de ocupante,,,Con Heridos,0,0,0,0,0,0,0,0,0,0,1,0,1,0,0,1,0,0,0,0,0,0,1000959.0,0.00432617914099601,480.20588465055715,KR50,CL24;CL53,4.653171,-74.0689864,1.0,37.42796370943549,37.07918820096774,909.0,124.0,1.0
262299,10582425,-74.189,4.618,CL 62  S- KR 85 B  02,2022,Octubre,9,domingo,20,0,Bosa,Choque,Vehículo,,Con Heridos,0,0,0,0,0,1,0,0,0,0,1,0,1,0,0,1,0,0,0,0,0,0,1002290.0,0.018298815715227044,2031.1685443902018,AV.CL59SUR,CL59SUR;KR78C,4.6025243,-74.1792353,0.0,33.12814516129033,32.36583755725807,456.0,124.0,0.0
262300,10582441,-74.092,4.557,CL 36 F  S- KR 3 B  E 02,2022,Octubre,8,sábado,9,54,San Cristóbal,Caida de ocupante,,,Con Heridos,0,0,0,0,0,0,0,1,0,0,1,0,1,0,0,1,0,0,0,0,0,0,1000308.0,0.01767317950072642,1961.7229245806325,KR5,CL27;CL24,4.57422605,-74.08804975000001,0.0,22.769569444583333,22.750743977083335,694.0,120.0,0.0
262301,10582442,-74.162,4.605,KR 71 B  - CL 53 C  S 02,2022,Octubre,8,sábado,19,10,Bosa,Choque,Vehículo,,Con Heridos,0,0,0,0,0,1,0,1,0,0,0,0,0,0,0,0,0,0,0,0,0,0,1000779.0,0.008375496874969504,929.680153121615,CL6,KR36;KR42,4.6057228,-74.15365575,0.0,26.114771505403226,26.12065035612903,1078.0,124.0,0.0
262302,10582449,-74.076,4.613,CL 23  - KR 16 A  02,2022,Octubre,9,domingo,8,12,Los Mártires,Choque,Vehículo,,Solo Daños,0,0,0,0,0,1,0,0,0,0,0,0,0,0,0,0,0,0,0,0,0,0,1001960.0,0.001600905100249413,177.70046612768485,KR3;CL19,CL22;KR5,4.6114117,-74.0762005,1.0,14.340261708016529,14.227521911983471,673.0,121.0,1.0
262303,10583386,-74.18054012244,4.6361242122,CL 49  S- KR 91   02,2022,Octubre,28,viernes,13,0,Bosa,Choque,Vehículo,,Con Heridos,1,0,0,0,0,0,0,0,0,0,1,0,1,0,0,1,0,0,0,0,0,0,1000981.0,0.014003444983554523,1554.3823931745521,DIAG16,KR90;KR97,4.6495069,-74.176417,0.0,30.117652777333333,30.129572793416667,1628.0,120.0,0.0
262306,10583393,-74.12192849104,4.70948206241,CL 73  - KR 107   02,2022,Octubre,28,viernes,17,13,Engativá,Choque,Vehículo,,Con Heridos,0,0,0,0,0,1,0,0,0,0,0,0,0,0,0,0,0,0,0,0,0,0,1000720.0,0.004795906835876885,532.3456587823342,KR86,CL13C;CL19A,4.71067115,-74.12657465000001,1.0,25.36096774185484,25.318069623225806,1139.0,124.0,1.0
262307,10583395,-74.11714774716,4.71519975374,KR 107  - CL 79 B  02,2022,Octubre,30,domingo,15,30,Engativá,Atropello,,,Con Heridos,0,0,0,0,0,0,1,0,0,0,0,0,0,0,0,0,0,0,0,0,0,0,1000720.0,0.010458238331040341,1160.8644547454778,KR86,CL13C;CL19A,4.71067115,-74.12657465000001,0.0,25.16540322532258,25.046089954274194,1137.0,124.0,0.0
262308,10583397,-74.13009313528,4.64608000701,AV AVENIDA BOYACA - CL 12 B  02,2022,Octubre,31,lunes,9,50,Kennedy,Choque,Vehículo,,Con Heridos,0,0,0,0,0,0,0,0,0,0,0,0,0,0,0,0,0,0,0,0,0,0,1000994.0,0.002789859983540805,309.67445817302934,CL80,KR96;KR89A,4.645728399999999,-74.13286074999999,1.0,22.882944444333337,22.66608240675,1422.0,120.0,1.0
262309,10583399,-74.09358290617,4.58655702941,AV AVENIDA CARACAS - CL 10  S 02,2022,Octubre,31,lunes,8,40,Antonio Nariño,Choque,Vehículo,,Con Heridos,0,1,0,0,0,1,0,0,0,0,0,0,0,0,0,0,0,0,0,0,0,0,1000250.0,0.003494866739574036,387.930208092718,AV.CARACAS,CL32;CL34,4.5900511,-74.0936575,1.0,18.82907713479339,18.93002488553719,855.0,121.0,1.0
262310,10583400,-74.17066959326,4.62848884592,KR 86  - CL 43  S 02,2022,Octubre,31,lunes,7,10,Kennedy,Atropello,,,Con Heridos,0,0,0,0,0,0,1,0,0,0,1,0,1,0,1,0,0,0,0,0,0,0,1001031.0,0.019501802697360106,2164.7000994069717,KR72,CL43AS;KR69B,4.623493,-74.15181855,0.0,22.601989247258064,22.848014830645162,2373.0,124.0,0.0
262311,10583401,-74.05144808476,4.69979181396,CL 118  - KR 20   02,2022,Octubre,30,domingo,12,30,Usaquén,Atropello,,,Con Heridos,0,0,0,0,0,1,1,0,0,0,0,0,0,0,0,0,0,0,0,0,0,0,1002011.0,0.005019835973456615,557.2017930536842,AUTONORTE,PEPE.SIERRA;CL100,4.697067349999999,-74.05566425,0.0,32.7808474570339,32.80386631347458,1331.0,118.0,0.0
262312,10583403,-74.03321174567,4.6936969128,KR 7  - CL 116   02,2022,Octubre,30,domingo,14,0,Chapinero,Atropello,,,Con Heridos,0,0,0,0,0,0,1,0,0,0,0,0,0,0,0,0,0,0,0,0,0,0,1000184.0,0.011090902132760528,1231.0901367364186,KR15,CL94;CL100,4.704458949999999,-74.03053095,0.0,20.263236111,20.14888400283333,791.0,120.0,0.0
262313,10583404,-74.07525805418,4.6080846902,CL 19  - KR 13   02,2022,Octubre,31,lunes,19,0,Santa Fe,Choque,Vehículo,,Con Heridos,0,0,0,0,0,1,0,1,0,1,0,0,0,0,0,0,0,0,0,0,0,1,1000653.0,0.0014967563733191476,166.1399574384254,AV.CIRCUNVALAR,KR7;CL83,4.6066223,-74.07557695,1.0,31.03877688169355,30.90026881717742,370.0,124.0,1.0
262314,10583405,-74.191955604,4.60384979195,CL 70 BIS S- KR 79   02,2022,Octubre,31,lunes,18,2,Bosa,Choque,Vehículo,,Con Heridos,1,0,0,0,0,1,0,0,0,0,0,0,0,0,0,0,0,0,0,0,0,0,1002290.0,0.012789177563936223,1419.5987095969208,AV.CL59SUR,CL59SUR;KR78C,4.6025243,-74.1792353,0.0,29.917970430241933,29.470852342500002,428.0,124.0,0.0
262352,10583690,-74.08554700796,4.62181585331,AK 30  - CL 22   02,2022,Octubre,7,viernes,1,45,Teusaquillo,Atropello,,,Con Heridos,0,0,0,0,0,0,1,0,0,0,0,0,0,0,0,0,0,0,0,0,0,0,1001981.0,0.001269305548032225,140.89291583157697,NQS,CAD;CL18,4.6206293,-74.08509620000001,1.0,60.38891304478261,49.64712974521739,105.0,23.0,1.0
262403,10582259,-74.132,4.605,AK 68  - CL 35 A  S 02,2022,Octubre,5,miércoles,23,20,Puente Aranda,Choque,Vehículo,,Con Heridos,1,0,0,0,0,0,0,0,0,1,0,0,0,0,0,0,0,0,0,0,0,1,1001023.0,0.001899041564184034,210.7936136244278,KR72,CL12;CL53,4.6068986,-74.13195905,1.0,42.04657258096774,41.94083121120968,729.0,124.0,1.0
262404,10582262,-74.09,4.608,CL 11  - KR 25   02,2022,Octubre,5,miércoles,6,54,Los Mártires,Choque,Vehículo,,Con Heridos,0,0,0,0,0,1,0,0,0,0,0,0,0,0,0,0,0,0,0,0,0,0,1000245.0,0.0015811805154770289,175.5110372179502,CL45,KR7;AV.CARACAS,4.6091786500000005,-74.08894599999999,1.0,16.510645160887098,16.210752687741934,368.0,124.0,1.0
262405,10582263,-74.111,4.661,KR 70  - CL 25   02,2022,Octubre,4,martes,21,37,Engativá,Choque,Vehículo,,Con Heridos,1,0,0,0,0,0,0,0,0,0,0,0,0,0,0,0,0,0,0,0,0,0,1001014.0,0.001664494572684833,184.75889756801647,KR72,CL138;CL153,4.66028985,-74.1094946,1.0,31.481747311612903,31.10608294701613,2492.0,124.0,1.0
262406,10582264,-74.126121417,4.61784124100001,KR 68  - CL 9  S 02,2022,Octubre,5,miércoles,6,30,Puente Aranda,Choque,Vehículo,,Con Heridos,0,0,0,0,0,1,0,0,0,0,0,0,0,0,0,0,0,0,0,0,0,0,1000298.0,0.00563385142465785,625.3575081370213,CL6,AV:CARACAS;KR19,4.61244345,-74.12773515,0.0,17.815826613225806,17.85167618532258,968.0,124.0,0.0
262407,10582265,-74.101,4.552,KR 2  E- CL 42  S 02,2022,Octubre,5,miércoles,6,30,San Cristóbal,Choque,Vehículo,,Con Heridos,0,0,0,0,0,1,0,1,0,1,0,0,0,0,0,0,0,0,0,0,0,1,1001959.0,0.020249800016791383,2247.7278018638435,"CL19,KR3",KR5;CL22,4.5343054,-74.1108466,0.0,12.654462365967742,12.516509380241935,602.0,124.0,0.0
262408,10582268,-74.11,4.63,CL 13  - KR 56   02,2022,Octubre,5,miércoles,6,20,Puente Aranda,Choque,Vehículo,,Con Heridos,1,0,0,0,0,1,0,0,0,0,0,0,0,0,0,0,0,0,0,0,0,0,1000988.0,0.005971835583183457,662.8737497333638,CL80,KR76;KR71,4.628879899999999,-74.11586585,0.0,28.552970430241935,28.299747983951615,1024.0,124.0,0.0
262409,10582282,-74.1592274346,4.5781828173,CL 68 F  S- KR 49 D  02,2022,Octubre,4,martes,22,57,Ciudad Bolívar,Choque,Vehículo,,Con Heridos,0,0,0,0,0,1,0,0,0,0,0,0,0,0,0,0,0,0,0,0,0,0,1001946.0,0.018664772072476053,2071.789700044842,"AV.P.MAYO,CL26SUR",KR72;KR78K,4.5960945,-74.1644758,0.0,17.681922043064517,17.42098540701613,460.0,124.0,0.0
262410,10582306,-74.141,4.643,DG 9  - TV 78 D  02,2022,Octubre,6,jueves,5,50,Kennedy,Choque,Vehículo,,Con Heridos,0,0,0,0,0,1,0,1,0,0,0,0,0,0,0,0,0,0,0,0,0,0,1000330.0,0.008275043189014425,918.5297939806012,CL11SUR,KR6_ESTE;KR7,4.6509677,-74.1387657,0.0,28.399200268467744,27.57930693137097,453.0,124.0,0.0
262411,10582322,-74.088,4.585,KR 10  S- CL 5  S 02,2022,Octubre,2,domingo,4,30,Antonio Nariño,Volcamiento,,,Con Heridos,0,0,0,0,0,1,0,0,0,0,0,0,0,0,0,0,0,0,0,0,0,0,1000250.0,0.007584254575114237,841.8522578376803,AV.CARACAS,CL32;CL34,4.5900511,-74.0936575,0.0,40.02877688185484,39.169972478064516,506.0,124.0,0.0
262412,10582324,-74.128,4.63,AV AVENIDA DE LAS AMERICAS - KR 69   02,2022,Octubre,6,jueves,9,42,Kennedy,Choque,Vehículo,,Solo Daños,0,0,0,0,0,1,0,0,0,0,0,0,0,0,0,0,0,0,0,0,0,0,1001926.0,0.0012940904180151706,143.64403639968393,TV42,CL6;CL2C,4.6309451,-74.128884,1.0,24.91515277775,24.639932176000002,506.0,120.0,1.0
262413,10582325,-74.128626975,4.62198572699998,KR 68 F  - CL 1   02,2022,Octubre,6,jueves,18,0,Kennedy,Choque,Vehículo,,Con Heridos,0,0,0,0,0,1,0,0,0,0,0,0,0,0,0,0,0,0,0,0,0,0,1002293.0,0.006175989556209133,685.5348407392138,CL53,KR72;CL63,4.62701775,-74.13220770000001,0.0,9.285228494596774,8.511374999919356,394.0,124.0,0.0
262414,10582330,-74.105,4.619,KR 42  - CL 9   02,2022,Octubre,6,jueves,20,40,Puente Aranda,Choque,Vehículo,,Con Heridos,0,0,0,0,0,1,0,1,0,0,0,0,0,0,0,0,0,0,0,0,0,0,1001927.0,0.0038770704565450737,430.3548206765032,TV42,CL2C;CL6,4.61554995,-74.10676885000001,1.0,30.10581989266129,30.058099425564514,674.0,124.0,1.0
262415,10582331,-74.121,4.617,KR 54  - CL 2   02,2022,Octubre,5,miércoles,21,0,Puente Aranda,Choque,Vehículo,,Solo Daños,0,0,0,0,0,0,0,0,0,0,1,0,1,0,0,1,0,0,0,0,0,0,1000030.0,0.005889017130218755,653.6809014542818,CL72,KR11;KR7,4.611117999999999,-74.1212874,0.0,15.10162634419355,15.090689708225806,721.0,124.0,0.0
262441,10582074,-74.091,4.622,KR 34  - CL 19 A  02,2022,Octubre,1,sábado,12,40,Puente Aranda,Choque,Vehículo,,Solo Daños,0,0,0,0,0,0,0,1,0,0,0,0,0,0,0,0,0,0,0,0,0,0,1000938.0,0.0008835915416542722,98.07866112362422,CL24,AV.AMERICAS;KR40,4.62150645,-74.0902671,1.0,12.524406779745762,12.478100818220339,811.0,118.0,1.0
262442,10582075,-74.116,4.625,KR 57  - CL 5 A  02,2022,Octubre,2,domingo,5,0,Puente Aranda,Choque,Vehículo,,Con Heridos,0,0,0,0,0,0,0,0,0,1,0,0,0,0,0,0,0,0,0,0,0,1,1001711.0,0.0020843618327953915,231.36416344028845,CL169B;CL170,KR58;KR20,4.6240064,-74.1178323,1.0,28.689986558790324,28.349282358548386,716.0,124.0,1.0
262446,10582083,-74.131,4.666,KR 86  - CL 22   02,2022,Octubre,2,domingo,1,0,Fontibón,Choque,Vehículo,,Con Heridos,0,0,0,0,0,0,0,0,0,0,0,0,0,0,0,0,0,0,0,0,0,0,1000237.0,0.004342093561864771,481.97238536698956,CL134,KR53;KR58,4.6700811,-74.1295173,1.0,47.03927419362903,43.80057430008064,475.0,124.0,1.0
262447,10582087,-74.077,4.737,KR 80  - CL 146   02,2022,Octubre,2,domingo,11,25,Suba,Atropello,,,Con Heridos,0,0,0,0,0,0,1,0,0,0,0,0,0,0,0,0,0,0,0,0,0,0,1000953.0,0.004017973209528955,445.995026257714,AV.CORDOBA,AV.SUBA;CL127,4.73683785,-74.0810147,1.0,19.34851851820513,19.213474426923074,484.0,117.0,1.0
262448,10582090,-74.128,4.648,CL 13  - AV AVENIDA BOYACA  02,2022,Octubre,2,domingo,14,40,Fontibón,Choque,Vehículo,,Con Heridos,0,0,0,0,0,1,0,0,0,0,0,0,0,0,0,0,0,0,0,0,0,0,1000775.0,0.0028577316883368832,317.20821740539407,CL17,KR128;KR123,4.65006275,-74.1260222,1.0,10.335652777833333,10.104230654916668,1812.0,120.0,1.0
262449,10582095,-74.078,4.628,KR 28  - CL 39   02,2022,Octubre,1,sábado,23,54,Teusaquillo,Choque,Vehículo,,Con Heridos,0,0,0,0,0,1,0,0,0,0,0,0,0,0,0,0,0,0,0,0,0,0,1002039.0,0.002968536310207023,329.5075304329796,CL26,CAN;GOBERNACION,4.625352149999999,-74.07665795,1.0,62.235940860403225,62.235940860403225,371.0,124.0,1.0
262450,10582097,-74.124,4.652,KR 72  - CL 19 A  02,2022,Octubre,1,sábado,20,30,Fontibón,Choque,Vehículo,,Con Heridos,0,0,0,0,0,0,0,0,0,0,1,1,1,0,0,1,0,0,0,0,0,0,1000775.0,0.002800398257836962,310.84420661990276,CL17,KR128;KR123,4.65006275,-74.1260222,1.0,18.532701613225804,18.376718604516128,1322.0,124.0,1.0
262451,10582103,-74.155,4.576,CL 68  S- KR 47   02,2022,Octubre,1,sábado,17,12,Ciudad Bolívar,Atropello,,,Con Muertos,0,0,0,0,0,1,1,1,0,0,0,0,0,0,0,0,0,0,0,0,0,0,1000297.0,0.02088445495590021,2318.1745001049235,CL1,KR21;AV.CARACAS,4.59354105,-74.14366545,0.0,21.60524193532258,21.228082482096774,740.0,124.0,0.0
262452,10582104,-74.061,4.652,KR 10  - CL 66   02,2022,Octubre,2,domingo,21,5,Chapinero,Choque,Vehículo,,Con Heridos,0,0,0,0,0,1,0,0,0,0,0,0,0,0,0,0,0,0,0,0,0,0,1000188.0,0.00517267591726117,574.1670268159899,KR7,CL162;CL165,4.654590349999999,-74.05652265,0.0,29.30266129016129,29.28036236217742,2415.0,124.0,0.0
262453,10582106,-74.053,4.686,CL 100  - KR 19 A  02,2022,Octubre,1,sábado,20,12,Usaquén,Choque,Vehículo,,Con Heridos,0,0,0,0,0,1,0,1,0,0,0,0,0,0,0,0,0,0,0,0,0,0,1000940.0,0.005599475829263959,621.5418170482994,CL24,KR14;KR10,4.681202,-74.05588675,0.0,13.45098118282258,10.530766129193548,370.0,124.0,0.0
262454,10582108,-74.095287942,4.73469007300002,CL 132  - KR 100 A  02,2022,Octubre,1,sábado,16,30,Suba,Choque,Vehículo,,Con Heridos,0,1,0,0,0,1,0,0,0,0,0,0,0,0,0,0,0,0,0,0,0,0,1001034.0,0.0033922859768863015,376.54374343437945,CL72,KR55;KR24,4.73531305,-74.09195335,1.0,19.94375000016129,19.617784498225806,552.0,124.0,1.0
262455,10582112,-74.123,4.629,KR 68  - AV AVENIDA DE LAS AMERICAS  02,2022,Octubre,1,sábado,4,30,Puente Aranda,Choque,Objeto Fijo,Muro,Con Heridos,0,0,1,0,0,1,1,0,0,0,0,0,0,0,0,0,0,0,0,0,0,0,1001258.0,0.0057013101038372194,632.8454215259313,CL63,TV85;KR77A,4.6325927,-74.11857309999999,0.0,26.0844892475,25.911211361935482,713.0,124.0,0.0
262456,10582117,-74.19828561728,4.60130723676,CL 72 B  S- KR 77 K  02,2022,Octubre,1,sábado,23,0,Bosa,Atropello,,,Con Heridos,0,0,0,0,0,0,1,0,0,0,0,0,0,0,0,0,0,0,0,0,0,0,1002290.0,0.019089154811018038,2118.896184023002,AV.CL59SUR,CL59SUR;KR78C,4.6025243,-74.1792353,0.0,27.17743279564516,26.925012454919354,645.0,124.0,0.0
262458,10582127,-74.138,4.566,AV AVENIDA BOYACA - CL 59  S 02,2022,Octubre,2,domingo,7,30,Tunjuelito,Choque,Vehículo,,Con Heridos,0,0,0,0,0,1,0,1,0,0,0,0,0,0,0,0,0,0,0,0,0,0,1002271.0,0.020200908108362017,2242.300800028184,KR72,KR1;KR4AE,4.582431,-74.12624845,0.0,20.934946236774195,21.070680172580644,637.0,124.0,0.0
262459,10582128,-74.081329892,4.60096886100001,AV AVENIDA CARACAS - CL 10   02,2022,Octubre,1,sábado,11,22,Santa Fe,Choque,Vehículo,,Solo Daños,0,0,0,0,0,1,0,1,0,0,1,0,1,0,0,1,0,0,0,0,0,0,1000204.0,0.0010222622916382723,113.47111437184822,KR7,CL39;CL45,4.60029015,-74.08056545,1.0,19.83948717931624,19.83139310982906,4902.0,117.0,1.0
262461,10582169,-74.096,4.609,KR 30  - CL 8   02,2022,Octubre,3,lunes,8,0,Los Mártires,Choque,Vehículo,,Con Heridos,0,0,0,0,0,1,0,0,0,0,0,0,0,0,0,0,0,0,0,0,0,0,1001964.0,0.0007610722041953269,84.47901466568129,CL26,KR40;GOBERNACION,4.608241700000001,-74.0960649,1.0,39.643774104462814,39.80930609165289,2218.0,121.0,1.0
262462,10582356,-74.078,4.781,CL 174  - KR 135   02,2022,Octubre,6,jueves,8,10,Suba,Choque,Vehículo,,Con Heridos,0,0,0,0,0,1,0,0,0,0,0,0,0,0,0,0,0,0,0,0,0,0,1000194.0,0.016373700980307052,1817.4808088140828,CL134,KR19;KR15,4.7647057,-74.07961055000001,0.0,30.162300276198348,29.981336721900828,957.0,121.0,0.0
262463,10582360,-74.084629835,4.58932906699999,KR 10  - CL 1   02,2022,Octubre,8,sábado,2,30,Antonio Nariño,Atropello,,,Con Muertos,0,0,0,0,0,0,1,0,0,0,0,0,0,0,0,0,0,0,0,0,0,0,1001961.0,0.0026313395400988358,292.0786889509708,CL22,KR1;KR3,4.5900896,-74.08211080000001,1.0,22.724320987530863,12.12993827111111,226.0,81.0,1.0
262630,10583407,-74.09594325011,4.69122685874,KR 74 A  - CL 74   02,2022,Octubre,31,lunes,18,30,Engativá,Choque,Vehículo,,Con Muertos,0,0,0,0,0,1,0,0,0,0,0,0,0,0,0,0,0,0,0,0,0,0,1000282.0,0.003908624975471626,433.85737227735046,CL170,KR58;AV.BOYACA,4.6924967,-74.09224664999999,1.0,22.48363143634146,22.22289423487805,1116.0,123.0,1.0
262631,10583413,-74.13591808993,4.65944600096,CL 17  - KR 86   02,2022,Octubre,30,domingo,14,25,Fontibón,Choque,Vehículo,,Con Heridos,0,0,0,0,0,1,0,0,0,0,0,0,0,0,0,0,0,0,0,0,0,0,1000650.0,0.0038762306346660463,430.26160044793113,KR72,CL127;CL134,4.6623088,-74.13330475000001,1.0,23.507763889,23.257242038166666,1550.0,120.0,1.0
262632,10583414,-74.09628389065,4.59508582526,KR 24  - CL 1 D  02,2022,Octubre,31,lunes,18,30,Los Mártires,Choque,Vehículo,,Con Heridos,0,0,0,0,0,1,0,0,0,0,0,0,0,0,0,0,0,0,0,0,0,0,1000247.0,0.0009922751145627203,110.14253771646196,AV.CARACAS,CL39;CL34,4.595314950000001,-74.09724935,1.0,16.75840053798387,16.493462111209677,2263.0,124.0,1.0
262633,10583415,-74.1972194523,4.62054514959,KR 87 C  - CL 71  S 02,2022,Octubre,31,lunes,10,0,Bosa,Atropello,,,Con Heridos,0,0,0,0,1,1,1,0,0,0,0,0,0,0,0,0,0,0,0,0,0,0,1002290.0,0.02545939421696986,2825.9927580836543,AV.CL59SUR,CL59SUR;KR78C,4.6025243,-74.1792353,0.0,28.864597222249998,28.510524558333334,499.0,120.0,0.0
262634,10583416,-74.11452559416,4.71227015579,CL 80  - KR 103   02,2022,Octubre,31,lunes,0,40,Engativá,Choque,Vehículo,,Con Heridos,0,1,0,0,0,1,0,0,0,0,0,0,0,0,0,0,0,0,0,0,0,0,1000720.0,0.012154693173919089,1349.1709423050188,KR86,CL13C;CL19A,4.71067115,-74.12657465000001,0.0,42.565873655887096,42.333563954032265,675.0,124.0,0.0
