_id,Codigo_Accidente,Longitud,Latitud,Direccion,AA_Acc,MM_Acc,DD_Mes_Acc,Dia_Semana_Acc,Hora_Acc,Min_Acc,Localidad,Clase_Acc,Elemento_Choque,Tipo_Objeto_Fijo,Gravedad_Indicador_Tradicional,Con_Bicicleta,Con_Carga,Con_Embriaguez,Con_Huecos,Con_Menores,Con_Moto,Con_Peaton,Con_Persona_Mayor,Con_Rutas,Con_Tpi,Con_Tpp,Con_Velocidad,Con_Sitp,Con_Troncal,Con_Alimentador,Con_Zonal,Con_Provisional,Con_Articulado,Con_Biarticulado,Con_Padron_Dual,Con_Servicio_Especial,Con_Taxi,TID_cercano,distancia_grados,distancia_metros_aprox,corredor_from,corredor_to,lat_corredor,lon_corredor,match_valido,vel_promedio_hora,vel_ponderada_hora,num_dispositivos,num_registros,tiene_velocidad
163801,10498633,-74.112615831,4.62824705899999,CL 9-KR 56 30,2019,Octubre,1,martes,8,30,Puente Aranda,Choque,Vehículo,,Solo Daños,0,0,0,0,0,0,0,0,0,0,0,0,0,0,0,0,0,0,0,0,0,0,133.0,0.0028018828966030755,311.0090015229414,"AV.AMERICAS,KR50",KR62;CL5A,4.6297271,-74.11023675,1.0,19.97434594137097,,0.0,124.0,1.0
163802,10498634,-74.133316029,4.62971823499998,AV AVENIDA DE LAS AMERICAS-KR 71A 02,2019,Octubre,1,martes,15,5,Kennedy,Choque,Vehículo,,Solo Daños,0,0,0,0,0,0,0,0,0,0,0,0,0,0,0,0,0,0,0,0,0,0,1002293.0,0.0029190773212326043,324.01758265681906,CL53,KR72;CL63,4.62701775,-74.13220770000001,1.0,13.0298480934375,,0.0,32.0,1.0
163803,10498635,-74.079575049,4.63396417199999,AC 45-KR 30 02,2019,Octubre,2,miércoles,1,40,Teusaquillo,Choque,Objeto Fijo,Objeto Fijo,Con Muertos,0,0,0,1,0,1,0,0,0,0,0,0,0,0,0,0,0,0,0,0,0,0,83.0,0.0013056674943124208,144.9290918686787,TV28;KR27,CL22C;CL30SUR,4.63451755,-74.07839245,1.0,39.12077611278481,,0.0,79.0,1.0
163804,10498636,-74.047630904,4.68512445599998,CL 100-KR 14 63,2019,Octubre,2,miércoles,9,50,Usaquén,Choque,Vehículo,,Solo Daños,0,0,0,0,0,1,0,0,0,1,0,0,0,0,0,0,0,0,0,0,0,1,1002017.0,0.004810892796207435,534.0091003790253,AUTONORTE,ALCALA;PRADO,4.6892508,-74.04515745,1.0,34.59864603540322,,0.0,124.0,1.0
163806,10498638,-74.111610418,4.65467776000003,CL 24-KR 69 02,2019,Octubre,2,miércoles,8,30,Fontibón,Choque,Vehículo,,Solo Daños,0,1,0,0,0,0,0,0,0,0,0,0,0,0,0,0,0,0,0,0,0,0,72.0,0.005597239675341792,621.293603962939,CL76,KR7;KR15,4.6575472,-74.10680465,0.0,10.957710219516128,,0.0,124.0,0.0
163807,10498639,-74.059784749,4.66766854000002,KR 19A-CL 79 81,2019,Octubre,1,martes,11,20,Chapinero,Choque,Vehículo,,Solo Daños,0,1,0,0,0,0,0,1,0,0,0,0,0,0,0,0,0,0,0,0,0,0,1000693.0,0.0057057182582716534,633.3347266681535,CL13,KR56;KR65,4.6657333,-74.06515225000001,0.0,22.8193434634,,0.0,100.0,0.0
163808,10498640,-74.119305432,4.64957504099999,KR 69B-CL 19A 47,2019,Octubre,2,miércoles,6,42,Fontibón,Choque,Vehículo,,Solo Daños,0,0,0,0,0,1,0,0,0,0,0,0,0,0,0,0,0,0,0,0,0,0,102.0,0.0029294366206537377,325.1674648925649,DIAG16,CL17;KR129,4.64725615,-74.1210955,1.0,22.168406634913794,,0.0,116.0,1.0
163809,10498641,-74.061642734,4.66012064300003,AV AVENIDA CARACAS-CL 72A 28,2019,Octubre,1,martes,16,30,Chapinero,Choque,Vehículo,,Solo Daños,0,0,0,0,0,0,0,0,0,0,0,0,0,0,0,0,0,0,0,0,0,0,1000707.0,0.0008145412532565791,90.41407911148028,CL13,KR47;KR39,4.6608924,-74.06190325,1.0,20.095425740796458,,0.0,113.0,1.0
163810,10498642,-74.105412885,4.651868224,CL 24C-KR 68 02,2019,Octubre,2,miércoles,10,0,Fontibón,Choque,Vehículo,,Solo Daños,0,0,0,0,0,0,0,0,0,0,0,0,0,0,0,0,0,0,0,0,0,0,1001983.0,0.00027181321786144,30.171267182619843,NQS,AV.DORADO;CAD,4.651686,-74.1052112,1.0,35.80720067194444,,0.0,36.0,1.0
163811,10498643,-74.055206051,4.73573790099999,KR 54-CL 152 02,2019,Octubre,1,martes,16,53,Suba,Choque,Vehículo,,Solo Daños,0,0,0,0,0,0,0,0,0,0,1,0,0,0,0,0,0,0,0,0,1,0,1000175.0,0.005487898839854679,609.1567712238693,CL106,KR19;KR15,4.73962495,-74.05133205,0.0,13.7130296425,,0.0,120.0,0.0
163812,10498644,-74.08191009,4.62570875,AK 30-CL 25 02,2019,Octubre,2,miércoles,14,14,Los Mártires,Choque,Vehículo,,Solo Daños,0,0,0,0,0,0,0,0,0,0,0,0,0,0,0,0,0,0,0,0,0,0,1002036.0,0.004535579752320908,503.4493525076208,CL26,GOBERNACION;KR40,4.629466150000001,-74.08445045,1.0,37.316260070403224,,0.0,124.0,1.0
163813,10498645,-74.086913236,4.74066003299998,CL 146A-KR 94C 02,2019,Octubre,1,martes,21,41,Suba,Choque,Vehículo,,Solo Daños,0,0,0,0,0,0,0,0,0,1,0,0,0,0,0,0,0,0,0,0,0,1,1002030.0,0.004621969471955188,513.0386113870259,AV.SUBA,21.ANGELES;CL136,4.742438,-74.09117954999999,1.0,47.40925736095652,,0.0,115.0,1.0
163814,10498646,-74.081872794,4.69879114100002,AV AVENIDA BOYACA-CL 99 76,2019,Octubre,2,miércoles,18,4,Suba,Choque,Vehículo,,Solo Daños,0,0,0,0,0,0,0,0,0,0,0,0,0,0,0,0,0,0,0,0,0,0,1002014.0,0.002395425337098912,265.8922124179792,AUTONORTE,CL127;PRADO,4.6964302,-74.0814678,1.0,33.87978230358333,,0.0,120.0,1.0
163815,10498647,-74.184626533,4.62253797300002,CL 57-KR 86K S 02,2019,Octubre,2,miércoles,21,14,Bosa,Choque,Vehículo,,Solo Daños,0,0,0,0,0,1,0,0,0,1,0,0,0,0,0,0,0,0,0,0,0,1,76.0,0.015419149465559546,1711.5255906771097,KR86,CL57BSUR;KR91,4.616729,-74.1989096,0.0,19.76513903281818,,0.0,110.0,0.0
163816,10498648,-74.15398849,4.65402101400002,CL 9-KR 90A 2,2019,Octubre,1,martes,22,0,Kennedy,Choque,Vehículo,,Con Heridos,1,0,0,0,0,0,0,0,0,0,1,0,1,0,0,1,0,0,0,0,0,0,1000713.0,6.695173630511238e-05,7.431642729867475,CL72,KR76;KR86,4.6540506,-74.15404855,1.0,15.001321711680673,,0.0,119.0,1.0
163817,10498649,-74.12895646,4.65466244999999,CL 18A-KR 77 2,2019,Octubre,1,martes,13,34,Fontibón,Choque,Vehículo,,Con Heridos,0,0,0,0,0,1,0,0,0,0,0,0,0,0,0,0,0,0,0,0,0,0,1001942.0,0.00542276810219539,601.9272593436883,CL43SUR,KR80;AV.P.MAYO,4.6597451,-74.1270662,0.0,14.7920075825,,0.0,124.0,0.0
163818,10498650,-74.100866415,4.56507435200001,KR 7A-CL 34 S 02,2019,Octubre,2,miércoles,6,0,San Cristóbal,Choque,Vehículo,,Con Heridos,0,0,0,0,1,0,0,0,0,1,0,0,0,0,0,0,0,0,0,0,0,1,81.0,0.004664930066210592,517.8072373493757,CL34;AV.AMERICAS,AV.CARACAS;KR86,4.5667841,-74.0965261,1.0,30.648101680431033,,0.0,116.0,1.0
163819,10498651,-74.124260273,4.56069121899998,KR 12-CL 51 S 2,2019,Octubre,2,miércoles,18,50,Rafael Uribe Uribe,Choque,Vehículo,,Con Heridos,1,0,0,0,0,0,0,0,0,0,0,0,0,0,0,0,0,0,0,0,0,0,39.0,0.009008593631510929,999.9538930977131,AV.CARACAS,AV.P.MAYO;CL80,4.5552695,-74.11706585,0.0,15.82055370252174,,0.0,115.0,0.0
163820,10498652,-74.145369741,4.59746662200001,AV AVENIDA BOYACA-CL 44C S 02,2019,Octubre,1,martes,21,30,Kennedy,Choque,Vehículo,,Con Heridos,0,0,0,0,0,1,0,0,0,0,1,0,1,0,0,1,0,0,0,0,0,0,1000698.0,0.003198296553494381,355.0109174378763,"AV.AMERICAS,CL34",KR36;KR28,4.6006212,-74.14589674999999,1.0,31.167176152916667,,0.0,120.0,1.0
163821,10498653,-74.100005098,4.56385371900001,KR 5A-CL 34 S 02,2019,Octubre,1,martes,18,30,San Cristóbal,Choque,Vehículo,,Con Heridos,0,0,0,0,0,1,0,0,0,1,0,0,0,0,0,0,0,0,0,0,0,1,81.0,0.004548687710653029,504.9043358824862,CL34;AV.AMERICAS,AV.CARACAS;KR86,4.5667841,-74.0965261,1.0,15.613124421092436,,0.0,119.0,1.0
163822,10498654,-74.068091961,4.69895575200002,CL 115-TR 56 2,2019,Octubre,2,miércoles,7,15,Suba,Choque,Vehículo,,Con Heridos,0,0,0,0,0,1,0,0,0,0,0,0,0,0,0,0,0,0,0,0,0,0,1001995.0,0.002348174975483106,260.64742227862473,AUTONORTE,CL100;VIRREY,4.6970145,-74.0667708,1.0,27.767678183831777,,0.0,107.0,1.0
163823,10498655,-74.137272211,4.635529878,AV AVENIDA BOYACA-CL 7C 65,2019,Octubre,1,martes,21,40,Kennedy,Choque,Vehículo,,Con Heridos,0,0,0,0,0,1,0,0,0,1,0,0,0,0,0,0,0,0,0,0,0,1,131.0,0.00508670984460192,564.6247927508131,"KR78K,CL41SUR",CL26SUR;AV.P.MAYO,4.6381608,-74.14162569999999,0.0,15.148632281166666,,0.0,120.0,0.0
163824,10498656,-74.1233916,4.62692690799997,AK 68-CL 5 2,2019,Octubre,2,miércoles,9,0,Puente Aranda,Choque,Vehículo,,Con Heridos,0,0,0,0,1,1,0,0,0,0,0,0,0,0,0,0,0,0,0,0,0,0,65.0,0.0037879255988974327,420.459741477615,AV.P.MAYO,KR80;KR3E,4.6307119,-74.12354065,1.0,17.169953413709678,,0.0,124.0,1.0
163825,10499027,-74.082243437,4.61604365900001,DG 19A-KR 22 02,2019,Octubre,7,lunes,5,0,Los Mártires,Atropello,,,Con Muertos,1,0,0,0,0,0,1,1,0,0,0,0,0,0,0,0,0,0,0,0,0,0,1001936.0,0.002035034298093357,225.88880708836263,"CL1,KR27",KR25;AV.P.MAYO,4.6178146,-74.083246,1.0,41.91685730785124,,0.0,121.0,1.0
163826,10499028,-74.037506845,4.80702285500001,KR 45-CL 232 2,2019,Octubre,6,domingo,13,30,Usaquén,Choque,Vehículo,,Solo Daños,0,1,0,0,0,1,0,0,0,0,0,0,0,0,0,0,0,0,0,0,0,0,35.0,0.02813304867874803,3122.7684033410314,KR72,CL170;CL43AS,4.7881347000000005,-74.05835645,0.0,19.203438136239317,,0.0,117.0,0.0
163827,10499029,-74.165378354,4.62009723599999,AV AVENIDA CIUDAD DE VILLAVICENCIO-KR 79F 36,2019,Octubre,4,viernes,11,28,Kennedy,Choque,Vehículo,,Solo Daños,0,0,0,0,0,0,0,0,0,0,1,0,1,0,0,1,0,0,0,0,0,0,148.0,0.011359284315709635,1260.8805590437694,AV.CL59SUR,KR81A;CL59SUR,4.6285372,-74.1577757,0.0,21.28936936375,,0.0,8.0,0.0
163828,10499030,-74.124819829,4.646638505,CL 13-KR 69F 02,2019,Octubre,5,sábado,15,20,Fontibón,Choque,Vehículo,,Solo Daños,0,0,0,0,0,0,0,0,0,0,1,0,0,0,0,0,0,0,0,0,0,0,1000774.0,0.002326648910229628,258.2580290354887,CL17,KR123;KR128,4.648816999999999,-74.12400285,1.0,15.188253396333332,,0.0,120.0,1.0
163829,10499031,-74.11219271,4.64348636800003,KR 68-CL 19 2,2019,Octubre,6,domingo,2,48,Puente Aranda,Choque,Vehículo,,Solo Daños,0,0,1,0,0,0,0,0,0,1,0,0,0,0,0,0,0,0,0,0,0,1,1000029.0,0.0015532003203328362,172.40523555694483,CL72,KR7;KR11,4.6439399,-74.11070720000001,1.0,26.75504091448276,,0.0,116.0,1.0
163830,10499032,-74.069089317,4.61517962400001,KR 10-CL 28 2,2019,Octubre,4,viernes,10,45,Santa Fe,Choque,Objeto Fijo,Inmueble,Solo Daños,0,0,0,0,0,0,0,0,0,1,0,0,0,0,0,0,0,0,0,0,0,1,68.0,0.001486345564915852,164.98435770565956,AV.CIRCUNVALAR,KR7;CL51,4.61659485,-74.06863505,1.0,26.783639968166664,,0.0,120.0,1.0
163831,10499033,-74.188822722,4.639656758,CL 54-KR 98 S 2,2019,Octubre,4,viernes,4,12,Bosa,Choque,Objeto Fijo,Tren,Solo Daños,0,0,0,0,0,0,0,0,0,0,0,0,0,0,0,0,0,0,0,0,0,0,1000981.0,0.015840682932291076,1758.3158054843095,DIAG16,KR90;KR97,4.6495069,-74.176417,0.0,50.91608888203252,,0.0,123.0,0.0
163832,10499034,-74.111980126,4.66636892899999,AV AVENIDA BOYACA-CL 26 02,2019,Octubre,5,sábado,18,15,Fontibón,Choque,Vehículo,,Solo Daños,0,1,0,0,0,0,0,0,0,0,0,0,0,0,0,0,0,0,0,0,0,0,92.0,0.005869114373181148,651.4716954231075,"KR50,TV42,TV39",CL6;CL19,4.6708416,-74.1081799,0.0,19.72993769,,0.0,115.0,0.0
163833,10499035,-74.042703759,4.77184770999997,AK 45-CL 192 2,2019,Octubre,4,viernes,7,30,Usaquén,Choque,Vehículo,,Solo Daños,0,0,0,0,0,1,0,0,0,0,0,0,0,0,0,0,0,0,0,0,0,0,1000087.0,0.013924159226876804,1545.5816741833253,KR19,CL147;CL152,4.7597534,-74.04960375,0.0,20.77916332474138,,0.0,116.0,0.0
163834,10499036,-74.138301801,4.59435003700003,DG 45B-AK 53 S 30,2019,Octubre,6,domingo,2,30,Tunjuelito,Choque,Vehículo,,Solo Daños,0,0,0,0,0,0,0,0,0,0,0,0,0,0,0,0,0,0,0,0,0,0,1002273.0,0.002471669542539571,274.3553192218924,AV.VILLAVICENCIO,AV.P.MAYO;CL57BSUR,4.5920865,-74.13929455,1.0,37.328705625,,0.0,8.0,1.0
163835,10499037,-74.144344442,4.63089087600002,AV AVENIDA DE LAS AMERICAS-KR 76 02,2019,Octubre,5,sábado,9,0,Kennedy,Choque,Vehículo,,Solo Daños,0,1,0,0,0,0,0,0,0,0,0,0,0,0,0,0,0,0,0,0,0,0,1000961.0,0.004392363451553522,487.5523431224409,CL72,KR24;KR55,4.627228499999999,-74.1419196,1.0,21.072497940569104,,0.0,123.0,1.0
163836,10499038,-74.185174445,4.619114809,CL 58CBIS-KR 84 S 49,2019,Octubre,6,domingo,13,0,Bosa,Choque,Objeto Fijo,Baranda,Solo Daños,0,0,0,0,0,0,0,0,0,0,0,0,0,0,0,0,0,0,0,0,0,0,76.0,0.013940823772585504,1547.431438756991,KR86,CL57BSUR;KR91,4.616729,-74.1989096,0.0,14.799870586554622,,0.0,119.0,0.0
163837,10499039,-74.141396364,4.59413981,KR 54-CL 46 S 38,2019,Octubre,5,sábado,11,10,Tunjuelito,Choque,Vehículo,,Solo Daños,0,0,0,0,0,1,0,0,0,0,0,0,0,0,0,0,0,0,0,0,0,0,1000297.0,0.0023467562321187597,260.4899417651823,CL1,KR21;AV.CARACAS,4.59354105,-74.14366545,1.0,19.854801857586207,,0.0,116.0,1.0
163838,10499040,-74.094689496,4.69856718300002,CL 80-KR 77BBIS 2,2019,Octubre,5,sábado,4,52,Engativá,Volcamiento,,,Con Heridos,0,0,1,0,0,1,0,0,0,0,0,0,0,0,0,0,0,0,0,0,0,0,1000963.0,0.005435690356835996,603.3616296087955,CL72,KR64;KR70,4.7019356,-74.0989557,0.0,35.73174297586207,,0.0,116.0,0.0
163839,10499041,-74.080890069,4.61197383199999,CL 19-KR 19 2,2019,Octubre,6,domingo,17,25,Los Mártires,Choque,Objeto Fijo,Vehiculo,Solo Daños,0,0,0,0,0,1,0,0,0,0,0,0,0,0,0,0,0,0,0,0,0,0,1001974.0,0.0011007788788381589,122.18645555103564,NQS,CL18;CAD,4.6119977500000005,-74.07978955,1.0,27.9502937311,,0.0,100.0,1.0
163840,10499042,-74.037568326,4.764593891,KR 16-CL 187 2,2019,Octubre,5,sábado,3,25,Usaquén,Choque,Vehículo,,Solo Daños,0,0,0,0,0,0,0,0,0,1,0,0,0,0,0,0,0,0,0,0,0,1,1000088.0,0.007150780129243191,793.7365943459941,KR19,CL159;CL152,4.7601672,-74.03195245,0.0,33.196884262935775,,0.0,109.0,0.0
163841,10499043,-74.15312305,4.64702046100001,KR 87B-CL 6D 02,2019,Octubre,5,sábado,17,0,Kennedy,Choque,Vehículo,,Solo Daños,0,0,0,0,0,0,0,0,0,0,0,0,0,0,0,0,0,0,0,0,0,0,124.0,0.005344748407335964,593.267073214292,CL66A,KR86;KR72,4.652358850000001,-74.1528624,0.0,9.960183148988765,,0.0,89.0,0.0
163842,10499044,-74.137288183,4.61619675600002,AV AVENIDA PRIMERA DE MAYO-KR 71B 02,2019,Octubre,5,sábado,10,22,Kennedy,Choque,Vehículo,,Solo Daños,0,0,0,0,0,0,0,0,0,0,0,0,0,0,0,0,0,0,0,0,0,0,90.0,0.0004748390764539937,52.7071374863933,CL24,KR86;AV.AMERICAS,4.61621555,-74.13776265,1.0,15.465983206333334,,0.0,120.0,1.0
163843,10499045,-74.076855868,4.697634091,CL 101-KR 70G 2,2019,Octubre,6,domingo,13,0,Suba,Choque,Vehículo,,Solo Daños,0,0,0,0,0,0,0,1,0,0,0,0,0,0,0,0,0,0,0,0,0,0,1000996.0,0.0034423604579566975,382.10201083319345,CL80,KR102;KR96,4.69436975,-74.0757632,1.0,15.080711295092593,,0.0,108.0,1.0
163844,10499046,-74.062516521,4.65558115699997,AV AVENIDA CARACAS-AC 69 2,2019,Octubre,7,lunes,3,57,Chapinero,Choque,Objeto Fijo,Vehiculo,Solo Daños,0,0,0,0,0,0,0,0,0,0,0,0,0,0,0,0,0,0,0,0,0,0,1000707.0,0.005346531915626523,593.465042634544,CL13,KR47;KR39,4.6608924,-74.06190325,0.0,45.56764173632479,,0.0,117.0,0.0
163845,10499047,-74.130864861,4.61434137499998,KR 69-CL 21A S 02,2019,Octubre,5,sábado,6,55,Kennedy,Choque,Vehículo,,Solo Daños,0,0,0,0,0,0,0,0,0,0,0,0,0,0,0,0,0,0,0,0,0,0,1001058.0,0.002014164979659437,223.5723127421975,AV.P.MAYO,KR73D;CL41BSUR,4.612991,-74.1323593,1.0,34.17496057956141,,0.0,114.0,1.0
163846,10499048,-74.055577226,4.69874941799998,AK 45-CL 115 2,2019,Octubre,5,sábado,1,48,Usaquén,Choque,Vehículo,,Solo Daños,0,0,0,0,0,1,0,0,0,0,0,0,0,0,0,0,0,0,0,0,0,0,1002011.0,0.0016843176461511283,186.95925872277525,AUTONORTE,PEPE.SIERRA;CL100,4.697067349999999,-74.05566425,1.0,55.10319819440367,,0.0,109.0,1.0
163847,10499049,-74.077085367,4.64380131299998,KR 28-CL 53B 2,2019,Octubre,7,lunes,0,30,Teusaquillo,Choque,Objeto Fijo,Vehiculo,Solo Daños,0,0,0,0,0,0,0,0,0,0,0,0,0,0,0,0,0,0,0,0,0,0,119.0,0.0027379692302840746,303.9145845615323,"TV25,DIAG53,KR24",CL57;CL45,4.64651115,-74.07747685000001,1.0,16.012850868773587,,0.0,106.0,1.0
163849,10499421,-74.0614,4.64249999999998,KR 7D-CL 56A 2,2019,Octubre,9,miércoles,11,42,Chapinero,Choque,Vehículo,,Solo Daños,0,0,0,0,0,0,0,0,0,0,1,0,1,0,0,1,0,0,0,0,0,0,1000307.0,0.002413287923136033,267.87495946809963,KR10,CL24;CL19,4.6413462,-74.0635196,1.0,11.369418677118643,,0.0,118.0,1.0
163850,10499422,-74.088742641,4.68099588600001,CL 72-KR 68H 02,2019,Octubre,9,miércoles,20,0,Engativá,Choque,Vehículo,,Solo Daños,0,0,0,0,0,0,0,0,0,0,1,0,1,0,0,1,0,0,0,0,0,0,128.0,0.004373807250552866,485.49260481136815,AV.AMERICAS,KR74;KR80,4.6852814,-74.08786825,1.0,21.14763248983333,,0.0,120.0,1.0
163851,10499423,-74.117357547,4.57639880099998,AV AVENIDA CARACAS-CL 36 S 2,2019,Octubre,9,miércoles,22,0,Rafael Uribe Uribe,Choque,Vehículo,,Solo Daños,0,0,1,0,0,1,0,0,0,0,0,0,0,0,0,0,0,0,0,0,0,0,1000325.0,0.0020560053149690496,228.2165899615645,AV.CARACAS,AV.PRIMERO_MAYO;CL11SUR,4.57490245,-74.11594754999999,1.0,27.601086131694917,,0.0,118.0,1.0
163852,10499424,-74.121206866,4.62553901500002,CL 4D-KR 65A 2,2019,Octubre,10,jueves,18,40,Puente Aranda,Choque,Vehículo,,Solo Daños,0,0,0,0,0,0,0,0,0,0,0,0,0,0,0,0,0,0,0,0,0,0,1001956.0,0.003706292544657032,411.39847245693056,"CL68,CL72",KR58;KR70,4.6240064,-74.1178323,1.0,10.818246622033898,,0.0,118.0,1.0
163853,10499425,-74.141257873,4.63813107999999,CL 8-KR 78 2,2019,Octubre,9,miércoles,22,30,Kennedy,Choque,Vehículo,,Solo Daños,0,0,1,0,0,0,0,0,0,0,0,0,0,0,0,0,0,0,0,0,0,0,131.0,0.0003690257176985037,40.96185466453391,"KR78K,CL41SUR",CL26SUR;AV.P.MAYO,4.6381608,-74.14162569999999,1.0,17.130727328991597,,0.0,119.0,1.0
163854,10499426,-74.079335529,4.64172128199999,AK 30-CL 53 02,2019,Octubre,9,miércoles,23,50,Teusaquillo,Choque,Vehículo,,Solo Daños,0,0,1,0,0,0,0,0,0,0,0,0,0,0,0,0,0,0,0,0,0,0,15.0,0.0015984655667405884,177.42967790820532,CL94,KR7;KR15,4.640764750000001,-74.07805485,1.0,19.138414162,,0.0,120.0,1.0
163856,10499428,-74.11030159,4.753635927,KR 136A-CL 144 02,2019,Octubre,10,jueves,20,40,Suba,Choque,Vehículo,,Solo Daños,0,0,0,0,0,0,0,0,0,1,0,0,0,0,0,0,0,0,0,0,0,1,1000951.0,0.017092034551857066,1897.2158352561344,AV.SUBA,CL127;HUMEDAL.CORDOBA,4.7388854,-74.1016668,0.0,37.997731443333336,,0.0,120.0,0.0
163857,10499429,-74.096831584,4.57346194000002,AK 10-CL 24 S 52,2019,Octubre,10,jueves,6,30,San Cristóbal,Choque,Vehículo,,Con Muertos,0,0,0,0,0,1,0,0,0,0,1,1,0,0,0,0,0,0,0,0,0,0,117.0,0.004428583395094061,491.57275685544073,CL57,AV.CARACAS;TV25,4.5777728,-74.09784590000001,1.0,17.041642279130436,,0.0,115.0,1.0
163858,10499430,-74.056826242,4.660051678,KR 11-CL 75 2,2019,Octubre,10,jueves,19,15,Chapinero,Choque,Vehículo,,Solo Daños,0,0,0,0,0,0,0,1,0,0,0,0,0,0,0,0,0,0,0,0,0,0,141.0,0.0034466987748632823,382.58356400982433,AUTONORTE,CL80;SANTA.FE,4.6632782,-74.0556141,1.0,28.022367421228072,,0.0,114.0,1.0
163859,10499431,-74.054123739,4.66549000100002,CL 81-KR 12 02,2019,Octubre,10,jueves,22,10,Chapinero,Choque,Vehículo,,Solo Daños,0,0,0,0,0,0,0,0,0,1,1,0,0,0,0,0,0,0,0,0,0,0,1000986.0,0.001883720488924998,209.09297427067477,CL80,KR69H;KR58,4.6638357,-74.0532228,1.0,43.18050423882353,,0.0,119.0,1.0
163860,10499432,-74.054840713,4.68130731700001,CL 94-KR 30 2,2019,Octubre,10,jueves,17,0,Chapinero,Choque,Vehículo,,Solo Daños,0,0,0,0,0,0,0,0,0,0,1,0,0,0,0,0,0,0,0,0,1,0,1000940.0,0.0010513253900905442,116.6971183000504,CL24,KR14;KR10,4.681202,-74.05588675,1.0,12.66124541725,,0.0,120.0,1.0
163861,10499433,-74.050347153,4.72714772500001,AK 45-CL 145 2,2019,Octubre,10,jueves,18,37,Usaquén,Choque,Vehículo,,Solo Daños,0,0,0,0,0,0,0,0,0,0,0,0,0,0,0,0,0,0,0,0,0,0,1001008.0,0.0024490971015392726,271.84977827085925,CL63,KR72;KR77A,4.72933775,-74.05144345,1.0,12.123635334621849,,0.0,119.0,1.0
163862,10499434,-74.071179762,4.60219291200002,KR 5-CL 16 47,2019,Octubre,10,jueves,14,15,Santa Fe,Choque,Vehículo,,Solo Daños,0,0,0,0,0,0,0,1,0,0,1,0,0,0,0,0,0,0,0,0,1,0,1000052.0,0.0018906646230260728,209.86377315589408,CL116,KR11;KR19,4.6003184,-74.07093315,1.0,12.210268871612904,,0.0,124.0,1.0
163863,10499435,-74.139724559,4.68606480400001,KR 107-CL 24 10,2019,Octubre,10,jueves,22,15,Fontibón,Choque,Vehículo,,Solo Daños,0,0,0,0,0,1,0,0,0,0,0,0,0,0,0,0,0,0,0,0,0,0,1001347.0,0.010848695168935694,1204.205163751862,DIAG16,KR97;KR106,4.6757841,-74.14318885,0.0,32.951224938416665,,0.0,120.0,0.0
163864,10499436,-74.096760761,4.54778537599998,CL 49B-KR 2B SE 07,2019,Octubre,10,jueves,21,40,Rafael Uribe Uribe,Choque,Vehículo,,Solo Daños,0,0,0,0,0,0,0,1,0,0,0,0,0,0,0,0,0,0,0,0,0,0,58.0,0.008534247992537939,947.3015271717112,CL13,AV.CARACAS;KR128,4.5547492,-74.09182735,0.0,22.939410271499998,,0.0,120.0,0.0
163865,10499437,-74.116427845,4.67460568000001,CL 26-KR 82 02,2019,Octubre,10,jueves,21,36,Fontibón,Choque,Vehículo,,Solo Daños,0,0,0,0,0,1,0,0,0,1,0,0,0,0,0,0,0,0,0,0,0,1,1000320.0,0.0029394088101109632,326.27437792231694,KR72,CL169B;CL163,4.67551385,-74.11363225,1.0,26.32530868325,,0.0,120.0,1.0
163866,10499438,-74.097274018,4.70024757499999,CL 80-KR 81 2,2019,Octubre,10,jueves,16,43,Engativá,Choque,Vehículo,,Solo Daños,0,1,0,0,0,0,0,0,0,1,0,0,0,0,0,0,0,0,0,0,0,1,1000963.0,0.002382746891682162,264.48490497672,CL72,KR64;KR70,4.7019356,-74.0989557,1.0,13.048620388916667,,0.0,120.0,1.0
163867,10499439,-74.083804782,4.61441019300003,CL 19-KR 22 2,2019,Octubre,10,jueves,11,44,Los Mártires,Choque,Vehículo,,Solo Daños,0,0,0,0,0,0,0,0,0,0,0,0,0,0,0,0,0,0,0,0,0,0,1001950.0,0.0025821457420259486,286.6181773648803,"KR50,CL13",CL17;KR56,4.6126833,-74.0857245,1.0,18.9867991273,,0.0,100.0,1.0
163868,10499440,-74.056963038,4.68861676099999,KR 45-CL 102 2,2019,Octubre,10,jueves,18,54,Usaquén,Choque,Vehículo,,Solo Daños,0,1,0,0,0,0,0,0,0,0,0,0,0,0,0,0,0,0,0,0,0,0,1000773.0,0.004837444808274968,536.9563737185215,KR50,CL33SUR;CL16SUR,4.6906399,-74.0613571,1.0,24.561638838555552,,0.0,90.0,1.0
163869,10499441,-74.166068518,4.626465618,DG 42A-KR 81D S 15,2019,Octubre,10,jueves,15,34,Kennedy,Choque,Vehículo,,Solo Daños,0,0,0,0,0,0,0,0,0,0,0,0,0,0,0,0,0,0,0,0,0,0,148.0,0.00854764776788712,948.7889022354703,AV.CL59SUR,KR81A;CL59SUR,4.6285372,-74.1577757,0.0,20.658020875000002,,0.0,8.0,0.0
163870,10499442,-74.11469514,4.668366402,CL 25G-KR 73C 31,2019,Octubre,10,jueves,18,8,Fontibón,Choque,Vehículo,,Solo Daños,0,0,0,0,0,0,0,0,0,0,0,0,0,0,0,0,0,0,0,0,0,0,92.0,0.006969573688310376,773.6226794024518,"KR50,TV42,TV39",CL6;CL19,4.6708416,-74.1081799,0.0,19.72993769,,0.0,115.0,0.0
163871,10499443,-74.067163587,4.66311703899999,CL 72-KR 24 2,2019,Octubre,10,jueves,12,10,Barrios Unidos,Choque,Vehículo,,Solo Daños,0,0,0,0,0,0,0,0,0,1,0,0,0,0,0,0,0,0,0,0,0,1,1000693.0,0.003300045173582422,366.30501426764886,CL13,KR56;KR65,4.6657333,-74.06515225000001,1.0,22.58505058632653,,0.0,98.0,1.0
163873,10499812,-74.074253992,4.60709351700001,CL 19-KR 11 02,2019,Octubre,12,sábado,11,30,Santa Fe,Choque,Vehículo,,Solo Daños,0,0,0,0,0,1,0,0,0,0,0,0,0,0,0,0,0,0,0,0,0,0,1000653.0,0.001404372931549963,155.88539540204587,AV.CIRCUNVALAR,KR7;CL83,4.6066223,-74.07557695,1.0,21.0128751694958,,0.0,119.0,1.0
163874,10499813,-74.110704839,4.70872872500001,AC 80-KR 100 02,2019,Octubre,13,domingo,19,45,Engativá,Choque,Vehículo,,Solo Daños,0,0,0,0,0,0,0,0,0,0,1,0,1,0,0,0,1,0,0,0,0,0,1000723.0,0.012467904738899848,1383.9374260178831,KR86,CL10;AV.AMERICAS,4.6984233,-74.11772245,0.0,8.595200996134453,,0.0,119.0,0.0
163875,10499814,-74.140285676,4.58076128800002,CL 54A-KR 31 S 2,2019,Octubre,12,sábado,12,30,Tunjuelito,Choque,Vehículo,,Solo Daños,0,0,0,0,0,0,0,0,0,0,0,0,0,0,0,0,0,0,0,0,0,0,56.0,0.007465951725639291,828.7206415459613,CL6,AV.CARACAS;KR42,4.574981,-74.13556034999999,0.0,16.724644124919354,,0.0,124.0,0.0
163876,10499815,-74.058813392,4.65714915400002,KR 11-CL 72 02,2019,Octubre,12,sábado,12,52,Chapinero,Choque,Vehículo,,Solo Daños,1,0,0,0,0,0,0,0,0,0,0,0,0,0,0,0,0,0,0,0,0,0,1000096.0,0.00343438157767664,381.216355122107,KR7,CL162;CL153,4.654590349999999,-74.05652265,1.0,21.984364682881356,,0.0,118.0,1.0
163877,10499816,-74.138211335,4.55728302900002,AV AVENIDA BOYACA-CL 62 S 02,2019,Octubre,13,domingo,19,5,Ciudad Bolívar,Choque,Vehículo,,Solo Daños,0,0,0,0,0,0,0,0,0,0,1,0,1,0,0,1,0,0,0,0,0,0,56.0,0.017895415585740752,1986.3911300172235,CL6,AV.CARACAS;KR42,4.574981,-74.13556034999999,0.0,18.49958715025,,0.0,120.0,0.0
163878,10499817,-74.077264707,4.59033386300001,CL 6-KR 5 02,2019,Octubre,13,domingo,11,0,Santa Fe,Choque,Vehículo,,Solo Daños,0,0,0,0,0,0,0,0,0,1,0,0,0,0,0,0,0,0,0,0,0,1,1000258.0,0.004701458101942905,521.8618493156624,CL32,KR7;AV.CARACAS,4.595026300000001,-74.0769736,1.0,15.04209679097561,,0.0,123.0,1.0
163879,10499818,-74.087676316,4.59999149100003,KR 18-CL 6A 2,2019,Octubre,12,sábado,14,24,Los Mártires,Choque,Vehículo,,Solo Daños,0,0,0,0,0,0,0,0,0,0,0,0,0,0,0,0,0,0,0,0,0,0,1000056.0,0.0022042350956680092,244.67009561914904,KR11,CL106;CL116,4.60078815,-74.08973155,1.0,19.399783093709676,,0.0,124.0,1.0
163880,10499819,-74.181809682,4.63841875100002,CL 49-KR 93C S 11,2019,Octubre,12,sábado,12,50,Bosa,Choque,Vehículo,,Solo Daños,0,0,0,0,0,0,0,0,0,0,0,0,0,0,0,0,0,0,0,0,0,0,1000981.0,0.012329966236726417,1368.6262522766324,DIAG16,KR90;KR97,4.6495069,-74.176417,0.0,33.0061912335,,0.0,120.0,0.0
163881,10499820,-74.051488353,4.69980521100001,CL 118-KR 20 2,2019,Octubre,12,sábado,23,10,Usaquén,Choque,Vehículo,,Solo Daños,0,0,1,0,0,0,0,0,0,0,0,0,0,0,0,0,0,0,0,0,0,0,1002011.0,0.004993395499064159,554.2669003961216,AUTONORTE,PEPE.SIERRA;CL100,4.697067349999999,-74.05566425,1.0,51.16223484336207,,0.0,116.0,1.0
163882,10499821,-74.05755676,4.68375147500001,KR 45-CL 95 02,2019,Octubre,13,domingo,13,0,Barrios Unidos,Choque,Vehículo,,Solo Daños,0,1,0,0,0,0,0,1,0,0,0,0,0,0,0,0,0,0,0,0,0,0,1000036.0,0.0010340204841968533,114.77627374585072,AUTONORTE,CL82;CL80,4.6830666,-74.05833145,1.0,20.192449009919354,,0.0,124.0,1.0
163883,10499822,-74.079467409,4.67371986799998,CL 73-KR 60 42,2019,Octubre,12,sábado,17,20,Barrios Unidos,Choque,Vehículo,,Solo Daños,0,0,0,0,0,0,0,0,0,1,0,0,0,0,0,0,0,0,0,0,0,1,1001044.0,0.0011931282797976086,132.43723905753455,KR60,CL66C;CL53,4.67491275,-74.07949165,1.0,30.40660105175,,0.0,120.0,1.0
163884,10499823,-74.027349256,4.762813419,CL 186-KR 7 2,2019,Octubre,12,sábado,7,25,Usaquén,Choque,Vehículo,,Solo Daños,0,0,0,0,0,0,0,0,0,0,0,1,0,0,0,0,0,0,0,0,0,0,1000088.0,0.005309601679760077,589.3657864533685,KR19,CL159;CL152,4.7601672,-74.03195245,0.0,18.44131717804878,,0.0,123.0,0.0
163885,10499824,-74.123928011,4.583846639,DG 41A-KR 26A S 02,2019,Octubre,13,domingo,12,20,Rafael Uribe Uribe,Choque,Vehículo,,Solo Daños,0,0,0,0,0,0,0,1,0,0,0,0,0,0,0,0,0,0,0,0,0,0,1000328.0,0.0017409837609344728,193.2491974637265,AV.P.MAYO,AV.CARACAS;DIAG19SUR,4.5827155,-74.12260455,1.0,9.227180308870969,,0.0,124.0,1.0
163886,10499825,-74.147045218,4.55822609199998,KR 19BIS-CL 66A S 2,2019,Octubre,12,sábado,19,15,Tunjuelito,Choque,Vehículo,,Solo Daños,0,1,0,0,0,0,0,0,0,0,1,0,1,0,0,1,0,0,0,0,0,0,56.0,0.02031327484840391,2254.7735081728338,CL6,AV.CARACAS;KR42,4.574981,-74.13556034999999,0.0,18.49958715025,,0.0,120.0,0.0
163887,10499826,-74.090260905,4.68237871500003,KR 69I-CL 71 02,2019,Octubre,12,sábado,11,25,Engativá,Choque,Vehículo,,Solo Daños,0,0,0,0,0,0,0,0,0,0,0,0,0,0,0,0,0,0,0,0,0,0,1000999.0,0.002404557542904577,266.90588726240804,CL80,KR112A;KR119,4.684189,-74.09184355,1.0,35.139541018888885,,0.0,117.0,1.0
163888,10499827,-74.118776116,4.58158250000002,KR 24-CL 36 S 02,2019,Octubre,13,domingo,7,35,Rafael Uribe Uribe,Choque,Vehículo,,Solo Daños,0,0,0,0,0,0,0,0,0,0,0,0,0,0,0,0,0,0,0,0,0,0,1001976.0,0.002660682745410143,295.33578474052587,NQS,KR24;CL100,4.57921725,-74.11999465,1.0,36.0699212927731,,0.0,119.0,1.0
163889,10499828,-74.129333834,4.59342499000002,AV AVENIDA DEL SUR-CL 44 S 2,2019,Octubre,12,sábado,15,10,Tunjuelito,Choque,Vehículo,,Solo Daños,0,0,0,0,0,0,0,1,0,1,0,0,0,0,0,0,0,0,0,0,0,1,1000295.0,0.0020934655779292167,232.37467915014307,CL1,AV.CARACAS;KR10,4.5933419,-74.13142565,1.0,27.423961966833335,,0.0,120.0,1.0
163890,10499829,-74.024509089,4.72765212399997,KR 7-CL 153 02,2019,Octubre,12,sábado,20,0,Usaquén,Choque,Vehículo,,Solo Daños,0,0,0,0,0,1,0,0,0,0,0,0,0,0,0,0,0,0,0,0,0,0,1000051.0,0.012722241152465293,1412.1687679236475,CL116,KR15;KR11,4.7180052,-74.0328032,0.0,21.182959617416667,,0.0,120.0,0.0
163891,10499830,-74.164697622,4.596024247,AV AVENIDA DEL SUR-KR 72 2,2019,Octubre,12,sábado,14,40,Bosa,Choque,Vehículo,,Solo Daños,0,0,0,0,0,0,0,0,0,0,0,0,0,0,0,0,0,0,0,0,0,0,1001946.0,0.00023268107721345345,25.827599570693334,"AV.P.MAYO,CL26SUR",KR72;KR78K,4.5960945,-74.1644758,1.0,15.501981523418804,,0.0,117.0,1.0
163892,10499831,-74.112701905,4.54738129700002,CL 49B-KR 5B S 02,2019,Octubre,13,domingo,19,6,Rafael Uribe Uribe,Choque,Vehículo,,Solo Daños,0,0,0,0,0,0,0,0,0,0,0,0,0,0,0,0,0,0,0,0,0,0,39.0,0.009014863422814056,1000.6498399323602,AV.CARACAS,AV.P.MAYO;CL80,4.5552695,-74.11706585,0.0,17.54174856008621,,0.0,116.0,0.0
163893,10499832,-74.120835486,4.70952760699998,TR 106-CL 75 02,2019,Octubre,13,domingo,19,30,Engativá,Choque,Objeto Fijo,Muro,Solo Daños,0,0,0,0,0,0,0,0,0,0,0,0,0,0,0,0,0,0,0,0,0,0,1000723.0,0.011532416359423809,1280.0982158960428,KR86,CL10;AV.AMERICAS,4.6984233,-74.11772245,0.0,8.595200996134453,,0.0,119.0,0.0
163894,10499833,-74.104412303,4.60037915599997,KR 30-CL 1D 02,2019,Octubre,13,domingo,10,50,Los Mártires,Choque,Vehículo,,Solo Daños,0,0,0,0,0,1,0,0,0,0,0,0,0,0,0,0,0,0,0,0,0,0,1000039.0,0.001809423911428695,200.84605416858514,KR24,CL80;CL72,4.6020578,-74.1037369,1.0,22.4180272407438,,0.0,121.0,1.0
163895,10499834,-74.173630561,4.64040359799998,KR 91B-CL 42A S 02,2019,Octubre,13,domingo,20,37,Kennedy,Choque,Objeto Fijo,Tren,Solo Daños,0,1,0,0,0,0,0,0,0,0,0,0,0,0,0,0,0,0,0,0,0,0,1000981.0,0.009520207434941688,1056.7430252785273,DIAG16,KR90;KR97,4.6495069,-74.176417,0.0,38.84888551258334,,0.0,120.0,0.0
163896,10499835,-74.139773042,4.66409690900002,CL 17-KR 90 2,2019,Octubre,12,sábado,11,3,Fontibón,Choque,Vehículo,,Solo Daños,0,0,0,0,0,0,0,1,0,0,0,0,0,0,0,0,0,0,0,0,0,0,1001016.0,0.006710896750296299,744.9095392828892,KR72,CL127;CL75,4.6623088,-74.13330475000001,0.0,27.02133424825,,0.0,120.0,0.0
163897,10500204,-74.103598004,4.582623786,CL 22-KR 18 S 02,2019,Octubre,17,jueves,9,50,Antonio Nariño,Choque,Vehículo,,Solo Daños,0,0,0,0,0,0,0,0,0,0,1,0,0,0,0,0,0,0,0,0,0,0,1000314.0,0.004440427950259112,492.88750247876146,CL19,KR5;KR10,4.5844906000000005,-74.10762695,1.0,10.59813278201613,,0.0,124.0,1.0
163898,10500205,-74.050308943,4.69689448100002,KR 19-CL 112 2,2019,Octubre,18,viernes,20,1,Usaquén,Choque,Vehículo,,Solo Daños,0,0,0,0,0,1,0,1,0,0,0,0,0,0,0,0,0,0,0,0,0,0,1002011.0,0.0053580963742196055,594.7486975383762,AUTONORTE,PEPE.SIERRA;CL100,4.697067349999999,-74.05566425,0.0,39.913940495948275,,0.0,116.0,0.0
163899,10500206,-74.032033677,4.740623997,KR 9-CL 163A 2,2019,Octubre,18,viernes,14,45,Usaquén,Choque,Vehículo,,Solo Daños,1,0,0,0,0,0,0,0,0,0,0,0,0,0,0,0,0,0,0,0,0,0,1000081.0,0.0015515597403717404,172.22313118126317,KR19,CL116;CL127,4.7391552,-74.03253365,1.0,12.477997089596775,,0.0,124.0,1.0
163900,10500207,-74.167962872,4.630417916,AV AVENIDA CIUDAD DE CALI-AC 42 S 2,2019,Octubre,19,sábado,2,50,Kennedy,Choque,Vehículo,,Solo Daños,0,0,1,0,0,0,0,0,0,1,0,0,0,0,0,0,0,0,0,0,0,1,148.0,0.010359322662716833,1149.8848155615685,AV.CL59SUR,KR81A;CL59SUR,4.6285372,-74.1577757,0.0,41.320998134999996,,0.0,8.0,0.0
163902,10500209,-74.077327288,4.69003771400003,CL 96-KR 69A 2,2019,Octubre,18,viernes,21,10,Suba,Choque,Vehículo,,Solo Daños,0,0,0,0,0,0,0,0,0,0,0,0,0,0,0,0,0,0,0,0,0,0,1001209.0,0.0033556817902950613,372.4806787227518,NQS,KR68;KR62B,4.688212200000001,-74.0745116,1.0,23.8715968985,,0.0,120.0,1.0
163903,10500210,-74.125579243,4.60182427199999,KR 51A-CL 31 S 70,2019,Octubre,18,viernes,14,40,Puente Aranda,Choque,Vehículo,,Solo Daños,0,0,0,0,0,0,0,0,0,1,0,0,0,0,0,0,0,0,0,0,0,1,1000945.0,0.00199923790971205,221.91540797803756,CL19,KR36;KR27,4.6023978,-74.12749445,1.0,28.659593178636364,,0.0,88.0,1.0
163904,10500211,-74.097684815,4.60729177100001,KR 30-CL 6 2,2019,Octubre,19,sábado,6,13,Los Mártires,Choque,Objeto Fijo,Semaforo,Solo Daños,0,1,0,0,0,0,0,1,0,1,0,0,0,0,0,0,0,0,0,0,0,1,1001001.0,0.0008664535317363758,96.17634202273771,CL24,KR40;AV.AMERICAS,4.60802425,-74.09814765,1.0,21.592613445526315,,0.0,114.0,1.0
163905,10500212,-74.120091351,4.67903399400001,CL 26-KR 86 02,2019,Octubre,18,viernes,18,2,Fontibón,Choque,Objeto Fijo,Semaforo,Solo Daños,0,0,0,0,0,0,0,0,0,0,0,0,0,0,0,0,0,0,0,0,0,0,115.0,0.0027763339790970723,308.17307167977503,KR60;CL68,CL66C;KR58,4.68103185,-74.1220192,1.0,15.267392705416666,,0.0,120.0,1.0
163906,10500213,-74.03585846,4.71696446700003,CL 135C-KR 11 2,2019,Octubre,18,viernes,10,20,Usaquén,Choque,Objeto Fijo,Semoviente,Solo Daños,0,0,0,0,0,0,0,0,0,0,0,0,0,0,0,0,0,0,0,0,0,0,137.0,0.002606363853138917,289.3063876984198,KR15,CL106;CL100,4.7144441,-74.03652245,1.0,9.960084709504132,,0.0,121.0,1.0
163907,10500214,-74.139271104,4.56085615400002,CL 61-KR 19 S 2,2019,Octubre,18,viernes,17,30,Ciudad Bolívar,Choque,Vehículo,,Solo Daños,0,1,0,0,0,0,0,0,0,1,0,0,0,0,0,0,0,0,0,0,0,1,56.0,0.014604142212802144,1621.0597856210381,CL6,AV.CARACAS;KR42,4.574981,-74.13556034999999,0.0,17.159014918083336,,0.0,120.0,0.0
163908,10500215,-74.121327584,4.70902027,CL 73-KR 106 02,2019,Octubre,19,sábado,21,25,Engativá,Choque,Vehículo,,Solo Daños,1,0,0,0,0,0,0,0,0,0,0,0,0,0,0,0,0,0,0,0,0,0,1000723.0,0.011193425049502683,1242.470180494798,KR86,CL10;AV.AMERICAS,4.6984233,-74.11772245,0.0,11.44416844525862,,0.0,116.0,0.0
163909,10500216,-74.095843093,4.70865161799998,AV AVENIDA CIUDAD DE CALI-CL 88 71,2019,Octubre,19,sábado,6,30,Engativá,Choque,Vehículo,,Solo Daños,0,0,0,0,0,0,0,0,0,0,1,0,0,0,0,0,0,0,0,0,0,0,1000300.0,0.004916233512850924,545.7019199264525,CL6,KR19;KR27,4.713529149999999,-74.09645875000001,1.0,24.703241816324784,,0.0,117.0,1.0
163910,10500217,-74.089797765,4.582106963,KR 10-CL 11 S 02,2019,Octubre,19,sábado,6,0,San Cristóbal,Choque,Vehículo,,Solo Daños,0,1,0,0,0,0,0,0,0,0,1,0,0,0,0,0,0,0,0,0,0,0,1000214.0,0.0057187139393551556,634.7772472684222,KR5,CL34;CL27,4.57950665,-74.0948911,0.0,27.829900327435897,,0.0,117.0,0.0
163911,10500218,-74.097053136,4.66928539100002,CL 63A-KR 69 2,2019,Octubre,18,viernes,9,50,Engativá,Choque,Objeto Fijo,Vehiculo,Solo Daños,0,0,0,0,0,0,0,0,0,0,0,0,0,0,0,0,0,0,0,0,0,0,30.0,0.003490685064613517,387.4660421721004,CL134,KR7;KR72,4.66866335,-74.10048795,1.0,16.81982865669355,,0.0,124.0,1.0
163912,10500219,-74.114689683,4.68393099500003,AV AVENIDA CIUDAD DE CALI-CL 63 2,2019,Octubre,18,viernes,5,30,Engativá,Choque,Vehículo,,Solo Daños,0,0,0,0,0,0,0,0,0,0,0,0,0,0,0,0,0,0,0,0,0,0,1000227.0,0.005461399520860125,606.2153468154738,KR72,CL170;CL169,4.67854075,-74.1155684,0.0,33.38444127957627,,0.0,118.0,0.0
163913,10500220,-74.050530829,4.745555669,CL 163B-KR 49 2,2019,Octubre,16,miércoles,13,30,Suba,Choque,Vehículo,,Con Heridos,0,0,0,0,0,0,0,1,0,0,0,0,0,0,0,0,0,0,0,0,0,0,1000175.0,0.005984595470690522,664.290097246648,CL106,KR19;KR15,4.73962495,-74.05133205,0.0,14.06945636016129,,0.0,124.0,0.0
163914,10500221,-74.052780073,4.715507457,CL 129-KR 45 02,2019,Octubre,19,sábado,20,59,Usaquén,Choque,Vehículo,,Solo Daños,0,0,0,0,0,0,0,0,0,0,1,0,1,0,0,1,0,0,0,0,0,0,1000173.0,0.0031929317745244337,354.4154269722121,KR15,CL106;CL127,4.71847495,-74.0516016,1.0,13.569428502457626,,0.0,118.0,1.0
163915,10500222,-74.149949057,4.55756872500001,CL 68C-KR 18Y S 2,2019,Octubre,18,viernes,18,20,Ciudad Bolívar,Choque,Objeto Fijo,Vehiculo,Con Heridos,0,0,0,0,1,0,0,0,1,0,1,0,0,0,0,0,0,0,0,0,1,0,56.0,0.022588098853320734,2507.2789727186014,CL6,AV.CARACAS;KR42,4.574981,-74.13556034999999,0.0,16.4510510015,,0.0,120.0,0.0
163916,10500223,-74.145486892,4.59151156500002,AV AVENIDA BOYACA-CL 50 S 02,2019,Octubre,19,sábado,13,30,Ciudad Bolívar,Choque,Vehículo,,Con Heridos,0,0,0,0,0,1,0,0,0,0,1,0,1,0,0,1,0,0,0,0,0,0,1000297.0,0.0027269874082005664,302.69560231026287,CL1,KR21;AV.CARACAS,4.59354105,-74.14366545,1.0,19.787965808655464,,0.0,119.0,1.0
163917,10500224,-74.180643986,4.59192186500002,KR 77-CL 59A S 2,2019,Octubre,19,sábado,7,0,Ciudad Bolívar,Choque,Vehículo,,Con Heridos,1,0,0,0,0,1,0,0,0,0,0,0,0,0,0,0,0,0,0,0,0,0,149.0,0.010695607704819863,1187.2124552350049,AV.CL59SUR,CL59SUR;KR81A,4.6025243,-74.1792353,0.0,23.46657685375,,0.0,8.0,0.0
163918,10500225,-74.045896441,4.70373198200002,CL 125-KR 17A 02,2019,Octubre,19,sábado,16,0,Usaquén,Choque,Vehículo,,Con Heridos,1,0,0,0,0,0,0,0,0,0,0,0,0,0,0,0,0,0,0,0,0,0,1002018.0,0.0035331303408088627,392.1774678297838,AUTONORTE,ALCALA;CL146,4.705305,-74.0427328,1.0,38.058994756249994,,0.0,120.0,1.0
163919,10500226,-74.0982,4.69110000000001,KR 75F-CL 72A 26,2019,Octubre,18,viernes,18,0,Engativá,Choque,Vehículo,,Con Heridos,0,0,0,0,0,1,0,0,0,0,0,0,0,0,0,0,0,0,0,0,0,0,1000748.0,0.006061400435738926,672.8154483670207,KR68,CL3;CL13,4.692486049999999,-74.1041008,0.0,25.62358671633333,,0.0,120.0,0.0
163920,10500227,-74.109164486,4.68979934200001,AV AVENIDA CIUDAD DE CALI-CL 66A 2,2019,Octubre,18,viernes,23,36,Engativá,Choque,Vehículo,,Con Heridos,0,0,0,0,0,1,0,0,0,0,0,0,0,0,0,0,0,0,0,0,0,0,1001872.0,0.004694826046047751,521.1256911113003,KR86,CL64BIS;CL66A,4.6942582,-74.1076948,1.0,28.764489537387387,,0.0,111.0,1.0
163921,10500228,-74.116453957,4.51511283899998,AV AVENIDA CARACAS-CL 74C S 2,2019,Octubre,20,domingo,1,28,Usme,Choque,Vehículo,,Con Heridos,0,0,0,0,1,0,0,0,0,0,1,0,0,0,0,0,0,0,0,0,0,0,1001959.0,0.019994920611619536,2219.4361878897685,"CL19,KR3",KR5;CL22,4.5343054,-74.1108466,0.0,28.31490466420168,,0.0,119.0,0.0
163922,10500602,-74.114438466,4.684195139,KR 86-CL 63 2,2019,Octubre,21,lunes,17,30,Engativá,Choque,Vehículo,,Solo Daños,0,1,0,0,0,0,0,0,0,0,0,0,0,0,0,0,0,0,0,0,0,0,1000227.0,0.005766182949550668,640.0463074001242,KR72,CL170;CL169,4.67854075,-74.1155684,0.0,26.406193650166664,,0.0,120.0,0.0
163923,10500603,-74.14287949,4.65309763300002,AV AVENIDA CIUDAD DE CALI-KR 12 2,2019,Octubre,22,martes,11,38,Kennedy,Choque,Vehículo,,Solo Daños,0,1,0,0,0,0,0,0,0,0,0,0,0,0,0,0,0,0,0,0,0,0,1001019.0,0.003489952201856476,387.38469440606883,KR72,CL75;CL66A,4.65133785,-74.1398657,1.0,24.457802025876287,,0.0,97.0,1.0
163924,10500604,-74.042930992,4.70071838899997,KR 15-CL 122 2,2019,Octubre,21,lunes,15,19,Usaquén,Choque,Vehículo,,Solo Daños,0,0,0,0,0,0,0,0,0,0,1,0,1,0,0,1,0,0,0,0,1,0,1002018.0,0.004590891039271003,509.5889053590813,AUTONORTE,ALCALA;CL146,4.705305,-74.0427328,1.0,34.517917139919355,,0.0,124.0,1.0
163925,10500605,-74.125673062,4.695669076,CL 63-KR 104 2,2019,Octubre,22,martes,7,1,Engativá,Choque,Vehículo,,Solo Daños,0,0,0,0,0,1,0,0,0,0,0,0,0,0,0,0,0,0,0,0,0,0,1000723.0,0.008414153612619142,933.9710510007247,KR86,CL10;AV.AMERICAS,4.6984233,-74.11772245,0.0,13.815338940247935,,0.0,121.0,0.0
163926,10500606,-74.119669624,4.67945253099998,CL 26-KR 86 02,2019,Octubre,22,martes,10,6,Fontibón,Choque,Vehículo,,Solo Daños,0,0,0,0,0,0,0,1,0,1,0,0,0,0,0,0,0,0,0,0,0,1,115.0,0.002831034419359948,314.24482054895424,KR60;CL68,CL66C;KR58,4.68103185,-74.1220192,1.0,18.676439404297522,,0.0,121.0,1.0
163927,10500607,-74.162353625,4.596311066,AV AVENIDA CIUDAD DE VILLAVICENCIO-CL 57R S 02,2019,Octubre,22,martes,10,50,Bosa,Choque,Vehículo,,Solo Daños,0,1,0,0,0,0,0,1,0,0,0,0,0,0,0,0,0,0,0,0,0,0,1001946.0,0.002133196559866692,236.78481814520282,"AV.P.MAYO,CL26SUR",KR72;KR78K,4.5960945,-74.1644758,1.0,17.858656643508773,,0.0,114.0,1.0
163928,10500608,-74.076144613,4.66378178600002,KR 30-CL 68 2,2019,Octubre,22,martes,10,45,Barrios Unidos,Choque,Vehículo,,Solo Daños,0,0,0,0,0,1,0,0,0,0,0,0,0,0,0,0,0,0,0,0,0,0,1000189.0,0.004722197104540645,524.1638786040116,KR7,CL170;CL165,4.66734485,-74.0792436,1.0,26.746246561983472,,0.0,121.0,1.0
163929,10500609,-74.072237887,4.72498242299997,AV AVENIDA BOYACA-CL 132 02,2019,Octubre,22,martes,6,52,Suba,Choque,Vehículo,,Solo Daños,0,0,0,0,0,0,0,0,0,0,0,0,0,0,0,0,0,0,0,0,0,0,1001054.0,0.0065111600169460515,722.7387618810117,KR68,KR64;AV.SUBA,4.72398195,-74.06580405,0.0,24.725289535043476,,0.0,115.0,0.0
163930,10500610,-74.049879447,4.66186518000001,KR 7-CL 80 2,2019,Octubre,22,martes,14,50,Chapinero,Choque,Vehículo,,Solo Daños,0,0,0,0,0,0,0,0,0,1,0,0,0,0,0,0,0,0,0,0,0,1,1000986.0,0.003880845056557172,430.7738012778461,CL80,KR69H;KR58,4.6638357,-74.0532228,1.0,35.40420796081301,,0.0,123.0,1.0
163931,10500611,-74.055062568,4.68117745400002,CL 94-KR 20 2,2019,Octubre,22,martes,7,12,Chapinero,Choque,Vehículo,,Solo Daños,0,0,0,0,0,0,0,0,0,1,0,0,0,0,0,0,0,0,0,0,0,1,1000940.0,0.0008245474366237999,91.52476546524179,CL24,KR14;KR10,4.681202,-74.05588675,1.0,12.923662040731706,,0.0,123.0,1.0
163932,10500612,-74.135854657,4.55359665600002,CL 65-KR 16C S 02,2019,Octubre,22,martes,18,0,Ciudad Bolívar,Choque,Vehículo,,Solo Daños,0,0,0,0,0,0,0,0,0,0,0,0,0,0,0,0,0,0,0,0,0,0,39.0,0.018863130056574588,2093.8074362797793,AV.CARACAS,AV.P.MAYO;CL80,4.5552695,-74.11706585,0.0,15.82055370252174,,0.0,115.0,0.0
163933,10500613,-74.110534595,4.708570947,CL 80-KR 98 2,2019,Octubre,22,martes,10,30,Engativá,Choque,Vehículo,,Solo Daños,0,0,0,0,0,0,0,0,0,0,1,0,1,0,1,0,0,0,0,0,0,0,1000759.0,0.012301325263012391,1365.4471041943755,KR80,CL26SUR;CL38CSUR,4.69774235,-74.10469815,0.0,20.426535329166665,,0.0,120.0,0.0
163934,10500614,-74.050394349,4.64980350399998,AV AVENIDA CIRCUNVALAR-CL 70A 63,2019,Octubre,22,martes,10,53,Chapinero,Choque,Vehículo,,Solo Daños,0,0,0,0,0,0,0,1,0,0,0,0,0,0,0,0,0,0,0,0,0,0,1001932.0,0.006850242796353944,760.3769503952877,"TV85,CL64BBIS",CL63;KR86,4.6444096,-74.0546171,0.0,20.77683568165289,,0.0,121.0,0.0
163935,10500615,-74.097855063,4.70666987999999,AV AVENIDA CIUDAD DE CALI-AC 85 2,2019,Octubre,22,martes,14,58,Engativá,Choque,Vehículo,,Solo Daños,0,0,0,0,0,0,0,0,0,0,0,0,0,0,0,0,0,0,0,0,0,0,1000963.0,0.004860535867997878,539.5194813477644,CL72,KR64;KR70,4.7019356,-74.0989557,1.0,12.91485007782258,,0.0,124.0,1.0
163936,10500616,-74.070175128,4.60450401899999,CL 19-KR 5 02,2019,Octubre,22,martes,13,25,Santa Fe,Choque,Vehículo,,Solo Daños,0,0,0,0,0,0,0,0,0,0,1,0,1,0,0,1,1,0,0,0,0,0,2.0,0.0005151983208000178,57.18701360880197,KR7,CL32;CL188,4.60499885,-74.0700317,1.0,19.750025137807018,,0.0,114.0,1.0
163937,10500617,-74.087097825,4.60081795500002,KR 18-CL 7 02,2019,Octubre,23,miércoles,19,48,Los Mártires,Choque,Vehículo,,Solo Daños,0,0,0,0,0,0,0,0,0,0,0,0,0,0,0,0,0,0,0,0,0,0,1000216.0,0.0023555227879919734,261.46302946710904,KR7,CL34;CL39,4.5992053,-74.08538089999999,1.0,26.54650096117647,,0.0,119.0,1.0
163938,10500618,-74.071043186,4.61861475000001,AV AVENIDA CARACAS-KR 31B 2,2019,Octubre,23,miércoles,15,59,Santa Fe,Choque,Vehículo,,Solo Daños,0,0,0,0,0,1,0,0,0,0,0,0,0,0,0,0,0,0,0,0,0,0,1000020.0,0.002245704732186093,249.2732252726563,KR7,CL79;CL76,4.618767350000001,-74.07328369999999,1.0,18.009979656034485,,0.0,116.0,1.0
163939,10500619,-74.161551463,4.68544554800002,CL 17-KR 120 2,2019,Octubre,22,martes,21,30,Fontibón,Choque,Vehículo,,Solo Daños,0,1,0,0,0,0,0,1,0,0,0,0,0,0,0,0,0,0,0,0,0,0,95.0,0.005212018056686578,578.5340042922102,AV.SUBA,KR94;SAN.MARTIN,4.68681675,-74.15652305,0.0,31.28672273584746,,0.0,118.0,0.0
163940,10500620,-74.127877783,4.56058009600002,KR 12C-CL 55A S 02,2019,Octubre,23,miércoles,8,30,Ciudad Bolívar,Choque,Vehículo,,Solo Daños,0,1,0,0,0,0,0,0,0,0,0,0,0,0,0,0,0,0,0,0,0,0,39.0,0.012045759630339235,1337.0793189676551,AV.CARACAS,AV.P.MAYO;CL80,4.5552695,-74.11706585,0.0,15.576003813709677,,0.0,124.0,0.0
163941,10500621,-74.086448623,4.69134910100001,KR 70-CL 79A 2,2019,Octubre,23,miércoles,19,40,Engativá,Choque,Vehículo,,Solo Daños,0,0,0,0,0,0,0,0,0,0,1,0,1,0,0,0,1,0,0,0,0,0,1001000.0,0.0032395852048482804,359.59395773815913,CL80,KR119;KR112A,4.69445795,-74.08735965,1.0,30.28975816635593,,0.0,118.0,1.0
163942,10500622,-74.086452511,4.60671075400001,CL 12-KR 19A 02,2019,Octubre,23,miércoles,19,21,Los Mártires,Choque,Objeto Fijo,Semaforo,Solo Daños,1,0,0,0,0,0,0,0,0,0,0,0,0,0,0,0,0,0,0,0,0,0,1000703.0,0.002956986293702141,328.22547860093766,CL13,KR33;KR27,4.60709655,-74.0835208,1.0,27.961901820833337,,0.0,120.0,1.0
163943,10500623,-74.075772116,4.75139705499998,DG 157-TR 77 2,2019,Octubre,23,miércoles,21,54,Suba,Choque,Vehículo,,Solo Daños,0,0,0,0,0,0,0,0,0,0,0,0,0,0,0,0,0,0,0,0,0,0,1000764.0,0.0036801049874602607,408.49165360808894,KR80,CL55SUR;CL43SUR,4.7477516,-74.0752683,1.0,21.75272915133333,,0.0,120.0,1.0
163944,10500624,-74.12014362,4.63433427699999,KR 68-CL 11 2,2019,Octubre,23,miércoles,18,47,Puente Aranda,Choque,Vehículo,,Solo Daños,0,0,0,0,0,1,0,1,0,0,0,0,0,0,0,0,0,0,0,0,0,0,1000745.0,0.00012178386687768095,13.518009223422585,CL6,KR32;KR36,4.6343731,-74.12025905,1.0,28.086080207916666,,0.0,120.0,1.0
163945,10500625,-74.049480811,4.66035939800003,CL 79B-KR 5 2,2019,Octubre,23,miércoles,18,0,Chapinero,Choque,Vehículo,,Solo Daños,0,0,0,0,0,0,0,1,0,0,1,0,0,0,0,0,0,0,0,0,0,0,1000986.0,0.0051075588367786,566.9390308824246,CL80,KR69H;KR58,4.6638357,-74.0532228,0.0,35.623659502288135,,0.0,118.0,0.0
163946,10501010,-74.054809982,4.67102801599998,KR 15-CL 86 2,2019,Octubre,28,lunes,11,40,Chapinero,Atropello,,,Con Muertos,0,0,0,0,0,1,1,0,0,0,0,0,0,0,0,0,0,0,0,0,0,0,1000098.0,0.005524255122636514,613.1923186126531,KR9,CL165;CL161,4.67476105,-74.0507379,0.0,20.815718804590162,,0.0,122.0,0.0
163947,10501011,-74.091746078,4.64165432700003,KR 50-CL 26 2,2019,Octubre,25,viernes,11,40,Teusaquillo,Choque,Vehículo,,Solo Daños,0,0,0,0,0,0,0,0,0,1,0,0,0,0,0,0,0,0,0,0,0,1,1002044.0,0.0021778238692621737,241.73844948810128,CL26,NORMANDIA;MODELIA,4.641110100000001,-74.08963735,1.0,50.38198848114754,,0.0,122.0,1.0
163948,10501012,-74.048687024,4.68722666299999,CL 102-KR 16 02,2019,Octubre,25,viernes,13,30,Usaquén,Choque,Vehículo,,Solo Daños,0,0,0,0,0,0,0,0,0,0,0,0,0,0,0,0,0,0,0,0,0,0,1002017.0,0.0040687864549853354,451.6352965033722,AUTONORTE,ALCALA;PRADO,4.6892508,-74.04515745,1.0,45.50150296487805,,0.0,123.0,1.0
163949,10501013,-74.101623828,4.69255498299998,CL 72-KR 80 2,2019,Octubre,26,sábado,14,0,Engativá,Choque,Vehículo,,Solo Daños,0,1,0,0,0,0,0,0,0,0,0,0,0,0,0,0,0,0,0,0,0,0,1000748.0,0.002477931001310108,275.05034114542195,KR68,CL3;CL13,4.692486049999999,-74.1041008,1.0,21.815380498991598,,0.0,119.0,1.0
163950,10501014,-74.034770783,4.82038766599999,AV AVENIDA PASEO DE LOS LIBERTADORES-CL 245 02,2019,Octubre,25,viernes,14,0,Usaquén,Choque,Vehículo,,Solo Daños,0,0,0,0,0,0,0,1,0,0,1,0,0,0,0,0,0,0,0,0,1,0,35.0,0.039956695354241026,4435.193184320754,KR72,CL170;CL43AS,4.7881347000000005,-74.05835645,0.0,19.907990337435894,,0.0,117.0,0.0
163951,10501015,-74.124608975,4.62434774500002,CL 3-KR 68 2,2019,Octubre,25,viernes,13,0,Puente Aranda,Volcamiento,,,Solo Daños,0,0,0,1,0,1,0,0,0,0,0,0,0,0,0,0,0,0,0,0,0,0,49.0,0.006295697929018369,698.8224701210389,CL53,KR68;KR7,4.62874205,-74.1291174,0.0,13.695054735483872,,0.0,124.0,0.0
163952,10501016,-74.101623828,4.69255498299998,CL 72-KR 80 2,2019,Octubre,26,sábado,15,15,Engativá,Choque,Vehículo,,Solo Daños,0,0,0,0,0,0,0,0,0,0,1,0,1,0,0,0,1,0,0,0,0,0,1000748.0,0.002477931001310108,275.05034114542195,KR68,CL3;CL13,4.692486049999999,-74.1041008,1.0,24.931418903559322,,0.0,118.0,1.0
163953,10501017,-74.087940661,4.674470391,CL 68-KR 68 2,2019,Octubre,25,viernes,7,20,Barrios Unidos,Choque,Vehículo,,Solo Daños,0,0,0,0,0,0,0,0,0,1,1,0,0,0,0,0,0,0,0,0,0,1,1000190.0,0.0014665112127098655,162.78274461079508,KR9,CL140;CL147,4.67592,-74.08771865,1.0,34.54534665,,0.0,123.0,1.0
163954,10501018,-74.071141944,4.63825701100001,KR 19-CL 50 02,2019,Octubre,25,viernes,18,50,Teusaquillo,Choque,Vehículo,,Solo Daños,0,0,0,0,0,0,0,0,0,0,0,0,0,0,0,0,0,0,0,0,0,0,13.0,0.0012413663654023516,137.79166655966102,CL92,KR7;KR19B,4.6373333,-74.07197124999999,1.0,13.298991769051725,,0.0,116.0,1.0
163955,10501019,-74.05458158,4.70036150200002,AV AVENIDA PASEO DE LOS LIBERTADORES-CL 118 02,2019,Octubre,25,viernes,14,0,Usaquén,Choque,Vehículo,,Solo Daños,0,0,0,0,0,0,0,0,0,0,0,0,0,0,0,0,0,0,0,0,0,0,1002011.0,0.003467507999723581,384.89338796931753,AUTONORTE,PEPE.SIERRA;CL100,4.697067349999999,-74.05566425,1.0,36.31844538951613,,0.0,124.0,1.0
163956,10501020,-74.146507604,4.686641931,KR 112B-CL 22J 2,2019,Octubre,27,domingo,20,15,Fontibón,Choque,Objeto Fijo,Semaforo,Solo Daños,0,1,0,0,0,0,0,0,0,0,0,0,0,0,0,0,0,0,0,0,0,0,95.0,0.01001697161130139,1111.8838488544543,AV.SUBA,KR94;SAN.MARTIN,4.68681675,-74.15652305,0.0,29.742962731416664,,0.0,120.0,0.0
163957,10501022,-74.056640638,4.65563875800001,CL 72-KR 7 71,2019,Octubre,25,viernes,13,5,Chapinero,Choque,Vehículo,,Solo Daños,0,0,0,0,0,0,0,1,0,0,0,0,0,0,0,0,0,0,0,0,0,0,1000096.0,0.0010550263042361165,117.10791977020892,KR7,CL162;CL153,4.654590349999999,-74.05652265,1.0,22.20191370125,,0.0,120.0,1.0
163958,10501023,-74.077993021,4.653928028,KR 30-CL 63B 02,2019,Octubre,25,viernes,6,40,Barrios Unidos,Choque,Vehículo,,Solo Daños,0,0,0,0,0,0,0,1,0,1,0,0,0,0,0,0,0,0,0,0,0,1,1000093.0,0.0006006561442539666,66.6728320121903,KR7,CL147;CL153,4.6537385,-74.07742305,1.0,41.38122110913978,,0.0,93.0,1.0
163959,10501024,-74.11091881,4.70203313000002,CL 73A-KR 94 2,2019,Octubre,27,domingo,10,15,Engativá,Choque,Semoviente,,Solo Daños,0,0,0,0,0,0,0,0,0,0,0,0,0,0,0,0,0,0,0,0,0,0,1000759.0,0.0075569440810506205,838.8207929966189,KR80,CL26SUR;CL38CSUR,4.69774235,-74.10469815,0.0,20.426535329166665,,0.0,120.0,0.0
163960,10501025,-74.029071745,4.71170092199998,KR 7-CL 134 2,2019,Octubre,25,viernes,7,36,Usaquén,Choque,Vehículo,,Solo Daños,0,0,0,0,0,0,0,0,0,0,1,0,0,0,0,0,0,0,0,0,0,0,1000051.0,0.007325822651322051,813.1663142967477,CL116,KR15;KR11,4.7180052,-74.0328032,0.0,17.177926618688524,,0.0,122.0,0.0
163961,10501026,-74.144720089,4.67266741100002,KR 99-CL 17A 02,2019,Octubre,25,viernes,8,0,Fontibón,Choque,Vehículo,,Solo Daños,0,0,0,0,0,0,0,0,0,0,1,0,1,0,0,0,1,0,0,0,0,0,1001347.0,0.0034725269182144317,385.45048792180194,DIAG16,KR97;KR106,4.6757841,-74.14318885,1.0,20.72448043798387,,0.0,124.0,1.0
163962,10501027,-74.105146382,4.66970762800003,CL 53-KR 71 2,2019,Octubre,27,domingo,10,50,Engativá,Choque,Vehículo,,Solo Daños,0,0,0,0,0,0,0,0,0,0,1,0,1,0,0,1,0,0,0,0,0,0,1002275.0,0.0014530836271502015,161.29228261367237,CL153,KR54;KR56,4.6682687000000005,-74.10494405,1.0,21.75272562375,,0.0,8.0,1.0
163963,10501028,-74.024165881,4.72955300500001,KR 7-CL 155 2,2019,Octubre,25,viernes,9,54,Usaquén,Choque,Vehículo,,Solo Daños,0,0,0,0,0,0,0,0,0,0,1,0,1,0,0,1,0,0,0,0,0,0,1000081.0,0.012736628551356785,1413.765769200603,KR19,CL116;CL127,4.7391552,-74.03253365,0.0,19.2850238352459,,0.0,122.0,0.0
163964,10501029,-74.128513981,4.61078186899999,AK 68-CL 23 S 62,2019,Octubre,26,sábado,12,0,Puente Aranda,Choque,Vehículo,,Solo Daños,1,0,0,0,0,0,0,0,0,0,1,0,1,0,0,1,0,0,0,0,0,0,1000298.0,0.0018350556248078775,203.6911743536744,CL6,AV:CARACAS;KR19,4.61244345,-74.12773515,1.0,15.018934854112903,,0.0,124.0,1.0
163965,10501030,-74.10279181,4.584567075,TR 21A-CL 19 S 2,2019,Octubre,27,domingo,15,40,Antonio Nariño,Choque,Vehículo,,Solo Daños,0,0,0,0,0,0,0,0,0,0,0,0,0,0,0,0,0,0,0,0,0,0,1000314.0,0.004835744745662113,536.7676667684946,CL19,KR5;KR10,4.5844906000000005,-74.10762695,1.0,10.108445486666668,,0.0,123.0,1.0
163966,10501031,-74.176458842,4.613008777,KR 80-CL 57A S 28,2019,Octubre,25,viernes,6,35,Kennedy,Choque,Vehículo,,Solo Daños,0,0,0,0,0,0,0,0,0,0,1,0,1,0,0,1,0,0,0,0,0,0,149.0,0.010845873731023128,1203.8919841435672,AV.CL59SUR,CL59SUR;KR81A,4.6025243,-74.1792353,0.0,21.34844972875,,0.0,8.0,0.0
163967,10501032,-74.039474242,4.79165761299998,AV AVENIDA PASEO DE LOS LIBERTADORES-CL 215 02,2019,Octubre,26,sábado,6,45,Usaquén,Choque,Vehículo,,Solo Daños,0,0,0,0,0,0,0,1,0,0,0,0,0,0,0,0,0,0,0,0,0,0,35.0,0.019208037249052578,2132.0921346448363,KR72,CL170;CL43AS,4.7881347000000005,-74.05835645,0.0,27.612385319285714,,0.0,112.0,0.0
163968,10501033,-74.147256278,4.63450859199997,CL 6C-KR 78C 87,2019,Octubre,25,viernes,13,2,Kennedy,Choque,Vehículo,,Solo Daños,0,0,0,0,0,0,0,0,0,0,1,0,1,0,0,1,0,0,0,0,1,0,131.0,0.006711336073365837,744.9583041436078,"KR78K,CL41SUR",CL26SUR;AV.P.MAYO,4.6381608,-74.14162569999999,0.0,12.08874682325,,0.0,120.0,0.0
163970,10501035,-74.106810725,4.657856391,CL 26-KR 69 02,2019,Octubre,26,sábado,15,40,Fontibón,Choque,Vehículo,,Solo Daños,0,0,0,0,0,0,0,1,0,1,1,0,0,0,0,0,0,0,0,0,1,1,72.0,0.00030925067519126413,34.32682494623032,CL76,KR7;KR15,4.6575472,-74.10680465,1.0,10.660034105483872,,0.0,124.0,1.0
163971,10501409,-74.163696543,4.64550088599998,CL 2-KR 90A 02,2019,Octubre,29,martes,23,38,Kennedy,Choque,Vehículo,,Con Heridos,1,0,0,0,0,0,0,1,0,0,0,0,0,0,0,0,0,0,0,0,0,0,124.0,0.012822258957373845,1423.2707442684969,CL66A,KR86;KR72,4.652358850000001,-74.1528624,0.0,15.75997144054945,,0.0,91.0,0.0
163972,10501410,-74.140187246,4.61666702899998,KR 72-CL 34 S 02,2019,Octubre,31,jueves,18,16,Kennedy,Choque,Vehículo,,Con Heridos,0,0,0,0,0,1,0,0,0,0,0,0,0,0,0,0,0,0,0,0,0,0,90.0,0.0024662722985562885,273.75622513974804,CL24,KR86;AV.AMERICAS,4.61621555,-74.13776265,1.0,17.91012051875,,0.0,120.0,1.0
163973,10501411,-74.164656823,4.59603638200002,AV AVENIDA DEL SUR-KR 72 2,2019,Octubre,30,miércoles,16,30,Bosa,Choque,Vehículo,,Con Heridos,0,0,0,0,0,0,0,0,0,0,1,0,1,0,0,1,0,0,0,0,0,0,1001946.0,0.0001901237187973537,21.10373278650626,"AV.P.MAYO,CL26SUR",KR72;KR78K,4.5960945,-74.1644758,1.0,15.490580015603449,,0.0,116.0,1.0
163974,10501412,-74.084767097,4.66742412600001,KR 60-CL 66 02,2019,Octubre,31,jueves,7,40,Barrios Unidos,Choque,Vehículo,,Con Heridos,0,0,0,0,0,1,0,0,0,0,0,0,0,0,0,0,0,0,0,0,0,0,1001727.0,0.0016653099337513306,184.8494026463977,KR60;CL68,CL66C;KR58,4.6690878,-74.0846933,1.0,21.533232600325203,,0.0,123.0,1.0
163975,10501413,-74.124090617,4.62907009399999,AV AVENIDA DE LAS AMERICAS-KR 68A 02,2019,Octubre,31,jueves,13,40,Kennedy,Choque,Vehículo,,Con Heridos,1,0,0,0,0,0,0,0,0,0,0,0,0,0,0,0,0,0,0,0,0,0,65.0,0.0017314706589358104,192.19324314187494,AV.P.MAYO,KR80;KR3E,4.6307119,-74.12354065,1.0,17.309722234308943,,0.0,123.0,1.0
163976,10501414,-74.140995519,4.56238041900002,DG 62-KR 19C S 02,2019,Octubre,31,jueves,6,0,Ciudad Bolívar,Choque,Vehículo,,Con Heridos,1,0,0,0,0,0,0,0,0,0,0,0,0,0,0,0,0,0,0,0,0,0,56.0,0.013722816897260137,1523.2326755958752,CL6,AV.CARACAS;KR42,4.574981,-74.13556034999999,0.0,24.110507327500002,,0.0,116.0,0.0
163977,10501415,-74.091,4.55079999999998,KR 6-CL 39A ES 02,2019,Octubre,31,jueves,16,38,San Cristóbal,Choque,Objeto Fijo,Semaforo,Con Heridos,0,0,0,0,0,1,0,0,0,0,0,0,0,0,0,0,0,0,0,0,0,0,58.0,0.004034933538816896,447.8776228086754,CL13,AV.CARACAS;KR128,4.5547492,-74.09182735,1.0,17.855883381525423,,0.0,118.0,1.0
163978,10501416,-74.137260834,4.583368302,CL 52A-KR 32 S 02,2019,Octubre,31,jueves,5,30,Tunjuelito,Choque,Vehículo,,Con Heridos,0,0,0,0,0,1,0,0,0,0,0,0,0,0,0,0,0,0,0,0,0,0,56.0,0.008557948391612257,949.9322714689606,CL6,AV.CARACAS;KR42,4.574981,-74.13556034999999,0.0,32.00526880256198,,0.0,121.0,0.0
163979,10501418,-74.14701883,4.64926994199999,KR 86-CL 10 02,2019,Octubre,31,jueves,18,10,Kennedy,Choque,Vehículo,,Con Heridos,1,0,0,0,0,1,0,0,0,0,0,0,0,0,0,0,0,0,0,0,0,0,124.0,0.006609740008317147,733.6811409232033,CL66A,KR86;KR72,4.652358850000001,-74.1528624,0.0,9.777161411304348,,0.0,92.0,0.0
163980,10501419,-74.081334276,4.70218180799998,KR 72-CL 116A 2,2019,Octubre,30,miércoles,13,0,Suba,Choque,Vehículo,,Con Heridos,1,0,0,0,0,0,0,1,0,0,1,0,0,0,0,0,0,0,0,0,0,0,1002015.0,0.005325643370782851,591.1464141568965,AUTONORTE,PRADO;CL127,4.7026912,-74.07603305,0.0,35.30576449821139,,0.0,123.0,0.0
163981,10501420,-74.096596238,4.56237169799999,CL 32-KR 3C S 02,2019,Octubre,31,jueves,12,29,San Cristóbal,Atropello,,,Con Heridos,0,0,0,0,0,1,1,1,0,0,0,0,0,0,0,0,0,0,0,0,0,0,44.0,0.0033152695855007703,367.9949239905855,CL26,AV.CARACAS;MODELIA,4.56249865,-74.0932834,1.0,34.133963321774196,,0.0,124.0,1.0
163982,10501421,-74.089529149,4.69573941700003,CL 80-KR 72 02,2019,Octubre,31,jueves,22,40,Engativá,Volcamiento,,,Con Heridos,1,0,1,0,0,0,0,0,0,0,0,0,0,0,0,0,0,0,0,0,0,0,1001000.0,0.002519699105683848,279.6866007309072,CL80,KR119;KR112A,4.69445795,-74.08735965,1.0,43.430943322941175,,0.0,119.0,1.0
163983,10501422,-74.202873611,4.6290305,CL 73-KR 94 S 02,2019,Octubre,31,jueves,11,24,Bosa,Atropello,,,Con Heridos,1,0,0,0,0,0,1,1,0,0,0,0,0,0,0,0,0,0,0,0,0,0,75.0,0.010545757136829294,1170.5790421880515,KR86,KR91;CL57BSUR,4.61896385,-74.20601615,0.0,15.936430201565218,,0.0,115.0,0.0
163984,10501423,-74.12139926,4.70601927799999,KR 105F-CL 70DBISA 02,2019,Octubre,31,jueves,15,30,Engativá,Atropello,,,Con Heridos,0,0,0,0,1,0,1,0,0,0,0,0,0,0,0,0,0,0,0,0,0,0,1000723.0,0.008439064732092062,936.7361852622189,KR86,CL10;AV.AMERICAS,4.6984233,-74.11772245,0.0,10.41268415462185,,0.0,119.0,0.0
163985,10501425,-74.086055227,4.50122450100002,KR 15-CL 89D ES 02,2019,Octubre,31,jueves,18,10,San Cristóbal,Atropello,,,Con Heridos,0,0,0,0,1,0,1,0,0,1,0,0,0,0,0,0,0,0,0,0,0,1,1001959.0,0.04133954588371756,4588.689593092649,"CL19,KR3",KR5;CL22,4.5343054,-74.1108466,0.0,12.089763593965516,,0.0,116.0,0.0
163986,10501426,-74.089350506,4.611964839,CL 13-KR 27 2,2019,Octubre,30,miércoles,16,0,Los Mártires,Atropello,,,Con Heridos,0,0,0,0,0,0,1,1,0,1,0,0,0,0,0,0,0,0,0,0,0,1,1001716.0,0.0017505568835285868,194.31181407167313,KR7,CL59;CL53,4.6122489,-74.08762315,1.0,25.492450966,,0.0,15.0,1.0
163987,10501427,-74.044657717,4.732991997,KR 19-CL 150 55,2019,Octubre,31,jueves,13,20,Usaquén,Choque,Vehículo,,Con Muertos,0,0,0,0,0,0,0,0,0,0,1,0,1,0,0,0,1,0,0,0,0,0,1001008.0,0.007707119661982585,855.490282480067,CL63,KR72;KR77A,4.72933775,-74.05144345,0.0,11.850686298699188,,0.0,123.0,0.0
163989,10501429,-74.064998643,4.64061235999998,KR 13-CL 53 57,2019,Octubre,31,jueves,15,53,Chapinero,Atropello,,,Con Heridos,0,0,0,0,0,1,1,0,0,0,0,0,0,0,0,0,0,0,0,0,0,0,1000307.0,0.0016510873209634694,183.2706926269451,KR10,CL24;CL19,4.6413462,-74.0635196,1.0,11.255664858292683,,0.0,123.0,1.0
163990,10501430,-74.1887,4.62139999999999,KR 87H-CL 60 S 2,2019,Octubre,30,miércoles,15,53,Bosa,Choque,Vehículo,,Con Heridos,1,0,0,0,0,0,0,1,0,0,1,0,0,0,0,0,0,0,0,0,0,0,76.0,0.011227384965334559,1246.239731152136,KR86,CL57BSUR;KR91,4.616729,-74.1989096,0.0,17.05702066605042,,0.0,119.0,0.0
163991,10501431,-74.110738001,4.54378106000001,CL 50-KR 3 S 02,2019,Octubre,31,jueves,12,45,Rafael Uribe Uribe,Atropello,,,Con Heridos,0,1,0,0,1,0,1,0,0,0,0,0,0,0,0,0,0,0,0,0,0,0,1001959.0,0.009476282297325084,1051.8673350030842,"CL19,KR3",KR5;CL22,4.5343054,-74.1108466,0.0,12.495440150241937,,0.0,124.0,0.0
163992,10501432,-74.064348539,4.675850492,KR 30-CL 86A 02,2019,Octubre,30,miércoles,9,15,Barrios Unidos,Choque,Vehículo,,Solo Daños,0,1,0,0,0,0,0,0,0,0,0,0,0,0,0,0,0,0,0,0,0,0,1001046.0,0.004152194316901904,460.8935691761113,KR68,CL13;CL19,4.67945395,-74.0664115,1.0,15.359523737419355,,0.0,124.0,1.0
163993,10501433,-74.092246262,4.558077965,KR 3-CL 36BIS S 02,2019,Octubre,31,jueves,14,30,San Cristóbal,Atropello,,,Con Heridos,0,0,0,0,0,0,1,1,0,0,0,0,0,0,0,0,0,0,0,0,0,0,58.0,0.003355020668933297,372.40729425159594,CL13,AV.CARACAS;KR128,4.5547492,-74.09182735,1.0,17.47476094661157,,0.0,121.0,1.0
163994,10501434,-74.15570545,4.63991848000001,KR 86-CL 6 02,2019,Octubre,30,miércoles,11,30,Kennedy,Choque,Vehículo,,Solo Daños,0,1,0,0,0,0,0,0,0,0,1,0,1,0,0,1,0,0,0,0,0,0,148.0,0.011568036544770132,1284.0520564694846,AV.CL59SUR,KR81A;CL59SUR,4.6285372,-74.1577757,0.0,21.28936936375,,0.0,8.0,0.0
163995,10501435,-74.076376509,4.60247004500002,KR 10-CL 14 2,2019,Octubre,30,miércoles,14,31,Santa Fe,Caida de ocupante,,,Con Heridos,0,0,0,0,0,0,0,1,0,0,1,0,0,0,0,0,0,0,0,0,0,0,1000653.0,0.004228535938045087,469.3674891230047,AV.CIRCUNVALAR,KR7;CL83,4.6066223,-74.07557695,1.0,18.09005454814516,,0.0,124.0,1.0
164004,10501810,-74.098874599,4.55923204800001,CL 36F-KR 3B S 2,2019,Octubre,31,jueves,14,30,San Cristóbal,Choque,Vehículo,,Solo Daños,0,0,0,0,0,0,0,0,0,0,1,0,1,0,0,1,0,0,0,0,0,0,44.0,0.00647550730706686,718.7813110844214,CL26,AV.CARACAS;MODELIA,4.56249865,-74.0932834,0.0,32.218647017822576,,0.0,124.0,0.0
164190,10498657,-74.160814504,4.63648284200002,AV AVENIDA CIUDAD DE CALI-CL 34 S 02,2019,Octubre,2,miércoles,6,29,Kennedy,Choque,Vehículo,,Con Heridos,1,0,0,0,0,1,0,0,0,0,0,0,0,0,0,0,0,0,0,0,0,0,148.0,0.008506912280192349,944.2672631013507,AV.CL59SUR,KR81A;CL59SUR,4.6285372,-74.1577757,0.0,16.17772341625,,0.0,8.0,0.0
164191,10498658,-74.119134019,4.60639859700001,KR 50-CL 16 S 2,2019,Octubre,2,miércoles,19,50,Puente Aranda,Choque,Vehículo,,Con Heridos,1,0,0,0,0,0,0,0,0,0,0,0,0,0,0,0,0,0,0,0,0,0,1001714.0,0.0011652807529449383,129.34616357688816,"CL34,AV.AMERICAS",KR28;KR19,4.6052689,-74.11884825000001,1.0,17.50326200683333,,0.0,120.0,1.0
164192,10498659,-74.154505827,4.57536294499999,AV AVENIDA CIUDAD DE VILLAVICENCIO-KR 46 02,2019,Octubre,1,martes,17,30,Ciudad Bolívar,Choque,Vehículo,,Con Heridos,0,0,0,0,0,1,0,0,0,0,0,0,0,0,0,0,0,0,0,0,0,0,1002276.0,0.008210131283612027,911.324572480935,AV.VILLAVICENCIO,CL57BSUR;AV.P.MAYO,4.5824943,-74.158574,0.0,23.53734074875,,0.0,8.0,0.0
164193,10498660,-74.170586397,4.62835879699998,AV AVENIDA CIUDAD DE CALI-CL 43 S 02,2019,Octubre,2,miércoles,22,35,Kennedy,Choque,Vehículo,,Con Heridos,0,0,0,0,0,1,0,0,0,0,0,0,0,0,0,0,0,0,0,0,0,0,148.0,0.012811939168448251,1422.1252476977559,AV.CL59SUR,KR81A;CL59SUR,4.6285372,-74.1577757,0.0,17.9651675825,,0.0,8.0,0.0
164194,10498661,-74.093829108,4.68058856200003,KR 70-CL 69 2,2019,Octubre,2,miércoles,21,59,Engativá,Choque,Vehículo,,Con Heridos,1,0,0,0,0,0,0,0,0,1,0,0,0,0,0,0,0,0,0,0,0,1,1001341.0,0.0036737452243259684,407.78571990018247,KR86,AV.AMERICAS;CL40BSUR,4.68404705,-74.09259005000001,1.0,12.179510361809523,,0.0,105.0,1.0
164195,10498662,-74.062873205,4.66638455200001,CL 77-KR 20C 67,2019,Octubre,2,miércoles,8,23,Barrios Unidos,Choque,Vehículo,,Con Heridos,1,0,0,0,0,0,0,0,0,1,0,0,0,0,0,0,0,0,0,0,0,1,1000693.0,0.0023702690310556575,263.099862447178,CL13,KR56;KR65,4.6657333,-74.06515225000001,1.0,24.5965787451,,0.0,100.0,1.0
164196,10498663,-74.1027,4.50319999999999,KR 5A-CL 88B ES 02,2019,Octubre,1,martes,16,30,Usme,Choque,Vehículo,,Con Heridos,0,0,0,0,0,1,0,0,0,0,0,0,0,0,0,0,0,0,0,0,0,0,1001959.0,0.032154517578727386,3569.15145123874,"CL19,KR3",KR5;CL22,4.5343054,-74.1108466,0.0,12.186563513613445,,0.0,119.0,0.0
164197,10498664,-74.15333435,4.6359372,AV AVENIDA DE LAS AMERICAS-KR 80G 2,2019,Octubre,2,miércoles,6,10,Kennedy,Choque,Vehículo,,Con Heridos,0,1,0,0,0,1,0,0,0,0,0,0,0,0,0,0,0,0,0,0,0,0,148.0,0.008630503451280329,957.9858830921164,AV.CL59SUR,KR81A;CL59SUR,4.6285372,-74.1577757,0.0,16.17772341625,,0.0,8.0,0.0
164198,10498665,-74.100525796,4.50921346500002,CL 81C-KR 7 SE 02,2019,Octubre,2,miércoles,7,0,Usme,Choque,Vehículo,,Con Heridos,0,0,0,0,0,1,0,0,0,0,0,0,0,0,0,0,0,0,0,0,0,0,1001959.0,0.027131608821625523,3011.608579200433,"CL19,KR3",KR5;CL22,4.5343054,-74.1108466,0.0,13.410469843983739,,0.0,123.0,0.0
164199,10498666,-74.161774894,4.593471502,AV AVENIDA CUIDAD DE VILLAVICENCIO-KR 70K 02,2019,Octubre,1,martes,4,0,Ciudad Bolívar,Choque,Vehículo,,Con Heridos,0,0,0,0,0,1,0,0,0,1,0,0,0,0,0,0,0,0,0,0,0,1,1001946.0,0.00376497167703147,417.9118561504932,"AV.P.MAYO,CL26SUR",KR72;KR78K,4.5960945,-74.1644758,1.0,38.0425952507563,,0.0,119.0,1.0
164200,10498667,-74.090080579,4.68246254500002,CL 72-KR 69I 2,2019,Octubre,2,miércoles,7,49,Engativá,Caida de ocupante,,,Con Heridos,0,0,0,0,0,0,0,1,0,0,1,0,0,0,0,0,0,0,0,0,0,0,1000999.0,0.0024675318870813856,273.8960394660338,CL80,KR112A;KR119,4.684189,-74.09184355,1.0,20.481756013451328,,0.0,113.0,1.0
164201,10498668,-74.131632063,4.64459705399997,AV AVENIDA BOYACA-CL 12 02,2019,Octubre,2,miércoles,7,12,Kennedy,Choque,Vehículo,,Con Heridos,0,0,0,0,0,1,0,0,0,0,0,0,0,0,0,0,0,0,0,0,0,0,1000995.0,0.0003648428827654331,40.497559986963076,CL80,KR96;KR102,4.6449201,-74.1314625,1.0,19.060403610194175,,0.0,103.0,1.0
164202,10498669,-74.136087919,4.70431147800002,CL 64-KR 112B 2,2019,Octubre,1,martes,12,30,Engativá,Otro,,,Con Heridos,0,1,0,0,1,0,1,0,0,0,0,0,0,0,0,0,0,0,0,0,0,0,103.0,0.009939386316750846,1103.2718811593438,DIAG16,KR129;CL17,4.71384325,-74.1332707,0.0,19.07937088057851,,0.0,121.0,0.0
164203,10498670,-74.033222845,4.75857908099999,CL 181C-KR 11 02,2019,Octubre,1,martes,12,7,Usaquén,Choque,Vehículo,,Con Heridos,0,0,0,0,0,1,0,0,0,0,0,0,0,0,0,0,0,0,0,0,0,0,1000088.0,0.002033722059229324,225.74314857445498,KR19,CL159;CL152,4.7601672,-74.03195245,1.0,17.9079950575,,0.0,124.0,1.0
164204,10498671,-74.072453542,4.66865857400001,AK 30-CL 73 53,2019,Octubre,2,miércoles,20,50,Barrios Unidos,Choque,Vehículo,,Con Heridos,0,0,0,0,0,1,0,0,0,0,0,0,0,0,0,0,0,0,0,0,0,0,1000203.0,0.002745323091805673,304.7308631904297,KR7,CL188;CL175,4.6708734,-74.0708314,1.0,25.200818530416665,,0.0,120.0,1.0
164205,10498672,-74.13144462,4.59389624099998,AV AVENIDA DEL SUR-KR 51 02,2019,Octubre,1,martes,20,15,Puente Aranda,Choque,Vehículo,,Con Heridos,0,0,0,0,0,1,0,0,0,0,0,0,0,0,0,0,0,0,0,0,0,0,1000295.0,0.000554665489424282,61.567869326095305,CL1,AV.CARACAS;KR10,4.5933419,-74.13142565,1.0,29.417018646695652,,0.0,115.0,1.0
164206,10498673,-74.127719654,4.65044547600002,CL 13-KR 72 2,2019,Octubre,1,martes,14,50,Fontibón,Volcamiento,,,Con Heridos,0,0,0,0,0,1,0,0,0,0,1,0,0,0,0,0,0,0,0,0,0,0,1000775.0,0.0017400658818673236,193.1473128872729,CL17,KR128;KR123,4.65006275,-74.1260222,1.0,20.213787349583335,,0.0,120.0,1.0
164207,10498674,-74.105642374,4.69385850899999,CL 71-KR 84BIS 02,2019,Octubre,1,martes,16,15,Engativá,Atropello,,,Con Heridos,0,0,0,0,0,0,1,0,0,0,0,0,0,0,0,0,0,0,0,0,0,0,1000748.0,0.0020639995407302166,229.10394902105404,KR68,CL3;CL13,4.692486049999999,-74.1041008,1.0,26.979475385210087,,0.0,119.0,1.0
164208,10498675,-74.093760231,4.68605667999998,CL 72-KR 71A 2,2019,Octubre,1,martes,13,20,Engativá,Atropello,,,Con Heridos,0,0,0,0,0,0,1,1,0,0,1,0,1,0,0,1,0,0,0,0,0,0,1001341.0,0.0023254970026984896,258.13016729953233,KR86,AV.AMERICAS;CL40BSUR,4.68404705,-74.09259005000001,1.0,13.042165175964913,,0.0,114.0,1.0
164209,10498676,-74.0871252,4.64539250399997,KR 50-CL 45 02,2019,Octubre,1,martes,15,51,Teusaquillo,Choque,Vehículo,,Con Heridos,0,0,0,0,0,1,0,0,0,0,0,0,0,0,0,0,0,0,0,0,0,0,1000984.0,0.002172018047013977,241.09400321855142,CL80,KR58;KR24,4.643921049999999,-74.08552755,1.0,28.115169918264463,,0.0,121.0,1.0
164210,10498677,-74.054714914,4.69965746299999,KR 45-CL 116 02,2019,Octubre,2,miércoles,23,30,Usaquén,Volcamiento,,,Con Heridos,0,0,0,0,0,1,0,0,0,0,0,0,0,0,0,0,0,0,0,0,0,0,1002011.0,0.0027586091048977055,306.2056106436453,AUTONORTE,PEPE.SIERRA;CL100,4.697067349999999,-74.05566425,1.0,51.16223484336207,,0.0,116.0,1.0
164211,10498678,-74.106712459,4.70104499299998,CL 75-KR 89B 2,2019,Octubre,1,martes,17,50,Engativá,Atropello,,,Con Heridos,0,0,0,0,0,1,1,0,0,0,0,1,0,0,0,0,0,0,0,0,0,0,1000759.0,0.003868448207324042,429.3977510129687,KR80,CL26SUR;CL38CSUR,4.69774235,-74.10469815,1.0,22.639268231916667,,0.0,120.0,1.0
164212,10498679,-74.122628407,4.62893549199998,AV AVENIDA DE LAS AMERICAS-KR 68 02,2019,Octubre,1,martes,13,36,Kennedy,Atropello,,,Con Heridos,0,0,0,0,0,1,1,0,0,1,0,0,0,0,0,0,0,0,0,0,0,1,65.0,0.0019969508440588948,221.66154369053731,AV.P.MAYO,KR80;KR3E,4.6307119,-74.12354065,1.0,17.309722234308943,,0.0,123.0,1.0
164213,10498680,-74.069696653,4.62216103999998,AV AVENIDA CARACAS-CL 34 02,2019,Octubre,2,miércoles,18,30,Teusaquillo,Otro,,,Con Heridos,0,0,0,0,0,0,0,0,0,0,1,0,1,1,0,0,0,1,0,0,0,0,1000313.0,0.004000246340887352,444.02734383849605,CL13,KR27;KR22,4.6253606000000005,-74.07209765,1.0,33.34135489112069,,0.0,116.0,1.0
164214,10499051,-74.092161803,4.68647800799999,CL 72C-KR 70F 12,2019,Octubre,5,sábado,17,1,Engativá,Choque,Vehículo,,Solo Daños,0,0,0,0,0,0,0,1,0,0,0,0,0,0,0,0,0,0,0,0,0,0,1000999.0,0.0023110263079485337,256.52392018228727,CL80,KR112A;KR119,4.684189,-74.09184355,1.0,36.696609848421055,,0.0,114.0,1.0
164215,10499052,-74.169192127,4.62013536699999,CL 47-KR 80C S 07,2019,Octubre,5,sábado,1,35,Kennedy,Choque,Vehículo,,Solo Daños,0,0,0,0,0,0,0,0,0,0,0,0,0,0,0,0,0,0,0,0,0,0,148.0,0.014174822863316516,1573.4053378281333,AV.CL59SUR,KR81A;CL59SUR,4.6285372,-74.1577757,0.0,44.178803068,,0.0,5.0,0.0
164216,10499053,-74.10238852,4.69229358600001,CL 71B-KR 80A 02,2019,Octubre,5,sábado,16,10,Engativá,Choque,Vehículo,,Solo Daños,0,1,0,0,0,0,0,0,0,0,0,0,0,0,0,0,0,0,0,0,0,0,1000748.0,0.001723062735267126,191.25996361465099,KR68,CL3;CL13,4.692486049999999,-74.1041008,1.0,26.979475385210087,,0.0,119.0,1.0
164217,10499054,-74.103594172,4.70417983900001,CL 80-KR 89A 2,2019,Octubre,5,sábado,0,30,Engativá,Choque,Vehículo,,Solo Daños,0,0,0,0,0,0,0,0,0,1,0,0,0,0,0,0,0,0,0,0,0,1,1000963.0,0.005152866307591976,571.9681601427094,CL72,KR64;KR70,4.7019356,-74.0989557,0.0,30.353321635333334,,0.0,120.0,0.0
164218,10499055,-74.111913046,4.71320730899998,KR 102-CL 81A 02,2019,Octubre,5,sábado,15,49,Engativá,Choque,Vehículo,,Solo Daños,0,0,0,0,0,0,0,0,0,0,1,0,0,0,0,0,0,0,0,0,0,0,1001349.0,0.013257362572887772,1471.5672455905426,CL92,KR19B;KR15,4.7171787,-74.0992645,0.0,18.79616009699187,,0.0,123.0,0.0
164219,10499056,-74.062780144,4.66836188600001,AC 80-KR 23 2,2019,Octubre,6,domingo,12,10,Barrios Unidos,Choque,Vehículo,,Solo Daños,0,0,0,0,0,0,0,0,0,0,0,0,0,0,0,0,0,0,0,0,0,0,1000693.0,0.0035406710147557123,393.01448263788404,CL13,KR56;KR65,4.6657333,-74.06515225000001,1.0,22.58505058632653,,0.0,98.0,1.0
164220,10499057,-74.128416024,4.56184467399999,CL 55A-KR 13 S 02,2019,Octubre,6,domingo,15,5,Tunjuelito,Choque,Vehículo,,Con Heridos,0,0,0,0,0,1,0,0,0,0,0,0,0,0,0,0,0,0,0,0,0,0,39.0,0.013117140045011017,1456.002544996223,AV.CARACAS,AV.P.MAYO;CL80,4.5552695,-74.11706585,0.0,15.915693531016949,,0.0,118.0,0.0
164221,10499058,-74.13763832,4.68172303400002,CL 23G-KR 103 2,2019,Octubre,6,domingo,22,0,Fontibón,Choque,Vehículo,,Con Heridos,0,0,0,0,0,1,0,0,0,0,0,0,0,0,0,0,0,0,0,0,0,0,1001347.0,0.008128918768051524,902.3099832537191,DIAG16,KR97;KR106,4.6757841,-74.14318885,0.0,32.951224938416665,,0.0,120.0,0.0
164222,10499059,-74.150493686,4.59534874899998,AV AVENIDA DEL SUR-CL 62C 78,2019,Octubre,6,domingo,13,10,Tunjuelito,Choque,Vehículo,,Con Heridos,0,0,0,0,0,0,0,0,0,0,1,0,0,0,0,0,0,0,0,0,0,0,1000698.0,0.006995038251205491,776.4492458838095,"AV.AMERICAS,CL34",KR36;KR28,4.6006212,-74.14589674999999,0.0,24.362755978790325,,0.0,124.0,0.0
164223,10499060,-74.080855539,4.59221945100001,CL 6-KR 8 2,2019,Octubre,5,sábado,0,40,Candelaria,Choque,Objeto Fijo,Inmueble,Solo Daños,0,0,0,0,0,0,0,0,0,1,0,0,0,0,0,0,0,0,0,0,0,1,1001961.0,0.0024722349120569944,274.41807523832637,CL22,KR1;KR3,4.5900896,-74.08211080000001,1.0,25.910841176914893,,0.0,94.0,1.0
164224,10499061,-74.126560356,4.60695169299998,CL 26-KR 52A S 58,2019,Octubre,5,sábado,20,45,Puente Aranda,Choque,Vehículo,,Con Heridos,0,0,0,0,0,0,0,0,0,0,1,0,1,0,0,1,1,0,0,0,0,0,1000757.0,0.001605711147727576,178.23393739776094,AV.P.MAYO,KR69B;KR72,4.607809,-74.12791805,1.0,12.317803891864406,,0.0,118.0,1.0
164225,10499062,-74.113661762,4.59312886499998,CL 28-KR 29D S 2,2019,Octubre,7,lunes,12,30,Antonio Nariño,Choque,Vehículo,,Con Heridos,0,0,0,0,1,1,0,1,0,0,0,0,0,0,0,0,0,0,0,0,0,0,66.0,0.003549377394953981,393.98089083989186,CL11SUR,KR6_ESTE;AV.CARACAS,4.5966778,-74.1137178,1.0,12.710144183709678,,0.0,124.0,1.0
164226,10499063,-74.061535324,4.637383441,TR 3-CL 51A 46,2019,Octubre,6,domingo,15,53,Chapinero,Choque,Vehículo,,Con Heridos,0,0,0,0,0,1,0,0,0,0,0,0,0,0,0,0,0,0,0,0,0,0,1000007.0,0.0019326438287403525,214.52346499017912,KR7,CL121;CL116,4.635579,-74.06084315,1.0,17.937013226153844,,0.0,117.0,1.0
164227,10499064,-74.11007106,4.58711034999999,CL 26-KR 26 S 2,2019,Octubre,5,sábado,19,36,Rafael Uribe Uribe,Choque,Vehículo,,Con Heridos,0,1,0,0,0,1,0,0,0,0,0,0,0,0,0,0,0,0,0,0,0,0,1000314.0,0.003582842970957482,397.69556977628054,CL19,KR5;KR10,4.5844906000000005,-74.10762695,1.0,12.972399803596492,,0.0,114.0,1.0
164228,10499065,-74.073055511,4.64397646499998,KR 24-CL 53D 2,2019,Octubre,7,lunes,9,20,Teusaquillo,Choque,Vehículo,,Con Heridos,0,0,0,0,0,1,0,1,0,0,0,0,0,0,0,0,0,0,0,0,0,0,1000661.0,0.0020612527735883487,228.7990578683067,AV.CIRCUNVALAR,CL59;CL51,4.6451685000000005,-74.0713739,1.0,36.565370033583335,,0.0,120.0,1.0
164229,10499066,-74.113920339,4.54902356299999,CL 49B-KR 5F S 02,2019,Octubre,7,lunes,6,45,Rafael Uribe Uribe,Choque,Vehículo,,Con Heridos,1,1,0,0,0,0,0,0,0,0,0,0,0,0,0,0,0,0,0,0,0,0,39.0,0.006993280235998745,776.2541061958607,AV.CARACAS,AV.P.MAYO;CL80,4.5552695,-74.11706585,0.0,18.37913074236842,,0.0,114.0,0.0
164230,10499067,-74.114921941,4.63442966500003,CL 13-KR 65 02,2019,Octubre,7,lunes,14,15,Puente Aranda,Choque,Vehículo,,Con Heridos,1,0,0,0,0,1,0,0,0,0,0,0,0,0,0,0,0,0,0,0,0,0,121.0,0.0036728428535832353,407.6855567477391,"TV85,CL64BBIS",CL63;KR86,4.63250775,-74.11805179999999,1.0,14.161856589758065,,0.0,124.0,1.0
164231,10499068,-74.146506619,4.68248702199998,CL 22-KR 109A 2,2019,Octubre,6,domingo,19,45,Fontibón,Choque,Vehículo,,Con Heridos,0,0,0,0,0,1,0,1,0,0,0,0,0,0,0,0,0,0,0,0,0,0,1001347.0,0.007479087810362411,830.1787469502276,DIAG16,KR97;KR106,4.6757841,-74.14318885,0.0,24.801746458,,0.0,120.0,0.0
164232,10499069,-74.124749606,4.725712757,CL 80-KR 117 2,2019,Octubre,6,domingo,8,10,Engativá,Choque,Vehículo,,Con Heridos,1,0,0,0,0,0,0,0,0,1,0,0,0,0,0,0,0,0,0,0,0,1,103.0,0.014611442070512048,1621.8700698268374,DIAG16,KR129;CL17,4.71384325,-74.1332707,0.0,23.414637538387097,,0.0,124.0,0.0
164233,10499070,-74.089893154,4.59145713800001,AV AVENIDA CARACAS-DG 1BIS S 2,2019,Octubre,7,lunes,19,38,Antonio Nariño,Choque,Vehículo,,Con Heridos,1,0,0,0,0,0,0,0,0,0,1,0,1,0,0,1,0,0,0,0,0,0,1000259.0,0.004018363306779418,446.03832705251546,CL32,AV.CARACAS;KR7,4.5900511,-74.0936575,1.0,15.7850343295,,0.0,120.0,1.0
164234,10499071,-74.118355576,4.52532378199999,KR 14-CL 69 S 46,2019,Octubre,7,lunes,9,30,Usme,Choque,Vehículo,,Con Heridos,0,0,0,0,0,0,0,1,0,0,1,0,1,0,0,1,0,0,0,0,0,0,1001959.0,0.011707014242180978,1299.4785808820886,"CL19,KR3",KR5;CL22,4.5343054,-74.1108466,0.0,13.472533129596775,,0.0,124.0,0.0
164235,10499072,-74.139957105,4.61884674200002,AV AVENIDA PRIMERO DE MAYO-KR 72C 2,2019,Octubre,7,lunes,7,50,Kennedy,Choque,Vehículo,,Con Heridos,1,0,0,0,0,0,0,1,0,0,1,0,1,0,0,1,0,0,0,0,0,0,90.0,0.0034261938193820203,380.30751395140425,CL24,KR86;AV.AMERICAS,4.61621555,-74.13776265,1.0,18.048354051333334,,0.0,120.0,1.0
164236,10499073,-74.118818686,4.58905125699999,KR 27-CL 35 S 2,2019,Octubre,7,lunes,7,30,Antonio Nariño,Choque,Vehículo,,Con Heridos,1,0,0,0,0,1,0,1,0,0,0,0,0,0,0,0,0,0,0,0,0,0,1000328.0,0.00738068987219197,819.2565758133087,AV.P.MAYO,AV.CARACAS;DIAG19SUR,4.5827155,-74.12260455,0.0,12.21150793,,0.0,120.0,0.0
164237,10499074,-74.118364416,4.52563385299999,AV AVENIDA CARACAS-CL 69 S 2,2019,Octubre,7,lunes,5,45,Usme,Choque,Vehículo,,Con Heridos,1,0,0,0,0,0,0,0,0,1,0,0,0,0,0,0,0,0,0,0,0,1,1001959.0,0.011476640831850437,1273.9071323353985,"CL19,KR3",KR5;CL22,4.5343054,-74.1108466,0.0,34.58303974204918,,0.0,122.0,0.0
164238,10499445,-74.109597105,4.69010856699998,CL 66A-KR 86A 2,2019,Octubre,10,jueves,9,35,Engativá,Choque,Vehículo,,Solo Daños,0,0,0,0,0,1,0,0,0,0,1,0,0,0,0,0,0,0,0,0,1,0,1001872.0,0.00456488974104401,506.7027612558851,KR86,CL64BIS;CL66A,4.6942582,-74.1076948,1.0,14.009355085333334,,0.0,120.0,1.0
164239,10499446,-74.118413055,4.68859429499997,CL 63-KR 93 02,2019,Octubre,10,jueves,20,14,Engativá,Choque,Vehículo,,Solo Daños,0,0,0,0,0,0,0,1,0,0,1,0,1,0,1,0,0,0,0,0,0,0,1000238.0,0.005163129286560522,573.1073508082179,CL134,KR58;KR53,4.68384265,-74.1204329,0.0,30.51572682075,,0.0,120.0,0.0
164240,10499447,-74.069038368,4.64235504300001,KR 17-CL 54 2,2019,Octubre,10,jueves,14,20,Teusaquillo,Choque,Vehículo,,Solo Daños,0,0,0,0,0,0,0,0,0,0,0,0,0,0,0,0,0,0,0,0,0,0,1001930.0,0.00257577357512147,285.9108668384832,"TV25,DIAG53,KR24",CL57;CL45,4.6443781,-74.06744405,1.0,8.890377739830507,,0.0,118.0,1.0
164241,10499448,-74.056990149,4.64575509999997,KR 3-CL 63F 2,2019,Octubre,10,jueves,13,30,Barrios Unidos,Choque,Vehículo,,Solo Daños,0,0,0,0,0,0,0,0,0,0,0,0,0,0,0,0,0,0,0,0,0,0,1001932.0,0.0027279537764258754,302.80286918327215,"TV85,CL64BBIS",CL63;KR86,4.6444096,-74.0546171,1.0,18.20225303723577,,0.0,123.0,1.0
164242,10499449,-74.055405433,4.69536033100002,AV AVENIDA PASEO DE LOS LIBERTADORES-CL 108 02,2019,Octubre,10,jueves,12,20,Usaquén,Choque,Vehículo,,Solo Daños,0,0,0,0,0,0,0,0,0,0,0,0,0,0,0,0,0,0,0,0,0,0,1002011.0,0.001726528339118625,191.64464564216738,AUTONORTE,PEPE.SIERRA;CL100,4.697067349999999,-74.05566425,1.0,29.172425858951616,,0.0,124.0,1.0
164243,10499450,-74.154844181,4.59660150799999,AV AVENIDA DEL SUR-KR 64 05,2019,Octubre,10,jueves,6,50,Bosa,Choque,Vehículo,,Solo Daños,0,0,0,0,0,0,0,0,0,0,1,0,0,0,0,0,0,0,0,0,0,0,1000750.0,0.004534588805267479,503.33935738469023,KR68,CL21SUR;CL3,4.5995431,-74.1582952,1.0,16.616672773275862,,0.0,116.0,1.0
164244,10499451,-74.068981983,4.603506826,CL 19-KR 4 2,2019,Octubre,10,jueves,19,48,Santa Fe,Choque,Vehículo,,Solo Daños,0,0,0,0,0,0,0,0,0,0,1,0,1,0,0,0,1,0,0,0,0,0,2.0,0.001824292026147884,202.49641490241513,KR7,CL32;CL188,4.60499885,-74.0700317,1.0,18.19616097637255,,0.0,102.0,1.0
164245,10499452,-74.127621246,4.650510274,CL 13-KR 72 2,2019,Octubre,10,jueves,14,40,Fontibón,Choque,Vehículo,,Solo Daños,0,1,0,0,0,0,0,1,0,0,0,0,0,0,0,0,0,0,0,0,0,0,1000775.0,0.0016604896388484854,184.31434991218188,CL17,KR128;KR123,4.65006275,-74.1260222,1.0,20.213787349583335,,0.0,120.0,1.0
164246,10499453,-74.099092038,4.609457937,KR 32-CL 7 02,2019,Octubre,10,jueves,12,0,Puente Aranda,Choque,Vehículo,,Solo Daños,0,1,0,0,0,0,0,0,0,0,0,0,0,0,0,0,0,0,0,0,0,0,1001001.0,0.0017167781185995145,190.5623711645461,CL24,KR40;AV.AMERICAS,4.60802425,-74.09814765,1.0,11.430554204390244,,0.0,123.0,1.0
164247,10499454,-74.057214005,4.68739177499998,KR 45-CL 100 2,2019,Octubre,10,jueves,12,19,Usaquén,Choque,Vehículo,,Solo Daños,0,0,0,0,0,0,0,1,0,0,0,0,0,0,0,0,0,0,0,0,0,0,1000036.0,0.004467193985988696,495.8585324447452,AUTONORTE,CL82;CL80,4.6830666,-74.05833145,1.0,20.520514899112904,,0.0,124.0,1.0
164248,10499455,-74.114115495,4.51971502999999,CL 72A-KR 1 S 02,2019,Octubre,10,jueves,20,40,Usme,Choque,Vehículo,,Con Heridos,0,0,0,0,0,1,1,0,0,1,0,0,0,0,0,0,0,0,0,0,0,1,1001959.0,0.014952075817697197,1659.680415764389,"CL19,KR3",KR5;CL22,4.5343054,-74.1108466,0.0,13.468078648813558,,0.0,118.0,0.0
164249,10499456,-74.139859478,4.617935252,KR 72-CL 31 S 02,2019,Octubre,10,jueves,7,38,Kennedy,Choque,Vehículo,,Con Heridos,0,0,0,0,0,1,0,0,0,0,0,0,0,0,0,0,0,0,0,0,0,0,90.0,0.0027118375007389043,301.0139625820184,CL24,KR86;AV.AMERICAS,4.61621555,-74.13776265,1.0,18.048354051333334,,0.0,120.0,1.0
164250,10499457,-74.046138708,4.68418027600001,CL 100-KR 13A 2,2019,Octubre,9,miércoles,19,51,Usaquén,Choque,Vehículo,,Con Heridos,0,0,0,0,0,1,0,0,0,0,0,0,0,0,0,0,0,0,0,0,0,0,1002017.0,0.005164598812785978,573.2704682192435,AUTONORTE,ALCALA;PRADO,4.6892508,-74.04515745,0.0,46.91164618752136,,0.0,117.0,0.0
164251,10499458,-74.037294116,4.694460983,KR 11-CL 115 2,2019,Octubre,10,jueves,21,40,Usaquén,Choque,Vehículo,,Con Heridos,0,0,0,0,0,1,0,0,0,0,0,0,0,0,0,0,0,0,0,0,0,0,1002017.0,0.00943281657243214,1047.0426395399675,AUTONORTE,ALCALA;PRADO,4.6892508,-74.04515745,0.0,50.47119648070797,,0.0,113.0,0.0
164252,10499459,-74.097443397,4.65490196299999,CL 53-KR 66 02,2019,Octubre,10,jueves,8,0,Teusaquillo,Choque,Vehículo,,Con Heridos,0,0,0,0,0,1,0,0,0,0,0,0,0,0,0,0,0,0,0,0,0,0,1000004.0,0.003817300294673287,423.7203327087349,KR7,CL127;CL134,4.6511129,-74.09697994999999,1.0,31.365264078909092,,0.0,110.0,1.0
164253,10499460,-74.148253513,4.62017255500001,KR 73D-CL 36A S 2,2019,Octubre,9,miércoles,21,40,Kennedy,Choque,Vehículo,,Con Heridos,0,0,0,0,0,1,0,1,0,0,0,0,0,0,0,0,0,0,0,0,0,0,79.0,0.004679987564933258,519.4786197075916,AV.AMERICAS;KR80,KR86;CL55SUR,4.6222152,-74.1524642,1.0,14.32417775675,,0.0,120.0,1.0
164254,10499461,-74.123855615,4.571317325,TR 13M-DG 45B S 2,2019,Octubre,9,miércoles,13,50,Rafael Uribe Uribe,Choque,Vehículo,,Con Heridos,0,0,0,0,0,0,0,0,0,1,0,0,0,0,0,0,0,0,0,0,0,0,67.0,0.00698446821739928,775.27597213132,CL11SUR,AV.CARACAS;KR6_ESTE,4.5782967,-74.12412230000001,0.0,16.175136616370967,,0.0,124.0,0.0
164255,10499462,-74.138396397,4.56690966000002,AV AVENIDA BOYACA-AV AVENIDA CIUDAD DE VILLAVICENCIO 2,2019,Octubre,10,jueves,5,45,Tunjuelito,Choque,Vehículo,,Con Heridos,0,1,0,0,0,1,0,0,0,0,0,0,0,0,0,0,0,0,0,0,0,0,56.0,0.008555097426768738,949.6158143713299,CL6,AV.CARACAS;KR42,4.574981,-74.13556034999999,0.0,32.00526880256198,,0.0,121.0,0.0
164256,10499464,-74.138096408,4.630372846,AV AVENIDA DE LAS AMERICAS-AV AVENIDA BOYACA 2,2019,Octubre,9,miércoles,6,10,Kennedy,Choque,Vehículo,,Con Heridos,0,0,0,0,0,1,0,0,0,0,0,0,0,0,0,0,0,0,0,0,0,0,1000780.0,0.004253861851504318,472.17866551697927,CL6,KR42;KR36,4.62659345,-74.1361441,1.0,36.81296984478632,,0.0,117.0,1.0
164257,10499465,-74.077203385,4.61681299600002,KR 19-CL 24 2,2019,Octubre,9,miércoles,19,3,Los Mártires,Choque,Vehículo,,Con Heridos,0,0,0,0,0,1,0,0,0,0,0,0,0,0,0,0,0,0,0,0,0,0,1001259.0,0.0012567671152937919,139.5011497976109,CL24,KR69B;KR68B,4.6157021,-74.0766157,1.0,23.922160647083334,,0.0,120.0,1.0
164258,10499466,-74.037032895,4.805859451,AV AVENIDA PASEO DE LOS LIBERTADORES-CL 230 02,2019,Octubre,8,martes,6,58,Usaquén,Choque,Vehículo,,Con Heridos,1,0,0,0,0,1,0,0,0,0,0,0,0,0,0,0,0,0,0,0,0,0,35.0,0.027728339219116584,3077.845653321941,KR72,CL170;CL43AS,4.7881347000000005,-74.05835645,0.0,27.612385319285714,,0.0,112.0,0.0
164259,10499467,-74.162377608,4.58237204199997,CL 68F-KR 71 S 2,2019,Octubre,9,miércoles,17,0,Ciudad Bolívar,Choque,Vehículo,,Con Heridos,0,0,0,0,0,1,0,0,0,0,0,0,0,0,0,0,0,0,0,0,0,0,1002276.0,0.0038055723401641778,422.4185297582237,AV.VILLAVICENCIO,CL57BSUR;AV.P.MAYO,4.5824943,-74.158574,1.0,23.53734074875,,0.0,8.0,1.0
164260,10499468,-74.077992043,4.68473463200002,KR 68-CL 80 2,2019,Octubre,9,miércoles,17,36,Barrios Unidos,Choque,Vehículo,,Con Heridos,1,0,0,0,0,1,0,0,0,0,0,0,0,0,0,0,0,0,0,0,0,0,1001209.0,0.004920057181653844,546.1263471635767,NQS,KR68;KR62B,4.688212200000001,-74.0745116,1.0,21.27096028887931,,0.0,116.0,1.0
164261,10499469,-74.089148068,4.69581563899999,AV AVENIDA BOYACA-CL 80 2,2019,Octubre,9,miércoles,17,30,Engativá,Choque,Vehículo,,Con Heridos,1,0,0,0,0,0,0,0,0,0,1,0,0,0,0,0,0,0,0,0,0,0,1001000.0,0.002245386016575236,249.23784783985118,CL80,KR119;KR112A,4.69445795,-74.08735965,1.0,24.19394817881356,,0.0,118.0,1.0
164262,10499836,-74.114933352,4.51122704699998,KR 14-CL 77 S 02,2019,Octubre,13,domingo,20,0,Usme,Choque,Vehículo,,Solo Daños,0,0,0,0,0,0,0,0,0,0,1,0,1,0,0,1,0,0,0,0,0,0,1001959.0,0.023437404274001494,2601.551874414166,"CL19,KR3",KR5;CL22,4.5343054,-74.1108466,0.0,13.468078648813558,,0.0,118.0,0.0
164263,10499837,-74.16135856,4.59129360899999,AV AVENIDA CIUDAD DE VILLAVICENCIO-CL 61 S 02,2019,Octubre,13,domingo,10,50,Ciudad Bolívar,Choque,Vehículo,,Solo Daños,0,0,0,0,0,0,0,1,0,0,1,0,0,0,0,0,0,0,0,0,0,0,1001946.0,0.005724136582195878,635.3791606237425,"AV.P.MAYO,CL26SUR",KR72;KR78K,4.5960945,-74.1644758,0.0,17.858656643508773,,0.0,114.0,0.0
164264,10499838,-74.123584293,4.64159292800002,CL 13-KR 69 2,2019,Octubre,12,sábado,17,30,Fontibón,Choque,Vehículo,,Solo Daños,0,0,0,0,0,0,0,0,0,1,0,0,0,0,0,0,0,0,0,0,0,1,1002297.0,0.004561636329119981,506.34163253231793,KR70C,CL63SUR;KR51,4.64263125,-74.11914239999999,1.0,21.81085279125,,0.0,8.0,1.0
164265,10499839,-74.125327771,4.67198388000003,AV AVENIDA CIUDAD DE CALI-CL 24 02,2019,Octubre,13,domingo,14,0,Fontibón,Choque,Vehículo,,Solo Daños,0,0,0,0,0,0,0,0,0,0,1,0,0,0,0,0,0,0,0,0,0,0,3.0,0.002725183710451635,302.49539186013146,CL72,KR65;KR7,4.669261949999999,-74.12546090000001,1.0,13.357338517419354,,0.0,124.0,1.0
164266,10499840,-74.115746698,4.624196649,CL 5A-KR 56 02,2019,Octubre,14,lunes,7,0,Puente Aranda,Choque,Vehículo,,Solo Daños,0,0,0,0,0,1,0,0,0,0,0,0,0,0,0,0,0,0,0,0,0,0,1001260.0,0.0018172106831060928,201.7103858247763,NQS,CL3;CL1F,4.62242845,-74.1153275,1.0,24.91269916262295,,0.0,122.0,1.0
164267,10499841,-74.167294197,4.69639146600002,CL 17D-KR 135B 04,2019,Octubre,13,domingo,18,40,Fontibón,Choque,Vehículo,,Solo Daños,0,0,0,0,0,0,0,1,0,0,1,0,1,0,0,1,0,0,0,0,0,0,95.0,0.014411550720746269,1599.6821300028357,AV.SUBA,KR94;SAN.MARTIN,4.68681675,-74.15652305,0.0,25.400186873666666,,0.0,120.0,0.0
164268,10499842,-74.144861045,4.56799299300002,CL 61-KR 22B S 2,2019,Octubre,12,sábado,15,40,Ciudad Bolívar,Choque,Vehículo,,Solo Daños,0,0,0,0,0,0,0,1,0,0,0,0,0,0,0,0,0,0,0,0,0,0,56.0,0.011633364488183598,1291.3034581883794,CL6,AV.CARACAS;KR42,4.574981,-74.13556034999999,0.0,16.49193247096774,,0.0,124.0,0.0
164269,10499843,-74.110509781,4.70854724200001,CL 80-KR 98 02,2019,Octubre,14,lunes,23,50,Engativá,Choque,Vehículo,,Solo Daños,0,0,0,0,0,0,0,0,0,0,0,0,0,0,0,0,0,0,0,0,0,0,1000759.0,0.012268689661574596,1361.8245524347801,KR80,CL26SUR;CL38CSUR,4.69774235,-74.10469815,0.0,28.576434502833333,,0.0,120.0,0.0
164270,10499844,-74.0884,4.73259999999999,KR 92-CL 132B 16,2019,Octubre,13,domingo,18,18,Suba,Choque,Vehículo,,Solo Daños,0,0,0,0,0,0,0,1,0,1,1,0,1,0,0,1,0,0,0,0,0,1,53.0,0.0021176697913058815,235.06134683495284,CL170,KR92;KR7,4.7337238500000005,-74.08660515,1.0,19.987160267833335,,0.0,120.0,1.0
164271,10499845,-74.119260616,4.532933232,KR 14-CL 65C S 2,2019,Octubre,12,sábado,14,30,Usme,Choque,Vehículo,,Solo Daños,0,1,0,0,0,0,0,0,0,0,1,0,1,1,0,0,0,1,0,0,0,0,1001959.0,0.00852516922228137,946.293783673232,"CL19,KR3",KR5;CL22,4.5343054,-74.1108466,0.0,12.12012095935484,,0.0,124.0,0.0
164272,10499846,-74.140678,4.66391942299998,DG 16-KR 90 02,2019,Octubre,14,lunes,7,30,Fontibón,Choque,Vehículo,,Solo Daños,0,0,0,0,0,1,0,0,0,0,0,0,0,0,0,0,0,0,0,0,0,0,1001016.0,0.007547113488636762,837.7295972386806,KR72,CL127;CL75,4.6623088,-74.13330475000001,0.0,27.987481320588238,,0.0,119.0,0.0
164273,10499847,-74.095366738,4.72820695199999,CL 129C-KR 96A 2,2019,Octubre,13,domingo,0,5,Suba,Choque,Vehículo,,Solo Daños,0,0,0,0,0,0,0,1,0,1,0,0,0,0,0,0,0,0,0,0,0,1,1000732.0,0.0041502844851059135,460.6815778467564,KR86,CL90;CL85,4.7284309,-74.0912225,1.0,27.245237357142855,,0.0,119.0,1.0
164275,10499849,-74.20697562,4.618983125,AV AVENIDA CIUDAD DE CALI-KR 89 02,2019,Octubre,13,domingo,9,11,Engativá,Choque,Vehículo,,Solo Daños,0,0,0,0,0,0,0,0,0,1,0,0,0,0,0,0,0,0,0,0,0,1,75.0,0.0009596635902862417,106.52265852177283,KR86,KR91;CL57BSUR,4.61896385,-74.20601615,1.0,17.361183844333333,,0.0,120.0,1.0
164276,10499850,-74.154969543,4.64561106000002,CL 6D-KR 87B 02,2019,Octubre,14,lunes,17,0,Kennedy,Choque,Vehículo,,Solo Daños,0,0,0,0,0,0,0,1,0,0,0,0,0,0,0,0,0,0,0,0,0,0,124.0,0.007069138667921635,784.6743921393014,CL66A,KR86;KR72,4.652358850000001,-74.1528624,0.0,9.960183148988765,,0.0,89.0,0.0
164277,10499851,-74.120249229,4.63438507000001,KR 68-CL 12 2,2019,Octubre,13,domingo,14,30,Puente Aranda,Choque,Vehículo,,Solo Daños,0,0,0,0,0,0,0,0,0,1,0,0,0,0,0,0,0,0,0,0,0,1,1000745.0,1.548331170506611e-05,1.7186475992623382,CL6,KR32;KR36,4.6343731,-74.12025905,1.0,31.780091996935486,,0.0,124.0,1.0
164278,10499852,-74.126674164,4.56682813700002,AV AVENIDA CARACAS-CL 51 S 02,2019,Octubre,13,domingo,8,11,Rafael Uribe Uribe,Choque,Vehículo,,Solo Daños,0,0,1,0,0,0,0,0,0,0,0,0,0,0,0,0,0,0,0,0,0,0,67.0,0.01174904026543934,1304.1434694637667,CL11SUR,AV.CARACAS;KR6_ESTE,4.5782967,-74.12412230000001,0.0,17.567636408709674,,0.0,124.0,0.0
164279,10499853,-74.112701905,4.54738129700002,CL 49B-KR 5B S 02,2019,Octubre,14,lunes,1,10,Rafael Uribe Uribe,Choque,Objeto Fijo,Tren,Solo Daños,0,0,0,0,0,0,0,0,0,1,0,0,0,0,0,0,0,0,0,0,0,1,39.0,0.009014863422814056,1000.6498399323602,AV.CARACAS,AV.P.MAYO;CL80,4.5552695,-74.11706585,0.0,30.84217669140351,,0.0,114.0,0.0
164280,10499854,-74.123126155,4.60367734300002,AC 26-KR 51 S 2,2019,Octubre,13,domingo,19,0,Puente Aranda,Choque,Vehículo,,Solo Daños,0,0,0,0,0,0,0,0,0,0,1,0,1,0,0,1,0,0,0,0,0,0,1001061.0,0.003697734043234653,410.4484787990465,AV.P.MAYO,CL43SUR;CL41BSUR,4.6016787,-74.1200151,1.0,18.004400621666665,,0.0,120.0,1.0
164281,10499855,-74.115738429,4.63977272900001,KR 68-CL 13 80,2019,Octubre,13,domingo,7,45,Puente Aranda,Choque,Vehículo,,Solo Daños,0,0,0,0,0,1,0,0,0,0,0,0,0,0,0,0,0,0,0,0,0,0,32.0,0.004031519111254881,447.4986213492918,AV.AMERICAS;CL34,KR80;KR5,4.643723250000001,-74.11654250000001,1.0,17.435700901666667,,0.0,120.0,1.0
164282,10499856,-74.090545243,4.75380499599999,KR 103-CL 153 02,2019,Octubre,14,lunes,14,5,Suba,Choque,Vehículo,,Solo Daños,0,0,0,0,0,1,0,0,0,0,0,0,0,0,0,0,0,0,0,0,0,0,1001055.0,0.008302971791779816,921.6298688875596,KR68,AV.SUBA;KR64,4.753758749999999,-74.0822424,0.0,16.400254373951615,,0.0,124.0,0.0
164283,10499857,-74.138397509,4.56686315899998,AV AVENIDA BOYACA-KR 19C 02,2019,Octubre,13,domingo,11,20,Tunjuelito,Choque,Vehículo,,Solo Daños,0,0,0,0,0,0,0,0,0,0,1,0,1,0,1,0,0,0,0,0,0,0,56.0,0.008599349608717053,954.527806567593,CL6,AV.CARACAS;KR42,4.574981,-74.13556034999999,0.0,17.94925906909836,,0.0,122.0,0.0
164284,10499858,-74.066333645,4.70921897400001,KR 56A-CL 125A 40,2019,Octubre,14,lunes,15,15,Suba,Choque,Objeto Fijo,Semaforo,Solo Daños,0,0,0,0,0,0,0,0,0,1,0,0,0,0,0,0,0,0,0,0,0,1,1000969.0,0.005219252771955688,579.3370576870814,"CL34,AV.AMERICAS",KR19;KR28,4.706773350000001,-74.07094445000001,0.0,18.24258612330645,,0.0,124.0,0.0
164285,10500229,-74.049169283,4.73282430699999,KR 45-CL 151 02,2019,Octubre,18,viernes,12,10,Usaquén,Choque,Vehículo,,Con Heridos,0,0,0,0,0,0,0,1,0,0,0,0,0,0,0,0,0,0,0,0,0,0,1001008.0,0.004162681258281533,462.0576196692502,CL63,KR72;KR77A,4.72933775,-74.05144345,1.0,11.39209641672131,,0.0,122.0,1.0
164286,10500230,-74.131512608,4.64471612900002,AV AVENIDA BOYACA-AC 12 2,2019,Octubre,19,sábado,3,30,Kennedy,Choque,Vehículo,,Con Heridos,0,0,0,0,0,0,0,0,0,1,0,0,0,0,0,0,0,0,0,0,0,1,1000995.0,0.00021003566482016882,23.31395879503874,CL80,KR96;KR102,4.6449201,-74.1314625,1.0,42.03219520788991,,0.0,109.0,1.0
164287,10500231,-74.080664951,4.62763174700001,AK 30-CL 28 2,2019,Octubre,18,viernes,18,10,Teusaquillo,Choque,Vehículo,,Con Heridos,0,1,0,0,0,1,0,0,0,0,0,0,0,0,0,0,0,0,0,0,0,0,1002036.0,0.0042065469265652935,466.9267088487476,CL26,GOBERNACION;KR40,4.629466150000001,-74.08445045,1.0,37.34258878125,,0.0,120.0,1.0
164288,10500232,-74.183796684,4.62246890400002,KR 86C-CL 56B S 2,2019,Octubre,18,viernes,16,22,Bosa,Choque,Vehículo,,Con Heridos,0,0,0,0,0,1,0,0,0,1,0,0,0,0,0,0,0,0,0,0,0,1,76.0,0.01616622182058241,1794.4506220846474,KR86,CL57BSUR;KR91,4.616729,-74.1989096,0.0,17.13544491698276,,0.0,116.0,0.0
164289,10500233,-74.19369033,4.60973326300001,KR 80PBIS-CL 70B S 02,2019,Octubre,19,sábado,15,20,Bosa,Choque,Vehículo,,Con Heridos,1,0,0,0,0,0,0,0,0,0,0,0,0,0,0,0,0,0,0,0,0,0,1002284.0,0.0045235374751102135,502.1126597372337,KR86,TV79D;CL57BSUR,4.61096955,-74.19804165,1.0,23.96266891625,,0.0,8.0,1.0
164290,10500234,-74.069885448,4.72396878000001,CL 132-KR 59A 2,2019,Octubre,18,viernes,13,0,Suba,Choque,Vehículo,,Con Heridos,1,0,0,0,0,0,0,0,0,0,0,0,0,0,0,0,0,0,0,0,0,0,1001054.0,0.004081419248653233,453.0375366005088,KR68,KR64;AV.SUBA,4.72398195,-74.06580405,1.0,22.055622617692308,,0.0,117.0,1.0
164291,10500235,-74.17893913,4.624160297,KR 86-CL 53 S 2,2019,Octubre,18,viernes,15,10,Bosa,Choque,Vehículo,,Con Heridos,0,0,0,0,0,1,0,0,0,0,0,0,0,0,0,0,0,0,0,0,0,0,76.0,0.02130830465153682,2365.221816320587,KR86,CL57BSUR;KR91,4.616729,-74.1989096,0.0,17.05702066605042,,0.0,119.0,0.0
164292,10500236,-74.140330776,4.61434672399997,AV AVENIDA BOYACA-AC 36C S 2,2019,Octubre,20,domingo,21,40,Kennedy,Choque,Vehículo,,Con Heridos,0,0,0,0,0,1,0,0,0,0,0,0,0,0,0,0,0,0,0,0,0,0,90.0,0.0031761268504680467,352.5500804019532,CL24,KR86;AV.AMERICAS,4.61621555,-74.13776265,1.0,22.70796299708333,,0.0,120.0,1.0
164293,10500237,-74.14070729,4.61419856999999,AV AVENIDA BOYACA-KR 37 14,2019,Octubre,19,sábado,17,5,Kennedy,Choque,Vehículo,,Con Heridos,1,0,0,0,0,0,0,0,0,0,1,0,0,0,0,0,0,0,0,0,0,0,90.0,0.0035691894107782174,396.1800245963821,CL24,KR86;AV.AMERICAS,4.61621555,-74.13776265,1.0,18.2512843845,,0.0,120.0,1.0
164294,10500238,-74.185448224,4.61699564000003,CL 59-KR 82G S 2,2019,Octubre,18,viernes,13,15,Bosa,Choque,Vehículo,,Con Heridos,0,0,0,0,0,1,0,0,0,0,0,0,0,0,0,0,0,0,0,0,0,0,76.0,0.013464016514504858,1494.5058331100392,KR86,CL57BSUR;KR91,4.616729,-74.1989096,0.0,14.799870586554622,,0.0,119.0,0.0
164295,10500239,-74.147606142,4.50637280400002,CL 94-KR 18F S 2,2019,Octubre,20,domingo,8,40,Ciudad Bolívar,Choque,Vehículo,,Con Heridos,1,0,0,0,0,0,0,0,0,0,0,0,0,0,0,0,0,0,0,0,0,0,1001959.0,0.046168104220855294,5124.659568514938,"CL19,KR3",KR5;CL22,4.5343054,-74.1108466,0.0,12.544707571935485,,0.0,124.0,0.0
164296,10500240,-74.063892729,4.63380143400002,KR 7-CL 47 02,2019,Octubre,19,sábado,17,17,Chapinero,Choque,Vehículo,,Con Heridos,0,0,0,0,0,1,0,0,0,1,0,0,0,0,0,0,0,0,0,0,0,1,1000007.0,0.0035298261942427567,391.810707560946,KR7,CL121;CL116,4.635579,-74.06084315,1.0,12.532252215913042,,0.0,115.0,1.0
164297,10500241,-74.122507762,4.51994292900002,AV AVENIDA BOYACA-CL 71F S 2,2019,Octubre,20,domingo,7,40,Usme,Choque,Vehículo,,Con Heridos,1,0,0,0,0,1,0,0,0,0,0,1,0,0,0,0,0,0,0,0,0,0,1001959.0,0.01850035871045215,2053.5398168601887,"CL19,KR3",KR5;CL22,4.5343054,-74.1108466,0.0,13.410469843983739,,0.0,123.0,0.0
164298,10500242,-74.1179,4.60899999999998,TR 50-CL 1B 2,2019,Octubre,18,viernes,16,30,Puente Aranda,Choque,Vehículo,,Con Heridos,0,0,0,0,0,1,0,0,0,1,0,0,0,0,0,0,0,0,0,0,0,1,120.0,0.0023740047646147655,263.51452887223894,"KR24,TV24",CL45;CL57,4.60674375,-74.1171616,1.0,9.414807319652173,,0.0,115.0,1.0
164299,10500243,-74.106810725,4.657856391,CL 26-KR 69 02,2019,Octubre,19,sábado,17,0,Fontibón,Choque,Vehículo,,Con Heridos,0,0,0,0,0,1,0,0,0,0,0,0,0,0,0,0,0,0,0,0,0,0,72.0,0.00030925067519126413,34.32682494623032,CL76,KR7;KR15,4.6575472,-74.10680465,1.0,11.431216751916667,,0.0,120.0,1.0
164300,10500244,-74.078631068,4.68359440900002,CL 80-KR 65 2,2019,Octubre,20,domingo,9,10,Barrios Unidos,Choque,Vehículo,,Con Heridos,1,0,0,0,0,0,0,0,0,0,0,0,0,0,0,0,0,0,0,0,0,0,86.0,0.004450809576039177,494.03986294034866,KR50,CL53;CL17,4.67926125,-74.07964765,1.0,22.938507312666665,,0.0,120.0,1.0
164301,10500245,-74.089585246,4.56588556000003,CL 27-KR 1 SE 2,2019,Octubre,18,viernes,17,40,San Cristóbal,Choque,Vehículo,,Con Heridos,0,0,0,0,1,1,0,0,0,0,0,0,0,0,0,0,0,0,0,0,0,0,42.0,0.004750781050772,527.3366966356921,CL39,AV.CARACAS;KR7,4.568182500000001,-74.09374385000001,1.0,9.721293305833333,,0.0,120.0,1.0
164302,10500246,-74.064551901,4.65818962899999,KR 17-CL 70A 02,2019,Octubre,19,sábado,8,40,Barrios Unidos,Choque,Vehículo,,Con Heridos,0,0,0,0,0,1,0,0,0,0,0,0,0,0,0,0,0,0,0,0,0,0,11.0,0.002598693834775865,288.45501566012103,KR19,CL159;CL100,4.660728300000001,-74.0639966,1.0,14.135264430964913,,0.0,114.0,1.0
164303,10500247,-74.125084078,4.67229141000001,KR 86-CL 24 2,2019,Octubre,19,sábado,8,10,Fontibón,Choque,Vehículo,,Con Heridos,0,0,0,0,0,1,0,0,0,0,0,0,0,0,0,0,0,0,0,0,0,0,3.0,0.0030528057113672815,338.8614339617682,CL72,KR65;KR7,4.669261949999999,-74.12546090000001,1.0,12.217495418629031,,0.0,124.0,1.0
164304,10500248,-74.110802926,4.57797210699999,AV AVENIDA CARACAS-CL 31 S 2,2019,Octubre,18,viernes,11,55,Rafael Uribe Uribe,Choque,Vehículo,,Con Heridos,1,0,0,0,1,0,0,0,0,0,0,0,0,0,0,0,0,0,0,0,0,0,1000325.0,0.005990822163841979,664.9812601864596,AV.CARACAS,AV.PRIMERO_MAYO;CL11SUR,4.57490245,-74.11594754999999,0.0,20.084720971707316,,0.0,123.0,0.0
164305,10500249,-74.171878619,4.61328850799998,AV AVENIDA PRIMERA DE MAYO-KR 79 02,2019,Octubre,19,sábado,7,9,Kennedy,Choque,Vehículo,,Con Heridos,0,0,0,0,0,1,0,0,0,0,0,0,0,0,0,0,0,0,0,0,0,0,149.0,0.01303798025779526,1447.2158086152738,AV.CL59SUR,CL59SUR;KR81A,4.6025243,-74.1792353,0.0,23.46657685375,,0.0,8.0,0.0
164306,10500250,-74.15341466,4.69644113800001,CL 24-KR 127 2,2019,Octubre,20,domingo,9,48,Fontibón,Choque,Vehículo,,Con Heridos,0,0,0,0,0,1,0,1,0,0,0,0,0,0,0,0,0,0,0,0,0,0,95.0,0.01011389800061676,1122.6426780684603,AV.SUBA,KR94;SAN.MARTIN,4.68681675,-74.15652305,0.0,21.955881987822583,,0.0,124.0,0.0
164307,10500251,-74.168616449,4.61921674299998,KR 80-CL 47 S 2,2019,Octubre,19,sábado,17,24,Kennedy,Atropello,,,Con Heridos,0,0,0,0,1,1,1,0,0,0,0,0,0,0,0,0,0,0,0,0,0,0,148.0,0.014296599510727622,1586.9225456907661,AV.CL59SUR,KR81A;CL59SUR,4.6285372,-74.1577757,0.0,14.193990387500001,,0.0,8.0,0.0
164308,10500252,-74.169044929,4.591571219,CL 60A-KR 73 S 02,2019,Octubre,19,sábado,17,18,Ciudad Bolívar,Choque,Vehículo,,Con Heridos,0,0,0,0,0,1,0,0,0,0,0,0,0,0,0,0,0,0,0,0,0,0,1001946.0,0.006429386504442323,713.6619019930978,"AV.P.MAYO,CL26SUR",KR72;KR78K,4.5960945,-74.1644758,0.0,14.238139142033898,,0.0,118.0,0.0
164309,10500253,-74.058813392,4.65714915400002,KR 11-CL 72 2,2019,Octubre,19,sábado,13,56,Chapinero,Atropello,,,Con Heridos,0,0,0,0,1,1,1,0,0,0,0,0,0,0,0,0,0,0,0,0,0,0,1000096.0,0.00343438157767664,381.216355122107,KR7,CL162;CL153,4.654590349999999,-74.05652265,1.0,22.20191370125,,0.0,120.0,1.0
164310,10500626,-74.057709737,4.665399106,KR 15-CL 79 2,2019,Octubre,23,miércoles,15,20,Chapinero,Choque,Vehículo,,Solo Daños,0,0,0,0,0,0,0,0,0,0,0,0,0,0,0,0,0,0,0,0,0,0,141.0,0.0029815996875151457,330.9575653141812,AUTONORTE,CL80;SANTA.FE,4.6632782,-74.0556141,1.0,28.275390120666664,,0.0,120.0,1.0
164311,10500627,-74.1314519,4.68976792900003,CL 26-KR 103 02,2019,Octubre,23,miércoles,17,20,Fontibón,Choque,Vehículo,,Solo Daños,0,0,0,0,0,1,0,0,0,0,0,0,0,0,0,0,0,0,0,0,0,0,1000238.0,0.012511086772470781,1388.7306317442567,CL134,KR58;KR53,4.68384265,-74.1204329,0.0,28.78713151184874,,0.0,119.0,0.0
164312,10500628,-74.135519037,4.60398827300003,CL 37B-KR 68CBISA S 2,2019,Octubre,23,miércoles,18,2,Kennedy,Choque,Vehículo,,Solo Daños,0,1,0,0,0,0,0,0,0,0,0,0,0,0,0,0,0,0,0,0,0,0,1001715.0,0.0031287981665401223,347.29659648595356,"AV.AMERICAS,CL34",KR28;KR36,4.6069231,-74.13660355,1.0,16.191844656638654,,0.0,119.0,1.0
164313,10500629,-74.148586474,4.57053638999997,CL 61-KR 30 S 2,2019,Octubre,13,domingo,6,55,Ciudad Bolívar,Choque,Vehículo,,Con Heridos,0,0,0,0,1,1,0,0,0,0,1,0,1,0,1,0,0,0,0,0,0,0,56.0,0.013763519336126219,1527.7506463100103,CL6,AV.CARACAS;KR42,4.574981,-74.13556034999999,0.0,24.110507327500002,,0.0,116.0,0.0
164314,10500630,-74.136301147,4.64662400600002,CL 11BBIS-KR 78 23,2019,Octubre,23,miércoles,6,16,Kennedy,Choque,Vehículo,,Con Heridos,0,0,0,0,0,1,0,0,0,0,0,0,0,0,0,0,0,0,0,0,0,0,1001945.0,0.0024398068334136546,270.81855850891566,"KR78K,CL41SUR",CL26SUR;AV.P.MAYO,4.6477331,-74.134128,1.0,18.110243913275863,,0.0,116.0,1.0
164315,10500631,-74.13357993,4.61286075999999,KR 69-CL 25 S 2,2019,Octubre,23,miércoles,9,45,Kennedy,Choque,Vehículo,,Con Heridos,0,0,0,0,0,1,0,0,0,0,0,0,0,0,0,0,0,0,0,0,0,0,1001058.0,0.0012275585747664112,136.25900179907165,AV.P.MAYO,KR73D;CL41BSUR,4.612991,-74.1323593,1.0,26.447218883577236,,0.0,123.0,1.0
164316,10500632,-74.126760167,4.59158425099997,DG 40-KR 38A S 2,2019,Octubre,22,martes,18,53,Antonio Nariño,Choque,Vehículo,,Con Heridos,0,0,0,0,0,1,0,0,0,1,0,0,0,0,0,0,0,0,0,0,0,1,1000955.0,0.00490829302439781,544.820525708157,AV.P.MAYO,KR52A;KR69B,4.59631235,-74.1280779,1.0,17.479559694621848,,0.0,119.0,1.0
164317,10500633,-74.114443308,4.68397238699998,KR 86-CL 52A 2,2019,Octubre,23,miércoles,8,17,Engativá,Choque,Vehículo,,Con Heridos,0,0,0,0,0,0,0,0,0,0,1,0,0,0,0,0,0,0,0,0,0,0,1000227.0,0.005546937218682979,615.7100312738106,KR72,CL170;CL169,4.67854075,-74.1155684,0.0,26.74500727425,,0.0,120.0,0.0
164318,10500634,-74.075267297,4.72050424899999,AV AVENIDA BOYACA-CL 129 02,2019,Octubre,23,miércoles,7,1,Suba,Choque,Vehículo,,Con Heridos,0,0,0,0,0,1,0,0,0,0,0,0,0,0,0,0,0,0,0,0,0,0,1001047.0,0.00538360613032393,597.5802804659562,KR68,CL66;CL19,4.718268699999999,-74.0801648,0.0,32.43633154276423,,0.0,123.0,0.0
164319,10500635,-74.102178431,4.74298589799997,CL 139-KR 110B 02,2019,Octubre,23,miércoles,6,20,Suba,Choque,Vehículo,,Con Heridos,1,0,0,0,0,0,0,0,0,0,1,0,1,0,0,0,1,0,0,0,0,0,1000951.0,0.004132293567489693,458.6845859913559,AV.SUBA,CL127;HUMEDAL.CORDOBA,4.7388854,-74.1016668,1.0,33.89236183460177,,0.0,113.0,1.0
164320,10500636,-74.139443534,4.59314900099997,DG 47-KR 53A S 02,2019,Octubre,23,miércoles,16,36,Tunjuelito,Choque,Vehículo,,Con Heridos,0,0,0,0,0,1,0,0,0,0,0,0,0,0,0,0,0,0,0,0,0,0,1002273.0,0.0010728954316204147,119.09139290986603,AV.VILLAVICENCIO,AV.P.MAYO;CL57BSUR,4.5920865,-74.13929455,1.0,20.13774220111111,,0.0,9.0,1.0
164321,10500637,-74.17204123,4.57589270300002,CL 75D-KR 73I 2,2019,Octubre,24,jueves,11,0,Ciudad Bolívar,Caida de ocupante,,,Con Heridos,0,0,0,0,0,0,0,0,0,0,1,0,1,0,0,1,0,0,0,0,0,0,1002276.0,0.014998245458157288,1664.8052458554591,AV.VILLAVICENCIO,CL57BSUR;AV.P.MAYO,4.5824943,-74.158574,0.0,25.02373241625,,0.0,8.0,0.0
164322,10500638,-74.141440134,4.60964476200002,AV AVENIDA BOYACA-AC 38 S 57,2019,Octubre,21,lunes,5,15,Kennedy,Choque,Vehículo,,Con Heridos,1,0,0,0,0,0,0,0,0,0,0,0,0,0,0,0,0,0,0,0,0,0,1001715.0,0.0055497737639867515,616.0248878025294,"AV.AMERICAS,CL34",KR28;KR36,4.6069231,-74.13660355,0.0,35.05234937333333,,0.0,120.0,0.0
164323,10500639,-74.115775146,4.66178292799998,AV AVENIDA BOYACA-CL 24 2,2019,Octubre,23,miércoles,8,45,Fontibón,Choque,Vehículo,,Con Heridos,1,0,0,0,0,0,0,0,0,0,0,0,0,0,0,0,0,0,0,0,0,0,61.0,0.00566843738935439,629.1965502183373,CL19,KR36;KR5,4.65795775,-74.11995834999999,0.0,13.83611303451613,,0.0,124.0,0.0
164324,10500640,-74.123387825,4.71101557600002,CL 73-KR 108A 2,2019,Octubre,22,martes,18,10,Engativá,Choque,Vehículo,,Solo Daños,1,0,0,0,0,0,0,0,0,1,0,0,0,0,0,0,0,0,0,0,0,1,103.0,0.010279443492516332,1141.0182276693129,DIAG16,KR129;CL17,4.71384325,-74.1332707,0.0,18.888900638416665,,0.0,120.0,0.0
164325,10500641,-74.11402753,4.50760749800003,AV AVENIDA BOYACA-KR 14 02,2019,Octubre,23,miércoles,21,0,Usme,Choque,Vehículo,,Con Heridos,0,0,0,0,0,1,0,0,0,0,0,0,0,0,0,0,0,0,0,0,0,0,1001959.0,0.02688673068383194,2984.4271059053453,"CL19,KR3",KR5;CL22,4.5343054,-74.1108466,0.0,13.451357363162392,,0.0,117.0,0.0
164326,10500642,-74.115739665,4.647406004,CL 68D-KR 20 2,2019,Octubre,23,miércoles,9,0,Fontibón,Choque,Vehículo,,Con Heridos,0,1,0,0,0,1,0,0,0,0,0,0,0,0,0,0,0,0,0,0,0,0,1000301.0,0.0006292404709203163,69.8456922721551,CL6,KR27;KR19,4.6468165,-74.1155196,1.0,18.744726088870966,,0.0,124.0,1.0
164327,10500643,-74.119424977,4.63640451999999,KR 68-CL 12A 58,2019,Octubre,22,martes,16,25,Puente Aranda,Choque,Vehículo,,Con Heridos,0,0,0,0,0,1,0,0,0,0,1,0,1,0,0,0,1,0,0,0,0,0,1000745.0,0.002195983830928716,243.75420523308748,CL6,KR32;KR36,4.6343731,-74.12025905,1.0,32.13730768933333,,0.0,120.0,1.0
164328,10500644,-74.101051596,4.68571199000002,KR 75-CL 68B 02,2019,Octubre,23,miércoles,5,50,Engativá,Choque,Vehículo,,Con Heridos,0,0,0,0,0,0,0,0,0,0,0,0,0,0,0,0,0,0,0,0,0,0,1000748.0,0.0074286966499441135,824.5853281437966,KR68,CL3;CL13,4.692486049999999,-74.1041008,0.0,29.219060919262294,,0.0,122.0,0.0
164329,10500645,-74.121764291,4.60236261599999,KR 50-CL 26 S 2,2019,Octubre,23,miércoles,4,10,Puente Aranda,Choque,Vehículo,,Con Heridos,0,0,0,0,0,1,0,1,0,1,0,0,0,0,0,0,0,0,0,0,0,1,1001061.0,0.0018781401038074257,208.47355152262426,AV.P.MAYO,CL43SUR;CL41BSUR,4.6016787,-74.1200151,1.0,28.56368554178862,,0.0,123.0,1.0
164330,10500646,-74.12066661,4.644999961,CL 17A-KR 69B 2,2019,Octubre,22,martes,15,7,Fontibón,Choque,Vehículo,,Con Heridos,0,1,0,0,0,1,0,0,0,0,0,0,0,0,0,0,0,0,0,0,0,0,102.0,0.0022965921352767924,254.92172701572397,DIAG16,CL17;KR129,4.64725615,-74.1210955,1.0,19.283238103688525,,0.0,122.0,1.0
164331,10500647,-74.114124434,4.68091186100003,KR 85H-CL 53 02,2019,Octubre,23,miércoles,8,15,Engativá,Choque,Vehículo,,Con Heridos,0,0,0,0,0,1,0,0,0,1,0,0,0,0,0,0,0,0,0,0,0,1,1000227.0,0.0027761853654992455,308.15657557041624,KR72,CL170;CL169,4.67854075,-74.1155684,1.0,26.74500727425,,0.0,120.0,1.0
164332,10500648,-74.070157866,4.62022365600001,AV AVENIDA CARACAS-CL 32 79,2019,Octubre,23,miércoles,17,50,Teusaquillo,Choque,Vehículo,,Con Heridos,0,0,0,0,0,1,0,0,0,0,0,0,0,0,0,0,0,0,0,0,0,0,1000020.0,0.0034484294049820048,382.77566395300255,KR7,CL79;CL76,4.618767350000001,-74.07328369999999,1.0,17.034401035877192,,0.0,114.0,1.0
164333,10500649,-74.145512707,4.56254448200002,KR 20-CL 64 S 2,2019,Octubre,22,martes,16,20,Ciudad Bolívar,Choque,Vehículo,,Con Heridos,0,0,0,0,0,1,0,0,0,0,0,0,0,0,0,0,0,0,0,0,0,0,56.0,0.01592847732268639,1768.0609828181894,CL6,AV.CARACAS;KR42,4.574981,-74.13556034999999,0.0,17.402123065916665,,0.0,120.0,0.0
164334,10500650,-74.210535973,4.61418790499999,KR 80K-CL 85D S 2,2019,Octubre,23,miércoles,6,11,Bosa,Choque,Vehículo,,Con Heridos,0,0,0,0,0,1,0,0,0,0,0,0,0,0,0,0,0,0,0,0,0,0,75.0,0.006575595075317421,729.8910533602337,KR86,KR91;CL57BSUR,4.61896385,-74.20601615,0.0,20.103506858407076,,0.0,113.0,0.0
164335,10500651,-74.138159874,4.62832368099998,AV AVENIDA BOYACA-CL 5A 02,2019,Octubre,23,miércoles,6,50,Kennedy,Atropello,,,Con Heridos,0,0,0,0,0,1,1,0,0,0,1,0,1,0,0,1,0,0,0,0,0,0,1000780.0,0.0026565097651560553,294.87258393232213,CL6,KR42;KR36,4.62659345,-74.1361441,1.0,36.81296984478632,,0.0,117.0,1.0
164336,10501036,-74.120923489,4.54418370600001,KR 14-CL 56 S 2,2019,Octubre,28,lunes,14,8,Usme,Choque,Vehículo,,Solo Daños,0,1,0,0,0,0,0,1,0,0,0,0,0,0,0,0,0,0,0,0,0,0,39.0,0.011737811008214194,1302.8970219117755,AV.CARACAS,AV.P.MAYO;CL80,4.5552695,-74.11706585,0.0,15.445619121833333,,0.0,120.0,0.0
164337,10501037,-74.046,4.6807,KR 7-CL 97 2,2019,Octubre,25,viernes,8,56,Chapinero,Choque,Vehículo,,Solo Daños,0,0,0,0,0,0,0,0,0,1,0,0,0,0,0,0,0,0,0,0,0,1,1000098.0,0.007597290537583269,843.2992496717429,KR9,CL165;CL161,4.67476105,-74.0507379,0.0,21.733051005887095,,0.0,124.0,0.0
164338,10501038,-74.179377017,4.597075507,AV AVENIDA DEL SUR-CL 63 S 2,2019,Octubre,27,domingo,10,0,Bosa,Choque,Vehículo,,Solo Daños,0,0,0,0,0,0,0,0,0,0,1,0,0,0,0,0,0,0,0,0,0,0,149.0,0.0054506356386148196,605.020555886245,AV.CL59SUR,CL59SUR;KR81A,4.6025243,-74.1792353,0.0,22.540127291250002,,0.0,8.0,0.0
164339,10501039,-74.030460158,4.70380551599999,CL 127A-KR 7BBIS 2,2019,Octubre,25,viernes,11,26,Usaquén,Choque,Vehículo,,Solo Daños,0,0,0,0,0,0,0,0,0,0,1,0,1,0,0,1,0,0,0,0,0,0,1000184.0,0.0006572575595854243,72.9555891139821,KR15,CL94;CL100,4.704458949999999,-74.03053095,1.0,18.101672771393442,,0.0,122.0,1.0
164340,10501040,-74.024415986,4.72867560200001,CL 153A-KR 7 2,2019,Octubre,28,lunes,15,0,Usaquén,Choque,Vehículo,,Solo Daños,0,1,0,0,0,0,0,0,0,0,0,0,0,0,0,0,0,0,0,0,0,0,1000081.0,0.013255883337539957,1471.4030504669352,KR19,CL116;CL127,4.7391552,-74.03253365,0.0,12.438082486097562,,0.0,123.0,0.0
164341,10501041,-74.088258397,4.52847393899998,CL 63-KR 14 SE 02,2019,Octubre,24,jueves,7,0,San Cristóbal,Choque,Objeto Fijo,Muro,Solo Daños,0,1,0,0,0,0,0,0,0,0,0,0,0,0,0,0,0,0,0,0,0,0,1001959.0,0.023328798772415883,2589.496663738163,"CL19,KR3",KR5;CL22,4.5343054,-74.1108466,0.0,13.410469843983739,,0.0,123.0,0.0
164342,10501042,-74.137041161,4.59214934599999,KR 52C-DG 47A S 2,2019,Octubre,28,lunes,22,13,Ciudad Bolívar,Choque,Vehículo,,Solo Daños,0,0,0,0,0,0,0,0,0,1,0,0,0,0,0,0,0,0,0,0,0,1,1002273.0,0.0022542652029100213,250.22343752301236,AV.VILLAVICENCIO,AV.P.MAYO;CL57BSUR,4.5920865,-74.13929455,1.0,24.561279875,,0.0,8.0,1.0
164343,10501043,-74.0485,4.66340000000002,KR 7-CL 84A 2,2019,Octubre,25,viernes,13,10,Chapinero,Choque,Vehículo,,Solo Daños,0,0,0,0,0,0,0,0,0,0,1,0,0,0,0,0,0,0,0,0,0,0,1000986.0,0.00474285508211523,526.4569141147906,CL80,KR69H;KR58,4.6638357,-74.0532228,1.0,34.64939492786885,,0.0,122.0,1.0
164344,10501044,-74.114489058,4.61554113699998,KR 50-CL 3 02,2019,Octubre,24,jueves,16,10,Puente Aranda,Choque,Vehículo,,Solo Daños,0,1,0,0,0,0,0,0,0,0,0,0,0,0,0,0,0,0,0,0,0,0,1000332.0,0.0033059199547897664,366.95711498166406,CL11SUR,KR7;KR10,4.6123352,-74.11529594999999,1.0,14.39594918725,,0.0,120.0,1.0
164345,10501045,-74.039452989,4.79188315900001,KR 45-CL 215 2,2019,Octubre,28,lunes,8,20,Usaquén,Choque,Vehículo,,Solo Daños,0,0,0,0,0,0,0,1,0,0,1,0,0,0,0,0,0,0,0,0,0,0,35.0,0.019271527771652378,2139.139582653414,KR72,CL170;CL43AS,4.7881347000000005,-74.05835645,0.0,22.247405963916666,,0.0,120.0,0.0
164346,10501046,-74.071677047,4.72565549699999,AV AVENIDA BOYACA-CL 133 2,2019,Octubre,28,lunes,22,0,Suba,Choque,Vehículo,,Solo Daños,0,0,0,0,0,0,0,1,0,0,0,0,0,0,0,0,0,0,0,0,0,0,1000062.0,0.0059309788335861,658.3386505280571,KR15,CL92;CL94,4.7303056,-74.0679956,0.0,23.042059960333333,,0.0,120.0,0.0
164347,10501047,-74.034782353,4.82032205299998,AV AVENIDA PASEO DE LOS LIBERTADORES-CL 245 02,2019,Octubre,25,viernes,14,50,Usaquén,Choque,Vehículo,,Solo Daños,0,0,0,0,0,0,0,0,0,0,0,0,0,0,0,0,0,0,0,0,0,0,35.0,0.039896913947210254,4428.557448140338,KR72,CL170;CL43AS,4.7881347000000005,-74.05835645,0.0,19.907990337435894,,0.0,117.0,0.0
164348,10501048,-74.038183862,4.72503377499999,CL 145-KR 13 2,2019,Octubre,25,viernes,12,36,Usaquén,Choque,Objeto Fijo,Vehiculo,Solo Daños,0,0,0,0,0,0,0,0,0,0,0,0,0,0,0,0,0,0,0,0,0,0,1000051.0,0.008851688544489896,982.5374284383785,CL116,KR15;KR11,4.7180052,-74.0328032,0.0,16.0175735575,,0.0,124.0,0.0
164349,10501049,-74.042866545,4.70089258500002,KR 15-CL 124 2,2019,Octubre,28,lunes,19,55,Usaquén,Choque,Vehículo,,Solo Daños,0,0,0,0,0,0,0,0,0,1,0,0,0,0,0,0,0,0,0,0,0,1,1002018.0,0.004414441511344037,490.00300775918816,AUTONORTE,ALCALA;CL146,4.705305,-74.0427328,1.0,30.844604896666667,,0.0,117.0,1.0
164350,10501050,-74.137950762,4.63072230699998,AV AVENIDA BOYACA-CL 6 2,2019,Octubre,28,lunes,7,49,Kennedy,Choque,Vehículo,,Solo Daños,0,0,0,0,0,0,0,0,0,0,1,0,0,0,0,0,0,0,0,0,1,0,1000780.0,0.004506826789277927,500.2577736098499,CL6,KR42;KR36,4.62659345,-74.1361441,1.0,34.27590339390244,,0.0,123.0,1.0
164351,10501051,-74.125673062,4.695669076,CL 63-KR 104 02,2019,Octubre,25,viernes,21,15,Engativá,Choque,Vehículo,,Solo Daños,0,0,0,0,0,0,0,0,0,0,1,0,0,0,0,0,0,0,0,0,0,0,1000723.0,0.008414153612619142,933.9710510007247,KR86,CL10;AV.AMERICAS,4.6984233,-74.11772245,0.0,11.44416844525862,,0.0,116.0,0.0
164352,10501052,-74.144127108,4.61272102200002,CL 38-KR 72K S 2,2019,Octubre,26,sábado,9,31,Kennedy,Choque,Vehículo,,Solo Daños,0,0,0,0,0,0,0,0,0,0,0,0,0,0,0,0,0,0,0,0,0,0,90.0,0.007260719769864306,805.939894454938,CL24,KR86;AV.AMERICAS,4.61621555,-74.13776265,0.0,15.698197406048388,,0.0,124.0,0.0
164353,10501053,-74.096590851,4.71192015899999,CL 90-KR 89A 2,2019,Octubre,28,lunes,17,0,Engativá,Choque,Vehículo,,Solo Daños,0,0,0,0,0,0,0,0,0,0,0,0,0,0,0,0,0,0,0,0,0,0,1000300.0,0.0016144047547964429,179.19892778240515,CL6,KR19;KR27,4.713529149999999,-74.09645875000001,1.0,18.78981955,,0.0,120.0,1.0
164354,10501054,-74.148034477,4.623649769,KR 78-CL 35 S 2,2019,Octubre,26,sábado,20,49,Kennedy,Choque,Vehículo,,Solo Daños,0,0,0,0,0,0,0,0,0,0,0,0,0,0,0,0,0,0,0,0,0,0,1001031.0,0.0037873189710839615,420.39240579031974,KR72,CL43AS;KR69B,4.623493,-74.15181855,1.0,28.084972578928575,,0.0,112.0,1.0
164355,10501055,-74.099712881,4.579387849,KR 12D-CL 22 S 02,2019,Octubre,25,viernes,18,45,Rafael Uribe Uribe,Choque,Vehículo,,Solo Daños,0,0,0,0,0,0,0,0,0,0,0,0,0,0,0,0,0,0,0,0,0,0,1000045.0,0.0019349216145332034,214.77629921318558,KR11,C100;CL94,4.580720299999999,-74.09830984999999,1.0,14.574790947166667,,0.0,120.0,1.0
164356,10501056,-74.043405636,4.76778086100001,KR 45-CL 190 2,2019,Octubre,28,lunes,20,20,Usaquén,Choque,Vehículo,,Solo Daños,0,1,0,0,0,0,0,0,0,0,0,0,0,0,0,0,0,0,0,0,0,0,1000087.0,0.010141831553702572,1125.7433024609854,KR19,CL147;CL152,4.7597534,-74.04960375,0.0,13.909170058119658,,0.0,117.0,0.0
164357,10501057,-74.109014166,4.68974746700002,AV AVENIDA CIUDAD DE CALI-CL 66A 2,2019,Octubre,28,lunes,14,6,Engativá,Choque,Vehículo,,Solo Daños,0,1,0,0,0,0,0,0,0,0,1,0,1,0,0,1,0,0,0,0,0,0,1001872.0,0.004699727528170392,521.6697556269135,KR86,CL64BIS;CL66A,4.6942582,-74.1076948,1.0,15.058628829115044,,0.0,113.0,1.0
164358,10501058,-74.120326139,4.64854903999998,CL 19-KR 69 2,2019,Octubre,26,sábado,6,15,Fontibón,Choque,Vehículo,,Solo Daños,0,0,0,0,0,1,0,0,0,0,0,0,0,0,0,0,0,0,0,0,0,0,102.0,0.0015044869226301311,166.99804841194455,DIAG16,CL17;KR129,4.64725615,-74.1210955,1.0,22.168406634913794,,0.0,116.0,1.0
164359,10501059,-74.0619,4.64260000000002,KR 7-CL 56A 02,2019,Octubre,25,viernes,17,38,Chapinero,Choque,Vehículo,,Solo Daños,0,0,0,0,0,0,0,0,0,0,1,0,1,1,0,0,0,0,0,1,0,0,1000307.0,0.002048198867319766,227.35007427249403,KR10,CL24;CL19,4.6413462,-74.0635196,1.0,11.45629678252101,,0.0,119.0,1.0
164360,10501436,-74.17079093,4.59063969300001,CL 62A-KR 73 S 02,2019,Octubre,31,jueves,15,40,Ciudad Bolívar,Atropello,,,Con Heridos,0,0,0,0,1,0,1,0,0,0,1,0,0,0,0,0,0,0,0,0,0,0,1001946.0,0.008344805948847657,926.2734603220899,"AV.P.MAYO,CL26SUR",KR72;KR78K,4.5960945,-74.1644758,0.0,15.608764599663866,,0.0,119.0,0.0
164361,10501437,-74.082340064,4.73703550099998,AV AVENIDA SUBA-TR 86 02,2019,Octubre,30,miércoles,11,0,Suba,Choque,Vehículo,,Solo Daños,0,0,0,0,0,0,0,0,0,0,0,0,0,0,0,0,0,0,0,0,0,0,97.0,0.0013400207648683654,148.74230490038855,AV.CORDOBA,AV.SUBA;CL127,4.73683785,-74.0810147,1.0,19.41533608529412,,0.0,119.0,1.0
164362,10501438,-74.107917998,4.58099288,KR 19C-CL 27 S 2,2019,Octubre,30,miércoles,15,31,Rafael Uribe Uribe,Atropello,,,Con Heridos,0,0,0,0,0,0,1,0,0,0,0,0,0,0,0,0,0,0,0,0,0,0,1000314.0,0.003509808276346642,389.58871867447726,CL19,KR5;KR10,4.5844906000000005,-74.10762695,1.0,10.108445486666668,,0.0,123.0,1.0
164363,10501439,-74.0912894,4.75579383500002,KR 104-CL 154A 02,2019,Octubre,30,miércoles,7,16,Suba,Choque,Vehículo,,Solo Daños,0,0,0,0,0,0,0,0,0,0,1,0,0,0,0,0,0,0,0,0,1,0,1001055.0,0.009273067451346664,1029.3104870994798,KR68,AV.SUBA;KR64,4.753758749999999,-74.0822424,0.0,18.377824210243904,,0.0,123.0,0.0
164364,10501440,-74.1512,4.68380000000002,CL 26-KR 113 85,2019,Octubre,30,miércoles,19,0,Fontibón,Choque,Vehículo,,Solo Daños,0,0,0,0,0,0,0,1,0,1,0,0,0,0,0,0,0,0,0,0,0,1,95.0,0.006118467280691501,679.1498681567566,AV.SUBA,KR94;SAN.MARTIN,4.68681675,-74.15652305,0.0,28.118568883333335,,0.0,120.0,0.0
164365,10501441,-74.172771983,4.61597896799998,KR 80-CL 53 S 2,2019,Octubre,30,miércoles,13,31,Kennedy,Atropello,,,Con Heridos,0,0,0,0,0,1,1,0,0,0,0,0,0,0,0,0,0,0,0,0,0,0,149.0,0.014926572199676316,1656.849514164071,AV.CL59SUR,CL59SUR;KR81A,4.6025243,-74.1792353,0.0,25.57615745875,,0.0,8.0,0.0
164366,10501442,-74.118808383,4.74738905800001,CL 139-KR 147ABIS 02,2019,Octubre,30,miércoles,9,0,Suba,Choque,Vehículo,,Solo Daños,0,0,0,0,0,0,0,0,0,0,1,0,1,0,0,1,0,0,0,0,0,0,1000951.0,0.01913494361441736,2123.978741200327,AV.SUBA,CL127;HUMEDAL.CORDOBA,4.7388854,-74.1016668,0.0,27.65612551080645,,0.0,124.0,0.0
164367,10501443,-74.069819905,4.63803168099997,KR 17-CL 50 02,2019,Octubre,30,miércoles,11,30,Teusaquillo,Choque,Vehículo,,Solo Daños,0,0,0,0,0,0,0,0,0,1,1,0,1,0,0,1,0,0,0,0,0,1,13.0,0.0022618623587852167,251.06672182515905,CL92,KR7;KR19B,4.6373333,-74.07197124999999,1.0,12.29214335204918,,0.0,122.0,1.0
164368,10501444,-74.022426693,4.74113267199999,KR 7-CL 165 2,2019,Octubre,30,miércoles,18,45,Usaquén,Caida de ocupante,,,Con Heridos,0,0,0,0,0,0,0,0,0,0,1,0,1,0,0,1,0,0,0,0,0,0,1000081.0,0.010298590938118435,1143.1435941311463,KR19,CL116;CL127,4.7391552,-74.03253365,0.0,12.019118418666666,,0.0,120.0,0.0
164369,10501445,-74.136033667,4.65942091099998,CL 13-KR 86 02,2019,Octubre,30,miércoles,12,35,Fontibón,Choque,Vehículo,,Solo Daños,0,1,0,0,0,0,0,1,0,0,0,0,0,0,0,0,0,0,0,0,0,0,1001016.0,0.003973272060823122,441.0331987513665,KR72,CL127;CL75,4.6623088,-74.13330475000001,1.0,27.86710079895161,,0.0,124.0,1.0
164370,10501446,-74.181714548,4.591199921,CL 60A-KR 77C S 2,2019,Octubre,29,martes,14,5,Ciudad Bolívar,Choque,Objeto Fijo,Vehiculo,Solo Daños,0,1,0,0,0,0,0,0,0,0,0,0,0,0,0,0,0,0,0,0,0,0,149.0,0.011592593772798847,1286.777908780672,AV.CL59SUR,CL59SUR;KR81A,4.6025243,-74.1792353,0.0,25.22058833375,,0.0,8.0,0.0
164371,10501447,-74.09121385,4.57733974899998,CL 17-KR 8A S 02,2019,Octubre,30,miércoles,19,44,San Cristóbal,Choque,Vehículo,,Solo Daños,0,0,0,0,0,0,0,0,0,1,0,0,0,0,0,0,0,0,0,0,0,1,1000214.0,0.004268211277145953,473.7714517632008,KR5,CL34;CL27,4.57950665,-74.0948911,1.0,23.156077573416667,,0.0,120.0,1.0
164372,10501448,-74.081074371,4.59512095299999,KR 10-CL 6 02,2019,Octubre,30,miércoles,10,40,Candelaria,Choque,Vehículo,,Solo Daños,0,0,0,0,0,0,0,0,0,0,0,0,0,0,0,0,0,0,0,0,0,0,1000258.0,0.004101863233315629,455.3068188980348,CL32,KR7;AV.CARACAS,4.595026300000001,-74.0769736,1.0,15.33658267371901,,0.0,121.0,1.0
164373,10501449,-74.048630907,4.66305769100001,KR 7-CL 82 66,2019,Octubre,30,miércoles,19,30,Chapinero,Choque,Vehículo,,Solo Daños,0,0,0,0,0,0,0,0,0,0,0,0,0,0,0,0,0,0,0,0,0,0,1000986.0,0.00465733607628727,516.9643044678869,CL80,KR69H;KR58,4.6638357,-74.0532228,1.0,38.00264687330508,,0.0,118.0,1.0
164374,10501450,-74.052962172,4.70509837700001,KR 23-CL 124 87,2019,Octubre,30,miércoles,18,22,Usaquén,Choque,Vehículo,,Solo Daños,0,0,0,0,0,0,0,1,0,0,0,0,0,0,0,0,0,0,0,0,0,0,18.0,0.004374473097005588,485.5665137676202,CL85,KR15;KR7,4.7093504,-74.0519344,1.0,7.978353593166667,,0.0,120.0,1.0
164375,10501451,-74.124733852,4.64687945899999,CL 13-KR 69F 10,2019,Octubre,29,martes,19,45,Fontibón,Choque,Vehículo,,Solo Daños,0,0,0,0,0,0,0,0,0,0,0,0,0,0,0,0,0,0,0,0,0,0,1000774.0,0.002070852252270429,229.86460000201762,CL17,KR123;KR128,4.648816999999999,-74.12400285,1.0,14.558257260517241,,0.0,116.0,1.0
164376,10501452,-74.114489058,4.61554113699998,KR 50-CL 3 02,2019,Octubre,31,jueves,13,30,Puente Aranda,Choque,Vehículo,,Solo Daños,0,1,0,0,0,0,0,0,0,0,0,0,0,0,0,0,0,0,0,0,0,0,1000332.0,0.0033059199547897664,366.95711498166406,CL11SUR,KR7;KR10,4.6123352,-74.11529594999999,1.0,11.941202111370968,,0.0,124.0,1.0
164377,10501453,-74.067109235,4.67373033199999,KR 30-CL 80 02,2019,Octubre,30,miércoles,7,28,Barrios Unidos,Choque,Vehículo,,Solo Daños,0,0,0,0,0,0,0,0,0,0,0,0,0,0,0,0,0,0,0,0,0,0,1000339.0,0.003328360764336654,369.4480448413686,KR9,CL147;CL140,4.6704867,-74.06785545,1.0,14.951019817560976,,0.0,123.0,1.0
164378,10501454,-74.068237558,4.731061657,AV AVENIDA BOYACA-CL 140 02,2019,Octubre,31,jueves,10,35,Suba,Choque,Vehículo,,Solo Daños,0,0,0,0,0,0,0,0,0,0,1,0,0,0,0,0,0,0,0,0,0,0,1000062.0,0.000793829869061271,88.11511546580108,KR15,CL92;CL94,4.7303056,-74.0679956,1.0,12.02365410677686,,0.0,121.0,1.0
164379,10501455,-74.146206767,4.61432115600002,KR 72N-CL 38A S 02,2019,Octubre,30,miércoles,20,10,Kennedy,Choque,Vehículo,,Solo Daños,0,0,0,0,0,0,0,1,0,0,0,0,0,0,0,0,0,0,0,0,0,0,1000749.0,0.005530594348853225,613.8959727227079,KR68,CL3;CL21SUR,4.6131227,-74.15160595,0.0,24.02451872223214,,0.0,112.0,0.0
164380,10501457,-74.078013871,4.69218657800002,CL 97-KR 70 89,2019,Octubre,31,jueves,10,30,Suba,Choque,Vehículo,,Solo Daños,0,0,0,0,0,0,0,0,0,0,0,0,0,0,0,0,0,0,0,0,0,0,1000996.0,0.0031355637342800825,348.0475745050892,CL80,KR102;KR96,4.69436975,-74.0757632,1.0,15.658821856826924,,0.0,104.0,1.0
164381,10501458,-74.154101814,4.63207697199999,DG 2-KR 80 02,2019,Octubre,30,miércoles,18,30,Kennedy,Choque,Vehículo,,Solo Daños,0,0,0,0,0,0,0,0,0,0,1,0,1,0,1,0,0,0,0,0,0,0,148.0,0.005101707964291991,566.289584036411,AV.CL59SUR,KR81A;CL59SUR,4.6285372,-74.1577757,0.0,15.73757716625,,0.0,8.0,0.0
164382,10501459,-74.062308693,4.70394303500001,KR 53A-CL 121 10,2019,Octubre,31,jueves,13,0,Suba,Choque,Objeto Fijo,Tren,Solo Daños,0,1,0,0,0,0,0,0,0,0,0,0,0,0,0,0,0,0,0,0,0,0,88.0,0.004474380986727214,496.65628952672074,KR50,CL33SUR;CL5A,4.7005815,-74.0593557,1.0,19.789625598225808,,0.0,124.0,1.0
164390,10501833,-74.11178653,4.68148548800002,TR 85-CL 63 2,2019,Octubre,27,domingo,6,10,Engativá,Choque,Vehículo,,Solo Daños,0,0,0,0,0,0,0,0,0,0,1,0,1,0,0,1,0,0,0,0,0,0,1000227.0,0.004793122425480604,532.0365892283471,KR72,CL170;CL169,4.67854075,-74.1155684,1.0,26.101154309292035,,0.0,113.0,1.0
164405,10501848,-74.029154227,4.733259567,CL 156-KR 8 2,2019,Octubre,3,jueves,3,11,Usaquén,Choque,Vehículo,,Solo Daños,0,0,1,0,0,0,0,0,0,0,0,0,0,0,0,0,0,0,0,0,0,0,1000081.0,0.006795512363582596,754.3018723576682,KR19,CL116;CL127,4.7391552,-74.03253365,0.0,27.237997353247863,,0.0,117.0,0.0
164433,10502593,-74.07302341,4.61525701900001,AV AVENIDA CARACAS-CL 26 02,2019,Octubre,25,viernes,5,20,Los Mártires,Atropello,,,Con Heridos,0,0,0,0,0,1,1,0,0,0,0,0,0,0,0,0,0,0,0,0,0,0,1000020.0,0.0035199679847388358,390.71644630601077,KR7,CL79;CL76,4.618767350000001,-74.07328369999999,1.0,58.012838249375,,0.0,112.0,1.0
164580,10498681,-74.024165881,4.72955300500001,KR 7-CL 155 2,2019,Octubre,2,miércoles,11,13,Usaquén,Caida de ocupante,,,Con Heridos,0,0,0,0,0,0,0,0,0,0,1,0,0,0,0,0,0,0,0,0,0,0,1000081.0,0.012736628551356785,1413.765769200603,KR19,CL116;CL127,4.7391552,-74.03253365,0.0,14.481210207622953,,0.0,122.0,0.0
164581,10498682,-74.091128602,4.62016611799999,KR 33-CL 18 02,2019,Octubre,2,miércoles,9,20,Puente Aranda,Atropello,,,Con Heridos,1,0,0,0,0,0,1,1,0,0,0,0,0,0,0,0,0,0,0,0,0,0,89.0,0.0015471760427819758,171.7365407487993,CL24,AV.AMERICAS;KR60,4.62170175,-74.09131725,1.0,17.365350859,,0.0,120.0,1.0
164582,10498683,-74.044027174,4.669480502,AV AVENIDA CIRCUNVALAR-CL 88 02,2019,Octubre,2,miércoles,9,15,Chapinero,Volcamiento,,,Con Heridos,0,1,0,0,0,1,0,1,0,0,0,0,0,0,0,0,0,0,0,0,0,0,1000191.0,0.005166152377481434,573.4429139004392,KR9,CL161;CL147,4.67150165,-74.04878155,0.0,19.80429438564516,,0.0,124.0,0.0
164583,10498684,-74.075270338,4.63253808399998,AK 24-CL 42 05,2019,Octubre,2,miércoles,13,40,Teusaquillo,Atropello,,,Con Heridos,0,0,0,0,0,0,1,0,0,0,0,0,0,0,0,0,0,0,0,0,0,0,1000010.0,0.002865529986357881,318.0738284857248,KR7,CL112;CL116,4.63540275,-74.0753407,1.0,17.836623658141594,,0.0,113.0,1.0
164584,10498685,-74.091746078,4.64165432700003,KR 50-CL 26 2,2019,Octubre,1,martes,18,5,Teusaquillo,Choque,Vehículo,,Solo Daños,0,0,0,0,0,0,0,1,0,1,0,0,0,0,0,0,0,0,0,0,0,1,1002044.0,0.0021778238692621737,241.73844948810128,CL26,NORMANDIA;MODELIA,4.641110100000001,-74.08963735,1.0,36.09431054508333,,0.0,120.0,1.0
164585,10498686,-74.165957828,4.63216357699997,AV AVENIDA CIUDAD DE CALI-CL 40B S 02,2019,Octubre,2,miércoles,5,0,Kennedy,Atropello,,,Con Heridos,0,0,0,0,0,1,1,0,0,0,0,0,0,0,0,0,0,0,0,0,0,0,148.0,0.008949739032749243,993.421032635166,AV.CL59SUR,KR81A;CL59SUR,4.6285372,-74.1577757,0.0,18.701115115,,0.0,8.0,0.0
164586,10498687,-74.140375127,4.58217978699997,KR 33-CL 54 S 02,2019,Octubre,2,miércoles,9,40,Tunjuelito,Choque,Vehículo,,Con Heridos,0,0,0,0,0,1,0,1,0,1,0,0,0,0,0,0,0,0,0,0,0,1,56.0,0.008660520297922808,961.3177530694317,CL6,AV.CARACAS;KR42,4.574981,-74.13556034999999,0.0,19.852581587903227,,0.0,124.0,0.0
164587,10498688,-74.061293956,4.645435873,CL 7-KR 60 46,2019,Octubre,2,miércoles,10,20,Chapinero,Atropello,,,Con Heridos,0,0,0,0,0,0,1,0,0,0,0,0,0,0,0,0,0,0,0,0,0,0,1000307.0,0.004656062334386727,516.8229191169268,KR10,CL24;CL19,4.6413462,-74.0635196,1.0,11.851297828739495,,0.0,119.0,1.0
164588,10498689,-74.040927796,4.70386926600003,CL 127-KR 14 2,2019,Octubre,1,martes,9,5,Usaquén,Choque,Vehículo,,Solo Daños,0,0,0,0,0,0,0,0,0,0,0,0,0,0,0,0,0,0,0,0,0,0,1002018.0,0.00230637628297118,256.007767409801,AUTONORTE,ALCALA;CL146,4.705305,-74.0427328,1.0,46.655480347398374,,0.0,123.0,1.0
164589,10498690,-74.144812545,4.567961266,AV AVENIDA CIUDAD DE VILLAVICENCIO-KR 22B 02,2019,Octubre,1,martes,15,0,Ciudad Bolívar,Choque,Vehículo,,Solo Daños,0,0,0,0,0,0,0,0,0,0,0,0,0,0,0,0,0,0,0,0,0,0,56.0,0.011613775344340759,1289.1290632218243,CL6,AV.CARACAS;KR42,4.574981,-74.13556034999999,0.0,16.49193247096774,,0.0,124.0,0.0
164592,10498693,-74.126672451,4.64946395999999,AV AVENIDA BOYACA-CL 13 2,2019,Octubre,1,martes,8,0,Fontibón,Choque,Vehículo,,Solo Daños,0,0,0,0,0,0,0,0,0,0,1,0,1,0,0,1,0,0,0,0,0,0,1000775.0,0.0008839546521892049,98.11896639300174,CL17,KR128;KR123,4.65006275,-74.1260222,1.0,22.42711055466667,,0.0,120.0,1.0
164594,10498695,-74.129322265,4.62273337099998,CL 2-KR 69A 02,2019,Octubre,2,miércoles,5,59,Kennedy,Choque,Vehículo,,Solo Daños,0,0,0,0,0,0,0,0,0,0,1,0,0,0,0,0,0,0,0,0,0,0,1002293.0,0.0051654272383895306,573.3624234612379,CL53,KR72;CL63,4.62701775,-74.13220770000001,0.0,23.0124665578125,,0.0,32.0,0.0
164595,10498696,-74.061087837,4.68772109399998,CL 100-KR 49 41,2019,Octubre,2,miércoles,9,10,Barrios Unidos,Choque,Vehículo,,Solo Daños,0,1,0,0,0,0,0,1,0,0,0,0,0,0,0,0,0,0,0,0,0,0,1000773.0,0.002931199588720761,325.3631543480045,KR50,CL33SUR;CL16SUR,4.6906399,-74.0613571,1.0,21.546474965,,0.0,100.0,1.0
164597,10498698,-74.1573,4.61770000000001,KR 75-CL 41 S 29,2019,Octubre,2,miércoles,7,41,Kennedy,Choque,Vehículo,,Solo Daños,0,0,0,0,0,0,0,1,0,0,1,0,0,0,0,0,0,0,0,0,1,0,79.0,0.0066160405591262,734.3805020630082,AV.AMERICAS;KR80,KR86;CL55SUR,4.6222152,-74.1524642,0.0,16.187112254308943,,0.0,123.0,0.0
164598,10498699,-74.046188779,4.69757865100001,CL 116-KR 17 2,2019,Octubre,2,miércoles,6,2,Usaquén,Choque,Vehículo,,Solo Daños,0,0,0,0,0,0,0,0,0,0,1,0,0,0,0,0,0,0,0,0,1,0,1002017.0,0.008391468392636393,931.4529915826396,AUTONORTE,ALCALA;PRADO,4.6892508,-74.04515745,0.0,29.699388137058826,,0.0,34.0,0.0
164599,10498700,-74.165094004,4.587759328,KR 71F-CL 63A S 02,2019,Octubre,2,miércoles,9,5,Ciudad Bolívar,Atropello,,,Con Heridos,0,0,0,0,0,0,1,0,0,0,0,0,0,0,0,0,0,0,0,0,0,0,1001946.0,0.008358066071478524,927.7453339341162,"AV.P.MAYO,CL26SUR",KR72;KR78K,4.5960945,-74.1644758,0.0,17.9286002697561,,0.0,123.0,0.0
164600,10498701,-74.03218179,4.73293686,KR 9-CL 155 2,2019,Octubre,2,miércoles,9,34,Usaquén,Choque,Vehículo,,Solo Daños,0,0,0,0,0,0,0,0,0,1,0,0,0,0,0,0,0,0,0,0,0,1,1000081.0,0.006228286908549501,691.3398468489946,KR19,CL116;CL127,4.7391552,-74.03253365,0.0,19.2850238352459,,0.0,122.0,0.0
164601,10498702,-74.089112531,4.65993107200001,CL 63-KR 60 02,2019,Octubre,2,miércoles,19,10,Barrios Unidos,Choque,Vehículo,,Solo Daños,0,0,0,0,0,0,0,0,0,0,0,0,0,0,0,0,0,0,0,0,0,0,24.0,0.0014795857481854388,164.2340180485837,CL127,KR7;AV.BOYACA,4.66108545,-74.09003805,1.0,14.784377249916668,,0.0,120.0,1.0
164602,10498703,-74.145262035,4.67228604600001,CL 17-KR 99 02,2019,Octubre,2,miércoles,7,29,Fontibón,Choque,Vehículo,,Solo Daños,0,0,0,0,0,0,0,1,0,0,1,0,0,0,0,0,0,0,0,0,0,0,1001347.0,0.0040662609152731085,451.35496159531505,DIAG16,KR97;KR106,4.6757841,-74.14318885,1.0,21.634927444471547,,0.0,123.0,1.0
164603,10498704,-74.043504801,4.68255125399997,CL 100-KR 11 02,2019,Octubre,2,miércoles,16,14,Usaquén,Choque,Vehículo,,Solo Daños,0,0,0,0,0,0,0,0,0,0,1,0,1,0,0,1,0,0,0,0,0,0,1002017.0,0.0069003742886707175,765.9415460424497,AUTONORTE,ALCALA;PRADO,4.6892508,-74.04515745,0.0,47.731884700677966,,0.0,118.0,0.0
164604,10499075,-74.13842441,4.56405910799998,AV AVENIDA BOYACA-KR 19BBIS 02,2019,Octubre,5,sábado,17,2,Tunjuelito,Choque,Vehículo,,Con Heridos,0,0,0,0,0,1,0,0,0,0,0,0,0,0,0,0,0,0,0,0,0,0,56.0,0.011291171973880685,1253.3200891007561,CL6,AV.CARACAS;KR42,4.574981,-74.13556034999999,0.0,17.159014918083336,,0.0,120.0,0.0
164605,10499076,-74.155937626,4.64056466900001,AV AVENIDA CIUDAD DE CALI-AV AVENIDA DE LAS AMERICAS 2,2019,Octubre,7,lunes,11,30,Kennedy,Choque,Vehículo,,Con Heridos,1,0,0,0,0,1,0,0,0,0,0,0,0,0,0,0,0,0,0,0,0,0,148.0,0.012167108390069587,1350.5490312977242,AV.CL59SUR,KR81A;CL59SUR,4.6285372,-74.1577757,0.0,21.28936936375,,0.0,8.0,0.0
164606,10499077,-74.172188136,4.61642230299998,KR 80-CL 51B S 25,2019,Octubre,7,lunes,10,15,Kennedy,Choque,Vehículo,,Con Heridos,0,0,0,0,0,1,0,0,0,0,1,0,0,0,0,0,0,0,0,0,0,0,149.0,0.015582586686116673,1729.6671221589506,AV.CL59SUR,CL59SUR;KR81A,4.6025243,-74.1792353,0.0,22.540127291250002,,0.0,8.0,0.0
164607,10499078,-74.086350099,4.587222419,KR 10-CL 1C S 07,2019,Octubre,5,sábado,19,45,Antonio Nariño,Atropello,,,Con Heridos,0,0,0,0,0,0,1,1,0,0,0,0,0,0,0,0,0,0,0,0,0,0,104.0,0.004412133372656002,489.7468043648162,CL80,AV.CARACAS;KR119,4.5855397,-74.08227145000001,1.0,18.64468387575,,0.0,120.0,1.0
164608,10499079,-74.101188523,4.62446223000001,KR 43-CL 14 02,2019,Octubre,7,lunes,19,9,Puente Aranda,Caida de ocupante,,,Con Heridos,0,0,0,0,0,0,0,0,0,0,1,0,1,0,0,1,0,0,0,0,0,0,1000769.0,0.0018689824057717297,207.457047040662,NQS,KR67;KR62B,4.62567005,-74.1026148,1.0,29.412186938534482,,0.0,116.0,1.0
164609,10499080,-74.124700422,4.59389071700002,TR 35-AC 38B S 2,2019,Octubre,6,domingo,23,10,Puente Aranda,Choque,Vehículo,,Con Muertos,0,0,0,0,0,1,0,0,0,1,0,0,0,0,0,0,0,0,0,0,0,1,1000955.0,0.0041559191554947136,461.3070262599132,AV.P.MAYO,KR52A;KR69B,4.59631235,-74.1280779,1.0,36.95427597322034,,0.0,118.0,1.0
164610,10499081,-74.075576211,4.60391244200002,KR 10-CL 15 68,2019,Octubre,7,lunes,13,0,Santa Fe,Choque,Vehículo,,Solo Daños,1,0,0,0,0,0,0,0,0,0,1,0,1,1,0,0,0,0,0,1,0,0,1000653.0,0.0027098581007454136,300.79424918274094,AV.CIRCUNVALAR,KR7;CL83,4.6066223,-74.07557695,1.0,16.530962713306455,,0.0,124.0,1.0
164611,10499082,-74.06474336,4.649767408,KR 14-CL 63 2,2019,Octubre,6,domingo,20,15,Teusaquillo,Atropello,,,Con Heridos,0,0,0,0,0,0,1,0,0,0,0,0,0,0,0,0,0,0,0,0,0,0,1002025.0,0.002896748755741251,321.53911188727886,AUTONORTE,SANTA.FE;TOBERIN,4.64911745,-74.06756625,1.0,40.73539830858333,,0.0,120.0,1.0
164612,10499083,-74.14743462,4.56148673600001,KR 19G-CL 66 S 2,2019,Octubre,8,martes,0,10,Ciudad Bolívar,Choque,Objeto Fijo,Tren,Con Muertos,0,0,0,0,0,1,0,0,0,0,0,0,0,0,0,0,0,0,0,0,0,0,56.0,0.017974800386499512,1995.2028429014458,CL6,AV.CARACAS;KR42,4.574981,-74.13556034999999,0.0,35.55844571304348,,0.0,115.0,0.0
164613,10499084,-74.103099295,4.75038474799999,AV AVENIDA SUBA-KR 114B 02,2019,Octubre,7,lunes,7,10,Suba,Otro,,,Con Heridos,0,0,0,0,0,0,0,0,0,0,1,0,1,1,0,0,0,0,0,1,1,0,1001707.0,0.011365816080410132,1261.6055849255247,AV.SUBA,CL136;CL127,4.7425033,-74.09491,0.0,29.830035764705883,,0.0,119.0,0.0
164614,10499085,-74.106395978,4.598689374,KR 30-CL 1 2,2019,Octubre,6,domingo,18,53,Puente Aranda,Atropello,,,Con Heridos,0,0,0,0,0,1,1,0,0,0,0,0,0,0,0,0,0,0,0,0,0,0,1000039.0,0.004291502012993123,476.35672344223667,KR24,CL80;CL72,4.6020578,-74.1037369,1.0,22.468271398333332,,0.0,120.0,1.0
164615,10499086,-74.102265565,4.69160546099999,CL 71A-KR 80 02,2019,Octubre,5,sábado,13,1,Engativá,Choque,Vehículo,,Solo Daños,0,0,0,0,0,0,0,1,0,0,0,0,0,0,0,0,0,0,0,0,0,0,1000748.0,0.0020355649073826344,225.94770471947243,KR68,CL3;CL13,4.692486049999999,-74.1041008,1.0,22.491201167024794,,0.0,121.0,1.0
164616,10499087,-74.139603137,4.68166279100001,CL 23B-KR 103B 2,2019,Octubre,6,domingo,8,0,Fontibón,Atropello,,,Con Heridos,0,0,0,0,0,0,1,0,0,0,0,0,0,0,0,0,0,0,0,0,0,0,1001347.0,0.006885952773001525,764.3407578031693,DIAG16,KR97;KR106,4.6757841,-74.14318885,0.0,20.72448043798387,,0.0,124.0,0.0
164617,10499088,-74.075148913,4.66603662400001,KR 30-CL 71 2,2019,Octubre,7,lunes,17,0,Barrios Unidos,Otro,,,Con Heridos,0,0,0,0,0,0,0,1,0,0,1,0,1,1,0,0,0,1,0,0,0,0,1000201.0,0.0037122988212388228,412.06516915750933,KR7,CL175;CL170,4.6690147500000005,-74.0773652,1.0,22.62540245225,,0.0,120.0,1.0
164618,10499089,-74.090928126,4.62715370400002,CL 24-KR 36 02,2019,Octubre,5,sábado,19,50,Teusaquillo,Choque,Vehículo,,Solo Daños,0,1,0,0,0,0,0,0,0,1,0,0,0,0,0,0,0,0,0,0,0,1,48.0,0.0024075666354851466,267.23989653885127,CL53,KR7;KR68,4.6257944,-74.088941,1.0,13.159885200166666,,0.0,120.0,1.0
164619,10499091,-74.2050633,4.61341251099998,AV AVENIDA CIUDAD DE CALI-KR 81 2,2019,Octubre,6,domingo,16,35,Bosa,Choque,Objeto Fijo,Vehiculo,Con Heridos,0,0,0,0,0,0,1,0,0,0,0,1,0,0,0,0,0,0,0,0,0,0,75.0,0.005632520556164981,625.2097817343129,KR86,KR91;CL57BSUR,4.61896385,-74.20601615,0.0,15.772128514260869,,0.0,115.0,0.0
164620,10499092,-74.094078145,4.59179330400002,CL 3-KR 18 S 02,2019,Octubre,5,sábado,14,10,Antonio Nariño,Choque,Vehículo,,Solo Daños,0,1,0,0,0,0,0,0,0,1,0,0,0,0,0,0,0,0,0,0,0,1,1000259.0,0.00179226588253591,198.941512961486,CL32,AV.CARACAS;KR7,4.5900511,-74.0936575,1.0,14.45583221553719,,0.0,121.0,1.0
164622,10499094,-74.104168776,4.50516602800002,AV AVENIDA BOYACA-DG 87 S 2,2019,Octubre,6,domingo,10,55,Usme,Atropello,,,Con Heridos,0,0,0,0,1,0,1,0,0,0,0,0,0,0,0,0,0,0,0,0,0,0,1001959.0,0.02989475428780597,3318.3177259464624,"CL19,KR3",KR5;CL22,4.5343054,-74.1108466,0.0,13.028192303966943,,0.0,121.0,0.0
164623,10499095,-74.087886894,4.602502087,CL 8-KR 19 02,2019,Octubre,5,sábado,10,59,Los Mártires,Choque,Vehículo,,Solo Daños,0,1,0,0,0,0,0,0,0,0,0,0,0,0,0,0,0,0,0,0,0,0,1000056.0,0.0025180023427944847,279.4982600501878,KR11,CL106;CL116,4.60078815,-74.08973155,1.0,20.63505638892562,,0.0,121.0,1.0
164624,10499096,-74.106810725,4.657856391,CL 26-KR 69 2,2019,Octubre,4,viernes,14,50,Fontibón,Choque,Vehículo,,Solo Daños,0,0,0,0,0,0,0,0,0,0,1,0,0,0,0,0,0,0,0,0,1,0,72.0,0.00030925067519126413,34.32682494623032,CL76,KR7;KR15,4.6575472,-74.10680465,1.0,10.429047968145161,,0.0,124.0,1.0
164625,10499097,-74.13164836,4.60227817600003,KR 52C-CL 38 S 2,2019,Octubre,6,domingo,8,53,Puente Aranda,Choque,Vehículo,,Solo Daños,0,0,0,0,0,0,0,0,0,1,0,0,0,0,0,0,0,0,0,0,0,1,1001025.0,0.0027580992605729846,306.14901792360126,KR72,CL9;CL12,4.601936950000001,-74.12891145,1.0,12.653135471166667,,0.0,120.0,1.0
164626,10499098,-74.083321659,4.62411110300002,KR 30-CL 23BIS 02,2019,Octubre,5,sábado,8,0,Los Mártires,Choque,Vehículo,,Solo Daños,0,0,0,0,0,0,0,0,0,0,0,0,0,0,0,0,0,0,0,0,0,0,1001982.0,0.003907933967154674,433.78067035416876,NQS,CAD;AV.DORADO,4.6206293,-74.08509620000001,1.0,26.90064945282051,,0.0,39.0,1.0
164627,10499471,-74.069734599,4.61363198700002,KR 10-CL 27 24,2019,Octubre,9,miércoles,14,50,Santa Fe,Choque,Vehículo,,Con Heridos,0,0,0,0,0,1,0,0,0,1,0,0,0,0,0,0,0,0,0,0,0,1,68.0,0.0031603109277502837,350.79451298028147,AV.CIRCUNVALAR,KR7;CL51,4.61659485,-74.06863505,1.0,27.88362096653226,,0.0,124.0,1.0
164628,10499472,-74.187797145,4.62820652300002,CL 56G-KR 88F S 2,2019,Octubre,9,miércoles,6,10,Bosa,Choque,Vehículo,,Con Heridos,1,0,0,0,0,0,0,0,0,1,0,0,0,0,0,0,0,0,0,0,0,1,76.0,0.015975612362058217,1773.292972188462,KR86,CL57BSUR;KR91,4.616729,-74.1989096,0.0,16.89313483043011,,0.0,93.0,0.0
164629,10499473,-74.09141592,4.59829046900001,KR 19A-CL 4A 02,2019,Octubre,9,miércoles,14,57,Los Mártires,Choque,Vehículo,,Con Heridos,1,0,0,0,1,0,0,0,0,0,0,0,0,0,0,0,0,0,0,0,0,0,5.0,0.0014381649415191162,159.63630850862188,KR11,CL100;CL116,4.59918435,-74.09254254999999,1.0,14.842511748387096,,0.0,124.0,1.0
164630,10499474,-74.104403638,4.69838293100003,AV AVENIDA CIUDAD DE CALI-CL 74BIS 02,2019,Octubre,9,miércoles,18,7,Engativá,Choque,Vehículo,,Con Heridos,1,0,0,0,0,0,0,0,0,0,1,0,0,0,0,0,0,0,0,0,0,0,1000759.0,0.0007050399532995518,78.25943481625025,KR80,CL26SUR;CL38CSUR,4.69774235,-74.10469815,1.0,20.5000750805,,0.0,120.0,1.0
164631,10499475,-74.214100588,4.61422790699999,TR 80I-CL 92 S 2,2019,Octubre,10,jueves,2,30,Bosa,Atropello,,,Con Heridos,0,0,0,0,0,0,1,0,0,0,1,0,1,0,0,1,0,0,0,0,0,0,75.0,0.009369487385932225,1040.013099838477,KR86,KR91;CL57BSUR,4.61896385,-74.20601615,0.0,39.837214546000006,,0.0,120.0,0.0
164632,10499476,-74.049575247,4.73473234300002,CL 152-KR 45 2,2019,Octubre,8,martes,9,27,Suba,Choque,Vehículo,,Con Heridos,1,0,0,0,1,0,0,0,0,0,0,0,0,0,0,0,0,0,0,0,0,0,1000175.0,0.0051984574670794655,577.0287788458206,CL106,KR19;KR15,4.73962495,-74.05133205,0.0,14.798565793688525,,0.0,122.0,0.0
164633,10499477,-74.197823989,4.62487755900003,CL 70-KR 88H S 02,2019,Octubre,10,jueves,20,40,Bosa,Choque,Vehículo,,Con Heridos,0,0,0,0,0,1,0,0,0,0,0,0,0,0,0,0,0,0,0,0,0,0,76.0,0.008220557464081797,912.4818785130794,KR86,CL57BSUR;KR91,4.616729,-74.1989096,0.0,17.53496559352941,,0.0,119.0,0.0
164634,10499478,-74.058089393,4.65838230600002,CL 73-KR 11 2,2019,Octubre,10,jueves,19,50,Chapinero,Choque,Vehículo,,Con Heridos,1,0,0,0,0,0,0,1,0,1,0,0,0,0,0,0,0,0,0,0,0,1,1000096.0,0.004102878737439265,455.4195398557584,KR7,CL162;CL153,4.654590349999999,-74.05652265,1.0,24.930021971052632,,0.0,114.0,1.0
164635,10499479,-74.102681208,4.56693824500002,KR 10-CL 34 S 2,2019,Octubre,4,viernes,15,15,San Cristóbal,Atropello,,,Con Heridos,0,0,0,0,0,1,1,0,0,0,0,0,0,0,0,0,0,0,0,0,0,0,81.0,0.0061570378570148425,683.4312021286476,CL34;AV.AMERICAS,AV.CARACAS;KR86,4.5667841,-74.0965261,0.0,19.248584243658538,,0.0,123.0,0.0
164636,10499480,-74.060285825,4.721246576,CL 134-KR 54 2,2019,Octubre,10,jueves,0,20,Suba,Choque,Objeto Fijo,Inmueble,Con Heridos,0,0,0,0,0,0,0,0,0,0,0,0,0,0,0,0,0,0,0,0,0,0,1001953.0,0.003214011486211917,356.7552749695228,CL100,KR15;KR11,4.720507899999999,-74.05715785000001,1.0,34.93979767983333,,0.0,120.0,1.0
164637,10499481,-74.134363701,4.56861592400003,KR 19C-CL 55 S 2,2019,Octubre,9,miércoles,17,0,Tunjuelito,Atropello,,,Con Heridos,0,0,0,0,0,0,1,0,0,0,0,0,0,0,0,0,0,0,0,0,0,0,56.0,0.006476585621651721,718.9010040033411,CL6,AV.CARACAS;KR42,4.574981,-74.13556034999999,0.0,17.159014918083336,,0.0,120.0,0.0
164638,10499482,-74.120923489,4.54418370600001,KR 14-CL 56 S 02,2019,Octubre,10,jueves,11,10,Usme,Volcamiento,,,Con Heridos,0,0,0,0,0,1,0,0,0,0,0,0,0,0,0,0,0,0,0,0,0,0,39.0,0.011737811008214194,1302.8970219117755,AV.CARACAS,AV.P.MAYO;CL80,4.5552695,-74.11706585,0.0,15.755074245084744,,0.0,118.0,0.0
164639,10499483,-74.110124648,4.59095549199998,AV AVENIDA PRIMERA DE MAYO-KR 29 69,2019,Octubre,10,jueves,5,40,Antonio Nariño,Atropello,,,Con Heridos,0,0,0,0,0,0,1,0,0,0,0,0,0,0,0,0,0,0,0,0,1,0,1000977.0,0.005857725103491458,650.2074864875518,KR24,CL63;CL72,4.5923447500000005,-74.10443405000001,0.0,29.20706983606557,,0.0,122.0,0.0
164640,10499484,-74.177394157,4.59681784399999,CL 59-KR 77G S 31,2019,Octubre,9,miércoles,14,56,Bosa,Choque,Vehículo,,Con Heridos,0,0,0,0,0,1,0,0,0,0,0,0,0,0,0,0,0,0,0,0,0,0,149.0,0.00599611938061006,665.5692512477167,AV.CL59SUR,CL59SUR;KR81A,4.6025243,-74.1792353,0.0,25.22058833375,,0.0,8.0,0.0
164641,10499485,-74.141719418,4.53432606299998,CL 81-KR 17A S 35,2019,Octubre,10,jueves,8,30,Ciudad Bolívar,Choque,Objeto Fijo,Tren,Con Heridos,0,0,0,0,1,0,0,0,0,0,0,0,0,0,0,0,0,0,0,0,0,0,1001959.0,0.030872824914804652,3426.8835655433163,"CL19,KR3",KR5;CL22,4.5343054,-74.1108466,0.0,12.544707571935485,,0.0,124.0,0.0
164642,10499486,-74.129431419,4.64669767499998,AV AVENIDA BOYACA-CL 13 02,2019,Octubre,9,miércoles,15,50,Kennedy,Caida de ocupante,,,Con Heridos,0,0,0,0,0,0,0,1,0,0,1,0,1,0,0,1,0,0,0,0,0,0,1000995.0,0.002699085569059917,299.5984981656508,CL80,KR96;KR102,4.6449201,-74.1314625,1.0,16.84575421766355,,0.0,107.0,1.0
164643,10499487,-74.115036124,4.57677955899999,AV AVENIDA CARACAS-CL 33 S 2,2019,Octubre,10,jueves,7,50,Rafael Uribe Uribe,Atropello,,,Con Heridos,0,0,0,0,0,0,1,0,0,0,1,0,1,1,0,0,0,1,0,0,0,0,1000325.0,0.0020866805101155852,231.62153662282995,AV.CARACAS,AV.PRIMERO_MAYO;CL11SUR,4.57490245,-74.11594754999999,1.0,19.73102919598361,,0.0,122.0,1.0
164644,10499488,-74.164174667,4.59605767699998,AV AVENIDA DEL SUR-KR 71 75,2019,Octubre,10,jueves,6,30,Bosa,Atropello,,,Con Heridos,0,0,0,0,0,1,1,0,0,0,0,0,0,0,0,0,0,0,0,0,0,0,1001946.0,0.0003033760323826064,33.674739594469315,"AV.P.MAYO,CL26SUR",KR72;KR78K,4.5960945,-74.1644758,1.0,22.563132177413795,,0.0,116.0,1.0
164645,10499489,-74.079272412,4.64291999,CL 53-KR 30 02,2019,Octubre,9,miércoles,17,30,Teusaquillo,Atropello,,,Con Heridos,0,0,0,0,0,1,1,0,0,0,0,0,0,0,0,0,0,0,0,0,0,0,15.0,0.0024753821283645685,274.7674162484671,CL94,KR7;KR15,4.640764750000001,-74.07805485,1.0,11.349607739579831,,0.0,119.0,1.0
164647,10499491,-74.168898124,4.57288732299997,CL 76A-KR 69 S 02,2019,Octubre,9,miércoles,13,40,Ciudad Bolívar,Atropello,,,Con Heridos,0,0,0,0,0,1,1,0,0,0,0,0,0,0,0,0,0,0,0,0,0,0,1002276.0,0.014102536773443993,1565.3815818522833,AV.VILLAVICENCIO,CL57BSUR;AV.P.MAYO,4.5824943,-74.158574,0.0,22.92887216625,,0.0,8.0,0.0
164648,10499492,-74.07528696,4.58981217100001,CL 6-KR 24 2,2019,Octubre,9,miércoles,14,45,Los Mártires,Volcamiento,,,Con Heridos,0,0,0,0,0,1,0,0,0,0,0,0,0,0,0,0,0,0,0,0,0,0,1000258.0,0.005480136468935177,608.2951480518046,CL32,KR7;AV.CARACAS,4.595026300000001,-74.0769736,0.0,13.613821783360656,,0.0,122.0,0.0
164649,10499859,-74.113101397,4.64268178100002,CL 19-KR 68 02,2019,Octubre,13,domingo,11,36,Fontibón,Choque,Vehículo,,Solo Daños,0,0,0,0,0,1,0,0,0,0,0,0,0,0,0,0,0,0,0,0,0,0,1000029.0,0.00270463355981132,300.2143251390565,CL72,KR7;KR11,4.6439399,-74.11070720000001,1.0,10.961229127704918,,0.0,122.0,1.0
164650,10499860,-74.174788417,4.61454100600002,KR 80-CL 55 S 02,2019,Octubre,14,lunes,15,10,Kennedy,Choque,Vehículo,,Solo Daños,0,0,0,0,0,0,0,0,0,0,1,0,0,0,0,0,0,0,0,0,0,0,149.0,0.012813117946331849,1422.2560920428352,AV.CL59SUR,CL59SUR;KR81A,4.6025243,-74.1792353,0.0,19.109635897,,0.0,10.0,0.0
164651,10499861,-74.126417934,4.59441630800001,KR 50-CL 39A S 02,2019,Octubre,13,domingo,23,45,Puente Aranda,Choque,Vehículo,,Solo Daños,0,0,0,0,0,0,0,0,0,0,0,0,0,0,0,0,0,0,0,0,0,0,1000955.0,0.0025200123783131155,279.72137399275584,AV.P.MAYO,KR52A;KR69B,4.59631235,-74.1280779,1.0,36.95427597322034,,0.0,118.0,1.0
164652,10499862,-74.128283254,4.68699828199999,CL 26-KR 98 02,2019,Octubre,15,martes,8,0,Fontibón,Choque,Vehículo,,Solo Daños,0,0,0,0,0,0,0,1,0,0,0,0,0,0,0,0,0,0,0,0,0,0,1000238.0,0.008460855231278475,939.1549306719107,CL134,KR58;KR53,4.68384265,-74.1204329,0.0,26.16419921516129,,0.0,124.0,0.0
164653,10499863,-74.169061697,4.57724450000001,DG 75-KR 73B S 32,2019,Octubre,13,domingo,19,0,Ciudad Bolívar,Choque,Vehículo,,Solo Daños,0,0,0,0,0,0,0,0,0,1,1,0,0,0,0,0,0,0,0,0,0,1,1002276.0,0.011728264509455185,1301.8373605495256,AV.VILLAVICENCIO,CL57BSUR;AV.P.MAYO,4.5824943,-74.158574,0.0,25.366739581250002,,0.0,8.0,0.0
164654,10499864,-74.112279087,4.632455204,CL 13-KR 60 02,2019,Octubre,13,domingo,0,48,Puente Aranda,Choque,Vehículo,,Solo Daños,0,0,0,0,0,0,0,0,0,1,0,0,0,0,0,0,0,0,0,0,0,1,133.0,0.0034078867141396525,378.27542526950145,"AV.AMERICAS,KR50",KR62;CL5A,4.6297271,-74.11023675,1.0,38.440154037,,0.0,120.0,1.0
164655,10499865,-74.140375127,4.58217978699997,KR 33-CL 54 S 2,2019,Octubre,13,domingo,19,0,Tunjuelito,Choque,Vehículo,,Solo Daños,0,0,0,0,0,1,0,0,0,0,0,0,0,0,0,0,0,0,0,0,0,0,56.0,0.008660520297922808,961.3177530694317,CL6,AV.CARACAS;KR42,4.574981,-74.13556034999999,0.0,18.49958715025,,0.0,120.0,0.0
164656,10499866,-74.164143514,4.59604251899998,AV AVENIDA DEL SUR-KR 71 2,2019,Octubre,13,domingo,7,0,Bosa,Choque,Vehículo,,Solo Daños,0,0,0,0,0,0,0,0,0,0,1,0,0,0,0,0,0,0,0,0,1,0,1001946.0,0.00033632723672172147,37.33232327611108,"AV.P.MAYO,CL26SUR",KR72;KR78K,4.5960945,-74.1644758,1.0,20.633140718583334,,0.0,120.0,1.0
164657,10499867,-74.090815906,4.74209002200001,CL 145-KR 99 02,2019,Octubre,15,martes,19,20,Suba,Choque,Vehículo,,Solo Daños,0,0,0,0,0,0,0,0,0,1,0,0,0,0,0,0,0,0,0,0,1,1,1002030.0,0.0005033146602328928,55.8679272858511,AV.SUBA,21.ANGELES;CL136,4.742438,-74.09117954999999,1.0,44.70266751068965,,0.0,116.0,1.0
164658,10499868,-74.08471397,4.59720625199998,AV AVENIDA CARACAS-CL 6 02,2019,Octubre,13,domingo,1,55,Los Mártires,Choque,Vehículo,,Solo Daños,0,0,0,0,0,0,0,0,0,1,0,0,0,0,0,0,0,0,0,0,0,1,1000216.0,0.0021073653056074893,233.9175489224313,KR7,CL34;CL39,4.5992053,-74.08538089999999,1.0,41.49341355475,,0.0,120.0,1.0
164659,10499869,-74.12797924,4.66907360200003,AV AVENIDA CIUDAD DE CALI-CL 23 2,2019,Octubre,13,domingo,22,0,Fontibón,Choque,Vehículo,,Solo Daños,0,0,0,0,0,0,0,0,0,0,0,0,0,0,0,0,0,0,0,0,0,0,1000236.0,0.0018386627704795086,204.09156752322545,CL134,KR53;KR19,4.6700811,-74.1295173,1.0,30.061239325714283,,0.0,119.0,1.0
164660,10499870,-74.113808378,4.51484325500002,KR 10-CL 75 S 02,2019,Octubre,15,martes,18,0,Usme,Choque,Objeto Fijo,Muro,Solo Daños,0,0,0,0,0,0,0,0,0,0,0,0,0,0,0,0,0,0,0,0,0,0,1001959.0,0.019686218959503714,2185.170304504912,"CL19,KR3",KR5;CL22,4.5343054,-74.1108466,0.0,12.089763593965516,,0.0,116.0,0.0
164661,10499871,-74.076668368,4.71514820200002,AV AVENIDA BOYACA-CL 128 02,2019,Octubre,13,domingo,1,20,Suba,Choque,Vehículo,,Solo Daños,0,0,0,0,0,0,0,0,0,0,0,0,0,0,0,0,0,0,0,0,0,0,1002013.0,0.003568673513055968,396.1227599492124,AUTONORTE,CL127;PEPE.SIERRA,4.7124844,-74.07904314999999,1.0,59.83423557508333,,0.0,120.0,1.0
164662,10499872,-74.106810725,4.657856391,CL 26-KR 69 02,2019,Octubre,15,martes,9,51,Fontibón,Choque,Vehículo,,Solo Daños,0,1,0,0,0,0,0,0,0,0,0,0,0,0,0,0,0,0,0,0,0,0,72.0,0.00030925067519126413,34.32682494623032,CL76,KR7;KR15,4.6575472,-74.10680465,1.0,10.698580545564518,,0.0,124.0,1.0
164663,10499873,-74.052068322,4.66689711499998,KR 11-CL 84 2,2019,Octubre,13,domingo,21,54,Chapinero,Choque,Vehículo,,Solo Daños,0,0,0,0,0,0,0,0,0,0,0,0,0,0,0,0,0,0,0,0,0,0,1000986.0,0.0032718620469993115,363.1766872169236,CL80,KR69H;KR58,4.6638357,-74.0532228,1.0,40.769061098965516,,0.0,116.0,1.0
164664,10499874,-74.078232649,4.65305317399998,KR 30-CL 63A 02,2019,Octubre,13,domingo,7,45,Barrios Unidos,Choque,Vehículo,,Solo Daños,0,0,0,0,0,1,0,0,0,0,0,0,0,0,0,0,0,0,0,0,0,0,1000093.0,0.001060717807485518,117.73967663089249,KR7,CL147;CL153,4.6537385,-74.07742305,1.0,36.98137060873684,,0.0,95.0,1.0
164665,10499875,-74.056848745,4.68971576899997,AK 45-CL 103 2,2019,Octubre,13,domingo,18,33,Usaquén,Choque,Vehículo,,Solo Daños,0,0,0,0,0,0,0,0,0,0,0,0,0,0,0,0,0,0,0,0,0,0,1000773.0,0.00460209549132016,510.8325995365378,KR50,CL33SUR;CL16SUR,4.6906399,-74.0613571,1.0,24.561638838555552,,0.0,90.0,1.0
164666,10499876,-74.050498539,4.72490163600003,AK 45-CL 142 2,2019,Octubre,13,domingo,19,0,Usaquén,Choque,Vehículo,,Solo Daños,0,0,0,0,0,0,0,0,0,0,1,0,0,0,0,0,0,0,0,0,0,0,1002024.0,0.004174255027578189,463.342308061179,AUTONORTE,TOBERIN;SANTA.FE,4.7209002,-74.0516872,1.0,48.12729027222222,,0.0,117.0,1.0
164667,10499877,-74.075465286,4.71895380500001,AV AVENIDA BOYACA-KR 128B 02,2019,Octubre,13,domingo,5,48,Suba,Choque,Vehículo,,Solo Daños,0,0,1,0,0,1,0,0,0,0,0,0,0,0,0,0,0,0,0,0,0,0,1001047.0,0.004749189477934299,527.1600320507072,KR68,CL66;CL19,4.718268699999999,-74.0801648,1.0,43.43251799393443,,0.0,122.0,1.0
164668,10499878,-74.037987823,4.73860180100002,CL 160-KR 15 2,2019,Octubre,13,domingo,14,45,Usaquén,Choque,Vehículo,,Solo Daños,0,0,0,0,0,0,0,1,0,0,0,0,0,0,0,0,0,0,0,0,0,0,1000081.0,0.005482175988327594,608.5215347043629,KR19,CL116;CL127,4.7391552,-74.03253365,0.0,12.477997089596775,,0.0,124.0,0.0
164669,10499879,-74.059415689,4.707500616,CL 127-KR 51 02,2019,Octubre,14,lunes,15,10,Suba,Choque,Vehículo,,Solo Daños,0,0,0,0,0,0,0,0,0,0,0,0,0,0,0,0,0,0,0,0,0,0,1000970.0,0.0029390377937344205,326.2331951045207,CL34,KR19;AV.CARACAS,4.705220199999999,-74.0575616,1.0,10.124949274758064,,0.0,124.0,1.0
164670,10499880,-74.109848912,4.62739609900001,AV AVENIDA DE LAS AMERICAS-KR 53 2,2019,Octubre,13,domingo,13,0,Puente Aranda,Choque,Vehículo,,Solo Daños,0,0,1,0,0,0,0,0,0,0,0,0,0,0,0,0,0,0,0,0,0,0,133.0,0.0023630454875425136,262.298049117219,"AV.AMERICAS,KR50",KR62;CL5A,4.6297271,-74.11023675,1.0,24.746495514435487,,0.0,124.0,1.0
164671,10499881,-74.064989574,4.74720037600002,AV AVENIDA BOYACA-CL 163 02,2019,Octubre,15,martes,7,21,Suba,Choque,Vehículo,,Solo Daños,0,0,0,0,0,0,0,0,0,0,1,0,0,0,0,0,0,0,0,0,0,0,1000078.0,0.009815787316045347,1089.5523920810335,CL100,KR19;KR49,4.7416579,-74.0568883,0.0,29.203020251065574,,0.0,122.0,0.0
164672,10500254,-74.102169056,4.58702008099999,KR 24-CL 17 S 2,2019,Octubre,16,miércoles,18,30,Puente Aranda,Atropello,,,Con Heridos,0,0,0,0,0,1,1,0,0,0,0,0,0,0,0,0,0,0,0,0,0,0,1000286.0,0.0029877600456904192,331.6413650716365,AV.CARACAS,CL24;CL19,4.5897272000000005,-74.10090485,1.0,19.063263560869565,,0.0,115.0,1.0
164673,10500255,-74.094986284,4.66424327700003,KR 68-CL 53 02,2019,Octubre,19,sábado,3,48,Teusaquillo,Choque,Vehículo,,Con Heridos,0,0,0,0,0,0,0,0,0,0,0,0,0,0,0,0,0,0,0,0,0,0,69.0,0.0011730363427432148,130.20703404449685,AV.CIRCUNVALAR,CL51;KR7,4.66439345,-74.09382289999999,1.0,39.91902801408163,,0.0,49.0,1.0
164674,10500256,-74.071836055,4.65486614999998,KR 24-CL 63DBIS 2,2019,Octubre,19,sábado,10,45,Barrios Unidos,Atropello,,,Con Heridos,0,0,0,0,0,1,1,0,0,0,0,0,0,0,0,0,0,0,0,0,0,0,136.0,0.0025544808107705345,283.5473699955293,"KR50,CL13",CL17;KR56,4.6570739,-74.07312105,1.0,16.862955940416665,,0.0,96.0,1.0
164675,10500257,-74.121565923,4.55620503900002,CL 51-KR 7 S 48,2019,Octubre,17,jueves,4,20,Rafael Uribe Uribe,Otro,,,Con Heridos,0,0,0,0,0,0,1,0,0,0,0,0,0,0,0,0,0,0,0,0,0,0,39.0,0.0045962909205045695,510.1882921760072,AV.CARACAS,AV.P.MAYO;CL80,4.5552695,-74.11706585,1.0,30.982610973448274,,0.0,116.0,1.0
164676,10500258,-74.073371612,4.68851982899997,KR 68-CL 98 2,2019,Octubre,20,domingo,10,34,Barrios Unidos,Atropello,,,Con Heridos,0,0,0,0,0,1,1,1,0,0,0,0,0,0,0,0,0,0,0,0,0,0,1001209.0,0.001180765955533403,131.0650210642077,NQS,KR68;KR62B,4.688212200000001,-74.0745116,1.0,22.886618136548673,,0.0,113.0,1.0
164677,10500259,-74.135845195,4.54512927799999,AV AVENIDA BOYACA-CL 71BIS S 2,2019,Octubre,20,domingo,5,50,Ciudad Bolívar,Atropello,,,Con Heridos,0,0,0,0,0,1,1,0,0,0,0,0,0,0,0,0,0,0,0,0,0,0,39.0,0.021342162515510178,2368.98003922163,AV.CARACAS,AV.P.MAYO;CL80,4.5552695,-74.11706585,0.0,24.44125223672131,,0.0,122.0,0.0
164678,10500260,-74.043722853,4.72744536099998,CL 145A-KR 17 2,2019,Octubre,18,viernes,18,20,Usaquén,Atropello,,,Con Heridos,0,0,0,0,0,0,1,0,0,1,0,0,0,0,0,0,0,0,0,0,0,1,1001008.0,0.007949135434978005,882.3540332825585,CL63,KR72;KR77A,4.72933775,-74.05144345,0.0,12.123635334621849,,0.0,119.0,0.0
164679,10500261,-74.117077216,4.74784882799997,CL 142-KR 145 2,2019,Octubre,18,viernes,12,30,Suba,Atropello,,,Con Heridos,0,0,0,0,1,1,1,0,0,0,0,0,0,0,0,0,0,0,0,0,0,0,1000951.0,0.017827617978954425,1978.8655956639411,AV.SUBA,CL127;HUMEDAL.CORDOBA,4.7388854,-74.1016668,0.0,24.793995810327868,,0.0,122.0,0.0
164680,10500262,-74.172458911,4.61323136200002,AV AVENIDA PRIMERA DE MAYO-KR 79A 79,2019,Octubre,20,domingo,1,50,Kennedy,Choque,Objeto Fijo,Inmueble,Con Heridos,0,0,1,0,0,1,0,0,0,0,0,0,0,0,0,0,0,0,0,0,0,0,149.0,0.012671251893618637,1406.5089601916686,AV.CL59SUR,CL59SUR;KR81A,4.6025243,-74.1792353,0.0,38.8239366,,0.0,5.0,0.0
164681,10500263,-74.093146953,4.558458057,CL 36B-KR 3 SE 02,2019,Octubre,19,sábado,9,0,San Cristóbal,Volcamiento,,,Con Heridos,0,0,0,0,0,0,0,1,0,0,0,0,0,0,0,0,0,0,0,0,0,0,58.0,0.003936619402997656,436.9647537327398,CL13,AV.CARACAS;KR128,4.5547492,-74.09182735,1.0,21.54635352352459,,0.0,122.0,1.0
164682,10500264,-74.15286113,4.57354943799999,AV AVENIDA CUIDAD DE VILLAVICENCIO-KR 43 2,2019,Octubre,18,viernes,18,45,Ciudad Bolívar,Atropello,,,Con Muertos,0,0,0,0,0,1,1,1,0,0,0,0,0,0,0,0,0,0,0,0,0,0,1002276.0,0.010613549822565302,1178.1040303047484,AV.VILLAVICENCIO,CL57BSUR;AV.P.MAYO,4.5824943,-74.158574,0.0,21.56630625,,0.0,8.0,0.0
164683,10500265,-74.120285868,4.58795825099998,CL 35B-KR 26F S 2,2019,Octubre,20,domingo,22,40,Rafael Uribe Uribe,Atropello,,,Con Heridos,0,0,0,0,0,0,1,0,0,0,0,0,0,0,0,0,0,0,0,0,0,0,1000328.0,0.005732601875672335,636.3188081996292,AV.P.MAYO,AV.CARACAS;DIAG19SUR,4.5827155,-74.12260455,0.0,17.7168807959322,,0.0,118.0,0.0
164684,10500266,-74.082777363,4.59935124499998,AV AVENIDA CARACAS-CL 8 02,2019,Octubre,19,sábado,15,45,Santa Fe,Atropello,,,Con Heridos,0,0,0,0,0,0,1,0,0,0,1,0,1,1,0,0,0,1,0,0,0,0,1001993.0,0.001616978337081718,179.4845954160707,AUTONORTE,VIRREY;CL82,4.599906,-74.0842962,1.0,36.61102009967742,,0.0,124.0,1.0
164685,10500267,-74.17907745,4.59676062300002,CL 57R-KR 76 S 61,2019,Octubre,19,sábado,20,40,Bosa,Atropello,,,Con Heridos,0,0,0,0,0,0,1,1,0,0,0,0,0,0,0,0,0,0,0,0,0,0,149.0,0.005765838116232216,640.008030901776,AV.CL59SUR,CL59SUR;KR81A,4.6025243,-74.1792353,0.0,21.11411562375,,0.0,8.0,0.0
164686,10500268,-74.077938359,4.60043129000002,KR 10-CL 11 35,2019,Octubre,18,viernes,19,30,Santa Fe,Otro,,,Con Heridos,0,0,0,0,0,0,0,0,0,0,1,0,1,1,0,0,0,1,0,0,0,0,1000204.0,0.0026308796289175717,292.0276388098505,KR7,CL39;CL45,4.60029015,-74.08056545,1.0,20.630142885714285,,0.0,119.0,1.0
164687,10500269,-74.052864031,4.66214113799998,KR 9-CL 79 02,2019,Octubre,20,domingo,12,18,Chapinero,Atropello,,,Con Heridos,0,0,0,0,0,0,1,1,0,0,0,0,0,0,0,0,0,0,0,0,0,0,1000986.0,0.0017321245819144568,192.2658285925047,CL80,KR69H;KR58,4.6638357,-74.0532228,1.0,33.300779718842975,,0.0,121.0,1.0
164688,10500270,-74.081140367,4.627151357,KR 30-CL 24 02,2019,Octubre,19,sábado,1,30,Los Mártires,Atropello,,,Con Heridos,0,0,0,0,0,0,1,0,0,0,0,0,0,0,0,0,0,0,0,0,0,0,1002036.0,0.004039172699917379,448.3481696908291,CL26,GOBERNACION;KR40,4.629466150000001,-74.08445045,1.0,64.93514352330435,,0.0,115.0,1.0
164689,10500271,-74.073953882,4.64188168499999,KR 24-CL 53 2,2019,Octubre,18,viernes,18,15,Teusaquillo,Atropello,,,Con Heridos,0,0,0,0,0,1,1,0,0,0,0,0,0,0,0,0,0,0,0,0,0,0,1000661.0,0.004178451862187841,463.80815670285034,AV.CIRCUNVALAR,CL59;CL51,4.6451685000000005,-74.0713739,1.0,40.71999088717949,,0.0,117.0,1.0
164690,10500272,-74.151948924,4.67108987400002,AC 13-KR 104 2,2019,Octubre,20,domingo,21,10,Fontibón,Atropello,,,Con Heridos,0,0,0,0,0,1,1,0,0,0,0,0,0,0,0,0,0,0,0,0,0,0,1000982.0,0.009373126426502646,1040.4170333417937,DIAG16,KR123;KR106,4.67875865,-74.15733829999999,0.0,34.892264133865545,,0.0,119.0,0.0
164691,10500273,-74.104601962,4.61427800199999,AC 6-KR 38 2,2019,Octubre,19,sábado,21,20,Puente Aranda,Atropello,,,Con Muertos,0,0,0,0,0,0,1,0,0,0,0,0,0,0,0,0,0,0,0,0,0,0,1000026.0,0.002252614407862212,250.0401992727055,CL92,KR11;KR7,4.6126188,-74.10612555,1.0,33.74360495133333,,0.0,120.0,1.0
164692,10500274,-74.164879261,4.617814641,KR 79-CL 43 S 02,2019,Octubre,19,sábado,20,15,Kennedy,Atropello,,,Con Heridos,0,0,0,0,0,0,1,1,0,0,0,0,0,0,0,0,0,0,0,0,0,0,1001027.0,0.012035857327008103,1335.9801632978995,KR72,CL3;CL9,4.611398400000001,-74.15469625,0.0,19.781302792685185,,0.0,108.0,0.0
164693,10500275,-74.1388,4.64389999999997,TR 78D-CL 10B 2,2019,Octubre,20,domingo,10,0,Kennedy,Atropello,,,Con Heridos,0,0,0,0,0,1,1,1,0,0,0,0,0,0,0,0,0,0,0,0,0,0,1001945.0,0.0060431977967150986,670.794955435376,"KR78K,CL41SUR",CL26SUR;AV.P.MAYO,4.6477331,-74.134128,0.0,14.451599968347827,,0.0,115.0,0.0
164694,10500276,-74.04290813,4.74001142999998,AK 19-CL 160 02,2019,Octubre,19,sábado,13,0,Usaquén,Atropello,,,Con Heridos,0,0,0,0,0,1,1,1,0,0,0,0,0,0,0,0,0,0,0,0,0,0,1000175.0,0.008432780974077224,936.0386881225719,CL106,KR19;KR15,4.73962495,-74.05133205,0.0,14.06945636016129,,0.0,124.0,0.0
164695,10500277,-74.159039168,4.56861843799999,KR 42-CL 70 S 2,2019,Octubre,19,sábado,10,30,Ciudad Bolívar,Atropello,,,Con Heridos,0,0,0,0,1,0,1,0,0,0,1,0,1,0,1,0,0,0,0,0,0,0,1002276.0,0.013883656849387386,1541.085910282,AV.VILLAVICENCIO,CL57BSUR;AV.P.MAYO,4.5824943,-74.158574,0.0,24.2748104575,,0.0,8.0,0.0
164696,10500652,-74.06435405,4.708888731,CL 127-KR 54 2,2019,Octubre,22,martes,12,30,Suba,Choque,Vehículo,,Con Heridos,1,0,0,0,0,0,0,0,0,0,1,0,1,0,0,1,0,0,0,0,0,0,1000969.0,0.006921575610744748,768.294892792667,"CL34,AV.AMERICAS",KR19;KR28,4.706773350000001,-74.07094445000001,0.0,15.43043841782258,,0.0,124.0,0.0
164697,10500653,-74.0991318,4.74599514400001,CL 142-KR 108A 2,2019,Octubre,22,martes,11,40,Suba,Caida de ocupante,,,Con Heridos,0,0,0,0,1,0,0,0,0,0,1,0,0,0,0,0,0,0,0,0,0,0,1001707.0,0.005478737971501554,608.1399148366725,AV.SUBA,CL136;CL127,4.7425033,-74.09491,0.0,30.135843867833334,,0.0,120.0,0.0
164698,10500654,-74.152635102,4.636510327,KR 80G-CL 6 02,2019,Octubre,22,martes,19,41,Kennedy,Atropello,,,Con Heridos,0,0,0,0,0,0,1,0,0,0,0,0,0,0,0,0,0,0,0,0,0,0,148.0,0.009486648615591089,1053.017996330611,AV.CL59SUR,KR81A;CL59SUR,4.6285372,-74.1577757,0.0,20.931109706250002,,0.0,8.0,0.0
164699,10500655,-74.124156835,4.65155635100001,CL 19-KR 72 2,2019,Octubre,23,miércoles,19,15,Fontibón,Atropello,,,Con Heridos,0,0,0,0,0,1,1,0,0,0,0,0,0,0,0,0,0,0,0,0,0,0,1000775.0,0.0023896507130659783,265.2512291503236,CL17,KR128;KR123,4.65006275,-74.1260222,1.0,17.706845352155174,,0.0,116.0,1.0
164700,10500656,-74.060343329,4.66672007900002,KR 20-CL 79 56,2019,Octubre,22,martes,12,51,Chapinero,Atropello,,,Con Heridos,0,0,0,0,0,0,1,0,0,0,1,0,0,0,0,0,0,0,0,0,1,0,1000693.0,0.004909119470859851,544.9122612654435,CL13,KR56;KR65,4.6657333,-74.06515225000001,1.0,22.58505058632653,,0.0,98.0,1.0
164701,10500657,-74.114214313,4.61530423099998,CL 3-KR 50 02,2019,Octubre,23,miércoles,6,59,Puente Aranda,Atropello,,,Con Muertos,0,0,0,0,0,0,1,0,0,0,1,0,1,0,0,1,0,0,0,0,0,0,1000332.0,0.0031599183025160203,350.75093157927824,CL11SUR,KR7;KR10,4.6123352,-74.11529594999999,1.0,15.324050885811966,,0.0,117.0,1.0
164702,10500658,-74.075290925,4.60805290100001,CL 19-KR 13 2,2019,Octubre,22,martes,19,0,Santa Fe,Atropello,,,Con Heridos,0,0,0,0,0,0,1,0,0,0,1,0,1,0,0,1,0,0,0,0,0,0,1000653.0,0.0014589138157729536,161.93943355079784,AV.CIRCUNVALAR,KR7;CL83,4.6066223,-74.07557695,1.0,17.514913835333335,,0.0,120.0,1.0
164703,10500659,-74.177469122,4.64443480199998,CL 42F-KR 97 S 02,2019,Octubre,23,miércoles,10,20,Kennedy,Atropello,,,Con Heridos,0,0,0,0,1,1,1,0,0,0,0,0,0,0,0,0,0,0,0,0,0,0,1000981.0,0.005180071314635301,574.9879159245185,DIAG16,KR90;KR97,4.6495069,-74.176417,0.0,33.562399497190086,,0.0,121.0,0.0
164704,10500660,-74.037398782,4.760330684,KR 16-CL 183 2,2019,Octubre,23,miércoles,8,52,Usaquén,Atropello,,,Con Heridos,0,0,0,0,0,0,1,0,0,0,0,0,0,0,0,0,0,0,0,0,0,0,1000088.0,0.005448785118940134,604.8151482023549,KR19,CL159;CL152,4.7601672,-74.03195245,0.0,19.57342294201613,,0.0,124.0,0.0
164705,10500661,-74.035045166,4.699319323,KR 11A-CL 121 2,2019,Octubre,23,miércoles,11,30,Usaquén,Atropello,,,Con Heridos,0,0,0,0,0,1,1,0,0,0,0,0,0,0,0,0,0,0,0,0,0,0,1000184.0,0.0068406075602839254,759.3074391915158,KR15,CL94;CL100,4.704458949999999,-74.03053095,0.0,18.101672771393442,,0.0,122.0,0.0
164706,10500662,-74.120293976,4.70980311400001,KR 106-CL 75B 2,2019,Octubre,22,martes,11,10,Engativá,Atropello,,,Con Heridos,0,0,0,0,1,0,1,0,0,0,0,0,0,0,0,0,0,0,0,0,0,0,1000723.0,0.011666743874941769,1295.0085701185362,KR86,CL10;AV.AMERICAS,4.6984233,-74.11772245,0.0,10.834986115086206,,0.0,116.0,0.0
164707,10500663,-74.069079413,4.603575025,CL 19-KR 4 10,2019,Octubre,23,miércoles,20,46,Santa Fe,Atropello,,,Con Heridos,0,0,0,0,0,0,1,0,0,0,0,0,0,0,0,0,0,0,0,0,0,0,2.0,0.001712929701127205,190.13519682511978,KR7,CL32;CL188,4.60499885,-74.0700317,1.0,21.072387800094337,,0.0,106.0,1.0
164708,10500664,-74.194024369,4.60434439099998,CL 70D-KR 79 S 02,2019,Octubre,23,miércoles,16,20,Bosa,Choque,Vehículo,,Solo Daños,0,0,0,0,0,1,0,0,0,0,0,0,0,0,0,0,0,0,0,0,0,0,1002284.0,0.007747985441933646,860.0263840546347,KR86,TV79D;CL57BSUR,4.61096955,-74.19804165,0.0,23.34996685222222,,0.0,9.0,0.0
164709,10500665,-74.115622753,4.51186645400003,CL 76B-KR 14 S 43,2019,Octubre,22,martes,17,15,Usme,Atropello,,,Con Heridos,0,0,0,0,0,0,1,0,0,0,0,0,0,0,0,0,0,0,0,0,0,0,1001959.0,0.02294162014917279,2546.51983655818,"CL19,KR3",KR5;CL22,4.5343054,-74.1108466,0.0,11.716278939913044,,0.0,115.0,0.0
164710,10500666,-74.042561637,4.68231592500001,CL 100-KR 10 2,2019,Octubre,23,miércoles,18,30,Usaquén,Choque,Vehículo,,Solo Daños,0,0,0,0,0,0,0,0,0,0,0,0,0,0,0,0,0,0,0,0,0,0,1002017.0,0.007404777943763843,821.9303517577865,AUTONORTE,ALCALA;PRADO,4.6892508,-74.04515745,0.0,44.07265939016949,,0.0,118.0,0.0
164711,10500667,-74.062305988,4.60335309800001,AV AVENIDA CIRCUNVALAR-CL 22 02,2019,Octubre,23,miércoles,17,50,Santa Fe,Choque,Vehículo,,Solo Daños,0,0,0,0,0,0,0,0,0,0,1,0,0,0,0,0,0,0,0,0,0,0,2.0,0.007899058523162607,876.7954960710495,KR7,CL32;CL188,4.60499885,-74.0700317,0.0,18.052196917383178,,0.0,107.0,0.0
164712,10500668,-74.150620145,4.64564210399999,AV AVENIDA CIUDAD DE CALI-CL 8 2,2019,Octubre,23,miércoles,16,27,Kennedy,Choque,Vehículo,,Solo Daños,0,1,0,0,0,0,0,1,0,0,0,0,0,0,0,0,0,0,0,0,0,0,124.0,0.007081128745735649,786.005290776657,CL66A,KR86;KR72,4.652358850000001,-74.1528624,0.0,9.954209997282609,,0.0,92.0,0.0
164713,10500669,-74.144632415,4.61607965000002,KR 72N-CL 37 S 02,2019,Octubre,23,miércoles,17,0,Kennedy,Choque,Vehículo,,Solo Daños,0,0,0,0,0,0,0,1,0,0,1,0,0,0,0,0,0,0,0,0,1,0,90.0,0.00687110907825541,762.6931076863506,CL24,KR86;AV.AMERICAS,4.61621555,-74.13776265,0.0,18.2512843845,,0.0,120.0,0.0
164714,10500670,-74.097935713,4.63872580200001,KR 51-CL 24 15,2019,Octubre,23,miércoles,19,20,Teusaquillo,Choque,Vehículo,,Solo Daños,0,1,0,0,0,0,0,0,0,0,0,0,0,0,0,0,0,0,0,0,0,0,1002285.0,0.0005051486180984197,56.07149660892459,KR68SUR,KR51;CL38,4.6390051,-74.0975148,1.0,19.30088041625,,0.0,8.0,1.0
164715,10500671,-74.042857159,4.70427328099998,CL 127-KR 15 2,2019,Octubre,23,miércoles,15,43,Usaquén,Choque,Vehículo,,Solo Daños,0,0,0,0,0,0,0,1,0,0,0,0,0,0,0,0,0,0,0,0,0,0,1002018.0,0.0010391868243401078,115.34973750175196,AUTONORTE,ALCALA;CL146,4.705305,-74.0427328,1.0,34.517917139919355,,0.0,124.0,1.0
164716,10500672,-74.151840553,4.595685301,AV AVENIDA DEL SUR-KR 62F 02,2019,Octubre,23,miércoles,11,40,Bosa,Choque,Vehículo,,Solo Daños,0,1,0,0,0,0,0,1,0,0,0,0,0,0,0,0,0,0,0,0,0,0,1000750.0,0.007519646336031354,834.6807432994804,KR68,CL21SUR;CL3,4.5995431,-74.1582952,0.0,17.65468248352941,,0.0,119.0,0.0
164717,10500673,-74.122954516,4.641093727,CL 13-KR 68D 2,2019,Octubre,23,miércoles,13,54,Fontibón,Choque,Vehículo,,Solo Daños,0,0,0,0,0,0,0,0,0,0,0,0,0,0,0,0,0,0,0,0,0,0,1002297.0,0.004110499406766708,456.2654341511046,KR70C,CL63SUR;KR51,4.64263125,-74.11914239999999,1.0,23.27771987625,,0.0,8.0,1.0
164718,10500674,-74.055914087,4.69387615300002,AK 45-CL 106 2,2019,Octubre,23,miércoles,14,20,Usaquén,Choque,Vehículo,,Solo Daños,0,0,0,0,0,0,0,0,0,1,0,0,0,0,0,0,0,0,0,0,0,1,1002011.0,0.0032009618584488302,355.30676628782015,AUTONORTE,PEPE.SIERRA;CL100,4.697067349999999,-74.05566425,1.0,36.31844538951613,,0.0,124.0,1.0
164719,10500675,-74.148327092,4.685693335,KR 113A-CL 22F 02,2019,Octubre,23,miércoles,20,32,Fontibón,Choque,Vehículo,,Solo Daños,0,1,0,0,0,0,0,0,0,0,0,0,0,0,0,0,0,0,0,0,0,0,95.0,0.00827259262867561,918.2577817829928,AV.SUBA,KR94;SAN.MARTIN,4.68681675,-74.15652305,0.0,29.742962731416664,,0.0,120.0,0.0
164720,10501060,-74.075956115,4.71682386600003,AV AVENIDA BOYACA-CL 128A 59,2019,Octubre,28,lunes,22,15,Suba,Choque,Vehículo,,Solo Daños,0,0,0,0,0,0,0,0,0,0,0,0,0,0,0,0,0,0,0,0,0,0,1001047.0,0.004449783670783192,493.92598745693425,KR68,CL66;CL19,4.718268699999999,-74.0801648,1.0,34.57479426210084,,0.0,119.0,1.0
164721,10501061,-74.161255611,4.58850358400002,KR 70C-CL 63 S 2,2019,Octubre,26,sábado,22,20,Ciudad Bolívar,Choque,Vehículo,,Solo Daños,0,0,0,0,0,0,0,0,0,1,0,0,0,0,0,0,0,0,0,0,0,1,1002276.0,0.006580465921819149,730.4317173219256,AV.VILLAVICENCIO,CL57BSUR;AV.P.MAYO,4.5824943,-74.158574,0.0,30.2569251675,,0.0,8.0,0.0
164722,10501062,-74.043730413,4.67140234099998,KR 7-CL 92 02,2019,Octubre,25,viernes,14,55,Chapinero,Choque,Vehículo,,Solo Daños,0,0,0,0,0,0,0,0,0,0,0,0,0,0,0,0,0,0,0,0,0,0,1000191.0,0.005052113148990837,560.7845595379829,KR9,CL161;CL147,4.67150165,-74.04878155,0.0,25.263703253916667,,0.0,120.0,0.0
164723,10501063,-74.034086941,4.74874420499998,CL 170A-KR 13 2,2019,Octubre,28,lunes,17,15,Usaquén,Choque,Vehículo,,Solo Daños,0,0,0,0,0,0,0,0,0,0,1,0,0,0,0,0,0,0,0,0,0,0,1000081.0,0.009713996593591272,1078.2536218886312,KR19,CL116;CL127,4.7391552,-74.03253365,0.0,11.890928887916665,,0.0,120.0,0.0
164724,10501065,-74.068525725,4.72970660599998,KR 72-CL 138 2,2019,Octubre,28,lunes,12,27,Suba,Choque,Vehículo,,Solo Daños,0,0,0,0,0,0,0,1,0,0,0,0,0,0,0,0,0,0,0,0,0,0,1000062.0,0.0007998914474367062,88.7879506654744,KR15,CL92;CL94,4.7303056,-74.0679956,1.0,11.514729311693548,,0.0,124.0,1.0
164725,10501066,-74.144071205,4.63175442900001,CL 6A-KR 75 02,2019,Octubre,25,viernes,14,21,Kennedy,Choque,Vehículo,,Solo Daños,0,1,0,0,0,0,0,1,0,0,1,0,1,0,1,0,0,0,0,0,0,0,1000961.0,0.005011330899990297,556.257729898923,CL72,KR24;KR55,4.627228499999999,-74.1419196,0.0,17.295332684758062,,0.0,124.0,0.0
164726,10501067,-74.16374437,4.69001539700002,CL 17-KR 128 2,2019,Octubre,26,sábado,22,30,Fontibón,Choque,Vehículo,,Solo Daños,0,1,0,0,0,0,0,0,0,0,0,0,0,0,0,0,0,0,0,0,0,0,95.0,0.007898025397093075,876.6808190773313,AV.SUBA,KR94;SAN.MARTIN,4.68681675,-74.15652305,0.0,34.756268705000004,,0.0,120.0,0.0
164727,10501068,-74.124340332,4.65168472200003,AV AVENIDA BOYACA-CL 19 2,2019,Octubre,28,lunes,5,50,Fontibón,Choque,Vehículo,,Solo Daños,0,1,0,0,0,0,0,1,0,0,0,0,0,0,0,0,0,0,0,0,0,0,1000775.0,0.0023365515483884185,259.35722187111446,CL17,KR128;KR123,4.65006275,-74.1260222,1.0,24.448511165333333,,0.0,120.0,1.0
164728,10501069,-74.157957821,4.59442715199998,KR 67-CL 58 S 31,2019,Octubre,28,lunes,11,30,Ciudad Bolívar,Choque,Vehículo,,Solo Daños,0,0,0,0,0,0,0,0,0,0,0,0,0,0,0,0,0,0,0,0,0,0,1000750.0,0.005127060417875762,569.1037063842095,KR68,CL21SUR;CL3,4.5995431,-74.1582952,0.0,17.65468248352941,,0.0,119.0,0.0
164729,10501070,-74.08992547,4.60790908799999,CL 11-KR 24 02,2019,Octubre,25,viernes,13,10,Los Mártires,Choque,Vehículo,,Solo Daños,1,1,0,0,0,0,0,1,0,0,0,0,0,0,0,0,0,0,0,0,0,0,1000205.0,0.0016034803250366545,177.98631607906864,KR7,CL45;CL39,4.6091786500000005,-74.08894599999999,1.0,23.77201047409091,,0.0,110.0,1.0
164730,10501071,-74.121525439,4.55599893900001,CL 51-KR 7 S 2,2019,Octubre,28,lunes,18,0,Rafael Uribe Uribe,Choque,Vehículo,,Solo Daños,0,1,0,0,0,0,0,0,0,1,0,0,0,0,0,0,0,0,0,0,0,1,39.0,0.004518851104383789,501.5924725866006,AV.CARACAS,AV.P.MAYO;CL80,4.5552695,-74.11706585,1.0,15.82055370252174,,0.0,115.0,1.0
164731,10501072,-74.131686489,4.56897972600001,CL 53-KR 19B S 2,2019,Octubre,28,lunes,12,40,Tunjuelito,Choque,Vehículo,,Solo Daños,0,1,0,0,0,0,0,0,0,0,1,0,1,0,0,1,0,0,0,0,0,0,56.0,0.007142974777373062,792.8702002884098,CL6,AV.CARACAS;KR42,4.574981,-74.13556034999999,0.0,16.724644124919354,,0.0,124.0,0.0
164732,10501073,-74.057207825,4.75406811800002,AC 170-KR 57 2,2019,Octubre,26,sábado,10,0,Suba,Choque,Vehículo,,Solo Daños,0,0,0,0,0,0,0,0,0,0,0,0,0,0,0,0,0,0,0,0,0,0,51.0,0.00824912904236688,915.6533237027237,CL169B;CL170,AV.BOYACA;KR7,4.7608736,-74.06186975,0.0,27.790373329421485,,0.0,121.0,0.0
164733,10501074,-74.056781741,4.71131336899998,KR 49-CL 127C 02,2019,Octubre,25,viernes,16,0,Suba,Choque,Vehículo,,Solo Daños,0,0,0,0,0,0,0,0,0,0,0,0,0,0,0,0,0,0,0,0,0,0,16.0,0.004394379198204296,487.7760910006769,CL94,KR15;KR7,4.7156571,-74.057447,1.0,11.906915952,,0.0,120.0,1.0
164734,10501075,-74.152833694,4.57352930600001,CL 61-KR 43 S 2,2019,Octubre,28,lunes,20,50,Ciudad Bolívar,Volcamiento,,,Solo Daños,0,0,0,1,0,0,0,0,0,0,0,0,0,0,0,0,0,0,0,0,0,0,1002276.0,0.010645291465881333,1181.627352712828,AV.VILLAVICENCIO,CL57BSUR;AV.P.MAYO,4.5824943,-74.158574,0.0,25.68884895875,,0.0,8.0,0.0
164735,10501076,-74.068489925,4.69531751,CL 113-TR 60 2,2019,Octubre,26,sábado,8,24,Suba,Choque,Vehículo,,Solo Daños,0,0,0,0,0,0,0,0,0,0,0,0,0,0,0,0,0,0,0,0,0,0,1001831.0,0.002374034924704776,263.51787664223014,CL170,KR20;KR9,4.6937651,-74.07028604999999,1.0,25.01358462596774,,0.0,124.0,1.0
164736,10501077,-74.158224492,4.59631323100001,AV AVENIDA DEL SUR-KR 67 02,2019,Octubre,25,viernes,17,0,Bosa,Choque,Vehículo,,Solo Daños,0,1,0,0,0,0,0,0,0,0,0,0,0,0,0,0,0,0,0,0,0,0,1000750.0,0.0032306428738506443,358.6013589974215,KR68,CL21SUR;CL3,4.5995431,-74.1582952,1.0,9.762651453416668,,0.0,120.0,1.0
164737,10501078,-74.10968013,4.69406780999998,CL 69G-KR 88A 2,2019,Octubre,28,lunes,16,50,Engativá,Choque,Vehículo,,Solo Daños,0,0,0,0,0,0,0,0,0,0,0,0,0,0,0,0,0,0,0,0,0,0,1001872.0,0.001994438156723312,221.38263539628764,KR86,CL64BIS;CL66A,4.6942582,-74.1076948,1.0,18.900085056982757,,0.0,116.0,1.0
164738,10501079,-74.124492121,4.65189269899997,AV AVENIDA BOYACA-CL 19 2,2019,Octubre,28,lunes,5,15,Fontibón,Choque,Vehículo,,Solo Daños,0,0,0,0,0,0,0,0,0,0,1,0,1,0,0,1,0,0,0,0,0,0,1000775.0,0.0023853417131944627,264.7729301645854,CL17,KR128;KR123,4.65006275,-74.1260222,1.0,24.448511165333333,,0.0,120.0,1.0
164739,10501080,-74.062770075,4.68888283799998,KR 53-CL 100 2,2019,Octubre,26,sábado,19,48,Suba,Choque,Vehículo,,Solo Daños,0,0,0,0,0,0,0,1,0,0,0,0,0,0,0,0,0,0,0,0,0,0,1000773.0,0.002254720652888347,250.27399247060652,KR50,CL33SUR;CL16SUR,4.6906399,-74.0613571,1.0,27.05861083576087,,0.0,92.0,1.0
164740,10501081,-74.08592734,4.62124985000003,KR 30-CL 22 2,2019,Octubre,28,lunes,14,50,Los Mártires,Choque,Vehículo,,Solo Daños,0,0,0,0,0,0,0,0,0,0,0,0,0,0,0,0,0,0,0,0,0,0,1001982.0,0.0010372444273737084,115.13413143848163,NQS,CAD;AV.DORADO,4.6206293,-74.08509620000001,1.0,28.77012650489796,,0.0,98.0,1.0
164741,10501082,-74.116732718,4.66085362500002,AV AVENIDA BOYACA-CL 23D 2,2019,Octubre,28,lunes,12,55,Fontibón,Choque,Vehículo,,Solo Daños,0,0,0,0,0,0,0,0,0,0,0,0,0,0,0,0,0,0,0,0,0,0,61.0,0.004334834923632229,481.1666765231774,CL19,KR36;KR5,4.65795775,-74.11995834999999,1.0,11.87024884532258,,0.0,124.0,1.0
164742,10501083,-74.129291165,4.57782217900001,KR 24-CL 47B S 2,2019,Octubre,26,sábado,9,15,Tunjuelito,Choque,Vehículo,,Solo Daños,0,1,0,0,0,0,0,0,0,0,0,0,0,0,0,0,0,0,0,0,0,0,67.0,0.005190600694286489,576.1566770658002,CL11SUR,AV.CARACAS;KR6_ESTE,4.5782967,-74.12412230000001,0.0,17.40365543814516,,0.0,124.0,0.0
164743,10501084,-74.068660133,4.71844586600002,KR 58-CL 129 61,2019,Octubre,25,viernes,14,46,Suba,Choque,Vehículo,,Solo Daños,0,0,0,0,0,0,0,0,0,0,0,0,0,0,0,0,0,0,0,0,0,0,1000950.0,0.004380933050292972,486.2835685825199,AV.SUBA,CL116;HUMEDAL.CORDOBA,4.7209128,-74.0650398,1.0,31.954509284262294,,0.0,122.0,1.0
164744,10501085,-74.084164328,4.65367846599997,CL 63-KR 50 2,2019,Octubre,28,lunes,16,20,Barrios Unidos,Choque,Vehículo,,Solo Daños,0,0,0,0,0,0,0,0,0,0,0,0,0,0,0,0,0,0,0,0,0,0,1000662.0,0.0010508226929425517,116.64131891662325,AV.CIRCUNVALAR,CL51;CL59,4.654726650000001,-74.08423875,1.0,34.81324744141667,,0.0,120.0,1.0
164745,10501460,-74.162286371,4.59639102199998,AV AVENIDA CIUDAD DE VILLAVICENCIO-CL 57R S 02,2019,Octubre,30,miércoles,20,30,Bosa,Choque,Vehículo,,Solo Daños,0,0,0,0,0,0,0,0,0,0,1,0,1,0,0,1,0,0,0,0,0,0,1001946.0,0.0022094172631183426,245.24531620613604,"AV.P.MAYO,CL26SUR",KR72;KR78K,4.5960945,-74.1644758,1.0,15.363460149243696,,0.0,119.0,1.0
164746,10501461,-74.0963,4.69529999999997,KR 76-CL 77 02,2019,Octubre,31,jueves,17,40,Engativá,Choque,Vehículo,,Solo Daños,0,0,0,0,0,0,0,0,0,1,1,0,0,0,0,0,0,0,0,0,1,1,1000282.0,0.004928299616742543,547.0412574584223,CL170,KR58;AV.BOYACA,4.6924967,-74.09224664999999,1.0,21.52854741125,,0.0,120.0,1.0
164747,10501462,-74.109184012,4.66993653399999,CL 51-KR 72A 2,2019,Octubre,29,martes,11,20,Engativá,Choque,Vehículo,,Solo Daños,0,0,0,0,0,0,0,0,0,0,0,0,0,0,0,0,0,0,0,0,0,0,92.0,0.0013518081864401196,150.05070869485328,"KR50,TV42,TV39",CL6;CL19,4.6708416,-74.1081799,1.0,15.623392792601626,,0.0,123.0,1.0
164748,10501463,-74.105460294,4.60914659700001,KR 36-CL 4A 02,2019,Octubre,30,miércoles,6,10,Puente Aranda,Choque,Vehículo,,Solo Daños,0,0,0,0,0,0,0,0,0,0,0,0,0,0,0,0,0,0,0,0,0,0,1000185.0,0.00196405209383056,218.00978241519218,KR11,CL85;CL76,4.60870605,-74.1073743,1.0,19.923126885,,0.0,116.0,1.0
164750,10501465,-74.069819905,4.63803168099997,KR 17-CL 50 2,2019,Octubre,11,viernes,21,45,Teusaquillo,Choque,Vehículo,,Con Heridos,0,0,0,0,0,1,0,0,0,0,1,0,1,0,0,1,0,0,0,0,0,0,13.0,0.0022618623587852167,251.06672182515905,CL92,KR7;KR19B,4.6373333,-74.07197124999999,1.0,19.650147669833334,,0.0,120.0,1.0
164751,10501466,-74.103921929,4.75079690699999,CL 145-KR 114F 02,2019,Octubre,30,miércoles,22,0,Suba,Choque,Vehículo,,Solo Daños,0,0,0,0,0,1,0,0,0,0,0,0,0,0,0,0,0,0,0,0,0,0,1000951.0,0.012123102153220157,1345.6643390074375,AV.SUBA,CL127;HUMEDAL.CORDOBA,4.7388854,-74.1016668,0.0,43.02997801433333,,0.0,120.0,0.0
164752,10501467,-74.135417904,4.69303745799999,CL 26-KR 106 02,2019,Octubre,30,miércoles,23,14,Fontibón,Choque,Vehículo,,Solo Daños,0,0,0,0,0,0,0,0,0,0,0,0,0,0,0,0,0,0,0,0,1,0,1000238.0,0.017581093226434686,1951.50134813425,CL134,KR58;KR53,4.68384265,-74.1204329,0.0,38.887877957583335,,0.0,120.0,0.0
164753,10501468,-74.06710709,4.68959111999999,AC 100-KR 62 02,2019,Octubre,31,jueves,14,10,Barrios Unidos,Choque,Vehículo,,Solo Daños,0,0,0,0,0,0,0,1,0,0,0,0,0,0,0,0,0,0,0,0,0,0,1001831.0,0.005246703319427041,582.3840684564016,CL170,KR20;KR9,4.6937651,-74.07028604999999,0.0,24.32215892419355,,0.0,124.0,0.0
164754,10501469,-74.092645919,4.69081843800001,AV AVENIDA BOYACA-CL 75 02,2019,Octubre,30,miércoles,9,28,Engativá,Choque,Vehículo,,Solo Daños,0,0,0,0,0,1,0,0,0,0,0,0,0,0,0,0,0,0,0,0,0,0,1000282.0,0.001725102627377335,191.4863916388842,CL170,KR58;AV.BOYACA,4.6924967,-74.09224664999999,1.0,27.339369501583334,,0.0,120.0,1.0
164756,10501471,-74.049716162,4.70561857500002,KR 19A-CL 127 2,2019,Octubre,20,domingo,14,45,Usaquén,Choque,Vehículo,,Solo Daños,0,1,0,0,0,0,0,0,0,0,0,0,0,0,0,0,0,0,0,0,0,0,18.0,0.004341324412561884,481.8870097943691,CL85,KR15;KR7,4.7093504,-74.0519344,1.0,8.360649905887097,,0.0,124.0,1.0
164757,10501472,-74.057786898,4.68180393400002,KR 45-CL 94 02,2019,Octubre,30,miércoles,7,55,Chapinero,Choque,Vehículo,,Solo Daños,0,0,0,0,0,0,0,0,0,0,0,0,0,0,0,0,0,0,0,0,0,0,1000036.0,0.001375086291184352,152.63457832146307,AUTONORTE,CL82;CL80,4.6830666,-74.05833145,1.0,18.89284019981132,,0.0,106.0,1.0
164758,10501473,-74.088892069,4.695582038,AV AVENIDA BOYACA-CL 80 02,2019,Octubre,31,jueves,15,10,Engativá,Choque,Vehículo,,Solo Daños,0,1,0,0,0,0,0,0,0,0,1,0,1,0,0,1,0,0,0,0,0,0,1001000.0,0.0019004951521394467,210.9549618874786,CL80,KR119;KR112A,4.69445795,-74.08735965,1.0,26.847500066198347,,0.0,121.0,1.0
164759,10501474,-74.066255102,4.67271087400002,CL 80-KR 29 2,2019,Octubre,21,lunes,15,10,Barrios Unidos,Choque,Vehículo,,Solo Daños,0,0,0,0,0,0,0,0,0,0,0,0,0,0,0,0,0,0,0,0,0,0,1000339.0,0.0027400846161133364,304.14939238858034,KR9,CL147;CL140,4.6704867,-74.06785545,1.0,27.706425702249998,,0.0,120.0,1.0
164760,10501475,-74.103737796,4.69954813200002,KR 86-CL 75 02,2019,Octubre,31,jueves,4,7,Engativá,Choque,Vehículo,,Solo Daños,0,0,0,0,0,0,0,0,0,1,0,0,0,0,0,0,0,0,0,0,0,1,1000759.0,0.0020452697711818824,227.02494460118893,KR80,CL26SUR;CL38CSUR,4.69774235,-74.10469815,1.0,32.21335837747968,,0.0,123.0,1.0
164761,10501476,-74.164772769,4.69082110099998,CL 17-KR 129 02,2019,Octubre,31,jueves,15,20,Fontibón,Choque,Vehículo,,Solo Daños,0,1,0,0,0,0,0,0,0,0,1,0,0,0,0,0,0,0,0,0,0,0,95.0,0.00917020667759747,1017.8929412133191,AV.SUBA,KR94;SAN.MARTIN,4.68681675,-74.15652305,0.0,26.8226520825,,0.0,124.0,0.0
164762,10501477,-74.139547165,4.68527729800002,CL 23HBIS-KR 106 02,2019,Octubre,31,jueves,2,23,Fontibón,Choque,Objeto Fijo,Tren,Solo Daños,0,0,0,0,0,0,0,0,0,0,0,0,0,0,0,0,0,0,0,0,0,0,1001347.0,0.010167727273429626,1128.6177273506885,DIAG16,KR97;KR106,4.6757841,-74.14318885,0.0,45.920518668666666,,0.0,120.0,0.0
164763,10501478,-74.113586726,4.71155608599997,CL 80-KR 102 02,2019,Octubre,31,jueves,18,15,Engativá,Choque,Vehículo,,Solo Daños,0,0,0,0,0,0,0,0,0,0,0,0,0,0,0,0,0,0,0,0,0,0,1000723.0,0.013768597645557214,1528.3143386568509,KR86,CL10;AV.AMERICAS,4.6984233,-74.11772245,0.0,8.426682440083333,,0.0,120.0,0.0
164764,10501479,-74.082305878,4.652812337,CL 63-KR 45 02,2019,Octubre,31,jueves,12,36,Teusaquillo,Choque,Vehículo,,Solo Daños,0,0,0,0,0,1,0,1,0,0,0,0,0,0,0,0,0,0,0,0,0,0,1000662.0,0.0027204022552455276,301.96465033225354,AV.CIRCUNVALAR,CL51;CL59,4.654726650000001,-74.08423875,1.0,34.8200734833871,,0.0,124.0,1.0
164765,10501480,-74.05851149,4.65019788799998,KR 7-CL 66 42,2019,Octubre,31,jueves,11,50,Chapinero,Choque,Vehículo,,Solo Daños,0,0,0,0,0,0,0,1,0,1,0,0,0,0,0,0,0,0,0,0,0,1,1000096.0,0.0048217431461246695,535.2134892198383,KR7,CL162;CL153,4.654590349999999,-74.05652265,1.0,22.214175382931035,,0.0,116.0,1.0
164766,10501481,-74.169394678,4.69480585899998,CL 17-KR 137 2,2019,Octubre,25,viernes,11,30,Fontibón,Choque,Vehículo,,Solo Daños,0,0,0,0,0,0,0,0,0,0,0,0,0,0,0,0,0,0,0,0,0,0,95.0,0.015149411539195965,1681.5846808507522,AV.SUBA,KR94;SAN.MARTIN,4.68681675,-74.15652305,0.0,21.493794238166668,,0.0,120.0,0.0
164767,10501482,-74.044926681,4.68349893499999,CL 100-KR 11B 02,2019,Octubre,31,jueves,13,20,Usaquén,Choque,Vehículo,,Solo Daños,0,0,0,0,0,0,0,0,0,0,0,0,0,0,0,0,0,0,0,0,0,0,1002017.0,0.005756492448505787,638.9706617841424,AUTONORTE,ALCALA;PRADO,4.6892508,-74.04515745,0.0,45.50150296487805,,0.0,123.0,0.0
164768,10501483,-74.120284202,4.691832546,CL 63-KR 96 02,2019,Octubre,28,lunes,13,25,Engativá,Choque,Vehículo,,Solo Daños,0,0,0,0,0,0,0,0,0,0,0,0,0,0,0,0,0,0,0,0,0,0,1000723.0,0.00707111105824106,784.8933274647577,KR86,CL10;AV.AMERICAS,4.6984233,-74.11772245,0.0,10.086202700438596,,0.0,114.0,0.0
164769,10501484,-74.057713885,4.62304155200002,AV AVENIDA CIRCUNVALAR-KR 38 12,2019,Octubre,30,miércoles,16,50,Santa Fe,Choque,Vehículo,,Solo Daños,0,0,0,0,0,1,0,0,0,0,0,0,0,0,0,0,0,0,0,0,0,0,1000064.0,0.0034669616791032027,384.8327463804555,KR7,CL94;CL92,4.61959405,-74.0580807,1.0,28.831554092142856,,0.0,112.0,1.0
164788,10501869,-74.077074088,4.65181510299999,CL 63-KR 30 2,2019,Octubre,31,jueves,14,30,Barrios Unidos,Choque,Vehículo,,Solo Daños,0,1,0,0,0,0,0,0,0,0,1,0,0,0,0,0,0,0,0,0,1,0,1002294.0,0.0006716180785524725,74.54960671932444,CL53,CL63;KR72,4.6511753,-74.07727835,1.0,11.2775329021875,,0.0,32.0,1.0
164838,10502637,-74.057943235,4.645178665,CL 61-KR 3F 66,2019,Octubre,28,lunes,15,30,Chapinero,Choque,Objeto Fijo,Vehiculo,Solo Daños,0,0,0,0,0,0,0,0,0,0,0,0,0,0,0,0,0,0,0,0,0,0,1001932.0,0.0034138885471577288,378.9416287345079,"TV85,CL64BBIS",CL63;KR86,4.6444096,-74.0546171,1.0,19.117983490491802,,0.0,122.0,1.0
164965,10498705,-74.023618839,4.728111635,KR 6-CL 153A 02,2019,Octubre,2,miércoles,6,45,Usaquén,Choque,Vehículo,,Solo Daños,0,1,0,0,0,0,0,0,0,0,0,0,0,0,0,0,0,0,0,0,0,0,1000051.0,0.013656226249873147,1515.8411137359194,CL116,KR15;KR11,4.7180052,-74.0328032,0.0,22.311703538362067,,0.0,116.0,0.0
164966,10498706,-74.032456975,4.72394983800001,CL 146-KR 9 2,2019,Octubre,2,miércoles,13,50,Usaquén,Choque,Vehículo,,Solo Daños,0,0,0,0,0,0,0,0,0,1,1,0,1,0,0,1,0,0,0,0,0,1,1000051.0,0.005954711806778287,660.9730105523898,CL116,KR15;KR11,4.7180052,-74.0328032,0.0,16.110211348536584,,0.0,123.0,0.0
164967,10498707,-74.035484763,4.74094182800002,KR 14B-CL 163 02,2019,Octubre,2,miércoles,13,40,Usaquén,Incendio,,,Solo Daños,0,0,0,0,0,0,0,0,0,0,0,0,0,0,0,0,0,0,0,0,0,0,1000081.0,0.0034497981896326776,382.92759904922724,KR19,CL116;CL127,4.7391552,-74.03253365,1.0,13.165829779516129,,0.0,124.0,1.0
164968,10498708,-74.188688453,4.61800563999998,AV AVENIDA CIUDAD DE CALI-CL 62 S 2,2019,Octubre,2,miércoles,13,44,Bosa,Choque,Vehículo,,Solo Daños,0,0,0,0,0,0,0,0,0,0,0,0,0,0,0,0,0,0,0,0,0,0,76.0,0.01030056579441495,1143.3628031800595,KR86,CL57BSUR;KR91,4.616729,-74.1989096,0.0,14.799870586554622,,0.0,119.0,0.0
164969,10498709,-74.049067138,4.73749004199999,KR 45-CL 152 2,2019,Octubre,2,miércoles,21,51,Usaquén,Choque,Vehículo,,Solo Daños,0,0,0,0,0,0,0,0,0,1,0,0,0,0,0,0,0,0,0,0,0,1,1000175.0,0.0031125003672694738,345.4875407669116,CL106,KR19;KR15,4.73962495,-74.05133205,1.0,16.465776649579833,,0.0,119.0,1.0
164971,10498711,-74.058230688,4.70766729000002,CL 127-KR 50 02,2019,Octubre,2,miércoles,8,55,Suba,Choque,Vehículo,,Solo Daños,0,0,0,0,0,0,0,0,0,1,0,0,0,0,0,0,0,0,0,0,0,1,1000970.0,0.002536913128181476,281.59735722814384,CL34,KR19;AV.CARACAS,4.705220199999999,-74.0575616,1.0,10.351928503442622,,0.0,122.0,1.0
164972,10498712,-74.0657,4.62580000000003,KR 7-DG 39 2,2019,Octubre,2,miércoles,11,50,Chapinero,Choque,Vehículo,,Solo Daños,0,0,0,0,0,0,0,0,0,1,1,0,0,0,0,0,0,0,0,0,0,1,1002286.0,0.0020753695984005796,230.36602542246433,KR68SUR,CL38;KR51,4.6260131,-74.0677644,1.0,18.733159973333333,,0.0,12.0,1.0
164973,10498713,-74.0657,4.62580000000003,KR 7-CL 39 02,2019,Octubre,2,miércoles,15,40,Chapinero,Choque,Vehículo,,Solo Daños,0,0,0,0,0,1,0,0,0,0,0,0,0,0,0,0,0,0,0,0,0,0,1002286.0,0.0020753695984005796,230.36602542246433,KR68SUR,CL38;KR51,4.6260131,-74.0677644,1.0,17.2317352775,,0.0,12.0,1.0
164974,10498714,-74.100570031,4.63583918500001,KR 50-CL 22 2,2019,Octubre,2,miércoles,13,40,Teusaquillo,Choque,Vehículo,,Solo Daños,0,0,0,0,0,0,0,0,0,0,1,0,1,0,0,1,0,0,0,0,0,0,1002285.0,0.004399710700779632,488.3678877865391,KR68SUR,KR51;CL38,4.6390051,-74.0975148,1.0,18.967616910833332,,0.0,12.0,1.0
164975,10498715,-74.072931774,4.62801326300001,KR 19-CL 39 02,2019,Octubre,2,miércoles,15,30,Teusaquillo,Volcamiento,,,Con Heridos,0,0,0,0,0,1,0,0,0,0,0,0,0,0,0,0,0,0,0,0,0,0,1001832.0,0.0017663987766886676,196.0702642124421,CL170;CL169B,KR20;KR58,4.6265432,-74.0739111,1.0,30.951705627903227,,0.0,124.0,1.0
164976,10498716,-74.041910556,4.77722734399998,KR 45-CL 199 2,2019,Octubre,2,miércoles,17,15,Usaquén,Choque,Vehículo,,Solo Daños,0,0,0,0,0,1,0,0,0,0,0,0,0,0,0,0,0,0,0,0,0,0,1000087.0,0.01909251038590922,2119.2686528359236,KR19,CL147;CL152,4.7597534,-74.04960375,0.0,13.137001513050846,,0.0,118.0,0.0
164977,10498717,-74.145259784,4.59497236200002,AV AVENIDA BOYACA-CL 45A S 02,2019,Octubre,2,miércoles,14,0,Tunjuelito,Choque,Vehículo,,Solo Daños,0,0,0,0,0,0,0,0,0,0,1,0,0,0,0,0,0,0,0,0,0,0,1000297.0,0.0021425580377128343,237.8239421861246,CL1,KR21;AV.CARACAS,4.59354105,-74.14366545,1.0,20.064635945462182,,0.0,119.0,1.0
164978,10498718,-74.054900821,4.66012577800001,CL 76-KR 9 26,2019,Octubre,2,miércoles,7,25,Chapinero,Choque,Vehículo,,Solo Daños,0,0,0,0,0,1,0,0,0,0,0,0,0,0,0,0,0,0,0,0,0,0,141.0,0.0032321094346964407,358.7641472513049,AUTONORTE,CL80;SANTA.FE,4.6632782,-74.0556141,1.0,27.687989081271187,,0.0,118.0,1.0
164979,10498719,-74.095839158,4.56344798399999,KR 3-CL 31C S 2,2019,Octubre,2,miércoles,18,45,San Cristóbal,Choque,Vehículo,,Solo Daños,0,1,0,0,0,0,0,0,0,1,0,0,0,0,0,0,0,0,0,0,0,1,44.0,0.002726377449675526,302.62789691398336,CL26,AV.CARACAS;MODELIA,4.56249865,-74.0932834,1.0,26.719251884000002,,0.0,120.0,1.0
164980,10498720,-74.126512975,4.711893105,KR 110G-CL 72 02,2019,Octubre,2,miércoles,14,10,Engativá,Choque,Vehículo,,Solo Daños,0,0,0,0,0,0,0,0,0,0,0,0,0,0,0,0,0,0,0,0,0,0,103.0,0.007033485103179682,780.7168464529447,DIAG16,KR129;CL17,4.71384325,-74.1332707,0.0,22.15878106048387,,0.0,124.0,0.0
164981,10498721,-74.09235966,4.70375470099998,TR 76-DG 82G 2,2019,Octubre,2,miércoles,21,0,Engativá,Choque,Vehículo,,Solo Daños,1,0,0,0,0,0,0,0,0,0,0,0,0,0,0,0,0,0,0,0,0,0,1000230.0,0.005018041362617281,557.0025912505182,CL134,KR10;KR9,4.704652299999999,-74.08742255,0.0,22.003226921694917,,0.0,118.0,0.0
164982,10498722,-74.096342615,4.63857198199997,KR 50-CL 24BIS 50,2019,Octubre,2,miércoles,10,32,Teusaquillo,Choque,Vehículo,,Solo Daños,0,0,0,0,0,0,0,0,0,1,0,0,0,0,0,0,0,0,0,0,0,0,1002285.0,0.0012496434996344995,138.71042845942944,KR68SUR,KR51;CL38,4.6390051,-74.0975148,1.0,21.553733305833333,,0.0,12.0,1.0
164983,10498723,-74.145469252,4.56258076099999,CL 64-KR 20 S 02,2019,Octubre,2,miércoles,23,30,Ciudad Bolívar,Choque,Vehículo,,Solo Daños,0,0,0,0,0,0,0,0,0,1,0,0,0,0,0,0,0,0,0,0,0,1,56.0,0.015873004318751757,1761.903479381445,CL6,AV.CARACAS;KR42,4.574981,-74.13556034999999,0.0,32.13815471741667,,0.0,120.0,0.0
164984,10498724,-74.127121362,4.64991956799997,CL 13-KR 72 2,2019,Octubre,2,miércoles,18,30,Fontibón,Choque,Vehículo,,Solo Daños,0,0,0,0,0,0,0,0,0,0,0,0,0,0,0,0,0,0,0,0,0,0,1000775.0,0.0011084485497227469,123.0377890192249,CL17,KR128;KR123,4.65006275,-74.1260222,1.0,15.075840260172413,,0.0,116.0,1.0
164985,10498725,-74.17907745,4.59676062300002,CL 57R-KR 76 S 61,2019,Octubre,2,miércoles,17,0,Ciudad Bolívar,Choque,Vehículo,,Solo Daños,0,0,0,0,0,0,0,0,0,0,1,0,0,0,0,0,0,0,0,0,0,0,149.0,0.005765838116232216,640.008030901776,AV.CL59SUR,CL59SUR;KR81A,4.6025243,-74.1792353,0.0,20.5459671875,,0.0,8.0,0.0
164986,10498726,-74.117781464,4.68768300400001,CL 63-KR 90 02,2019,Octubre,2,miércoles,8,30,Engativá,Choque,Vehículo,,Solo Daños,0,0,0,0,0,1,0,0,0,0,0,0,0,0,0,0,0,0,0,0,0,0,1000238.0,0.0046667367300347335,518.0077770338554,CL134,KR58;KR53,4.68384265,-74.1204329,1.0,26.16419921516129,,0.0,124.0,1.0
164987,10498727,-74.07865941,4.644112162,KR 30-CL 53B 2,2019,Octubre,2,miércoles,22,30,Barrios Unidos,Choque,Objeto Fijo,Tren,Solo Daños,0,0,0,0,0,0,0,0,0,0,1,0,1,0,0,1,0,0,0,0,0,0,119.0,0.0026746198940636413,296.8828082410642,"TV25,DIAG53,KR24",CL57;CL45,4.64651115,-74.07747685000001,1.0,11.221398170250001,,0.0,120.0,1.0
164988,10498728,-74.11566506,4.67251712500001,CL 26-KR 75 02,2019,Octubre,2,miércoles,9,52,Fontibón,Choque,Vehículo,,Solo Daños,0,0,0,0,0,0,0,0,0,0,0,0,0,0,0,0,0,0,0,0,0,0,1000320.0,0.003621143082187314,401.94688212279186,KR72,CL169B;CL163,4.67551385,-74.11363225,1.0,22.945585565887097,,0.0,124.0,1.0
164989,10498729,-74.039834873,4.66825093699998,KR 3-CL 91 E 2,2019,Octubre,2,miércoles,23,20,Chapinero,Choque,Vehículo,,Solo Daños,0,0,0,0,0,0,0,0,0,0,1,0,1,0,0,1,0,0,0,0,0,0,1000191.0,0.009518937143966021,1056.6020229802284,KR9,CL161;CL147,4.67150165,-74.04878155,0.0,37.64619777,,0.0,120.0,0.0
164990,10499099,-74.143,4.63499999999999,KR 77-CL 7A 10,2019,Octubre,6,domingo,14,50,Kennedy,Choque,Vehículo,,Solo Daños,0,0,0,0,0,0,0,0,0,0,1,0,1,0,0,1,0,0,0,0,0,0,131.0,0.0034466443289213476,382.5775205102696,"KR78K,CL41SUR",CL26SUR;AV.P.MAYO,4.6381608,-74.14162569999999,1.0,12.718092348916667,,0.0,120.0,1.0
164991,10499100,-74.135417904,4.69303745799999,AC 26-KR 106 2,2019,Octubre,5,sábado,16,30,Fontibón,Choque,Vehículo,,Solo Daños,0,0,0,0,0,0,0,0,0,1,0,0,0,0,0,0,0,0,0,0,0,1,1000238.0,0.017581093226434686,1951.50134813425,CL134,KR58;KR53,4.68384265,-74.1204329,0.0,30.761138749,,0.0,120.0,0.0
164992,10499101,-74.071214812,4.72620098800002,AV AVENIDA BOYACA-CL 134 02,2019,Octubre,5,sábado,11,45,Suba,Choque,Vehículo,,Solo Daños,0,1,0,0,0,0,0,0,0,0,0,0,0,0,0,0,0,0,0,0,0,0,1000062.0,0.0052164322646101515,579.0239813717268,KR15,CL92;CL94,4.7303056,-74.0679956,0.0,11.844389871788618,,0.0,123.0,0.0
164993,10499102,-74.103298541,4.653672675,KR 68-CL 26 2,2019,Octubre,6,domingo,9,22,Teusaquillo,Choque,Vehículo,,Solo Daños,0,0,0,0,0,0,0,0,0,0,1,0,0,0,0,0,0,0,0,0,0,0,4.0,0.0005247437609897462,58.24655746986183,CL72,KR7;KR86,4.65391245,-74.10376529999999,1.0,15.131181304715447,,0.0,123.0,1.0
164994,10499103,-74.156474855,4.61879006100003,CL 41-TR 78B S 2,2019,Octubre,5,sábado,17,20,Kennedy,Choque,Vehículo,,Solo Daños,0,0,0,0,0,0,0,0,0,0,1,0,1,0,0,1,0,0,0,0,0,0,79.0,0.005274175831175893,585.4335172605241,AV.AMERICAS;KR80,KR86;CL55SUR,4.6222152,-74.1524642,0.0,13.060910196916666,,0.0,120.0,0.0
164995,10499104,-74.12511267,4.71524926199999,CL 75-KR 112A 02,2019,Octubre,5,sábado,9,54,Engativá,Choque,Vehículo,,Solo Daños,0,0,0,0,0,1,0,0,0,0,0,0,0,0,0,0,0,0,0,0,0,0,103.0,0.008278304368956402,918.8917849541606,DIAG16,KR129;CL17,4.71384325,-74.1332707,0.0,23.143750757580644,,0.0,124.0,0.0
164996,10499105,-74.177385531,4.59710610799999,AV AVENIDA DEL SUR-CL 59 2,2019,Octubre,6,domingo,1,10,Bosa,Choque,Vehículo,,Solo Daños,0,1,0,0,0,0,0,0,0,0,0,0,0,0,0,0,0,0,0,0,0,0,149.0,0.005725246711045599,635.5023849260615,AV.CL59SUR,CL59SUR;KR81A,4.6025243,-74.1792353,0.0,38.8239366,,0.0,5.0,0.0
164997,10499106,-74.118990181,4.52850624299998,KR 14-CL 67D S 2,2019,Octubre,6,domingo,9,40,Usme,Choque,Vehículo,,Solo Daños,0,0,0,0,0,0,0,0,0,0,1,0,1,1,0,0,0,0,0,1,0,0,1001959.0,0.009997406334365903,1109.7121031146153,"CL19,KR3",KR5;CL22,4.5343054,-74.1108466,0.0,13.472533129596775,,0.0,124.0,0.0
164998,10499107,-74.091914441,4.68441749499999,CL 72-KR 70 2,2019,Octubre,5,sábado,18,19,Engativá,Choque,Vehículo,,Solo Daños,0,0,1,0,0,0,0,0,0,1,0,0,0,0,0,0,0,0,0,0,0,1,1000999.0,0.00023923941753511884,26.555575346398193,CL80,KR112A;KR119,4.684189,-74.09184355,1.0,35.42798874864406,,0.0,118.0,1.0
164999,10499108,-74.04415481,4.73656212700001,CL 153-KR 19 39,2019,Octubre,5,sábado,19,20,Usaquén,Choque,Vehículo,,Solo Daños,0,0,0,0,0,1,0,0,0,0,0,0,0,0,0,0,0,0,0,0,0,0,1000175.0,0.0078034389051833105,866.1817184753475,CL106,KR19;KR15,4.73962495,-74.05133205,0.0,15.057900854369747,,0.0,119.0,0.0
165000,10499109,-74.081287218,4.589545574,CL 2-KR 7 80,2019,Octubre,6,domingo,17,30,Santa Fe,Choque,Vehículo,,Solo Daños,0,0,0,0,0,0,0,0,0,1,0,0,0,0,0,0,0,0,0,0,0,1,1001961.0,0.0009870418427887153,109.5616445495474,CL22,KR1;KR3,4.5900896,-74.08211080000001,1.0,12.48857365375,,0.0,120.0,1.0
165001,10499110,-74.043504801,4.68255125399997,CL 100-KR 11 02,2019,Octubre,5,sábado,9,55,Usaquén,Choque,Vehículo,,Solo Daños,0,0,0,0,0,0,0,0,0,0,0,0,0,0,0,0,0,0,0,0,0,0,1002017.0,0.0069003742886707175,765.9415460424497,AUTONORTE,ALCALA;PRADO,4.6892508,-74.04515745,0.0,34.59864603540322,,0.0,124.0,0.0
165002,10499111,-74.093886185,4.56670325200002,CL 28-KR 3 S 02,2019,Octubre,5,sábado,12,14,San Cristóbal,Choque,Vehículo,,Solo Daños,0,1,0,0,0,0,0,0,0,0,0,0,0,0,0,0,0,0,0,0,0,0,42.0,0.001486080044166092,164.95488490243622,CL39,AV.CARACAS;KR7,4.568182500000001,-74.09374385000001,1.0,9.101682757580646,,0.0,124.0,1.0
165003,10499112,-74.091319442,4.55924687700002,KR 3A-CL 31C ES 2,2019,Octubre,6,domingo,9,30,San Cristóbal,Choque,Vehículo,,Solo Daños,0,0,0,0,0,0,0,0,0,1,0,0,0,0,0,0,0,0,0,0,0,1,44.0,0.0037988364888715456,421.67085026474155,CL26,AV.CARACAS;MODELIA,4.56249865,-74.0932834,1.0,39.1663991757258,,0.0,124.0,1.0
165004,10499113,-74.090759847,4.57705248500002,CL 17-KR 8 S 2,2019,Octubre,5,sábado,6,30,San Cristóbal,Choque,Objeto Fijo,Muro,Solo Daños,0,0,0,0,0,0,0,0,0,1,0,0,0,0,0,0,0,0,0,0,0,1,1000214.0,0.004805223948694996,533.3798583051446,KR5,CL34;CL27,4.57950665,-74.0948911,1.0,27.829900327435897,,0.0,117.0,1.0
165005,10499114,-74.099788471,4.62636569900002,AV AVENIDA DE LAS AMERICAS-KR 43 02,2019,Octubre,5,sábado,15,30,Puente Aranda,Choque,Vehículo,,Solo Daños,0,0,0,0,0,0,0,0,0,0,0,0,0,0,0,0,0,0,0,0,0,0,1000680.0,0.002499781661950839,277.47576447654313,KR27,AV.P.MAYO;CL30S,4.6258809,-74.09733615,1.0,15.229258065294118,,0.0,85.0,1.0
165007,10499116,-74.1555,4.5652,TR 22-CL 69D S 2,2019,Octubre,5,sábado,14,1,Ciudad Bolívar,Volcamiento,,,Solo Daños,0,0,0,0,0,1,0,0,0,0,0,0,0,0,0,0,0,0,0,0,0,0,1002276.0,0.017565371857435178,1949.7562761753047,AV.VILLAVICENCIO,CL57BSUR;AV.P.MAYO,4.5824943,-74.158574,0.0,21.28040841875,,0.0,8.0,0.0
165008,10499117,-74.093441898,4.590031786,CL 4-KR 15 S 02,2019,Octubre,5,sábado,11,0,Antonio Nariño,Choque,Vehículo,,Solo Daños,0,0,0,0,0,0,0,0,0,1,0,0,0,0,0,0,0,0,0,0,0,1,1000259.0,0.00021646536213665955,24.02765519716921,CL32,AV.CARACAS;KR7,4.5900511,-74.0936575,1.0,15.483699342416665,,0.0,120.0,1.0
165009,10499118,-74.112380473,4.50480939599998,CL 91-KR 8C S 2,2019,Octubre,6,domingo,23,24,Usme,Choque,Vehículo,,Solo Daños,0,0,0,0,0,0,0,0,0,0,1,0,1,0,1,0,1,0,0,0,0,0,1001959.0,0.02953585987150728,3278.480445737308,"CL19,KR3",KR5;CL22,4.5343054,-74.1108466,0.0,21.796157668235292,,0.0,119.0,0.0
165010,10499119,-74.120141622,4.48436102599999,KR 14-CL 118 S 84,2019,Octubre,6,domingo,2,6,Usme,Choque,Objeto Fijo,Tren,Solo Daños,0,0,0,0,0,0,0,0,0,1,0,0,0,0,0,0,0,0,0,0,0,1,1001959.0,0.05080194807518098,5639.016236345089,"CL19,KR3",KR5;CL22,4.5343054,-74.1108466,0.0,31.988523753421052,,0.0,114.0,0.0
165011,10499120,-74.081466922,4.70170958300002,AV AVENIDA BOYACA-KR 116 2,2019,Octubre,5,sábado,9,55,Suba,Choque,Vehículo,,Solo Daños,0,0,0,0,0,0,0,0,0,1,0,0,0,0,0,0,0,0,0,0,0,1,1002014.0,0.005279383073028864,586.0115211062039,AUTONORTE,CL127;PRADO,4.6964302,-74.0814678,0.0,48.36975932,,0.0,121.0,0.0
165012,10499121,-74.044085215,4.76342028800002,KR 45-CL 187 02,2019,Octubre,5,sábado,8,0,Usaquén,Choque,Vehículo,,Solo Daños,0,0,0,0,0,0,0,0,0,1,0,0,0,0,0,0,0,0,0,0,0,1,1000087.0,0.006625729857985262,735.4560142363641,KR19,CL147;CL152,4.7597534,-74.04960375,0.0,18.901305023083335,,0.0,120.0,0.0
165013,10499493,-74.16399837,4.59604350400002,AV AVENIDA DEL SUR-CL 71 S 75,2019,Octubre,10,jueves,8,30,Bosa,Atropello,,,Con Heridos,1,0,0,0,0,0,0,0,0,0,0,0,0,0,0,0,0,0,0,0,0,0,1001946.0,0.0004801458079765718,53.29618468539947,"AV.P.MAYO,CL26SUR",KR72;KR78K,4.5960945,-74.1644758,1.0,19.582033917661292,,0.0,124.0,1.0
165014,10499494,-74.095052913,4.71568434199997,KR 91-CL 99 2,2019,Octubre,8,martes,19,10,Suba,Choque,Vehículo,,Con Heridos,1,0,0,0,0,0,0,0,0,0,0,0,0,0,0,0,0,0,0,0,0,0,1000300.0,0.002573175125662258,285.62243894851065,CL6,KR19;KR27,4.713529149999999,-74.09645875000001,1.0,21.281555461916664,,0.0,120.0,1.0
165015,10499495,-74.101569434,4.56812485500001,KR 10-CL 32 S 2,2019,Octubre,10,jueves,8,50,San Cristóbal,Caida de ocupante,,,Con Heridos,0,0,0,0,1,0,0,0,0,0,1,0,1,0,0,1,0,0,0,0,0,0,81.0,0.005218509538703201,579.2545587960552,CL34;AV.AMERICAS,AV.CARACAS;KR86,4.5667841,-74.0965261,0.0,26.14671785137097,,0.0,124.0,0.0
165016,10499496,-74.036716709,4.80795408799997,AV AVENIDA PASEO DE LOS LIBERTADORES-CL 233 02,2019,Octubre,10,jueves,9,30,Usaquén,Choque,Vehículo,,Solo Daños,0,1,0,0,0,0,0,0,0,0,0,0,0,0,0,0,0,0,0,0,0,0,35.0,0.029344275953590276,3257.2146308485208,KR72,CL170;CL43AS,4.7881347000000005,-74.05835645,0.0,21.03311526266667,,0.0,120.0,0.0
165017,10499497,-74.054870818,4.67830639499999,CL 93-KR 19 2,2019,Octubre,10,jueves,9,0,Chapinero,Choque,Vehículo,,Solo Daños,0,0,0,0,0,1,0,1,0,0,0,0,0,0,0,0,0,0,0,0,0,0,1.0,0.0013356549216285408,148.25769630076803,KR7,CL188;CL32,4.6793199,-74.05574075,1.0,16.110483181043477,,0.0,115.0,1.0
165018,10499498,-74.136707712,4.63665533900001,AV AVENIDA BOYACA-KR 8 S 02,2019,Octubre,10,jueves,5,0,Kennedy,Choque,Vehículo,,Solo Daños,0,0,0,0,1,0,0,0,0,0,1,0,0,0,0,0,0,0,0,0,1,0,131.0,0.005143249827737345,570.9007308788453,"KR78K,CL41SUR",CL26SUR;AV.P.MAYO,4.6381608,-74.14162569999999,0.0,20.927302245750003,,0.0,120.0,0.0
165019,10499499,-74.134888861,4.658020631,CL 13-KR 82 2,2019,Octubre,10,jueves,20,32,Fontibón,Choque,Vehículo,,Solo Daños,0,0,0,0,0,0,0,0,0,0,0,0,0,0,0,0,0,0,0,0,0,0,1001016.0,0.004571411273647631,507.426651374887,KR72,CL127;CL75,4.6623088,-74.13330475000001,1.0,33.10081240646552,,0.0,116.0,1.0
165020,10499500,-74.161085503,4.58858405299998,AV AVENIDA CIUDAD DE VILLAVICENCIO-TR 63 2,2019,Octubre,10,jueves,5,20,Ciudad Bolívar,Atropello,,,Con Heridos,0,0,0,0,0,1,1,0,0,0,0,0,0,0,0,0,0,0,0,0,0,0,1002276.0,0.006587316518868161,731.1921335943659,AV.VILLAVICENCIO,CL57BSUR;AV.P.MAYO,4.5824943,-74.158574,0.0,30.257437876250002,,0.0,8.0,0.0
165021,10499501,-74.030876624,4.73068600099998,CL 153-KR 8A 2,2019,Octubre,10,jueves,18,52,Usaquén,Choque,Vehículo,,Solo Daños,0,1,0,0,0,0,0,0,0,0,0,0,0,0,0,0,0,0,0,0,0,0,1000081.0,0.008629777915255158,957.9053485933225,KR19,CL116;CL127,4.7391552,-74.03253365,0.0,12.019118418666666,,0.0,120.0,0.0
165022,10499502,-74.037763905,4.801566337,KR 45-CL 224 02,2019,Octubre,10,jueves,6,46,Usaquén,Choque,Vehículo,,Solo Daños,0,0,0,0,0,0,0,0,0,0,0,0,0,0,0,0,0,0,0,0,0,0,35.0,0.02458580448300913,2729.0242976140134,KR72,CL170;CL43AS,4.7881347000000005,-74.05835645,0.0,27.612385319285714,,0.0,112.0,0.0
165023,10499503,-74.090288319,4.55715037800002,KR 5-CL 36B ES 2,2019,Octubre,10,jueves,18,41,San Cristóbal,Choque,Vehículo,,Solo Daños,0,1,0,0,0,0,0,0,0,0,0,0,0,0,0,0,0,0,0,0,0,0,58.0,0.0028520645516472514,316.5791652328449,CL13,AV.CARACAS;KR128,4.5547492,-74.09182735,1.0,15.301422454,,0.0,120.0,1.0
165024,10499504,-74.029064976,4.69636500199999,CL 120A-KR 5 2,2019,Octubre,10,jueves,14,12,Usaquén,Choque,Vehículo,,Solo Daños,0,0,0,0,0,0,0,0,0,0,0,0,0,0,0,0,0,0,0,0,0,0,1000184.0,0.008225635172771346,913.0455041776194,KR15,CL94;CL100,4.704458949999999,-74.03053095,0.0,18.525435596370965,,0.0,124.0,0.0
165025,10499505,-74.129051653,4.651907757,CL 13-KR 75 2,2019,Octubre,10,jueves,8,20,Fontibón,Choque,Vehículo,,Solo Daños,0,1,0,0,0,0,0,0,0,0,0,0,0,0,0,0,0,0,0,0,0,0,1000775.0,0.003547060234803186,393.72368606315365,CL17,KR128;KR123,4.65006275,-74.1260222,1.0,22.42711055466667,,0.0,120.0,1.0
165026,10499506,-74.104752743,4.70292332100001,CL 76A-KR 89A 2,2019,Octubre,10,jueves,18,5,Engativá,Choque,Vehículo,,Solo Daños,0,0,0,0,0,0,0,0,0,0,0,0,0,0,0,0,0,0,0,0,0,0,1000759.0,0.0051812586210869946,575.1197069406564,KR80,CL26SUR;CL38CSUR,4.69774235,-74.10469815,0.0,20.5000750805,,0.0,120.0,0.0
165027,10499507,-74.127402862,4.66952648199998,AV AVENIDA CIUDAD DE CALI-CL 23ABIS 02,2019,Octubre,10,jueves,18,37,Fontibón,Choque,Vehículo,,Solo Daños,0,1,0,0,0,0,0,0,0,0,0,0,0,0,0,0,0,0,0,0,0,0,3.0,0.001959896320833479,217.5484916125162,CL72,KR65;KR7,4.669261949999999,-74.12546090000001,1.0,14.385033396166667,,0.0,120.0,1.0
165028,10499508,-74.054238636,4.653307611,CL 71-KR 5 2,2019,Octubre,11,viernes,2,50,Chapinero,Choque,Objeto Fijo,Vehiculo,Solo Daños,0,0,0,0,0,0,0,0,0,0,0,0,0,0,0,0,0,0,0,0,0,0,1000096.0,0.0026195685320998608,290.77210706308455,KR7,CL162;CL153,4.654590349999999,-74.05652265,1.0,40.08270878783784,,0.0,111.0,1.0
165029,10499509,-74.078837272,4.62500143900002,CL 36-KR 29 2,2019,Octubre,9,miércoles,19,0,Teusaquillo,Choque,Vehículo,,Solo Daños,0,0,0,0,0,0,0,0,0,0,0,0,0,0,0,0,0,0,0,0,0,0,1002037.0,0.0022073610002004748,245.0170710222527,CL26,CAN;KR66A,4.625352149999999,-74.07665795,1.0,26.508762161,,0.0,120.0,1.0
165030,10499510,-74.123859262,4.647679412,KR 69F-CL 17A 02,2019,Octubre,10,jueves,6,35,Fontibón,Choque,Vehículo,,Solo Daños,0,1,0,0,0,0,0,0,0,0,1,0,1,0,0,1,0,0,0,0,0,0,1000774.0,0.0011466141336506767,127.27416883522511,CL17,KR123;KR128,4.648816999999999,-74.12400285,1.0,17.249916469827586,,0.0,116.0,1.0
165031,10499511,-74.0370994,4.80969009900002,AK 45-CL 235 2,2019,Octubre,10,jueves,11,0,Usaquén,Choque,Objeto Fijo,Semoviente,Solo Daños,0,0,0,0,0,0,0,0,0,0,0,0,0,0,0,0,0,0,0,0,0,0,35.0,0.030273708077351084,3360.3815965859703,KR72,CL170;CL43AS,4.7881347000000005,-74.05835645,0.0,19.61687591219298,,0.0,114.0,0.0
165032,10499512,-74.199764182,4.60001721700002,CL 74-KR 77G S 22,2019,Octubre,10,jueves,14,30,Bosa,Choque,Objeto Fijo,Tren,Solo Daños,0,1,0,0,0,0,0,0,0,0,0,0,0,0,0,0,0,0,0,0,0,0,1002284.0,0.011086961469829555,1230.6527231510806,KR86,TV79D;CL57BSUR,4.61096955,-74.19804165,0.0,24.23728020875,,0.0,8.0,0.0
165033,10499513,-74.106810725,4.657856391,AC 26-KR 69 02,2019,Octubre,10,jueves,15,20,Fontibón,Choque,Vehículo,,Solo Daños,0,0,0,0,0,0,0,1,0,0,0,0,0,0,0,0,0,0,0,0,0,0,72.0,0.00030925067519126413,34.32682494623032,CL76,KR7;KR15,4.6575472,-74.10680465,1.0,10.660034105483872,,0.0,124.0,1.0
165034,10499514,-74.057851412,4.64749105599998,CL 64-KR 4 58,2019,Octubre,10,jueves,13,30,Chapinero,Choque,Objeto Fijo,Semaforo,Solo Daños,0,0,0,0,0,0,0,0,0,0,0,0,0,0,0,0,0,0,0,0,0,0,1001932.0,0.004467230147773801,495.8625464028919,"TV85,CL64BBIS",CL63;KR86,4.6444096,-74.0546171,1.0,18.20225303723577,,0.0,123.0,1.0
165035,10499882,-74.1638,4.59370000000001,KR 71-CL 58A S 2,2019,Octubre,13,domingo,17,10,Ciudad Bolívar,Choque,Vehículo,,Solo Daños,0,0,0,0,0,0,0,0,0,0,0,0,0,0,0,0,0,0,0,0,0,0,1001946.0,0.0024880385627977625,276.17228047055164,"AV.P.MAYO,CL26SUR",KR72;KR78K,4.5960945,-74.1644758,1.0,14.238139142033898,,0.0,118.0,1.0
165036,10499883,-74.05017052,4.75226532699998,AC 170-KR 50 02,2019,Octubre,15,martes,5,40,Suba,Choque,Vehículo,,Solo Daños,0,0,0,0,0,0,0,0,0,0,0,0,0,0,0,0,0,0,0,0,0,0,1000087.0,0.007509491692952024,833.5535779176747,KR19,CL147;CL152,4.7597534,-74.04960375,0.0,26.35782977991453,,0.0,117.0,0.0
165037,10499884,-74.124151958,4.65156089999999,AV AVENIDA BOYACA-CL 19 2,2019,Octubre,14,lunes,14,40,Fontibón,Choque,Vehículo,,Solo Daños,0,0,0,0,0,0,0,0,0,0,1,0,1,0,0,1,0,0,0,0,0,0,1000775.0,0.0023963010163618502,265.9894128161654,CL17,KR128;KR123,4.65006275,-74.1260222,1.0,20.213787349583335,,0.0,120.0,1.0
165038,10499885,-74.17478021,4.57639581400002,CL 75D-KR 75B S 2,2019,Octubre,14,lunes,5,46,Ciudad Bolívar,Choque,Vehículo,,Solo Daños,0,0,0,0,0,0,0,0,0,1,0,0,0,0,0,0,0,0,0,0,0,1,1002276.0,0.017315680005584994,1922.0404806199344,AV.VILLAVICENCIO,CL57BSUR;AV.P.MAYO,4.5824943,-74.158574,0.0,30.257437876250002,,0.0,8.0,0.0
165039,10499886,-74.165396048,4.640939172,KR 89-CL 34A S 02,2019,Octubre,14,lunes,18,24,Kennedy,Choque,Vehículo,,Solo Daños,0,0,0,0,0,0,0,0,0,0,0,0,0,0,0,0,0,0,0,0,0,0,1000981.0,0.01395948946302086,1549.5033303953155,DIAG16,KR90;KR97,4.6495069,-74.176417,0.0,34.67489590184874,,0.0,119.0,0.0
165040,10499887,-74.112102787,4.65541888899998,CL 24-KR 69A 02,2019,Octubre,15,martes,7,20,Fontibón,Choque,Vehículo,,Solo Daños,0,0,0,0,0,0,0,0,0,0,1,0,1,0,0,0,1,0,0,0,0,0,1000196.0,0.005704536948602959,633.2036012949284,CL134,KR7;KR9,4.6586908000000005,-74.10742985,0.0,24.145559075691054,,0.0,123.0,0.0
165041,10499888,-74.186160277,4.611377812,CL 63-KR 81A S 02,2019,Octubre,14,lunes,15,45,Bosa,Choque,Vehículo,,Solo Daños,0,0,0,0,0,0,0,0,0,0,1,0,0,0,0,0,0,0,0,0,0,0,149.0,0.01124010592408414,1247.6517575733394,AV.CL59SUR,CL59SUR;KR81A,4.6025243,-74.1792353,0.0,19.109635897,,0.0,10.0,0.0
165042,10499889,-74.164566125,4.59603005399998,AV AVENIDA DEL SUR-KR 72 2,2019,Octubre,14,lunes,20,45,Bosa,Choque,Vehículo,,Solo Daños,0,1,0,0,0,0,0,0,0,0,0,0,0,0,0,0,0,0,0,0,0,0,1001946.0,0.00011095896782781395,12.316445428887349,"AV.P.MAYO,CL26SUR",KR72;KR78K,4.5960945,-74.1644758,1.0,15.363460149243696,,0.0,119.0,1.0
165043,10499890,-74.14349927,4.652521933,AV AVENIDA CIUDAD DE CALI-CL 11B 02,2019,Octubre,15,martes,8,30,Kennedy,Choque,Vehículo,,Solo Daños,0,0,0,0,0,0,0,0,0,0,1,0,1,0,0,1,0,0,0,0,0,0,1001019.0,0.003821633616115872,424.2013313888618,KR72,CL75;CL66A,4.65133785,-74.1398657,1.0,34.2681543335,,0.0,100.0,1.0
165044,10499891,-74.081423332,4.68211103599998,KR 68-CL 78 02,2019,Octubre,14,lunes,15,0,Barrios Unidos,Choque,Vehículo,,Solo Daños,0,0,0,0,0,0,0,0,0,1,0,0,0,0,0,0,0,0,0,0,0,1,86.0,0.003357726434778815,372.70763426044846,KR50,CL53;CL17,4.67926125,-74.07964765,1.0,21.667431267419357,,0.0,124.0,1.0
165045,10499892,-74.094736831,4.749541921,KR 104-CL 149 2,2019,Octubre,14,lunes,13,0,Suba,Choque,Vehículo,,Solo Daños,0,0,0,0,0,0,0,0,0,1,0,0,0,0,0,0,0,0,0,0,0,1,1001707.0,0.007040750889229984,781.5233487045282,AV.SUBA,CL136;CL127,4.7425033,-74.09491,0.0,35.198645286451615,,0.0,124.0,0.0
165046,10499893,-74.153287128,4.64325819300001,AK 86-CL 6D 02,2019,Octubre,15,martes,5,50,Kennedy,Choque,Vehículo,,Solo Daños,0,1,0,0,0,0,0,0,0,0,1,0,1,0,0,1,0,0,0,0,0,0,124.0,0.009110562644834804,1011.2724535766633,CL66A,KR86;KR72,4.652358850000001,-74.1528624,0.0,18.911707783229165,,0.0,96.0,0.0
165047,10499894,-74.159586455,4.68698651300002,AC 17-KR 123 02,2019,Octubre,14,lunes,9,45,Fontibón,Choque,Vehículo,,Solo Daños,0,0,0,0,0,0,0,0,0,0,0,0,0,0,0,0,0,0,0,0,0,0,95.0,0.0030681052247520163,340.5596799474738,AV.SUBA,KR94;SAN.MARTIN,4.68681675,-74.15652305,1.0,21.955881987822583,,0.0,124.0,1.0
165048,10499895,-74.081934055,4.70610636700002,AV AVENIDA BOYACA-CL 119 2,2019,Octubre,14,lunes,14,30,Suba,Choque,Vehículo,,Solo Daños,0,0,0,0,0,1,0,1,0,1,0,0,0,0,0,0,0,0,0,0,0,1,1000758.0,0.0033551720183374327,372.424094035455,AV.P.MAYO,KR72;KR69B,4.70805725,-74.08466375,1.0,17.663090395123966,,0.0,121.0,1.0
165049,10499896,-74.142911745,4.65309969600003,AV AVENIDA CIUDAD DE CALI-CL 12 02,2019,Octubre,15,martes,11,0,Kennedy,Choque,Vehículo,,Solo Daños,0,1,0,0,0,0,0,0,0,0,0,0,0,0,0,0,0,0,0,0,0,0,1001019.0,0.0035188764499307634,390.5952859423147,KR72,CL75;CL66A,4.65133785,-74.1398657,1.0,24.457802025876287,,0.0,97.0,1.0
165050,10499897,-74.166251049,4.617048049,KR 79-CL 45 S 84,2019,Octubre,14,lunes,21,16,Kennedy,Choque,Vehículo,,Solo Daños,0,0,0,0,0,0,0,0,0,0,0,0,0,0,0,0,0,0,0,0,0,0,1001027.0,0.012862033810929324,1427.685753013155,KR72,CL3;CL9,4.611398400000001,-74.15469625,0.0,30.348576974722224,,0.0,108.0,0.0
165051,10499898,-74.081104172,4.60212368600003,AV AVENIDA CARACAS-CL 11 02,2019,Octubre,15,martes,0,50,Los Mártires,Choque,Vehículo,,Solo Daños,0,0,0,0,0,1,0,0,0,0,0,0,0,0,0,0,0,0,0,0,0,0,1001262.0,0.0016477367071664054,182.898774495471,NQS,CL1F;AV.P.MAYO,4.6030451,-74.0824702,1.0,28.44997587840336,,0.0,119.0,1.0
165052,10499899,-74.099288659,4.65909721899999,AK 68-CL 49A 15,2019,Octubre,14,lunes,17,56,Teusaquillo,Volcamiento,,,Con Heridos,0,0,0,0,0,1,0,1,0,0,0,0,0,0,0,0,0,0,0,0,0,0,1001975.0,0.0011231455810530849,124.66915949689242,NQS,CL71A;SIMON-BOLIVAR,4.658674700000001,-74.1003293,1.0,30.303496204537037,,0.0,108.0,1.0
165053,10499900,-74.112823314,4.65189788499998,CL 22C-KR 68F 02,2019,Octubre,15,martes,11,5,Fontibón,Choque,Vehículo,,Solo Daños,0,0,0,0,0,0,0,0,0,0,1,0,0,0,0,0,0,0,0,0,0,0,1000301.0,0.005752428331742333,638.519544823399,CL6,KR27;KR19,4.6468165,-74.1155196,0.0,17.58313787114754,,0.0,122.0,0.0
165055,10499902,-74.045551555,4.73714815699998,CL 153-KR 20 02,2019,Octubre,10,jueves,6,50,Usaquén,Choque,Vehículo,,Solo Daños,0,0,0,0,0,0,0,0,0,0,0,0,0,0,0,0,0,0,0,0,0,0,1000175.0,0.006288769832799534,698.0534514407483,CL106,KR19;KR15,4.73962495,-74.05133205,0.0,19.879526926293103,,0.0,116.0,0.0
165056,10499903,-74.183512534,4.619378681,AV AVENIDA CIUDAD DE CALI-CL 57B S 27,2019,Octubre,11,viernes,14,55,Bosa,Choque,Vehículo,,Solo Daños,0,1,0,0,0,0,0,1,0,0,0,0,0,0,0,0,0,0,0,0,0,0,76.0,0.015623394343414867,1734.1967721190501,KR86,CL57BSUR;KR91,4.616729,-74.1989096,0.0,15.364381362857143,,0.0,119.0,0.0
165057,10499904,-74.162857175,4.61581460100001,AV AVENIDA CIUDAD DE VILLAVICENCIO-TR 78H 02,2019,Octubre,15,martes,9,10,Kennedy,Choque,Vehículo,,Solo Daños,0,0,0,0,0,0,0,0,0,0,1,0,1,0,0,1,0,0,0,0,0,0,1001027.0,0.00927919867920103,1029.9910533913142,KR72,CL3;CL9,4.611398400000001,-74.15469625,0.0,14.365944849579833,,0.0,119.0,0.0
165058,10499905,-74.11486106,4.69834015700002,KR 96-CL 70A 02,2019,Octubre,11,viernes,16,15,Engativá,Choque,Vehículo,,Solo Daños,0,0,0,0,0,0,0,1,0,0,0,0,0,0,0,0,0,0,0,0,0,0,1000723.0,0.002862597682278145,317.7483427328741,KR86,CL10;AV.AMERICAS,4.6984233,-74.11772245,1.0,9.034897997777778,,0.0,117.0,1.0
165059,10500278,-74.043409768,4.76775742699999,KR 45-CL 190 02,2019,Octubre,19,sábado,15,0,Usaquén,Atropello,,,Con Heridos,0,0,0,0,1,0,1,1,0,0,0,0,0,0,0,0,0,0,0,0,0,0,1000087.0,0.010120763866076254,1123.4047891344642,KR19,CL147;CL152,4.7597534,-74.04960375,0.0,13.346225918,,0.0,120.0,0.0
165060,10500279,-74.079495259,4.75660873999999,KR 92-CL 162 2,2019,Octubre,20,domingo,21,55,Suba,Atropello,,,Con Heridos,0,0,0,0,0,1,1,0,0,0,0,0,0,0,0,0,0,0,0,0,0,0,1001055.0,0.003958437403058242,439.38655173946484,KR68,AV.SUBA;KR64,4.753758749999999,-74.0822424,1.0,23.52765125166667,,0.0,120.0,1.0
165061,10500280,-74.122280564,4.55781151799999,CL 51-KR 9 S 2,2019,Octubre,19,sábado,5,50,Rafael Uribe Uribe,Atropello,,,Con Heridos,0,0,0,0,0,1,1,0,0,0,0,0,0,0,0,0,0,0,0,0,0,0,39.0,0.0058013013724480715,643.944452341736,AV.CARACAS,AV.P.MAYO;CL80,4.5552695,-74.11706585,0.0,24.44125223672131,,0.0,122.0,0.0
165062,10500281,-74.075136119,4.68476630100002,KR 68-CL 90 02,2019,Octubre,19,sábado,7,0,Barrios Unidos,Atropello,,,Con Heridos,0,0,0,0,0,1,1,0,0,0,0,0,0,0,0,0,0,0,0,0,0,0,1001209.0,0.003502034251609044,388.7258019286039,NQS,KR68;KR62B,4.688212200000001,-74.0745116,1.0,27.886558342786884,,0.0,122.0,1.0
165063,10500282,-74.122586847,4.62892453900002,AV AVENIDA DE LAS AMERICAS-KR 68 2,2019,Octubre,20,domingo,21,48,Kennedy,Choque,Objeto Fijo,Vehiculo,Con Heridos,1,0,1,0,0,0,0,0,0,0,0,0,0,0,0,0,0,0,0,0,0,0,65.0,0.0020259317626858896,224.87842565813375,AV.P.MAYO,KR80;KR3E,4.6307119,-74.12354065,1.0,22.401689773916665,,0.0,120.0,1.0
165064,10500283,-74.04282163,4.70174768200002,KR 15-CL 124 30,2019,Octubre,19,sábado,20,23,Usaquén,Atropello,,,Con Heridos,0,0,0,0,0,0,1,0,0,0,0,0,0,0,0,0,0,0,0,0,0,0,1002018.0,0.0035584269167545112,394.9853877597507,AUTONORTE,ALCALA;CL146,4.705305,-74.0427328,1.0,30.662825625333333,,0.0,120.0,1.0
165065,10500284,-74.105551911,4.61884097400002,TR 42-CL 6 2,2019,Octubre,19,sábado,9,15,Puente Aranda,Choque,Vehículo,,Solo Daños,0,1,0,0,0,0,0,0,0,0,0,0,0,0,0,0,0,0,0,0,0,0,1001927.0,0.0035088145431801747,389.4784142929994,TV42,CL2C;CL6,4.61554995,-74.10676885000001,1.0,18.97129382878049,,0.0,123.0,1.0
165066,10500285,-74.061500723,4.68795532899998,CL 100-KR 49C 08,2019,Octubre,19,sábado,6,20,Barrios Unidos,Atropello,,,Con Muertos,0,0,0,0,0,1,1,1,0,0,0,0,0,0,0,0,0,0,0,0,0,0,1000773.0,0.002688410128733637,298.4135242894337,KR50,CL33SUR;CL16SUR,4.6906399,-74.0613571,1.0,21.343485788229163,,0.0,96.0,1.0
165067,10500286,-74.156539218,4.624471572,KR 79-CL 38C S 2,2019,Octubre,19,sábado,19,0,Kennedy,Atropello,,,Con Heridos,0,0,0,0,0,1,1,0,0,0,0,0,0,0,0,0,0,0,0,0,0,0,148.0,0.004249496296115534,471.6940888688243,AV.CL59SUR,KR81A;CL59SUR,4.6285372,-74.1577757,1.0,20.931109706250002,,0.0,8.0,1.0
165068,10500287,-74.094089543,4.58926512900001,CL 6-KR 15 S 2,2019,Octubre,19,sábado,9,0,Puente Aranda,Choque,Vehículo,,Solo Daños,0,0,0,0,0,0,0,0,0,0,0,0,0,0,0,0,0,0,0,0,0,0,1000259.0,0.0008968899412221217,99.55478347565551,CL32,AV.CARACAS;KR7,4.5900511,-74.0936575,1.0,14.156864884471545,,0.0,123.0,1.0
165069,10500288,-74.111334955,4.68262996999999,CL 63C-TR 85 02,2019,Octubre,19,sábado,10,31,Engativá,Atropello,,,Con Heridos,0,0,0,0,0,0,1,1,0,0,0,0,0,0,0,0,0,0,0,0,0,0,1000227.0,0.005885896429289236,653.3345036511051,KR72,CL170;CL169,4.67854075,-74.1155684,0.0,27.42730573859504,,0.0,121.0,0.0
165070,10500289,-74.125394839,4.62903186900002,AV AVENIDA DE LAS AMERICAS-KR 68B 2,2019,Octubre,18,viernes,7,51,Kennedy,Choque,Vehículo,,Solo Daños,0,0,0,0,0,0,0,0,0,1,1,0,1,0,0,1,0,0,0,0,0,1,65.0,0.0025021033169340067,277.73346817967473,AV.P.MAYO,KR80;KR3E,4.6307119,-74.12354065,1.0,16.839676083057853,,0.0,121.0,1.0
165071,10500290,-74.059193379,4.70981310299999,KR 51A-CL 127A 02,2019,Octubre,19,sábado,15,30,Suba,Atropello,,,Con Heridos,0,0,0,0,0,0,1,1,0,0,0,0,0,0,0,0,0,0,0,0,0,0,1000970.0,0.004874162561116589,541.0320442839414,CL34,KR19;AV.CARACAS,4.705220199999999,-74.0575616,1.0,10.124949274758064,,0.0,124.0,1.0
165072,10500291,-74.1651,4.62139999999999,KR 80-CL 42C 2,2019,Octubre,19,sábado,12,40,Kennedy,Choque,Vehículo,,Solo Daños,0,0,0,0,0,0,0,0,0,0,1,0,1,0,1,0,0,0,0,0,0,0,148.0,0.010226680513737253,1135.161537024835,AV.CL59SUR,KR81A;CL59SUR,4.6285372,-74.1577757,0.0,16.57291500875,,0.0,8.0,0.0
165073,10500292,-74.154687071,4.64496968100002,KR 87A-CL 6A 2,2019,Octubre,18,viernes,12,0,Kennedy,Choque,Vehículo,,Solo Daños,0,0,0,0,0,0,0,0,0,0,0,0,0,0,0,0,0,0,0,0,0,0,124.0,0.007611126248361682,844.8350135681467,CL66A,KR86;KR72,4.652358850000001,-74.1528624,0.0,8.631370992626263,,0.0,99.0,0.0
165074,10500293,-74.129321938,4.70880091200002,KR 111C-CL 70C 2,2019,Octubre,19,sábado,6,10,Engativá,Choque,Vehículo,,Solo Daños,0,0,0,0,0,0,0,0,0,1,0,0,0,0,0,0,0,0,0,0,0,1,103.0,0.006404521359058519,710.9018708554956,DIAG16,KR129;CL17,4.71384325,-74.1332707,0.0,26.609486243448274,,0.0,116.0,0.0
165075,10500294,-74.141425393,4.55364742799998,CL 64-KR 18 S 21,2019,Octubre,19,sábado,14,30,Ciudad Bolívar,Volcamiento,,,Con Heridos,0,0,0,0,0,1,0,0,0,0,0,0,0,0,0,0,0,0,0,0,0,0,56.0,0.022125099404794905,2455.8860339322346,CL6,AV.CARACAS;KR42,4.574981,-74.13556034999999,0.0,15.273764864112902,,0.0,124.0,0.0
165076,10500295,-74.162829931,4.684680867,KR 123-CL 15A 51,2019,Octubre,18,viernes,11,35,Fontibón,Choque,Vehículo,,Solo Daños,0,0,0,0,0,0,0,0,0,0,0,0,0,0,0,0,0,0,0,0,0,0,95.0,0.006658734424637793,739.119521134795,AV.SUBA,KR94;SAN.MARTIN,4.68681675,-74.15652305,0.0,21.493794238166668,,0.0,120.0,0.0
165077,10500296,-74.161075503,4.588576821,CL 63-KR 70C S 02,2019,Octubre,19,sábado,14,5,Ciudad Bolívar,Atropello,,,Con Heridos,0,0,0,0,0,1,1,0,0,0,0,0,0,0,0,0,0,0,0,0,0,0,1002276.0,0.006576821342752269,730.0271690455019,AV.VILLAVICENCIO,CL57BSUR;AV.P.MAYO,4.5824943,-74.158574,0.0,21.28040841875,,0.0,8.0,0.0
165078,10500297,-74.079867877,4.61112360999999,CL 19-KR 18 02,2019,Octubre,19,sábado,10,0,Los Mártires,Volcamiento,,,Con Heridos,0,0,0,0,0,1,0,0,0,0,0,0,0,0,0,0,0,0,0,0,0,0,1001974.0,0.000877642215567677,97.41828592801214,NQS,CL18;CAD,4.6119977500000005,-74.07978955,1.0,28.58032209,,0.0,35.0,1.0
165079,10500298,-74.178696325,4.59676745199999,AV AVENIDA DEL SUR-KR 76 2,2019,Octubre,18,viernes,10,50,Bosa,Choque,Vehículo,,Solo Daños,0,0,0,0,0,0,0,0,0,0,1,0,0,0,0,0,0,0,0,0,0,0,149.0,0.00578202325711663,641.804581539946,AV.CL59SUR,CL59SUR;KR81A,4.6025243,-74.1792353,0.0,22.540127291250002,,0.0,8.0,0.0
165080,10500299,-74.123481109,4.64174990599997,CL 13-KR 69 2,2019,Octubre,18,viernes,21,50,Fontibón,Choque,Vehículo,,Solo Daños,0,0,0,0,0,0,0,0,0,0,1,0,0,0,0,0,0,0,0,0,0,0,1002297.0,0.004427320073492831,491.4325281577042,KR70C,CL63SUR;KR51,4.64263125,-74.11914239999999,1.0,22.99703075125,,0.0,8.0,1.0
165081,10500300,-74.12567727,4.595382771,DG 39A-TR 42 S 02,2019,Octubre,19,sábado,14,10,Puente Aranda,Choque,Vehículo,,Solo Daños,0,0,0,0,0,0,0,0,0,0,0,0,0,0,0,0,0,0,0,0,0,0,1000955.0,0.0025743235061129834,285.74990917854115,AV.P.MAYO,KR52A;KR69B,4.59631235,-74.1280779,1.0,22.415029596198348,,0.0,121.0,1.0
165082,10500301,-74.159317637,4.68659738700001,CL 17-KR 122 2,2019,Octubre,19,sábado,12,23,Fontibón,Choque,Vehículo,,Solo Daños,0,1,0,0,0,0,0,0,0,0,0,0,0,0,0,0,0,0,0,0,0,0,95.0,0.0028031833023039916,311.1533465557431,AV.SUBA,KR94;SAN.MARTIN,4.68681675,-74.15652305,1.0,22.745798642049177,,0.0,122.0,1.0
165083,10500302,-74.134029798,4.68150870699998,CL 24-KR 100 2,2019,Octubre,18,viernes,20,0,Fontibón,Choque,Vehículo,,Solo Daños,0,0,0,0,0,0,0,0,0,1,0,0,0,0,0,0,0,0,0,0,0,1,77.0,0.008302817859591933,921.6127824147045,KR68,AV.SUBA;NQS,4.6743954,-74.12974754999999,0.0,20.481206902017544,,0.0,114.0,0.0
165084,10500676,-74.074919513,4.61853295899999,CL 26-KR 19 2,2019,Octubre,23,miércoles,13,20,Teusaquillo,Choque,Vehículo,,Solo Daños,0,0,0,0,0,1,0,0,0,0,0,0,0,0,0,0,0,0,0,0,0,0,1000020.0,0.0016525202909127873,183.4297522913194,KR7,CL79;CL76,4.618767350000001,-74.07328369999999,1.0,15.529959207542374,,0.0,118.0,1.0
165085,10500677,-74.110178941,4.61949920299998,KR 43B-CL 5A 02,2019,Octubre,23,miércoles,17,55,Puente Aranda,Choque,Vehículo,,Solo Daños,0,0,0,0,0,1,0,0,0,0,0,0,0,0,0,0,0,0,0,0,0,0,1000679.0,0.0009154118079457856,101.6107106819822,CL1,KR25;KR21,4.62037305,-74.11045165,1.0,18.074536018416666,,0.0,120.0,1.0
165086,10500678,-74.043006381,4.69164723099999,CL 109-KR 14 2,2019,Octubre,23,miércoles,19,2,Usaquén,Choque,Vehículo,,Solo Daños,0,0,0,0,0,0,0,0,0,0,1,0,0,0,0,0,0,0,0,0,0,0,1002017.0,0.003220245236081637,357.4472212050617,AUTONORTE,ALCALA;PRADO,4.6892508,-74.04515745,1.0,46.91164618752136,,0.0,117.0,1.0
165087,10500679,-74.113262615,4.68536309299998,CL 64BBIS-KR 85L 02,2019,Octubre,23,miércoles,9,40,Engativá,Choque,Vehículo,,Solo Daños,0,0,0,0,0,1,0,0,0,0,1,0,1,0,0,1,0,0,0,0,0,0,1000227.0,0.007201458774138903,799.3619239294183,KR72,CL170;CL169,4.67854075,-74.1155684,0.0,27.389442460416667,,0.0,120.0,0.0
165088,10500680,-74.027647186,4.73949810099998,CL 163A-KR 8GBIS 2,2019,Octubre,23,miércoles,17,40,Usaquén,Choque,Vehículo,,Solo Daños,0,0,0,0,0,1,0,0,0,0,0,0,0,0,0,0,0,0,0,0,0,0,1000081.0,0.004898480531672212,543.7313390156155,KR19,CL116;CL127,4.7391552,-74.03253365,1.0,11.890928887916665,,0.0,120.0,1.0
165089,10500681,-74.163542338,4.69013548499998,KR 128-CL 17 2,2019,Octubre,23,miércoles,19,14,Fontibón,Choque,Vehículo,,Solo Daños,0,1,0,0,0,0,0,1,0,0,0,0,0,0,0,0,0,0,0,0,0,0,95.0,0.007764303318841171,861.8376683913699,AV.SUBA,KR94;SAN.MARTIN,4.68681675,-74.15652305,0.0,28.118568883333335,,0.0,120.0,0.0
165090,10500682,-74.033384809,4.72447812000001,KR 11-CL 146 2,2019,Octubre,23,miércoles,17,4,Usaquén,Choque,Vehículo,,Solo Daños,0,0,0,0,0,0,0,0,0,0,1,0,1,0,0,1,0,0,0,0,0,0,1000051.0,0.006498997026880625,721.3886699837493,CL116,KR15;KR11,4.7180052,-74.0328032,0.0,17.979891581666667,,0.0,120.0,0.0
165091,10500683,-74.072544474,4.76095685199999,CL 170-KR 90 02,2019,Octubre,23,miércoles,9,50,Suba,Choque,Vehículo,,Solo Daños,0,1,0,0,0,0,0,0,0,0,0,0,0,0,0,0,0,0,0,0,0,0,1000231.0,0.005109980829864071,567.2078721149119,CL127,KR19;KR51A,4.7571278,-74.06916065,0.0,18.406935392983872,,0.0,124.0,0.0
165092,10500684,-74.091894945,4.68687071800002,KR 70F-CL 73 2,2019,Octubre,23,miércoles,12,45,Engativá,Choque,Vehículo,,Solo Daños,0,0,0,0,0,0,0,0,0,0,1,0,0,0,0,0,0,0,0,0,1,0,1001043.0,0.0023944406151120037,265.7829082774324,AV.AMERICAS,KR80;KR74,4.6875312000000005,-74.08959340000001,1.0,29.64107530362903,,0.0,124.0,1.0
165093,10500685,-74.144632835,4.598996258,CL 44-KR 68I S 2,2019,Octubre,23,miércoles,16,52,Kennedy,Choque,Vehículo,,Solo Daños,0,1,0,0,0,0,0,0,0,0,0,0,0,0,0,0,0,0,0,0,0,0,1000698.0,0.002058620322103798,228.5068557535216,"AV.AMERICAS,CL34",KR36;KR28,4.6006212,-74.14589674999999,1.0,26.329465616,,0.0,120.0,1.0
165094,10500686,-74.137284419,4.55930323400003,CL 60G-KR 18 S 02,2019,Octubre,23,miércoles,6,49,Ciudad Bolívar,Choque,Vehículo,,Solo Daños,0,0,0,0,0,0,0,0,0,1,0,0,0,0,0,0,0,0,0,0,0,1,56.0,0.015772278233235768,1750.7228838891704,CL6,AV.CARACAS;KR42,4.574981,-74.13556034999999,0.0,24.110507327500002,,0.0,116.0,0.0
165095,10500687,-74.063462014,4.62354194099998,CL 36-KR 5 2,2019,Octubre,23,miércoles,15,10,Santa Fe,Choque,Vehículo,,Solo Daños,0,0,0,0,0,0,0,0,0,0,0,0,0,0,0,0,0,0,0,0,0,0,1002286.0,0.004961567503967876,550.7339929404343,KR68SUR,CL38;KR51,4.6260131,-74.0677644,1.0,17.2317352775,,0.0,12.0,1.0
165096,10500688,-74.087437445,4.64759567300001,CL 53-KR 52 2,2019,Octubre,23,miércoles,20,0,Teusaquillo,Choque,Vehículo,,Solo Daños,0,0,0,0,0,0,0,0,0,0,0,0,0,0,0,0,0,0,0,0,0,0,1001730.0,0.0030350293718026653,336.8882602700958,KR50,CL2C;CL5A,4.6505877,-74.08692835,1.0,26.99532543805085,,0.0,118.0,1.0
165097,10500689,-74.136896353,4.54599656400001,CL 71BIS-KR 17 S 02,2019,Octubre,23,miércoles,8,45,Ciudad Bolívar,Choque,Vehículo,,Solo Daños,0,0,0,0,0,0,0,0,0,0,1,1,1,0,0,1,0,0,0,0,0,0,39.0,0.021891463891039565,2429.9524919053915,AV.CARACAS,AV.P.MAYO;CL80,4.5552695,-74.11706585,0.0,15.576003813709677,,0.0,124.0,0.0
165098,10500690,-74.135934094,4.639446276,AV AVENIDA BOYACA-KR 9 2,2019,Octubre,23,miércoles,8,30,Kennedy,Choque,Vehículo,,Solo Daños,0,0,0,0,0,0,0,0,0,0,0,0,0,0,0,0,0,0,0,0,0,0,1001247.0,0.004625411802806768,513.4207101115513,KR72,CL66A;CL75,4.63816495,-74.1314897,1.0,33.8728941491,,0.0,100.0,1.0
165099,10500691,-74.14925908,4.621750464,KR 77-CL 36 S 2,2019,Octubre,23,miércoles,12,32,Kennedy,Choque,Vehículo,,Solo Daños,0,1,0,0,0,0,0,0,0,0,0,0,0,0,0,0,0,0,0,0,0,0,1001031.0,0.0030963395150143797,343.69368616659614,KR72,CL43AS;KR69B,4.623493,-74.15181855,1.0,19.31473031435897,,0.0,117.0,1.0
165100,10500692,-74.1071,4.70960000000002,KR 96-CL 80 02,2019,Octubre,23,miércoles,7,30,Engativá,Choque,Vehículo,,Solo Daños,0,0,0,0,0,0,0,0,0,0,0,0,0,0,0,0,0,0,0,0,0,0,1001349.0,0.010900997841467015,1210.0107604028387,CL92,KR19B;KR15,4.7171787,-74.0992645,0.0,18.573458692439022,,0.0,123.0,0.0
165101,10500693,-74.115064083,4.61532026499998,TR 3-CL 51 2,2019,Octubre,23,miércoles,7,45,Chapinero,Choque,Vehículo,,Solo Daños,0,0,0,0,0,0,0,1,0,0,0,0,0,0,0,0,0,0,0,0,0,0,1000332.0,0.0029940566727751673,332.3402906780436,CL11SUR,KR7;KR10,4.6123352,-74.11529594999999,1.0,13.358159546829267,,0.0,123.0,1.0
165102,10500694,-74.096590851,4.71192015899999,CL 90-KR 89A 02,2019,Octubre,23,miércoles,6,56,Engativá,Choque,Vehículo,,Solo Daños,0,0,0,0,0,0,0,0,0,0,1,0,1,0,1,0,0,0,0,0,0,0,1000300.0,0.0016144047547964429,179.19892778240515,CL6,KR19;KR27,4.713529149999999,-74.09645875000001,1.0,24.703241816324784,,0.0,117.0,1.0
165103,10500695,-74.069810482,4.60532080000002,KR 5-CL 20 2,2019,Octubre,23,miércoles,13,30,Santa Fe,Choque,Vehículo,,Solo Daños,0,0,0,0,0,0,0,0,0,0,0,0,0,0,0,0,0,0,0,0,0,0,2.0,0.00039062668372727693,43.35956189372774,KR7,CL32;CL188,4.60499885,-74.0700317,1.0,19.750025137807018,,0.0,114.0,1.0
165104,10500696,-74.071278809,4.62336194,KR 16-CL 34 2,2019,Octubre,23,miércoles,19,20,Teusaquillo,Choque,Vehículo,,Solo Daños,0,0,0,0,0,0,0,1,0,0,1,0,1,0,0,1,0,0,0,0,0,0,1000313.0,0.002159894066587531,239.74824139121594,CL13,KR27;KR22,4.6253606000000005,-74.07209765,1.0,38.1869315055,,0.0,120.0,1.0
165105,10500697,-74.135323133,4.65859976799999,CL 13-KR 84A 02,2019,Octubre,23,miércoles,7,47,Fontibón,Choque,Vehículo,,Solo Daños,0,0,0,0,0,0,0,0,0,0,1,0,1,0,0,1,0,0,0,0,0,0,1001016.0,0.004222651810385519,468.71435095279264,KR72,CL127;CL75,4.6623088,-74.13330475000001,1.0,27.987481320588238,,0.0,119.0,1.0
165106,10500698,-74.0557602,4.65503276099997,CL 72-KR 7 02,2019,Octubre,23,miércoles,10,15,Chapinero,Choque,Vehículo,,Solo Daños,0,1,0,0,0,0,0,0,0,1,0,0,0,0,0,0,0,0,0,0,0,1,1000096.0,0.0008815086473829874,97.8474598595116,KR7,CL162;CL153,4.654590349999999,-74.05652265,1.0,22.196839163652175,,0.0,115.0,1.0
165107,10500699,-74.053295102,4.71228344100001,AK 45-CL 128 2,2019,Octubre,23,miércoles,11,30,Usaquén,Choque,Vehículo,,Solo Daños,0,0,0,0,0,0,0,1,0,0,0,0,0,0,0,0,0,0,0,0,0,0,18.0,0.0032333016315496616,358.89648110201244,CL85,KR15;KR7,4.7093504,-74.0519344,1.0,8.464057497073172,,0.0,123.0,1.0
165108,10500700,-74.059695142,4.66434588099997,KR 16A-CL 76 2,2019,Octubre,23,miércoles,20,0,Chapinero,Choque,Vehículo,,Solo Daños,0,0,0,0,0,0,0,0,0,0,0,0,0,0,0,0,0,0,0,0,0,0,1000707.0,0.004099057447370014,454.99537665807156,CL13,KR47;KR39,4.6608924,-74.06190325,1.0,23.9673560305,,0.0,120.0,1.0
165109,10500701,-74.056963038,4.68861676099999,AK 45-CL 102 2,2019,Octubre,23,miércoles,8,41,Usaquén,Choque,Vehículo,,Solo Daños,0,0,0,0,0,1,0,0,0,0,0,0,0,0,0,0,0,0,0,0,0,0,1000773.0,0.004837444808274968,536.9563737185215,KR50,CL33SUR;CL16SUR,4.6906399,-74.0613571,1.0,22.1268606454,,0.0,100.0,1.0
165110,10501086,-74.189590972,4.62086803199998,CL 62-KR 86H S 18,2019,Octubre,28,lunes,8,40,Bosa,Choque,Vehículo,,Solo Daños,1,0,0,0,0,0,0,0,0,1,0,0,0,0,0,0,0,0,0,0,0,1,76.0,0.010196490263763567,1131.810419277756,KR86,CL57BSUR;KR91,4.616729,-74.1989096,0.0,15.723013208981481,,0.0,108.0,0.0
165111,10501087,-74.157057377,4.59159469999997,CL 61-KR 66A S 28,2019,Octubre,26,sábado,15,45,Ciudad Bolívar,Choque,Vehículo,,Solo Daños,0,0,0,0,0,0,0,0,0,0,0,0,0,0,0,0,0,0,0,0,0,0,1000750.0,0.008044207129344833,892.9069913572764,KR68,CL21SUR;CL3,4.5995431,-74.1582952,0.0,15.9929821995,,0.0,120.0,0.0
165112,10501088,-74.059116879,4.64931842200002,KR 7-CL 65 02,2019,Octubre,25,viernes,11,10,Chapinero,Choque,Vehículo,,Solo Daños,0,0,0,0,0,1,0,1,0,0,0,0,0,0,0,0,0,0,0,0,0,0,1000096.0,0.005875648810249723,652.1970179377192,KR7,CL162;CL153,4.654590349999999,-74.05652265,0.0,22.214175382931035,,0.0,116.0,0.0
165113,10501089,-74.095247698,4.58785367600001,CL 10-KR 15 S 2,2019,Octubre,28,lunes,9,50,Antonio Nariño,Choque,Vehículo,,Solo Daños,0,0,0,0,0,0,0,0,0,1,0,0,0,0,0,0,0,0,0,0,0,1,1000259.0,0.0027124531175488375,301.082296047921,CL32,AV.CARACAS;KR7,4.5900511,-74.0936575,1.0,14.156864884471545,,0.0,123.0,1.0
165114,10501090,-74.145340964,4.56214422699998,CL 64-KR 19G S 2,2019,Octubre,26,sábado,21,45,Ciudad Bolívar,Choque,Vehículo,,Solo Daños,0,0,0,0,0,0,0,0,0,0,1,0,1,0,0,0,1,0,0,0,0,0,56.0,0.016138251183793004,1791.3458814010235,CL6,AV.CARACAS;KR42,4.574981,-74.13556034999999,0.0,25.363178821680673,,0.0,119.0,0.0
165115,10501091,-74.066824452,4.64423265900001,CL 57-KR 15 02,2019,Octubre,25,viernes,8,45,Teusaquillo,Choque,Vehículo,,Solo Daños,0,0,0,0,0,0,0,0,0,1,0,0,0,0,0,0,0,0,0,0,0,1,1001930.0,0.000636439129911313,70.64474342015573,"TV25,DIAG53,KR24",CL57;CL45,4.6443781,-74.06744405,1.0,11.181287800806452,,0.0,124.0,1.0
165116,10501092,-74.099218206,4.60608752000002,KR 30BIS-CL 5B 32,2019,Octubre,26,sábado,8,15,Puente Aranda,Choque,Vehículo,,Solo Daños,0,0,0,0,0,0,0,1,0,0,1,0,0,0,0,0,0,0,0,0,1,0,100.0,0.0017560575667983909,194.9223899146214,KR24,CL63;CL80,4.6065363,-74.10091595,1.0,16.665643015,,0.0,124.0,1.0
165117,10501093,-74.142863368,4.66891834,CL 17-KR 96C 2,2019,Octubre,28,lunes,16,41,Fontibón,Choque,Vehículo,,Solo Daños,0,0,0,0,0,0,0,0,0,0,1,0,1,0,0,1,0,0,0,0,0,0,1001347.0,0.006873470659712712,762.955243228111,DIAG16,KR97;KR106,4.6757841,-74.14318885,0.0,22.869295998,,0.0,120.0,0.0
165118,10501094,-74.11298847,4.66879126399999,CL 26-KR 73 2,2019,Octubre,28,lunes,18,6,Fontibón,Choque,Vehículo,,Solo Daños,0,0,0,0,0,0,0,0,0,1,0,0,0,0,0,0,0,0,0,0,0,1,92.0,0.005227449010552165,580.2468401712904,"KR50,TV42,TV39",CL6;CL19,4.6708416,-74.1081799,0.0,19.72993769,,0.0,115.0,0.0
165119,10501095,-74.058080892,4.68011570700003,KR 45-CL 92 2,2019,Octubre,26,sábado,12,0,Usaquén,Choque,Vehículo,,Solo Daños,0,1,0,0,0,0,0,1,0,0,0,0,0,0,0,0,0,0,0,0,0,0,1000940.0,0.0024483242428201706,271.76399095303896,CL24,KR14;KR10,4.681202,-74.05588675,1.0,11.73644928919355,,0.0,124.0,1.0
165120,10501096,-74.122362925,4.628899553,AV AVENIDA DE LAS AMERICAS-KR 68 02,2019,Octubre,25,viernes,11,50,Puente Aranda,Choque,Vehículo,,Solo Daños,0,0,0,0,0,1,0,0,0,0,1,0,1,0,0,1,0,0,0,0,0,0,65.0,0.0021613971925610897,239.91508837428097,AV.P.MAYO,KR80;KR3E,4.6307119,-74.12354065,1.0,15.796889457288135,,0.0,118.0,1.0
165121,10501097,-74.041905775,4.780118093,KR 45-CL 205 2,2019,Octubre,26,sábado,13,59,Usaquén,Choque,Vehículo,,Solo Daños,0,0,0,0,0,0,0,0,0,0,0,0,0,0,0,0,0,0,0,0,0,0,35.0,0.018300019009502132,2031.3021100547367,KR72,CL170;CL43AS,4.7881347000000005,-74.05835645,0.0,19.203438136239317,,0.0,117.0,0.0
165122,10501098,-74.137726397,4.64761549000002,KR 79A-CL 11B 40,2019,Octubre,28,lunes,19,27,Kennedy,Choque,Vehículo,,Solo Daños,0,0,0,0,0,0,0,0,0,1,0,0,0,0,0,0,0,0,0,0,0,1,1000330.0,0.003509624283277376,389.56829544378877,CL11SUR,KR6_ESTE;KR7,4.6509677,-74.1387657,1.0,21.12727118775,,0.0,120.0,1.0
165123,10501099,-74.05708681,4.68590468500003,AV AVENIDA PASEO DE LOS LIBERTADORES-CL 99 02,2019,Octubre,25,viernes,21,0,Chapinero,Choque,Vehículo,,Solo Daños,0,0,0,0,0,0,0,0,0,0,0,0,0,0,0,0,0,0,0,0,0,0,1000036.0,0.003099008744257423,343.9899706125739,AUTONORTE,CL82;CL80,4.6830666,-74.05833145,1.0,26.685735564250002,,0.0,120.0,1.0
165124,10501100,-74.084514058,4.645557166,CL 53-KR 45 2,2019,Octubre,28,lunes,22,5,Teusaquillo,Choque,Vehículo,,Solo Daños,0,0,0,0,0,1,0,0,0,0,0,0,0,0,0,0,0,0,0,0,0,0,1000984.0,0.001924588683204194,213.62934383566554,CL80,KR58;KR24,4.643921049999999,-74.08552755,1.0,40.05649528067227,,0.0,119.0,1.0
165125,10501101,-74.105939902,4.62729311999999,CL 13-KR 50 2,2019,Octubre,26,sábado,9,47,Puente Aranda,Choque,Vehículo,,Solo Daños,0,0,0,0,0,0,0,1,0,0,0,0,0,0,0,0,0,0,0,0,0,0,1001705.0,0.002021479316736088,224.38420415770577,AV.AMERICAS,KR80G;KR74,4.6273108,-74.1039185,1.0,32.455323129435484,,0.0,124.0,1.0
165126,10501102,-74.087543226,4.61946826899998,KR 30-CL 19 2,2019,Octubre,28,lunes,7,10,Puente Aranda,Choque,Vehículo,,Solo Daños,0,0,0,0,0,1,0,0,0,0,0,0,0,0,0,0,0,0,0,0,0,0,1001990.0,0.002232371856781865,247.79327610278702,NQS,GRAL.SANTANDER;CL38ASUR,4.6181546,-74.0857383,1.0,36.92005495,,0.0,120.0,1.0
165127,10501103,-74.094717837,4.71994570800001,AV AVENIDA CIUDAD DE CALI-CL 93 02,2019,Octubre,25,viernes,19,0,Suba,Choque,Vehículo,,Solo Daños,0,1,0,0,0,1,0,0,0,0,0,0,0,0,0,0,0,0,0,0,0,0,1001349.0,0.005322450348071044,590.7919886358858,CL92,KR19B;KR15,4.7171787,-74.0992645,0.0,20.211457674955753,,0.0,113.0,0.0
165128,10501104,-74.033641275,4.69369030500002,CL 116-KR 7 02,2019,Octubre,28,lunes,8,20,Usaquén,Choque,Vehículo,,Solo Daños,0,0,0,0,0,0,0,0,0,0,0,0,0,0,0,0,0,0,0,0,1,0,1000184.0,0.011208828517787655,1244.1799654744298,KR15,CL94;CL100,4.704458949999999,-74.03053095,0.0,17.554341718292683,,0.0,123.0,0.0
165129,10501105,-74.051849644,4.71905304699999,CL 134-KR 45 02,2019,Octubre,25,viernes,12,50,Usaquén,Choque,Vehículo,,Solo Daños,0,0,0,0,0,0,0,0,0,0,1,0,1,0,0,1,0,0,0,0,0,0,1000173.0,0.0006290643586590182,69.82614381115103,KR15,CL106;CL127,4.71847495,-74.0516016,1.0,11.431171983387097,,0.0,124.0,1.0
165130,10501106,-74.081687795,4.60507839600001,CL 13-KR 16 2,2019,Octubre,26,sábado,8,45,Los Mártires,Choque,Vehículo,,Solo Daños,0,0,0,0,0,0,0,1,0,0,0,0,0,0,0,0,0,0,0,0,0,0,1001262.0,0.002178634941356081,241.82847849052496,NQS,CL1F;AV.P.MAYO,4.6030451,-74.0824702,1.0,19.674429475737707,,0.0,122.0,1.0
165131,10501107,-74.036444558,4.69816992800003,CL 119-KR 11A 02,2019,Octubre,28,lunes,6,40,Usaquén,Choque,Vehículo,,Solo Daños,0,0,0,0,0,0,0,0,0,1,0,0,0,0,0,0,0,0,0,0,0,1,1000184.0,0.008632644860862048,958.2235795556874,KR15,CL94;CL100,4.704458949999999,-74.03053095,0.0,29.454611968189656,,0.0,116.0,0.0
165132,10501108,-74.124830895,4.69515947799999,AC 63-KR 103A 02,2019,Octubre,26,sábado,9,15,Engativá,Choque,Vehículo,,Solo Daños,0,0,0,0,0,0,0,0,0,0,0,0,0,0,0,0,0,0,0,0,0,0,1000723.0,0.007821925873196087,868.2337719247656,KR86,CL10;AV.AMERICAS,4.6984233,-74.11772245,0.0,12.606110836854839,,0.0,124.0,0.0
165133,10501109,-74.079221334,4.60435403700001,AV AVENIDA CARACAS-CL 14 2,2019,Octubre,26,sábado,14,17,Santa Fe,Choque,Vehículo,,Solo Daños,0,0,0,0,0,0,0,0,0,0,0,0,0,0,0,0,0,0,0,0,0,0,1000312.0,0.003464348902043501,384.5427281268286,CL13,KR22;KR27,4.60703515,-74.07702739999999,1.0,16.783374219919352,,0.0,124.0,1.0
165134,10501485,-74.113399626,4.685334829,DG 63F-KR 86 02,2019,Octubre,31,jueves,21,20,Engativá,Choque,Vehículo,,Solo Daños,0,1,0,0,0,0,0,1,0,0,0,0,0,0,0,0,0,0,0,0,0,0,1000227.0,0.007131836377912317,791.6338379482671,KR72,CL170;CL169,4.67854075,-74.1155684,0.0,28.730587362416667,,0.0,120.0,0.0
165135,10501486,-74.106857465,4.59225085999998,CL 19-KR 28 S 02,2019,Octubre,2,miércoles,13,0,Antonio Nariño,Choque,Vehículo,,Solo Daños,0,0,0,0,0,0,0,0,0,0,0,0,0,0,0,0,0,0,0,0,0,0,1000977.0,0.0024252331010249976,269.20087421377474,KR24,CL63;CL72,4.5923447500000005,-74.10443405000001,1.0,13.578110857741935,,0.0,124.0,1.0
165136,10501487,-74.090169821,4.64524892399999,CL 44C-KR 52 02,2019,Octubre,31,jueves,15,15,Teusaquillo,Choque,Vehículo,,Solo Daños,0,0,0,0,0,0,0,0,0,0,0,0,0,0,0,0,0,0,0,0,0,0,1001253.0,0.0019357441590218609,214.86760165142655,CL19,KR27;KR36,4.6434915,-74.0893583,1.0,19.835499057619046,,0.0,84.0,1.0
165138,10501489,-74.065784506,4.63624767200002,CL 49-KR 13 02,2019,Octubre,31,jueves,15,30,Chapinero,Choque,Vehículo,,Solo Daños,0,0,0,0,0,0,0,0,0,1,0,0,0,0,0,0,0,0,0,0,0,1,21.0,0.002514245099968336,279.0812060964853,CL106,KR19;KR7,4.6361552,-74.06829705,1.0,11.31708125701613,,0.0,124.0,1.0
165139,10501490,-74.123747231,4.57479189399999,CL 44-KR 15A S 02,2019,Octubre,31,jueves,10,40,Rafael Uribe Uribe,Choque,Vehículo,,Solo Daños,0,0,0,0,0,0,0,0,0,0,0,0,0,0,0,0,0,0,0,0,0,0,67.0,0.0035248179885605073,391.2547967302163,CL11SUR,AV.CARACAS;KR6_ESTE,4.5782967,-74.12412230000001,1.0,16.778584491735536,,0.0,121.0,1.0
165140,10501491,-74.056974076,4.65607659,CL 72-KR 9 02,2019,Octubre,31,jueves,21,30,Chapinero,Choque,Vehículo,,Solo Daños,0,0,0,0,0,0,0,0,0,0,0,0,0,0,0,0,0,0,0,0,0,0,1000096.0,0.0015532851544628572,172.41465214537715,KR7,CL162;CL153,4.654590349999999,-74.05652265,1.0,29.20598243586207,,0.0,116.0,1.0
165141,10501492,-74.043728464,4.67601969899999,KR 9-CL 94 2,2019,Octubre,31,jueves,9,20,Chapinero,Choque,Vehículo,,Solo Daños,0,0,0,0,0,0,0,0,0,0,0,0,0,0,0,0,0,0,0,0,0,0,1000191.0,0.0067783806982009654,752.4002575003071,KR9,CL161;CL147,4.67150165,-74.04878155,0.0,19.80429438564516,,0.0,124.0,0.0
165142,10501493,-74.088482035,4.66018822500001,KR 60-CL 63 02,2019,Octubre,31,jueves,14,15,Barrios Unidos,Choque,Vehículo,,Solo Daños,0,0,0,0,0,0,0,0,0,0,1,0,0,0,0,0,0,0,0,0,0,0,24.0,0.001796161290321228,199.3739032256563,CL127,KR7;AV.BOYACA,4.66108545,-74.09003805,1.0,13.292158748292684,,0.0,123.0,1.0
165143,10501494,-74.129746107,4.59726837300002,KR 51ABIS-CL 40 S 2,2019,Octubre,31,jueves,9,10,Puente Aranda,Choque,Vehículo,,Solo Daños,0,0,0,0,0,1,0,0,0,0,0,0,0,0,0,0,0,0,0,0,0,0,1000955.0,0.001922731019005355,213.4231431095944,AV.P.MAYO,KR52A;KR69B,4.59631235,-74.1280779,1.0,33.65799391370968,,0.0,124.0,1.0
165144,10501495,-74.052040211,4.68608391200002,CL 100-KR 19 02,2019,Octubre,31,jueves,22,10,Usaquén,Choque,Vehículo,,Solo Daños,0,0,0,0,0,0,0,0,0,0,1,0,1,0,0,1,0,0,0,0,0,0,1000940.0,0.0062152173778896,689.8891289457456,CL24,KR14;KR10,4.681202,-74.05588675,0.0,18.287684206416667,,0.0,120.0,0.0
165145,10501496,-74.032257264,4.760346744,CL 183-KR 9 02,2019,Octubre,31,jueves,7,22,Usaquén,Choque,Vehículo,,Solo Daños,0,0,0,0,0,0,0,0,0,0,0,0,0,0,0,0,0,0,0,0,0,0,1000088.0,0.0003537620987687582,39.267592963332156,KR19,CL159;CL152,4.7601672,-74.03195245,1.0,18.44131717804878,,0.0,123.0,1.0
165146,10501497,-74.057571179,4.68661015100002,CL 100-KR 45 02,2019,Octubre,31,jueves,7,3,Usaquén,Choque,Vehículo,,Solo Daños,0,0,0,0,0,1,0,0,0,1,0,0,0,0,0,0,0,0,0,0,0,1,1000036.0,0.0036241917282576496,402.2852818365991,AUTONORTE,CL82;CL80,4.6830666,-74.05833145,1.0,18.89284019981132,,0.0,106.0,1.0
165147,10501498,-74.075364185,4.63427523299998,KR 24-CL 45 2,2019,Octubre,31,jueves,16,30,Teusaquillo,Choque,Vehículo,,Solo Daños,0,1,0,0,0,0,0,0,0,0,0,0,0,0,0,0,0,0,0,0,0,0,1000010.0,0.0011277615574930308,125.18153288172643,KR7,CL112;CL116,4.63540275,-74.0753407,1.0,18.17874349903846,,0.0,104.0,1.0
165148,10501499,-74.119719817,4.52693753900002,KR 14-CL 68 S 02,2019,Octubre,31,jueves,9,50,Usme,Choque,Vehículo,,Solo Daños,0,1,0,0,0,0,0,0,0,0,1,0,1,0,1,0,0,0,0,0,0,0,1001959.0,0.011533401737741655,1280.2075928893237,"CL19,KR3",KR5;CL22,4.5343054,-74.1108466,0.0,13.472533129596775,,0.0,124.0,0.0
165149,10501500,-74.111911347,4.722784268,KR 111A-DG 86A 2,2019,Octubre,31,jueves,8,53,Engativá,Choque,Vehículo,,Solo Daños,0,0,0,0,0,0,0,0,0,0,1,0,1,0,0,1,0,0,0,0,0,0,1000710.0,0.00800785689385389,888.8721152177817,KR86,CL72;CL75BIS,4.7274802000000005,-74.1054249,0.0,24.516661730363637,,0.0,110.0,0.0
165150,10501501,-74.09115245,4.56193062599999,CL 30B-KR 2 SE 02,2019,Octubre,31,jueves,8,14,San Cristóbal,Choque,Vehículo,,Solo Daños,0,0,0,0,0,0,0,0,0,0,1,0,1,0,0,1,0,0,0,0,0,0,44.0,0.0022053569251086064,244.7946186870553,CL26,AV.CARACAS;MODELIA,4.56249865,-74.0932834,1.0,38.62045758854838,,0.0,124.0,1.0
165151,10501502,-74.055111836,4.72139310199998,CL 134D-KR 49 2,2019,Octubre,31,jueves,10,15,Suba,Choque,Vehículo,,Solo Daños,0,0,0,0,0,0,0,1,0,0,0,0,0,0,0,0,0,0,0,0,0,0,1001953.0,0.002229294926434907,247.45173683427467,CL100,KR15;KR11,4.720507899999999,-74.05715785000001,1.0,15.811288671249999,,0.0,120.0,1.0
165152,10501503,-74.125167402,4.68049137899999,CL 25D-KR 95A 40,2019,Octubre,31,jueves,9,10,Fontibón,Choque,Vehículo,,Solo Daños,0,1,0,0,0,0,0,0,0,0,0,0,0,0,0,0,0,0,0,0,0,0,115.0,0.0031942580883033336,354.56264780167004,KR60;CL68,CL66C;KR58,4.68103185,-74.1220192,1.0,18.375713451382115,,0.0,123.0,1.0
165153,10501504,-74.115225294,4.59072296900001,CL 31-KR 29B S 2,2019,Octubre,31,jueves,15,0,Antonio Nariño,Choque,Vehículo,,Solo Daños,0,0,0,0,0,0,0,0,0,0,0,0,0,0,0,0,0,0,0,0,0,0,66.0,0.006142682671151021,681.8377764977633,CL11SUR,KR6_ESTE;AV.CARACAS,4.5966778,-74.1137178,0.0,14.513752489435484,,0.0,124.0,0.0
165154,10501505,-74.073990976,4.633729792,CL 45-KR 22 02,2019,Octubre,31,jueves,10,20,Teusaquillo,Choque,Vehículo,,Solo Daños,0,1,0,0,0,0,0,0,0,0,0,0,0,0,0,0,0,0,0,0,0,0,17.0,0.0016214705478855035,179.98323081529088,CL85,KR7;KR15,4.63445805,-74.07254225,1.0,8.211481329166666,,0.0,120.0,1.0
165155,10501506,-74.063535592,4.64948772299999,KR 13-CL 63 02,2019,Octubre,31,jueves,6,0,Chapinero,Choque,Vehículo,,Solo Daños,0,1,0,0,0,0,0,0,0,0,1,0,0,0,0,0,0,0,0,0,0,0,1002025.0,0.004047629677666312,449.28689422096056,AUTONORTE,SANTA.FE;TOBERIN,4.64911745,-74.06756625,1.0,44.51511672568965,,0.0,116.0,1.0
165156,10501507,-74.112411142,4.667659474,CL 26-KR 72 02,2019,Octubre,31,jueves,11,0,Engativá,Choque,Vehículo,,Solo Daños,0,0,0,0,0,0,0,0,0,0,1,0,1,0,0,1,0,0,0,0,0,0,92.0,0.005294273769127211,587.6643883731205,"KR50,TV42,TV39",CL6;CL19,4.6708416,-74.1081799,0.0,15.623392792601626,,0.0,123.0,0.0
165157,10501508,-74.077410805,4.600830917,CL 12-KR 9 02,2019,Octubre,31,jueves,12,0,Candelaria,Choque,Vehículo,,Solo Daños,0,0,0,0,0,1,0,0,0,0,0,0,0,0,0,0,0,0,0,0,0,0,1000204.0,0.003200658373566657,355.27307946589895,KR7,CL39;CL45,4.60029015,-74.08056545,1.0,16.91028780782258,,0.0,124.0,1.0
165158,10501509,-74.161482701,4.61979139900001,KR 79-CL 42 S 58,2019,Octubre,31,jueves,5,50,Kennedy,Choque,Vehículo,,Solo Daños,0,0,1,0,0,0,0,0,0,0,0,0,0,0,0,0,0,0,0,0,0,0,79.0,0.009338531553437756,1036.577002431591,AV.AMERICAS;KR80,KR86;CL55SUR,4.6222152,-74.1524642,0.0,22.21395370860656,,0.0,122.0,0.0
165298,10503909,-74.166787475,4.62739814999998,DG 42A-KR 81I S 24,2019,Octubre,21,lunes,12,10,Kennedy,Caida de ocupante,,,Con Muertos,1,0,0,0,0,0,0,0,0,0,0,0,0,0,0,0,0,0,0,0,0,0,148.0,0.009083475301516286,1008.2657584683078,AV.CL59SUR,KR81A;CL59SUR,4.6285372,-74.1577757,0.0,16.57291500875,,0.0,8.0,0.0
165349,10498730,-74.138346191,4.62300063200001,AV AVENIDA BOYACA-CL 1 02,2019,Octubre,2,miércoles,17,45,Kennedy,Choque,Vehículo,,Solo Daños,0,1,0,0,0,0,0,0,0,0,0,0,0,0,0,0,0,0,0,0,0,0,1000942.0,0.002464060200648831,273.51068227202023,TV39,CL6;CL13,4.62102935,-74.1368678,1.0,20.319258891525426,,0.0,118.0,1.0
165350,10498731,-74.045390598,4.72971904399998,KR 19-CL 147 02,2019,Octubre,3,jueves,0,20,Usaquén,Choque,Vehículo,,Solo Daños,0,0,0,0,0,0,0,0,0,0,0,0,0,0,0,0,0,0,0,0,0,0,1001008.0,0.006064849746554288,673.1983218675259,CL63,KR72;KR77A,4.72933775,-74.05144345,0.0,27.16019750117117,,0.0,111.0,0.0
165351,10498732,-74.081927425,4.585624494,KR 7-CL 1 S 02,2019,Octubre,2,miércoles,19,12,San Cristóbal,Choque,Vehículo,,Solo Daños,0,0,1,0,0,0,0,0,0,1,0,0,0,0,0,0,0,0,0,0,0,1,104.0,0.0003543207911818857,39.32960782118931,CL80,AV.CARACAS;KR119,4.5855397,-74.08227145000001,1.0,18.64468387575,,0.0,120.0,1.0
165353,10498734,-74.156584197,4.61986008299999,TR 78K-CL 41 S 35,2019,Octubre,2,miércoles,16,24,Kennedy,Choque,Vehículo,,Solo Daños,0,0,0,0,0,0,0,0,0,0,0,0,0,0,0,0,0,0,0,0,0,0,79.0,0.004745624444030129,526.7643132873443,AV.AMERICAS;KR80,KR86;CL55SUR,4.6222152,-74.1524642,1.0,13.503727674,,0.0,120.0,1.0
165354,10498735,-74.113829099,4.70168445399997,KR 96-CL 72 2,2019,Octubre,2,miércoles,15,0,Engativá,Choque,Vehículo,,Solo Daños,0,0,0,0,0,0,0,0,0,1,0,0,0,0,0,0,0,0,0,0,0,1,1000723.0,0.005078711196823419,563.7369428473995,KR86,CL10;AV.AMERICAS,4.6984233,-74.11772245,0.0,10.41268415462185,,0.0,119.0,0.0
165355,10498736,-74.085202273,4.64965846199999,KR 50-CL 58A 02,2019,Octubre,2,miércoles,17,20,Teusaquillo,Choque,Vehículo,,Solo Daños,0,0,0,0,0,0,0,1,0,1,0,0,0,0,0,0,0,0,0,0,0,1,1001730.0,0.0019603124930975264,217.59468673382543,KR50,CL2C;CL5A,4.6505877,-74.08692835,1.0,24.664390471130435,,0.0,115.0,1.0
165356,10498737,-74.103172955,4.508244623,DG 84-KR 5B SE 60,2019,Octubre,1,martes,9,0,Usme,Choque,Objeto Fijo,Semaforo,Solo Daños,0,1,0,0,0,0,0,0,0,0,1,0,1,0,0,0,1,0,0,0,0,0,1001959.0,0.027167055884465833,3015.5432031757073,"CL19,KR3",KR5;CL22,4.5343054,-74.1108466,0.0,13.472533129596775,,0.0,124.0,0.0
165357,10498738,-74.11749079,4.62820717900001,AV AVENIDA DE LAS AMERICAS-KR 63 2,2019,Octubre,2,miércoles,6,50,Puente Aranda,Choque,Vehículo,,Solo Daños,0,0,0,0,0,0,0,0,0,0,0,0,0,0,0,0,0,0,0,0,0,0,1001206.0,0.0008843489773518425,98.16273648605453,KR68,NQS;CL40SUR,4.627447549999999,-74.11794359999999,1.0,24.884874474310347,,0.0,116.0,1.0
165358,10498739,-74.060539534,4.658317055,CL 72-KR 13 02,2019,Octubre,2,miércoles,7,50,Chapinero,Choque,Vehículo,,Solo Daños,0,0,0,0,0,0,0,0,0,0,1,0,1,0,0,1,0,0,0,0,0,0,1000707.0,0.002914124773869278,323.46784989948986,CL13,KR47;KR39,4.6608924,-74.06190325,1.0,23.017047723966943,,0.0,121.0,1.0
165359,10498740,-74.061358245,4.71641983000001,CL 129-KR 53D 2,2019,Octubre,2,miércoles,15,20,Suba,Choque,Vehículo,,Solo Daños,0,0,0,0,0,0,0,0,0,1,0,0,0,0,0,0,0,0,0,0,0,1,1000246.0,0.0012479486068925109,138.52229536506871,CL45,KR19;AV.CARACAS,4.71519355,-74.0611267,1.0,14.898675228064516,,0.0,124.0,1.0
165360,10498741,-74.136946552,4.63674633199997,AV AVENIDA BOYACA-CL 8 2,2019,Octubre,2,miércoles,19,20,Kennedy,Choque,Vehículo,,Solo Daños,0,1,0,0,0,0,0,1,0,0,0,0,0,0,0,0,0,0,0,0,0,0,131.0,0.004888266127059194,542.5975401035706,"KR78K,CL41SUR",CL26SUR;AV.P.MAYO,4.6381608,-74.14162569999999,1.0,13.447931743833333,,0.0,120.0,1.0
165361,10498742,-74.133607641,4.56598774999998,KR 16C-CL 56 S 17,2019,Octubre,1,martes,15,0,Tunjuelito,Choque,Vehículo,,Solo Daños,0,0,0,0,0,0,0,0,0,0,1,0,0,0,0,0,0,0,0,0,0,0,56.0,0.009202804898590329,1021.5113437435265,CL6,AV.CARACAS;KR42,4.574981,-74.13556034999999,0.0,16.49193247096774,,0.0,124.0,0.0
165362,10498743,-74.113455911,4.61519240799998,TR 42-CL 3 02,2019,Octubre,2,miércoles,16,0,Puente Aranda,Choque,Vehículo,,Solo Daños,0,0,0,0,0,0,0,0,0,0,0,0,0,0,0,0,0,0,0,0,0,0,1000332.0,0.00339843803483599,377.2266218667949,CL11SUR,KR7;KR10,4.6123352,-74.11529594999999,1.0,14.39594918725,,0.0,120.0,1.0
165363,10498744,-74.105952853,4.67385918600002,KR 72B-CL 55 29,2019,Octubre,2,miércoles,20,0,Engativá,Choque,Vehículo,,Solo Daños,0,0,0,0,0,0,0,1,0,0,0,0,0,0,0,0,0,0,0,0,0,0,1000228.0,0.0007454753887486907,82.74776815110467,KR72,CL169;CL170,4.6733282,-74.10647610000001,1.0,39.199717619999994,,0.0,106.0,1.0
165364,10498745,-74.058780554,4.665990964,KR 16A-CL 79 02,2019,Octubre,1,martes,12,49,Chapinero,Choque,Vehículo,,Solo Daños,0,0,0,0,0,0,0,0,0,1,0,0,0,0,0,0,0,0,0,0,0,1,141.0,0.004169594639024422,462.8250049317109,AUTONORTE,CL80;SANTA.FE,4.6632782,-74.0556141,1.0,30.920041676198345,,0.0,121.0,1.0
165365,10498746,-74.043113212,4.69913936,KR 15-CL 119 02,2019,Octubre,3,jueves,20,40,Usaquén,Choque,Vehículo,,Con Heridos,0,0,0,0,0,1,0,0,0,0,0,0,0,0,0,0,0,0,0,0,0,0,1002018.0,0.006177364316546423,685.687439136653,AUTONORTE,ALCALA;CL146,4.705305,-74.0427328,0.0,30.662825625333333,,0.0,120.0,0.0
165366,10498747,-74.04307314,4.71852644900002,KR 16-CL 135 2,2019,Octubre,2,miércoles,13,8,Usaquén,Choque,Vehículo,,Con Heridos,0,0,0,0,1,0,0,1,0,1,0,0,0,0,0,0,0,0,0,0,0,1,1002021.0,0.002015116260068888,223.67790486764656,AUTONORTE,CARDIO.INFANTIL;CL146,4.7190752,-74.04501210000001,1.0,44.36867003733871,,0.0,124.0,1.0
165367,10498748,-74.113896117,4.74094471799998,KR 129A-CL 132 02,2019,Octubre,1,martes,22,0,Suba,Choque,Vehículo,,Con Heridos,0,0,0,0,0,1,0,0,0,0,0,0,0,0,0,0,0,0,0,0,0,0,1000951.0,0.012401491237401151,1376.5655273515279,AV.SUBA,CL127;HUMEDAL.CORDOBA,4.7388854,-74.1016668,0.0,43.02997801433333,,0.0,120.0,0.0
165368,10498749,-74.097717986,4.62424016099999,CL 17A-KR 42BIS 02,2019,Octubre,3,jueves,8,13,Puente Aranda,Choque,Vehículo,,Con Heridos,0,0,0,0,0,1,0,0,0,0,0,0,0,0,0,0,0,0,0,0,0,0,1000680.0,0.0016845839833780107,186.9888221549592,KR27,AV.P.MAYO;CL30S,4.6258809,-74.09733615,1.0,21.41282377547619,,0.0,84.0,1.0
165369,10498750,-74.171102134,4.62811835000002,AK 86-CL 43 S 2,2019,Octubre,3,jueves,22,10,Kennedy,Choque,Vehículo,,Con Heridos,0,0,0,0,0,1,0,0,0,1,0,0,0,0,0,0,0,0,0,0,0,1,148.0,0.013333014605806194,1479.9646212444875,AV.CL59SUR,KR81A;CL59SUR,4.6285372,-74.1577757,0.0,17.9651675825,,0.0,8.0,0.0
165370,10498751,-74.186028047,4.63229834499998,KR 89B-CL 54B S 38,2019,Octubre,2,miércoles,12,39,Bosa,Choque,Vehículo,,Con Heridos,0,0,0,0,0,1,0,0,0,0,0,0,0,0,0,0,0,0,0,0,0,0,1000981.0,0.019710570504802592,2187.873326033088,DIAG16,KR90;KR97,4.6495069,-74.176417,0.0,33.0061912335,,0.0,120.0,0.0
165371,10498752,-74.084698342,4.58188596500003,KR 7-CL 7 S 02,2019,Octubre,3,jueves,7,50,San Cristóbal,Choque,Vehículo,,Con Heridos,0,0,0,0,0,1,0,0,0,1,0,0,0,0,0,0,0,0,0,0,0,1,104.0,0.004386295045891712,486.8787500939801,CL80,AV.CARACAS;KR119,4.5855397,-74.08227145000001,1.0,24.395019376611568,,0.0,121.0,1.0
165373,10498754,-74.099245813,4.73913591000002,AV AVENIDA CIUDAD DE CALI-CL 135A 02,2019,Octubre,3,jueves,7,0,Suba,Choque,Vehículo,,Con Heridos,0,0,0,0,0,0,0,0,0,0,0,0,0,0,0,0,0,0,0,0,0,0,1000951.0,0.002433913169017539,270.1643617609468,AV.SUBA,CL127;HUMEDAL.CORDOBA,4.7388854,-74.1016668,1.0,30.794664913361345,,0.0,119.0,1.0
165374,10499122,-74.100760924,4.59866608200002,KR 27A-CL 1F 2,2019,Octubre,6,domingo,10,30,Los Mártires,Choque,Vehículo,,Solo Daños,0,0,0,0,0,0,0,1,0,0,1,0,1,0,0,1,0,0,0,0,0,0,1000264.0,0.001850501691256097,205.40568772942675,AV.CARACAS,CL40A;CL45,4.5972931,-74.1020016,1.0,21.321724298474575,,0.0,118.0,1.0
165375,10499123,-74.053984351,4.70413978200003,AK 45-CL 123 2,2019,Octubre,3,jueves,18,45,Usaquén,Choque,Vehículo,,Solo Daños,0,1,0,0,0,0,0,0,0,0,0,0,0,0,0,0,0,0,0,0,0,0,1000970.0,0.003736845389185838,414.78983819962804,CL34,KR19;AV.CARACAS,4.705220199999999,-74.0575616,1.0,10.289555170504201,,0.0,119.0,1.0
165376,10499124,-74.028680285,4.71619944600002,KR 7-CL 140 2,2019,Octubre,6,domingo,15,22,Usaquén,Choque,Vehículo,,Solo Daños,0,0,0,0,0,1,0,0,0,0,0,0,0,0,0,0,0,0,0,0,0,0,1000051.0,0.004501019396287787,499.6131529879443,CL116,KR15;KR11,4.7180052,-74.0328032,1.0,18.18995254983871,,0.0,124.0,1.0
165377,10499125,-74.071710175,4.60674121300002,KR 8-CL 20 2,2019,Octubre,4,viernes,13,30,Santa Fe,Choque,Vehículo,,Solo Daños,0,0,0,0,0,0,0,0,0,0,0,0,0,0,0,0,0,0,0,0,0,0,1000199.0,0.001082440846131623,120.15093392061014,KR9,CL134:CL140,4.6071991,-74.072691,1.0,29.118633273064514,,0.0,124.0,1.0
165378,10499126,-74.178203014,4.611241436,AV AVENIDA JORGE GAITAN CORTES-CL 58 S 22,2019,Octubre,5,sábado,14,50,Kennedy,Choque,Vehículo,,Solo Daños,0,0,0,0,0,0,0,0,0,0,0,0,0,0,0,0,0,0,0,0,0,0,149.0,0.008778045023141234,974.362997568677,AV.CL59SUR,CL59SUR;KR81A,4.6025243,-74.1792353,0.0,25.22058833375,,0.0,8.0,0.0
165379,10499127,-74.030784112,4.74273979399999,CL 165-KR 8H 2,2019,Octubre,6,domingo,16,40,Usaquén,Choque,Vehículo,,Solo Daños,0,0,0,0,0,0,0,0,0,1,0,0,0,0,0,0,0,0,0,0,0,1,1000081.0,0.00398875887441205,442.75223505973753,KR19,CL116;CL127,4.7391552,-74.03253365,1.0,12.334515991416668,,0.0,120.0,1.0
165380,10499128,-74.042703759,4.77184770999997,AK 45-CL 192 2,2019,Octubre,4,viernes,15,0,Usaquén,Choque,Vehículo,,Solo Daños,0,1,0,0,0,0,0,0,0,0,0,0,0,0,0,0,0,0,0,0,0,0,1000087.0,0.013924159226876804,1545.5816741833253,KR19,CL147;CL152,4.7597534,-74.04960375,0.0,13.346225918,,0.0,120.0,0.0
165381,10499129,-74.105761711,4.69604555299998,AV AVENIDA CIUDAD DE CALI-CL 72 02,2019,Octubre,6,domingo,15,34,Engativá,Choque,Vehículo,,Solo Daños,0,1,0,0,0,0,0,0,0,0,0,0,0,0,0,0,0,0,0,0,0,0,1000759.0,0.002002568865230233,222.28514404055588,KR80,CL26SUR;CL38CSUR,4.69774235,-74.10469815,1.0,21.946817464032257,,0.0,124.0,1.0
165382,10499130,-74.088415808,4.61830814899997,AC 19-KR 30 2,2019,Octubre,6,domingo,20,46,Los Mártires,Choque,Vehículo,,Solo Daños,0,0,0,0,0,0,0,0,0,0,0,0,0,0,0,0,0,0,0,0,0,0,1000700.0,0.0024851464009861537,275.85125050946306,CL13,KR56;KR47,4.616027750000001,-74.0894036,1.0,36.908271040108694,,0.0,92.0,1.0
165383,10499131,-74.097449675,4.66871020600001,CL 63-KR 69 02,2019,Octubre,6,domingo,22,15,Engativá,Choque,Vehículo,,Solo Daños,0,0,1,0,0,0,0,0,0,1,0,0,0,0,0,0,0,0,0,0,0,1,30.0,0.0030386362830082856,337.2886274139197,CL134,KR7;KR72,4.66866335,-74.10048795,1.0,25.038852717333334,,0.0,120.0,1.0
165384,10499132,-74.097333838,4.66158156500001,KR 68-CL 52 2,2019,Octubre,4,viernes,22,6,Teusaquillo,Choque,Vehículo,,Solo Daños,0,0,0,0,0,0,0,0,0,0,0,0,0,0,0,0,0,0,0,0,0,0,1000091.0,0.002410234837732172,267.5360669882711,KR7,CL140;CL147,4.6591718,-74.09728625,1.0,36.41308622028302,,0.0,106.0,1.0
165385,10499133,-74.161503948,4.59632567300002,AV AVENIDA DEL SUR-AV AVENIDA CIUDAD DE VILLAVICENCIO 2,2019,Octubre,6,domingo,14,51,Bosa,Choque,Vehículo,,Solo Daños,0,0,0,0,0,0,0,0,0,0,0,0,0,0,0,0,0,0,0,0,1,0,1001946.0,0.002980829627109278,330.8720886091299,"AV.P.MAYO,CL26SUR",KR72;KR78K,4.5960945,-74.1644758,1.0,15.501981523418804,,0.0,117.0,1.0
165386,10499134,-74.089529149,4.69573941700003,CL 80-KR 72 02,2019,Octubre,6,domingo,11,37,Engativá,Choque,Vehículo,,Solo Daños,0,0,0,0,0,0,0,0,0,1,0,0,0,0,0,0,0,0,0,0,0,1,1001000.0,0.002519699105683848,279.6866007309072,CL80,KR119;KR112A,4.69445795,-74.08735965,1.0,29.19754005327869,,0.0,122.0,1.0
165387,10499135,-74.074158687,4.64548288700001,TR 27-CL 53C 2,2019,Octubre,4,viernes,22,0,Barrios Unidos,Choque,Vehículo,,Solo Daños,0,0,0,0,0,0,0,0,0,0,0,0,0,0,0,0,0,0,0,0,0,0,1000661.0,0.0028024770866362735,311.07495661662637,AV.CIRCUNVALAR,CL59;CL51,4.6451685000000005,-74.0713739,1.0,49.50355304034188,,0.0,117.0,1.0
165388,10499136,-74.093097328,4.68161036200001,AV AVENIDA DE LA CONSTITUCION-CL 70 02,2019,Octubre,6,domingo,17,4,Engativá,Choque,Vehículo,,Solo Daños,0,0,0,0,0,0,0,1,0,0,0,0,0,0,0,0,0,0,0,0,0,0,1001341.0,0.0024889313728121516,276.27138238214883,KR86,AV.AMERICAS;CL40BSUR,4.68404705,-74.09259005000001,1.0,13.052717705798319,,0.0,119.0,1.0
165389,10499137,-74.160916673,4.587753324,AV AVENIDA CIUDAD DE VILLAVICENCIO-TR 64 2,2019,Octubre,6,domingo,18,20,Ciudad Bolívar,Choque,Vehículo,,Solo Daños,0,0,0,0,0,0,0,0,0,0,1,0,0,0,0,0,0,0,0,0,0,0,1002276.0,0.005757208543862074,639.0501483686902,AV.VILLAVICENCIO,CL57BSUR;AV.P.MAYO,4.5824943,-74.158574,0.0,21.56630625,,0.0,8.0,0.0
165390,10499138,-74.097449675,4.66871020600001,CL 63-KR 69 02,2019,Octubre,6,domingo,18,35,Engativá,Choque,Vehículo,,Solo Daños,0,0,0,0,0,1,0,0,0,0,0,0,0,0,0,0,0,0,0,0,0,0,30.0,0.0030386362830082856,337.2886274139197,CL134,KR7;KR72,4.66866335,-74.10048795,1.0,12.432163942333334,,0.0,120.0,1.0
165391,10499139,-74.113099098,4.66032744900002,KR 70-CL 24 2,2019,Octubre,4,viernes,14,0,Fontibón,Choque,Vehículo,,Solo Daños,0,0,0,0,0,0,0,1,0,0,1,0,0,0,0,0,0,0,0,0,0,0,1000196.0,0.005900762055430784,654.984588152817,CL134,KR7;KR9,4.6586908000000005,-74.10742985,0.0,18.53110666685484,,0.0,124.0,0.0
165392,10499140,-74.091914441,4.68441749499999,CL 72-KR 70 02,2019,Octubre,6,domingo,23,0,Engativá,Choque,Vehículo,,Solo Daños,0,1,0,0,0,0,0,0,0,0,0,0,0,0,0,0,0,0,0,0,0,0,1000999.0,0.00023923941753511884,26.555575346398193,CL80,KR112A;KR119,4.684189,-74.09184355,1.0,51.68022573728813,,0.0,118.0,1.0
165393,10499141,-74.100807344,4.57724325599997,CL 24-KR 12B S 2,2019,Octubre,4,viernes,15,0,Rafael Uribe Uribe,Choque,Vehículo,,Solo Daños,0,0,0,0,0,0,0,1,0,0,0,0,0,0,0,0,0,0,0,0,0,0,117.0,0.0030084160970623203,333.93418677391753,CL57,AV.CARACAS;TV25,4.5777728,-74.09784590000001,1.0,12.513568826833334,,0.0,120.0,1.0
165395,10499143,-74.125521697,4.57935784400001,CL 44-KR 24 S 02,2019,Octubre,6,domingo,19,50,Rafael Uribe Uribe,Choque,Vehículo,,Solo Daños,0,0,0,0,0,0,0,0,0,0,0,0,0,0,0,0,0,0,0,0,0,0,67.0,0.0017562285023102991,194.9413637564432,CL11SUR,AV.CARACAS;KR6_ESTE,4.5782967,-74.12412230000001,1.0,15.931041392333332,,0.0,120.0,1.0
165396,10499144,-74.08261239,4.59291891300001,KR 10-CL 3A 2,2019,Octubre,5,sábado,19,40,Candelaria,Choque,Vehículo,,Solo Daños,0,0,0,0,0,0,0,0,0,0,0,0,0,0,0,0,0,0,0,0,0,0,1001961.0,0.002873430803083807,318.9508191423026,CL22,KR1;KR3,4.5900896,-74.08211080000001,1.0,15.317059804583332,,0.0,120.0,1.0
165397,10499145,-74.094370034,4.66673135299999,CL 63-KR 68 2,2019,Octubre,6,domingo,22,0,Barrios Unidos,Choque,Vehículo,,Solo Daños,0,0,0,0,0,0,0,0,0,0,1,0,0,0,0,0,0,0,0,0,0,0,1000321.0,0.00042746424840962795,47.4485315734687,KR72,CL163;CL169B,4.6669198000000005,-74.09398635,1.0,38.47618403621622,,0.0,111.0,1.0
165398,10499515,-74.077332632,4.642433697,CL 53-KR 28 02,2019,Octubre,10,jueves,11,30,Teusaquillo,Choque,Vehículo,,Solo Daños,0,0,0,0,0,1,0,0,0,0,0,0,0,0,0,0,0,0,0,0,0,0,15.0,0.0018185111845524509,201.85474148532205,CL94,KR7;KR15,4.640764750000001,-74.07805485,1.0,10.847781124590165,,0.0,122.0,1.0
165399,10499516,-74.144918622,4.59914121499997,AV AVENIDA BOYACA-CL 44 S 02,2019,Octubre,10,jueves,21,13,Kennedy,Choque,Vehículo,,Con Heridos,1,0,0,0,1,0,0,0,0,1,0,0,0,0,0,0,0,0,0,0,0,1,1000698.0,0.0017740039415596119,196.91443751311692,"AV.AMERICAS,CL34",KR36;KR28,4.6006212,-74.14589674999999,1.0,31.167176152916667,,0.0,120.0,1.0
165400,10499517,-74.100843139,4.72962483200001,AV AVENIDA CIUDAD DE CALI-CL 128F 02,2019,Octubre,10,jueves,21,30,Suba,Choque,Vehículo,,Con Heridos,1,0,0,0,0,0,0,0,0,0,0,0,0,0,0,0,0,0,0,0,0,0,1000239.0,0.001696868025080587,188.35235078394516,CL127,KR51A;KR55,4.7285231,-74.1021337,1.0,42.740931976999995,,0.0,120.0,1.0
165401,10499518,-74.052722229,4.711538534,KR 45-CL 127D 2,2019,Octubre,11,viernes,20,18,Usaquén,Choque,Vehículo,,Con Heridos,0,1,0,0,0,1,0,0,0,0,0,0,0,0,0,0,0,0,0,0,0,0,18.0,0.0023256407579852097,258.14612413635825,CL85,KR15;KR7,4.7093504,-74.0519344,1.0,9.61146047075,,0.0,120.0,1.0
165402,10499519,-74.120803593,4.602803908,AV AVENIDA PRIMERA DE MAYO-KR 50 02,2019,Octubre,10,jueves,15,50,Puente Aranda,Choque,Vehículo,,Con Heridos,0,0,0,0,0,0,0,0,0,0,1,0,1,0,0,1,0,0,0,0,0,0,1001061.0,0.001373977530499158,152.51150588540654,AV.P.MAYO,CL43SUR;CL41BSUR,4.6016787,-74.1200151,1.0,16.731763741404958,,0.0,121.0,1.0
165403,10499520,-74.161438624,4.546795702,CL 73A-KR 27H S 02,2019,Octubre,10,jueves,15,50,Ciudad Bolívar,Atropello,,,Con Heridos,0,0,0,0,1,1,1,1,0,0,0,0,0,0,0,0,0,0,0,0,0,0,1002276.0,0.0358133490451109,3975.28174400731,AV.VILLAVICENCIO,CL57BSUR;AV.P.MAYO,4.5824943,-74.158574,0.0,22.6768116675,,0.0,8.0,0.0
165404,10499521,-74.1645188,4.61443459999998,TR 78H-AC 45 S 2,2019,Octubre,10,jueves,11,20,Kennedy,Choque,Vehículo,,Con Heridos,0,0,0,0,0,1,0,0,0,1,0,0,0,0,0,0,0,0,0,0,0,1,1001027.0,0.010281099111587502,1141.2020013862127,KR72,CL3;CL9,4.611398400000001,-74.15469625,0.0,13.434304498214287,,0.0,112.0,0.0
165405,10499522,-74.0742,4.58769999999998,CL 3-KR 1 2,2019,Octubre,10,jueves,8,42,Santa Fe,Choque,Vehículo,,Con Heridos,0,0,0,0,0,1,0,0,0,0,0,0,0,0,0,0,0,0,0,0,0,0,1000028.0,0.005616274070283855,623.4064218015079,KR11,CL94;CL92,4.58677215,-74.0686609,0.0,16.2381438125,,0.0,124.0,0.0
165406,10499523,-74.097680426,4.62425798499999,KR 42BIS-CL 17A 02,2019,Octubre,10,jueves,16,21,Puente Aranda,Choque,Vehículo,,Con Heridos,0,0,0,0,0,1,0,0,0,0,0,0,0,0,0,0,0,0,0,0,0,0,1000680.0,0.0016590295541156512,184.1522805068373,KR27,AV.P.MAYO;CL30S,4.6258809,-74.09733615,1.0,14.933487663536587,,0.0,82.0,1.0
165407,10499524,-74.137881182,4.555217583,AV AVENIDA BOYACA-AC 64 S 2,2019,Octubre,10,jueves,11,1,Ciudad Bolívar,Choque,Vehículo,,Con Heridos,0,1,0,0,0,1,0,0,0,0,0,0,0,0,0,0,0,0,0,0,0,0,56.0,0.019899218896433077,2208.8132975040717,CL6,AV.CARACAS;KR42,4.574981,-74.13556034999999,0.0,17.94925906909836,,0.0,122.0,0.0
165408,10499525,-74.080039914,4.61613983400002,KR 19A-CL 22B 2,2019,Octubre,10,jueves,10,50,Los Mártires,Choque,Vehículo,,Con Heridos,0,0,0,0,0,1,0,0,0,0,0,0,0,0,0,0,0,0,0,0,0,0,1001259.0,0.003452079456286198,383.180819647768,CL24,KR69B;KR68B,4.6157021,-74.0766157,1.0,13.766196696666666,,0.0,120.0,1.0
165409,10499526,-74.068632412,4.64465022600001,KR 17-CL 57 02,2019,Octubre,10,jueves,15,48,Teusaquillo,Choque,Vehículo,,Con Heridos,0,0,0,0,0,0,0,0,0,0,1,0,0,0,0,0,0,0,0,0,0,0,1001930.0,0.0012191213241142737,135.32246697668438,"TV25,DIAG53,KR24",CL57;CL45,4.6443781,-74.06744405,1.0,9.154041196166666,,0.0,120.0,1.0
165410,10499527,-74.081449152,4.57448068500003,CL 11-KR 1A SE 02,2019,Octubre,11,viernes,21,6,San Cristóbal,Choque,Vehículo,,Con Heridos,0,0,0,0,1,1,0,0,0,0,0,0,0,0,0,0,0,0,0,0,0,0,145.0,0.0031661945523787714,351.4475953140436,CL63,AV.CARACAS;KR24,4.57655,-74.08384555,1.0,15.451551499137931,,0.0,116.0,1.0
165411,10499528,-74.053253984,4.71731947799998,CL 131-KR 45A 2,2019,Octubre,11,viernes,21,30,Suba,Choque,Vehículo,,Con Heridos,1,0,0,0,0,0,0,0,0,0,0,0,0,0,0,0,0,0,0,0,0,0,1000173.0,0.002016305638110012,223.8099258302113,KR15,CL106;CL127,4.71847495,-74.0516016,1.0,17.519506962666664,,0.0,120.0,1.0
165412,10499529,-74.110100055,4.58703702600002,KR 26-CL 26 S 02,2019,Octubre,11,viernes,6,28,Rafael Uribe Uribe,Choque,Vehículo,,Con Heridos,0,0,0,0,0,1,0,0,0,0,0,0,0,0,0,0,0,0,0,0,0,0,1000314.0,0.0035497230475964154,394.01925828320213,CL19,KR5;KR10,4.5844906000000005,-74.10762695,1.0,15.652181276551724,,0.0,116.0,1.0
165413,10499530,-74.111382669,4.58868643300002,KR 27-CL 26 S 88,2019,Octubre,11,viernes,18,30,Antonio Nariño,Choque,Vehículo,,Con Heridos,0,1,0,0,0,1,0,0,0,0,0,0,0,0,0,0,0,0,0,0,0,0,1000314.0,0.005631202337955184,625.0634595130255,CL19,KR5;KR10,4.5844906000000005,-74.10762695,0.0,11.399207541061948,,0.0,113.0,0.0
165414,10499531,-74.138075304,4.54060864399997,CL 77-KR 17A S 2,2019,Octubre,11,viernes,6,7,Ciudad Bolívar,Choque,Vehículo,,Con Heridos,0,1,0,0,0,1,0,0,0,0,0,0,0,0,0,0,0,0,0,0,0,0,39.0,0.025619091631661525,2843.719171114429,AV.CARACAS,AV.P.MAYO;CL80,4.5552695,-74.11706585,0.0,18.37913074236842,,0.0,114.0,0.0
165415,10499532,-74.083689582,4.66907126799998,KR 60-CL 67A 02,2019,Octubre,10,jueves,12,0,Barrios Unidos,Choque,Vehículo,,Con Heridos,0,0,0,0,0,1,0,1,0,0,0,0,0,0,0,0,0,0,0,0,0,0,1001727.0,0.0010038541380767987,111.42780932652465,KR60;CL68,CL66C;KR58,4.6690878,-74.0846933,1.0,19.795643184878045,,0.0,123.0,1.0
165416,10499533,-74.171343407,4.63825750799998,KR 89C-CL 42 S 2,2019,Octubre,11,viernes,22,50,Kennedy,Choque,Vehículo,,Con Heridos,0,0,0,0,0,1,0,0,0,0,0,0,0,0,0,0,0,0,0,0,0,0,1000981.0,0.012340590192524384,1369.8055113702067,DIAG16,KR90;KR97,4.6495069,-74.176417,0.0,43.454215904499996,,0.0,120.0,0.0
165417,10499534,-74.1399,4.64159999999998,KR 86-CL 9 02,2019,Octubre,11,viernes,1,15,Kennedy,Choque,Vehículo,,Con Heridos,1,0,1,0,0,1,0,0,0,0,0,0,0,0,0,0,0,0,0,0,0,0,131.0,0.0038478743651326904,427.11405452972866,"KR78K,CL41SUR",CL26SUR;AV.P.MAYO,4.6381608,-74.14162569999999,1.0,24.879721490086958,,0.0,115.0,1.0
165418,10499535,-74.098981238,4.55956816899999,KR 3B-CL 36D S 2,2019,Octubre,11,viernes,21,30,San Cristóbal,Choque,Vehículo,,Con Heridos,0,0,0,0,0,1,0,0,0,1,0,0,0,0,0,0,0,0,0,0,0,1,44.0,0.0064072674960190265,711.2066920581119,CL26,AV.CARACAS;MODELIA,4.56249865,-74.0932834,0.0,40.61085600333333,,0.0,120.0,0.0
165419,10499536,-74.180164075,4.59707898099998,AV AVENIDA DEL SUR-CL 65A S 02,2019,Octubre,11,viernes,6,0,Bosa,Choque,Vehículo,,Con Heridos,0,0,0,0,0,1,0,0,0,0,0,0,0,0,0,0,0,0,0,0,0,0,149.0,0.005523958907576051,613.1594387409416,AV.CL59SUR,CL59SUR;KR81A,4.6025243,-74.1792353,0.0,21.34844972875,,0.0,8.0,0.0
165420,10499537,-74.044926681,4.68349893499999,CL 100-KR 11B 02,2019,Octubre,11,viernes,7,35,Usaquén,Choque,Vehículo,,Con Heridos,0,0,0,0,0,1,0,0,0,0,1,0,0,0,0,0,0,0,0,0,0,0,1002017.0,0.005756492448505787,638.9706617841424,AUTONORTE,ALCALA;PRADO,4.6892508,-74.04515745,0.0,31.978391333482143,,0.0,112.0,0.0
165421,10499538,-74.16340518,4.62246196900003,AC 42A-KR 80 S 2,2019,Octubre,11,viernes,22,15,Kennedy,Choque,Vehículo,,Con Heridos,1,0,0,0,0,0,0,0,0,0,1,0,0,0,0,0,0,0,0,0,0,0,148.0,0.008282480110048932,919.3552922154314,AV.CL59SUR,KR81A;CL59SUR,4.6285372,-74.1577757,0.0,17.9651675825,,0.0,8.0,0.0
165422,10499539,-74.118796094,4.62419310299998,KR 60-CL 4D 2,2019,Octubre,11,viernes,20,0,Puente Aranda,Choque,Vehículo,,Con Muertos,0,0,1,0,0,0,0,1,0,1,0,1,0,0,0,0,0,0,0,0,0,1,1001956.0,0.0009817112022578304,108.96994345061917,"CL68,CL72",KR58;KR70,4.6240064,-74.1178323,1.0,12.623942642436976,,0.0,119.0,1.0
165423,10499540,-74.144012223,4.66517822499998,AC 13-KR 96B 02,2019,Octubre,11,viernes,22,55,Fontibón,Atropello,,,Con Heridos,0,0,0,0,0,1,1,1,0,0,0,0,0,0,0,0,0,0,0,0,0,0,1001347.0,0.010637787721758751,1180.7944371152214,DIAG16,KR97;KR106,4.6757841,-74.14318885,0.0,32.951224938416665,,0.0,120.0,0.0
165424,10499906,-74.119366933,4.679315718,AV AVENIDA CIUDAD DE CALI-CL 26 2,2019,Octubre,11,viernes,16,45,Engativá,Choque,Vehículo,,Solo Daños,0,1,0,0,0,0,0,0,0,0,0,0,0,0,0,0,0,0,0,0,0,0,115.0,0.0031590551246732947,350.6551188387357,KR60;CL68,CL66C;KR58,4.68103185,-74.1220192,1.0,16.288711381083335,,0.0,120.0,1.0
165425,10499907,-74.202086585,4.60898994600001,KR 80J-CL 79A S 02,2019,Octubre,15,martes,10,45,Kennedy,Choque,Vehículo,,Solo Daños,0,0,0,0,0,0,0,0,0,0,1,0,1,0,1,0,0,0,0,0,0,0,1002284.0,0.004503368866868909,499.87394422244887,KR86,TV79D;CL57BSUR,4.61096955,-74.19804165,1.0,24.56304462625,,0.0,8.0,1.0
165426,10499908,-74.083175739,4.59802871400001,KR 13-CL 7 46,2019,Octubre,12,sábado,13,5,Santa Fe,Choque,Vehículo,,Solo Daños,0,0,0,0,0,0,0,0,0,0,0,0,0,0,0,0,0,0,0,0,0,0,1001993.0,0.002186237768011262,242.67239224925007,AUTONORTE,VIRREY;CL82,4.599906,-74.0842962,1.0,34.693852193951614,,0.0,124.0,1.0
165427,10499909,-74.101953881,4.68761216199999,CL 69A-KR 77 02,2019,Octubre,15,martes,6,35,Engativá,Choque,Vehículo,,Solo Daños,0,0,0,0,0,0,0,0,0,0,0,0,0,0,0,0,0,0,0,0,0,0,1000748.0,0.005325790591939076,591.1627557052375,KR68,CL3;CL13,4.692486049999999,-74.1041008,0.0,20.62724184974138,,0.0,116.0,0.0
165428,10499911,-74.087160916,4.59376555699998,AV AVENIDA CARACAS-CL 2 02,2019,Octubre,14,lunes,7,20,Los Mártires,Volcamiento,,,Con Heridos,0,0,0,0,0,1,0,0,0,0,0,0,0,0,0,0,0,0,0,0,0,0,140.0,0.0024558297583240356,272.5971031739679,CL22,KR1;KR3,4.59581445,-74.08851485,1.0,11.524261958373984,,0.0,123.0,1.0
165429,10499912,-74.114019949,4.508102683,AV AVENIDA BOYACA-KR 14 02,2019,Octubre,15,martes,6,20,Usme,Choque,Vehículo,,Solo Daños,0,0,0,0,0,0,0,1,0,0,1,0,1,0,0,0,1,0,0,0,0,0,1001959.0,0.02639417591170193,2929.753526198914,"CL19,KR3",KR5;CL22,4.5343054,-74.1108466,0.0,19.42735955112069,,0.0,116.0,0.0
165430,10499913,-74.126354452,4.52674612200002,CL 71-KR 4 S 2,2019,Octubre,14,lunes,14,10,Ciudad Bolívar,Choque,Vehículo,,Solo Daños,0,0,0,0,0,0,0,0,0,1,0,0,0,0,0,0,0,0,0,0,0,1,1001959.0,0.01725213486890399,1914.9869704483428,"CL19,KR3",KR5;CL22,4.5343054,-74.1108466,0.0,12.12012095935484,,0.0,124.0,0.0
165431,10499914,-74.122408879,4.74237254100001,KR 152-CL 132 02,2019,Octubre,14,lunes,21,34,Suba,Choque,Vehículo,,Solo Daños,0,0,0,0,0,0,0,1,0,0,1,0,0,0,0,0,0,0,0,0,1,0,1000951.0,0.021033164136578464,2334.6812191602094,AV.SUBA,CL127;HUMEDAL.CORDOBA,4.7388854,-74.1016668,0.0,38.940690806949156,,0.0,118.0,0.0
165432,10499915,-74.131037566,4.56989019299999,KR 19C-CL 52 S 02,2019,Octubre,15,martes,11,30,Ciudad Bolívar,Choque,Vehículo,,Solo Daños,0,0,0,0,0,0,0,0,0,0,1,0,1,0,0,1,0,0,0,0,0,0,56.0,0.006809690963758894,755.8756969772372,CL6,AV.CARACAS;KR42,4.574981,-74.13556034999999,0.0,17.94925906909836,,0.0,122.0,0.0
165433,10499916,-74.050986633,4.65106984200003,KR 1-CL 70A 36,2019,Octubre,14,lunes,16,0,Chapinero,Choque,Vehículo,,Solo Daños,0,0,0,0,0,0,0,1,0,0,0,0,0,0,0,0,0,0,0,0,0,0,1000096.0,0.00656059911915535,728.2265022262438,KR7,CL162;CL153,4.654590349999999,-74.05652265,0.0,22.379855369642858,,0.0,112.0,0.0
165434,10499917,-74.154791948,4.57578974900002,CL 68-KR 46A S 02,2019,Octubre,14,lunes,22,30,Ciudad Bolívar,Choque,Vehículo,,Solo Daños,0,0,0,0,0,0,0,0,0,0,0,0,0,0,0,0,0,0,0,0,0,0,1002276.0,0.007697721834547944,854.4471236348218,AV.VILLAVICENCIO,CL57BSUR;AV.P.MAYO,4.5824943,-74.158574,0.0,30.2569251675,,0.0,8.0,0.0
165435,10499918,-74.079325031,4.63623496899999,KR 30-CL 46 02,2019,Octubre,16,miércoles,0,45,Teusaquillo,Volcamiento,,,Solo Daños,0,1,0,0,0,0,0,0,0,0,0,0,0,0,0,0,0,0,0,0,0,0,70.0,0.0008354129194036464,92.73083405380476,KR27,CL22C;CL30SUR,4.636184399999999,-74.07849115,1.0,37.19192992759036,,0.0,83.0,1.0
165436,10499919,-74.065204764,4.60606294299998,AV AVENIDA CIRCUNVALAR-CL 23 2,2019,Octubre,14,lunes,7,31,Santa Fe,Choque,Objeto Fijo,Vehiculo,Con Heridos,0,0,0,0,0,1,0,0,0,0,0,1,0,0,0,0,0,0,0,0,0,0,2.0,0.0049428337075717674,548.6545415404662,KR7,CL32;CL188,4.60499885,-74.0700317,1.0,20.71084519453704,,0.0,108.0,1.0
165437,10499920,-74.074854499,4.710526722,CL 127-KR 70D 02,2019,Octubre,15,martes,13,5,Suba,Choque,Vehículo,,Solo Daños,0,0,0,0,0,0,0,0,0,0,1,0,0,0,0,0,0,0,0,0,0,0,1002013.0,0.004623559273051879,513.2150793087586,AUTONORTE,CL127;PEPE.SIERRA,4.7124844,-74.07904314999999,1.0,35.79276902048387,,0.0,124.0,1.0
165438,10499921,-74.1209,4.6943,KR 92-CL 64G 2,2019,Octubre,15,martes,14,20,Engativá,Choque,Vehículo,,Solo Daños,0,0,0,0,0,0,0,0,0,0,0,0,0,0,0,0,0,0,0,0,0,0,1000723.0,0.005205614938940684,577.8232582224159,KR86,CL10;AV.AMERICAS,4.6984233,-74.11772245,0.0,10.403752819304348,,0.0,115.0,0.0
165439,10499922,-74.157603185,4.68552523199997,KR 120-CL 17 02,2019,Octubre,15,martes,11,10,Fontibón,Choque,Vehículo,,Solo Daños,0,1,0,0,0,0,0,0,0,0,1,0,1,0,0,1,0,0,0,0,0,0,95.0,0.0016836598120218683,186.88623913442737,AV.SUBA,KR94;SAN.MARTIN,4.68681675,-74.15652305,1.0,21.493794238166668,,0.0,120.0,1.0
165440,10499923,-74.168907709,4.61372145899998,AV AVENIDA PRIMERA DE MAYO-KR 78L 02,2019,Octubre,15,martes,12,30,Kennedy,Choque,Vehículo,,Solo Daños,0,0,0,0,0,0,0,0,0,0,1,0,0,0,0,0,0,0,0,0,0,0,57.0,0.012972013691169605,1439.8935197198261,CL6,KR42;AV.CARACAS,4.60480905,-74.15948209999999,0.0,15.377563344596773,,0.0,124.0,0.0
165441,10499924,-74.045297464,4.75809786899998,AK 45-CL 182 2,2019,Octubre,15,martes,14,30,Usaquén,Choque,Vehículo,,Con Heridos,0,0,0,0,0,1,0,0,0,0,1,0,1,0,0,1,0,0,0,0,0,0,1000087.0,0.004613554162014579,512.1045119836182,KR19,CL147;CL152,4.7597534,-74.04960375,1.0,12.226753778852459,,0.0,122.0,1.0
165442,10499925,-74.044085215,4.76342028800002,KR 45-CL 187 02,2019,Octubre,15,martes,12,40,Usaquén,Choque,Objeto Fijo,Semaforo,Con Heridos,0,0,0,0,0,0,0,0,0,0,1,0,1,1,0,0,0,0,1,0,0,0,1000087.0,0.006625729857985262,735.4560142363641,KR19,CL147;CL152,4.7597534,-74.04960375,0.0,12.721106869344263,,0.0,122.0,0.0
165443,10499926,-74.071460167,4.663379625,KR 28-CL 71 02,2019,Octubre,16,miércoles,10,34,Barrios Unidos,Choque,Vehículo,,Con Heridos,0,0,0,0,0,1,0,1,0,0,0,0,0,0,0,0,0,0,0,0,0,0,136.0,0.0065207898383025835,723.8076720515868,"KR50,CL13",CL17;KR56,4.6570739,-74.07312105,0.0,16.862955940416665,,0.0,96.0,0.0
165444,10499927,-74.122122468,4.643074415,KR 69-CL 15A 2,2019,Octubre,15,martes,11,43,Fontibón,Choque,Vehículo,,Con Heridos,0,1,0,0,0,1,0,0,0,0,0,0,0,0,0,0,0,0,0,0,0,0,1002297.0,0.003012839275821089,334.4251596161409,KR70C,CL63SUR;KR51,4.64263125,-74.11914239999999,1.0,22.55493975,,0.0,8.0,1.0
165445,10499928,-74.056394363,4.718519421,KR 50-CL 132 02,2019,Octubre,16,miércoles,21,15,Suba,Choque,Vehículo,,Con Heridos,0,0,0,0,0,0,0,0,0,0,0,0,0,0,0,0,0,0,0,0,0,0,1001953.0,0.002130014350334403,236.43159288711874,CL100,KR15;KR11,4.720507899999999,-74.05715785000001,1.0,24.948751288416666,,0.0,120.0,1.0
165446,10499929,-74.093144699,4.69772284499999,AC 80-KR 76 02,2019,Octubre,16,miércoles,6,50,Engativá,Choque,Vehículo,,Con Heridos,0,0,0,0,0,1,0,0,0,0,0,0,0,0,0,0,0,0,0,0,0,0,1000282.0,0.005302743022940063,588.6044755463471,CL170,KR58;AV.BOYACA,4.6924967,-74.09224664999999,0.0,30.883208511545455,,0.0,110.0,0.0
165447,10499930,-74.115705269,4.62799907599998,AV AVENIDA DE LAS AMERICAS-CL 60 2,2019,Octubre,16,miércoles,7,10,Puente Aranda,Choque,Vehículo,,Con Heridos,0,0,0,0,0,1,0,0,0,0,1,0,0,0,0,0,0,0,0,0,0,0,1000989.0,0.0008953419327680126,99.3829545372494,CL80,KR76;KR81,4.628879899999999,-74.11586585,1.0,33.07107727947826,,0.0,115.0,1.0
165448,10500303,-74.044392251,4.76160996999999,KR 45-CL 184 02,2019,Octubre,19,sábado,17,50,Usaquén,Choque,Vehículo,,Solo Daños,0,0,0,0,0,1,0,0,0,0,0,0,0,0,0,0,0,0,0,0,0,0,1000087.0,0.005532320850406235,614.0876143950921,KR19,CL147;CL152,4.7597534,-74.04960375,0.0,13.137001513050846,,0.0,118.0,0.0
165449,10500304,-74.140678,4.66391942299998,DG 16-KR 90 2,2019,Octubre,19,sábado,6,55,Fontibón,Choque,Objeto Fijo,Vehiculo,Solo Daños,0,1,0,0,0,0,0,0,0,0,0,0,0,0,0,0,0,0,0,0,0,0,1001016.0,0.007547113488636762,837.7295972386806,KR72,CL127;CL75,4.6623088,-74.13330475000001,0.0,36.50374893741071,,0.0,112.0,0.0
165450,10500305,-74.058950831,4.70305218200002,KR 50-CL 121 2,2019,Octubre,18,viernes,13,20,Suba,Choque,Vehículo,,Solo Daños,0,0,0,0,0,0,0,0,0,0,0,0,0,0,0,0,0,0,0,0,0,0,88.0,0.002503635047761013,277.90349030147246,KR50,CL33SUR;CL5A,4.7005815,-74.0593557,1.0,19.789625598225808,,0.0,124.0,1.0
165451,10500306,-74.12312694,4.70683962700002,CL 70F-KR 106A 02,2019,Octubre,19,sábado,14,55,Engativá,Choque,Vehículo,,Solo Daños,0,0,0,0,0,0,0,0,0,0,0,0,0,0,0,0,0,0,0,0,0,0,1000723.0,0.010002153384717282,1110.2390257036184,KR86,CL10;AV.AMERICAS,4.6984233,-74.11772245,0.0,10.403752819304348,,0.0,115.0,0.0
165452,10500307,-74.08919169,4.695794337,AV AVENIDA BOYACA-CL 80 02,2019,Octubre,19,sábado,21,30,Engativá,Choque,Vehículo,,Solo Daños,0,1,0,0,0,0,0,0,0,0,0,0,0,0,0,0,0,0,0,0,0,0,1001000.0,0.002267664167244906,251.71072256418455,CL80,KR119;KR112A,4.69445795,-74.08735965,1.0,40.67923924871795,,0.0,117.0,1.0
165453,10500308,-74.049714577,4.68567867500002,CL 100-KR 16 2,2019,Octubre,18,viernes,16,30,Usaquén,Choque,Vehículo,,Solo Daños,0,0,0,0,0,0,0,0,0,0,1,0,1,0,0,1,0,0,0,0,0,0,1002017.0,0.005790292178258092,642.7224317866483,AUTONORTE,ALCALA;PRADO,4.6892508,-74.04515745,0.0,47.731884700677966,,0.0,118.0,0.0
165454,10500309,-74.126611746,4.59409631900002,KR 50-CL 45A S 2,2019,Octubre,19,sábado,12,59,Puente Aranda,Choque,Vehículo,,Solo Daños,0,0,0,0,0,0,0,0,0,0,0,0,0,0,0,0,0,0,0,0,0,0,1000955.0,0.002657141498788972,294.9427063655759,AV.P.MAYO,KR52A;KR69B,4.59631235,-74.1280779,1.0,27.832677612661293,,0.0,124.0,1.0
165455,10500310,-74.052722229,4.711538534,KR 45-CL 127D 2,2019,Octubre,17,jueves,23,7,Usaquén,Volcamiento,,,Solo Daños,0,0,0,0,0,0,0,0,0,0,0,0,0,0,0,0,0,0,0,0,0,0,18.0,0.0023256407579852097,258.14612413635825,CL85,KR15;KR7,4.7093504,-74.0519344,1.0,14.659426821864407,,0.0,118.0,1.0
165456,10500311,-74.039704526,4.74958010199998,CL 170-KR 17 2,2019,Octubre,18,viernes,16,30,Usaquén,Choque,Vehículo,,Solo Daños,0,0,0,0,0,0,0,0,0,0,0,0,0,0,0,0,0,0,0,0,0,0,1000081.0,0.012653064621521961,1404.4901729889377,KR19,CL116;CL127,4.7391552,-74.03253365,0.0,12.334515991416668,,0.0,120.0,0.0
165457,10500312,-74.100934,4.62702192699999,AV AVENIDA DE LAS AMERICAS-KR 44 37,2019,Octubre,19,sábado,11,30,Puente Aranda,Choque,Vehículo,,Solo Daños,0,1,0,0,0,0,0,1,0,0,0,0,0,0,0,0,0,0,0,0,0,0,1000769.0,0.002157002564465246,239.42728465564232,NQS,KR67;KR62B,4.62567005,-74.1026148,1.0,16.088430361932772,,0.0,119.0,1.0
165458,10500313,-74.085667327,4.69762118900002,CL 93-KR 72 26,2019,Octubre,19,sábado,12,40,Suba,Choque,Vehículo,,Solo Daños,0,0,0,0,0,0,0,0,0,0,0,0,0,0,0,0,0,0,0,0,0,0,1001728.0,0.0021530594698877226,238.9896011575372,KR68,CL19;CL13,4.6964728,-74.0838461,1.0,19.3203220235,,0.0,120.0,1.0
165459,10500314,-74.078449262,4.65026685700002,KR 30-CL 60 2,2019,Octubre,18,viernes,21,21,Teusaquillo,Choque,Vehículo,,Solo Daños,0,1,0,0,0,0,0,0,0,0,0,0,0,0,0,0,0,0,0,0,0,0,1000306.0,0.00035910030743847756,39.86013412567101,KR10,CL19;CL24,4.65015075,-74.07810945,1.0,17.557630226238533,,0.0,109.0,1.0
165460,10500315,-74.043140941,4.69861286700001,KR 15-CL 118 2,2019,Octubre,19,sábado,14,40,Usaquén,Choque,Vehículo,,Solo Daños,0,0,0,0,0,0,0,0,0,0,0,0,0,0,0,0,0,0,0,0,0,0,1002018.0,0.006704567336185137,744.2069743165501,AUTONORTE,ALCALA;CL146,4.705305,-74.0427328,0.0,31.75817533733871,,0.0,124.0,0.0
165461,10500316,-74.115801413,4.67272954499998,CL 26-KR 75 25,2019,Octubre,18,viernes,10,20,Bosa,Choque,Vehículo,,Solo Daños,0,0,0,0,0,0,0,0,0,0,1,0,1,0,0,1,0,0,0,0,0,0,1000320.0,0.003529535727787274,391.7784657843874,KR72,CL169B;CL163,4.67551385,-74.11363225,1.0,22.324633416694216,,0.0,121.0,1.0
165462,10500317,-74.154638434,4.682106476,CL 17-KR 115 1,2019,Octubre,19,sábado,10,45,Fontibón,Choque,Vehículo,,Solo Daños,0,1,0,0,0,0,0,0,0,0,0,0,0,0,0,0,0,0,0,0,0,0,1000982.0,0.004300838911673095,477.39311919571355,DIAG16,KR123;KR106,4.67875865,-74.15733829999999,1.0,25.40441258289256,,0.0,121.0,1.0
165463,10500318,-74.182347814,4.60505276999999,CL 63-KR 78J S 2,2019,Octubre,17,jueves,16,45,Bosa,Caida de ocupante,,,Con Heridos,0,0,0,0,0,0,0,1,0,0,1,0,1,0,0,1,0,0,0,0,0,0,149.0,0.0040101002407682725,445.12112672527826,AV.CL59SUR,CL59SUR;KR81A,4.6025243,-74.1792353,1.0,19.790535375,,0.0,8.0,1.0
165464,10500319,-74.101119254,4.60321511199999,KR 30-CL 2C 2,2019,Octubre,20,domingo,8,11,Los Mártires,Choque,Vehículo,,Solo Daños,0,0,0,0,0,1,0,0,0,0,0,0,0,0,0,0,0,0,0,0,0,0,1000039.0,0.002862069469223466,317.68971108380475,KR24,CL80;CL72,4.6020578,-74.1037369,1.0,32.4569825291129,,0.0,124.0,1.0
165465,10500320,-74.115698194,4.68046739200003,CL 52A-KR 85J 18,2019,Octubre,19,sábado,22,56,Engativá,Choque,Vehículo,,Solo Daños,0,0,0,0,0,1,0,0,0,0,0,0,0,0,0,0,0,0,0,0,0,0,1000227.0,0.001931009031236472,214.3420024672484,KR72,CL170;CL169,4.67854075,-74.1155684,1.0,30.6960221855,,0.0,120.0,1.0
165466,10500321,-74.075035175,4.71049924800002,CL 127-KR 70D 77,2019,Octubre,20,domingo,9,30,Suba,Choque,Objeto Fijo,Vehiculo,Solo Daños,0,0,0,0,0,0,0,0,0,0,0,0,0,0,0,0,0,0,0,0,0,0,1002013.0,0.004472660512893413,496.4653169311689,AUTONORTE,CL127;PEPE.SIERRA,4.7124844,-74.07904314999999,1.0,28.980522637096776,,0.0,124.0,1.0
165467,10500322,-74.059258601,4.67500917500001,AK 20-CL 87 2,2019,Octubre,20,domingo,7,18,Usaquén,Choque,Vehículo,,Solo Daños,0,0,0,0,0,0,0,0,0,0,1,0,1,0,0,1,0,0,0,0,0,0,1.0,0.005563957735616485,617.5993086534298,KR7,CL188;CL32,4.6793199,-74.05574075,0.0,16.51880811743363,,0.0,113.0,0.0
165468,10500323,-74.138665433,4.65662757400003,AV AVENIDA CIUDAD DE CALI-CL 15 02,2019,Octubre,19,sábado,13,0,Kennedy,Choque,Vehículo,,Solo Daños,0,1,0,0,0,0,0,0,0,0,0,0,0,0,0,0,0,0,0,0,0,0,1001019.0,0.005424188498548548,602.0849233388888,KR72,CL75;CL66A,4.65133785,-74.1398657,0.0,28.28784772632653,,0.0,98.0,0.0
165469,10500324,-74.071463939,4.66980523500001,AK 30-CL 75 2,2019,Octubre,18,viernes,8,35,Barrios Unidos,Otro,,,Con Heridos,0,0,0,0,0,0,0,0,0,0,1,0,0,0,0,0,0,0,0,0,0,0,1000203.0,0.0012414032599107243,137.7957618500904,KR7,CL188;CL175,4.6708734,-74.0708314,1.0,16.63304152983871,,0.0,124.0,1.0
165470,10500325,-74.089529149,4.69573941700003,CL 80-KR 72 2,2019,Octubre,20,domingo,19,40,Engativá,Choque,Vehículo,,Solo Daños,0,0,0,0,0,0,0,0,0,0,0,0,0,0,0,0,0,0,0,0,0,0,1001000.0,0.002519699105683848,279.6866007309072,CL80,KR119;KR112A,4.69445795,-74.08735965,1.0,30.28975816635593,,0.0,118.0,1.0
165471,10500326,-74.11169043,4.60278725299997,CL 8-KR 37 2,2019,Octubre,17,jueves,17,20,Puente Aranda,Atropello,,,Con Heridos,0,0,0,0,0,0,1,0,0,0,0,0,0,0,0,0,0,0,0,0,0,0,1001004.0,0.0029360450678661176,325.90100253313904,CL24,KR54;KR50,4.6041864,-74.1091092,1.0,39.13974705508474,,0.0,118.0,1.0
165472,10500702,-74.031141963,4.70272759900001,CL 127-KR 7C 2,2019,Octubre,23,miércoles,8,36,Usaquén,Choque,Vehículo,,Solo Daños,0,0,0,0,0,0,0,0,0,0,0,0,0,0,0,0,0,0,0,0,0,0,1000184.0,0.0018360046762820373,203.79651906730615,KR15,CL94;CL100,4.704458949999999,-74.03053095,1.0,17.554341718292683,,0.0,123.0,1.0
165473,10500703,-74.182239271,4.60187604800001,CL 65-KR 78B S 02,2019,Octubre,23,miércoles,5,55,Bosa,Choque,Vehículo,,Solo Daños,0,1,0,0,0,0,0,0,0,0,1,0,0,0,0,0,0,0,0,0,1,0,149.0,0.0030731209582965215,341.11642637091387,AV.CL59SUR,CL59SUR;KR81A,4.6025243,-74.1792353,1.0,29.212272155,,0.0,8.0,1.0
165474,10500704,-74.077464524,4.65196419400002,CL 63-KR 29 2,2019,Octubre,23,miércoles,21,15,Barrios Unidos,Choque,Vehículo,,Solo Daños,0,0,0,0,0,0,0,1,0,0,0,0,0,0,0,0,0,0,0,0,0,0,1002294.0,0.0008105643105551326,89.97263847161972,CL53,CL63;KR72,4.6511753,-74.07727835,1.0,16.03295327611111,,0.0,36.0,1.0
165475,10500705,-74.068652942,4.68655222199999,KR 62-CL 97 2,2019,Octubre,23,miércoles,17,52,Barrios Unidos,Choque,Vehículo,,Solo Daños,0,0,0,0,0,0,0,0,0,0,0,0,0,0,0,0,0,0,0,0,0,0,25.0,0.0024667162230832453,273.80550076224023,KR9,CL170;CL134,4.68451635,-74.07004575,1.0,20.493412548416664,,0.0,120.0,1.0
165476,10500706,-74.119966873,4.66179862400003,CL 23B-KR 72C 02,2019,Octubre,23,miércoles,7,15,Fontibón,Choque,Vehículo,,Solo Daños,0,0,0,0,0,0,0,0,0,1,1,0,0,0,0,0,0,0,0,0,1,1,61.0,0.0038408834563993396,426.33806366032667,CL19,KR36;KR5,4.65795775,-74.11995834999999,1.0,15.798525205378152,,0.0,119.0,1.0
165477,10500707,-74.161828288,4.68872052199998,CL 17-KR 126 2,2019,Octubre,24,jueves,2,0,Fontibón,Choque,Vehículo,,Solo Daños,0,1,0,0,0,0,0,0,0,0,1,0,0,0,0,0,0,0,0,0,0,0,95.0,0.005636479225940412,625.6491940793858,AV.SUBA,KR94;SAN.MARTIN,4.68681675,-74.15652305,0.0,48.66972364436975,,0.0,119.0,0.0
165478,10500708,-74.059374766,4.65632645599999,KR 11-CL 71 2,2019,Octubre,23,miércoles,18,0,Chapinero,Choque,Vehículo,,Solo Daños,0,1,0,0,0,0,0,0,0,0,0,0,0,0,0,0,0,0,0,0,0,0,1000096.0,0.003338956381963758,370.62415839797717,KR7,CL162;CL153,4.654590349999999,-74.05652265,1.0,22.659629694173912,,0.0,115.0,1.0
165479,10500709,-74.136488481,4.62704780500002,KR 71D-CL 4 2,2019,Octubre,24,jueves,0,30,Kennedy,Choque,Objeto Fijo,Vehiculo,Solo Daños,0,0,1,0,0,0,0,0,0,0,0,0,0,0,0,0,0,0,0,0,0,0,1000780.0,0.000570119934055651,63.28331268017726,CL6,KR42;KR36,4.62659345,-74.1361441,1.0,47.97713672258333,,0.0,120.0,1.0
165480,10500710,-74.122343757,4.576932419,CL 42-KR 21 S 2,2019,Octubre,23,miércoles,14,39,Rafael Uribe Uribe,Choque,Vehículo,,Solo Daños,0,0,0,0,0,0,0,0,0,1,0,0,0,0,0,0,0,0,0,0,0,1,67.0,0.0022415347086006537,248.81035265467256,CL11SUR,AV.CARACAS;KR6_ESTE,4.5782967,-74.12412230000001,1.0,15.791647938629032,,0.0,124.0,1.0
165481,10500711,-74.145808548,4.53121047399998,KR 18F-CL 83 S 2,2019,Octubre,24,jueves,0,3,Ciudad Bolívar,Choque,Objeto Fijo,Vehiculo,Solo Daños,0,0,0,0,0,0,0,0,0,0,1,0,1,0,0,1,0,0,0,0,0,0,1001959.0,0.035098666283785045,3895.95195750014,"CL19,KR3",KR5;CL22,4.5343054,-74.1108466,0.0,26.717641289915967,,0.0,119.0,0.0
165482,10500712,-74.090700324,4.59738170200001,DG 4A-AK 18C 2,2019,Octubre,23,miércoles,12,10,Los Mártires,Choque,Vehículo,,Solo Daños,0,0,0,0,0,0,0,0,0,1,0,0,0,0,0,0,0,0,0,0,0,1,139.0,0.0013233409052092002,146.89084047822124,KR3;CL19,CL22;KR5,4.5966194,-74.0896186,1.0,11.638919438870968,,0.0,124.0,1.0
165483,10500713,-74.10703052,4.55743088399998,CL 48J-KR 5B S 2,2019,Octubre,24,jueves,2,30,San Cristóbal,Choque,Vehículo,,Solo Daños,0,0,0,0,0,1,0,0,0,1,0,0,0,0,0,0,0,0,0,0,0,1,39.0,0.010265448309958588,1139.4647624054032,AV.CARACAS,AV.P.MAYO;CL80,4.5552695,-74.11706585,0.0,32.53236053637168,,0.0,113.0,0.0
165485,10500715,-74.042,4.69439999999997,KR 9-CL 112 02,2019,Octubre,22,martes,9,10,Usaquén,Choque,Vehículo,,Solo Daños,0,0,0,0,0,0,0,0,0,0,0,0,0,0,0,0,0,0,0,0,0,0,1002017.0,0.006040178072061263,670.4597659988002,AUTONORTE,ALCALA;PRADO,4.6892508,-74.04515745,0.0,34.59864603540322,,0.0,124.0,0.0
165486,10500716,-74.096874892,4.60260887300001,KR 27-CL 4A 76,2019,Octubre,24,jueves,17,0,Los Mártires,Atropello,,,Con Muertos,0,0,0,0,0,1,1,1,0,0,0,0,0,0,0,0,0,0,0,0,0,0,1000075.0,0.001601218697122589,177.7352753806074,CL100,KR11;KR15,4.6028211,-74.0952878,1.0,14.789375216166667,,0.0,120.0,1.0
165487,10500717,-74.072336383,4.605737487,CL 19-KR 8 2,2019,Octubre,19,sábado,16,0,Santa Fe,Choque,Objeto Fijo,Vehiculo,Solo Daños,0,0,0,0,0,0,0,0,0,0,1,0,1,0,0,1,0,0,0,0,0,0,1000199.0,0.0015040165485983097,166.9458368944124,KR9,CL134:CL140,4.6071991,-74.072691,1.0,32.420317674416665,,0.0,120.0,1.0
165488,10500718,-74.058031106,4.63926232,TR 1A-CL 54A 02,2019,Octubre,23,miércoles,12,40,Chapinero,Choque,Objeto Fijo,Muro,Solo Daños,0,0,0,0,0,0,0,0,0,0,0,0,0,0,0,0,0,0,0,0,0,0,22.0,0.0009461612835789864,105.0239024772675,CL106,KR7;KR19,4.639551750000001,-74.0571303,1.0,11.950585325,,0.0,124.0,1.0
165489,10500720,-74.091655542,4.592883277,CL 1-KR 18C 2,2019,Octubre,21,lunes,11,7,Los Mártires,Choque,Vehículo,,Solo Daños,0,1,0,0,0,0,0,0,0,0,0,0,0,0,0,0,0,0,0,0,0,0,1000259.0,0.003468293873524337,384.9806199612014,CL32,AV.CARACAS;KR7,4.5900511,-74.0936575,1.0,15.483699342416665,,0.0,120.0,1.0
165490,10500721,-74.080754888,4.62747456300002,KR 33-CL 26C 2,2019,Octubre,23,miércoles,19,0,Teusaquillo,Choque,Vehículo,,Solo Daños,0,0,0,0,0,0,0,1,0,0,0,0,0,0,0,0,0,0,0,0,0,0,1002036.0,0.004198046840420808,465.9831992867097,CL26,GOBERNACION;KR40,4.629466150000001,-74.08445045,1.0,41.543143222333335,,0.0,120.0,1.0
165491,10500722,-74.105800987,4.695987242,AV AVENIDA CIUDAD DE CALI-CL 72 02,2019,Octubre,23,miércoles,12,10,Engativá,Choque,Vehículo,,Solo Daños,0,0,0,0,0,0,0,0,0,0,0,0,0,0,0,0,0,0,0,0,0,0,1000759.0,0.0020728370751733082,230.0849153442372,KR80,CL26SUR;CL38CSUR,4.69774235,-74.10469815,1.0,19.6798483904065,,0.0,123.0,1.0
165492,10500723,-74.137029468,4.63678994700001,AV AVENIDA BOYACA-CL 8 2,2019,Octubre,23,miércoles,16,30,Kennedy,Choque,Vehículo,,Solo Daños,0,0,0,0,0,0,0,0,0,0,1,0,1,0,0,1,0,0,0,0,0,0,131.0,0.004796309679887104,532.3903744674686,"KR78K,CL41SUR",CL26SUR;AV.P.MAYO,4.6381608,-74.14162569999999,1.0,13.120644069655173,,0.0,116.0,1.0
165493,10500724,-74.050347153,4.72714772500001,KR 45-CL 145 2,2019,Octubre,23,miércoles,6,5,Usaquén,Choque,Vehículo,,Solo Daños,0,1,0,0,0,0,0,0,0,0,0,0,0,0,0,0,0,0,0,0,0,0,1001008.0,0.0024490971015392726,271.84977827085925,CL63,KR72;KR77A,4.72933775,-74.05144345,1.0,13.436885009482758,,0.0,116.0,1.0
165494,10500725,-74.107862182,4.603858742,CL 1F-KR 35 02,2019,Octubre,23,miércoles,5,27,Puente Aranda,Choque,Vehículo,,Solo Daños,0,0,0,0,0,0,0,0,0,0,0,0,0,0,0,0,0,0,0,0,0,0,1001004.0,0.0012893462131211726,143.11742965645016,CL24,KR54;KR50,4.6041864,-74.1091092,1.0,46.408375389426226,,0.0,122.0,1.0
165495,10500726,-74.063737779,4.741271251,KR 59-CL 152B 79,2019,Octubre,24,jueves,6,38,Suba,Choque,Vehículo,,Solo Daños,0,0,0,0,0,0,0,0,0,0,1,0,0,0,0,0,0,0,0,0,0,0,1000078.0,0.006860383372712292,761.5025543710644,CL100,KR19;KR49,4.7416579,-74.0568883,0.0,34.07657704017241,,0.0,116.0,0.0
165496,10501110,-74.064571943,4.60305726199999,CL 21-KR 1 E 02,2019,Octubre,28,lunes,11,10,Santa Fe,Choque,Vehículo,,Solo Daños,0,0,0,0,0,0,0,1,0,0,0,0,0,0,0,0,0,0,0,0,0,0,2.0,0.00579471401026825,643.2132551397758,KR7,CL32;CL188,4.60499885,-74.0700317,0.0,21.790682458198198,,0.0,111.0,0.0
165497,10501111,-74.080031602,4.62905113300002,AK 30-CL 39A 02,2019,Octubre,26,sábado,12,15,Teusaquillo,Choque,Vehículo,,Solo Daños,0,1,0,0,0,0,0,0,0,0,0,0,0,0,0,0,0,0,0,0,0,0,1001987.0,0.0034199292890687402,379.61215108663015,NQS,CAMPIN;U.NACIONAL,4.63205205,-74.08167184999999,1.0,36.33420308520661,,0.0,121.0,1.0
165498,10501112,-74.104631202,4.58366835599998,CL 22-KR 20 S 2,2019,Octubre,26,sábado,20,15,Puente Aranda,Choque,Vehículo,,Solo Daños,0,0,0,0,0,0,0,0,0,0,1,0,1,0,0,0,1,0,0,0,0,0,1000314.0,0.003106540081037928,344.82594899521,CL19,KR5;KR10,4.5844906000000005,-74.10762695,1.0,13.413053197345134,,0.0,113.0,1.0
165499,10501113,-74.107944792,4.69208186700001,KR 86-CL 69A 02,2019,Octubre,26,sábado,14,10,Engativá,Choque,Vehículo,,Solo Daños,0,0,0,0,0,0,0,1,0,0,1,0,1,0,1,0,0,0,0,0,0,0,1001872.0,0.0021906440438613354,243.16148886860822,KR86,CL64BIS;CL66A,4.6942582,-74.1076948,1.0,15.058628829115044,,0.0,113.0,1.0
165501,10501115,-74.161846685,4.64934985000002,CL 6BISA-KR 90A 50,2019,Octubre,28,lunes,14,35,Kennedy,Choque,Vehículo,,Solo Daños,0,0,0,0,0,1,0,0,0,0,0,0,0,0,0,0,0,0,0,0,0,0,1000713.0,0.009105380828969334,1010.697272015596,CL72,KR76;KR86,4.6540506,-74.15404855,0.0,9.938653876935483,,0.0,124.0,0.0
165502,10501116,-74.120059009,4.71118234099998,KR 107-CL 76 02,2019,Octubre,26,sábado,4,10,Engativá,Choque,Vehículo,,Solo Daños,0,0,0,0,0,0,0,0,0,0,1,0,1,0,0,1,0,0,0,0,0,0,1000723.0,0.012971223350156961,1439.8057918674226,KR86,CL10;AV.AMERICAS,4.6984233,-74.11772245,0.0,24.60296594861789,,0.0,123.0,0.0
165503,10501117,-74.13720305,4.636113825,AV AVENIDA BOYACA-CL 7D 2,2019,Octubre,26,sábado,11,16,Kennedy,Choque,Vehículo,,Solo Daños,0,0,0,0,0,0,0,0,0,1,0,0,0,0,0,0,0,0,0,0,0,1,131.0,0.0048733909829892464,540.9463991118064,"KR78K,CL41SUR",CL26SUR;AV.P.MAYO,4.6381608,-74.14162569999999,1.0,12.832757472389382,,0.0,113.0,1.0
165504,10501118,-74.124577106,4.70600701799998,CL 70B-KR 107A 02,2019,Octubre,26,sábado,16,20,Engativá,Choque,Vehículo,,Solo Daños,0,0,0,0,0,0,0,0,0,1,0,0,0,0,0,0,0,0,0,0,0,1,1000723.0,0.01022247952218909,1134.695226962989,KR86,CL10;AV.AMERICAS,4.6984233,-74.11772245,0.0,9.034897997777778,,0.0,117.0,0.0
165505,10501119,-74.050143965,4.67146331499998,KR 11A-CL 88 49,2019,Octubre,28,lunes,14,50,Chapinero,Choque,Vehículo,,Solo Daños,0,0,0,0,0,0,0,0,0,0,0,0,0,0,0,0,0,0,0,0,0,0,1000191.0,0.0013629542195021764,151.28791836474159,KR9,CL161;CL147,4.67150165,-74.04878155,1.0,25.263703253916667,,0.0,120.0,1.0
165506,10501120,-74.065512348,4.64412271899999,AV AVENIDA CARACAS-CL 57 2,2019,Octubre,27,domingo,9,5,Chapinero,Choque,Vehículo,,Solo Daños,0,0,0,0,0,1,0,0,0,1,0,0,0,0,0,0,0,0,0,0,0,1,1001930.0,0.0019485102186025912,216.28463426488761,"TV25,DIAG53,KR24",CL57;CL45,4.6443781,-74.06744405,1.0,10.123903792419355,,0.0,124.0,1.0
165507,10501121,-74.126921738,4.64968141100002,CL 13-KR 72 02,2019,Octubre,26,sábado,16,15,Fontibón,Choque,Vehículo,,Solo Daños,0,1,0,0,0,0,0,0,0,0,0,0,0,0,0,0,0,0,0,0,0,0,1000775.0,0.0009770302177248913,108.45035416746293,CL17,KR128;KR123,4.65006275,-74.1260222,1.0,17.27629043474138,,0.0,116.0,1.0
165508,10501122,-74.138265779,4.62716809800003,AV AVENIDA BOYACA-CL 4 2,2019,Octubre,27,domingo,17,54,Kennedy,Choque,Vehículo,,Solo Daños,0,0,0,0,0,0,0,0,0,0,0,0,0,0,0,0,0,0,0,0,0,0,1000780.0,0.002198122404001207,243.99158684413396,CL6,KR42;KR36,4.62659345,-74.1361441,1.0,29.004821481916668,,0.0,120.0,1.0
165509,10501123,-74.090983767,4.62570979399999,KR 36-CL 23 02,2019,Octubre,26,sábado,15,0,Teusaquillo,Choque,Vehículo,,Solo Daños,0,0,0,0,0,0,0,0,0,1,1,0,1,0,0,1,0,0,0,0,0,1,48.0,0.002044518327502451,226.94153435277204,CL53,KR7;KR68,4.6257944,-74.088941,1.0,13.454539376585366,,0.0,123.0,1.0
165510,10501124,-74.03942196,4.704368483,KR 13-CL 127 02,2019,Octubre,28,lunes,9,10,Usaquén,Choque,Vehículo,,Solo Daños,0,0,0,0,0,0,0,0,0,0,1,0,1,0,0,1,0,0,0,0,0,0,1002018.0,0.003440744918890837,381.92268599688293,AUTONORTE,ALCALA;CL146,4.705305,-74.0427328,1.0,46.655480347398374,,0.0,123.0,1.0
165511,10501125,-74.1402,4.67610000000002,TR 96-AC 22 2,2019,Octubre,27,domingo,20,0,Fontibón,Choque,Vehículo,,Solo Daños,0,0,0,0,0,0,0,0,0,0,1,0,1,0,1,0,0,0,0,0,0,0,1001347.0,0.003005497817760414,333.61025777140594,DIAG16,KR97;KR106,4.6757841,-74.14318885,1.0,26.19937246175,,0.0,120.0,1.0
165512,10501126,-74.166966944,4.58722242699997,CL 63A-KR 72A S 52,2019,Octubre,26,sábado,21,48,Ciudad Bolívar,Choque,Vehículo,,Solo Daños,0,0,0,0,0,0,0,0,0,0,0,0,0,0,0,0,0,0,0,0,0,0,1001946.0,0.0092151764902551,1022.8845904183162,"AV.P.MAYO,CL26SUR",KR72;KR78K,4.5960945,-74.1644758,0.0,18.452426151333334,,0.0,120.0,0.0
165513,10501127,-74.060237876,4.68759462100002,CL 100-KR 47A 02,2019,Octubre,28,lunes,11,50,Barrios Unidos,Choque,Vehículo,,Solo Daños,0,0,0,0,0,0,0,0,0,0,0,0,0,0,0,0,0,0,0,0,0,0,1000773.0,0.0032444393275075597,360.13276535333915,KR50,CL33SUR;CL16SUR,4.6906399,-74.0613571,1.0,22.2808306421875,,0.0,96.0,1.0
165514,10501128,-74.145475405,4.58919114100001,DG 51ABIS-TR 60 S 2,2019,Octubre,27,domingo,21,45,Tunjuelito,Choque,Vehículo,,Solo Daños,0,0,0,0,0,0,0,0,0,0,0,0,0,0,0,0,0,0,0,0,0,0,1000297.0,0.004711437722204317,522.9695871646792,CL1,KR21;AV.CARACAS,4.59354105,-74.14366545,1.0,29.821340550170937,,0.0,117.0,1.0
165515,10501129,-74.102741153,4.48596538800001,CL 115-KR 7C SE 02,2019,Octubre,29,martes,18,30,Usme,Choque,Vehículo,,Con Muertos,1,0,0,0,0,0,0,0,0,0,1,0,0,0,0,0,0,0,0,0,1,0,1001959.0,0.049014845008722295,5440.647795968175,"CL19,KR3",KR5;CL22,4.5343054,-74.1108466,0.0,12.089763593965516,,0.0,116.0,0.0
165516,10501130,-74.147501285,4.54999938499998,KR 18I-CL 69 S 2,2019,Octubre,27,domingo,22,30,Ciudad Bolívar,Choque,Vehículo,,Solo Daños,0,0,0,0,0,0,0,0,0,1,1,0,1,0,1,0,0,0,0,0,0,1,56.0,0.027688752530292116,3073.451530862425,CL6,AV.CARACAS;KR42,4.574981,-74.13556034999999,0.0,28.689804917416666,,0.0,120.0,0.0
165517,10501131,-74.070014017,4.66730135900002,CL 74-KR 28B 02,2019,Octubre,28,lunes,11,50,Barrios Unidos,Choque,Objeto Fijo,Tren,Solo Daños,0,1,0,0,0,0,0,0,0,0,0,0,0,0,0,0,0,0,0,0,0,0,1000203.0,0.003664367868298687,406.74483338115425,KR7,CL188;CL175,4.6708734,-74.0708314,1.0,19.337724658617883,,0.0,123.0,1.0
165518,10501132,-74.164060536,4.59604721699998,AV AVENIDA DEL SUR-KR 71 02,2019,Octubre,28,lunes,16,40,Bosa,Choque,Vehículo,,Solo Daños,0,1,0,0,0,0,0,0,0,0,0,0,0,0,0,0,0,0,0,0,0,0,1001946.0,0.0004179472117342462,46.39214050250133,"AV.P.MAYO,CL26SUR",KR72;KR78K,4.5960945,-74.1644758,1.0,15.490580015603449,,0.0,116.0,1.0
165519,10501133,-74.095825783,4.60202307899999,KR 26-CL 5 2,2019,Octubre,27,domingo,8,54,Los Mártires,Choque,Vehículo,,Solo Daños,0,0,0,0,0,1,0,0,0,0,0,0,0,0,0,0,0,0,0,0,0,0,1000075.0,0.0009624256982995616,106.82925251125133,CL100,KR11;KR15,4.6028211,-74.0952878,1.0,15.366467635203252,,0.0,123.0,1.0
165520,10501134,-74.077264707,4.59033386300001,CL 6-KR 5 02,2019,Octubre,29,martes,20,18,Candelaria,Choque,Vehículo,,Con Muertos,1,0,0,0,1,0,0,0,0,0,0,0,0,0,0,0,0,0,0,0,0,0,1000258.0,0.004701458101942905,521.8618493156624,CL32,KR7;AV.CARACAS,4.595026300000001,-74.0769736,1.0,16.88170477341667,,0.0,120.0,1.0
165525,10501514,-74.105213237,4.70490504000003,AC 80-KR 90A 2,2019,Octubre,31,jueves,10,49,Engativá,Choque,Vehículo,,Solo Daños,1,0,0,0,0,0,0,0,0,0,0,0,0,0,0,0,0,0,0,0,0,0,1000963.0,0.00692635136418173,768.825001424172,CL72,KR64;KR70,4.7019356,-74.0989557,0.0,17.15031709697479,,0.0,119.0,0.0
165527,10501516,-74.174067915,4.649170701,KR 98BBIS-CL 38 S 10,2019,Octubre,31,jueves,16,15,Kennedy,Choque,Objeto Fijo,Muro,Solo Daños,0,0,0,0,0,0,0,0,0,0,1,0,1,0,0,1,0,0,0,0,0,0,1000981.0,0.002373021303076263,263.4053646414652,DIAG16,KR90;KR97,4.6495069,-74.176417,1.0,32.588580258916664,,0.0,120.0,1.0
165528,10501517,-74.123459395,4.641718895,CL 13-KR 69 2,2019,Octubre,31,jueves,10,30,Fontibón,Choque,Vehículo,,Solo Daños,0,0,0,0,0,0,0,0,0,1,0,0,0,0,0,0,0,0,0,0,0,1,1002297.0,0.004412350561338118,489.77091230853114,KR70C,CL63SUR;KR51,4.64263125,-74.11914239999999,1.0,22.763620500000002,,0.0,8.0,1.0
165531,10501520,-74.144894955,4.63114970700002,CL 6-KR 78 2,2019,Octubre,31,jueves,13,5,Kennedy,Choque,Vehículo,,Solo Daños,0,0,0,0,0,0,0,0,0,1,0,0,0,0,0,0,0,0,0,0,0,1,1000961.0,0.004922255754535639,546.3703887534559,CL72,KR24;KR55,4.627228499999999,-74.1419196,1.0,16.572430563951613,,0.0,124.0,1.0
165532,10501521,-74.082179074,4.66664735400002,CL 66B-KR 57B 02,2019,Octubre,31,jueves,15,30,Barrios Unidos,Choque,Vehículo,,Solo Daños,0,0,0,0,0,0,0,0,0,0,1,0,0,0,0,0,0,0,0,0,1,0,1000189.0,0.0030172020606265763,334.90942872955,KR7,CL170;CL165,4.66734485,-74.0792436,1.0,26.59149342629032,,0.0,124.0,1.0
165533,10501522,-74.141581878,4.66706631699998,CL 17-KR 96B 2,2019,Octubre,31,jueves,8,0,Fontibón,Choque,Vehículo,,Solo Daños,0,1,0,0,0,0,0,1,0,1,0,0,0,0,0,0,0,0,0,0,0,1,1001347.0,0.008864654502248862,983.9766497496237,DIAG16,KR97;KR106,4.6757841,-74.14318885,0.0,20.72448043798387,,0.0,124.0,0.0
165534,10501523,-74.10066989,4.603355819,CL 3-KR 29A 41,2019,Octubre,31,jueves,20,0,Los Mártires,Choque,Vehículo,,Solo Daños,0,0,0,0,0,0,0,0,0,0,0,0,0,0,0,0,0,0,0,0,0,0,1001948.0,0.0030874625683686785,342.7083450889233,"KR50,CL13",CL5A;KR47,4.6041161,-74.0976775,1.0,22.296291777500002,,0.0,120.0,1.0
165535,10501524,-74.088735126,4.69548550399998,AV AVENIDA BOYACA-CL 80 2,2019,Octubre,31,jueves,18,30,Engativá,Choque,Vehículo,,Solo Daños,0,0,0,0,0,0,0,0,0,0,1,0,1,0,0,1,0,0,0,0,0,0,1001000.0,0.0017169162616357692,190.5777050415704,CL80,KR119;KR112A,4.69445795,-74.08735965,1.0,24.335026569083333,,0.0,120.0,1.0
165536,10501525,-74.08713036,4.67525409299998,KR 68-CL 67D 02,2019,Octubre,31,jueves,15,25,Barrios Unidos,Choque,Vehículo,,Solo Daños,0,0,0,0,0,0,0,0,0,0,1,0,1,0,0,1,0,0,0,0,0,0,1000190.0,0.000888547835949507,98.62880979039528,KR9,CL140;CL147,4.67592,-74.08771865,1.0,26.931261247416668,,0.0,120.0,1.0
165537,10501526,-74.127560037,4.65044632500002,CL 13-KR 72 2,2019,Octubre,31,jueves,18,4,Fontibón,Volcamiento,,,Solo Daños,0,0,0,1,0,1,0,0,0,0,0,0,0,0,0,0,0,0,0,0,0,0,1000775.0,0.0015849518665284163,175.92965718465422,CL17,KR128;KR123,4.65006275,-74.1260222,1.0,15.075840260172413,,0.0,116.0,1.0
165538,10501527,-74.102135488,4.69854577000001,CL 75BIS-KR 84 2,2019,Octubre,31,jueves,12,30,Engativá,Choque,Vehículo,,Solo Daños,0,1,0,0,0,0,0,0,0,0,0,0,0,0,0,0,0,0,0,0,0,0,1002088.0,0.001818743498535332,201.88052833742185,KR86,CL19A;CL22,4.6969353,-74.1029806,1.0,21.330438284912283,,0.0,114.0,1.0
165540,10501529,-74.109958311,4.58880712799998,KR 27-CL 23 S 2,2019,Octubre,31,jueves,6,50,Puente Aranda,Choque,Vehículo,,Solo Daños,0,1,0,0,0,0,0,0,0,0,0,0,0,0,0,0,0,0,0,0,0,0,1000314.0,0.004905879950318657,544.552674485371,CL19,KR5;KR10,4.5844906000000005,-74.10762695,1.0,15.652181276551724,,0.0,116.0,1.0
165541,10501530,-74.087192097,4.67407502600003,KR 67-CL 67C 02,2019,Octubre,31,jueves,13,50,Barrios Unidos,Choque,Vehículo,,Solo Daños,0,0,0,0,0,0,0,0,0,1,0,0,0,0,0,0,0,0,0,0,0,1,1000190.0,0.0019186419995334302,212.96926194821074,KR9,CL140;CL147,4.67592,-74.08771865,1.0,27.255045059,,0.0,120.0,1.0
165542,10501531,-74.172374564,4.60523608300002,CL 57B-KR 77I S 2,2019,Octubre,31,jueves,16,30,Kennedy,Choque,Vehículo,,Solo Daños,0,0,0,0,0,0,0,1,0,0,0,0,0,0,0,0,0,0,0,0,0,0,149.0,0.0073772261386644035,818.8721013917487,AV.CL59SUR,CL59SUR;KR81A,4.6025243,-74.1792353,0.0,19.790535375,,0.0,8.0,0.0
165543,10501532,-74.051598396,4.660158341,KR 7-CL 78 02,2019,Octubre,31,jueves,19,21,Chapinero,Choque,Vehículo,,Solo Daños,0,0,0,0,0,0,0,0,0,0,0,0,0,0,0,0,0,0,0,0,0,0,1000986.0,0.004020156411147421,446.23736163736373,CL80,KR69H;KR58,4.6638357,-74.0532228,1.0,38.00264687330508,,0.0,118.0,1.0
165544,10501533,-74.055833131,4.69535277099999,AK 45-CL 108 2,2019,Octubre,31,jueves,13,30,Usaquén,Choque,Vehículo,,Solo Daños,0,0,0,0,0,0,0,0,0,0,1,0,0,0,0,0,0,0,0,0,0,0,1002011.0,0.0017228760661847629,191.2392433465087,AUTONORTE,PEPE.SIERRA;CL100,4.697067349999999,-74.05566425,1.0,33.10888162362903,,0.0,124.0,1.0
165554,10501903,-74.079378692,4.63410253699999,AK 30-CL 44 2,2019,Octubre,31,jueves,6,50,Teusaquillo,Choque,Vehículo,,Solo Daños,0,0,0,0,0,0,0,1,0,0,1,0,0,0,0,0,0,0,0,0,1,0,83.0,0.001070004239600022,118.77047059560243,TV28;KR27,CL22C;CL30SUR,4.63451755,-74.07839245,1.0,29.2018669986747,,0.0,83.0,1.0
165740,10498755,-74.168297177,4.615593386,KR 79-CL 49 S 02,2019,Octubre,3,jueves,7,30,Kennedy,Choque,Vehículo,,Con Heridos,1,0,0,0,1,1,0,0,0,0,0,0,0,0,0,0,0,0,0,0,0,0,57.0,0.013928656987554909,1546.0809256185948,CL6,KR42;AV.CARACAS,4.60480905,-74.15948209999999,0.0,19.23025113398374,,0.0,123.0,0.0
165741,10498756,-74.041520397,4.68184986300002,AC 100-KR 9A 02,2019,Octubre,2,miércoles,17,59,Usaquén,Atropello,,,Con Heridos,0,0,0,0,0,0,1,0,0,0,0,0,0,0,0,0,0,0,0,0,0,0,1002017.0,0.008246333912868668,915.3430643284221,AUTONORTE,ALCALA;PRADO,4.6892508,-74.04515745,0.0,45.46924019898305,,0.0,118.0,0.0
165742,10498757,-74.076125053,4.68639996500002,KR 68-CL 95 02,2019,Octubre,3,jueves,21,58,Barrios Unidos,Atropello,,,Con Heridos,0,0,0,0,0,1,1,0,0,0,0,0,0,0,0,0,0,0,0,0,0,0,1001209.0,0.0024264019202056837,269.3306131428309,NQS,KR68;KR62B,4.688212200000001,-74.0745116,1.0,23.8715968985,,0.0,120.0,1.0
165743,10498758,-74.072430639,4.60907866299999,KR 10-CL 22 2,2019,Octubre,3,jueves,19,0,Santa Fe,Choque,Vehículo,,Con Heridos,0,0,0,0,0,1,0,1,0,0,1,0,1,1,0,0,0,0,0,1,0,0,1000208.0,0.0007913313068957806,87.83777506543166,KR7,CL63;CL72,4.609056150000001,-74.07322165,1.0,14.737102923333333,,0.0,6.0,1.0
165744,10498759,-74.137614578,4.633718273,AV AVENIDA BOYACA-CL 7A 02,2019,Octubre,3,jueves,10,20,Kennedy,Caida de ocupante,,,Con Heridos,0,0,0,0,0,0,0,0,0,0,1,0,0,0,0,0,0,0,0,0,0,0,131.0,0.0059854110840075764,664.380630324841,"KR78K,CL41SUR",CL26SUR;AV.P.MAYO,4.6381608,-74.14162569999999,0.0,12.961608242869564,,0.0,115.0,0.0
165745,10498760,-74.178151573,4.59958257900001,KR 77K-CL 59 S 02,2019,Octubre,4,viernes,2,40,Bosa,Volcamiento,,,Con Heridos,0,0,1,1,0,1,0,0,0,0,0,0,0,0,0,0,0,0,0,0,0,0,149.0,0.0031349938839374124,347.9843211170528,AV.CL59SUR,CL59SUR;KR81A,4.6025243,-74.1792353,1.0,50.6553192075,,0.0,8.0,1.0
165746,10498761,-74.076109062,4.608751842,KR 14-CL 19 2,2019,Octubre,3,jueves,19,15,Santa Fe,Choque,Vehículo,,Con Heridos,0,0,0,0,0,1,0,0,0,0,0,0,0,0,0,0,0,0,0,0,0,0,41.0,0.0018796411082443194,208.64016301511944,CL39,KR7;AV.CARACAS,4.61057625,-74.07565675000001,1.0,10.630133026666666,,0.0,120.0,1.0
165748,10498763,-74.125176148,4.57866516299998,KR 23B-CL 44 S 02,2019,Octubre,1,martes,13,30,Rafael Uribe Uribe,Choque,Vehículo,,Solo Daños,0,0,0,0,0,0,0,0,0,0,1,0,1,0,0,1,0,0,0,0,0,0,67.0,0.001116405208436321,123.92097813643163,CL11SUR,AV.CARACAS;KR6_ESTE,4.5782967,-74.12412230000001,1.0,16.175136616370967,,0.0,124.0,1.0
165749,10498764,-74.091876723,4.601789758,CL 6-KR 21 07,2019,Octubre,4,viernes,1,42,Los Mártires,Choque,Objeto Fijo,Poste,Con Heridos,0,0,0,0,0,1,0,0,0,0,0,0,0,0,0,0,0,0,0,0,0,0,1000943.0,0.0017792989045997815,197.50217841057574,TV39,CL13;CL19,4.6006855,-74.0932719,1.0,25.169302004324326,,0.0,74.0,1.0
165750,10498765,-74.096771342,4.69961080899998,AC 80-KR 80A 2,2019,Octubre,3,jueves,5,54,Engativá,Atropello,,,Con Heridos,0,0,0,0,0,0,1,0,0,0,1,0,0,0,0,0,0,0,0,0,0,0,1000963.0,0.003189995778362846,354.08953139827594,CL72,KR64;KR70,4.7019356,-74.0989557,1.0,31.576373,,0.0,122.0,1.0
165751,10498766,-74.116868437,4.62811918699998,AV AVENIDA DE LAS AMERICAS-KR 62 02,2019,Octubre,2,miércoles,12,30,Puente Aranda,Choque,Vehículo,,Solo Daños,0,0,0,0,0,0,0,0,0,0,0,0,0,0,0,0,0,0,0,0,0,0,1000989.0,0.0012585169688738797,139.69538354500065,CL80,KR76;KR81,4.628879899999999,-74.11586585,1.0,26.540833388455287,,0.0,123.0,1.0
165752,10498767,-74.146646416,4.56268122500001,KR 20A-CL 65 S 02,2019,Octubre,2,miércoles,13,30,Ciudad Bolívar,Choque,Vehículo,,Solo Daños,0,0,0,0,0,1,0,1,0,0,0,0,0,0,0,0,0,0,0,0,0,0,56.0,0.01655854233943406,1837.9981996771805,CL6,AV.CARACAS;KR42,4.574981,-74.13556034999999,0.0,15.84550426766129,,0.0,124.0,0.0
165753,10498768,-74.100867993,4.70319520200002,AV AVENIDA CIUDAD DE CALI-CL 80 02,2019,Octubre,2,miércoles,18,30,Engativá,Choque,Vehículo,,Solo Daños,0,1,0,0,0,0,0,0,0,0,0,0,0,0,0,0,0,0,0,0,0,0,1000963.0,0.0022898606324981566,254.1745302072954,CL72,KR64;KR70,4.7019356,-74.0989557,1.0,9.56346740325,,0.0,120.0,1.0
165754,10498769,-74.079307498,4.60449334700002,KR 14-CL 14 ES 02,2019,Octubre,3,jueves,8,50,San Cristóbal,Choque,Objeto Fijo,Tren,Solo Daños,0,1,0,1,0,0,0,0,0,0,0,0,0,0,0,0,0,0,0,0,0,0,1000312.0,0.003414617018110871,379.0224890103067,CL13,KR22;KR27,4.60703515,-74.07702739999999,1.0,21.808299906693545,,0.0,124.0,1.0
165755,10498770,-74.113400493,4.61073870500002,CL 2B-KR 40C 2,2019,Octubre,3,jueves,6,30,Puente Aranda,Atropello,,,Con Heridos,0,0,0,0,0,0,1,0,0,0,0,0,0,0,0,0,0,0,0,0,0,0,1000268.0,0.0008406522118430706,93.31239551458084,AV.CARACAS,CL53;CL57,4.61084665,-74.1125668,1.0,23.95784860008621,,0.0,116.0,1.0
165756,10498771,-74.126162361,4.57837284599998,KR 23B-CL 44A S 22,2019,Octubre,3,jueves,20,30,Rafael Uribe Uribe,Choque,Objeto Fijo,Muro,Solo Daños,0,1,0,0,0,0,0,0,0,0,0,0,0,0,0,0,0,0,0,0,0,0,67.0,0.0020414815935946803,226.60445688900953,CL11SUR,AV.CARACAS;KR6_ESTE,4.5782967,-74.12412230000001,1.0,16.482089254833333,,0.0,120.0,1.0
165757,10498772,-74.126679937,4.56671317899998,AV AVENIDA CARACAS-CL 51 S 2,2019,Octubre,3,jueves,18,40,Rafael Uribe Uribe,Caida de ocupante,,,Con Heridos,0,0,0,0,0,0,0,0,0,0,1,0,1,0,0,1,0,0,0,0,0,0,67.0,0.011862523584029139,1316.7401178272344,CL11SUR,AV.CARACAS;KR6_ESTE,4.5782967,-74.12412230000001,0.0,15.649811911333334,,0.0,120.0,0.0
165758,10498773,-74.074926583,4.63247440999999,KR 24-DG 42A 02,2019,Octubre,3,jueves,15,0,Teusaquillo,Choque,Vehículo,,Solo Daños,0,0,0,0,0,0,0,0,0,1,1,0,1,0,0,1,0,0,0,0,0,1,1000010.0,0.0029574766347921244,328.2799064619258,KR7,CL112;CL116,4.63540275,-74.0753407,1.0,17.798614408909092,,0.0,110.0,1.0
165759,10498774,-74.067835865,4.65901752100001,KR 22-CL 69 02,2019,Octubre,3,jueves,6,40,Barrios Unidos,Choque,Vehículo,,Solo Daños,0,0,0,0,0,0,0,0,0,1,0,0,0,0,0,0,0,0,0,0,0,1,11.0,0.004203179811418432,466.55295906744595,KR19,CL159;CL100,4.660728300000001,-74.0639966,1.0,20.446035079784945,,0.0,93.0,1.0
165760,10498775,-74.124141662,4.62430057799997,AK 68-CL 3 2,2019,Octubre,3,jueves,23,2,Puente Aranda,Choque,Vehículo,,Solo Daños,0,0,0,0,0,0,0,0,0,0,0,0,0,0,0,0,0,0,0,0,0,0,114.0,0.00621215377437329,689.5490689554352,CL68;KR60,KR24;KR60,4.621832,-74.11844105,0.0,33.847312013,,0.0,120.0,0.0
165761,10498776,-74.116233572,4.724490022,CL 83A-KR 113 02,2019,Octubre,3,jueves,8,35,Engativá,Choque,Vehículo,,Solo Daños,0,0,0,0,0,0,0,0,0,0,0,0,0,0,0,0,0,0,0,0,0,0,1000710.0,0.01121465803647988,1244.8270420492668,KR86,CL72;CL75BIS,4.7274802000000005,-74.1054249,0.0,24.516661730363637,,0.0,110.0,0.0
165762,10498777,-74.073051363,4.65107368299999,CL 63-KR 25 02,2019,Octubre,3,jueves,20,40,Barrios Unidos,Choque,Vehículo,,Solo Daños,0,0,0,0,0,0,0,0,0,0,0,0,0,0,0,0,0,0,0,0,0,0,1000689.0,0.0007649803761236064,84.91282174972031,KR50,CL17;CL24,4.6516616,-74.07354079999999,1.0,24.97441116841667,,0.0,120.0,1.0
165763,10499146,-74.169559556,4.59571935999998,AV AVENIDA DEL SUR-CL 73B 35,2019,Octubre,6,domingo,9,30,Ciudad Bolívar,Choque,Vehículo,,Solo Daños,0,0,0,0,0,0,0,1,0,0,1,0,0,0,0,0,0,0,0,0,0,0,1001946.0,0.005097578355165849,565.8311974234092,"AV.P.MAYO,CL26SUR",KR72;KR78K,4.5960945,-74.1644758,0.0,17.9286002697561,,0.0,123.0,0.0
165764,10499147,-74.047078043,4.677565077,CL 94-KR 11A 2,2019,Octubre,5,sábado,8,50,Chapinero,Choque,Vehículo,,Solo Daños,0,0,0,0,0,0,0,0,0,1,0,0,0,0,0,0,0,0,0,0,0,1,1000098.0,0.004610544509837681,511.7704405919826,KR9,CL165;CL161,4.67476105,-74.0507379,1.0,21.733051005887095,,0.0,124.0,1.0
165765,10499148,-74.043407017,4.76780043299999,KR 45-CL 190 2,2019,Octubre,6,domingo,20,40,Usaquén,Choque,Vehículo,,Solo Daños,0,0,0,0,0,0,0,0,0,1,1,0,1,0,0,1,0,0,0,0,0,1,1000087.0,0.010156487580663037,1127.3701214535972,KR19,CL147;CL152,4.7597534,-74.04960375,0.0,13.909170058119658,,0.0,117.0,0.0
165766,10499149,-74.064435,4.64404667000002,KR 13-CL 57 2,2019,Octubre,5,sábado,17,40,Chapinero,Choque,Vehículo,,Solo Daños,0,0,0,0,0,0,0,0,0,1,1,0,1,0,0,0,1,0,0,0,0,1,1000307.0,0.0028514023534048664,316.50566122794015,KR10,CL24;CL19,4.6413462,-74.0635196,1.0,11.45629678252101,,0.0,119.0,1.0
165767,10499150,-74.06689991,4.72447170200002,CL 134-KR 58A 02,2019,Octubre,6,domingo,21,55,Suba,Choque,Vehículo,,Solo Daños,0,0,1,0,0,0,0,0,0,0,0,0,0,0,0,0,0,0,0,0,0,0,1001054.0,0.0012003191913564101,133.23543024056153,KR68,KR64;AV.SUBA,4.72398195,-74.06580405,1.0,31.766158022166668,,0.0,120.0,1.0
165768,10499151,-74.074609015,4.72225024800002,AV AVENIDA SUBA-AV AVENIDA BOYACA 2,2019,Octubre,6,domingo,20,25,Suba,Choque,Vehículo,,Solo Daños,0,0,0,0,0,0,0,0,0,0,0,0,0,0,0,0,0,0,0,0,0,0,1001047.0,0.006835164331809244,758.7032408308261,KR68,CL66;CL19,4.718268699999999,-74.0801648,0.0,23.909067138947368,,0.0,114.0,0.0
165769,10499152,-74.06995855,4.70325426800002,CL 117D-KR 58 50,2019,Octubre,6,domingo,13,35,Suba,Choque,Vehículo,,Solo Daños,0,0,0,0,0,0,0,0,0,1,0,0,0,0,0,0,0,0,0,0,0,1,1000969.0,0.003654577531346685,405.65810597948206,"CL34,AV.AMERICAS",KR19;KR28,4.706773350000001,-74.07094445000001,1.0,15.575281727258064,,0.0,124.0,1.0
165770,10499153,-74.137098724,4.71067537800002,TR 113F-CL 65B 02,2019,Octubre,7,lunes,19,10,Engativá,Choque,Vehículo,,Solo Daños,0,0,0,0,0,1,0,0,0,0,0,0,0,0,0,0,0,0,0,0,0,0,103.0,0.004968820861415589,551.5391156171304,DIAG16,KR129;CL17,4.71384325,-74.1332707,1.0,21.849502661333336,,0.0,120.0,1.0
165771,10499154,-74.174246739,4.62655845400002,KR 85A-CL 47B S 2,2019,Octubre,6,domingo,15,40,Kennedy,Choque,Vehículo,,Solo Daños,0,0,0,0,0,0,0,0,0,0,0,0,0,0,0,0,0,0,0,0,0,0,148.0,0.01658947140423124,1841.4313258696677,AV.CL59SUR,KR81A;CL59SUR,4.6285372,-74.1577757,0.0,20.658020875000002,,0.0,8.0,0.0
165772,10499155,-74.067725604,4.631632384,AV AVENIDA CARACAS-CL 44 2,2019,Octubre,5,sábado,7,45,Chapinero,Choque,Vehículo,,Solo Daños,0,0,0,0,0,0,0,0,0,0,0,0,0,0,0,0,0,0,0,0,0,0,142.0,0.0026793550487989853,297.4084104166874,AUTONORTE,SANTA.FE;CL80,4.633063249999999,-74.0699909,1.0,27.581292722941175,,0.0,119.0,1.0
165773,10499156,-74.175023493,4.61717473800002,CL 54-KR 80H S 2,2019,Octubre,6,domingo,13,0,Kennedy,Choque,Vehículo,,Solo Daños,0,0,0,0,0,0,0,1,0,0,0,0,0,0,0,0,0,0,0,0,0,0,149.0,0.015243839798348431,1692.0662176166759,AV.CL59SUR,CL59SUR;KR81A,4.6025243,-74.1792353,0.0,25.57615745875,,0.0,8.0,0.0
165774,10499157,-74.029651718,4.70258808300002,KR 7A-CL 127 02,2019,Octubre,7,lunes,10,6,Usaquén,Choque,Vehículo,,Solo Daños,0,0,0,0,0,0,0,1,0,0,0,0,0,0,0,0,0,0,0,0,0,0,1000184.0,0.002067170104621622,229.45588161300003,KR15,CL94;CL100,4.704458949999999,-74.03053095,1.0,18.801192621239668,,0.0,121.0,1.0
165775,10499158,-74.045610081,4.75579667300002,KR 45-CL 175 2,2019,Octubre,6,domingo,11,5,Usaquén,Choque,Vehículo,,Solo Daños,0,0,0,0,0,0,0,0,0,1,0,0,0,0,0,0,0,0,0,0,0,1,1000087.0,0.005621839612964795,624.0241970390923,KR19,CL147;CL152,4.7597534,-74.04960375,0.0,13.981938335916668,,0.0,120.0,0.0
165776,10499159,-74.128835018,4.57535459600001,CL 47B-KR 23B S 2,2019,Octubre,5,sábado,10,48,Tunjuelito,Choque,Vehículo,,Solo Daños,0,0,0,0,0,0,0,0,0,0,0,0,0,0,0,0,0,0,0,0,0,0,67.0,0.005555689596640332,616.6815452270769,CL11SUR,AV.CARACAS;KR6_ESTE,4.5782967,-74.12412230000001,0.0,16.778584491735536,,0.0,121.0,0.0
165777,10499160,-74.085718611,4.61617158799999,CL 19-KR 25 2,2019,Octubre,5,sábado,9,59,Los Mártires,Choque,Vehículo,,Solo Daños,0,1,0,0,0,0,0,1,0,0,0,0,0,0,0,0,0,0,0,0,0,0,1001990.0,0.0019831097420233436,220.12518136459116,NQS,GRAL.SANTANDER;CL38ASUR,4.6181546,-74.0857383,1.0,40.758518278770495,,0.0,122.0,1.0
165778,10499161,-74.104966194,4.680998311,KR 75-CL 64F 02,2019,Octubre,6,domingo,21,25,Engativá,Choque,Vehículo,,Solo Daños,0,0,0,0,0,0,0,0,0,0,0,0,0,0,0,0,0,0,0,0,0,0,1000228.0,0.00781731532440506,867.7220010089617,KR72,CL169;CL170,4.6733282,-74.10647610000001,0.0,42.212119575,,0.0,106.0,0.0
165779,10499162,-74.084778135,4.597110208,KR 14-CL 5 2,2019,Octubre,6,domingo,1,39,Santa Fe,Choque,Vehículo,,Solo Daños,0,0,0,0,0,0,0,0,0,1,1,0,0,0,0,0,0,0,0,0,0,1,1000216.0,0.002180077093518883,241.988557380596,KR7,CL34;CL39,4.5992053,-74.08538089999999,1.0,41.49341355475,,0.0,120.0,1.0
165780,10499163,-74.087543226,4.61946826899998,AK 30-CL 19 2,2019,Octubre,5,sábado,10,40,Los Mártires,Choque,Vehículo,,Solo Daños,0,0,0,0,0,0,0,1,0,0,0,0,0,0,0,0,0,0,0,0,0,0,1001990.0,0.002232371856781865,247.79327610278702,NQS,GRAL.SANTANDER;CL38ASUR,4.6181546,-74.0857383,1.0,40.57907191295652,,0.0,115.0,1.0
165782,10499165,-74.125651458,4.69698496799998,KR 105-CL 64B 2,2019,Octubre,6,domingo,15,0,Engativá,Choque,Vehículo,,Solo Daños,0,0,0,0,0,0,0,0,0,0,0,0,0,0,0,0,0,0,0,0,0,0,1000723.0,0.008058409694610845,894.4834761018038,KR86,CL10;AV.AMERICAS,4.6984233,-74.11772245,0.0,10.41268415462185,,0.0,119.0,0.0
165783,10499166,-74.081074371,4.59512095299999,KR 10-CL 6 02,2019,Octubre,7,lunes,18,15,Santa Fe,Choque,Vehículo,,Solo Daños,0,0,0,0,0,1,0,0,0,0,0,0,0,0,0,0,0,0,0,0,0,0,1000258.0,0.004101863233315629,455.3068188980348,CL32,KR7;AV.CARACAS,4.595026300000001,-74.0769736,1.0,14.503747425042016,,0.0,119.0,1.0
165784,10499167,-74.184524514,4.62240400799999,CL 57-KR 87DBIS S 2,2019,Octubre,5,sábado,21,30,Bosa,Choque,Vehículo,,Solo Daños,0,1,1,0,0,0,0,0,0,0,0,0,0,0,0,0,0,0,0,0,0,0,76.0,0.015464036181639744,1716.5080161620115,KR86,CL57BSUR;KR91,4.616729,-74.1989096,0.0,19.76513903281818,,0.0,110.0,0.0
165785,10499168,-74.143009075,4.58286874800001,AV AVENIDA BOYACA-KR 56 S 02,2019,Octubre,7,lunes,21,0,Ciudad Bolívar,Choque,Vehículo,,Solo Daños,0,1,0,0,0,0,0,0,0,0,0,0,0,0,0,0,0,0,0,0,0,0,1002273.0,0.009938040446128473,1103.1224895202606,AV.VILLAVICENCIO,AV.P.MAYO;CL57BSUR,4.5920865,-74.13929455,0.0,24.28495591625,,0.0,8.0,0.0
165786,10499541,-74.103883423,4.704892863,KR 90-CL 80C 2,2019,Octubre,10,jueves,16,4,Engativá,Atropello,,,Con Heridos,0,0,0,0,0,0,1,1,0,0,0,0,0,0,0,0,0,0,0,0,0,0,1000963.0,0.005746986898875598,637.9155457751914,CL72,KR64;KR70,4.7019356,-74.0989557,0.0,13.048620388916667,,0.0,120.0,0.0
165787,10499542,-74.113040397,4.56221055700001,DG 46-KR 10 S 02,2019,Octubre,11,viernes,7,37,Rafael Uribe Uribe,Choque,Vehículo,,Con Heridos,0,0,0,0,0,1,0,0,0,1,0,0,0,0,0,0,0,0,0,0,0,1,39.0,0.00802387338712281,890.649945970632,AV.CARACAS,AV.P.MAYO;CL80,4.5552695,-74.11706585,0.0,15.574897892416667,,0.0,120.0,0.0
165788,10499543,-74.075933321,4.60331687600001,KR 10-CL 15 2,2019,Octubre,11,viernes,19,5,Santa Fe,Atropello,,,Con Heridos,0,0,0,0,0,0,1,0,0,0,1,0,1,1,0,0,0,0,1,0,0,0,1000653.0,0.0033245793883357323,369.0283121052663,AV.CIRCUNVALAR,KR7;CL83,4.6066223,-74.07557695,1.0,17.514913835333335,,0.0,120.0,1.0
165789,10499544,-74.073381146,4.59012629300003,CL 6-KR 0 SE 02,2019,Octubre,11,viernes,19,38,San Cristóbal,Atropello,,,Con Heridos,0,0,0,0,0,1,1,1,0,0,0,0,0,0,0,0,0,0,0,0,0,0,1000028.0,0.005790595614029405,642.756113157264,KR11,CL94;CL92,4.58677215,-74.0686609,0.0,14.969897928166667,,0.0,120.0,0.0
165790,10499545,-74.04457056,4.76507712900002,CL 187-KR 45 2,2019,Octubre,11,viernes,8,10,Usaquén,Atropello,,,Con Heridos,0,0,0,0,0,0,1,1,0,1,0,0,0,0,0,0,0,0,0,0,0,1,1000087.0,0.007326328687809161,813.2224843468169,KR19,CL147;CL152,4.7597534,-74.04960375,0.0,18.901305023083335,,0.0,120.0,0.0
165791,10499546,-74.11163781,4.62761005099998,AV AVENIDA DE LAS AMERICAS-KR 54 2,2019,Octubre,11,viernes,7,45,Puente Aranda,Atropello,,,Con Heridos,0,0,0,0,0,1,1,0,0,0,0,0,0,0,0,0,0,0,0,0,0,0,133.0,0.0025386739830281636,281.7928121161262,"AV.AMERICAS,KR50",KR62;CL5A,4.6297271,-74.11023675,1.0,21.136602275040648,,0.0,123.0,1.0
165792,10499547,-74.04787723,4.68492656699999,CL 100-KR 9 2,2019,Octubre,11,viernes,20,30,Usaquén,Atropello,,,Con Heridos,0,0,0,0,0,0,1,1,0,0,0,0,0,0,0,0,0,0,0,0,0,0,1002017.0,0.0051084434309028315,567.0372208302143,AUTONORTE,ALCALA;PRADO,4.6892508,-74.04515745,0.0,48.76118843461539,,0.0,117.0,0.0
165793,10499548,-74.110975426,4.58428511300002,KR 24-CL 28 S 02,2019,Octubre,11,viernes,7,20,Rafael Uribe Uribe,Volcamiento,,,Con Heridos,0,0,0,1,1,1,0,0,0,0,0,0,0,0,0,0,0,0,0,0,0,0,1000314.0,0.0033547751682836066,372.3800436794803,CL19,KR5;KR10,4.5844906000000005,-74.10762695,1.0,11.655384693166667,,0.0,120.0,1.0
165794,10499549,-74.078997953,4.684059171,CL 80-KR 68 2,2019,Octubre,11,viernes,7,30,Engativá,Caida de ocupante,,,Con Heridos,0,0,0,0,0,0,0,0,0,0,1,0,0,0,0,0,0,0,0,0,0,0,86.0,0.004841709627193302,537.4297686184565,KR50,CL53;CL17,4.67926125,-74.07964765,1.0,27.00828135219512,,0.0,123.0,1.0
165795,10499550,-74.205641448,4.60802178099999,CL 76A-KR 78F S 02,2019,Octubre,11,viernes,6,25,Bosa,Choque,Vehículo,,Con Heridos,1,0,0,0,0,1,0,0,0,0,1,0,0,0,0,0,0,0,0,0,0,0,1002284.0,0.008151458257161204,904.8118665448936,KR86,TV79D;CL57BSUR,4.61096955,-74.19804165,0.0,19.89900974875,,0.0,8.0,0.0
165796,10499551,-74.131591123,4.58487369199997,KR 31-CL 48 S 2,2019,Octubre,11,viernes,19,10,Tunjuelito,Atropello,,,Con Heridos,0,0,0,0,0,0,1,1,0,1,0,0,0,0,0,0,0,0,0,0,0,1,1002271.0,0.005874597772755349,652.0803527758437,KR72,KR1;KR4AE,4.582431,-74.12624845,0.0,21.43414773666667,,0.0,12.0,0.0
165797,10499552,-74.063854704,4.63488532100001,KR 7-CL 48 30,2019,Octubre,11,viernes,5,30,Chapinero,Atropello,,,Con Heridos,0,0,0,0,0,1,1,1,0,0,0,0,0,0,0,0,0,0,0,0,0,0,1000007.0,0.003090412278309111,343.0357628923113,KR7,CL121;CL116,4.635579,-74.06084315,1.0,36.23526418946428,,0.0,112.0,1.0
165798,10499553,-74.156715976,4.69547230000001,KR 128-CL 22D 31,2019,Octubre,11,viernes,19,10,Fontibón,Atropello,,,Con Heridos,0,0,0,0,0,1,1,0,0,0,0,0,0,0,0,0,0,0,0,0,0,0,95.0,0.008657699824095828,961.0046804746369,AV.SUBA,KR94;SAN.MARTIN,4.68681675,-74.15652305,0.0,28.118568883333335,,0.0,120.0,0.0
165799,10499554,-74.109386174,4.74445478799998,TR 127-CL 137 02,2019,Octubre,11,viernes,5,45,Suba,Atropello,,,Con Heridos,0,0,0,0,0,1,1,1,0,0,0,0,0,0,0,0,0,0,0,0,0,0,1000951.0,0.009518761350409103,1056.5825098954106,AV.SUBA,CL127;HUMEDAL.CORDOBA,4.7388854,-74.1016668,0.0,45.78360915303279,,0.0,122.0,0.0
165800,10499555,-74.103675613,4.69142439199999,CL 71-KR 81 2,2019,Octubre,10,jueves,17,30,Engativá,Choque,Vehículo,,Solo Daños,0,0,0,0,0,0,0,1,0,0,0,0,0,0,0,0,0,0,0,0,0,0,1000748.0,0.0011436352976173748,126.9435180355286,KR68,CL3;CL13,4.692486049999999,-74.1041008,1.0,25.795202156916666,,0.0,120.0,1.0
165801,10499556,-74.134135324,4.69146528099998,AC 26-KR 105 2,2019,Octubre,11,viernes,10,0,Fontibón,Volcamiento,,,Con Heridos,0,0,0,0,0,1,0,0,0,0,0,1,0,0,0,0,0,0,0,0,0,0,1000238.0,0.015679953024090188,1740.474785674011,CL134,KR58;KR53,4.68384265,-74.1204329,0.0,26.53073753595041,,0.0,121.0,0.0
165802,10499557,-74.075517352,4.60203110499998,KR 9-CL 12C 10,2019,Octubre,10,jueves,8,30,Candelaria,Atropello,,,Con Heridos,1,0,0,0,1,0,1,0,0,0,0,0,0,0,0,0,0,0,0,0,0,0,6.0,0.0038842109980469926,431.1474207832162,KR11,CL116;CL72,4.60046185,-74.07196425000001,1.0,13.70600484717742,,0.0,124.0,1.0
165803,10499558,-74.184092433,4.60310161000001,KR 78G-CL 65A S 57,2019,Octubre,10,jueves,13,21,Bosa,Choque,Vehículo,,Solo Daños,0,0,0,0,0,0,0,1,0,1,0,0,0,0,0,0,0,0,0,0,0,1,149.0,0.004891321683943534,542.9367069177323,AV.CL59SUR,CL59SUR;KR81A,4.6025243,-74.1792353,1.0,25.57615745875,,0.0,8.0,1.0
165804,10499559,-74.100258188,4.59827926100002,KR 27-CL 1F 2,2019,Octubre,11,viernes,8,0,Los Mártires,Volcamiento,,,Con Heridos,0,0,0,0,0,1,0,0,0,0,0,0,0,0,0,0,0,0,0,0,0,0,1000264.0,0.0020029974836954945,222.3327206901999,AV.CARACAS,CL40A;CL45,4.5972931,-74.1020016,1.0,21.310084306693547,,0.0,124.0,1.0
165805,10499560,-74.103284904,4.69112571300002,CL 71-KR 80A 2,2019,Octubre,10,jueves,16,0,Engativá,Choque,Vehículo,,Solo Daños,1,0,0,0,0,0,0,0,0,0,0,0,0,0,0,0,0,0,0,0,0,0,1000748.0,0.001586254404663577,176.07423891765706,KR68,CL3;CL13,4.692486049999999,-74.1041008,1.0,26.979475385210087,,0.0,119.0,1.0
165806,10499561,-74.084424538,4.69687807000003,AV AVENIDA BOYACA-CL 94 02,2019,Octubre,10,jueves,2,8,Suba,Atropello,,,Con Heridos,0,0,0,0,0,0,1,0,0,0,0,0,0,0,0,0,0,0,0,0,0,0,1001728.0,0.0007062820206956157,78.39730429721334,KR68,CL19;CL13,4.6964728,-74.0838461,1.0,44.920273570750005,,0.0,120.0,1.0
165807,10499562,-74.074490291,4.61027309000002,KR 13A-CL 22 2,2019,Octubre,8,martes,18,40,Santa Fe,Choque,Vehículo,,Solo Daños,0,0,0,0,0,1,0,1,0,1,0,0,0,0,0,0,0,0,0,0,0,1,41.0,0.0012052105974798587,133.77837632026433,CL39,KR7;AV.CARACAS,4.61057625,-74.07565675000001,1.0,9.251992850333332,,0.0,120.0,1.0
165808,10499563,-74.104782449,4.58826021800002,KR 24F-CL 18 S 11,2019,Octubre,10,jueves,10,30,Puente Aranda,Choque,Vehículo,,Solo Daños,0,0,0,0,0,0,0,0,0,1,0,0,0,0,0,0,0,0,0,0,0,1,1000671.0,0.0033349166838316157,370.17575190530937,AV.P.MAYO,KR6;KR3E,4.59078275,-74.10260105,1.0,25.320349671250003,,0.0,120.0,1.0
165809,10499564,-74.083759983,4.53805537,KR 14-CL 46G ES 24,2019,Octubre,10,jueves,13,45,San Cristóbal,Caida de ocupante,,,Con Heridos,0,0,0,0,0,0,0,1,0,0,1,0,1,0,0,1,0,0,0,0,0,0,58.0,0.018540937688847483,2058.044083462071,CL13,AV.CARACAS;KR128,4.5547492,-74.09182735,0.0,18.157956319919354,,0.0,124.0,0.0
165810,10499931,-74.132936266,4.58453756799997,KR 31-CL 48C S 02,2019,Octubre,16,miércoles,10,35,Tunjuelito,Choque,Vehículo,,Con Heridos,0,0,0,0,0,1,0,0,0,0,1,0,1,0,0,0,1,0,0,0,0,0,1002271.0,0.007011740981261309,778.3032489200053,KR72,KR1;KR4AE,4.582431,-74.12624845,0.0,22.057158362000003,,0.0,20.0,0.0
165811,10499932,-74.059155793,4.74204563699999,KR 56-CL 159 31,2019,Octubre,15,martes,13,20,Suba,Choque,Vehículo,,Con Heridos,0,0,0,0,0,1,0,1,0,0,0,0,0,0,0,0,0,0,0,0,0,0,1000078.0,0.0023004052873859147,255.34498689983653,CL100,KR19;KR49,4.7416579,-74.0568883,1.0,20.258451042741935,,0.0,124.0,1.0
165812,10499933,-74.08099622,4.66575041099998,KR 56B-CL 66B 2,2019,Octubre,16,miércoles,7,15,Barrios Unidos,Choque,Vehículo,,Con Heridos,0,0,0,0,1,0,0,0,1,0,1,0,0,0,0,0,0,0,0,0,1,0,1000189.0,0.0023693696607331046,263.0000323413746,KR7,CL170;CL165,4.66734485,-74.0792436,1.0,23.36678527471545,,0.0,123.0,1.0
165813,10499934,-74.04742882,4.748015356,CL 167-KR 45 20,2019,Octubre,15,martes,13,0,Suba,Choque,Objeto Fijo,Arbol,Con Heridos,1,0,0,0,0,0,0,0,0,0,0,0,0,0,0,0,0,0,0,0,0,0,1000175.0,0.0092538703944774,1027.1796137869912,CL106,KR19;KR15,4.73962495,-74.05133205,0.0,14.06945636016129,,0.0,124.0,0.0
165814,10499935,-74.037419513,4.76143067200002,KR 16-CL 184A 02,2019,Octubre,16,miércoles,22,50,Usaquén,Choque,Vehículo,,Con Heridos,0,0,0,0,0,0,0,0,0,1,1,0,1,0,0,1,0,0,0,0,0,1,1000088.0,0.005611162031235354,622.8389854671243,KR19,CL159;CL152,4.7601672,-74.03195245,0.0,23.121579783333335,,0.0,120.0,0.0
165815,10499936,-74.104463164,4.58370900900002,AV AVENIDA PRIMERA DE MAYO-KR 20 35,2019,Octubre,15,martes,16,40,Antonio Nariño,Atropello,,,Con Heridos,0,0,0,0,0,0,1,1,0,0,0,0,0,0,0,0,0,0,0,0,0,0,1000314.0,0.0032588995604433194,361.73785120920843,CL19,KR5;KR10,4.5844906000000005,-74.10762695,1.0,10.761287262966102,,0.0,118.0,1.0
165816,10499937,-74.117075415,4.56901243099998,DG 45A-KR 12J S 45,2019,Octubre,15,martes,16,40,Rafael Uribe Uribe,Atropello,,,Con Heridos,0,0,0,0,0,1,1,1,0,0,0,0,0,0,0,0,0,0,0,0,0,0,1000325.0,0.005997032872917874,665.6706488938839,AV.CARACAS,AV.PRIMERO_MAYO;CL11SUR,4.57490245,-74.11594754999999,0.0,20.69642538,,0.0,120.0,0.0
165817,10499938,-74.023289635,4.736909728,KR 7-CL 162 02,2019,Octubre,15,martes,17,0,Usaquén,Atropello,,,Con Heridos,0,0,0,0,0,0,1,0,0,0,1,0,1,0,0,1,0,0,0,0,0,0,1000081.0,0.00951283122015441,1055.9242654371394,KR19,CL116;CL127,4.7391552,-74.03253365,0.0,11.890928887916665,,0.0,120.0,0.0
165818,10499939,-74.137897962,4.58886370699997,KR 38-CL 50B S 2,2019,Octubre,16,miércoles,9,40,Tunjuelito,Caida de ocupante,,,Con Heridos,0,0,0,0,0,0,0,0,0,0,1,0,1,0,0,1,0,0,0,0,0,0,1002273.0,0.003512385622736114,389.87480412370866,AV.VILLAVICENCIO,AV.P.MAYO;CL57BSUR,4.5920865,-74.13929455,1.0,20.3528848325,,0.0,8.0,1.0
165819,10499940,-74.12552116,4.57939009900002,KR 24-CL 44 S 02,2019,Octubre,16,miércoles,21,0,Tunjuelito,Atropello,,,Con Heridos,0,0,0,0,0,1,1,0,0,0,0,0,0,0,0,0,0,0,0,0,0,0,67.0,0.0017754804062082717,197.07832508911815,CL11SUR,AV.CARACAS;KR6_ESTE,4.5782967,-74.12412230000001,1.0,18.61664287216667,,0.0,120.0,1.0
165820,10499941,-74.082928701,4.59243719699998,KR 10-CL 3 02,2019,Octubre,15,martes,9,20,Santa Fe,Choque,Vehículo,,Solo Daños,0,0,0,0,0,0,0,0,0,1,0,0,0,0,0,0,0,0,0,0,0,1,1001961.0,0.002485995518922534,275.94550260040126,CL22,KR1;KR3,4.5900896,-74.08211080000001,1.0,11.85127625983871,,0.0,124.0,1.0
165821,10499942,-74.051325007,4.72014591200002,AV AVENIDA PASEO DE LOS LIBERTADORES-CL 134A 02,2019,Octubre,16,miércoles,7,10,Usaquén,Choque,Vehículo,,Con Heridos,1,1,0,0,0,0,0,0,0,0,0,0,0,0,0,0,0,0,0,0,0,0,1002024.0,0.0008367401963354284,92.87816179323255,AUTONORTE,TOBERIN;SANTA.FE,4.7209002,-74.0516872,1.0,26.857632597844827,,0.0,116.0,1.0
165822,10499943,-74.177676645,4.59709945200001,AV AVENIDA DEL SUR-CL 59 S 2,2019,Octubre,15,martes,21,0,Bosa,Choque,Vehículo,,Solo Daños,0,1,0,0,0,0,0,0,0,0,0,0,0,0,0,0,0,0,0,0,0,0,149.0,0.005644322920599839,626.5198441865821,AV.CL59SUR,CL59SUR;KR81A,4.6025243,-74.1792353,0.0,14.794263375,,0.0,4.0,0.0
165823,10499944,-74.076819189,4.65366769000002,CL 63B-KR 28A 02,2019,Octubre,15,martes,12,0,Barrios Unidos,Choque,Vehículo,,Solo Daños,0,0,0,0,0,0,0,0,0,0,0,0,0,0,0,0,0,0,0,0,0,0,1000093.0,0.0006079984896389653,67.48783234992516,KR7,CL147;CL153,4.6537385,-74.07742305,1.0,33.50004367315315,,0.0,111.0,1.0
165824,10499945,-74.051754973,4.66735645699998,KR 11-CL 84A 02,2019,Octubre,15,martes,17,15,Chapinero,Choque,Vehículo,,Solo Daños,0,0,0,0,0,0,0,0,0,0,1,0,1,0,0,1,0,0,0,0,0,0,1000986.0,0.003814478464329605,423.4071095405862,CL80,KR69H;KR58,4.6638357,-74.0532228,1.0,35.48257286008772,,0.0,114.0,1.0
165825,10499946,-74.061688456,4.66453928700003,KR 20B-CL 76 2,2019,Octubre,14,lunes,14,10,Barrios Unidos,Choque,Vehículo,,Solo Daños,0,0,0,0,0,0,0,1,0,0,0,0,0,0,0,0,0,0,0,0,0,0,1000707.0,0.0036532069820130134,405.5059750034445,CL13,KR47;KR39,4.6608924,-74.06190325,1.0,19.94504262440678,,0.0,118.0,1.0
165826,10499947,-74.077625707,4.68185648000002,CL 80-KR 64 02,2019,Octubre,15,martes,8,34,Barrios Unidos,Choque,Vehículo,,Solo Daños,0,0,0,0,0,0,0,0,0,0,1,0,0,0,0,0,0,0,0,0,1,0,86.0,0.0032899045956174197,365.1794101135336,KR50,CL53;CL17,4.67926125,-74.07964765,1.0,21.754610997083333,,0.0,120.0,1.0
165827,10499948,-74.057717763,4.65659202900002,CL 72-KR 10 02,2019,Octubre,15,martes,13,45,Chapinero,Choque,Vehículo,,Solo Daños,0,0,0,0,0,0,0,1,0,1,0,0,0,0,0,0,0,0,0,0,0,1,1000096.0,0.0023313116269342363,258.77559058970024,KR7,CL162;CL153,4.654590349999999,-74.05652265,1.0,22.20191370125,,0.0,120.0,1.0
165828,10499949,-74.095324714,4.55801967000002,KR 1-CL 36F S 2,2019,Octubre,14,lunes,16,0,San Cristóbal,Choque,Vehículo,,Solo Daños,0,0,0,0,0,0,0,0,0,1,0,0,0,0,0,0,0,0,0,0,0,1,58.0,0.004788269934904369,531.497962774385,CL13,AV.CARACAS;KR128,4.5547492,-74.09182735,1.0,17.855883381525423,,0.0,118.0,1.0
165829,10499950,-74.128915481,4.65199489000003,CL 13-KR 75 02,2019,Octubre,15,martes,11,0,Fontibón,Choque,Vehículo,,Solo Daños,0,1,0,0,0,0,0,0,0,0,0,0,0,0,0,0,0,0,0,0,0,0,1000775.0,0.003479114819138966,386.18174492442523,CL17,KR128;KR123,4.65006275,-74.1260222,1.0,21.665620787881355,,0.0,118.0,1.0
165830,10499951,-74.110173131,4.70821683600002,CL 80-KR 96 02,2019,Octubre,15,martes,21,45,Engativá,Choque,Vehículo,,Solo Daños,0,0,0,0,0,0,0,0,0,0,0,0,0,0,0,0,0,0,0,0,0,0,1000759.0,0.011819064003332524,1311.9161043699103,KR80,CL26SUR;CL38CSUR,4.69774235,-74.10469815,0.0,23.535995135666667,,0.0,120.0,0.0
165831,10499952,-74.080055982,4.70989236299999,AV AVENIDA BOYACA-CL 127 2,2019,Octubre,15,martes,18,45,Suba,Choque,Vehículo,,Solo Daños,0,0,0,0,0,0,0,0,0,0,0,0,0,0,0,0,0,0,0,0,0,0,150.0,0.002554252117574889,283.5219850508127,CL53,KR70;CL63,4.71236735,-74.07942460000001,1.0,11.0533232996875,,0.0,32.0,1.0
165832,10499953,-74.097369694,4.629639629,CL 21-KR 43A 02,2019,Octubre,15,martes,8,0,Puente Aranda,Choque,Vehículo,,Solo Daños,0,0,0,0,0,0,0,0,0,1,0,0,0,0,0,0,0,0,0,0,0,1,1002042.0,0.0010158627978595419,112.76077056240915,CL26,AV.ROJAS;NORMANDIA,4.62888465,-74.09669,1.0,52.52863391935484,,0.0,124.0,1.0
165833,10499954,-74.056350278,4.667844511,KR 15-CL 82 02,2019,Octubre,15,martes,19,0,Chapinero,Choque,Vehículo,,Solo Daños,0,0,0,0,0,0,0,0,0,0,0,0,0,0,0,0,0,0,0,0,0,0,141.0,0.0046252734185564396,513.4053494597648,AUTONORTE,CL80;SANTA.FE,4.6632782,-74.0556141,1.0,28.022367421228072,,0.0,114.0,1.0
165834,10500327,-74.116689744,4.68153836699997,CL 52A-KR 86 02,2019,Octubre,19,sábado,19,29,Engativá,Choque,Vehículo,,Solo Daños,0,0,1,0,0,1,0,1,0,1,0,0,0,0,0,0,0,0,0,0,0,1,1000227.0,0.0032004874698769903,355.2541091563459,KR72,CL170;CL169,4.67854075,-74.1155684,1.0,26.80290366775,,0.0,120.0,1.0
165835,10500328,-74.14202716,4.65392699300003,AV AVENIDA CIUDAD DE CALI-CL 13A 72,2019,Octubre,21,lunes,6,10,Kennedy,Volcamiento,,,Con Muertos,0,1,0,0,0,1,0,0,0,0,0,0,0,0,0,0,0,0,0,0,0,0,1001019.0,0.0033727690116859064,374.3773602971356,KR72,CL75;CL66A,4.65133785,-74.1398657,1.0,38.81322497895833,,0.0,96.0,1.0
165836,10500329,-74.164253944,4.61817020400002,AV AVENIDA CUIDAD DE VILLAVICENCIO-KR 79 2,2019,Octubre,17,jueves,16,17,Kennedy,Choque,Objeto Fijo,Vehiculo,Con Heridos,0,0,0,0,0,0,0,0,0,1,0,0,0,0,0,0,0,0,0,0,0,1,1001027.0,0.011713532516376239,1300.2021093177625,KR72,CL3;CL9,4.611398400000001,-74.15469625,0.0,13.655234455929202,,0.0,113.0,0.0
165837,10500330,-74.137700598,4.70714761900001,KR 113-CL 64C 02,2019,Octubre,19,sábado,9,55,Engativá,Choque,Vehículo,,Solo Daños,0,0,0,0,0,0,0,0,0,0,1,0,1,0,0,1,0,0,0,0,0,0,103.0,0.00802841645521761,891.1542265291547,DIAG16,KR129;CL17,4.71384325,-74.1332707,0.0,23.143750757580644,,0.0,124.0,0.0
165838,10500331,-74.162842719,4.61583060100003,CL 43-KR 78HBISA S 2,2019,Octubre,17,jueves,17,40,Kennedy,Atropello,,,Con Heridos,0,1,0,0,0,0,1,1,0,0,0,0,0,0,0,0,0,0,0,0,0,0,1001027.0,0.009274123294013345,1029.4276856354813,KR72,CL3;CL9,4.611398400000001,-74.15469625,0.0,10.980687817946428,,0.0,112.0,0.0
165839,10500332,-74.138049651,4.556795448,AV AVENIDA BOYACA-CL 63 S 2,2019,Octubre,20,domingo,17,0,Ciudad Bolívar,Choque,Vehículo,,Solo Daños,0,0,0,0,0,0,0,0,0,1,0,0,0,0,0,0,0,0,0,0,0,1,56.0,0.018355133369533747,2037.419804018246,CL6,AV.CARACAS;KR42,4.574981,-74.13556034999999,0.0,17.159014918083336,,0.0,120.0,0.0
165840,10500333,-74.16447722,4.59604095600002,AV AVENIDA DEL SUR-CL 72 02,2019,Octubre,19,sábado,15,38,Bosa,Choque,Vehículo,,Solo Daños,0,1,0,0,0,0,0,0,0,0,1,0,0,0,0,0,0,0,0,0,0,0,1001946.0,5.356282604455928e-05,5.94547369094608,"AV.P.MAYO,CL26SUR",KR72;KR78K,4.5960945,-74.1644758,1.0,15.608764599663866,,0.0,119.0,1.0
165841,10500334,-74.098681824,4.57464876799997,KR 10D-CL 25 S 2,2019,Octubre,11,viernes,11,57,San Cristóbal,Choque,Vehículo,,Con Heridos,0,0,0,0,0,1,0,0,0,0,0,0,0,0,0,0,0,0,0,0,0,0,117.0,0.00323393643582609,358.96694437669595,CL57,AV.CARACAS;TV25,4.5777728,-74.09784590000001,1.0,12.342009479344263,,0.0,122.0,1.0
165842,10500335,-74.063950852,4.750531486,CL 167-KR 65 37,2019,Octubre,20,domingo,14,16,Suba,Choque,Vehículo,,Solo Daños,0,0,0,0,0,0,0,1,0,0,0,0,0,0,0,0,0,0,0,0,0,0,1000231.0,0.008405554924415063,933.0165966100719,CL127,KR19;KR51A,4.7571278,-74.06916065,0.0,15.497454262419355,,0.0,124.0,0.0
165843,10500336,-74.172672759,4.59658965199998,AV AVENIDA DEL SUR-TR 74 02,2019,Octubre,19,sábado,19,10,Bosa,Choque,Vehículo,,Solo Daños,0,0,0,0,0,0,0,0,0,0,1,0,0,0,0,0,0,0,0,0,0,0,1001946.0,0.008211900653964242,911.5209725900309,"AV.P.MAYO,CL26SUR",KR72;KR78K,4.5960945,-74.1644758,0.0,13.190067876,,0.0,115.0,0.0
165844,10500337,-74.105135341,4.58449618499998,AV AVENIDA PRIMERO DE MAYO-KR 24 2,2019,Octubre,18,viernes,5,44,Rafael Uribe Uribe,Choque,Vehículo,,Con Heridos,0,0,0,0,0,1,0,0,0,0,0,0,0,0,0,0,0,0,0,0,0,0,1000314.0,0.002491615259449661,276.5692937989124,CL19,KR5;KR10,4.5844906000000005,-74.10762695,1.0,26.820550919338842,,0.0,121.0,1.0
165845,10500338,-74.073758967,4.63501869200002,CL 45B-KR 22 2,2019,Octubre,20,domingo,13,26,Teusaquillo,Choque,Vehículo,,Solo Daños,0,0,0,0,0,0,0,0,0,0,1,0,1,0,0,1,0,0,0,0,0,0,17.0,0.0013396714934222375,148.70353576986835,CL85,KR7;KR15,4.63445805,-74.07254225,1.0,9.586348378790323,,0.0,124.0,1.0
165846,10500339,-74.056781741,4.71131336899998,KR 49-CL 127C 02,2019,Octubre,19,sábado,19,0,Suba,Choque,Vehículo,,Solo Daños,0,0,0,0,0,0,0,0,0,0,0,0,0,0,0,0,0,0,0,0,0,0,16.0,0.004394379198204296,487.7760910006769,CL94,KR15;KR7,4.7156571,-74.057447,1.0,12.6867167,,0.0,120.0,1.0
165847,10500340,-74.170697093,4.62859298400002,AV AVENIDA CIUDAD DE VILLAVICENCIO-AV AVENIDA CIUDAD DE CALI 2,2019,Octubre,18,viernes,6,43,Kennedy,Choque,Vehículo,,Con Heridos,0,0,0,0,0,1,0,0,0,1,0,0,0,0,0,0,0,0,0,0,0,1,148.0,0.012921513414267147,1434.2879889836533,AV.CL59SUR,KR81A;CL59SUR,4.6285372,-74.1577757,0.0,16.17772341625,,0.0,8.0,0.0
165848,10500341,-74.101664759,4.67820104399999,AV AVENIDA BOYACA-CL 64F 2,2019,Octubre,20,domingo,16,19,Engativá,Choque,Vehículo,,Solo Daños,0,0,0,0,0,0,0,0,0,0,0,0,0,0,0,0,0,0,0,0,0,0,1000197.0,0.004699783160203593,521.6759307825988,CL134,KR9;KR7,4.675439,-74.09786225,1.0,19.535172882268906,,0.0,119.0,1.0
165849,10500342,-74.109623172,4.663118306,CL 26-KR 70 02,2019,Octubre,19,sábado,10,40,Fontibón,Choque,Vehículo,,Solo Daños,0,0,0,0,0,0,0,1,0,1,0,0,0,0,0,0,0,0,0,0,0,1,1000196.0,0.004940998965361524,548.4508851551291,CL134,KR7;KR9,4.6586908000000005,-74.10742985,1.0,19.767944229008265,,0.0,121.0,1.0
165850,10500343,-74.114489058,4.61554113699998,KR 50-CL 3 2,2019,Octubre,18,viernes,19,30,Puente Aranda,Choque,Vehículo,,Con Heridos,0,0,0,0,0,1,0,0,0,1,0,0,0,0,0,0,0,0,0,0,0,1,1000332.0,0.0033059199547897664,366.95711498166406,CL11SUR,KR7;KR10,4.6123352,-74.11529594999999,1.0,14.1932177215,,0.0,120.0,1.0
165851,10500344,-74.104311141,4.49029317200001,CL 101-KR 6A SE 2,2019,Octubre,20,domingo,16,30,Usme,Choque,Vehículo,,Solo Daños,0,0,0,0,0,0,0,0,0,0,0,0,0,0,0,0,0,0,0,0,0,0,1001959.0,0.044494813606350256,4938.924310304878,"CL19,KR3",KR5;CL22,4.5343054,-74.1108466,0.0,12.186563513613445,,0.0,119.0,0.0
165852,10500345,-74.119909145,4.678501638,AV AVENIDA CIUDAD DE CALI-CL 26 02,2019,Octubre,19,sábado,15,5,Fontibón,Choque,Vehículo,,Solo Daños,0,0,0,0,0,1,0,0,0,0,0,0,0,0,0,0,0,0,0,0,0,0,115.0,0.003294587207523963,365.6991800351599,KR60;CL68,CL66C;KR58,4.68103185,-74.1220192,1.0,16.78163193572581,,0.0,124.0,1.0
165853,10500346,-74.079879481,4.60370364099998,KR 14-CL 12 90,2019,Octubre,20,domingo,7,16,Candelaria,Choque,Vehículo,,Solo Daños,0,0,0,0,0,0,0,0,0,1,0,0,0,0,0,0,0,0,0,0,0,1,1001262.0,0.002673107028459451,296.71488015899905,NQS,CL1F;AV.P.MAYO,4.6030451,-74.0824702,1.0,20.546635446885244,,0.0,122.0,1.0
165854,10500347,-74.156249505,4.64094529300002,AV AVENIDA DE LAS AMERICAS-TR 86 2,2019,Octubre,18,viernes,10,4,Kennedy,Choque,Vehículo,,Con Heridos,0,0,0,0,0,1,0,0,0,0,0,0,0,0,0,0,0,0,0,0,0,0,124.0,0.0119055350015377,1321.5143851706848,CL66A,KR86;KR72,4.652358850000001,-74.1528624,0.0,8.493379600927835,,0.0,97.0,0.0
165855,10500348,-74.078367052,4.71190683100002,AV AVENIDA BOYACA-CL 127B 02,2019,Octubre,19,sábado,19,23,Suba,Choque,Vehículo,,Solo Daños,0,0,0,0,0,0,0,0,0,0,0,0,0,0,0,0,0,0,0,0,0,0,1002013.0,0.0008892100175562793,98.70231194874701,AUTONORTE,CL127;PEPE.SIERRA,4.7124844,-74.07904314999999,1.0,41.33757701633333,,0.0,120.0,1.0
165856,10500349,-74.129121409,4.65197804500002,CL 13-KR 75G 2,2019,Octubre,20,domingo,16,24,Fontibón,Choque,Vehículo,,Solo Daños,0,1,0,0,0,0,0,1,0,1,0,0,0,0,0,0,0,0,0,0,0,1,1000775.0,0.003643274812975521,404.4035042402828,CL17,KR128;KR123,4.65006275,-74.1260222,1.0,17.27629043474138,,0.0,116.0,1.0
165857,10500727,-74.055914087,4.69387615300002,KR 45-CL 106 2,2019,Octubre,23,miércoles,9,20,Usaquén,Choque,Vehículo,,Solo Daños,0,0,0,0,0,0,0,0,0,0,0,0,0,0,0,0,0,0,0,0,0,0,1002011.0,0.0032009618584488302,355.30676628782015,AUTONORTE,PEPE.SIERRA;CL100,4.697067349999999,-74.05566425,1.0,27.631502399596776,,0.0,124.0,1.0
165858,10500728,-74.111805973,4.70979054499998,CL 80-KR 100 52,2019,Octubre,23,miércoles,21,57,Engativá,Choque,Vehículo,,Solo Daños,0,0,0,0,0,0,0,0,0,1,0,0,0,0,0,0,0,0,0,0,0,1,1000723.0,0.01281479453526659,1422.4421934145917,KR86,CL10;AV.AMERICAS,4.6984233,-74.11772245,0.0,11.44416844525862,,0.0,116.0,0.0
165859,10500729,-74.046557376,4.66456879200001,AV AVENIDA CIRCUNVALAR-CL 85 75,2019,Octubre,24,jueves,15,47,Chapinero,Choque,Vehículo,,Solo Daños,0,1,0,0,0,0,0,0,0,0,0,0,0,0,0,0,0,0,0,0,0,0,1000986.0,0.006705617121512253,744.3235004878601,CL80,KR69H;KR58,4.6638357,-74.0532228,0.0,36.35043206355372,,0.0,121.0,0.0
165860,10500730,-74.106161097,4.630479622,CL 17-KR 52 02,2019,Octubre,24,jueves,14,10,Puente Aranda,Choque,Vehículo,,Solo Daños,0,0,0,0,0,1,0,0,0,0,0,0,0,0,0,0,0,0,0,0,0,0,1001705.0,0.0038820966206491777,430.91272489205875,AV.AMERICAS,KR80G;KR74,4.6273108,-74.1039185,1.0,37.96917457766129,,0.0,124.0,1.0
165862,10500732,-74.093344077,4.61576558500002,CL 13-KR 32 2,2019,Octubre,23,miércoles,16,40,Puente Aranda,Choque,Vehículo,,Con Heridos,1,0,0,0,0,0,0,0,0,0,0,0,0,0,0,0,0,0,0,0,0,0,1000254.0,0.0001735717942269161,19.26646915918769,CL45,KR19;KR24,4.61575465,-74.09317085,1.0,10.275580210347826,,0.0,115.0,1.0
165863,10500733,-74.087904941,4.60138492099998,CL 7BBIS-KR 18B 2,2019,Octubre,24,jueves,7,40,Los Mártires,Choque,Vehículo,,Con Heridos,0,1,0,0,0,1,0,0,0,0,0,0,0,0,0,0,0,0,0,0,0,0,1000056.0,0.0019216232891142212,213.30018509167854,KR11,CL106;CL116,4.60078815,-74.08973155,1.0,21.41648954788618,,0.0,123.0,1.0
165864,10500734,-74.176571311,4.63551689899998,KR 89B-CL 45A S 02,2019,Octubre,24,jueves,8,0,Kennedy,Choque,Vehículo,,Con Heridos,0,0,0,0,0,1,0,0,0,0,0,0,0,0,0,0,0,0,0,0,0,0,1000981.0,0.013990852006410799,1552.9845727115987,DIAG16,KR90;KR97,4.6495069,-74.176417,0.0,35.228873980491805,,0.0,122.0,0.0
165865,10500735,-74.100135715,4.59492187199999,CL 1-KR 25 58,2019,Octubre,23,miércoles,11,44,Los Mártires,Choque,Vehículo,,Con Heridos,0,0,0,0,0,1,0,0,0,1,0,0,0,0,0,0,0,0,0,0,0,1,1000249.0,0.0020493700098315024,227.48007109129676,AV.CARACAS,CL34;CL32,4.5942301,-74.1020648,1.0,18.830441505378154,,0.0,119.0,1.0
165866,10500736,-74.180626464,4.62951963699999,CL 51-KR 87J S 02,2019,Octubre,24,jueves,6,10,Bosa,Choque,Vehículo,,Con Heridos,1,0,0,0,0,0,0,0,0,0,0,0,0,0,0,0,0,0,0,0,1,0,1000981.0,0.020425725676187854,2267.255550056852,DIAG16,KR90;KR97,4.6495069,-74.176417,0.0,38.68951394059829,,0.0,117.0,0.0
165867,10500737,-74.066706897,4.62250437699998,KR 7-CL 35 2,2019,Octubre,24,jueves,6,2,Santa Fe,Choque,Vehículo,,Con Heridos,0,0,0,0,0,1,0,0,0,0,1,0,1,1,0,0,0,0,0,1,0,0,1002286.0,0.0036646213564124758,406.7729705617848,KR68SUR,CL38;KR51,4.6260131,-74.0677644,1.0,18.07389779125,,0.0,8.0,1.0
165868,10500738,-74.169226382,4.639475253,CL 40-KR 89C S 08,2019,Octubre,24,jueves,7,15,Kennedy,Choque,Vehículo,,Con Heridos,1,0,0,0,1,0,0,0,0,0,1,0,1,0,0,1,0,0,0,0,0,0,1000981.0,0.01234256572818175,1370.0247958281743,DIAG16,KR90;KR97,4.6495069,-74.176417,0.0,37.86135810268293,,0.0,123.0,0.0
165869,10500739,-74.11002466,4.62742708899998,AV AVENIDA DE LAS AMERICAS-KR 53F 2,2019,Octubre,23,miércoles,18,30,Puente Aranda,Choque,Vehículo,,Con Heridos,0,0,0,0,0,1,0,0,0,0,0,0,0,0,0,0,0,0,0,0,0,0,133.0,0.0023097689859198243,256.3843574371005,"AV.AMERICAS,KR50",KR62;CL5A,4.6297271,-74.11023675,1.0,27.782682927166665,,0.0,120.0,1.0
165870,10500740,-74.079181862,4.63653266599999,KR 30-CL 47 2,2019,Octubre,24,jueves,20,0,Teusaquillo,Choque,Vehículo,,Con Heridos,0,0,0,0,0,1,0,0,0,0,0,0,0,0,0,0,0,0,0,0,0,0,70.0,0.000773545262854633,85.86352417686426,KR27,CL22C;CL30SUR,4.636184399999999,-74.07849115,1.0,21.093886637951808,,0.0,83.0,1.0
165871,10500741,-74.121400494,4.6494356,CL 19-KR 69 65,2019,Octubre,24,jueves,7,30,Fontibón,Choque,Vehículo,,Con Heridos,1,0,0,0,0,1,0,0,0,0,0,0,0,0,0,0,0,0,0,0,0,0,102.0,0.002200687084194768,244.27626634561926,DIAG16,CL17;KR129,4.64725615,-74.1210955,1.0,24.080984069268293,,0.0,123.0,1.0
165872,10500742,-74.163853583,4.62407348199997,KR 80F-CL 42 S 16,2019,Octubre,24,jueves,21,0,Kennedy,Choque,Vehículo,,Con Heridos,0,0,0,0,0,0,0,0,0,0,0,0,0,0,0,0,0,0,0,0,0,0,148.0,0.00754091772568325,837.0418675508407,AV.CL59SUR,KR81A;CL59SUR,4.6285372,-74.1577757,0.0,17.33314592125,,0.0,8.0,0.0
165873,10500743,-74.052523185,4.680403571,CL 94-KR 16 83,2019,Octubre,24,jueves,10,2,Chapinero,Choque,Vehículo,,Con Heridos,0,0,0,0,0,1,0,1,0,1,0,0,0,0,0,0,0,0,0,0,0,1,1000035.0,0.002081183160576961,231.01133082404266,AUTONORTE,CL80;CL82,4.6801407,-74.0545877,1.0,17.71598536834711,,0.0,121.0,1.0
165875,10500745,-74.098971131,4.69039462199999,AC 72-KR 76 02,2019,Octubre,23,miércoles,14,45,Engativá,Atropello,,,Con Heridos,0,0,0,0,1,1,1,0,0,0,0,0,0,0,0,0,0,0,0,0,0,0,1000748.0,0.005539636732563971,614.8996773146008,KR68,CL3;CL13,4.692486049999999,-74.1041008,0.0,21.815380498991598,,0.0,119.0,0.0
165876,10500746,-74.072626776,4.62606183399998,CL 37-KR 18 2,2019,Octubre,24,jueves,6,50,Teusaquillo,Choque,Vehículo,,Con Heridos,0,0,0,0,0,1,0,0,0,0,0,0,0,0,0,0,0,0,0,0,0,0,1000684.0,0.0008143007108306695,90.38737890220432,KR27,CL13;CL6,4.62647265,-74.0719237,1.0,28.308382937228917,,0.0,83.0,1.0
165877,10500747,-74.118157759,4.62497236500002,KR 60-CL 4G 02,2019,Octubre,24,jueves,7,43,Puente Aranda,Atropello,,,Con Heridos,0,0,0,0,0,1,1,0,0,0,0,0,0,0,0,0,0,0,0,0,0,0,1001956.0,0.0010193193522847082,113.14444810360261,"CL68,CL72",KR58;KR70,4.6240064,-74.1178323,1.0,24.77197605770492,,0.0,122.0,1.0
165878,10500748,-74.021679438,4.73659839999999,CL 162A-KR 4C 2,2019,Octubre,24,jueves,22,56,Usaquén,Atropello,,,Con Heridos,0,0,0,0,0,1,1,0,0,0,0,0,0,0,0,0,0,0,0,0,0,0,1000081.0,0.01115128442740802,1237.7925714422902,KR19,CL116;CL127,4.7391552,-74.03253365,0.0,18.184740347058824,,0.0,119.0,0.0
165879,10500749,-74.159699068,4.64823969600002,CL 6A-KR 90 2,2019,Octubre,24,jueves,20,39,Kennedy,Atropello,,,Con Muertos,0,0,0,0,0,1,1,0,0,0,0,0,0,0,0,0,0,0,0,0,0,0,124.0,0.007981695247105243,885.968172428682,CL66A,KR86;KR72,4.652358850000001,-74.1528624,0.0,12.090772939347826,,0.0,92.0,0.0
165880,10500750,-74.095461649,4.75669013499999,CL 153-KR 110 02,2019,Octubre,24,jueves,19,20,Suba,Atropello,,,Con Heridos,0,0,0,0,0,1,1,0,0,0,0,0,0,0,0,0,0,0,0,0,0,0,1001055.0,0.01354036787322373,1502.980833927834,KR68,AV.SUBA;KR64,4.753758749999999,-74.0822424,0.0,15.764523190250001,,0.0,120.0,0.0
165881,10500751,-74.067949306,4.675137205,KR 50-CL 84 2,2019,Octubre,24,jueves,20,35,Barrios Unidos,Choque,Objeto Fijo,Vehiculo,Con Heridos,0,0,0,1,0,1,0,0,0,0,0,0,0,0,0,0,0,0,0,0,0,0,1001046.0,0.004582481280776126,508.65542216614995,KR68,CL13;CL19,4.67945395,-74.0664115,1.0,27.212669321932776,,0.0,119.0,1.0
165882,10501135,-74.087827473,4.67446584100003,KR 68-CL 68 02,2019,Octubre,28,lunes,8,0,Barrios Unidos,Choque,Vehículo,,Solo Daños,0,0,0,0,0,0,0,1,0,0,1,0,0,0,0,0,0,0,0,0,0,0,1000190.0,0.0014582252372395464,161.86300133358966,KR9,CL140;CL147,4.67592,-74.08771865,1.0,33.43554559967742,,0.0,124.0,1.0
165883,10501136,-74.059415689,4.707500616,CL 127-KR 51 2,2019,Octubre,27,domingo,15,51,Suba,Choque,Vehículo,,Solo Daños,0,0,0,0,0,0,0,0,0,0,0,0,0,0,0,0,0,0,0,0,0,0,1000970.0,0.0029390377937344205,326.2331951045207,CL34,KR19;AV.CARACAS,4.705220199999999,-74.0575616,1.0,10.124949274758064,,0.0,124.0,1.0
165884,10501137,-74.048495996,4.65709871000001,KR 1-CL 77 02,2019,Octubre,26,sábado,7,19,Chapinero,Choque,Vehículo,,Solo Daños,0,0,0,0,0,0,0,0,0,1,0,0,0,0,0,0,0,0,0,0,0,1,1000986.0,0.008229806213659081,913.508489716158,CL80,KR69H;KR58,4.6638357,-74.0532228,0.0,26.908306987333333,,0.0,105.0,0.0
165885,10501138,-74.024220765,4.76002119100002,CL 182C-KR 5 2,2019,Octubre,27,domingo,17,47,Usaquén,Choque,Vehículo,,Solo Daños,0,0,0,0,0,0,0,0,0,0,1,0,1,0,0,1,0,0,0,0,0,0,1000088.0,0.0077330635305458174,858.3700518905857,KR19,CL159;CL152,4.7601672,-74.03195245,0.0,17.76021714708333,,0.0,120.0,0.0
165886,10501139,-74.130111628,4.570251547,KR 19C-CL 51 S 20,2019,Octubre,28,lunes,14,0,Tunjuelito,Choque,Vehículo,,Solo Daños,0,0,0,0,0,0,0,0,0,0,0,0,0,0,0,0,0,0,0,0,0,0,56.0,0.007215004997397032,800.8655547110706,CL6,AV.CARACAS;KR42,4.574981,-74.13556034999999,0.0,15.273764864112902,,0.0,124.0,0.0
165887,10501140,-74.111365931,4.65695925400001,CL 24A-KR 69B 2,2019,Octubre,25,viernes,20,0,Fontibón,Choque,Vehículo,,Solo Daños,0,1,0,0,0,0,0,0,0,0,0,0,0,0,0,0,0,0,0,0,0,0,1000196.0,0.004300114555285818,477.3127156367258,CL134,KR7;KR9,4.6586908000000005,-74.10742985,1.0,22.982813900166665,,0.0,120.0,1.0
165888,10501141,-74.124572119,4.57171990299997,AV AVENIDA CARACAS-CL 45B S 02,2019,Octubre,28,lunes,19,34,Rafael Uribe Uribe,Choque,Vehículo,,Solo Daños,0,0,0,0,0,0,0,0,0,0,1,0,1,0,0,1,0,0,0,0,0,0,67.0,0.006592161702534741,731.7299489813563,CL11SUR,AV.CARACAS;KR6_ESTE,4.5782967,-74.12412230000001,0.0,15.931041392333332,,0.0,120.0,0.0
165889,10501142,-74.072243893,4.65189032500001,KR 24-CL 63 79,2019,Octubre,26,sábado,12,0,Barrios Unidos,Choque,Vehículo,,Solo Daños,0,0,0,0,0,0,0,0,0,0,0,0,0,0,0,0,0,0,0,0,0,0,1000689.0,0.001316921748713115,146.17831410715576,KR50,CL17;CL24,4.6516616,-74.07354079999999,1.0,19.52726448629032,,0.0,124.0,1.0
165890,10501143,-74.178349843,4.59706352000001,AV AVENIDA DEL SUR-CL 60 S 02,2019,Octubre,29,martes,4,35,Bosa,Choque,Vehículo,,Con Heridos,0,1,0,0,0,1,0,0,0,0,1,0,0,0,0,0,0,0,0,0,1,0,149.0,0.005532101979097419,614.0633196798135,AV.CL59SUR,CL59SUR;KR81A,4.6025243,-74.1792353,0.0,49.6311523325,,0.0,8.0,0.0
165891,10501144,-74.20481223,4.63568108099997,CL 72-KR 100A S 71,2019,Octubre,27,domingo,12,55,Bosa,Choque,Vehículo,,Con Heridos,0,0,0,0,0,1,0,0,0,0,0,0,0,0,0,0,0,0,0,0,0,0,75.0,0.016760526115631027,1860.418398835044,KR86,KR91;CL57BSUR,4.61896385,-74.20601615,0.0,15.71098835321739,,0.0,115.0,0.0
165892,10501145,-74.087728669,4.64643697000002,CL 45A-KR 51BIS S 02,2019,Octubre,29,martes,8,9,Puente Aranda,Choque,Vehículo,,Con Heridos,0,0,0,0,1,0,0,1,0,0,1,0,1,1,0,0,0,1,0,0,0,0,1000984.0,0.0033428697699269335,371.0585444618896,CL80,KR58;KR24,4.643921049999999,-74.08552755,1.0,24.353651040247936,,0.0,121.0,1.0
165893,10501146,-74.163087559,4.61587208999998,TR 78HBISA-CL 43 S 02,2019,Octubre,21,lunes,4,20,Kennedy,Choque,Vehículo,,Con Heridos,0,0,0,0,0,1,0,0,0,1,0,0,0,0,0,0,0,0,0,0,0,1,1001027.0,0.009509362173640486,1055.539201274094,KR72,CL3;CL9,4.611398400000001,-74.15469625,0.0,45.9422263597479,,0.0,119.0,0.0
165894,10501147,-74.121058364,4.63263613999999,KR 68-CL 10 05,2019,Octubre,29,martes,11,0,Puente Aranda,Choque,Vehículo,,Con Heridos,0,0,0,0,0,1,0,1,0,1,0,0,0,0,0,0,0,0,0,0,0,1,1000745.0,0.0019120494010983122,212.23748352191265,CL6,KR32;KR36,4.6343731,-74.12025905,1.0,32.50696999861788,,0.0,123.0,1.0
165895,10501148,-74.177587045,4.64307797499998,CL 42G-KR 95A S 02,2019,Octubre,27,domingo,15,27,Kennedy,Choque,Vehículo,,Con Heridos,1,0,0,0,0,0,0,0,0,0,0,0,0,0,0,0,0,0,0,0,0,0,1000981.0,0.006534529972224351,725.332826916903,DIAG16,KR90;KR97,4.6495069,-74.176417,0.0,33.776672098166664,,0.0,120.0,0.0
165896,10501149,-74.1194,4.64960000000002,KR 69-CL 19A 11,2019,Octubre,29,martes,7,35,Fontibón,Choque,Vehículo,,Con Heridos,0,0,0,0,0,1,0,0,0,0,0,0,0,0,0,0,0,0,0,0,0,0,102.0,0.002892810583599341,321.10197477952687,DIAG16,CL17;KR129,4.64725615,-74.1210955,1.0,24.080984069268293,,0.0,123.0,1.0
165897,10501150,-74.033749176,4.71822587399998,CL 140-KR 9 70,2019,Octubre,28,lunes,14,52,Usaquén,Choque,Vehículo,,Con Heridos,0,0,0,0,0,1,0,1,0,0,0,0,0,0,0,0,0,0,0,0,0,0,1000051.0,0.0009713740818230133,107.82252308235448,CL116,KR15;KR11,4.7180052,-74.0328032,1.0,17.62153551120968,,0.0,124.0,1.0
165898,10501151,-74.142253111,4.566613872,CL 61-KR 20B S 02,2019,Octubre,28,lunes,17,35,Tunjuelito,Choque,Vehículo,,Con Heridos,0,0,0,1,0,1,0,0,0,1,0,0,0,0,0,0,0,0,0,0,0,1,56.0,0.01071456395620739,1189.3165991390201,CL6,AV.CARACAS;KR42,4.574981,-74.13556034999999,0.0,17.159014918083336,,0.0,120.0,0.0
165899,10501153,-74.16212387,4.59944871300002,KR 71B-CL 57B S 02,2019,Octubre,29,martes,17,25,Bosa,Choque,Vehículo,,Con Heridos,0,0,0,0,0,1,0,0,0,0,0,0,0,0,0,0,0,0,0,0,0,0,1000750.0,0.0038298332698301994,425.1114929511521,KR68,CL21SUR;CL3,4.5995431,-74.1582952,1.0,9.762651453416668,,0.0,120.0,1.0
165900,10501154,-74.140412029,4.61531785400001,KR 72-CL 36 S 02,2019,Octubre,28,lunes,11,28,Kennedy,Choque,Vehículo,,Con Heridos,1,0,0,0,0,0,0,1,0,0,0,0,0,0,0,0,0,0,0,0,0,0,90.0,0.002797332156548865,310.503869376924,CL24,KR86;AV.AMERICAS,4.61621555,-74.13776265,1.0,16.282187921322315,,0.0,121.0,1.0
165901,10501155,-74.068894552,4.617858813,CL 32-KR 13 43,2019,Octubre,28,lunes,13,15,Santa Fe,Choque,Vehículo,,Con Heridos,0,0,0,0,0,1,0,0,0,0,1,0,1,0,0,1,0,0,0,0,0,0,68.0,0.001290326994747778,143.22629641700334,AV.CIRCUNVALAR,KR7;CL51,4.61659485,-74.06863505,1.0,26.513041742983873,,0.0,124.0,1.0
165902,10501156,-74.13813737,4.59284940800001,KR 53-DG 47 S 02,2019,Octubre,29,martes,19,0,Tunjuelito,Choque,Vehículo,,Con Heridos,0,0,0,0,0,1,0,0,0,0,1,0,1,0,0,1,0,0,0,0,0,0,1002273.0,0.0013860354140121153,153.8499309553448,AV.VILLAVICENCIO,AV.P.MAYO;CL57BSUR,4.5920865,-74.13929455,1.0,20.82744254125,,0.0,8.0,1.0
165903,10501157,-74.024132585,4.76089829699998,DG 183A-KR 4 02,2019,Octubre,28,lunes,10,30,Usaquén,Choque,Vehículo,,Con Heridos,0,0,0,0,0,1,0,0,0,1,0,0,0,0,0,0,0,0,0,0,0,1,1000088.0,0.007853966605584389,871.7902932198672,KR19,CL159;CL152,4.7601672,-74.03195245,0.0,17.00942324289256,,0.0,121.0,0.0
165904,10501158,-74.1459626,4.63624247899997,KR 78H-CL 7A 2,2019,Octubre,28,lunes,15,40,Kennedy,Atropello,,,Con Heridos,0,0,0,0,0,0,1,1,0,0,0,0,0,0,0,0,0,0,0,0,0,0,131.0,0.004742220689641678,526.3864965502263,"KR78K,CL41SUR",CL26SUR;AV.P.MAYO,4.6381608,-74.14162569999999,1.0,13.166881748333333,,0.0,120.0,1.0
165905,10501159,-74.142235074,4.53210875500002,KR 17A-CL 83 S 02,2019,Octubre,29,martes,16,30,Ciudad Bolívar,Choque,Vehículo,,Con Heridos,0,0,0,0,0,1,0,0,0,0,0,0,0,0,0,0,0,0,0,0,0,0,1001959.0,0.03146524351255499,3492.6420298936036,"CL19,KR3",KR5;CL22,4.5343054,-74.1108466,0.0,12.186563513613445,,0.0,119.0,0.0
165906,10501160,-74.180078425,4.597085768,AV AVENIDA DEL SUR-AC 65C 40,2019,Octubre,28,lunes,17,5,Bosa,Choque,Vehículo,,Con Heridos,1,1,0,0,0,0,0,0,0,0,0,0,0,0,0,0,0,0,0,0,0,0,149.0,0.005503497985885693,610.888276433312,AV.CL59SUR,CL59SUR;KR81A,4.6025243,-74.1792353,0.0,20.5459671875,,0.0,8.0,0.0
165907,10501534,-74.094316503,4.61305150700002,CL 12-KR 31 02,2019,Octubre,31,jueves,6,2,Puente Aranda,Choque,Vehículo,,Solo Daños,0,0,0,0,0,0,0,0,0,0,0,0,0,0,0,0,0,0,0,0,0,0,1000695.0,0.0012511924055392098,138.8823570148523,CL13,KR65;KR68,4.61249245,-74.09543585,1.0,25.145586143771933,,0.0,114.0,1.0
165908,10501535,-74.07319925,4.66766570800002,KR 30-CL 72 2,2019,Octubre,31,jueves,12,35,Barrios Unidos,Choque,Vehículo,,Solo Daños,0,1,0,0,0,0,0,0,0,0,0,0,0,0,0,0,0,0,0,0,0,0,1000203.0,0.003986979005365894,442.55466959561426,KR7,CL188;CL175,4.6708734,-74.0708314,1.0,20.129933311048386,,0.0,124.0,1.0
165909,10501536,-74.105213237,4.70490504000003,CL 80-KR 90A 02,2019,Octubre,31,jueves,13,40,Engativá,Choque,Vehículo,,Solo Daños,0,0,0,0,0,1,0,0,0,0,0,0,0,0,0,0,0,0,0,0,0,0,1000963.0,0.00692635136418173,768.825001424172,CL72,KR64;KR70,4.7019356,-74.0989557,0.0,13.290413743145162,,0.0,124.0,0.0
165910,10501537,-74.071385391,4.61307454600001,CL 26-KR 13 2,2019,Octubre,31,jueves,11,37,Santa Fe,Choque,Vehículo,,Solo Daños,0,0,0,0,0,0,0,0,0,0,0,0,0,0,0,0,0,0,0,0,0,0,1000208.0,0.004418071245229224,490.40590822044385,KR7,CL63;CL72,4.609056150000001,-74.07322165,1.0,,,,,0.0
165911,10501538,-74.12821989,4.63385549899999,CL 9-KR 69B 02,2019,Octubre,31,jueves,5,25,Kennedy,Choque,Vehículo,,Solo Daños,0,0,0,0,0,0,0,0,0,0,1,0,0,0,0,0,0,0,0,0,1,0,1001926.0,0.0029852076027050553,331.3580439002611,TV42,CL6;CL2C,4.6309451,-74.128884,1.0,34.46456239942623,,0.0,122.0,1.0
165912,10501539,-74.102555707,4.59352878700003,KR 26A-CL 9 S 32,2019,Octubre,31,jueves,7,45,Antonio Nariño,Choque,Vehículo,,Con Heridos,0,0,0,0,0,1,0,1,0,0,1,0,0,0,0,0,0,0,0,0,1,0,1000249.0,0.0008560546749921398,95.02206892412752,AV.CARACAS,CL34;CL32,4.5942301,-74.1020648,1.0,19.54040978893443,,0.0,122.0,1.0
165915,10501542,-74.100889058,4.56875322600001,CL 31-KR 10 S 02,2019,Octubre,30,miércoles,8,40,San Cristóbal,Choque,Vehículo,,Con Heridos,0,0,0,0,1,0,0,0,0,0,1,0,1,1,0,0,0,0,0,1,0,0,81.0,0.004786737898996972,531.3279067886639,CL34;AV.AMERICAS,AV.CARACAS;KR86,4.5667841,-74.0965261,1.0,26.14671785137097,,0.0,124.0,1.0
165917,10501544,-74.096852839,4.60278269999998,CL 5-KR 27 2,2019,Octubre,16,miércoles,9,30,Los Mártires,Choque,Vehículo,,Con Heridos,0,0,0,0,0,1,0,0,0,1,0,0,0,0,0,0,0,0,0,0,0,1,1000075.0,0.0015655100228103088,173.77161253194427,CL100,KR11;KR15,4.6028211,-74.0952878,1.0,14.467223071166666,,0.0,120.0,1.0
165918,10501545,-74.084601787,4.62498777600001,AV AVENIDA DE LAS AMERICAS-KR 31 20,2019,Octubre,31,jueves,2,19,Puente Aranda,Volcamiento,,,Con Heridos,0,0,0,0,0,0,0,0,0,1,0,0,0,0,0,0,0,0,0,0,0,1,1001982.0,0.0043864287589386545,486.89359224219066,NQS,CAD;AV.DORADO,4.6206293,-74.08509620000001,1.0,67.05930465728572,,0.0,70.0,1.0
165919,10501546,-74.078098533,4.60018081099997,KR 10-CL 11 03,2019,Octubre,31,jueves,1,10,Antonio Nariño,Choque,Vehículo,,Con Heridos,0,0,0,0,0,1,0,0,0,0,0,0,0,0,0,0,0,0,0,0,0,0,1000204.0,0.0024693388794937337,274.09661562380444,KR7,CL39;CL45,4.60029015,-74.08056545,1.0,40.03418670833333,,0.0,120.0,1.0
165920,10501547,-74.093077811,4.60305246500002,CL 6-KR 24 02,2019,Octubre,31,jueves,11,20,Los Mártires,Caida de ocupante,,,Con Heridos,0,0,0,0,1,0,0,0,0,0,1,0,1,1,0,0,0,1,0,0,0,0,1000075.0,0.002222066862928933,246.64942178511157,CL100,KR11;KR15,4.6028211,-74.0952878,1.0,16.003959024918032,,0.0,122.0,1.0
165921,10501548,-74.076784916,4.60219963499998,KR 10-CL 13 2,2019,Octubre,31,jueves,16,8,Santa Fe,Caida de ocupante,,,Con Heridos,0,0,0,0,0,0,0,0,0,0,1,0,0,0,0,0,0,0,0,0,0,0,1000204.0,0.004235394939118343,470.12883824213606,KR7,CL39;CL45,4.60029015,-74.08056545,1.0,17.41599080125,,0.0,120.0,1.0
165922,10501549,-74.099990857,4.58614544900001,CL 16-KR 18 S 2,2019,Octubre,31,jueves,14,30,Antonio Nariño,Caida de ocupante,,,Con Heridos,0,0,0,0,0,0,0,0,0,0,1,0,0,0,0,0,0,0,0,0,0,0,1000286.0,0.0036965285647489275,410.31467068713096,AV.CARACAS,CL24;CL19,4.5897272000000005,-74.10090485,1.0,19.062313274173913,,0.0,115.0,1.0
165923,10501550,-74.031917003,4.73535523300001,AK 9-CL 158A 03,2019,Octubre,31,jueves,23,50,Usaquén,Choque,Vehículo,,Con Heridos,0,0,0,0,0,1,0,0,0,1,0,0,0,0,0,0,0,0,0,0,0,1,1000081.0,0.003849675664731352,427.31399878518005,KR19,CL116;CL127,4.7391552,-74.03253365,1.0,20.603461914576272,,0.0,118.0,1.0
165924,10501551,-74.119751382,4.60152994600003,AV AVENIDA PRIMERA DE MAYO-KR 41 2,2019,Octubre,31,jueves,18,20,Puente Aranda,Atropello,,,Con Heridos,0,0,0,0,0,1,1,1,0,0,0,0,0,0,0,0,0,0,0,0,0,0,1001061.0,0.00030277869150720915,33.608434757300216,AV.P.MAYO,CL43SUR;CL41BSUR,4.6016787,-74.1200151,1.0,16.71398173235294,,0.0,119.0,1.0
165928,10501555,-74.096059455,4.60997673899999,CL 9-KR 30 50,2019,Octubre,31,jueves,18,47,Puente Aranda,Choque,Vehículo,,Solo Daños,0,0,0,0,0,0,0,0,0,0,0,0,0,0,0,0,0,0,0,0,0,0,1001964.0,0.0017350475438753898,192.59027737016828,CL26,KR40;GOBERNACION,4.608241700000001,-74.0960649,1.0,35.342778487333334,,0.0,120.0,1.0
165960,10502309,-74.076125053,4.68639996500002,AK 68-CL 95 2,2019,Octubre,8,martes,14,40,Barrios Unidos,Choque,Vehículo,,Con Heridos,0,0,0,0,0,0,0,0,0,0,0,0,0,0,0,0,0,0,0,0,0,0,1001209.0,0.0024264019202056837,269.3306131428309,NQS,KR68;KR62B,4.688212200000001,-74.0745116,1.0,21.691993393739835,,0.0,123.0,1.0
166125,10498778,-74.04528696,4.75652701299998,AV AVENIDA PASEO DE LOS LIBERTADORES-CL 176 02,2019,Octubre,3,jueves,7,15,Usaquén,Choque,Vehículo,,Solo Daños,0,0,0,0,0,0,0,0,0,0,1,0,1,0,0,1,0,0,0,0,0,0,1000087.0,0.005389271655616963,598.2091537734829,KR19,CL147;CL152,4.7597534,-74.04960375,0.0,20.77916332474138,,0.0,116.0,0.0
166126,10498779,-74.121621816,4.72147115000001,KR 114-CL 79B 02,2019,Octubre,3,jueves,17,12,Engativá,Choque,Vehículo,,Solo Daños,0,0,0,0,0,0,0,0,0,0,1,0,0,0,0,0,0,0,0,0,1,0,103.0,0.013924128585140014,1545.5782729505415,DIAG16,KR129;CL17,4.71384325,-74.1332707,0.0,20.078838584,,0.0,120.0,0.0
166127,10498780,-74.089529149,4.69573941700003,CL 80-KR 72 2,2019,Octubre,3,jueves,23,30,Engativá,Choque,Vehículo,,Solo Daños,0,1,0,0,0,0,0,0,0,0,0,0,0,0,0,0,0,0,0,0,0,0,1001000.0,0.002519699105683848,279.6866007309072,CL80,KR119;KR112A,4.69445795,-74.08735965,1.0,51.03900337781512,,0.0,119.0,1.0
166128,10498781,-74.112064424,4.72191697400001,CL 86A-KR 110G 02,2019,Octubre,3,jueves,22,7,Engativá,Choque,Vehículo,,Solo Daños,0,0,0,0,0,0,0,0,0,0,1,0,1,0,0,1,0,0,0,0,0,0,1000710.0,0.008662145373604725,961.4981364701245,KR86,CL72;CL75BIS,4.7274802000000005,-74.1054249,0.0,28.453691598053098,,0.0,113.0,0.0
166129,10498782,-74.073375832,4.66175847,CL 68-KR 28A 2,2019,Octubre,3,jueves,18,20,Barrios Unidos,Choque,Vehículo,,Solo Daños,0,0,0,0,0,0,0,0,0,0,1,0,1,0,0,1,1,0,0,0,0,0,136.0,0.0046914933605854345,520.7557630249833,"KR50,CL13",CL17;KR56,4.6570739,-74.07312105,1.0,18.903364768387096,,0.0,93.0,1.0
166130,10498783,-74.042709698,4.73249119299999,CL 151-KR 16 2,2019,Octubre,3,jueves,14,41,Usaquén,Choque,Vehículo,,Solo Daños,0,0,0,0,0,1,0,0,0,0,0,0,0,0,0,0,0,0,0,0,0,0,1001008.0,0.009285613967404007,1030.7031503818448,CL63,KR72;KR77A,4.72933775,-74.05144345,0.0,11.939552391370968,,0.0,124.0,0.0
166131,10498784,-74.160715572,4.67048050099999,CL 14-KR 108 97,2019,Octubre,3,jueves,12,40,Fontibón,Choque,Vehículo,,Solo Daños,1,0,0,0,1,0,0,0,0,0,1,0,0,0,0,0,0,0,0,0,0,0,108.0,0.006144889772226186,682.0827647171067,"CL72,CL68",KR86;KR58,4.66545305,-74.16424889999999,0.0,14.08110334233871,,0.0,124.0,0.0
166132,10498785,-74.151,4.68369999999999,CL 26-KR 113 02,2019,Octubre,3,jueves,10,59,Fontibón,Choque,Vehículo,,Solo Daños,0,0,0,0,0,0,0,1,0,1,0,0,0,0,0,0,0,0,0,0,0,1,95.0,0.006341783019399913,703.9379151533903,AV.SUBA,KR94;SAN.MARTIN,4.68681675,-74.15652305,0.0,20.52115170057851,,0.0,121.0,0.0
166133,10498786,-74.133155037,4.61536802900002,KR 69B-CL 22 S 86,2019,Octubre,3,jueves,14,20,Kennedy,Choque,Vehículo,,Solo Daños,0,0,0,0,0,0,0,0,0,1,0,0,0,0,0,0,0,0,0,0,0,1,1001058.0,0.0025066839130792563,278.24191435179745,AV.P.MAYO,KR73D;CL41BSUR,4.612991,-74.1323593,1.0,15.66164017697479,,0.0,119.0,1.0
166134,10498787,-74.067632523,4.67413565599998,KR 30-CL 85 02,2019,Octubre,3,jueves,11,13,Barrios Unidos,Choque,Vehículo,,Solo Daños,0,0,0,0,0,0,0,1,0,0,0,0,0,0,0,0,0,0,0,0,0,0,1000339.0,0.003655759337965454,405.7892865141654,KR9,CL147;CL140,4.6704867,-74.06785545,1.0,17.702480236355935,,0.0,118.0,1.0
166135,10498788,-74.139402269,4.57326419700001,AV AVENIDA BOYACA-KR 24 02,2019,Octubre,3,jueves,19,40,Tunjuelito,Choque,Vehículo,,Solo Daños,0,0,0,0,0,0,0,0,0,0,0,0,0,0,0,0,0,0,0,0,0,0,56.0,0.0042080582390708115,467.0944645368601,CL6,AV.CARACAS;KR42,4.574981,-74.13556034999999,1.0,18.49958715025,,0.0,120.0,1.0
166136,10498789,-74.180194189,4.63545417199998,CL 49-KR 90A S 2,2019,Octubre,3,jueves,16,15,Bosa,Choque,Vehículo,,Solo Daños,0,0,0,0,0,0,0,0,0,0,0,0,0,0,0,0,0,0,0,0,0,0,1000981.0,0.01455150579783135,1615.21714355928,DIAG16,KR90;KR97,4.6495069,-74.176417,0.0,32.588580258916664,,0.0,120.0,0.0
166137,10498790,-74.071463939,4.66980523500001,KR 30-CL 75 02,2019,Octubre,3,jueves,8,34,Barrios Unidos,Choque,Vehículo,,Solo Daños,0,0,0,0,0,1,0,0,0,0,0,0,0,0,0,0,0,0,0,0,0,0,1000203.0,0.0012414032599107243,137.7957618500904,KR7,CL188;CL175,4.6708734,-74.0708314,1.0,16.63304152983871,,0.0,124.0,1.0
166138,10498791,-74.064802838,4.649685358,CL 63-KR 14 2,2019,Octubre,3,jueves,18,34,Chapinero,Choque,Vehículo,,Solo Daños,0,0,0,0,0,1,0,0,0,0,1,0,1,0,0,1,0,0,0,0,0,0,1002025.0,0.002821163833982277,313.14918557203276,AUTONORTE,SANTA.FE;TOBERIN,4.64911745,-74.06756625,1.0,36.14759856325,,0.0,120.0,1.0
166139,10498792,-74.073371612,4.68851982899997,AK 68-CL 98 02,2019,Octubre,3,jueves,9,0,Barrios Unidos,Choque,Vehículo,,Solo Daños,0,0,0,0,0,0,0,0,0,1,0,0,0,0,0,0,0,0,0,0,1,1,1001209.0,0.001180765955533403,131.0650210642077,NQS,KR68;KR62B,4.688212200000001,-74.0745116,1.0,24.087992049590166,,0.0,122.0,1.0
166140,10498793,-74.095836251,4.60581174700002,KR 28-CL 6 41,2019,Octubre,3,jueves,14,37,Los Mártires,Choque,Vehículo,,Solo Daños,0,0,0,0,0,1,0,1,0,1,0,0,0,0,0,0,0,0,0,0,0,1,1001964.0,0.0024406867777981307,270.9162323355925,CL26,KR40;GOBERNACION,4.608241700000001,-74.0960649,1.0,39.77317190427419,,0.0,124.0,1.0
166141,10498794,-74.142863368,4.66891834,CL 17-KR 96C 2,2019,Octubre,3,jueves,14,10,Fontibón,Choque,Vehículo,,Solo Daños,0,0,0,0,0,0,0,0,0,0,1,0,1,0,1,0,0,0,0,0,0,0,1001347.0,0.006873470659712712,762.955243228111,DIAG16,KR97;KR106,4.6757841,-74.14318885,0.0,22.6763447675,,0.0,124.0,0.0
166142,10498795,-74.103298541,4.653672675,AK 68-CL 26 02,2019,Octubre,3,jueves,12,53,Teusaquillo,Choque,Vehículo,,Solo Daños,0,0,0,0,0,0,0,0,0,0,0,0,0,0,0,0,0,0,0,0,0,0,4.0,0.0005247437609897462,58.24655746986183,CL72,KR7;KR86,4.65391245,-74.10376529999999,1.0,12.400291315322582,,0.0,124.0,1.0
166143,10498796,-74.1577,4.58679999999998,TR 73-CL 60 S 02,2019,Octubre,3,jueves,7,0,Ciudad Bolívar,Choque,Vehículo,,Solo Daños,1,0,0,0,0,0,0,0,0,1,0,0,0,0,0,0,0,0,0,0,0,1,1002276.0,0.004393509814467544,487.6795894058974,AV.VILLAVICENCIO,CL57BSUR;AV.P.MAYO,4.5824943,-74.158574,1.0,24.96472666625,,0.0,8.0,1.0
166144,10498797,-74.074550868,4.69809547199998,DG 115A-AK 70D 33,2019,Octubre,3,jueves,16,15,Suba,Choque,Objeto Fijo,Tren,Solo Daños,0,0,0,0,0,0,0,0,0,0,0,0,0,0,0,0,0,0,0,0,0,0,1000996.0,0.003918003739067302,434.8984150364705,CL80,KR102;KR96,4.69436975,-74.0757632,1.0,12.1846741825,,0.0,100.0,1.0
166145,10498799,-74.077066182,4.76134823500001,CL 170-KR 92 2,2019,Octubre,3,jueves,8,30,Suba,Choque,Vehículo,,Solo Daños,0,0,0,0,0,0,0,0,0,0,1,0,0,0,0,0,0,0,0,0,1,0,1000235.0,0.0042126452195350396,467.6036193683894,CL134,KR19;KR53,4.7647057,-74.07961055000001,1.0,24.354217932260866,,0.0,115.0,1.0
166146,10498800,-74.073047844,4.67745141299997,CL 80-KR 56 02,2019,Octubre,3,jueves,6,40,Barrios Unidos,Choque,Vehículo,,Solo Daños,0,0,0,0,0,0,0,0,0,0,0,0,0,0,0,0,0,0,0,0,0,0,52.0,0.00047472035096728446,52.69395895736857,CL170,KR7;KR92,4.6777407,-74.07267145,1.0,24.55607489130435,,0.0,115.0,1.0
166147,10498801,-74.126395619,4.61811944499999,KR 68-CL 4 S 02,2019,Octubre,3,jueves,20,0,Puente Aranda,Choque,Vehículo,,Solo Daños,0,0,0,0,0,0,0,0,0,0,0,0,0,0,0,0,0,0,0,0,0,0,138.0,0.004870297021027846,540.602969334091,"CL19,KR3",KR5;CL22,4.6173525,-74.13120515,1.0,11.03357931059322,,0.0,118.0,1.0
166148,10498802,-74.026344823,4.760396808,KR 7-CL 183 02,2019,Octubre,3,jueves,8,46,Usaquén,Choque,Vehículo,,Solo Daños,0,1,0,0,0,0,0,0,0,0,0,0,0,0,0,0,0,0,0,0,0,0,1000088.0,0.0056123257571911575,622.9681590482185,KR19,CL159;CL152,4.7601672,-74.03195245,0.0,19.57342294201613,,0.0,124.0,0.0
166149,10498803,-74.126240027,4.60662340599998,CL 26-KR 52A S 2,2019,Octubre,3,jueves,11,30,Puente Aranda,Choque,Vehículo,,Solo Daños,0,0,0,0,0,0,0,1,0,0,1,0,1,0,0,1,0,0,0,0,0,0,1000757.0,0.002054603202919578,228.06095552407317,AV.P.MAYO,KR69B;KR72,4.607809,-74.12791805,1.0,20.863480720254238,,0.0,118.0,1.0
166150,10499169,-74.15312305,4.64702046100001,KR 87B-CL 6D 2,2019,Octubre,5,sábado,13,40,Kennedy,Choque,Vehículo,,Solo Daños,0,0,0,0,0,0,0,0,0,0,0,0,0,0,0,0,0,0,0,0,0,0,124.0,0.005344748407335964,593.267073214292,CL66A,KR86;KR72,4.652358850000001,-74.1528624,0.0,8.963361764489797,,0.0,98.0,0.0
166151,10499170,-74.097525819,4.60605159599999,AC 6-KR 29 02,2019,Octubre,7,lunes,20,30,Los Mártires,Choque,Vehículo,,Solo Daños,0,1,0,0,0,0,0,0,0,0,0,0,0,0,0,0,0,0,0,0,0,0,1001948.0,0.0019414303726221858,215.4987713610626,"KR50,CL13",CL5A;KR47,4.6041161,-74.0976775,1.0,22.296291777500002,,0.0,120.0,1.0
166152,10499171,-74.059127725,4.74969175799998,CL 167-KR 58 2,2019,Octubre,5,sábado,16,30,Suba,Choque,Vehículo,,Solo Daños,0,0,0,0,0,0,0,0,0,0,0,0,0,0,0,0,0,0,0,0,0,0,1000078.0,0.008340137810279785,925.7552969410561,CL100,KR19;KR49,4.7416579,-74.0568883,0.0,24.094958776379308,,0.0,116.0,0.0
166153,10499172,-74.189423265,4.62148761399999,CL 61A-KR 87BBIS S 02,2019,Octubre,7,lunes,14,50,Bosa,Choque,Vehículo,,Solo Daños,0,0,0,0,0,0,0,0,0,1,0,0,0,0,0,0,0,0,0,0,1,0,76.0,0.010612961836026374,1178.0387637989274,KR86,CL57BSUR;KR91,4.616729,-74.1989096,0.0,15.364381362857143,,0.0,119.0,0.0
166154,10499173,-74.117657981,4.675294775,CL 26-KR 84 2,2019,Octubre,7,lunes,13,40,Fontibón,Choque,Vehículo,,Solo Daños,0,0,0,0,0,1,0,0,0,0,0,0,0,0,0,0,0,0,0,0,0,0,1000227.0,0.0038604018516409746,428.50460553214816,KR72,CL170;CL169,4.67854075,-74.1155684,1.0,27.82261190112903,,0.0,124.0,1.0
166156,10499175,-74.072379591,4.651108115,KR 24-CL 63 02,2019,Octubre,7,lunes,14,40,Teusaquillo,Choque,Vehículo,,Solo Daños,0,0,0,0,0,0,0,0,0,1,0,0,0,0,0,0,0,0,0,0,0,1,1000689.0,0.0012863716363783783,142.787251638,KR50,CL17;CL24,4.6516616,-74.07354079999999,1.0,17.933776113548387,,0.0,124.0,1.0
166157,10499176,-74.113586726,4.71155608599997,CL 80-KR 102 2,2019,Octubre,7,lunes,10,48,Engativá,Choque,Vehículo,,Solo Daños,0,0,0,0,0,0,0,0,0,0,0,0,0,0,0,0,0,0,0,0,1,0,1000723.0,0.013768597645557214,1528.3143386568509,KR86,CL10;AV.AMERICAS,4.6984233,-74.11772245,0.0,11.837601530999999,,0.0,120.0,0.0
166158,10499177,-74.043411211,4.76277876500001,CL 187-KR 23BIS 2,2019,Octubre,5,sábado,6,40,Usaquén,Choque,Vehículo,,Solo Daños,0,0,0,0,0,0,0,0,0,0,0,0,0,0,0,0,0,0,0,0,0,0,1000087.0,0.006892051410847789,765.0177066041045,KR19,CL147;CL152,4.7597534,-74.04960375,0.0,24.770585695576923,,0.0,104.0,0.0
166159,10499178,-74.194211348,4.60562678100001,CL 71-KR 80 S 25,2019,Octubre,7,lunes,18,30,Bosa,Choque,Vehículo,,Solo Daños,0,1,0,0,0,0,0,0,0,0,0,0,0,0,0,0,0,0,0,0,0,0,1002284.0,0.006573917705480739,729.7048653083621,KR86,TV79D;CL57BSUR,4.61096955,-74.19804165,0.0,22.755574369999998,,0.0,9.0,0.0
166160,10499179,-74.108011436,4.71756767300002,DG 86A-KR 102 2,2019,Octubre,7,lunes,12,29,Engativá,Choque,Vehículo,,Solo Daños,0,0,0,0,0,0,0,0,0,0,0,0,0,0,0,0,0,0,0,0,0,0,1001349.0,0.00875558047091918,971.8694322720289,CL92,KR19B;KR15,4.7171787,-74.0992645,0.0,16.514347670725808,,0.0,124.0,0.0
166161,10499180,-74.166881102,4.631098812,AK 86-CL 41 S 2,2019,Octubre,5,sábado,19,30,Kennedy,Choque,Vehículo,,Solo Daños,0,0,0,0,0,0,0,0,0,0,1,0,1,0,1,0,0,0,0,0,0,0,148.0,0.009458868939794153,1049.934452317151,AV.CL59SUR,KR81A;CL59SUR,4.6285372,-74.1577757,0.0,20.931109706250002,,0.0,8.0,0.0
166162,10499181,-74.083973634,4.63047401799997,CL 25F-KR 33A 02,2019,Octubre,7,lunes,14,0,Teusaquillo,Choque,Vehículo,,Solo Daños,0,0,0,0,0,0,0,1,0,1,0,0,0,0,0,0,0,0,0,0,0,1,1002036.0,0.0011149669964713859,123.76133660832383,CL26,GOBERNACION;KR40,4.629466150000001,-74.08445045,1.0,37.316260070403224,,0.0,124.0,1.0
166163,10499182,-74.023289635,4.736909728,KR 7-CL 162 2,2019,Octubre,5,sábado,15,0,Usaquén,Choque,Vehículo,,Solo Daños,0,0,0,0,0,0,0,1,0,0,0,0,0,0,0,0,0,0,0,0,0,0,1000081.0,0.00951283122015441,1055.9242654371394,KR19,CL116;CL127,4.7391552,-74.03253365,0.0,12.438082486097562,,0.0,123.0,0.0
166164,10499183,-74.090591399,4.68302111899999,CL 72-KR 69K 02,2019,Octubre,7,lunes,13,40,Engativá,Choque,Vehículo,,Solo Daños,0,0,0,0,0,0,0,0,0,0,1,0,1,0,0,1,0,0,0,0,0,0,1000999.0,0.0017122582039387545,190.06066063720175,CL80,KR112A;KR119,4.684189,-74.09184355,1.0,33.82283922325203,,0.0,123.0,1.0
166165,10499184,-74.179336453,4.59677656299999,CL 63-KR 77G S 2,2019,Octubre,7,lunes,12,10,Bosa,Choque,Vehículo,,Solo Daños,0,0,0,0,0,0,0,1,0,1,1,0,1,0,1,0,0,0,0,0,0,1,149.0,0.005748627014400209,638.0975985984232,AV.CL59SUR,CL59SUR;KR81A,4.6025243,-74.1792353,0.0,22.56342795875,,0.0,8.0,0.0
166166,10499185,-74.160231242,4.68636109699997,CL 17-KR 120 70,2019,Octubre,8,martes,16,43,Fontibón,Choque,Vehículo,,Con Muertos,1,1,0,0,1,0,0,0,0,0,0,0,0,0,0,0,0,0,0,0,0,0,95.0,0.003736081846698663,414.7050849835516,AV.SUBA,KR94;SAN.MARTIN,4.68681675,-74.15652305,1.0,26.07602606658333,,0.0,120.0,1.0
166167,10499186,-74.142870379,4.65314051299998,KR 86-CL 12 02,2019,Octubre,7,lunes,14,16,Kennedy,Choque,Vehículo,,Solo Daños,0,1,0,0,0,0,0,0,0,0,0,0,0,0,0,0,0,0,0,0,0,0,1001019.0,0.0035039534506807516,388.93883302556344,KR72,CL75;CL66A,4.65133785,-74.1398657,1.0,29.95213193080808,,0.0,99.0,1.0
166168,10499187,-74.043416507,4.69551156799997,CL 114A-KR 15 2,2019,Octubre,7,lunes,7,54,Usaquén,Choque,Vehículo,,Solo Daños,0,0,0,0,0,0,0,0,0,0,1,0,1,0,0,1,0,0,0,0,0,0,1002017.0,0.00649831504920376,721.3129704616174,AUTONORTE,ALCALA;PRADO,4.6892508,-74.04515745,0.0,31.978391333482143,,0.0,112.0,0.0
166169,10499188,-74.054581276,4.68641634199997,CL 100-KR 21 2,2019,Octubre,7,lunes,12,1,Usaquén,Choque,Vehículo,,Solo Daños,0,0,0,0,0,0,0,1,0,0,0,0,0,0,0,0,0,0,0,0,0,0,1000036.0,0.005028377123552671,558.1498607143465,AUTONORTE,CL82;CL80,4.6830666,-74.05833145,0.0,20.520514899112904,,0.0,124.0,0.0
166170,10499189,-74.092909817,4.66606886099999,KR 68-CL 63 2,2019,Octubre,7,lunes,7,32,Barrios Unidos,Choque,Vehículo,,Solo Daños,0,0,0,0,0,0,0,0,0,0,0,0,0,0,0,0,0,0,0,0,0,0,1000321.0,0.0013722319344059983,152.31774471906581,KR72,CL163;CL169B,4.6669198000000005,-74.09398635,1.0,29.579900808803416,,0.0,117.0,1.0
166171,10499190,-74.119431456,4.63833879499998,CL 13-KR 68A 35,2019,Octubre,7,lunes,16,20,Fontibón,Choque,Objeto Fijo,Semaforo,Solo Daños,0,1,0,0,0,1,0,0,0,0,0,0,0,0,0,0,0,0,0,0,0,0,1000745.0,0.004051129306958476,449.6753530723908,CL6,KR32;KR36,4.6343731,-74.12025905,1.0,32.13730768933333,,0.0,120.0,1.0
166173,10499192,-74.099027175,4.64576198399999,CL 26-KR 59 2,2019,Octubre,7,lunes,12,40,Teusaquillo,Choque,Vehículo,,Solo Daños,0,0,0,0,0,0,0,0,0,0,1,0,1,0,0,1,0,0,0,0,0,0,1000025.0,0.003496616756128075,388.12445993021635,CL92,KR7;KR11,4.6454407,-74.09554535000001,1.0,9.846031439112902,,0.0,124.0,1.0
166174,10499193,-74.108594664,4.669340304,AV AVENIDA BOYACA-CL 51 88,2019,Octubre,2,miércoles,18,47,Engativá,Choque,Vehículo,,Solo Daños,0,0,0,0,0,0,0,0,0,0,0,0,0,0,0,0,0,0,0,0,0,0,92.0,0.001557536148957777,172.88651253431325,"KR50,TV42,TV39",CL6;CL19,4.6708416,-74.1081799,1.0,19.72993769,,0.0,115.0,1.0
166175,10499565,-74.108850683,4.68963747800001,CL 66A-KR 84A 2,2019,Octubre,10,jueves,18,10,Engativá,Choque,Vehículo,,Solo Daños,0,0,0,0,0,0,0,0,0,0,0,0,0,0,0,0,0,0,0,0,0,0,1001872.0,0.004763101648177925,528.7042829477497,KR86,CL64BIS;CL66A,4.6942582,-74.1076948,1.0,14.992910731344537,,0.0,119.0,1.0
166176,10499566,-74.051162824,4.66464445499997,KR 9-CL 82 02,2019,Octubre,10,jueves,20,7,Chapinero,Choque,Vehículo,,Solo Daños,0,0,0,0,0,0,0,0,0,0,0,0,0,0,0,0,0,0,0,0,0,0,1000986.0,0.0022130489760837637,245.64843634529777,CL80,KR69H;KR58,4.6638357,-74.0532228,1.0,39.31441533931624,,0.0,117.0,1.0
166177,10499567,-74.105313751,4.62298989200002,CL 12-KR 46 2,2019,Octubre,8,martes,13,30,Puente Aranda,Choque,Vehículo,,Solo Daños,0,0,0,0,0,0,0,0,0,0,0,0,0,0,0,0,0,0,0,0,0,0,1000769.0,0.0038036276638564333,422.2026706880641,NQS,KR67;KR62B,4.62567005,-74.1026148,1.0,21.348548389262294,,0.0,122.0,1.0
166178,10499568,-74.074729597,4.60519970000001,KR 10-CL 17 02,2019,Octubre,10,jueves,13,55,Santa Fe,Atropello,,,Con Heridos,0,0,0,0,0,1,1,1,0,0,0,0,0,0,0,0,0,0,0,0,0,0,1000653.0,0.0016558375121297861,183.79796384640625,AV.CIRCUNVALAR,KR7;CL83,4.6066223,-74.07557695,1.0,16.530962713306455,,0.0,124.0,1.0
166179,10499569,-74.042893756,4.75556550099998,CL 175-KR 20 02,2019,Octubre,10,jueves,11,30,Usaquén,Choque,Vehículo,,Solo Daños,0,0,0,0,0,0,0,1,0,0,1,0,1,0,0,1,0,0,0,0,0,0,1000087.0,0.007909647116937044,877.9708299800119,KR19,CL147;CL152,4.7597534,-74.04960375,0.0,13.981938335916668,,0.0,120.0,0.0
166180,10499570,-74.045598932,4.75484489000002,KR 45-CL 174 2,2019,Octubre,9,miércoles,9,30,Usaquén,Choque,Vehículo,,Solo Daños,0,0,0,0,0,0,0,0,0,0,1,0,0,0,0,0,0,0,0,0,0,0,1000087.0,0.006334985211744347,703.1833585036226,KR19,CL147;CL152,4.7597534,-74.04960375,0.0,16.294406100666667,,0.0,120.0,0.0
166181,10499571,-74.144499477,4.60028505700001,AV AVENIDA BOYACA-CL 43C S 43,2019,Octubre,10,jueves,17,30,Kennedy,Atropello,,,Con Heridos,0,0,0,0,0,0,1,0,0,0,1,0,1,0,0,1,0,0,0,0,0,0,1000698.0,0.0014371374161705516,159.52225319493124,"AV.AMERICAS,CL34",KR36;KR28,4.6006212,-74.14589674999999,1.0,24.34108528991667,,0.0,120.0,1.0
166182,10499573,-74.162060551,4.59959525400001,CL 57B-KR 71D S 76,2019,Octubre,10,jueves,14,50,Bosa,Choque,Vehículo,,Solo Daños,0,0,0,0,0,1,0,0,0,0,0,0,0,0,0,0,0,0,0,0,0,0,1000750.0,0.0037657121760572934,417.99405154235956,KR68,CL21SUR;CL3,4.5995431,-74.1582952,1.0,10.66202302225,,0.0,120.0,1.0
166183,10499574,-74.143366725,4.61918700400003,AV AVENIDA PRIMERO DE MAYO-CL 35 S 02,2019,Octubre,9,miércoles,6,44,Kennedy,Choque,Vehículo,,Solo Daños,0,0,0,0,0,0,0,0,0,0,1,0,1,0,0,1,0,0,0,0,0,0,90.0,0.0063431219032908815,704.0865312652878,CL24,KR86;AV.AMERICAS,4.61621555,-74.13776265,0.0,23.536577970948276,,0.0,116.0,0.0
166184,10499575,-74.089529149,4.69573941700003,CL 80-KR 72 2,2019,Octubre,9,miércoles,7,40,Engativá,Choque,Vehículo,,Solo Daños,0,0,0,0,0,0,0,0,0,0,0,0,0,0,0,0,0,0,0,0,0,0,1001000.0,0.002519699105683848,279.6866007309072,CL80,KR119;KR112A,4.69445795,-74.08735965,1.0,30.712566029999998,,0.0,122.0,1.0
166185,10499576,-74.090662895,4.60437110999999,CL 8-KR 22 02,2019,Octubre,9,miércoles,13,10,Los Mártires,Choque,Vehículo,,Solo Daños,0,0,0,0,0,0,0,0,0,0,0,0,0,0,0,0,0,0,0,0,0,0,1000706.0,0.0006346593993100234,70.44719332341259,CL13,KR39;KR47,4.6049832,-74.09049515000001,1.0,24.31968640266129,,0.0,124.0,1.0
166186,10499577,-74.081479811,4.70167354500001,AV AVENIDA BOYACA-CL 116 02,2019,Octubre,9,miércoles,7,0,Suba,Choque,Vehículo,,Solo Daños,0,0,0,0,0,0,0,0,0,0,1,0,0,0,0,0,0,0,0,0,0,0,1002014.0,0.005243358756870522,582.0128220126279,AUTONORTE,CL127;PRADO,4.6964302,-74.0814678,0.0,49.92614913324324,,0.0,111.0,0.0
166187,10499578,-74.126169103,4.58109022299999,CL 44-KR 25 S 02,2019,Octubre,10,jueves,10,10,Rafael Uribe Uribe,Choque,Vehículo,,Solo Daños,0,0,0,0,0,0,0,0,0,0,0,0,0,0,0,0,0,0,0,0,0,0,1002271.0,0.0013431228202091172,149.086633043212,KR72,KR1;KR4AE,4.582431,-74.12624845,1.0,22.057158362000003,,0.0,20.0,1.0
166188,10499579,-74.126353131,4.64909959400001,AV AVENIDA BOYACA-CL 13 02,2019,Octubre,12,sábado,0,1,Fontibón,Choque,Vehículo,,Solo Daños,0,0,0,0,0,0,0,0,0,1,0,0,0,0,0,0,0,0,0,0,0,1,1000775.0,0.0010184227055026903,113.04492031079862,CL17,KR128;KR123,4.65006275,-74.1260222,1.0,40.543474281916666,,0.0,120.0,1.0
166189,10499580,-74.092545409,4.667773474,KR 68-CL 64 02,2019,Octubre,10,jueves,11,15,Barrios Unidos,Choque,Vehículo,,Solo Daños,0,0,0,0,0,0,0,0,0,0,1,0,0,0,0,0,0,0,0,0,0,0,1000321.0,0.0016748343989037044,185.90661827831119,KR72,CL163;CL169B,4.6669198000000005,-74.09398635,1.0,26.06300524798077,,0.0,104.0,1.0
166190,10499581,-74.111003833,4.68761265400002,KR 86-CL 65 02,2019,Octubre,11,viernes,10,0,Engativá,Choque,Vehículo,,Solo Daños,0,0,0,0,0,0,0,1,0,0,1,0,1,0,0,1,0,0,0,0,0,0,1001872.0,0.00742381175898869,824.0431052477446,KR86,CL64BIS;CL66A,4.6942582,-74.1076948,0.0,13.796738285614035,,0.0,114.0,0.0
166191,10499582,-74.121259184,4.55822194299998,CL 50-KR 9 S 02,2019,Octubre,11,viernes,17,15,Rafael Uribe Uribe,Choque,Vehículo,,Solo Daños,0,0,0,0,0,0,0,1,0,0,1,0,1,0,0,1,0,0,0,0,0,0,39.0,0.005128447104497534,569.2576285992263,AV.CARACAS,AV.P.MAYO;CL80,4.5552695,-74.11706585,0.0,15.869655459741379,,0.0,116.0,0.0
166192,10499583,-74.041994902,4.736864916,KR 17-CL 154 02,2019,Octubre,11,viernes,13,30,Usaquén,Choque,Vehículo,,Solo Daños,0,0,0,0,0,0,0,0,0,0,0,0,0,0,0,0,0,0,0,0,0,0,1000081.0,0.009734510270581085,1080.5306400345005,KR19,CL116;CL127,4.7391552,-74.03253365,0.0,13.165829779516129,,0.0,124.0,0.0
166193,10499584,-74.05658433,4.667445902,CL 82-KR 15 2,2019,Octubre,11,viernes,10,0,Chapinero,Choque,Vehículo,,Solo Daños,0,1,0,0,0,0,0,0,0,0,0,0,0,0,0,0,0,0,0,0,0,0,141.0,0.004279145500414689,474.98515054603047,AUTONORTE,CL80;SANTA.FE,4.6632782,-74.0556141,1.0,34.80193617794872,,0.0,117.0,1.0
166194,10499585,-74.084447765,4.597174413,AV AVENIDA CARACAS-CL 6 02,2019,Octubre,11,viernes,16,47,Santa Fe,Choque,Vehículo,,Solo Daños,1,0,0,0,0,0,0,0,0,0,0,0,0,0,0,0,0,0,0,0,0,0,1000216.0,0.0022350040122980585,248.0854453650845,KR7,CL34;CL39,4.5992053,-74.08538089999999,1.0,23.715207996833332,,0.0,120.0,1.0
166195,10499586,-74.135947111,4.63943481400003,AV AVENIDA BOYACA-CL 9 02,2019,Octubre,11,viernes,7,40,Kennedy,Choque,Vehículo,,Solo Daños,0,0,0,0,0,0,0,0,0,0,0,0,0,0,0,0,0,0,0,0,0,0,1001247.0,0.00463476724349805,514.4591640282836,KR72,CL66A;CL75,4.63816495,-74.1314897,1.0,33.831092431632655,,0.0,98.0,1.0
166196,10499587,-74.114065819,4.66485535800001,KR 72BIS-CL 25B 2,2019,Octubre,11,viernes,10,20,Fontibón,Choque,Vehículo,,Solo Daños,0,0,0,0,0,0,0,0,0,0,0,0,0,0,0,0,0,0,0,0,0,0,92.0,0.008395185272350779,931.8655652309365,"KR50,TV42,TV39",CL6;CL19,4.6708416,-74.1081799,0.0,15.02614882983471,,0.0,121.0,0.0
166197,10499588,-74.110351926,4.51059737899999,CL 78-KR 7 S 02,2019,Octubre,11,viernes,21,48,Usme,Choque,Vehículo,,Solo Daños,0,1,0,0,0,0,0,0,0,0,0,0,0,0,0,0,0,0,0,0,0,0,1001959.0,0.02371318118901757,2632.1631119809504,"CL19,KR3",KR5;CL22,4.5343054,-74.1108466,0.0,13.451357363162392,,0.0,117.0,0.0
166198,10499589,-74.090720005,4.62071081900001,CL 19-KR 33 02,2019,Octubre,11,viernes,13,50,Puente Aranda,Choque,Vehículo,,Solo Daños,0,0,0,0,0,0,0,0,0,1,1,0,1,0,0,0,1,0,0,0,0,1,1000938.0,0.0009155062136109198,101.6211897108121,CL24,AV.AMERICAS;KR40,4.62150645,-74.0902671,1.0,13.730282946129032,,0.0,124.0,1.0
166199,10499590,-74.099027175,4.64576198399999,CL 26-KR 59 2,2019,Octubre,11,viernes,12,40,Teusaquillo,Choque,Vehículo,,Solo Daños,0,0,0,0,0,0,0,0,0,1,0,0,0,0,0,0,0,0,0,0,1,1,1000025.0,0.003496616756128075,388.12445993021635,CL92,KR7;KR11,4.6454407,-74.09554535000001,1.0,9.846031439112902,,0.0,124.0,1.0
166200,10499955,-74.070967743,4.62071047799998,CL 32-KR 15 2,2019,Octubre,15,martes,16,20,Teusaquillo,Choque,Vehículo,,Solo Daños,0,0,0,0,0,0,0,0,0,1,1,0,1,0,0,1,0,0,0,0,0,1,1000020.0,0.0030231445962973134,335.56905018900176,KR7,CL79;CL76,4.618767350000001,-74.07328369999999,1.0,18.141279074774776,,0.0,111.0,1.0
166201,10499956,-74.117587785,4.68081413200002,AV AVENIDA CIUDAD DE CALI-CL 51 02,2019,Octubre,15,martes,6,23,Engativá,Choque,Vehículo,,Solo Daños,0,0,0,0,0,0,0,0,0,1,0,0,0,0,0,0,0,0,0,0,0,1,1000227.0,0.003040753442196012,337.5236320837573,KR72,CL170;CL169,4.67854075,-74.1155684,1.0,26.101154309292035,,0.0,113.0,1.0
166202,10499957,-74.12669762,4.61719021499999,KR 68-CL 12 S 64,2019,Octubre,15,martes,13,0,Puente Aranda,Choque,Vehículo,,Solo Daños,0,0,0,0,0,0,0,1,0,0,0,0,0,0,0,0,0,0,0,0,0,0,138.0,0.004510450434503133,500.65999822984776,"CL19,KR3",KR5;CL22,4.6173525,-74.13120515,1.0,10.22816632435484,,0.0,124.0,1.0
166203,10499958,-74.092160174,4.619033226,KR 33-CL 17A 02,2019,Octubre,15,martes,15,44,Puente Aranda,Choque,Vehículo,,Solo Daños,0,0,0,0,0,0,0,1,0,1,0,0,0,0,0,0,0,0,0,0,0,1,1001969.0,0.0011853676710890312,131.57581149088247,NQS,CL12;CL3,4.61792865,-74.09259030000001,1.0,21.094791136393443,,0.0,122.0,1.0
166204,10499959,-74.138017493,4.56690125599999,AV AVENIDA BOYACA-KR 19C 02,2019,Octubre,9,miércoles,6,9,Tunjuelito,Choque,Vehículo,,Solo Daños,0,1,0,0,0,0,0,0,0,0,0,0,0,0,0,0,0,0,0,0,0,0,56.0,0.008445105969034836,937.4067625628668,CL6,AV.CARACAS;KR42,4.574981,-74.13556034999999,0.0,24.110507327500002,,0.0,116.0,0.0
166205,10499960,-74.065266128,4.67603450299998,CL 86A-KR 49A 2,2019,Octubre,15,martes,18,13,Barrios Unidos,Choque,Vehículo,,Solo Daños,0,0,0,0,0,0,0,0,0,0,0,0,0,0,0,0,0,0,0,0,0,0,1001046.0,0.0036061745388045905,400.28537380730955,KR68,CL13;CL19,4.67945395,-74.0664115,1.0,14.683678027500001,,0.0,120.0,1.0
166206,10499961,-74.139251694,4.66306784599999,CL 13-KR 90 2,2019,Octubre,15,martes,16,42,Fontibón,Choque,Vehículo,,Solo Daños,0,0,0,0,0,0,0,0,0,1,1,0,0,0,0,0,0,0,0,0,0,1,1001016.0,0.005995189218789157,665.4660032855963,KR72,CL127;CL75,4.6623088,-74.13330475000001,0.0,31.154444239639638,,0.0,111.0,0.0
166207,10499962,-74.10092729,4.617979467,KR 38-CL 11A 02,2019,Octubre,15,martes,14,40,Puente Aranda,Choque,Vehículo,,Solo Daños,0,1,0,0,0,0,0,0,0,0,0,0,0,0,0,0,0,0,0,0,0,0,101.0,0.002921150511987601,324.2477068306237,KR24,CL80;CL63,4.615526,-74.09934185,1.0,14.23422238733871,,0.0,124.0,1.0
166208,10499963,-74.071664039,4.69844906999998,CL 112-KR 70B 02,2019,Octubre,11,viernes,15,18,Suba,Choque,Vehículo,,Solo Daños,0,0,0,0,0,0,0,1,0,0,0,0,0,0,0,0,0,0,0,0,0,0,1001831.0,0.0048824613306043575,541.9532076970837,CL170,KR20;KR9,4.6937651,-74.07028604999999,1.0,23.90532176217742,,0.0,124.0,1.0
166209,10499964,-74.048866519,4.68639639899999,CL 101-KR 16 2,2019,Octubre,15,martes,18,23,Usaquén,Choque,Vehículo,,Solo Daños,0,0,0,0,0,0,0,0,0,0,0,0,0,0,0,0,0,0,0,0,0,0,1002017.0,0.004680256180551263,519.5084360411902,AUTONORTE,ALCALA;PRADO,4.6892508,-74.04515745,1.0,44.07265939016949,,0.0,118.0,1.0
166210,10499965,-74.123203388,4.68318968,CL 26-KR 92 02,2019,Octubre,15,martes,20,20,Engativá,Choque,Vehículo,,Solo Daños,0,0,0,0,0,0,0,0,0,0,0,0,0,0,0,0,0,0,0,0,0,0,115.0,0.0024614084440081094,273.21633728490013,KR60;CL68,CL66C;KR58,4.68103185,-74.1220192,1.0,18.5875139605,,0.0,120.0,1.0
166211,10499966,-74.125509922,4.593116495,DG 39A-TR 34BIS S 2,2019,Octubre,15,martes,17,3,Antonio Nariño,Choque,Vehículo,,Solo Daños,0,0,0,0,0,0,0,1,0,1,0,0,0,0,0,0,0,0,0,0,0,1,1000955.0,0.004099756113409982,455.07292858850803,AV.P.MAYO,KR52A;KR69B,4.59631235,-74.1280779,1.0,22.196085953529412,,0.0,119.0,1.0
166213,10499968,-74.123945689,4.66813213199998,KR 82-CL 23D 02,2019,Octubre,15,martes,18,30,Fontibón,Choque,Vehículo,,Solo Daños,0,0,0,0,0,1,0,0,0,0,0,0,0,0,0,0,0,0,0,0,0,0,3.0,0.0018900669532384614,209.7974318094692,CL72,KR65;KR7,4.669261949999999,-74.12546090000001,1.0,14.385033396166667,,0.0,120.0,1.0
166214,10499969,-74.04720582,4.74950137500002,AK 45-CL 168 2,2019,Octubre,15,martes,6,13,Usaquén,Choque,Vehículo,,Solo Daños,0,0,0,0,0,0,0,0,0,0,0,0,0,0,0,0,0,0,0,0,0,0,1000087.0,0.010528726650698244,1168.6886582275051,KR19,CL147;CL152,4.7597534,-74.04960375,0.0,24.770585695576923,,0.0,104.0,0.0
166215,10499970,-74.060265327,4.74989813799999,CL 167-KR 58B 02,2019,Octubre,15,martes,17,0,Suba,Choque,Vehículo,,Solo Daños,0,0,0,0,0,1,0,0,0,0,0,0,0,0,0,0,0,0,0,0,0,0,1000078.0,0.008905382285741871,988.4974337173477,CL100,KR19;KR49,4.7416579,-74.0568883,0.0,19.716240057666667,,0.0,120.0,0.0
166216,10499971,-74.100488182,4.641984106,CL 24-KR 56 02,2019,Octubre,15,martes,22,51,Barrios Unidos,Choque,Vehículo,,Solo Daños,0,0,0,0,0,1,0,1,0,0,0,0,0,0,0,0,0,0,0,0,0,0,1000972.0,0.0015178093655471452,168.47683957573312,TR22,CL1;CL6,4.64260015,-74.10187535,1.0,27.849475374033613,,0.0,119.0,1.0
166217,10499972,-74.044535107,4.76498495599998,AK 45-CL 185 2,2019,Octubre,15,martes,7,26,Usaquén,Choque,Vehículo,,Solo Daños,0,0,0,0,0,0,0,0,0,0,1,0,1,0,0,1,0,0,0,0,0,0,1000087.0,0.0072842515087265395,808.5519174686459,KR19,CL147;CL152,4.7597534,-74.04960375,0.0,20.77916332474138,,0.0,116.0,0.0
166218,10499973,-74.153285018,4.61711832100002,AV AVENIDA PRIMERA DE MAYO-CL 40B 54,2019,Octubre,15,martes,22,50,Kennedy,Choque,Vehículo,,Solo Daños,0,0,0,0,0,0,0,0,0,0,1,0,1,0,0,1,0,0,0,0,0,0,1000749.0,0.004334080816554977,481.08297063760244,KR68,CL3;CL21SUR,4.6131227,-74.15160595,1.0,35.315365469999996,,0.0,119.0,1.0
166219,10499974,-74.064136881,4.75530303099998,KR 68-CL 169B 02,2019,Octubre,15,martes,15,40,Suba,Choque,Vehículo,,Solo Daños,0,0,0,0,0,0,0,0,0,0,1,0,0,0,0,0,0,0,0,0,0,0,1000231.0,0.005344907564106362,593.2847396158062,CL127,KR19;KR51A,4.7571278,-74.06916065,0.0,15.325016489186993,,0.0,123.0,0.0
166220,10499975,-74.078929262,4.62429702399999,CL 26-KR 29 02,2019,Octubre,16,miércoles,10,45,Teusaquillo,Choque,Vehículo,,Solo Daños,0,0,0,0,0,0,0,0,0,0,0,0,0,0,0,0,0,0,0,0,0,0,1000967.0,0.002115253160070221,234.79310076779453,CL26,KR33;KR40,4.6235713,-74.07694240000001,1.0,35.31568952396694,,0.0,121.0,1.0
166221,10499976,-74.077238285,4.66177296900003,AK 30-CL 65 02,2019,Octubre,15,martes,15,30,Barrios Unidos,Choque,Vehículo,,Solo Daños,0,0,0,0,0,0,0,0,0,1,0,0,0,0,0,0,0,0,0,0,0,1,1000095.0,0.004107084414971796,455.88637006186934,KR7,CL153;CL162,4.6587847,-74.0800558,1.0,32.14468049235849,,0.0,106.0,1.0
166222,10499977,-74.120666663,4.65615802299999,AV AVENIDA BOYACA-CL 22 02,2019,Octubre,16,miércoles,12,10,Fontibón,Volcamiento,,,Con Heridos,0,0,0,0,0,1,0,0,0,0,0,0,0,0,0,0,0,0,0,0,0,0,61.0,0.0019340952873471446,214.68457689553304,CL19,KR36;KR5,4.65795775,-74.11995834999999,1.0,11.87024884532258,,0.0,124.0,1.0
166223,10499978,-74.097581919,4.63782416700002,KR 50-CL 24 40,2019,Octubre,15,martes,11,30,Teusaquillo,Choque,Vehículo,,Solo Daños,0,1,0,0,0,0,0,0,0,1,0,0,0,0,0,0,0,0,0,0,0,1,1002285.0,0.0011828388354311334,131.29511073285582,KR68SUR,KR51;CL38,4.6390051,-74.0975148,1.0,26.512458403333337,,0.0,12.0,1.0
166224,10499979,-74.054092814,4.69447549799997,KR 22-CL 106B 02,2019,Octubre,16,miércoles,17,30,Usaquén,Choque,Vehículo,,Solo Daños,0,0,0,0,0,0,0,0,0,0,0,0,0,0,0,0,0,0,0,0,0,0,1002011.0,0.0030310242315381894,336.443689700739,AUTONORTE,PEPE.SIERRA;CL100,4.697067349999999,-74.05566425,1.0,33.59352470422414,,0.0,116.0,1.0
166225,10500350,-74.064414662,4.65147848399999,AV AVENIDA CARACAS-CL 64 2,2019,Octubre,18,viernes,21,45,Teusaquillo,Choque,Vehículo,,Con Heridos,1,0,0,0,0,0,0,0,0,0,1,0,1,1,0,0,0,0,1,0,0,0,1002025.0,0.003937891373669072,437.105942477267,AUTONORTE,SANTA.FE;TOBERIN,4.64911745,-74.06756625,1.0,47.191081326416665,,0.0,120.0,1.0
166226,10500351,-74.166670993,4.60926801599999,CL 50-KR 77T S 2,2019,Octubre,20,domingo,19,0,Kennedy,Choque,Vehículo,,Solo Daños,0,0,0,0,0,0,0,0,0,1,0,0,0,0,0,0,0,0,0,0,0,1,57.0,0.008459465725126873,939.0006954890829,CL6,KR42;AV.CARACAS,4.60480905,-74.15948209999999,0.0,18.92072660425,,0.0,120.0,0.0
166227,10500352,-74.061854079,4.64359231200001,KR 7-CL 58 02,2019,Octubre,19,sábado,14,50,Chapinero,Choque,Vehículo,,Solo Daños,0,0,0,0,0,0,0,1,0,1,0,0,0,0,0,0,0,0,0,0,0,1,1000307.0,0.002796243787306621,310.3830603910349,KR10,CL24;CL19,4.6413462,-74.0635196,1.0,10.960153930420168,,0.0,119.0,1.0
166228,10500353,-74.048610009,4.70562286400002,KR 19-CL 127 2,2019,Octubre,19,sábado,14,12,Usaquén,Choque,Vehículo,,Solo Daños,0,0,0,0,1,0,0,1,0,0,0,0,0,0,0,0,0,0,0,0,0,0,18.0,0.004994607106868156,554.4013888623653,CL85,KR15;KR7,4.7093504,-74.0519344,1.0,8.360649905887097,,0.0,124.0,1.0
166229,10500354,-74.0666843,4.71029512600001,CL 127-KR 56B 02,2019,Octubre,19,sábado,14,48,Suba,Choque,Vehículo,,Solo Daños,0,0,0,0,0,0,0,0,0,0,0,0,0,0,0,0,0,0,0,0,0,0,1000969.0,0.005527366842973665,613.5377195700769,"CL34,AV.AMERICAS",KR19;KR28,4.706773350000001,-74.07094445000001,0.0,15.835499551935483,,0.0,124.0,0.0
166230,10500355,-74.156463416,4.64391914100003,CL 6A-KR 87A 2,2019,Octubre,20,domingo,7,0,Kennedy,Choque,Vehículo,,Solo Daños,0,0,0,0,0,0,0,0,0,1,0,0,0,0,0,0,0,0,0,0,0,1,124.0,0.009175838067248972,1018.5180254646359,CL66A,KR86;KR72,4.652358850000001,-74.1528624,0.0,10.0294073239,,0.0,100.0,0.0
166231,10500356,-74.09112954,4.74655013099999,CL 148-KR 101 2,2019,Octubre,19,sábado,7,50,Suba,Choque,Vehículo,,Solo Daños,0,0,0,0,0,0,0,1,0,0,0,0,0,0,0,0,0,0,0,0,0,0,1002030.0,0.004112435088992326,456.4802948781482,AV.SUBA,21.ANGELES;CL136,4.742438,-74.09117954999999,1.0,36.10444889934959,,0.0,123.0,1.0
166232,10500357,-74.056848745,4.68971576899997,KR 45-CL 103 02,2019,Octubre,19,sábado,19,10,Usaquén,Choque,Vehículo,,Solo Daños,0,0,0,0,0,0,0,0,0,0,0,0,0,0,0,0,0,0,0,0,0,0,1000773.0,0.00460209549132016,510.8325995365378,KR50,CL33SUR;CL16SUR,4.6906399,-74.0613571,1.0,27.05861083576087,,0.0,92.0,1.0
166233,10500358,-74.030587742,4.74025291700002,CL 163A-KR 8G 02,2019,Octubre,19,sábado,16,13,Usaquén,Choque,Vehículo,,Solo Daños,0,0,0,0,0,0,0,0,0,0,1,0,1,0,0,1,1,0,0,0,0,0,1000081.0,0.0022341755876916056,247.99349023376823,KR19,CL116;CL127,4.7391552,-74.03253365,1.0,12.334515991416668,,0.0,120.0,1.0
166234,10500359,-74.125225866,4.62089273499998,CL 1-KR 68 2,2019,Octubre,20,domingo,18,4,Puente Aranda,Choque,Vehículo,,Solo Daños,0,0,0,0,0,0,0,0,0,0,1,0,0,0,0,0,0,0,0,0,0,0,114.0,0.006849521654394408,760.2969036377793,CL68;KR60,KR24;KR60,4.621832,-74.11844105,0.0,14.086195631932773,,0.0,119.0,0.0
166236,10500361,-74.129264169,4.688662776,AC 26-KR 100 2,2019,Octubre,20,domingo,14,30,Fontibón,Choque,Vehículo,,Solo Daños,0,0,0,0,0,0,0,0,0,0,1,0,1,0,0,0,1,0,0,0,0,0,1000238.0,0.010061059924590735,1116.7776516295714,CL134,KR58;KR53,4.68384265,-74.1204329,0.0,30.762239130983605,,0.0,122.0,0.0
166237,10500362,-74.121077196,4.69254575299999,CL 63-KR 97 10,2019,Octubre,19,sábado,21,30,Engativá,Choque,Vehículo,,Solo Daños,0,0,0,0,0,1,0,1,0,0,0,0,0,0,0,0,0,0,0,0,0,0,1000723.0,0.006767560820697098,751.1992510973779,KR86,CL10;AV.AMERICAS,4.6984233,-74.11772245,0.0,11.44416844525862,,0.0,116.0,0.0
166238,10500363,-74.163424645,4.635163186,CL 38-KR 86C S 2,2019,Octubre,21,lunes,9,46,Kennedy,Choque,Vehículo,,Con Heridos,1,0,0,0,0,1,0,0,0,0,0,0,0,0,0,0,0,0,0,0,0,0,148.0,0.008707139029857274,966.4924323141574,AV.CL59SUR,KR81A;CL59SUR,4.6285372,-74.1577757,0.0,24.85604920875,,0.0,8.0,0.0
166239,10500364,-74.194479876,4.604385987,KR 79-CL 71 S 2,2019,Octubre,21,lunes,22,0,Bosa,Choque,Vehículo,,Con Heridos,1,0,0,0,0,0,0,1,0,0,1,0,0,0,0,0,0,0,0,0,0,0,1002284.0,0.007485287957185348,830.8669632475736,KR86,TV79D;CL57BSUR,4.61096955,-74.19804165,0.0,24.656613208750002,,0.0,8.0,0.0
166240,10500365,-74.074262548,4.81874807499997,CL 235-KR 116 02,2019,Octubre,19,sábado,7,4,Suba,Choque,Vehículo,,Solo Daños,0,1,0,0,0,0,0,0,0,0,0,0,0,0,0,0,0,0,0,0,0,0,35.0,0.03449902436988585,3829.391705057329,KR72,CL170;CL43AS,4.7881347000000005,-74.05835645,0.0,22.454393814453784,,0.0,119.0,0.0
166241,10500366,-74.099400153,4.60453565199998,KR 30-CL 4A 68,2019,Octubre,21,lunes,5,44,Los Mártires,Choque,Vehículo,,Con Heridos,0,0,0,0,0,1,0,0,0,0,0,0,0,0,0,0,0,0,0,0,0,0,1001948.0,0.001773007963631788,196.80388396312847,"KR50,CL13",CL5A;KR47,4.6041161,-74.0976775,1.0,28.04548558798319,,0.0,119.0,1.0
166242,10500367,-74.024211218,4.769128599,CL 192C-KR 4A 02,2019,Octubre,21,lunes,18,53,Usaquén,Choque,Vehículo,,Con Heridos,0,0,0,0,0,1,1,0,0,0,1,0,0,0,0,0,0,0,0,0,1,0,1000088.0,0.011842016083211651,1314.4637852364933,KR19,CL159;CL152,4.7601672,-74.03195245,0.0,17.935097269916664,,0.0,120.0,0.0
166243,10500368,-74.157763489,4.645688732,CL 6A-KR 88 51,2019,Octubre,21,lunes,8,0,Kennedy,Choque,Vehículo,,Con Heridos,1,0,0,0,0,0,0,0,0,0,0,0,0,0,0,0,0,0,0,0,0,0,124.0,0.008277146097530134,918.7632168258449,CL66A,KR86;KR72,4.652358850000001,-74.1528624,0.0,9.965340565,,0.0,100.0,0.0
166244,10500369,-74.085400122,4.61414325300001,KR 25-CL 18 2,2019,Octubre,10,jueves,7,14,Los Mártires,Choque,Vehículo,,Con Heridos,0,1,0,0,0,1,1,0,0,0,0,0,0,0,0,0,0,0,0,0,0,0,1001950.0,0.001495554696132445,166.0065712707014,"KR50,CL13",CL17;KR56,4.6126833,-74.0857245,1.0,18.6264426355,,0.0,100.0,1.0
166245,10500370,-74.137636759,4.59578066799997,KR 68-CL 44 S 2,2019,Octubre,21,lunes,7,32,Puente Aranda,Choque,Vehículo,,Con Heridos,1,0,0,0,0,0,0,0,0,0,0,0,0,0,0,0,0,0,0,0,0,0,1001949.0,0.00228972371002521,254.1593318127983,"AV.AMERICAS,KR50",KR36;CL17,4.5980143,-74.13713304999999,1.0,19.153096486557377,,0.0,122.0,1.0
166246,10500371,-74.112357605,4.54757568999997,KR 5B-CL 49A S 02,2019,Octubre,21,lunes,19,15,Rafael Uribe Uribe,Choque,Vehículo,,Con Heridos,0,0,0,0,0,1,0,0,0,0,0,0,0,0,0,0,0,0,0,0,0,0,39.0,0.009020104394995072,1001.2315878444531,AV.CARACAS,AV.P.MAYO;CL80,4.5552695,-74.11706585,0.0,17.54174856008621,,0.0,116.0,0.0
166247,10500372,-74.079350116,4.75682248999999,KR 92-CL 162 40,2019,Octubre,21,lunes,12,10,Suba,Choque,Vehículo,,Con Heridos,1,0,0,0,0,0,0,0,0,1,0,0,0,0,0,0,0,0,0,0,0,1,1001055.0,0.0042132896321263776,467.6751491660279,KR68,AV.SUBA;KR64,4.753758749999999,-74.0822424,1.0,14.157874602983872,,0.0,124.0,1.0
166248,10500373,-74.074003499,4.69895427900002,CL 116-KR 70F 2,2019,Octubre,21,lunes,11,30,Suba,Atropello,,,Con Heridos,0,0,0,0,1,0,1,1,0,0,0,0,0,0,0,0,0,0,0,0,0,0,1002015.0,0.004252488191838032,472.02618929402155,AUTONORTE,PRADO;CL127,4.7026912,-74.07603305,1.0,31.596334259508197,,0.0,122.0,1.0
166249,10500374,-74.200727437,4.62902156400003,KR 93D-CL 71 S 02,2019,Octubre,21,lunes,11,30,Bosa,Choque,Vehículo,,Con Heridos,1,0,0,0,0,0,0,0,0,0,0,0,0,0,0,0,0,0,0,0,0,0,75.0,0.011363454408882276,1261.3434393859325,KR86,KR91;CL57BSUR,4.61896385,-74.20601615,0.0,15.936430201565218,,0.0,115.0,0.0
166250,10500752,-74.091101596,4.587172259,CL 5-KR 12A S 37,2019,Octubre,24,jueves,8,44,Antonio Nariño,Atropello,,,Con Heridos,0,0,0,0,0,1,1,0,0,0,0,0,0,0,0,0,0,0,0,0,0,0,1000259.0,0.003849723465461189,427.31930466619195,CL32,AV.CARACAS;KR7,4.5900511,-74.0936575,1.0,13.433955644435484,,0.0,124.0,1.0
166251,10500753,-74.120428764,4.59507209999998,KR 35-CL 32B S 10,2019,Octubre,24,jueves,8,25,Antonio Nariño,Volcamiento,,,Con Heridos,1,0,0,0,0,0,0,0,0,0,0,0,0,0,0,0,0,0,0,0,0,0,1001061.0,0.006619537858880657,734.7687023357529,AV.P.MAYO,CL43SUR;CL41BSUR,4.6016787,-74.1200151,0.0,17.365038575772356,,0.0,123.0,0.0
166252,10500754,-74.026196304,4.72123017899997,KR 7-CL 146 2,2019,Octubre,23,miércoles,18,20,Usaquén,Caida de ocupante,,,Con Heridos,0,0,0,0,0,0,0,1,0,0,1,0,1,0,0,1,0,0,0,0,0,0,1000051.0,0.007351976897757947,816.069435651132,CL116,KR15;KR11,4.7180052,-74.0328032,0.0,18.318995092033898,,0.0,118.0,0.0
166253,10500755,-74.098068383,4.63858947300002,CL 24-KR 51 02,2019,Octubre,24,jueves,9,30,Teusaquillo,Choque,Vehículo,,Solo Daños,0,0,0,0,0,0,0,0,0,0,1,0,1,0,0,1,0,0,0,0,0,0,1002285.0,0.0006922426893799013,76.83893852116904,KR68SUR,KR51;CL38,4.6390051,-74.0975148,1.0,21.030132990833334,,0.0,12.0,1.0
166254,10500756,-74.192703943,4.62852035200001,KR 89BISA-CL 59C S 15,2019,Octubre,24,jueves,9,58,Bosa,Choque,Vehículo,,Solo Daños,0,0,0,0,0,0,0,0,0,0,1,0,1,0,0,1,0,0,0,0,0,0,76.0,0.01332464486542639,1479.0355800623292,KR86,CL57BSUR;KR91,4.616729,-74.1989096,0.0,15.49643842025862,,0.0,116.0,0.0
166255,10500757,-74.101877364,4.69213425300001,CL 71D-KR 80 2,2019,Octubre,23,miércoles,16,10,Engativá,Atropello,,,Con Heridos,0,0,0,0,0,1,1,0,0,0,0,0,0,0,0,0,0,0,0,0,0,0,1000748.0,0.002251095016935533,249.87154687984417,KR68,CL3;CL13,4.692486049999999,-74.1041008,1.0,26.979475385210087,,0.0,119.0,1.0
166256,10500758,-74.109192407,4.58111589700002,CL 28-KR 20 S 02,2019,Octubre,24,jueves,20,16,Rafael Uribe Uribe,Choque,Vehículo,,Solo Daños,0,1,0,0,0,1,0,0,0,0,0,0,0,0,0,0,0,0,0,0,0,0,1000314.0,0.0037201177342824836,412.93306850535566,CL19,KR5;KR10,4.5844906000000005,-74.10762695,1.0,13.413053197345134,,0.0,113.0,1.0
166257,10500759,-74.135881464,4.68314723499998,CL 24-KR 103 2,2019,Octubre,24,jueves,8,43,Fontibón,Choque,Vehículo,,Solo Daños,0,1,0,0,0,0,0,0,0,0,0,0,0,0,0,0,0,0,0,0,0,0,1001347.0,0.010373699782673497,1151.4806758767581,DIAG16,KR97;KR106,4.6757841,-74.14318885,0.0,20.72448043798387,,0.0,124.0,0.0
166258,10500760,-74.121074508,4.60208152199999,KR 50-CL 26 S 2,2019,Octubre,24,jueves,15,15,Puente Aranda,Choque,Vehículo,,Solo Daños,0,0,0,0,0,0,0,0,0,0,1,0,1,0,0,1,0,0,0,0,0,0,1001061.0,0.001133406755823751,125.80814989643636,AV.P.MAYO,CL43SUR;CL41BSUR,4.6016787,-74.1200151,1.0,16.731763741404958,,0.0,121.0,1.0
166259,10500761,-74.089375649,4.671960662,KR 68-CL 66 02,2019,Octubre,24,jueves,19,45,Barrios Unidos,Choque,Vehículo,,Solo Daños,0,1,0,0,0,0,0,0,0,0,0,0,0,0,0,0,0,0,0,0,0,0,1000659.0,0.003428286814803649,380.53983644320505,AV.CIRCUNVALAR,CL69;CL59,4.66861515,-74.08862685,1.0,40.2325260495614,,0.0,114.0,1.0
166260,10500762,-74.111895571,4.53537044299998,CL 64-KR 0 SE 11,2019,Octubre,24,jueves,13,0,Usme,Choque,Vehículo,,Solo Daños,0,0,0,0,0,1,0,0,0,0,1,0,0,0,0,0,0,0,0,0,1,0,1001959.0,0.0014948768346101132,165.93132864172256,"CL19,KR3",KR5;CL22,4.5343054,-74.1108466,1.0,12.098640591612902,,0.0,124.0,1.0
166261,10500763,-74.172642928,4.67777542800002,CL 13-KR 123 02,2019,Octubre,24,jueves,21,20,Fontibón,Choque,Vehículo,,Solo Daños,0,1,0,0,0,0,0,1,0,0,0,0,0,0,0,0,0,0,0,0,0,0,108.0,0.014909752031484676,1654.982475494799,"CL72,CL68",KR86;KR58,4.66545305,-74.16424889999999,0.0,22.001454059083336,,0.0,120.0,0.0
166262,10500764,-74.087949775,4.60139450200001,CL 7BIS-KR 18B 2,2019,Octubre,24,jueves,15,0,Los Mártires,Choque,Vehículo,,Solo Daños,0,0,0,0,0,0,0,0,0,0,0,0,0,0,0,0,0,0,0,0,0,0,1000056.0,0.0018821224451491285,208.91559141155327,KR11,CL106;CL116,4.60078815,-74.08973155,1.0,20.60937073685484,,0.0,124.0,1.0
166263,10500765,-74.118325923,4.688567767,TR 93-CL 53 46,2019,Octubre,24,jueves,9,36,Engativá,Choque,Vehículo,,Solo Daños,0,0,0,0,0,0,0,0,0,0,0,0,0,0,0,0,0,0,0,0,0,0,1000238.0,0.00517359476014588,574.2690183761928,CL134,KR58;KR53,4.68384265,-74.1204329,0.0,24.645842105,,0.0,124.0,0.0
166264,10500766,-74.072089662,4.668944641,KR 30-CL 74 02,2019,Octubre,21,lunes,15,5,Barrios Unidos,Choque,Vehículo,,Solo Daños,0,0,0,0,0,0,0,1,0,0,0,0,0,0,0,0,0,0,0,0,0,0,1000203.0,0.0023028969887307145,255.62156574910932,KR7,CL188;CL175,4.6708734,-74.0708314,1.0,19.191397495483873,,0.0,124.0,1.0
166265,10500767,-74.133705689,4.615860677,KR 69C-CL 24 S 2,2019,Octubre,24,jueves,16,0,Kennedy,Choque,Vehículo,,Solo Daños,0,0,0,0,0,0,0,1,0,0,0,0,0,0,0,0,0,0,0,0,0,0,1001037.0,0.002649239214125316,294.06555276791005,CL13,KR90;KR68D,4.61354265,-74.13498835,1.0,29.02504602156522,,0.0,115.0,1.0
166266,10500768,-74.049501698,4.66038482599998,CL 79B-KR 5 72,2019,Octubre,24,jueves,8,20,Chapinero,Choque,Vehículo,,Solo Daños,0,0,0,0,0,0,0,1,0,0,0,0,0,0,0,0,0,0,0,0,0,0,1000986.0,0.005074951374980627,563.3196026228495,CL80,KR69H;KR58,4.6638357,-74.0532228,0.0,28.68190945033058,,0.0,121.0,0.0
166267,10500769,-74.084933121,4.69658357600002,AV AVENIDA BOYACA-CL 93 02,2019,Octubre,24,jueves,19,0,Suba,Choque,Vehículo,,Solo Daños,0,0,0,0,0,0,0,0,0,0,1,0,0,0,0,0,0,0,0,0,1,0,1001728.0,0.0010926508942151732,121.28424925788423,KR68,CL19;CL13,4.6964728,-74.0838461,1.0,15.1121520079661,,0.0,118.0,1.0
166268,10500770,-74.066818136,4.74022428000001,CL 152B-KR 72 91,2019,Octubre,24,jueves,14,10,Suba,Choque,Vehículo,,Solo Daños,0,0,0,0,0,1,0,0,0,0,0,0,0,0,0,0,0,0,0,0,0,0,8.0,0.004985526123750813,553.3933997363403,KR15,CL127;CL106,4.735977800000001,-74.0694302,1.0,12.155240231065575,,0.0,122.0,1.0
166269,10500771,-74.09338925,4.61237335700002,AK 30-CL 12 2,2019,Octubre,24,jueves,18,10,Los Mártires,Choque,Vehículo,,Solo Daños,0,0,0,0,0,0,0,0,0,0,0,0,0,0,0,0,0,0,0,0,0,0,1000695.0,0.002050062121654857,227.5568955036891,CL13,KR65;KR68,4.61249245,-74.09543585,1.0,17.148863361916664,,0.0,120.0,1.0
166270,10500772,-74.096409361,4.69960800699999,CL 80-KR 78A 2,2019,Octubre,24,jueves,14,0,Engativá,Choque,Vehículo,,Solo Daños,0,0,0,0,0,0,0,0,0,1,0,0,0,0,0,0,0,0,0,0,0,1,1000963.0,0.0034498596314403206,382.9344190898756,CL72,KR64;KR70,4.7019356,-74.0989557,1.0,12.91485007782258,,0.0,124.0,1.0
166271,10500773,-74.086277608,4.67728500999999,KR 68-CL 71 2,2019,Octubre,24,jueves,19,20,Barrios Unidos,Choque,Vehículo,,Solo Daños,0,0,0,0,0,0,0,0,0,0,0,0,0,0,0,0,0,0,0,0,0,0,1000654.0,0.0018118742258181877,201.11803906581883,AV.CIRCUNVALAR,CL83;KR7,4.67771235,-74.08451685,1.0,22.195955634224138,,0.0,116.0,1.0
166272,10500774,-74.101426115,4.59915758699998,CL 1F-KR 28 2,2019,Octubre,24,jueves,7,39,Los Mártires,Choque,Vehículo,,Solo Daños,0,0,0,0,0,0,0,0,0,0,0,0,0,0,0,0,0,0,0,0,0,0,1000264.0,0.0019512802869702855,216.59211185370168,AV.CARACAS,CL40A;CL45,4.5972931,-74.1020016,1.0,19.86756988333333,,0.0,120.0,1.0
166273,10500775,-74.019703871,4.669570529,CL 100-KR 9 E 40,2019,Octubre,24,jueves,20,35,Chapinero,Choque,Objeto Fijo,Tren,Con Heridos,0,0,0,0,0,0,0,0,0,0,1,0,1,0,0,1,0,0,0,0,0,0,1000191.0,0.02914173372233523,3234.7324431792103,KR9,CL161;CL147,4.67150165,-74.04878155,0.0,28.962018398999998,,0.0,120.0,0.0
166274,10500776,-74.120034884,4.67893693100001,CL 26-KR 86 2,2019,Octubre,24,jueves,23,29,Fontibón,Choque,Vehículo,,Solo Daños,0,0,0,0,0,0,0,0,0,1,0,0,0,0,0,0,0,0,0,0,0,1,115.0,0.0028855147901787376,320.2921417098399,KR60;CL68,CL66C;KR58,4.68103185,-74.1220192,1.0,31.121185688333334,,0.0,120.0,1.0
166275,10501161,-74.123130727,4.586165322,CL 39-KR 29 S 02,2019,Octubre,29,martes,18,57,Rafael Uribe Uribe,Atropello,,,Con Heridos,0,0,0,0,0,1,1,1,0,0,0,0,0,0,0,0,0,0,0,0,0,0,1000328.0,0.0034897183363435916,387.35873533413866,AV.P.MAYO,AV.CARACAS;DIAG19SUR,4.5827155,-74.12260455,1.0,11.036161508833334,,0.0,120.0,1.0
166276,10501162,-74.094847025,4.687374815,AK 72-CL 72 15,2019,Octubre,28,lunes,14,24,Engativá,Atropello,,,Con Heridos,0,0,0,0,0,0,1,0,0,0,0,0,0,0,0,0,0,0,0,0,0,0,1001341.0,0.0040209396968649705,446.3243063520117,KR86,AV.AMERICAS;CL40BSUR,4.68404705,-74.09259005000001,1.0,12.773673364260869,,0.0,115.0,1.0
166277,10501163,-74.069810482,4.60532080000002,KR 5-CL 20 02,2019,Octubre,29,martes,19,30,Santa Fe,Choque,Vehículo,,Con Heridos,0,0,0,0,0,1,0,1,0,0,0,0,0,0,0,0,0,0,0,0,0,0,2.0,0.00039062668372727693,43.35956189372774,KR7,CL32;CL188,4.60499885,-74.0700317,1.0,18.19616097637255,,0.0,102.0,1.0
166278,10501164,-74.099750555,4.70184675799999,CL 80-KR 84A 2,2019,Octubre,28,lunes,14,0,Engativá,Atropello,,,Con Heridos,0,0,0,0,0,1,1,1,0,0,0,0,0,0,0,0,0,0,0,0,0,0,1000963.0,0.0007998045836222529,88.77830878207007,CL72,KR64;KR70,4.7019356,-74.0989557,1.0,12.91485007782258,,0.0,124.0,1.0
166279,10501165,-74.196404812,4.641545662,CL 57-KR 103A S 02,2019,Octubre,29,martes,4,35,Bosa,Choque,Vehículo,,Con Heridos,0,0,0,0,0,1,0,0,0,1,0,0,0,0,0,0,0,0,0,0,0,1,1001346.0,0.021464595327779015,2382.5700813834706,DIAG16,KR106;KR97,4.65517805,-74.1798251,0.0,45.85580439577236,,0.0,123.0,0.0
166280,10501166,-74.110799443,4.59157361799998,KR 29A-CL 22 S 02,2019,Octubre,28,lunes,15,40,Antonio Nariño,Atropello,,,Con Heridos,0,0,0,0,0,0,1,1,0,0,1,0,0,0,0,0,0,0,0,0,1,0,66.0,0.005879581742672384,652.6335734366346,CL11SUR,KR6_ESTE;AV.CARACAS,4.5966778,-74.1137178,0.0,14.513752489435484,,0.0,124.0,0.0
166282,10501168,-74.090909662,4.555816617,KR 4-CL 36H ES 11,2019,Octubre,28,lunes,11,25,San Cristóbal,Caida de ocupante,,,Con Heridos,0,0,0,0,0,0,0,0,0,0,1,0,1,0,0,1,0,0,0,0,0,0,58.0,0.0014076683974696776,156.2511921191342,CL13,AV.CARACAS;KR128,4.5547492,-74.09182735,1.0,20.302887282377046,,0.0,122.0,1.0
166283,10501169,-74.06413018,4.64577871900002,KR 13-CL 58 85,2019,Octubre,29,martes,19,35,Chapinero,Atropello,,,Con Heridos,0,0,0,0,0,0,1,0,0,1,0,0,0,0,0,0,0,0,0,0,0,1,1001930.0,0.0035977031506385943,399.345049720884,"TV25,DIAG53,KR24",CL57;CL45,4.6443781,-74.06744405,1.0,9.003281217666666,,0.0,120.0,1.0
166284,10501170,-74.106969288,4.55720263199998,CL 48P-KR 5ABIS S 02,2019,Octubre,28,lunes,17,26,San Cristóbal,Atropello,,,Con Heridos,0,0,0,0,1,1,1,0,0,0,0,0,0,0,0,0,0,0,0,0,0,0,39.0,0.010279959316515444,1141.0754841332143,AV.CARACAS,AV.P.MAYO;CL80,4.5552695,-74.11706585,0.0,15.869655459741379,,0.0,116.0,0.0
166285,10501171,-74.076240371,4.60861967400001,CL 19-KR 13A 43,2019,Octubre,28,lunes,13,50,Santa Fe,Caida de ocupante,,,Con Heridos,0,0,1,0,0,0,0,0,0,0,1,0,1,0,0,1,0,0,0,0,0,0,1000312.0,0.0017692176105384067,196.38315476976314,CL13,KR22;KR27,4.60703515,-74.07702739999999,1.0,16.82912715733871,,0.0,124.0,1.0
166286,10501172,-74.09952593,4.58558295799997,KR 17-CL 16 S 02,2019,Octubre,29,martes,11,5,Antonio Nariño,Atropello,,,Con Heridos,0,0,0,0,0,0,1,0,0,0,0,0,0,0,0,0,0,0,0,0,0,0,1000289.0,0.004017709033856167,445.9657027580346,AV.CARACAS,CL13;CL19,4.5821952,-74.09736605,1.0,15.077942666525423,,0.0,118.0,1.0
166287,10501173,-74.115770048,4.63973929600002,KR 68-CL 13 02,2019,Octubre,29,martes,14,5,Puente Aranda,Atropello,,,Con Heridos,0,0,0,0,0,1,1,0,0,0,0,0,0,0,0,0,0,0,0,0,0,0,32.0,0.004058148785626236,450.4545152045122,AV.AMERICAS;CL34,KR80;KR5,4.643723250000001,-74.11654250000001,1.0,19.733204435564517,,0.0,124.0,1.0
166288,10501174,-74.07394125,4.60694021500001,KR 10-CL 19 2,2019,Octubre,29,martes,18,20,Santa Fe,Atropello,,,Con Heridos,0,0,0,0,0,1,1,0,0,0,0,0,0,0,0,0,0,0,0,0,0,0,1000199.0,0.0012767719082575173,141.7216818165844,KR9,CL134:CL140,4.6071991,-74.072691,1.0,26.500270974,,0.0,120.0,1.0
166289,10501175,-74.115708143,4.51246598900002,CL 76A-KR 14 S 02,2019,Octubre,28,lunes,16,20,Usme,Atropello,,,Con Heridos,0,0,0,0,1,0,1,0,0,0,1,0,1,0,1,0,0,0,0,0,0,0,1001959.0,0.02237396865035182,2483.510520189052,"CL19,KR3",KR5;CL22,4.5343054,-74.1108466,0.0,12.186563513613445,,0.0,119.0,0.0
166290,10501176,-74.082299027,4.593388258,KR 10-CL 4 02,2019,Octubre,26,sábado,11,50,Santa Fe,Choque,Objeto Fijo,Tren,Solo Daños,0,0,0,0,0,1,0,0,0,0,0,0,0,0,0,0,0,0,0,0,0,0,1001961.0,0.0033040239110050545,366.74665412156105,CL22,KR1;KR3,4.5900896,-74.08211080000001,1.0,13.024139793688523,,0.0,122.0,1.0
166291,10501177,-74.087873138,4.67990660599997,CL 72-KR 68G 02,2019,Octubre,28,lunes,11,0,Engativá,Choque,Vehículo,,Solo Daños,0,0,0,0,0,0,0,0,0,1,1,0,1,0,0,1,0,0,0,0,0,1,1000190.0,0.0039895982180097635,442.84540219908376,KR9,CL140;CL147,4.67592,-74.08771865,1.0,29.1056480205042,,0.0,119.0,1.0
166292,10501178,-74.153948335,4.67790511800001,CL 13-KR 111 02,2019,Octubre,28,lunes,16,50,Fontibón,Choque,Vehículo,,Solo Daños,0,0,0,0,0,0,0,1,0,0,1,0,1,0,0,1,0,0,0,0,0,0,1000982.0,0.003495765949861261,388.0300204346,DIAG16,KR123;KR106,4.67875865,-74.15733829999999,1.0,26.359320701416667,,0.0,120.0,1.0
166293,10501179,-74.102219578,4.61654352900001,KR 38A-CL 10 2,2019,Octubre,27,domingo,15,40,Puente Aranda,Choque,Vehículo,,Solo Daños,0,0,0,0,0,0,0,0,0,0,0,0,0,0,0,0,0,0,0,0,0,0,101.0,0.0030523243123648583,338.80799867249925,KR24,CL80;CL63,4.615526,-74.09934185,1.0,14.848278612741934,,0.0,124.0,1.0
166294,10501180,-74.050485124,4.72485431500002,AV AVENIDA PASEO DE LOS LIBERTADORES-CL 142 02,2019,Octubre,26,sábado,15,43,Usaquén,Choque,Vehículo,,Solo Daños,0,1,0,0,0,0,0,0,0,0,0,0,0,0,0,0,0,0,0,0,0,0,1002024.0,0.004132797133075691,458.7404817714017,AUTONORTE,TOBERIN;SANTA.FE,4.7209002,-74.0516872,1.0,36.85341688048387,,0.0,124.0,1.0
166295,10501181,-74.032391349,4.69543784400003,KR 7-CL 118 2,2019,Octubre,27,domingo,12,55,Usaquén,Choque,Vehículo,,Solo Daños,0,0,0,0,0,0,0,0,0,0,0,0,0,0,0,0,0,0,0,0,0,0,1000184.0,0.009210941206080134,1022.4144738748948,KR15,CL94;CL100,4.704458949999999,-74.03053095,0.0,17.72354769298387,,0.0,124.0,0.0
166296,10501182,-74.048339666,4.73770694900003,AV AVENIDA PASEO DE LOS LIBERTADORES-CL 153 02,2019,Octubre,26,sábado,9,35,Usaquén,Choque,Vehículo,,Solo Daños,0,0,0,0,0,1,0,1,0,0,0,0,0,0,0,0,0,0,0,0,0,0,1000175.0,0.0035543058167963647,394.5279456643965,CL106,KR19;KR15,4.73962495,-74.05133205,1.0,14.798565793688525,,0.0,122.0,1.0
166297,10501183,-74.063405031,4.676444715,KR 30-CL 87 2,2019,Octubre,27,domingo,7,10,Barrios Unidos,Choque,Vehículo,,Solo Daños,0,0,0,0,0,0,0,0,0,1,0,0,0,0,0,0,0,0,0,0,0,1,1001046.0,0.004253745541658754,472.1657551241217,KR68,CL13;CL19,4.67945395,-74.0664115,1.0,15.779412896833332,,0.0,120.0,1.0
166298,10501184,-74.034700401,4.68871774799999,KR 7-CL 110 02,2019,Octubre,22,martes,9,20,Usaquén,Choque,Vehículo,,Solo Daños,0,0,0,0,0,0,0,0,0,0,0,0,0,0,0,0,0,0,0,0,0,0,1002017.0,0.010470626448466398,1162.2395357797702,AUTONORTE,ALCALA;PRADO,4.6892508,-74.04515745,0.0,34.59864603540322,,0.0,124.0,0.0
166299,10501558,-74.034383451,4.82442931999998,AV AVENIDA PASEO DE LOS LIBERTADORES-CL 252 02,2019,Octubre,31,jueves,9,48,Usaquén,Choque,Vehículo,,Solo Daños,0,0,0,0,0,0,0,0,0,0,1,0,1,0,0,1,0,0,0,0,0,0,35.0,0.04349717372424675,4828.186283391389,KR72,CL170;CL43AS,4.7881347000000005,-74.05835645,0.0,21.03311526266667,,0.0,120.0,0.0
166300,10501559,-74.054938146,4.70704897399997,CL 127-KR 45 02,2019,Octubre,31,jueves,10,30,Usaquén,Choque,Vehículo,,Solo Daños,0,1,0,0,0,0,0,1,0,0,0,0,0,0,0,0,0,0,0,0,0,0,1000970.0,0.0031979564151335535,354.9731620798244,CL34,KR19;AV.CARACAS,4.705220199999999,-74.0575616,1.0,10.681651870082645,,0.0,121.0,1.0
166301,10501560,-74.022672289,4.73824980099999,KR 7-CL 163A 02,2019,Octubre,31,jueves,9,7,Usaquén,Choque,Vehículo,,Solo Daños,0,0,0,0,0,0,0,1,0,0,0,0,0,0,0,0,0,0,0,0,0,0,1000081.0,0.00990283737732044,1099.214948882569,KR19,CL116;CL127,4.7391552,-74.03253365,0.0,19.2850238352459,,0.0,122.0,0.0
166302,10501561,-74.126677706,4.56679630899998,AV AVENIDA CARACAS-AC 51 S 2,2019,Octubre,31,jueves,4,50,Tunjuelito,Choque,Objeto Fijo,Semaforo,Con Muertos,0,0,0,0,0,1,1,1,0,0,1,1,1,0,0,0,1,0,0,0,0,0,67.0,0.011780878277025612,1307.677488749843,CL11SUR,AV.CARACAS;KR6_ESTE,4.5782967,-74.12412230000001,0.0,31.469587989833332,,0.0,120.0,0.0
166307,10501566,-74.118361081,4.588946701,KR 27-CL 32 S 2,2019,Octubre,31,jueves,13,40,Antonio Nariño,Choque,Vehículo,,Con Heridos,0,1,0,0,0,1,0,0,0,0,0,0,0,0,0,0,0,0,0,0,0,0,1000328.0,0.007538892163732287,836.8170301742838,AV.P.MAYO,AV.CARACAS;DIAG19SUR,4.5827155,-74.12260455,0.0,9.211898011854839,,0.0,124.0,0.0
166313,10501572,-74.071635487,4.598304719,KR 4-CL 12B 2,2019,Octubre,31,jueves,23,30,Candelaria,Choque,Vehículo,,Con Heridos,0,0,0,0,1,1,0,0,0,0,0,0,0,0,0,0,0,0,0,0,0,0,1000052.0,0.002132648220246534,236.7239524473653,CL116,KR11;KR19,4.6003184,-74.07093315,1.0,27.741307059833332,,0.0,120.0,1.0
166316,10501575,-74.072601712,4.61555162500002,AV AVENIDA CARACAS-CL 26 2,2019,Octubre,31,jueves,18,10,Santa Fe,Atropello,,,Con Heridos,0,0,0,0,0,0,1,0,0,0,0,0,0,0,0,0,0,0,0,0,0,0,1000020.0,0.0032872473146451295,364.88445192560937,KR7,CL79;CL76,4.618767350000001,-74.07328369999999,1.0,15.56523028858407,,0.0,113.0,1.0
166318,10501577,-74.134395546,4.66368333000003,CL 19A-KR 87B 02,2019,Octubre,31,jueves,12,0,Fontibón,Choque,Vehículo,,Solo Daños,0,0,0,0,0,0,0,0,0,0,0,0,0,0,0,0,0,0,0,0,0,0,1001016.0,0.0017547560042827785,194.7779164753884,KR72,CL127;CL75,4.6623088,-74.13330475000001,1.0,27.86710079895161,,0.0,124.0,1.0
166323,10501582,-74.075755089,4.60847972699997,KR 13A-CL 19 02,2019,Octubre,31,jueves,16,16,Santa Fe,Choque,Vehículo,,Solo Daños,0,1,0,0,0,0,0,0,0,0,0,0,0,0,0,0,0,0,0,0,0,0,1000653.0,0.0018659497751924818,207.12042504636548,AV.CIRCUNVALAR,KR7;CL83,4.6066223,-74.07557695,1.0,21.457683596166664,,0.0,120.0,1.0
166514,10498804,-74.119544579,4.63622036800001,KR 68-CL 12A 02,2019,Octubre,3,jueves,8,10,Puente Aranda,Choque,Vehículo,,Solo Daños,0,0,0,0,0,0,0,0,0,0,1,0,0,0,0,0,0,0,0,0,1,0,1000745.0,0.001980623102382835,219.8491643644947,CL6,KR32;KR36,4.6343731,-74.12025905,1.0,36.551911630080646,,0.0,124.0,1.0
166515,10498805,-74.045147051,4.74391210599998,CL 163A-KR 21 02,2019,Octubre,3,jueves,6,31,Usaquén,Choque,Vehículo,,Solo Daños,0,0,0,0,0,0,0,0,0,0,0,0,0,0,0,0,0,0,0,0,0,0,1000175.0,0.007525551089332401,835.3361709158966,CL106,KR19;KR15,4.73962495,-74.05133205,0.0,19.879526926293103,,0.0,116.0,0.0
166516,10498806,-74.095898764,4.69489577100001,CL 76-KR 76 02,2019,Octubre,3,jueves,8,22,Engativá,Choque,Vehículo,,Solo Daños,1,0,0,0,0,0,0,0,0,0,0,0,0,0,0,0,0,0,0,0,0,0,1000282.0,0.004369608487281133,485.0265420882057,CL170,KR58;AV.BOYACA,4.6924967,-74.09224664999999,1.0,27.759583703833336,,0.0,120.0,1.0
166517,10498807,-74.069920122,4.60755923599999,CL 22-KR 5 98,2019,Octubre,3,jueves,12,29,Candelaria,Choque,Vehículo,,Solo Daños,0,0,0,0,0,0,0,0,0,0,0,0,0,0,0,0,0,0,0,0,0,0,2.0,0.0025628160525152225,284.4725818291897,KR7,CL32;CL188,4.60499885,-74.0700317,1.0,21.11840818078261,,0.0,115.0,1.0
166518,10498809,-74.115016065,4.614603241,CL 3-KR 50 02,2019,Octubre,3,jueves,15,0,Puente Aranda,Choque,Vehículo,,Solo Daños,0,0,0,0,0,0,0,0,0,1,0,0,0,0,0,0,0,0,0,0,0,1,1000332.0,0.0022852451927300303,253.66221639303336,CL11SUR,KR7;KR10,4.6123352,-74.11529594999999,1.0,14.403710307177418,,0.0,124.0,1.0
166519,10498810,-74.070175128,4.60450401899999,CL 19-KR 5 2,2019,Octubre,3,jueves,12,34,Candelaria,Choque,Vehículo,,Solo Daños,0,0,0,0,0,0,0,0,0,0,1,0,0,0,0,0,0,0,0,0,0,0,2.0,0.0005151983208000178,57.18701360880197,KR7,CL32;CL188,4.60499885,-74.0700317,1.0,21.11840818078261,,0.0,115.0,1.0
166520,10498811,-74.086345607,4.630503476,CL 25B-KR 36 02,2019,Octubre,3,jueves,12,55,Teusaquillo,Choque,Vehículo,,Solo Daños,0,0,0,0,0,0,0,0,0,0,1,0,1,0,0,1,0,0,0,0,0,0,1001256.0,0.0016930781829083649,187.9316783028285,CL19,KR17;KR27,4.631448499999999,-74.0877504,1.0,14.742478577790697,,0.0,86.0,1.0
166521,10498812,-74.188843295,4.631215123,KR 89B-CL 56F S 02,2019,Octubre,3,jueves,14,11,Bosa,Choque,Vehículo,,Solo Daños,0,0,0,0,0,0,0,0,0,0,1,0,1,0,1,0,0,0,0,0,0,0,76.0,0.017640245347614537,1958.0672335852137,KR86,CL57BSUR;KR91,4.616729,-74.1989096,0.0,15.364381362857143,,0.0,119.0,0.0
166522,10498813,-74.093165437,4.697728235,CL 80-KR 76 2,2019,Octubre,3,jueves,8,50,Engativá,Choque,Vehículo,,Solo Daños,0,1,0,0,0,0,0,0,0,0,0,0,0,0,0,0,0,0,0,0,0,0,1000282.0,0.005311603148541085,589.5879494880604,CL170,KR58;AV.BOYACA,4.6924967,-74.09224664999999,0.0,27.759583703833336,,0.0,120.0,0.0
166523,10498814,-74.049169283,4.73282430699999,KR 45-CL 151 02,2019,Octubre,3,jueves,14,10,Usaquén,Choque,Vehículo,,Solo Daños,0,0,0,0,0,0,0,0,0,0,0,0,0,0,0,0,0,0,0,0,0,0,1001008.0,0.004162681258281533,462.0576196692502,CL63,KR72;KR77A,4.72933775,-74.05144345,1.0,11.939552391370968,,0.0,124.0,1.0
166524,10498815,-74.04590966,4.667161507,KR 7-CL 86 02,2019,Octubre,3,jueves,14,20,Chapinero,Choque,Vehículo,,Solo Daños,0,0,0,0,0,0,0,1,0,1,0,0,0,0,0,0,0,0,0,0,0,1,1000191.0,0.0052042860636702035,577.6757530673926,KR9,CL161;CL147,4.67150165,-74.04878155,0.0,25.263703253916667,,0.0,120.0,0.0
166525,10498816,-74.093448253,4.69752198899999,CL 80-KR 76 2,2019,Octubre,3,jueves,13,10,Engativá,Choque,Vehículo,,Solo Daños,0,0,0,0,0,0,0,0,0,0,1,0,0,0,0,0,0,0,0,0,0,0,1000282.0,0.0051669506774363275,573.5315251954323,CL170,KR58;AV.BOYACA,4.6924967,-74.09224664999999,0.0,26.78411343180328,,0.0,122.0,0.0
166526,10498817,-74.033564203,4.71288661900002,CL 134-KR 9 02,2019,Octubre,3,jueves,16,50,Usaquén,Choque,Vehículo,,Solo Daños,0,1,0,0,0,0,0,1,0,0,0,0,0,0,0,0,0,0,0,0,0,0,137.0,0.00334319792688995,371.0949698847844,KR15,CL106;CL100,4.7144441,-74.03652245,1.0,13.4300035525,,0.0,120.0,1.0
166528,10498819,-74.103298541,4.653672675,AK 68-CL 26 2,2019,Octubre,4,viernes,21,45,Teusaquillo,Atropello,,,Con Muertos,0,0,0,0,0,1,1,0,0,0,0,0,0,0,0,0,0,0,0,0,0,0,4.0,0.0005247437609897462,58.24655746986183,CL72,KR7;KR86,4.65391245,-74.10376529999999,1.0,15.6984947,,0.0,117.0,1.0
166529,10498820,-74.059415689,4.707500616,CL 127-KR 51 02,2019,Octubre,1,martes,5,40,Suba,Choque,Vehículo,,Solo Daños,0,0,0,0,0,1,0,0,0,1,0,0,0,0,0,0,0,0,0,0,0,1,1000970.0,0.0029390377937344205,326.2331951045207,CL34,KR19;AV.CARACAS,4.705220199999999,-74.0575616,1.0,18.197871342131148,,0.0,122.0,1.0
166530,10498821,-74.065298027,4.742532364,AV AVENIDA BOYACA-CL 153 02,2019,Octubre,2,miércoles,7,0,Suba,Choque,Vehículo,,Solo Daños,0,0,0,0,0,0,0,0,0,0,1,0,0,0,0,0,0,0,0,0,1,0,8.0,0.007748365178025022,860.0685347607774,KR15,CL127;CL106,4.735977800000001,-74.0694302,0.0,12.70184556231405,,0.0,121.0,0.0
166531,10498822,-74.037600576,4.76456273100001,CL 187-KR 16 2,2019,Octubre,2,miércoles,11,28,Usaquén,Choque,Vehículo,,Solo Daños,0,0,0,0,0,0,0,0,0,0,1,0,1,0,0,1,0,0,0,0,1,0,1000088.0,0.007156956062732941,794.4221229633565,KR19,CL159;CL152,4.7601672,-74.03195245,0.0,17.598266988455283,,0.0,123.0,0.0
166532,10498823,-74.104314414,4.62555753599997,CL 13-KR 47 14,2019,Octubre,2,miércoles,11,30,Puente Aranda,Choque,Vehículo,,Solo Daños,0,0,0,0,0,0,0,1,0,1,0,0,0,0,0,0,0,0,0,0,0,1,1000769.0,0.0017033341272954952,189.07008812979998,NQS,KR67;KR62B,4.62567005,-74.1026148,1.0,16.088430361932772,,0.0,119.0,1.0
166533,10498824,-74.113471037,4.59372529299998,AK 30-CL 27A S 03,2019,Octubre,2,miércoles,16,20,Puente Aranda,Volcamiento,,,Solo Daños,0,0,0,0,0,1,0,0,0,0,0,0,0,0,0,0,0,0,0,0,0,0,66.0,0.0029628009658667622,328.87090721121064,CL11SUR,KR6_ESTE;AV.CARACAS,4.5966778,-74.1137178,1.0,15.273366617166666,,0.0,120.0,1.0
166534,10498825,-74.133502441,4.64927047200001,CL 13-KR 78 2,2019,Octubre,2,miércoles,7,15,Fontibón,Choque,Vehículo,,Solo Daños,0,0,0,0,0,0,0,0,0,0,0,0,0,0,0,0,0,0,0,0,0,0,143.0,0.0007343555744085649,81.5134687593507,TV.2B.ESTE,KR11SUR;KR3E,4.6487659,-74.134036,1.0,10.672393767235773,,0.0,123.0,1.0
166536,10498827,-74.13646183,4.61512807100002,AV AVENIDA PRIMERO DE MAYO-KR 70 2,2019,Octubre,3,jueves,12,10,Kennedy,Choque,Vehículo,,Solo Daños,0,0,0,0,0,0,0,1,0,0,1,0,1,0,0,1,0,0,0,0,0,0,90.0,0.0016955067819943946,188.2012528013778,CL24,KR86;AV.AMERICAS,4.61621555,-74.13776265,1.0,17.374400575772356,,0.0,123.0,1.0
166537,10498828,-74.073888895,4.60682303200002,CL 19-KR 10 2,2019,Octubre,3,jueves,16,30,Santa Fe,Choque,Vehículo,,Solo Daños,0,0,0,0,0,0,0,1,0,0,0,0,0,0,0,0,0,0,0,0,0,0,1000199.0,0.0012555395539806966,139.36489049185732,KR9,CL134:CL140,4.6071991,-74.072691,1.0,32.420317674416665,,0.0,120.0,1.0
166538,10498829,-74.106772543,4.579062695,AV AVENIDA CARACAS-CL 27 S 02,2019,Octubre,3,jueves,11,32,Antonio Nariño,Choque,Vehículo,,Solo Daños,0,0,0,0,0,1,0,0,0,0,0,0,0,0,0,0,0,0,0,0,0,0,1000314.0,0.005494739667232928,609.916103062855,CL19,KR5;KR10,4.5844906000000005,-74.10762695,0.0,9.722691517264957,,0.0,117.0,0.0
166539,10499194,-74.131423409,4.53822763300002,AV AVENIDA BOYACA-CL 72 04,2019,Octubre,7,lunes,11,30,Ciudad Bolívar,Choque,Vehículo,,Solo Daños,0,1,0,0,0,0,0,0,0,0,0,0,0,0,0,0,0,0,0,0,0,0,1001959.0,0.02094729052477031,2325.1492482495046,"CL19,KR3",KR5;CL22,4.5343054,-74.1108466,0.0,13.54232562512195,,0.0,123.0,0.0
166540,10499195,-74.124522924,4.65186188799998,AV AVENIDA BOYACA-CL 19 02,2019,Octubre,7,lunes,19,30,Fontibón,Choque,Vehículo,,Solo Daños,0,1,0,0,0,0,0,0,0,0,1,0,0,0,0,0,0,0,0,0,0,0,1000775.0,0.00234194920250549,259.9563614781094,CL17,KR128;KR123,4.65006275,-74.1260222,1.0,17.706845352155174,,0.0,116.0,1.0
166541,10499196,-74.14427671,4.604221757,TR 72F-CL 40 S 2,2019,Octubre,7,lunes,7,27,Kennedy,Choque,Vehículo,,Solo Daños,0,0,0,0,0,1,0,0,0,0,0,0,0,0,0,0,0,0,0,0,0,0,1000291.0,0.003717409945850956,412.6325039894561,AV.CARACAS,CL6;CL13,4.60253905,-74.14096194999999,1.0,15.666131533140495,,0.0,121.0,1.0
166542,10499197,-74.046262202,4.75672683699997,AK 45-CL 176 2,2019,Octubre,3,jueves,4,30,Usaquén,Choque,Vehículo,,Solo Daños,0,1,0,0,0,0,0,0,0,0,1,0,1,0,1,0,0,0,0,0,0,0,1000087.0,0.004508439489392359,500.43678332255183,KR19,CL147;CL152,4.7597534,-74.04960375,1.0,31.25147412686441,,0.0,118.0,1.0
166543,10499198,-74.072122822,4.608220813,KR 9-CL 21 38,2019,Octubre,7,lunes,16,20,Santa Fe,Choque,Vehículo,,Solo Daños,0,0,0,0,0,0,0,0,0,1,0,0,0,0,0,0,0,0,0,0,0,1,1000199.0,0.0011690695847823814,129.76672391084432,KR9,CL134:CL140,4.6071991,-74.072691,1.0,32.420317674416665,,0.0,120.0,1.0
166544,10499199,-74.102897667,4.74887749999999,KR 113C-CL 143A 2,2019,Octubre,7,lunes,9,40,Suba,Choque,Vehículo,,Solo Daños,0,0,0,0,0,1,0,0,0,0,0,0,0,0,0,0,0,0,0,0,0,0,1000951.0,0.010067626134370754,1117.5065009151538,AV.SUBA,CL127;HUMEDAL.CORDOBA,4.7388854,-74.1016668,0.0,27.65612551080645,,0.0,124.0,0.0
166545,10499200,-74.033641275,4.69369030500002,CL 116-KR 7 02,2019,Octubre,7,lunes,19,18,Usaquén,Choque,Vehículo,,Solo Daños,0,0,0,0,0,0,0,0,0,1,0,0,0,0,0,0,0,0,0,0,0,1,1000184.0,0.011208828517787655,1244.1799654744298,KR15,CL94;CL100,4.704458949999999,-74.03053095,0.0,15.868556298017243,,0.0,116.0,0.0
166546,10499201,-74.123160682,4.59401331700002,AV AVENIDA DEL SUR-CL 38A S 2,2019,Octubre,4,viernes,18,0,Puente Aranda,Volcamiento,,,Solo Daños,0,0,0,0,0,0,0,0,0,0,0,0,0,0,0,0,0,0,0,0,0,0,1000955.0,0.005428129106276502,602.5223307966917,AV.P.MAYO,KR52A;KR69B,4.59631235,-74.1280779,0.0,17.479559694621848,,0.0,119.0,0.0
166547,10499202,-74.089290199,4.72413941500002,CL 129ABIS-KR 91 2,2019,Octubre,7,lunes,5,50,Suba,Choque,Objeto Fijo,Semaforo,Solo Daños,0,1,0,0,0,0,0,0,0,0,0,0,0,0,0,0,0,0,0,0,0,0,1000736.0,0.000731383072168626,81.18352101071748,CL100,AV.SUBA;KR49,4.7234155,-74.08939445,1.0,40.00452962163934,,0.0,122.0,1.0
166548,10499203,-74.0542452,4.68124180299998,KR 30-CL 94 2,2019,Octubre,7,lunes,8,0,Chapinero,Choque,Vehículo,,Solo Daños,0,1,0,0,0,0,0,1,0,0,0,0,0,0,0,0,0,0,0,0,0,0,1000035.0,0.0011531409569376886,127.99864622008343,AUTONORTE,CL80;CL82,4.6801407,-74.0545877,1.0,15.915203139672132,,0.0,122.0,1.0
166549,10499204,-74.11219271,4.64348636800003,KR 68-CL 19 02,2019,Octubre,7,lunes,15,6,Puente Aranda,Choque,Vehículo,,Solo Daños,0,1,0,0,0,0,0,0,0,0,0,0,0,0,0,0,0,0,0,0,0,0,1000029.0,0.0015532003203328362,172.40523555694483,CL72,KR7;KR11,4.6439399,-74.11070720000001,1.0,11.269281492177418,,0.0,124.0,1.0
166550,10499205,-74.143768549,4.62860517000001,CL 5-KR 74 2,2019,Octubre,4,viernes,8,11,Kennedy,Choque,Vehículo,,Solo Daños,0,0,0,0,0,0,0,0,0,0,0,0,0,0,0,0,0,0,0,0,0,0,1000961.0,0.002305175198017285,255.87444697991862,CL72,KR24;KR55,4.627228499999999,-74.1419196,1.0,23.468626495241935,,0.0,124.0,1.0
166551,10499206,-74.103298541,4.653672675,KR 68-CL 26 2,2019,Octubre,1,martes,10,30,Teusaquillo,Choque,Vehículo,,Solo Daños,0,0,0,0,0,0,0,1,0,0,0,0,0,0,0,0,0,0,0,0,0,0,4.0,0.0005247437609897462,58.24655746986183,CL72,KR7;KR86,4.65391245,-74.10376529999999,1.0,13.953286752857142,,0.0,119.0,1.0
166552,10499207,-74.064575268,4.605197003,CL 26-KR 3 E 02,2019,Octubre,7,lunes,8,7,Santa Fe,Choque,Vehículo,,Solo Daños,0,0,0,0,0,0,0,0,0,1,0,0,0,0,0,0,0,0,0,0,0,1,2.0,0.005460028826119948,606.0631996993143,KR7,CL32;CL188,4.60499885,-74.0700317,0.0,21.02646955009091,,0.0,110.0,0.0
166553,10499208,-74.154053059,4.63236137299998,KR 80-CL 2 51,2019,Octubre,8,martes,1,30,Kennedy,Choque,Vehículo,,Solo Daños,0,1,0,0,0,0,0,0,0,0,0,0,0,0,0,0,0,0,0,0,0,0,148.0,0.005336886278404595,592.39437690291,AV.CL59SUR,KR81A;CL59SUR,4.6285372,-74.1577757,0.0,44.178803068,,0.0,5.0,0.0
166554,10499209,-74.054285511,4.68119817199999,KR 30-CL 94 2,2019,Octubre,7,lunes,12,11,Chapinero,Choque,Vehículo,,Solo Daños,0,0,0,0,0,0,0,0,0,0,0,0,0,0,0,0,0,0,0,0,0,0,1000035.0,0.0010998023560996404,122.07806152706009,AUTONORTE,CL80;CL82,4.6801407,-74.0545877,1.0,18.18738909153226,,0.0,124.0,1.0
166555,10499210,-74.056667762,4.67083376900001,CL 85-KR 17 02,2019,Octubre,7,lunes,17,10,Chapinero,Choque,Vehículo,,Solo Daños,0,0,0,0,0,0,0,1,0,1,0,0,0,0,0,0,0,0,0,0,0,1,1000098.0,0.0071124397636779845,789.4808137682563,KR9,CL165;CL161,4.67476105,-74.0507379,0.0,23.963524765333332,,0.0,120.0,0.0
166556,10499211,-74.069637622,4.59349524800001,AV AVENIDA CIRCUNVALAR-CL 10 2,2019,Octubre,7,lunes,7,30,Santa Fe,Choque,Vehículo,,Solo Daños,0,0,0,0,0,0,0,0,0,1,1,0,1,0,0,1,0,0,0,0,0,1,1000028.0,0.006793675925670123,754.0980277493836,KR11,CL94;CL92,4.58677215,-74.0686609,0.0,17.841669829024394,,0.0,123.0,0.0
166557,10499212,-74.089375649,4.671960662,KR 68-CL 66 2,2019,Octubre,5,sábado,17,10,Barrios Unidos,Choque,Vehículo,,Solo Daños,0,0,0,0,0,0,0,1,0,0,0,0,0,0,0,0,0,0,0,0,0,0,1000659.0,0.003428286814803649,380.53983644320505,AV.CIRCUNVALAR,CL69;CL59,4.66861515,-74.08862685,1.0,40.419061465714286,,0.0,119.0,1.0
166558,10499213,-74.099998611,4.58608541000001,KR 18-CL 16 S 02,2019,Octubre,7,lunes,21,18,Antonio Nariño,Choque,Vehículo,,Solo Daños,0,0,0,0,0,0,0,0,0,0,1,0,1,0,0,1,0,0,0,0,0,0,1000286.0,0.0037528527188204854,416.5666517890739,AV.CARACAS,CL24;CL19,4.5897272000000005,-74.10090485,1.0,23.218197943620687,,0.0,116.0,1.0
166559,10499214,-74.081140367,4.627151357,AK 30-CL 26 02,2019,Octubre,7,lunes,13,5,Teusaquillo,Choque,Vehículo,,Solo Daños,0,0,0,0,0,0,0,0,0,1,0,0,0,0,0,0,0,0,0,0,0,1,1002036.0,0.004039172699917379,448.3481696908291,CL26,GOBERNACION;KR40,4.629466150000001,-74.08445045,1.0,34.073560384354835,,0.0,124.0,1.0
166560,10499215,-74.074543576,4.696393946,CL 102A-KR 70B 2,2019,Octubre,7,lunes,10,53,Suba,Choque,Vehículo,,Solo Daños,0,0,0,0,0,0,0,0,0,0,0,0,0,0,0,0,0,0,0,0,0,0,1000996.0,0.0023632291780090525,262.31843875900483,CL80,KR102;KR96,4.69436975,-74.0757632,1.0,15.658821856826924,,0.0,104.0,1.0
166561,10499216,-74.053192926,4.665833792,CL 82-KR 11 18,2019,Octubre,6,domingo,11,40,Chapinero,Choque,Vehículo,,Solo Daños,0,0,0,0,0,0,0,0,0,0,0,0,0,0,0,0,0,0,0,0,0,0,1000986.0,0.0019983153145438277,221.81299991436487,CL80,KR69H;KR58,4.6638357,-74.0532228,1.0,32.230529144067795,,0.0,118.0,1.0
166562,10499217,-74.101960804,4.63384113500001,KR 50-CL 20 02,2019,Octubre,7,lunes,9,10,Puente Aranda,Choque,Vehículo,,Solo Daños,0,0,0,0,0,0,0,0,0,1,0,0,0,0,0,0,0,0,0,0,0,1,1001303.0,0.006222718307344645,690.7217321152556,KR27,CL1B;AV.P.MAYO,4.63106945,-74.09638945,0.0,23.825025485930233,,0.0,86.0,0.0
166563,10499218,-74.164731255,4.59602534499999,AV AVENIDA DEL SUR-KR 72 2,2019,Octubre,6,domingo,0,40,Bosa,Choque,Vehículo,,Solo Daños,0,0,0,0,0,1,0,0,0,0,0,0,0,0,0,0,0,0,0,0,0,0,1001946.0,0.000264650091728827,29.3761601818998,"AV.P.MAYO,CL26SUR",KR72;KR78K,4.5960945,-74.1644758,1.0,33.82416867991667,,0.0,120.0,1.0
166564,10499591,-74.124299738,4.67323056499998,AV AVENIDA CIUDAD DE CALI-CL 24C 02,2019,Octubre,11,viernes,9,31,Fontibón,Choque,Vehículo,,Solo Daños,0,0,0,0,0,0,0,0,0,0,0,0,0,0,0,0,0,0,0,0,0,0,3.0,0.0041349972440528964,458.9846940898715,CL72,KR65;KR7,4.669261949999999,-74.12546090000001,1.0,12.46953906217742,,0.0,124.0,1.0
166565,10499592,-74.07875635,4.59020154299998,CL 6-KR 6 02,2019,Octubre,11,viernes,15,15,Candelaria,Choque,Vehículo,,Solo Daños,0,0,0,0,0,0,0,0,0,0,0,0,0,0,0,0,0,0,0,0,0,0,1001961.0,0.003356317332697684,372.5512239294429,CL22,KR1;KR3,4.5900896,-74.08211080000001,1.0,12.957478922580647,,0.0,124.0,1.0
166566,10499593,-74.097566538,4.60671217700002,KR 30-CL 6A 2,2019,Octubre,11,viernes,16,45,Los Mártires,Choque,Vehículo,,Solo Daños,0,0,0,0,0,1,0,0,0,0,0,0,0,0,0,0,0,0,0,0,0,0,1001001.0,0.0014350005971521865,159.2850662838927,CL24,KR40;AV.AMERICAS,4.60802425,-74.09814765,1.0,12.724495134033614,,0.0,119.0,1.0
166567,10499594,-74.104128251,4.64650416199999,CL 24-KR 64 02,2019,Octubre,11,viernes,20,30,Teusaquillo,Choque,Vehículo,,Solo Daños,0,1,0,0,0,0,0,0,0,1,0,0,0,0,0,0,0,0,0,0,0,1,1000681.0,0.0024184288911806343,268.4456069210504,KR27,CL30S;AV.P.MAYO,4.6489081,-74.10439260000001,1.0,21.98482666916667,,0.0,120.0,1.0
166568,10499595,-74.072379591,4.651108115,KR 24-CL 63 02,2019,Octubre,11,viernes,6,15,Barrios Unidos,Choque,Vehículo,,Solo Daños,0,0,0,0,0,0,0,0,0,0,0,0,0,0,0,0,0,0,0,0,0,0,1000689.0,0.0012863716363783783,142.787251638,KR50,CL17;CL24,4.6516616,-74.07354079999999,1.0,20.272638785431035,,0.0,116.0,1.0
166569,10499596,-74.128656111,4.60876911700001,AK 68-CL 26 S 2,2019,Octubre,11,viernes,16,5,Puente Aranda,Choque,Vehículo,,Solo Daños,0,0,0,0,0,0,0,0,0,0,1,0,1,0,0,1,0,0,0,0,0,0,1000757.0,0.0012110155628313438,134.42272747427916,AV.P.MAYO,KR69B;KR72,4.607809,-74.12791805,1.0,16.758932917166668,,0.0,120.0,1.0
166570,10499597,-74.047040881,4.71912313500002,CL 134A-KR 19 02,2019,Octubre,11,viernes,19,21,Usaquén,Choque,Vehículo,,Solo Daños,0,0,0,0,0,0,0,0,0,0,0,0,0,0,0,0,0,0,0,0,0,0,1002021.0,0.0020293472128146963,225.2575406224313,AUTONORTE,CARDIO.INFANTIL;CL146,4.7190752,-74.04501210000001,1.0,44.84414573991667,,0.0,120.0,1.0
166571,10499598,-74.171797045,4.61347708300002,AV AVENIDA PRIMERO DE MAYO-KR 79 02,2019,Octubre,11,viernes,20,10,Kennedy,Choque,Vehículo,,Solo Daños,0,0,0,0,0,0,0,0,0,1,0,0,0,0,0,0,0,0,0,0,0,1,149.0,0.01323975426095604,1469.6127229661204,AV.CL59SUR,CL59SUR;KR81A,4.6025243,-74.1792353,0.0,21.11411562375,,0.0,8.0,0.0
166573,10499600,-74.097684815,4.60729177100001,KR 30-CL 6 2,2019,Octubre,11,viernes,14,0,Puente Aranda,Choque,Vehículo,,Solo Daños,0,0,0,0,0,0,0,0,0,0,1,0,1,0,0,1,1,0,0,0,0,0,1001001.0,0.0008664535317363758,96.17634202273771,CL24,KR40;AV.AMERICAS,4.60802425,-74.09814765,1.0,13.115038196416666,,0.0,120.0,1.0
166574,10499601,-74.112088652,4.51524656599997,KR 8D-CL 75 S 02,2019,Octubre,11,viernes,9,47,Usme,Choque,Vehículo,,Solo Daños,0,1,0,0,0,0,0,0,0,0,0,0,0,0,0,0,0,0,0,0,0,0,1001959.0,0.01909926298607874,2120.0181914547397,"CL19,KR3",KR5;CL22,4.5343054,-74.1108466,0.0,13.472533129596775,,0.0,124.0,0.0
166575,10499602,-74.116862412,4.61070994599999,KR 50-CL 1G 02,2019,Octubre,12,sábado,20,35,Puente Aranda,Atropello,,,Con Muertos,0,0,0,0,0,1,1,1,0,0,0,0,0,0,0,0,0,0,0,0,0,0,1001009.0,0.0009508814539002567,105.5478413829285,CL63,KR77A;KR72,4.61135975,-74.1161682,1.0,15.792482205555556,,0.0,117.0,1.0
166576,10499603,-74.101493004,4.54782772700003,CL 48-KR 1 S 14,2019,Octubre,14,lunes,13,15,San Cristóbal,Atropello,,,Con Muertos,0,0,0,0,0,0,1,1,0,0,1,0,1,0,1,0,0,0,0,0,0,0,58.0,0.01188829911034716,1319.6012012485348,CL13,AV.CARACAS;KR128,4.5547492,-74.09182735,0.0,18.157956319919354,,0.0,124.0,0.0
166577,10499604,-74.122431761,4.72348310000001,AC 80-KR 114 63,2019,Octubre,14,lunes,21,15,Engativá,Volcamiento,,,Con Muertos,0,0,0,0,0,1,0,0,0,0,0,0,0,0,0,0,0,0,0,0,0,0,103.0,0.01450549229320803,1610.1096445460914,DIAG16,KR129;CL17,4.71384325,-74.1332707,0.0,30.15388987733333,,0.0,120.0,0.0
166578,10499605,-74.08040867,4.61485970699999,CL 22-KR 19 2,2019,Octubre,11,viernes,18,2,Los Mártires,Choque,Vehículo,,Solo Daños,0,0,0,0,0,0,0,0,0,0,0,0,0,0,0,0,0,0,0,0,0,0,1001974.0,0.0029281576877253734,325.02550333751645,NQS,CL18;CAD,4.6119977500000005,-74.07978955,1.0,30.12777977055046,,0.0,109.0,1.0
166579,10499606,-74.079508013,4.63859772699999,AK 30-CL 48 30,2019,Octubre,13,domingo,5,18,Teusaquillo,Choque,Vehículo,,Con Muertos,0,0,0,0,0,1,0,0,0,0,0,0,0,0,0,0,0,0,0,0,0,0,15.0,0.0026091514687971683,289.6158130364857,CL94,KR7;KR15,4.640764750000001,-74.07805485,1.0,21.12488028375,,0.0,120.0,1.0
166580,10499607,-74.091649322,4.65054938899999,CL 53-KR 58 02,2019,Octubre,11,viernes,17,41,Teusaquillo,Choque,Vehículo,,Con Heridos,0,0,0,0,0,1,0,0,0,0,0,0,0,0,0,0,0,0,0,0,0,0,1001040.0,0.003062744951319063,339.964689596416,AV.AMERICAS,KR62;KR69F,4.6489479,-74.09426,1.0,31.578056345916664,,0.0,120.0,1.0
166581,10499608,-74.111302331,4.602426847,KR 36-CL 8 02,2019,Octubre,11,viernes,17,30,Puente Aranda,Choque,Vehículo,,Con Heridos,0,0,0,0,0,1,0,0,0,0,0,0,0,0,0,0,0,0,0,0,0,0,1001004.0,0.002811734401212431,312.1025185345799,CL24,KR54;KR50,4.6041864,-74.1091092,1.0,39.13974705508474,,0.0,118.0,1.0
166582,10499609,-74.119841447,4.64310846400002,CL 17-KR 68D 2,2019,Octubre,11,viernes,12,55,Fontibón,Choque,Vehículo,,Con Heridos,0,0,0,0,0,1,0,1,0,0,0,0,0,0,0,0,0,0,0,0,0,0,1002297.0,0.0008464041056381523,93.95085572583491,KR70C,CL63SUR;KR51,4.64263125,-74.11914239999999,1.0,22.65998637625,,0.0,8.0,1.0
166583,10499610,-74.129136101,4.62696338299997,KR 69B-CL 5 2,2019,Octubre,11,viernes,17,35,Kennedy,Choque,Vehículo,,Con Heridos,0,0,0,0,0,1,0,0,0,1,0,0,0,0,0,0,0,0,0,0,0,1,49.0,0.00177876530896973,197.44294929564003,CL53,KR68;KR7,4.62874205,-74.1291174,1.0,13.725265533333333,,0.0,120.0,1.0
166584,10499611,-74.156042268,4.61660903799998,AV AVENIDA PRIMERO DE MAYO-CL 41 S 02,2019,Octubre,11,viernes,14,30,Kennedy,Choque,Vehículo,,Con Heridos,0,1,0,0,0,0,0,1,0,0,0,0,0,0,0,0,0,0,0,0,0,0,1001027.0,0.0053816830846054944,597.3668223912099,KR72,CL3;CL9,4.611398400000001,-74.15469625,0.0,9.571385213539822,,0.0,113.0,0.0
166585,10499612,-74.140040087,4.71113287600002,CL 64-KR 116C 02,2019,Octubre,11,viernes,5,40,Engativá,Choque,Vehículo,,Solo Daños,0,0,0,0,0,0,0,0,0,0,1,0,1,0,0,1,0,0,0,0,0,0,103.0,0.007291826079632726,809.3926948392326,DIAG16,KR129;CL17,4.71384325,-74.1332707,0.0,30.51246988401639,,0.0,122.0,0.0
166586,10499613,-74.102139892,4.65508765999999,KR 68-CL 44 2,2019,Octubre,11,viernes,18,45,Barrios Unidos,Choque,Vehículo,,Solo Daños,0,0,0,0,0,0,0,0,0,0,1,0,1,0,0,1,0,0,0,0,0,0,4.0,0.0020057591357201332,222.6392640649348,CL72,KR7;KR86,4.65391245,-74.10376529999999,1.0,10.749618021166667,,0.0,120.0,1.0
166587,10499614,-74.115161913,4.713357336,CL 80-KR 104 02,2019,Octubre,11,viernes,10,55,Engativá,Choque,Vehículo,,Solo Daños,0,0,0,0,0,0,0,0,0,0,1,0,1,0,1,0,0,0,0,0,0,0,1000723.0,0.015151956341598107,1681.86715391739,KR86,CL10;AV.AMERICAS,4.6984233,-74.11772245,0.0,11.837601530999999,,0.0,120.0,0.0
166588,10499615,-74.126837056,4.71207955800003,CL 71C-KR 111 02,2019,Octubre,11,viernes,14,8,Engativá,Choque,Vehículo,,Con Heridos,0,0,0,0,0,1,0,1,0,0,1,0,1,0,1,0,0,0,0,0,0,0,103.0,0.006671010762205637,740.4821946048257,DIAG16,KR129;CL17,4.71384325,-74.1332707,0.0,22.15878106048387,,0.0,124.0,0.0
166589,10499980,-74.123108099,4.641324338,CL 13-KR 68D 40,2019,Octubre,15,martes,14,55,Fontibón,Choque,Vehículo,,Solo Daños,0,0,0,0,0,0,0,0,0,1,1,0,0,0,0,0,0,0,0,0,0,1,1002297.0,0.004175498477367654,463.48033098780957,KR70C,CL63SUR;KR51,4.64263125,-74.11914239999999,1.0,23.6899319175,,0.0,8.0,1.0
166590,10499981,-74.075161862,4.61061107900002,CL 22-KR 13A 55,2019,Octubre,15,martes,9,50,Santa Fe,Choque,Vehículo,,Solo Daños,0,0,0,0,0,0,0,0,0,1,0,0,0,0,0,0,0,0,0,0,0,1,41.0,0.0004961120758377914,55.06844041799484,CL39,KR7;AV.CARACAS,4.61057625,-74.07565675000001,1.0,10.086509132786885,,0.0,122.0,1.0
166591,10499982,-74.108599486,4.75282856699999,KR 128-CL 144 02,2019,Octubre,16,miércoles,15,0,Suba,Choque,Vehículo,,Solo Daños,0,0,0,0,0,0,0,0,0,1,0,0,0,0,0,0,0,0,0,0,0,1,1000951.0,0.015571577992104542,1728.4451571236043,AV.SUBA,CL127;HUMEDAL.CORDOBA,4.7388854,-74.1016668,0.0,32.04318722056452,,0.0,124.0,0.0
166592,10499983,-74.071171379,4.70601898899997,AV AVENIDA SUBA-CL 120 02,2019,Octubre,15,martes,21,0,Suba,Choque,Vehículo,,Solo Daños,0,0,0,0,0,0,0,0,0,1,0,0,0,0,0,0,0,0,0,0,0,1,1000969.0,0.0007877545870414025,87.44075916159568,"CL34,AV.AMERICAS",KR19;KR28,4.706773350000001,-74.07094445000001,1.0,19.202820582583335,,0.0,120.0,1.0
166593,10499984,-74.059135781,4.657579048,CL 72-KR 11 41,2019,Octubre,15,martes,9,0,Chapinero,Choque,Vehículo,,Solo Daños,0,0,0,0,0,0,0,1,0,0,0,0,0,0,0,0,0,0,0,0,0,0,1000096.0,0.003969983546352892,440.66817364517095,KR7,CL162;CL153,4.654590349999999,-74.05652265,1.0,21.958763305948274,,0.0,116.0,1.0
166594,10499985,-74.079915344,4.75571771199998,KR 92-CL 159A 02,2019,Octubre,16,miércoles,18,40,Suba,Choque,Vehículo,,Solo Daños,0,0,0,0,0,1,0,0,0,0,0,0,0,0,0,0,0,0,0,0,0,0,1001055.0,0.0030418286842779493,337.64298395485235,KR68,AV.SUBA;KR64,4.753758749999999,-74.0822424,1.0,13.07372165975,,0.0,120.0,1.0
166595,10499986,-74.125808812,4.64517150500001,KR 71D-CL 12C 60,2019,Octubre,15,martes,21,11,Kennedy,Choque,Vehículo,,Solo Daños,0,0,0,0,0,0,0,0,0,0,0,0,0,0,0,0,0,0,0,0,0,0,1000774.0,0.0040683083143256355,451.58222289014554,CL17,KR123;KR128,4.648816999999999,-74.12400285,1.0,21.59571039824561,,0.0,114.0,1.0
166596,10499987,-74.1055,4.65879999999999,KR 69-CL 44 35,2019,Octubre,15,martes,11,40,Engativá,Choque,Vehículo,,Solo Daños,0,0,0,0,0,0,0,0,0,0,0,0,0,0,0,0,0,0,0,0,0,0,72.0,0.0018087618589687547,200.77256634553177,CL76,KR7;KR15,4.6575472,-74.10680465,1.0,10.45227097090909,,0.0,121.0,1.0
166597,10499988,-74.086270194,4.58301682000001,KR 8-CL 7 S 02,2019,Octubre,16,miércoles,14,0,San Cristóbal,Choque,Vehículo,,Solo Daños,0,0,0,0,0,0,0,0,0,0,0,0,0,0,0,0,0,0,0,0,0,0,104.0,0.004728094444041496,524.818483288606,CL80,AV.CARACAS;KR119,4.5855397,-74.08227145000001,1.0,19.383628054435484,,0.0,124.0,1.0
166598,10499989,-74.15856187,4.58283247600002,CL 68-KR 51 S 02,2019,Octubre,15,martes,19,30,Ciudad Bolívar,Choque,Vehículo,,Solo Daños,0,1,0,0,0,0,0,1,0,0,0,0,0,0,0,0,0,0,0,0,0,0,1002276.0,0.00033839347495129486,37.56167571959373,AV.VILLAVICENCIO,CL57BSUR;AV.P.MAYO,4.5824943,-74.158574,1.0,25.366739581250002,,0.0,8.0,1.0
166599,10499990,-74.12898555,4.611752147,KR 68C-CL 22 S 02,2019,Octubre,16,miércoles,15,22,Kennedy,Choque,Vehículo,,Solo Daños,0,0,0,0,0,1,0,0,0,0,0,0,0,0,0,0,0,0,0,0,0,0,1000298.0,0.0014287756989052815,158.59410257848626,CL6,AV:CARACAS;KR19,4.61244345,-74.12773515,1.0,15.336894487258064,,0.0,124.0,1.0
166600,10499991,-74.177470988,4.59708734999998,AV AVENIDA DEL SUR-CL 59 S 02,2019,Octubre,16,miércoles,13,50,Bosa,Choque,Vehículo,,Solo Daños,0,0,0,0,0,0,0,1,0,0,1,0,0,0,0,0,0,0,0,0,0,0,149.0,0.005716049521835632,634.4814969237551,AV.CL59SUR,CL59SUR;KR81A,4.6025243,-74.1792353,0.0,25.57615745875,,0.0,8.0,0.0
166601,10499992,-74.078587745,4.64796789799999,KR 30-CL 58 02,2019,Octubre,15,martes,17,45,Teusaquillo,Choque,Vehículo,,Solo Daños,0,0,0,0,0,1,0,0,0,0,0,0,0,0,0,0,0,0,0,0,0,0,1000701.0,0.0011009323995668542,122.20349635192082,KR50,CL5A;CL2C,4.647378,-74.07951729999999,1.0,21.16810459837607,,0.0,117.0,1.0
166602,10499993,-74.11566506,4.67251712500001,CL 26-KR 75 02,2019,Octubre,16,miércoles,7,33,Fontibón,Choque,Vehículo,,Solo Daños,0,0,0,0,0,0,0,0,0,1,1,0,1,0,0,1,0,0,0,0,0,1,1000320.0,0.003621143082187314,401.94688212279186,KR72,CL169B;CL163,4.67551385,-74.11363225,1.0,21.63546345520325,,0.0,123.0,1.0
166603,10499994,-74.08191009,4.62570875,KR 30-CL 25 2,2019,Octubre,15,martes,10,30,Los Mártires,Choque,Vehículo,,Solo Daños,0,0,0,0,0,1,0,0,0,0,0,0,0,0,0,0,0,0,0,0,0,0,1002036.0,0.004535579752320908,503.4493525076208,CL26,GOBERNACION;KR40,4.629466150000001,-74.08445045,1.0,24.213109549752065,,0.0,121.0,1.0
166604,10499995,-74.072883779,4.66139293499998,CL 68-KR 28 02,2019,Octubre,15,martes,17,35,Barrios Unidos,Choque,Objeto Fijo,Semaforo,Solo Daños,0,0,0,0,1,0,0,1,0,0,0,0,0,0,0,0,0,0,0,0,0,0,136.0,0.004325547463442146,480.1357684420782,"KR50,CL13",CL17;KR56,4.6570739,-74.07312105,1.0,17.367106749255317,,0.0,94.0,1.0
166605,10499996,-74.05786853,4.67971392800001,DG 92-TR 23 02,2019,Octubre,16,miércoles,19,50,Chapinero,Choque,Vehículo,,Solo Daños,0,0,0,0,0,0,0,0,0,1,0,0,0,0,0,0,0,0,0,0,0,1,1.0,0.0021639560515801307,240.1991217253945,KR7,CL188;CL32,4.6793199,-74.05574075,1.0,19.199127123274337,,0.0,113.0,1.0
166606,10499997,-74.103298541,4.653672675,KR 68-CL 26 2,2019,Octubre,15,martes,10,46,Teusaquillo,Choque,Vehículo,,Solo Daños,0,0,0,0,0,0,0,0,0,0,0,0,0,0,0,0,0,0,0,0,0,0,4.0,0.0005247437609897462,58.24655746986183,CL72,KR7;KR86,4.65391245,-74.10376529999999,1.0,13.953286752857142,,0.0,119.0,1.0
166607,10499998,-74.151,4.68369999999999,CL 26-KR 113 02,2019,Octubre,16,miércoles,16,58,Fontibón,Choque,Vehículo,,Solo Daños,0,0,0,0,0,0,0,0,0,0,0,0,0,0,0,0,0,0,0,0,0,0,95.0,0.006341783019399913,703.9379151533903,AV.SUBA,KR94;SAN.MARTIN,4.68681675,-74.15652305,0.0,26.07602606658333,,0.0,120.0,0.0
166608,10499999,-74.068232388,4.603223684,CL 19-KR 3 02,2019,Octubre,15,martes,18,36,Santa Fe,Choque,Vehículo,,Solo Daños,0,0,0,0,0,0,0,0,0,0,1,0,1,0,0,1,0,0,0,0,0,0,2.0,0.0025275953000654045,280.5630783072599,KR7,CL32;CL188,4.60499885,-74.0700317,1.0,15.805571844117647,,0.0,102.0,1.0
166609,10500000,-74.105841412,4.68583657400001,CL 66-KR 78 10,2019,Octubre,16,miércoles,23,20,Engativá,Choque,Vehículo,,Solo Daños,0,0,0,0,0,0,0,0,0,1,0,0,0,0,0,0,0,0,0,0,1,1,1000748.0,0.006873518837465735,762.9605909586966,KR68,CL3;CL13,4.692486049999999,-74.1041008,0.0,44.79812897058824,,0.0,119.0,0.0
166610,10500001,-74.041430899,4.67450073200001,KR 7-CL 94 02,2019,Octubre,15,martes,12,0,Chapinero,Choque,Vehículo,,Solo Daños,0,0,0,0,0,0,0,1,0,0,0,0,0,0,0,0,0,0,0,0,0,0,1000191.0,0.00793892706645717,881.2209043767458,KR9,CL161;CL147,4.67150165,-74.04878155,0.0,21.957882133583333,,0.0,120.0,0.0
166611,10500002,-74.078287652,4.59091556099997,KR 6-CL 6 2,2019,Octubre,16,miércoles,0,50,Candelaria,Choque,Vehículo,,Solo Daños,0,0,0,0,0,1,0,0,0,0,0,0,0,0,0,0,0,0,0,0,0,0,1001961.0,0.003911351710527514,434.16003986855407,CL22,KR1;KR3,4.5900896,-74.08211080000001,1.0,25.910841176914893,,0.0,94.0,1.0
166612,10500003,-74.109121277,4.52897146499998,CL 68A-KR 1A SE 02,2019,Octubre,16,miércoles,15,10,Usme,Choque,Vehículo,,Solo Daños,0,0,0,0,0,0,0,1,0,1,0,0,0,0,0,0,0,0,0,0,0,1,1001959.0,0.005606032646959344,622.2696238124872,"CL19,KR3",KR5;CL22,4.5343054,-74.1108466,0.0,14.21875559733871,,0.0,124.0,0.0
166613,10500004,-74.143328512,4.55286206900001,DG 65A-KR 18 S 02,2019,Octubre,15,martes,13,6,Ciudad Bolívar,Choque,Vehículo,,Solo Daños,0,0,0,0,0,0,0,0,0,0,1,0,1,0,0,1,0,0,0,0,0,0,56.0,0.023443366853774076,2602.2137207689225,CL6,AV.CARACAS;KR42,4.574981,-74.13556034999999,0.0,15.84550426766129,,0.0,124.0,0.0
166614,10500375,-74.057214005,4.68739177499998,KR 45-CL 100 2,2019,Octubre,21,lunes,20,50,Usaquén,Otro,,,Con Heridos,0,0,0,0,0,0,0,0,0,0,1,0,1,1,0,0,0,1,0,0,0,0,1000036.0,0.004467193985988696,495.8585324447452,AUTONORTE,CL82;CL80,4.6830666,-74.05833145,1.0,23.697473706083333,,0.0,120.0,1.0
166615,10500376,-74.092389106,4.743727675,CL 145-KR 101 2,2019,Octubre,20,domingo,14,59,Suba,Caida de ocupante,,,Con Heridos,0,0,0,0,0,0,0,0,0,0,1,0,1,1,0,0,0,1,0,0,0,0,1002030.0,0.0017681310253416112,196.26254381291884,AV.SUBA,21.ANGELES;CL136,4.742438,-74.09117954999999,1.0,43.06799753362903,,0.0,124.0,1.0
166616,10500377,-74.0991639,4.74193736199999,CL 139-KR 106 2,2019,Octubre,21,lunes,16,20,Suba,Atropello,,,Con Heridos,0,0,0,0,0,0,1,0,0,0,0,0,0,0,0,0,0,0,0,0,0,0,1000951.0,0.0039470217201625175,438.11941093803944,AV.SUBA,CL127;HUMEDAL.CORDOBA,4.7388854,-74.1016668,1.0,29.468748649000002,,0.0,120.0,1.0
166617,10500378,-74.160491222,4.57003682300001,KR 45-CL 70C S 02,2019,Octubre,21,lunes,9,25,Ciudad Bolívar,Atropello,,,Con Heridos,0,0,0,0,0,1,1,0,0,0,0,0,0,0,0,0,0,0,0,0,0,0,1002276.0,0.012604145088127003,1399.0601047820974,AV.VILLAVICENCIO,CL57BSUR;AV.P.MAYO,4.5824943,-74.158574,0.0,27.902266457499998,,0.0,8.0,0.0
166618,10500379,-74.101454607,4.57766726300002,KR 12DBIS-CL 24 S 2,2019,Octubre,18,viernes,22,55,San Cristóbal,Volcamiento,,,Con Heridos,0,0,0,0,0,1,0,0,0,0,0,0,0,0,0,0,0,0,0,0,0,0,117.0,0.003610249890256396,400.73773781846,CL57,AV.CARACAS;TV25,4.5777728,-74.09784590000001,1.0,15.779297288416666,,0.0,120.0,1.0
166619,10500380,-74.054000279,4.67785134299999,CL 93-KR 18 25,2019,Octubre,18,viernes,12,35,Chapinero,Choque,Vehículo,,Solo Daños,0,0,0,0,0,0,0,1,0,0,0,0,0,0,0,0,0,0,0,0,0,0,1.0,0.0022772568946297527,252.77551530390255,KR7,CL188;CL32,4.6793199,-74.05574075,1.0,16.27339944762712,,0.0,118.0,1.0
166620,10500381,-74.151,4.68369999999999,CL 26-KR 113 02,2019,Octubre,21,lunes,10,40,Fontibón,Volcamiento,,,Con Heridos,0,0,0,0,0,0,0,0,0,0,0,0,0,0,0,0,0,0,0,0,0,0,95.0,0.006341783019399913,703.9379151533903,AV.SUBA,KR94;SAN.MARTIN,4.68681675,-74.15652305,0.0,20.52115170057851,,0.0,121.0,0.0
166621,10500382,-74.042703759,4.77184770999997,KR 45-CL 192 02,2019,Octubre,19,sábado,11,10,Usaquén,Choque,Vehículo,,Solo Daños,0,1,0,0,0,0,0,1,0,0,0,0,0,0,0,0,0,0,0,0,0,0,1000087.0,0.013924159226876804,1545.5816741833253,KR19,CL147;CL152,4.7597534,-74.04960375,0.0,13.981938335916668,,0.0,120.0,0.0
166622,10500383,-74.073961847,4.67864616100002,KR 58-CL 80 2,2019,Octubre,18,viernes,23,58,Barrios Unidos,Choque,Vehículo,,Solo Daños,0,0,0,0,0,0,0,0,0,0,1,0,1,0,0,1,0,0,0,0,0,0,52.0,0.0015763832148877161,174.97853685253648,CL170,KR7;KR92,4.6777407,-74.07267145,1.0,36.240339797542376,,0.0,118.0,1.0
166623,10500384,-74.0745279,4.660049087,KR 28A-CL 66 2,2019,Octubre,20,domingo,6,50,Barrios Unidos,Choque,Vehículo,,Solo Daños,0,0,0,0,0,0,0,0,0,1,0,0,0,0,0,0,0,0,0,0,0,1,136.0,0.0032910430880638874,365.3057827750915,"KR50,CL13",CL17;KR56,4.6570739,-74.07312105,1.0,20.861603819583333,,0.0,96.0,1.0
166624,10500385,-74.178899135,4.63152873899998,KR 88C-CL 49A S 2,2019,Octubre,20,domingo,21,0,Bosa,Choque,Vehículo,,Solo Daños,0,0,0,0,0,0,0,0,0,0,1,0,1,0,0,1,0,0,0,0,0,0,1000981.0,0.01814869877156101,2014.5055636432721,DIAG16,KR90;KR97,4.6495069,-74.176417,0.0,39.92741409158334,,0.0,120.0,0.0
166625,10500386,-74.028135438,4.73723275100002,KR 8B-CL 161 02,2019,Octubre,19,sábado,21,10,Usaquén,Choque,Vehículo,,Solo Daños,0,0,0,0,0,1,0,0,0,0,0,0,0,0,0,0,0,0,0,0,0,0,1000081.0,0.004800008224414933,532.8009129100576,KR19,CL116;CL127,4.7391552,-74.03253365,1.0,15.815115082941176,,0.0,119.0,1.0
166626,10500387,-74.141001305,4.67681694999999,CL 22-KR 100 2,2019,Octubre,18,viernes,6,50,Fontibón,Choque,Vehículo,,Solo Daños,0,0,0,0,0,0,0,0,0,0,1,0,1,0,1,0,0,0,0,0,1,0,1001347.0,0.0024191180726653503,268.5221060658539,DIAG16,KR97;KR106,4.6757841,-74.14318885,1.0,21.918932889482758,,0.0,116.0,1.0
166627,10500388,-74.105583164,4.66999432300003,CL 53-KR 71A 02,2019,Octubre,19,sábado,23,30,Engativá,Choque,Vehículo,,Solo Daños,0,0,0,0,0,0,0,0,0,0,0,0,0,0,0,0,0,0,0,0,0,0,1002275.0,0.001840174296967849,204.25934696343123,CL153,KR54;KR56,4.6682687000000005,-74.10494405,1.0,29.6754212525,,0.0,4.0,1.0
166628,10500389,-74.140000652,4.537490918,KR 17-CL 79 S 02,2019,Octubre,19,sábado,19,10,Ciudad Bolívar,Choque,Vehículo,,Solo Daños,0,0,0,0,0,0,0,0,0,0,1,0,1,0,1,0,0,0,0,0,0,0,39.0,0.02901866848616049,3221.0722019638147,AV.CARACAS,AV.P.MAYO;CL80,4.5552695,-74.11706585,0.0,17.54174856008621,,0.0,116.0,0.0
166630,10500391,-74.077526499,4.60322139499999,CL 14-KR 12 2,2019,Octubre,18,viernes,9,37,Santa Fe,Choque,Vehículo,,Solo Daños,0,0,0,0,0,0,0,0,0,1,1,0,1,0,0,1,0,0,0,0,0,1,1000312.0,0.0038462744327352437,426.93646203361203,CL13,KR22;KR27,4.60703515,-74.07702739999999,1.0,21.483183402258064,,0.0,124.0,1.0
166631,10500392,-74.161255611,4.58850358400002,KR 70C-CL 63 S 2,2019,Octubre,20,domingo,15,15,Ciudad Bolívar,Choque,Vehículo,,Solo Daños,0,0,0,0,0,0,0,0,0,0,1,0,1,0,0,1,0,0,0,0,1,0,1002276.0,0.006580465921819149,730.4317173219256,AV.VILLAVICENCIO,CL57BSUR;AV.P.MAYO,4.5824943,-74.158574,0.0,22.6768116675,,0.0,8.0,0.0
166632,10500393,-74.140850588,4.57652667299999,AV AVENIDA BOYACA-KR 25 02,2019,Octubre,19,sábado,9,0,Tunjuelito,Choque,Vehículo,,Solo Daños,0,0,0,0,0,0,0,1,0,1,0,0,0,0,0,0,0,0,0,0,0,1,56.0,0.005511417523623048,611.7673451221583,CL6,AV.CARACAS;KR42,4.574981,-74.13556034999999,0.0,19.852581587903227,,0.0,124.0,0.0
166633,10500394,-74.130318408,4.68262879100001,KR 97-CL 24C 23,2019,Octubre,18,viernes,7,40,Fontibón,Choque,Vehículo,,Solo Daños,0,1,0,0,0,0,0,0,0,0,0,0,0,0,0,0,0,0,0,0,0,0,77.0,0.008253157348264423,916.1004656573509,KR68,AV.SUBA;NQS,4.6743954,-74.12974754999999,0.0,26.40556704723577,,0.0,123.0,0.0
166634,10500395,-74.093285489,4.63250527399998,CL 24A-KR 43A 02,2019,Octubre,19,sábado,7,3,Teusaquillo,Choque,Vehículo,,Solo Daños,0,0,0,0,0,0,0,0,0,1,0,0,0,0,0,0,0,0,0,0,0,1,1001303.0,0.0034199655624711665,379.61617743429946,KR27,CL1B;AV.P.MAYO,4.63106945,-74.09638945,1.0,26.541982505632184,,0.0,87.0,1.0
166635,10500396,-74.115770048,4.63973929600002,KR 68-CL 13 2,2019,Octubre,18,viernes,13,20,Puente Aranda,Choque,Vehículo,,Solo Daños,0,0,0,0,0,1,0,0,0,0,0,0,0,0,0,0,0,0,0,0,0,0,32.0,0.004058148785626236,450.4545152045122,AV.AMERICAS;CL34,KR80;KR5,4.643723250000001,-74.11654250000001,1.0,20.016871393387095,,0.0,124.0,1.0
166637,10500398,-74.109192407,4.58111589700002,CL 28-KR 20 S 2,2019,Octubre,19,sábado,0,19,San Cristóbal,Choque,Vehículo,,Solo Daños,0,0,0,0,0,0,0,0,0,0,1,0,0,0,0,0,0,0,0,0,1,0,1000314.0,0.0037201177342824836,412.93306850535566,CL19,KR5;KR10,4.5844906000000005,-74.10762695,1.0,24.2467336302521,,0.0,119.0,1.0
166638,10500399,-74.078833183,4.64142414499997,KR 30-CL 52 02,2019,Octubre,20,domingo,7,55,Teusaquillo,Choque,Vehículo,,Solo Daños,0,0,0,0,0,0,0,1,0,0,0,0,0,0,0,0,0,0,0,0,0,0,15.0,0.001020100007289899,113.2311008091788,CL94,KR7;KR15,4.640764750000001,-74.07805485,1.0,13.077340878699186,,0.0,123.0,1.0
166639,10500777,-74.111291643,4.63166472699999,CL 13-KR 58 54,2019,Octubre,24,jueves,6,11,Puente Aranda,Choque,Vehículo,,Solo Daños,0,0,0,0,0,1,0,0,0,0,0,0,0,0,0,0,0,0,0,0,0,0,133.0,0.002206172620749176,244.88516090315855,"AV.AMERICAS,KR50",KR62;CL5A,4.6297271,-74.11023675,1.0,25.00685340215517,,0.0,116.0,1.0
166640,10500778,-74.081074371,4.59512095299999,KR 10-CL 6 2,2019,Octubre,24,jueves,10,30,Santa Fe,Choque,Vehículo,,Solo Daños,0,0,0,0,0,0,0,0,0,0,1,0,0,0,0,0,0,0,0,0,0,0,1000258.0,0.004101863233315629,455.3068188980348,CL32,KR7;AV.CARACAS,4.595026300000001,-74.0769736,1.0,15.33658267371901,,0.0,121.0,1.0
166641,10500779,-74.099999458,4.68063646799999,AV AVENIDA BOYACA-CL 66 30,2019,Octubre,24,jueves,0,26,Engativá,Choque,Vehículo,,Solo Daños,0,0,1,0,0,0,0,0,0,0,0,0,0,0,0,0,0,0,0,0,0,0,1000197.0,0.005619727008152077,623.7896979048805,CL134,KR9;KR7,4.675439,-74.09786225,0.0,38.69431665677966,,0.0,118.0,0.0
166642,10500780,-74.139057517,4.5624186,AV AVENIDA BOYACA-CL 60 S 02,2019,Octubre,24,jueves,11,34,Ciudad Bolívar,Choque,Vehículo,,Solo Daños,0,0,0,0,0,0,0,0,0,0,0,0,0,0,0,0,0,0,0,0,0,0,56.0,0.013040094738380423,1447.450515960227,CL6,AV.CARACAS;KR42,4.574981,-74.13556034999999,0.0,17.94925906909836,,0.0,122.0,0.0
166643,10500781,-74.036294462,4.69645160099998,KR 11-CL 118 2,2019,Octubre,24,jueves,7,30,Usaquén,Choque,Vehículo,,Solo Daños,0,0,0,0,0,0,0,0,0,0,0,0,0,0,0,0,0,0,0,0,0,0,1000184.0,0.009865886102234786,1095.1133573480613,KR15,CL94;CL100,4.704458949999999,-74.03053095,0.0,22.021588384308945,,0.0,123.0,0.0
166644,10500782,-74.062756121,4.733691308,KR 58-CL 147 02,2019,Octubre,24,jueves,9,50,Suba,Choque,Vehículo,,Solo Daños,0,0,0,0,0,0,0,1,0,0,0,0,0,0,0,0,0,0,0,0,0,0,1000062.0,0.0062382015719810524,692.4403744898968,KR15,CL92;CL94,4.7303056,-74.0679956,0.0,11.195625813709677,,0.0,124.0,0.0
166645,10500783,-74.038045831,4.742269136,CL 163A-KR 16 2,2019,Octubre,24,jueves,11,10,Usaquén,Choque,Vehículo,,Solo Daños,0,0,0,0,0,0,0,0,0,0,0,0,0,0,0,0,0,0,0,0,0,0,1000081.0,0.006330934906383157,702.7337746085304,KR19,CL116;CL127,4.7391552,-74.03253365,0.0,14.481210207622953,,0.0,122.0,0.0
166646,10500784,-74.124908877,4.56203615099997,KR 12C-CL 51 S 2,2019,Octubre,24,jueves,7,30,Rafael Uribe Uribe,Choque,Vehículo,,Solo Daños,0,1,0,0,0,0,0,0,0,0,1,0,0,0,0,0,0,0,0,0,0,0,39.0,0.010358602139189085,1149.8048374499886,AV.CARACAS,AV.P.MAYO;CL80,4.5552695,-74.11706585,0.0,15.574897892416667,,0.0,120.0,0.0
166647,10500785,-74.075714955,4.63596540899999,CL 45C-KR 25 02,2019,Octubre,24,jueves,10,0,Teusaquillo,Choque,Vehículo,,Solo Daños,0,0,0,0,0,0,0,0,0,0,0,0,0,0,0,0,0,0,0,0,0,0,1000010.0,0.0006757602794575829,75.0093910197917,KR7,CL112;CL116,4.63540275,-74.0753407,1.0,23.386103906697247,,0.0,109.0,1.0
166648,10500786,-74.142870379,4.65314051299998,KR 86-CL 12 2,2019,Octubre,24,jueves,4,0,Kennedy,Volcamiento,,,Solo Daños,0,0,0,0,0,0,0,0,0,0,0,0,0,0,0,0,0,0,0,0,0,0,1001019.0,0.0035039534506807516,388.93883302556344,KR72,CL75;CL66A,4.65133785,-74.1398657,1.0,56.577058983131316,,0.0,99.0,1.0
166649,10500787,-74.126769497,4.56462740400002,CL 52-KR 13C S 2,2019,Octubre,24,jueves,23,10,Tunjuelito,Choque,Vehículo,,Solo Daños,0,0,0,0,0,0,0,0,0,1,0,0,0,0,0,0,0,0,0,0,0,1,39.0,0.013480768983040445,1496.3653571174893,AV.CARACAS,AV.P.MAYO;CL80,4.5552695,-74.11706585,0.0,25.061648071452993,,0.0,117.0,0.0
166650,10500788,-74.169197716,4.64269118099998,KR 91A-CL 38 S 02,2019,Octubre,24,jueves,7,3,Kennedy,Choque,Vehículo,,Solo Daños,0,0,0,0,0,0,0,0,0,0,1,0,1,0,0,1,0,0,0,0,0,0,1000981.0,0.009928347644997199,1102.046588594689,DIAG16,KR90;KR97,4.6495069,-74.176417,0.0,37.86135810268293,,0.0,123.0,0.0
166651,10500789,-74.113545743,4.65766425300001,CL 24-KR 69D 2,2019,Octubre,24,jueves,22,50,Fontibón,Choque,Vehículo,,Solo Daños,0,0,0,0,0,0,0,0,0,1,1,0,0,0,0,0,0,0,0,0,0,1,1000196.0,0.006201447083596266,688.3606262791856,CL134,KR7;KR9,4.6586908000000005,-74.10742985,0.0,31.114087601666665,,0.0,120.0,0.0
166652,10500790,-74.161430095,4.60980646600001,DG 44-KR 77W S 02,2019,Octubre,24,jueves,12,30,Kennedy,Choque,Vehículo,,Solo Daños,0,1,0,0,0,0,0,0,0,0,0,0,0,0,0,0,0,0,0,0,0,0,57.0,0.005363660242522362,595.3662869199821,CL6,KR42;AV.CARACAS,4.60480905,-74.15948209999999,0.0,15.377563344596773,,0.0,124.0,0.0
166653,10500791,-74.032016392,4.71251664099998,CL 134-KR 7B 2,2019,Octubre,24,jueves,13,0,Usaquén,Choque,Vehículo,,Solo Daños,0,0,0,0,0,0,0,0,0,1,0,0,0,0,0,0,0,0,0,0,0,1,137.0,0.004900985298504449,544.0093681339938,KR15,CL106;CL100,4.7144441,-74.03652245,1.0,11.841351264274193,,0.0,124.0,1.0
166654,10500792,-74.099567972,4.64745945700002,AC 26-KR 60 2,2019,Octubre,24,jueves,21,30,Barrios Unidos,Choque,Vehículo,,Solo Daños,0,0,0,0,0,0,0,0,0,0,0,0,0,0,0,0,0,0,0,0,1,0,1000004.0,0.004477220524684104,496.97147823993555,KR7,CL127;CL134,4.6511129,-74.09697994999999,1.0,33.81897621191919,,0.0,99.0,1.0
166655,10500793,-74.052483533,4.705138385,CL 125-KR 21A 63,2019,Octubre,25,viernes,1,40,Usaquén,Choque,Vehículo,,Solo Daños,0,0,0,0,0,0,0,0,0,0,0,0,0,0,0,0,0,0,0,0,0,0,18.0,0.004247660227928263,471.4902853000372,CL85,KR15;KR7,4.7093504,-74.0519344,1.0,18.211086656607144,,0.0,112.0,1.0
166656,10500794,-74.053295102,4.71228344100001,KR 45-CL 128 2,2019,Octubre,24,jueves,20,40,Usaquén,Choque,Vehículo,,Solo Daños,0,0,0,0,0,0,0,1,0,1,0,0,0,0,0,0,0,0,0,0,0,1,18.0,0.0032333016315496616,358.89648110201244,CL85,KR15;KR7,4.7093504,-74.0519344,1.0,9.61146047075,,0.0,120.0,1.0
166657,10500796,-74.084151602,4.556174204,CL 32B-KR 9B SE 2,2019,Octubre,24,jueves,23,54,San Cristóbal,Choque,Vehículo,,Solo Daños,0,0,0,0,0,0,0,0,0,1,1,0,1,0,0,1,0,0,0,0,0,1,58.0,0.007806903596143253,866.5662991719012,CL13,AV.CARACAS;KR128,4.5547492,-74.09182735,0.0,33.63826822260504,,0.0,119.0,0.0
166659,10500798,-74.119199968,4.532934619,KR 14-CL 65C S 2,2019,Octubre,24,jueves,23,7,Usme,Choque,Vehículo,,Solo Daños,0,0,0,0,0,0,0,0,0,0,1,0,1,0,1,0,0,0,0,0,0,0,1001959.0,0.00846509288155855,939.6253098529991,"CL19,KR3",KR5;CL22,4.5343054,-74.1108466,0.0,21.796157668235292,,0.0,119.0,0.0
166660,10500799,-74.111255258,4.60158030999997,CL 9-KR 35A S 38,2019,Octubre,24,jueves,6,50,Puente Aranda,Choque,Objeto Fijo,Tren,Solo Daños,0,0,0,0,0,0,0,0,0,0,0,0,0,0,0,0,0,0,0,0,0,0,1000696.0,0.003049957911453674,338.5453281713578,CL13,KR68;KR65,4.6000906,-74.11391665,1.0,31.445887550512822,,0.0,117.0,1.0
166661,10500800,-74.05132325,4.72408214000001,AK 45-CL 138 49,2019,Octubre,25,viernes,0,40,Usaquén,Choque,Objeto Fijo,Arbol,Con Heridos,0,0,0,0,0,1,0,0,0,0,0,0,0,0,0,0,0,0,0,0,0,0,1002024.0,0.003202686648139149,355.4982179434455,AUTONORTE,TOBERIN;SANTA.FE,4.7209002,-74.0516872,1.0,69.4883502437931,,0.0,116.0,1.0
166663,10501185,-74.105654598,4.69595418099999,AV AVENIDA CIUDAD DE CALI-CL 72 02,2019,Octubre,24,jueves,7,0,Engativá,Choque,Vehículo,,Solo Daños,0,1,0,0,0,0,0,0,0,0,0,0,0,0,0,0,0,0,0,0,0,0,1000759.0,0.002027890812962339,225.09588023881963,KR80,CL26SUR;CL38CSUR,4.69774235,-74.10469815,1.0,22.286592414878047,,0.0,123.0,1.0
166664,10501186,-74.046500979,4.75160983299997,KR 45-CL 170 02,2019,Octubre,26,sábado,14,42,Usaquén,Choque,Vehículo,,Solo Daños,0,1,0,0,0,0,0,0,0,0,0,0,0,0,0,0,0,0,0,0,0,0,1000087.0,0.008714635469280268,967.3245370901097,KR19,CL147;CL152,4.7597534,-74.04960375,0.0,12.226753778852459,,0.0,122.0,0.0
166665,10501187,-74.076125053,4.68639996500002,AK 68-CL 95 2,2019,Octubre,27,domingo,19,45,Barrios Unidos,Choque,Vehículo,,Solo Daños,0,0,0,0,0,1,0,0,0,0,0,0,0,0,0,0,0,0,0,0,0,0,1001209.0,0.0024264019202056837,269.3306131428309,NQS,KR68;KR62B,4.688212200000001,-74.0745116,1.0,17.84298222516667,,0.0,120.0,1.0
166666,10501188,-74.087647368,4.67435908700003,KR 68-CL 67C 02,2019,Octubre,26,sábado,9,40,Barrios Unidos,Choque,Vehículo,,Solo Daños,0,0,0,0,0,0,0,0,0,0,0,0,0,0,0,0,0,0,0,0,0,0,1000190.0,0.0015625397649328954,173.4419139075514,KR9,CL140;CL147,4.67592,-74.08771865,1.0,31.637451684274193,,0.0,124.0,1.0
166667,10501189,-74.024227456,4.766990771,KR 4-CL 190 2,2019,Octubre,27,domingo,15,10,Usaquén,Choque,Vehículo,,Solo Daños,0,0,1,0,0,0,0,0,0,1,0,0,0,0,0,0,0,0,0,0,0,1,1000088.0,0.010307116642984058,1144.0899473712304,KR19,CL159;CL152,4.7601672,-74.03195245,0.0,18.59869608419355,,0.0,124.0,0.0
166668,10501190,-74.09404082,4.64823264,CL 44-KR 58 02,2019,Octubre,26,sábado,11,55,Teusaquillo,Choque,Vehículo,,Solo Daños,0,0,0,0,0,0,0,1,0,1,0,0,0,0,0,0,0,0,0,0,0,1,1001040.0,0.0007480887246848099,83.0378484400139,AV.AMERICAS,KR62;KR69F,4.6489479,-74.09426,1.0,39.87293190991804,,0.0,122.0,1.0
166669,10501191,-74.105073826,4.60566476100001,KR 32C-CL 2B 02,2019,Octubre,28,lunes,15,40,Puente Aranda,Choque,Objeto Fijo,Tren,Solo Daños,0,1,0,0,0,0,0,0,0,0,0,0,0,0,0,0,0,0,0,0,0,0,1000266.0,0.0015635370581561715,173.55261345533503,AV.CARACAS,CL45;CL53,4.60420345,-74.1056299,1.0,20.346306250254237,,0.0,118.0,1.0
166670,10501192,-74.051644061,4.698849688,CL 116-KR 20 2,2019,Octubre,27,domingo,15,33,Usaquén,Choque,Vehículo,,Solo Daños,0,0,0,0,0,0,0,0,0,0,0,0,0,0,0,0,0,0,0,0,0,0,1002011.0,0.0043975730058731346,488.1306036519179,AUTONORTE,PEPE.SIERRA;CL100,4.697067349999999,-74.05566425,1.0,40.243442044999995,,0.0,124.0,1.0
166671,10501193,-74.066311536,4.64339702400002,CL 56-KR 14 40,2019,Octubre,26,sábado,10,0,Teusaquillo,Choque,Vehículo,,Solo Daños,0,0,0,0,0,0,0,0,0,0,0,0,0,0,0,0,0,0,0,0,0,0,1001930.0,0.0014983651350538242,166.3185299909745,"TV25,DIAG53,KR24",CL57;CL45,4.6443781,-74.06744405,1.0,9.177611778512397,,0.0,121.0,1.0
166672,10501194,-74.090978832,4.62559999299998,AV AVENIDA DE LAS AMERICAS-KR 36 02,2019,Octubre,28,lunes,8,30,Teusaquillo,Choque,Vehículo,,Solo Daños,0,0,0,0,0,0,0,0,0,0,0,0,0,0,0,0,0,0,0,0,0,0,48.0,0.0020470841071820738,227.2263358972102,CL53,KR7;KR68,4.6257944,-74.088941,1.0,16.71029617701613,,0.0,124.0,1.0
166673,10501195,-74.102138259,4.75110790000002,CL 147A-KR 114 2,2019,Octubre,27,domingo,14,40,Suba,Choque,Vehículo,,Solo Daños,0,0,0,0,0,0,0,0,0,0,0,0,0,0,0,0,0,0,0,0,0,0,1001707.0,0.011237743071072488,1247.3894808890461,AV.SUBA,CL136;CL127,4.7425033,-74.09491,0.0,37.837008653629034,,0.0,124.0,0.0
166674,10501196,-74.079872611,4.60371211500001,AK 14-CL 13 02,2019,Octubre,28,lunes,16,0,Los Mártires,Choque,Vehículo,,Solo Daños,0,0,0,0,0,0,0,0,0,0,0,0,0,0,0,0,0,0,0,0,0,0,1001262.0,0.0026818608508236553,297.68655444142576,NQS,CL1F;AV.P.MAYO,4.6030451,-74.0824702,1.0,14.849065511583332,,0.0,120.0,1.0
166675,10501197,-74.047475875,4.74697333,KR 45-CL 165 02,2019,Octubre,28,lunes,19,20,Usaquén,Choque,Vehículo,,Solo Daños,0,0,0,0,0,0,0,0,0,1,0,0,0,0,0,0,0,0,0,0,0,1,1000175.0,0.008298721242155454,921.1580578792554,CL106,KR19;KR15,4.73962495,-74.05133205,0.0,15.057900854369747,,0.0,119.0,0.0
166676,10501198,-74.069124035,4.672726501,AK 30-CL 79 02,2019,Octubre,28,lunes,10,40,Barrios Unidos,Choque,Vehículo,,Solo Daños,0,0,0,0,0,0,0,0,0,0,0,0,0,0,0,0,0,0,0,0,0,0,1000203.0,0.002519737795769844,279.6908953304527,KR7,CL188;CL175,4.6708734,-74.0708314,1.0,17.22285500752066,,0.0,121.0,1.0
166677,10501199,-74.126409213,4.67090020400002,AK 86-CL 23D 02,2019,Octubre,29,martes,6,50,Fontibón,Choque,Vehículo,,Solo Daños,0,1,0,0,0,0,0,0,0,0,0,0,0,0,0,0,0,0,0,0,0,0,3.0,0.0018929272871781705,210.11492887677693,CL72,KR65;KR7,4.669261949999999,-74.12546090000001,1.0,17.00981607189655,,0.0,116.0,1.0
166678,10501200,-74.193583997,4.625178248,KR 88C-CL 63 S 02,2019,Octubre,29,martes,17,30,Bosa,Choque,Vehículo,,Solo Daños,0,0,0,0,0,1,0,0,0,0,1,0,1,0,0,1,0,0,0,0,0,0,76.0,0.009987584246402555,1108.6218513506838,KR86,CL57BSUR;KR91,4.616729,-74.1989096,0.0,15.516708954086956,,0.0,115.0,0.0
166679,10501201,-74.09338925,4.61237335700002,KR 30-CL 12 02,2019,Octubre,29,martes,8,0,Los Mártires,Choque,Vehículo,,Solo Daños,0,0,0,0,0,1,0,0,0,0,0,0,0,0,0,0,0,0,0,0,0,0,1000695.0,0.002050062121654857,227.5568955036891,CL13,KR65;KR68,4.61249245,-74.09543585,1.0,24.707938785161293,,0.0,124.0,1.0
166680,10501202,-74.0849,4.55349999999999,KR 9-CL 36G ES 2,2019,Octubre,27,domingo,7,50,San Cristóbal,Choque,Vehículo,,Solo Daños,0,0,0,0,0,0,0,1,0,0,0,0,0,0,0,0,0,0,0,0,0,0,58.0,0.007039082231548167,781.3381277018466,CL13,AV.CARACAS;KR128,4.5547492,-74.09182735,0.0,21.841745202250003,,0.0,120.0,0.0
166681,10501203,-74.077332632,4.642433697,CL 53-KR 28 02,2019,Octubre,26,sábado,17,30,Teusaquillo,Choque,Vehículo,,Solo Daños,0,1,0,0,0,0,0,1,0,0,0,0,0,0,0,0,0,0,0,0,0,0,15.0,0.0018185111845524509,201.85474148532205,CL94,KR7;KR15,4.640764750000001,-74.07805485,1.0,11.349607739579831,,0.0,119.0,1.0
166682,10501204,-74.089584801,4.616795465,KR 30-CL 18 02,2019,Octubre,29,martes,15,45,Los Mártires,Choque,Vehículo,,Solo Daños,0,0,0,0,0,1,0,0,0,0,0,0,0,0,0,0,0,0,0,0,0,0,1000700.0,0.0007888093075176159,87.55783313445536,CL13,KR56;KR47,4.616027750000001,-74.0894036,1.0,30.969009035744683,,0.0,94.0,1.0
166683,10501205,-74.081074371,4.59512095299999,KR 10-CL 6 2,2019,Octubre,27,domingo,20,45,Santa Fe,Choque,Vehículo,,Solo Daños,0,0,0,0,0,0,0,1,0,1,0,0,0,0,0,0,0,0,0,0,0,1,1000258.0,0.004101863233315629,455.3068188980348,CL32,KR7;AV.CARACAS,4.595026300000001,-74.0769736,1.0,16.88170477341667,,0.0,120.0,1.0
166684,10501206,-74.120317332,4.53369423700002,AV AVENIDA CARACAS-CL 65 S 02,2019,Octubre,26,sábado,14,0,Usme,Choque,Vehículo,,Solo Daños,0,0,0,0,0,0,0,0,0,0,1,0,1,1,0,0,0,1,0,0,0,0,1001959.0,0.009490431224570895,1053.4378659273693,"CL19,KR3",KR5;CL22,4.5343054,-74.1108466,0.0,12.12012095935484,,0.0,124.0,0.0
166685,10501207,-74.067866699,4.69426540000001,TR 60-CL 106B 02,2019,Octubre,29,martes,15,10,Suba,Choque,Vehículo,,Solo Daños,0,0,0,0,0,0,0,1,0,0,1,0,0,0,0,0,0,0,0,0,0,0,1001831.0,0.0024705382715399025,274.2297481409292,CL170,KR20;KR9,4.6937651,-74.07028604999999,1.0,23.90532176217742,,0.0,124.0,1.0
166686,10501208,-74.158259699,4.63900921700002,AK 86-CL 1B 02,2019,Octubre,26,sábado,9,21,Kennedy,Choque,Vehículo,,Solo Daños,0,0,0,0,0,0,0,0,0,0,0,0,0,0,0,0,0,0,0,0,0,0,148.0,0.010483195842905326,1163.6347385624913,AV.CL59SUR,KR81A;CL59SUR,4.6285372,-74.1577757,0.0,24.85604920875,,0.0,8.0,0.0
166687,10501209,-74.084159562,4.57893203200001,KR 5-CL 9 S 2,2019,Octubre,27,domingo,10,53,San Cristóbal,Choque,Vehículo,,Solo Daños,0,0,0,0,0,0,0,0,0,1,0,0,0,0,0,0,0,0,0,0,0,1,145.0,0.0024026402113524023,266.69306346011666,CL63,AV.CARACAS;KR24,4.57655,-74.08384555,1.0,11.403305286134454,,0.0,119.0,1.0
166688,10501210,-74.091607766,4.68727289600002,KR 70F-CL 73A 02,2019,Octubre,29,martes,20,0,Engativá,Choque,Vehículo,,Solo Daños,0,0,0,0,0,0,0,0,0,0,0,0,0,0,0,0,0,0,0,0,0,0,1001043.0,0.002030859753477346,225.4254326359854,AV.AMERICAS,KR80;KR74,4.6875312000000005,-74.08959340000001,1.0,37.195149460083336,,0.0,120.0,1.0
166689,10501583,-74.120879367,4.696505527,KR 98A-CL 65 02,2019,Octubre,1,martes,11,3,Engativá,Choque,Vehículo,,Solo Daños,0,0,0,0,0,1,0,1,0,1,0,0,0,0,0,0,0,0,0,0,0,1,1000723.0,0.0036937756055838516,410.00909221980754,KR86,CL10;AV.AMERICAS,4.6984233,-74.11772245,1.0,10.834986115086206,,0.0,116.0,1.0
166698,10501592,-74.041775053,4.778160254,KR 45-CL 200 2,2019,Octubre,30,miércoles,8,50,Usaquén,Choque,Vehículo,,Solo Daños,0,0,0,0,0,1,0,0,0,0,0,0,0,0,0,0,0,0,0,0,0,0,35.0,0.019350253214851367,2147.878106848502,KR72,CL170;CL43AS,4.7881347000000005,-74.05835645,0.0,22.247405963916666,,0.0,120.0,0.0
166745,10502355,-74.105637088,4.701703092,KR 89A-CL 75B 2,2019,Octubre,26,sábado,8,50,Engativá,Choque,Vehículo,,Con Heridos,0,0,0,0,0,1,0,0,0,1,0,0,0,0,0,0,0,0,0,0,0,1,1000759.0,0.00407051369711305,451.82702037954857,KR80,CL26SUR;CL38CSUR,4.69774235,-74.10469815,1.0,20.14625088185484,,0.0,124.0,1.0
166752,10502362,-74.060548423,4.70806711199998,CL 127-KR 52A 2,2019,Octubre,26,sábado,8,26,Suba,Choque,Vehículo,,Con Heridos,0,0,0,0,0,1,0,0,0,0,0,0,0,0,0,0,0,0,0,0,0,0,1000970.0,0.004126259755391575,458.01483284846483,CL34,KR19;AV.CARACAS,4.705220199999999,-74.0575616,1.0,10.351928503442622,,0.0,122.0,1.0
166909,10498831,-74.06048025,4.75669107800002,CL 170-KR 65 02,2019,Octubre,3,jueves,5,40,Suba,Choque,Objeto Fijo,Tren,Solo Daños,0,1,0,0,0,0,0,1,0,0,0,0,0,0,0,0,0,0,0,0,0,0,51.0,0.00440728947657449,489.2091318997684,CL169B;CL170,AV.BOYACA;KR7,4.7608736,-74.06186975,1.0,46.06616078967213,,0.0,122.0,1.0
166910,10498832,-74.127250368,4.64984566800001,CL 13-KR 72 2,2019,Octubre,3,jueves,21,30,Fontibón,Choque,Vehículo,,Solo Daños,0,1,0,0,0,0,0,0,0,0,0,0,0,0,0,0,0,0,0,0,0,0,1000775.0,0.001247205368402429,138.43979589266962,CL17,KR128;KR123,4.65006275,-74.1260222,1.0,25.383806646551726,,0.0,116.0,1.0
166911,10498833,-74.054506813,4.75554564800001,CL 173-KR 55 02,2019,Octubre,3,jueves,8,30,Suba,Choque,Vehículo,,Solo Daños,0,0,0,0,0,0,0,0,0,0,1,0,0,0,0,0,0,0,0,0,1,0,1000087.0,0.006461052830258858,717.1768641587332,KR19,CL147;CL152,4.7597534,-74.04960375,0.0,18.901305023083335,,0.0,120.0,0.0
166912,10498834,-74.128709778,4.56247333200002,CL 55A-KR 13A S 11,2019,Octubre,3,jueves,9,30,Tunjuelito,Choque,Vehículo,,Solo Daños,0,1,0,0,0,0,0,1,0,0,0,0,0,0,0,0,0,0,0,0,0,0,39.0,0.013692196856372518,1519.8338510573494,AV.CARACAS,AV.P.MAYO;CL80,4.5552695,-74.11706585,0.0,16.063152068387097,,0.0,124.0,0.0
166913,10498835,-74.181023374,4.609348517,CL 59-KR 80 S 02,2019,Octubre,3,jueves,21,20,Bosa,Choque,Vehículo,,Solo Daños,0,0,0,0,0,0,0,0,0,0,1,0,1,0,0,1,0,0,0,0,0,0,149.0,0.0070545833535780415,783.0587522471626,AV.CL59SUR,CL59SUR;KR81A,4.6025243,-74.1792353,0.0,14.794263375,,0.0,4.0,0.0
166914,10498836,-74.138323845,4.63039845200001,AV AVENIDA DE LAS AMERICAS-KR 72 02,2019,Octubre,3,jueves,22,40,Kennedy,Choque,Vehículo,,Solo Daños,0,0,0,0,0,0,0,0,0,1,0,0,0,0,0,0,0,0,0,0,0,1,1000780.0,0.004385125823182099,486.74896637321297,CL6,KR42;KR36,4.62659345,-74.1361441,1.0,39.37162013483333,,0.0,120.0,1.0
166915,10498837,-74.08592734,4.62124985000003,KR 30-CL 22 02,2019,Octubre,4,viernes,9,40,Puente Aranda,Choque,Vehículo,,Solo Daños,0,0,0,0,0,0,0,1,0,1,0,0,0,0,0,0,0,0,0,0,0,1,1001982.0,0.0010372444273737084,115.13413143848163,NQS,CAD;AV.DORADO,4.6206293,-74.08509620000001,1.0,28.074613045249997,,0.0,40.0,1.0
166916,10498838,-74.122783939,4.55844344799999,CL 51-KR 10 S 2,2019,Octubre,2,miércoles,11,30,Tunjuelito,Choque,Vehículo,,Solo Daños,0,0,0,0,0,0,0,0,0,1,1,0,1,1,0,0,0,0,0,1,0,1,39.0,0.006539914962638466,725.9305608528698,AV.CARACAS,AV.P.MAYO;CL80,4.5552695,-74.11706585,0.0,15.755074245084744,,0.0,118.0,0.0
166917,10498839,-74.154687071,4.64496968100002,KR 87A-CL 6A 02,2019,Octubre,4,viernes,18,20,Kennedy,Choque,Vehículo,,Solo Daños,0,1,0,0,0,0,0,0,0,0,0,0,0,0,0,0,0,0,0,0,0,0,124.0,0.007611126248361682,844.8350135681467,CL66A,KR86;KR72,4.652358850000001,-74.1528624,0.0,9.777161411304348,,0.0,92.0,0.0
166918,10498840,-74.093354531,4.57729623099999,KR 10-CL 18 S 2,2019,Octubre,3,jueves,15,30,Antonio Nariño,Choque,Vehículo,,Solo Daños,0,0,0,0,0,1,0,1,0,0,0,0,0,0,0,0,0,0,0,0,0,0,1000214.0,0.0026920246000640803,298.8147306071129,KR5,CL34;CL27,4.57950665,-74.0948911,1.0,23.065676395,,0.0,124.0,1.0
166920,10498842,-74.03229359,4.72143530099999,KR 9-CL 144 2,2019,Octubre,4,viernes,10,30,Usaquén,Choque,Vehículo,,Solo Daños,0,0,0,0,0,1,0,0,0,0,0,0,0,0,0,0,0,0,0,0,0,0,1000051.0,0.003467750743960434,384.92033257960816,CL116,KR15;KR11,4.7180052,-74.0328032,1.0,14.666952993636363,,0.0,121.0,1.0
166921,10498843,-74.080774593,4.64304714399998,CL 53-KR 36 02,2019,Octubre,4,viernes,14,0,Teusaquillo,Choque,Vehículo,,Solo Daños,0,0,0,0,0,0,0,0,0,0,1,0,1,0,0,0,1,0,0,0,0,0,1000738.0,0.0022305951370045003,247.59606020749953,CL116,KR53;KR19,4.6445306,-74.0824404,1.0,19.081610399749998,,0.0,120.0,1.0
166922,10498844,-74.117709425,4.714075729,KR 107-DG 78D 2,2019,Octubre,4,viernes,16,56,Engativá,Choque,Vehículo,,Solo Daños,0,0,0,0,0,0,0,0,0,0,1,0,1,0,0,1,0,0,0,0,0,0,103.0,0.015563011473071108,1727.494273510893,DIAG16,KR129;CL17,4.71384325,-74.1332707,0.0,21.592752536833334,,0.0,120.0,0.0
166923,10498845,-74.081153327,4.70157248599998,AV AVENIDA BOYACA-CL 116 02,2019,Octubre,4,viernes,13,40,Suba,Choque,Vehículo,,Solo Daños,0,0,0,0,0,0,0,0,0,1,0,0,0,0,0,0,0,0,0,0,0,1,1002014.0,0.005151892717567477,571.86009164999,AUTONORTE,CL127;PRADO,4.6964302,-74.0814678,0.0,39.06877960861789,,0.0,123.0,0.0
166924,10498846,-74.103826689,4.66851601899998,KR 70-CL 53 2,2019,Octubre,4,viernes,11,15,Engativá,Choque,Vehículo,,Solo Daños,0,0,0,0,0,0,0,1,0,0,0,0,0,0,0,0,0,0,0,0,0,0,1002275.0,0.0011444047763219869,127.02893017174054,CL153,KR54;KR56,4.6682687000000005,-74.10494405,1.0,18.844843717499998,,0.0,8.0,1.0
166925,10498847,-74.110626184,4.66727389099998,AV AVENIDA BOYACA-CL 48 02,2019,Octubre,4,viernes,18,15,Engativá,Choque,Vehículo,,Solo Daños,0,0,0,0,0,0,0,0,0,0,1,0,0,0,0,0,0,0,0,0,0,0,92.0,0.004325835516693289,480.1677423529551,"KR50,TV42,TV39",CL6;CL19,4.6708416,-74.1081799,1.0,19.72993769,,0.0,115.0,1.0
166926,10498848,-74.1065,4.745,TR 127-AC 139 2,2019,Octubre,4,viernes,11,45,Suba,Choque,Vehículo,,Solo Daños,0,0,0,0,0,0,0,0,0,1,0,0,0,0,0,0,0,0,0,0,0,1,1000951.0,0.0077941103020123005,865.1462435233653,AV.SUBA,CL127;HUMEDAL.CORDOBA,4.7388854,-74.1016668,0.0,26.294145720247933,,0.0,121.0,0.0
166927,10498849,-74.1263,4.649,KR 72-CL 13 02,2019,Octubre,4,viernes,16,20,Fontibón,Choque,Vehículo,,Solo Daños,0,0,0,0,0,0,0,0,0,0,0,0,0,0,0,0,0,0,0,0,0,0,1000775.0,0.0010984581933344189,121.92885946012049,CL17,KR128;KR123,4.65006275,-74.1260222,1.0,17.27629043474138,,0.0,116.0,1.0
166928,10498850,-74.06979547,4.72764847100001,AV AVENIDA BOYACA-CL 136 02,2019,Octubre,4,viernes,21,0,Suba,Choque,Vehículo,,Solo Daños,0,0,0,0,0,0,0,0,0,0,0,0,0,0,0,0,0,0,0,0,0,0,1000062.0,0.0032093405147299646,356.23679713502605,KR15,CL92;CL94,4.7303056,-74.0679956,1.0,20.30223478241667,,0.0,120.0,1.0
166929,10498851,-74.029992204,4.72995814799998,CL 153-KR 8 2,2019,Octubre,2,miércoles,21,15,Usaquén,Choque,Vehículo,,Con Heridos,1,0,0,0,0,0,0,1,0,0,0,0,0,0,0,0,0,0,0,0,0,0,1000081.0,0.009541735338083442,1059.1326225272621,KR19,CL116;CL127,4.7391552,-74.03253365,0.0,15.815115082941176,,0.0,119.0,0.0
166930,10498852,-74.103737796,4.69954813200002,KR 86-CL 75 02,2019,Octubre,4,viernes,7,18,Engativá,Choque,Vehículo,,Con Heridos,1,0,0,0,0,1,0,0,0,0,0,0,0,0,0,0,0,0,0,0,0,0,1000759.0,0.0020452697711818824,227.02494460118893,KR80,CL26SUR;CL38CSUR,4.69774235,-74.10469815,1.0,22.286592414878047,,0.0,123.0,1.0
166931,10498853,-74.135083405,4.70276650199997,CL 63-KR 112 2,2019,Octubre,3,jueves,20,0,Engativá,Choque,Vehículo,,Con Heridos,0,0,0,0,0,1,0,0,0,0,0,0,0,0,0,0,0,0,0,0,0,0,103.0,0.011224092198178687,1245.8742339978342,DIAG16,KR129;CL17,4.71384325,-74.1332707,0.0,25.284733124833334,,0.0,120.0,0.0
166932,10499219,-74.141221738,4.68223869899998,CL 23-KR 104B 2,2019,Octubre,7,lunes,15,45,Fontibón,Choque,Vehículo,,Con Heridos,0,0,0,0,0,1,0,0,0,0,0,0,0,0,0,0,0,0,0,0,0,0,1001347.0,0.006747694263308473,748.9940632272405,DIAG16,KR97;KR106,4.6757841,-74.14318885,0.0,22.29431940617886,,0.0,123.0,0.0
166933,10499220,-74.126324813,4.60648838899999,AV AVENIDA PRIMERA DE MAYO-KR 52A 02,2019,Octubre,8,martes,11,30,Puente Aranda,Choque,Vehículo,,Con Heridos,0,0,0,0,0,0,0,1,0,1,1,0,1,0,0,1,0,0,0,0,0,1,1000757.0,0.0020694002878956673,229.70343195641905,AV.P.MAYO,KR69B;KR72,4.607809,-74.12791805,1.0,20.863480720254238,,0.0,118.0,1.0
166935,10499222,-74.039097306,4.79755974900002,AK 45-CL 222 2,2019,Octubre,6,domingo,20,20,Usaquén,Choque,Vehículo,,Solo Daños,0,0,0,0,0,0,0,0,0,0,0,0,0,0,0,0,0,0,0,0,0,0,35.0,0.02144169247670566,2380.0278649143283,KR72,CL170;CL43AS,4.7881347000000005,-74.05835645,0.0,20.517424625689657,,0.0,116.0,0.0
166936,10499223,-74.126418277,4.69772153600002,KR 105C-CL 64B 02,2019,Octubre,8,martes,6,23,Engativá,Choque,Vehículo,,Con Heridos,0,0,0,0,0,1,0,0,0,1,0,0,0,0,0,0,0,0,0,0,0,1,1000723.0,0.008724097656809083,968.3748399058082,KR86,CL10;AV.AMERICAS,4.6984233,-74.11772245,0.0,14.466170145689656,,0.0,116.0,0.0
166937,10499224,-74.077722097,4.66565844100001,CL 68-KR 52 2,2019,Octubre,6,domingo,21,30,Barrios Unidos,Choque,Vehículo,,Solo Daños,0,0,0,0,0,1,0,0,0,0,0,0,0,0,0,0,0,0,0,0,0,0,1000189.0,0.0022713314804826816,252.11779433357765,KR7,CL170;CL165,4.66734485,-74.0792436,1.0,29.836135575583334,,0.0,120.0,1.0
166938,10499225,-74.084514058,4.645557166,CL 53-KR 45 2,2019,Octubre,7,lunes,14,30,Teusaquillo,Choque,Vehículo,,Solo Daños,0,0,0,0,0,0,0,1,0,0,0,0,0,0,0,0,0,0,0,0,0,0,1000984.0,0.001924588683204194,213.62934383566554,CL80,KR58;KR24,4.643921049999999,-74.08552755,1.0,26.81103511707317,,0.0,123.0,1.0
166939,10499226,-74.132449261,4.58263869199999,CL 48C-KR 28 S 2,2019,Octubre,5,sábado,10,30,Tunjuelito,Choque,Vehículo,,Con Heridos,0,0,0,0,1,1,0,0,0,0,1,0,0,0,0,0,0,0,0,0,0,0,1002271.0,0.00620428827703654,688.675998751056,KR72,KR1;KR4AE,4.582431,-74.12624845,0.0,22.057158362000003,,0.0,20.0,0.0
166940,10499227,-74.081140367,4.627151357,KR 30-CL 26 02,2019,Octubre,7,lunes,21,10,Teusaquillo,Choque,Vehículo,,Con Heridos,0,0,0,0,0,1,0,0,0,0,0,0,0,0,0,0,0,0,0,0,0,0,1002036.0,0.004039172699917379,448.3481696908291,CL26,GOBERNACION;KR40,4.629466150000001,-74.08445045,1.0,47.742265801916666,,0.0,120.0,1.0
166941,10499228,-74.041905775,4.780118093,KR 45-CL 205 2,2019,Octubre,7,lunes,16,30,Usaquén,Choque,Vehículo,,Con Heridos,0,0,0,0,0,1,0,0,0,0,0,0,0,0,0,0,0,0,0,0,0,0,35.0,0.018300019009502132,2031.3021100547367,KR72,CL170;CL43AS,4.7881347000000005,-74.05835645,0.0,21.350821867837837,,0.0,111.0,0.0
166942,10499229,-74.111558972,4.670661951,KR 73A-CL 49A 2,2019,Octubre,7,lunes,16,30,Engativá,Choque,Vehículo,,Solo Daños,0,0,0,0,0,1,0,1,0,1,0,0,0,0,0,0,0,0,0,0,0,1,92.0,0.0033838441666829296,375.60670250180516,"KR50,TV42,TV39",CL6;CL19,4.6708416,-74.1081799,1.0,18.472348409310342,,0.0,116.0,1.0
166943,10499230,-74.056938582,4.65585257700002,CL 72-KR 7 96,2019,Octubre,7,lunes,19,10,Chapinero,Choque,Vehículo,,Solo Daños,0,0,0,0,0,0,0,0,0,0,0,0,0,0,0,0,0,0,0,0,0,0,1000096.0,0.0013289907554984819,147.5179738603315,KR7,CL162;CL153,4.654590349999999,-74.05652265,1.0,24.930021971052632,,0.0,114.0,1.0
166944,10499231,-74.065767472,4.66529434,KR 24-CL 74A 02,2019,Octubre,8,martes,19,0,Barrios Unidos,Choque,Vehículo,,Con Heridos,0,0,0,0,0,1,0,0,0,0,0,0,0,0,0,0,0,0,0,0,0,0,1000693.0,0.0007557671538748227,83.89015408010532,CL13,KR56;KR65,4.6657333,-74.06515225000001,1.0,22.747369782826087,,0.0,92.0,1.0
166945,10499232,-74.09874962,4.72445846099998,AV AVENIDA CIUDAD DE CALI-CL 97 2,2019,Octubre,7,lunes,2,9,Suba,Choque,Vehículo,,Solo Daños,0,0,0,0,0,0,0,0,0,1,0,0,0,0,0,0,0,0,0,0,0,1,1000239.0,0.005288977939717252,587.076551308615,CL127,KR51A;KR55,4.7285231,-74.1021337,0.0,67.7558303445,,0.0,120.0,0.0
166946,10499233,-74.161209176,4.61184177400003,AV AVENIDA CIUDAD DE VILLAVICENCIO-KR 78 02,2019,Octubre,8,martes,21,11,Kennedy,Choque,Vehículo,,Con Heridos,0,0,0,0,0,1,0,0,0,0,0,0,0,0,0,0,0,0,0,0,0,0,1001027.0,0.006528000121428306,724.6080134785419,KR72,CL3;CL9,4.611398400000001,-74.15469625,0.0,30.348576974722224,,0.0,108.0,0.0
166947,10499234,-74.055822115,4.70726018900001,CL 127-KR 46 2,2019,Octubre,6,domingo,13,35,Suba,Choque,Vehículo,,Con Heridos,1,0,0,0,0,1,0,0,0,0,0,0,0,0,0,0,0,0,0,0,0,0,1000970.0,0.002680925807514133,297.5827646340688,CL34,KR19;AV.CARACAS,4.705220199999999,-74.0575616,1.0,9.313631451774194,,0.0,124.0,1.0
166948,10499235,-74.111439603,4.70941869699999,AC 80-KR 99 2,2019,Octubre,6,domingo,11,45,Engativá,Choque,Vehículo,,Solo Daños,0,0,0,0,0,0,0,0,0,0,0,0,0,0,0,0,0,0,0,0,0,0,1000723.0,0.012663843082291276,1405.6865821343315,KR86,CL10;AV.AMERICAS,4.6984233,-74.11772245,0.0,10.834986115086206,,0.0,116.0,0.0
166949,10499236,-74.122043795,4.57105732700001,DG 45A-TR 13I S 2,2019,Octubre,5,sábado,11,20,Rafael Uribe Uribe,Choque,Vehículo,,Con Heridos,1,0,0,0,0,0,0,0,0,0,0,0,0,0,0,0,0,0,0,0,0,0,1000325.0,0.007207577539311404,800.0411068635659,AV.CARACAS,AV.PRIMERO_MAYO;CL11SUR,4.57490245,-74.11594754999999,0.0,20.084720971707316,,0.0,123.0,0.0
166950,10499237,-74.184639099,4.621228524,KR 86A-CL 57B S 02,2019,Octubre,8,martes,7,30,Bosa,Choque,Vehículo,,Con Heridos,1,0,0,0,1,0,0,0,0,0,0,0,0,0,0,0,0,0,0,0,0,0,76.0,0.01496305166126001,1660.898734399861,KR86,CL57BSUR;KR91,4.616729,-74.1989096,0.0,15.197662981022727,,0.0,88.0,0.0
166951,10499238,-74.0876,4.54840000000002,KR 8B-CL 41 ES 2,2019,Octubre,8,martes,19,45,San Cristóbal,Choque,Vehículo,,Con Heridos,0,0,0,0,0,1,0,0,0,0,0,0,0,0,0,0,0,0,0,0,0,0,58.0,0.007627766951231848,846.6821315867351,CL13,AV.CARACAS;KR128,4.5547492,-74.09182735,0.0,16.14947544183333,,0.0,120.0,0.0
166952,10499239,-74.115770048,4.63973929600002,KR 68-CL 13 2,2019,Octubre,8,martes,7,20,Fontibón,Choque,Objeto Fijo,Semaforo,Con Heridos,0,0,0,0,0,1,0,0,0,0,0,0,0,0,0,0,0,0,0,0,0,0,32.0,0.004058148785626236,450.4545152045122,AV.AMERICAS;CL34,KR80;KR5,4.643723250000001,-74.11654250000001,1.0,17.435700901666667,,0.0,120.0,1.0
166953,10499240,-74.154088995,4.67785272499998,DG 16-KR 111A 2,2019,Octubre,8,martes,8,6,Fontibón,Choque,Vehículo,,Con Heridos,0,1,0,0,0,1,0,0,0,0,0,0,0,0,0,0,0,0,0,0,0,0,1000982.0,0.003373230364008286,374.42857040491975,DIAG16,KR123;KR106,4.67875865,-74.15733829999999,1.0,31.26046988370968,,0.0,124.0,1.0
166954,10499241,-74.083487989,4.65296610000001,KR 50-CL 63 02,2019,Octubre,7,lunes,13,30,Teusaquillo,Choque,Vehículo,,Con Heridos,1,0,0,0,0,0,0,0,0,0,0,0,0,0,0,0,0,0,0,0,0,0,1000662.0,0.0019139431500374243,212.4476896541541,AV.CIRCUNVALAR,CL51;CL59,4.654726650000001,-74.08423875,1.0,31.974793974838708,,0.0,124.0,1.0
166955,10499242,-74.0832142,4.60677368799998,CL 13-KR 17 2,2019,Octubre,8,martes,6,49,Los Mártires,Choque,Vehículo,,Con Heridos,0,0,0,0,0,0,0,0,0,0,1,0,1,1,0,0,0,1,0,0,0,0,1000703.0,0.00044524536051229253,49.42223501686447,CL13,KR33;KR27,4.60709655,-74.0835208,1.0,24.12932608289474,,0.0,114.0,1.0
166956,10499243,-74.152816379,4.61719998699999,AV AVENIDA PRIMERA DE MAYO-CL 40 S 02,2019,Octubre,8,martes,22,35,Kennedy,Choque,Vehículo,,Con Heridos,0,0,0,0,0,0,0,1,0,1,0,0,0,0,0,0,0,0,0,0,0,1,1000749.0,0.004253164427143385,472.10125141291576,KR68,CL3;CL21SUR,4.6131227,-74.15160595,1.0,35.315365469999996,,0.0,119.0,1.0
166957,10499616,-74.126603148,4.56650563699998,CL 51-KR 13F S 29,2019,Octubre,12,sábado,2,0,Tunjuelito,Choque,Vehículo,,Con Heridos,0,0,1,0,0,1,0,0,0,1,0,0,0,0,0,0,0,0,0,0,0,1,67.0,0.012049222940484454,1337.4637463937745,CL11SUR,AV.CARACAS;KR6_ESTE,4.5782967,-74.12412230000001,0.0,31.432635555086208,,0.0,116.0,0.0
166958,10499617,-74.10558885,4.59069885500003,CL 17-KR 25 S 02,2019,Octubre,12,sábado,16,51,Antonio Nariño,Choque,Objeto Fijo,Semaforo,Con Heridos,0,0,0,0,0,0,0,1,0,1,0,0,0,0,0,0,0,0,0,0,0,1,1000977.0,0.0020106052300034563,223.17718053038365,KR24,CL63;CL72,4.5923447500000005,-74.10443405000001,1.0,16.2698550005042,,0.0,119.0,1.0
166959,10499618,-74.079036904,4.638748991,AK 30-CL 49 02,2019,Octubre,13,domingo,6,10,Teusaquillo,Choque,Vehículo,,Con Heridos,0,0,0,0,0,1,0,0,0,0,0,0,0,0,0,0,0,0,0,0,0,0,15.0,0.002242256543085482,248.89047628248852,CL94,KR7;KR15,4.640764750000001,-74.07805485,1.0,16.32809665,,0.0,116.0,1.0
166960,10499619,-74.16212387,4.59944871300002,KR 71B-CL 57B S 02,2019,Octubre,12,sábado,14,15,Bosa,Choque,Vehículo,,Con Heridos,0,0,0,0,0,1,0,0,0,0,0,0,0,0,0,0,0,0,0,0,0,0,1000750.0,0.0038298332698301994,425.1114929511521,KR68,CL21SUR;CL3,4.5995431,-74.1582952,1.0,10.66202302225,,0.0,120.0,1.0
166961,10499620,-74.086109196,4.56927874899998,CL 22-KR 2 SE 2,2019,Octubre,12,sábado,17,20,San Cristóbal,Choque,Vehículo,,Con Heridos,0,0,0,0,0,1,0,0,0,1,0,0,0,0,0,0,0,0,0,0,0,1,145.0,0.0076154569343250015,845.3157197100752,CL63,AV.CARACAS;KR24,4.57655,-74.08384555,0.0,11.806496703389831,,0.0,118.0,0.0
166962,10499621,-74.071136111,4.66012841399998,CL 68-KR 27 02,2019,Octubre,13,domingo,15,9,Barrios Unidos,Choque,Vehículo,,Con Heridos,0,0,0,0,0,1,0,0,0,0,0,0,0,0,0,0,0,0,0,0,0,0,136.0,0.0036428064194765877,404.35151256190125,"KR50,CL13",CL17;KR56,4.6570739,-74.07312105,1.0,16.20865911371134,,0.0,97.0,1.0
166963,10499622,-74.137368355,4.63553958199998,AV AVENIDA BOYACA-CL 7C 65,2019,Octubre,12,sábado,8,20,Kennedy,Choque,Vehículo,,Con Heridos,0,0,0,0,0,1,0,0,0,0,0,0,0,0,0,0,0,0,0,0,0,0,131.0,0.00499957700735998,554.9530478169578,"KR78K,CL41SUR",CL26SUR;AV.P.MAYO,4.6381608,-74.14162569999999,1.0,14.210234099435484,,0.0,124.0,1.0
166964,10499623,-74.074411969,4.61978158199997,KR 19-CL 29 02,2019,Octubre,13,domingo,16,50,Teusaquillo,Choque,Vehículo,,Con Heridos,0,0,0,0,0,1,0,0,0,1,0,0,0,0,0,0,0,0,0,0,0,1,1000020.0,0.0015171214473915643,168.40048066046364,KR7,CL79;CL76,4.618767350000001,-74.07328369999999,1.0,18.141279074774776,,0.0,111.0,1.0
166965,10499624,-74.081449152,4.57448068500003,CL 11-KR 1A SE 02,2019,Octubre,12,sábado,6,50,San Cristóbal,Choque,Vehículo,,Con Heridos,0,0,0,0,0,1,0,0,0,0,0,0,0,0,0,0,0,0,0,0,0,0,145.0,0.0031661945523787714,351.4475953140436,CL63,AV.CARACAS;KR24,4.57655,-74.08384555,1.0,22.285308765350877,,0.0,114.0,1.0
166966,10499625,-74.144914247,4.56779556999999,AV AVENIDA CIUDAD DE VILLAVICENCIO-KR 22B 02,2019,Octubre,12,sábado,6,42,Ciudad Bolívar,Choque,Vehículo,,Con Heridos,0,0,0,0,0,1,0,0,0,0,1,0,0,0,0,0,0,0,0,0,1,0,56.0,0.011795159743380645,1309.2627315152515,CL6,AV.CARACAS;KR42,4.574981,-74.13556034999999,0.0,24.110507327500002,,0.0,116.0,0.0
166967,10499626,-74.1514,4.64490000000001,KR 86-CL 7C 2,2019,Octubre,13,domingo,19,22,Kennedy,Choque,Vehículo,,Con Heridos,0,0,0,0,0,1,0,0,0,0,0,0,0,0,0,0,0,0,0,0,0,0,124.0,0.007600858970036898,843.6953456740957,CL66A,KR86;KR72,4.652358850000001,-74.1528624,0.0,10.73530589478261,,0.0,92.0,0.0
166968,10499627,-74.167896825,4.62423079899997,AV AVENIDA CIUDAD DE VILLAVICENCIO-KR 81B 02,2019,Octubre,14,lunes,7,30,Kennedy,Choque,Vehículo,,Con Heridos,0,0,1,0,0,1,0,0,0,0,1,0,1,0,0,1,0,0,0,0,0,0,148.0,0.010999193644928719,1220.910494587088,AV.CL59SUR,KR81A;CL59SUR,4.6285372,-74.1577757,0.0,17.75568922,,0.0,8.0,0.0
166969,10499628,-74.15856187,4.58283247600002,CL 68-KR 51 S 2,2019,Octubre,13,domingo,21,50,Ciudad Bolívar,Choque,Vehículo,,Con Heridos,0,0,0,0,0,1,0,0,0,0,0,0,0,0,0,0,0,0,0,0,0,0,1002276.0,0.00033839347495129486,37.56167571959373,AV.VILLAVICENCIO,CL57BSUR;AV.P.MAYO,4.5824943,-74.158574,1.0,27.71444820875,,0.0,8.0,1.0
166970,10499629,-74.146974051,4.569216036,AV AVENIDA CUIDAD DE VILLAVICENCIO-KR 23 02,2019,Octubre,11,viernes,12,0,Ciudad Bolívar,Choque,Vehículo,,Con Heridos,0,1,0,0,0,1,0,0,0,0,0,0,0,0,0,0,0,0,0,0,0,0,56.0,0.012787000447286602,1419.3570496488128,CL6,AV.CARACAS;KR42,4.574981,-74.13556034999999,0.0,16.724644124919354,,0.0,124.0,0.0
166971,10499630,-74.057697866,4.62308101000002,AV AVENIDA CIRCUNVALAR-CL 38 12,2019,Octubre,12,sábado,14,22,Santa Fe,Choque,Vehículo,,Con Heridos,0,0,0,0,0,1,0,0,0,0,0,0,0,0,0,0,0,0,0,0,0,0,1000064.0,0.0035079127573678405,389.37831606783027,KR7,CL94;CL92,4.61959405,-74.0580807,1.0,22.66760949863248,,0.0,117.0,1.0
166972,10499631,-74.197291901,4.61689870200001,AV AVENIDA CIUDAD DE CALI-CL 73B S 02,2019,Octubre,12,sábado,1,50,Bosa,Choque,Vehículo,,Con Heridos,0,0,0,0,0,1,0,0,0,0,0,0,0,0,0,0,0,0,0,0,0,0,76.0,0.0016265757970002602,180.5499134670289,KR86,CL57BSUR;KR91,4.616729,-74.1989096,1.0,38.67786613906542,,0.0,107.0,1.0
166973,10499632,-74.15802049,4.602029673,CL 53R-KR 67 S 80,2019,Octubre,13,domingo,8,40,Bosa,Choque,Vehículo,,Con Heridos,0,0,0,0,0,1,0,0,0,0,0,0,0,0,0,0,0,0,0,0,0,0,1000750.0,0.002501701594600552,277.68887700066125,KR68,CL21SUR;CL3,4.5995431,-74.1582952,1.0,19.879931792786888,,0.0,122.0,1.0
166974,10499633,-74.110051425,4.71620277,CL 83-KR 103 02,2019,Octubre,13,domingo,19,35,Engativá,Choque,Vehículo,,Con Heridos,0,0,0,0,0,0,0,0,0,1,0,0,0,0,0,0,0,0,0,0,0,1,1001349.0,0.010830982888008198,1202.2391005689099,CL92,KR19B;KR15,4.7171787,-74.0992645,0.0,20.211457674955753,,0.0,113.0,0.0
166975,10499634,-74.123391112,4.57463576499998,AV AVENIDA CARACAS-CL 44 S 2,2019,Octubre,12,sábado,17,6,Rafael Uribe Uribe,Choque,Vehículo,,Con Heridos,0,0,0,0,0,0,0,1,0,1,1,0,1,1,0,0,0,1,0,0,0,1,67.0,0.0037332400091267385,414.389641013068,CL11SUR,AV.CARACAS;KR6_ESTE,4.5782967,-74.12412230000001,1.0,17.12622432108333,,0.0,120.0,1.0
166976,10499635,-74.145926195,4.64571468100002,CL 8D-KR 81B 02,2019,Octubre,12,sábado,8,55,Kennedy,Choque,Vehículo,,Con Heridos,0,0,0,0,0,1,0,0,0,0,0,0,0,0,0,0,0,0,0,0,0,0,1001019.0,0.008267383458347684,917.679563876593,KR72,CL75;CL66A,4.65133785,-74.1398657,0.0,34.2681543335,,0.0,100.0,0.0
166977,10499636,-74.139391497,4.630430703,AV AVENIDA DE LAS AMERICAS-KR 72B 02,2019,Octubre,13,domingo,14,30,Kennedy,Choque,Vehículo,,Con Heridos,0,0,0,0,0,1,0,0,0,0,0,0,0,0,0,0,0,0,0,0,0,0,1000961.0,0.004079878531496535,452.86651699611537,CL72,KR24;KR55,4.627228499999999,-74.1419196,1.0,17.295332684758062,,0.0,124.0,1.0
166978,10499637,-74.022987681,4.73763075900001,KR 7-CL 163 2,2019,Octubre,12,sábado,9,59,Usaquén,Choque,Vehículo,,Con Heridos,0,0,0,0,0,1,0,0,0,0,1,0,1,0,0,1,0,0,0,0,0,0,1000081.0,0.009666925287361858,1073.0287068971663,KR19,CL116;CL127,4.7391552,-74.03253365,0.0,19.2850238352459,,0.0,122.0,0.0
166979,10499638,-74.063998547,4.66082156099998,KR 19-CL 72 02,2019,Octubre,11,viernes,22,20,Barrios Unidos,Choque,Vehículo,,Solo Daños,0,0,0,0,0,1,0,0,0,0,0,0,0,0,0,0,0,0,0,0,0,0,11.0,9.328132142174122e-05,10.354226677813276,KR19,CL159;CL100,4.660728300000001,-74.0639966,1.0,20.10448325109244,,0.0,119.0,1.0
166980,10499639,-74.110770002,4.51069767000001,CL 78-KR 8B S 02,2019,Octubre,14,lunes,17,0,Usme,Choque,Vehículo,,Con Heridos,1,0,0,0,1,0,0,0,0,1,0,0,0,0,0,0,0,0,0,0,0,1,1001959.0,0.023607854265181565,2620.471823435154,"CL19,KR3",KR5;CL22,4.5343054,-74.1108466,0.0,11.716278939913044,,0.0,115.0,0.0
166981,10500005,-74.106633357,4.74507840699999,KR 118-CL 139 2,2019,Octubre,15,martes,23,50,Suba,Choque,Vehículo,,Solo Daños,0,0,0,0,0,0,0,0,0,0,0,0,0,0,0,0,0,0,0,0,0,0,1000951.0,0.007938515234991946,881.175191084106,AV.SUBA,CL127;HUMEDAL.CORDOBA,4.7388854,-74.1016668,0.0,48.3147614515,,0.0,120.0,0.0
166982,10500006,-74.110637372,4.70820731499998,CL 80-KR 98 02,2019,Octubre,16,miércoles,19,27,Engativá,Choque,Vehículo,,Solo Daños,0,0,0,0,0,0,0,0,0,0,1,0,1,0,1,0,0,0,0,0,0,0,1000759.0,0.012032865428318218,1335.648062543322,KR80,CL26SUR;CL38CSUR,4.69774235,-74.10469815,0.0,19.366892074000003,,0.0,120.0,0.0
166983,10500007,-74.0842,4.5591,KR 9-CL 30A ES 2,2019,Octubre,15,martes,16,0,San Cristóbal,Choque,Vehículo,,Solo Daños,0,0,0,0,0,1,0,0,0,0,0,0,0,0,0,0,0,0,0,0,0,0,58.0,0.008780998158672398,974.6907956126362,CL13,AV.CARACAS;KR128,4.5547492,-74.09182735,0.0,17.855883381525423,,0.0,118.0,0.0
166984,10500008,-74.059731824,4.655810336,KR 11-CL 70A 18,2019,Octubre,15,martes,13,0,Chapinero,Choque,Vehículo,,Solo Daños,0,0,0,0,0,0,0,1,0,1,0,0,0,0,0,0,0,0,0,0,0,1,1000096.0,0.003433243889154658,381.09007169616706,KR7,CL162;CL153,4.654590349999999,-74.05652265,1.0,22.20191370125,,0.0,120.0,1.0
166985,10500009,-74.113255075,4.68543718400002,AK 86-CL 64B 02,2019,Octubre,16,miércoles,13,50,Engativá,Choque,Vehículo,,Solo Daños,0,0,0,0,0,0,0,0,0,0,1,0,1,0,0,1,0,0,0,0,0,0,1000227.0,0.007274082380085651,807.4231441895072,KR72,CL170;CL169,4.67854075,-74.1155684,0.0,27.82261190112903,,0.0,124.0,0.0
166986,10500010,-74.112411142,4.667659474,CL 26-KR 72 2,2019,Octubre,15,martes,17,20,Fontibón,Choque,Vehículo,,Solo Daños,0,0,0,0,0,0,0,0,0,0,0,0,0,0,0,0,0,0,0,0,0,0,92.0,0.005294273769127211,587.6643883731205,"KR50,TV42,TV39",CL6;CL19,4.6708416,-74.1081799,0.0,19.03119793805085,,0.0,118.0,0.0
166987,10500011,-74.065574481,4.63724024700002,KR 13-CL 50 02,2019,Octubre,15,martes,7,30,Chapinero,Choque,Vehículo,,Solo Daños,0,0,0,0,0,0,0,0,0,1,0,0,0,0,0,0,0,0,0,0,0,1,21.0,0.002930820525383579,325.32107831757725,CL106,KR19;KR7,4.6361552,-74.06829705,1.0,12.364139631707317,,0.0,123.0,1.0
166988,10500012,-74.125045852,4.69649608899999,CL 64B-KR 104 2,2019,Octubre,16,miércoles,17,8,Engativá,Choque,Vehículo,,Solo Daños,0,0,0,0,0,0,0,0,0,0,0,0,0,0,0,0,0,0,0,0,0,0,1000723.0,0.007572737886136178,840.5739053611157,KR86,CL10;AV.AMERICAS,4.6984233,-74.11772245,0.0,8.695030289663865,,0.0,119.0,0.0
166989,10500013,-74.048628064,4.68500051799998,CL 100-KR 15 02,2019,Octubre,16,miércoles,20,35,Usaquén,Choque,Vehículo,,Solo Daños,0,0,0,0,0,0,0,0,0,1,0,0,0,0,0,0,0,0,0,0,0,1,1002017.0,0.00548726330848499,609.086227241834,AUTONORTE,ALCALA;PRADO,4.6892508,-74.04515745,0.0,48.76118843461539,,0.0,117.0,0.0
166990,10500014,-74.16212387,4.59944871300002,KR 71B-CL 57B S 02,2019,Octubre,15,martes,7,20,Bosa,Choque,Vehículo,,Solo Daños,0,0,0,0,0,0,0,0,0,0,1,0,0,0,0,0,0,0,0,0,0,0,1000750.0,0.0038298332698301994,425.1114929511521,KR68,CL21SUR;CL3,4.5995431,-74.1582952,1.0,14.717883947768597,,0.0,121.0,1.0
166991,10500015,-74.111500079,4.51237684500001,CL 76A-KR 8B S 02,2019,Octubre,16,miércoles,14,30,Usme,Choque,Vehículo,,Solo Daños,0,0,0,0,0,1,0,0,0,0,0,0,0,0,0,0,0,0,0,0,0,0,1001959.0,0.021938289796404248,2435.1501674008714,"CL19,KR3",KR5;CL22,4.5343054,-74.1108466,0.0,12.12012095935484,,0.0,124.0,0.0
166992,10500016,-74.137721823,4.707136865,KR 113-CL 64C 2,2019,Octubre,16,miércoles,14,30,Engativá,Choque,Objeto Fijo,Semaforo,Solo Daños,0,1,0,0,0,0,0,0,0,0,0,0,0,0,0,0,0,0,0,0,0,0,103.0,0.008049105275087612,893.4506855347249,DIAG16,KR129;CL17,4.71384325,-74.1332707,0.0,22.15878106048387,,0.0,124.0,0.0
166993,10500017,-74.089325173,4.67189324100002,KR 68-CL 64C 02,2019,Octubre,16,miércoles,8,7,Barrios Unidos,Choque,Vehículo,,Solo Daños,0,0,0,0,0,1,0,0,0,0,0,0,0,0,0,0,0,0,0,0,0,0,1000659.0,0.003351646702257341,372.03278395056486,AV.CIRCUNVALAR,CL69;CL59,4.66861515,-74.08862685,1.0,36.33504449725,,0.0,120.0,1.0
166994,10500018,-74.059208913,4.68722113699999,CL 100-KR 47 02,2019,Octubre,16,miércoles,14,30,Barrios Unidos,Choque,Vehículo,,Solo Daños,0,1,0,0,0,0,0,0,0,0,0,0,0,0,0,0,0,0,0,0,0,0,1000773.0,0.004037653753995865,448.17956669354106,KR50,CL33SUR;CL16SUR,4.6906399,-74.0613571,1.0,23.876779639791668,,0.0,96.0,1.0
166995,10500019,-74.137526704,4.63370277799999,AV AVENIDA BOYACA-CL 7ABIS 2,2019,Octubre,16,miércoles,16,0,Kennedy,Choque,Vehículo,,Solo Daños,0,0,0,0,0,0,0,0,0,0,1,0,0,0,0,0,0,0,0,0,0,0,131.0,0.006056048906717396,672.221428645631,"KR78K,CL41SUR",CL26SUR;AV.P.MAYO,4.6381608,-74.14162569999999,0.0,13.120644069655173,,0.0,116.0,0.0
166996,10500020,-74.040517017,4.77215460000002,CL 194-KR 20 02,2019,Octubre,16,miércoles,16,30,Usaquén,Choque,Vehículo,,Solo Daños,0,0,0,0,0,0,0,0,0,1,0,0,0,0,0,0,0,0,0,0,0,1,1000088.0,0.014732602168587199,1635.318840713179,KR19,CL159;CL152,4.7601672,-74.03195245,0.0,18.001146939250003,,0.0,120.0,0.0
166997,10500021,-74.122210745,4.72536313900002,CL 80A-KR 116 02,2019,Octubre,16,miércoles,10,0,Engativá,Choque,Vehículo,,Solo Daños,0,0,0,0,0,0,0,0,0,0,0,0,0,0,0,0,0,0,0,0,0,0,103.0,0.015969672732234045,1772.633673277979,DIAG16,KR129;CL17,4.71384325,-74.1332707,0.0,19.98170736909091,,0.0,121.0,0.0
166998,10500022,-74.153787492,4.63542272400002,AV AVENIDA DE LAS AMERICAS-KR 80 2,2019,Octubre,16,miércoles,15,22,Kennedy,Choque,Vehículo,,Solo Daños,0,0,0,0,0,0,0,0,0,0,0,0,0,0,0,0,0,0,0,0,0,0,148.0,0.007957150482809651,883.2437035918713,AV.CL59SUR,KR81A;CL59SUR,4.6285372,-74.1577757,0.0,20.658020875000002,,0.0,8.0,0.0
166999,10500023,-74.137515654,4.55523346799998,AV AVENIDA BOYACA-CL 64 S 02,2019,Octubre,16,miércoles,13,30,Ciudad Bolívar,Choque,Vehículo,,Solo Daños,0,0,0,0,0,0,0,0,0,1,1,0,0,0,0,0,0,0,0,0,1,1,56.0,0.019844098211414026,2202.6949014669567,CL6,AV.CARACAS;KR42,4.574981,-74.13556034999999,0.0,15.84550426766129,,0.0,124.0,0.0
167000,10500024,-74.089322712,4.60500304700003,KR 21-CL 9BIS 02,2019,Octubre,16,miércoles,12,25,Los Mártires,Choque,Vehículo,,Solo Daños,0,0,0,0,0,0,0,0,0,0,0,0,0,0,0,0,0,0,0,0,0,0,1000269.0,0.0010908542577754941,121.08482261307985,AV.CARACAS,CL63;CL57,4.60408095,-74.08990555,1.0,24.072203992213115,,0.0,122.0,1.0
167001,10500025,-74.092090874,4.754266298,AV AVENIDA CIUDAD DE CALI-CL 163 2,2019,Octubre,16,miércoles,17,20,Suba,Choque,Vehículo,,Solo Daños,0,0,0,0,0,1,0,0,0,0,0,0,0,0,0,0,0,0,0,0,0,0,1001055.0,0.009861543748362915,1094.6313560682836,KR68,AV.SUBA;KR64,4.753758749999999,-74.0822424,0.0,15.169364256166666,,0.0,120.0,0.0
167002,10500026,-74.120046866,4.67864552200001,AV AVENIDA CIUDAD DE CALI-CL 26 02,2019,Octubre,16,miércoles,16,44,Fontibón,Choque,Vehículo,,Solo Daños,0,1,0,0,0,0,0,0,0,0,0,0,0,0,0,0,0,0,0,0,0,0,115.0,0.0030959106464978473,343.64608176126103,KR60;CL68,CL66C;KR58,4.68103185,-74.1220192,1.0,16.288711381083335,,0.0,120.0,1.0
167003,10500027,-74.118679836,4.62707388000001,KR 64-CL 5A 34,2019,Octubre,16,miércoles,11,27,Puente Aranda,Choque,Vehículo,,Solo Daños,0,0,0,0,0,1,0,0,0,1,0,0,0,0,0,0,0,0,0,0,0,1,1001206.0,0.0008256347355828405,91.6454556496953,KR68,NQS;CL40SUR,4.627447549999999,-74.11794359999999,1.0,16.881664533333332,,0.0,120.0,1.0
167005,10500400,-74.108722672,4.66951871800001,AV AVENIDA BOYACA-CL 51 2,2019,Octubre,19,sábado,15,0,Engativá,Choque,Vehículo,,Solo Daños,0,0,0,0,0,0,0,0,0,0,1,0,0,0,0,0,0,0,0,0,0,0,92.0,0.0014299014755869575,158.7190637901523,"KR50,TV42,TV39",CL6;CL19,4.6708416,-74.1081799,1.0,16.63955680270492,,0.0,122.0,1.0
167006,10500401,-74.042001467,4.77659933899997,CL 198-KR 45 2,2019,Octubre,20,domingo,12,40,Usaquén,Choque,Vehículo,,Solo Daños,0,0,0,0,0,0,0,0,0,0,0,0,0,0,0,0,0,0,0,0,0,0,1000087.0,0.018481892965894017,2051.490119214236,KR19,CL147;CL152,4.7597534,-74.04960375,0.0,12.721106869344263,,0.0,122.0,0.0
167007,10500402,-74.043381034,4.767663959,AK 45-CL 190 2,2019,Octubre,20,domingo,8,0,Usaquén,Choque,Vehículo,,Solo Daños,0,1,0,0,0,0,0,0,0,0,0,0,0,0,0,0,0,0,0,0,0,0,1000087.0,0.010064747294845036,1117.186949727799,KR19,CL147;CL152,4.7597534,-74.04960375,0.0,18.901305023083335,,0.0,120.0,0.0
167008,10500403,-74.100835836,4.60774761800002,CL 5C-KR 31C 02,2019,Octubre,20,domingo,13,50,Puente Aranda,Choque,Vehículo,,Solo Daños,0,0,1,0,0,0,0,0,0,0,0,0,0,0,0,0,0,0,0,0,0,0,100.0,0.0012139643941103339,134.75004774624705,KR24,CL63;CL80,4.6065363,-74.10091595,1.0,12.551493153709677,,0.0,124.0,1.0
167009,10500404,-74.079173474,4.63674000100002,KR 30-CL 46A 2,2019,Octubre,19,sábado,9,0,Teusaquillo,Choque,Vehículo,,Solo Daños,0,0,0,0,0,0,0,0,0,1,0,0,0,0,0,0,0,0,0,0,0,1,70.0,0.0008799196055291578,97.67107621373651,KR27,CL22C;CL30SUR,4.636184399999999,-74.07849115,1.0,22.221320674534883,,0.0,86.0,1.0
167010,10500405,-74.146826017,4.56816870300003,KR 22G-CL 62 S 02,2019,Octubre,20,domingo,23,30,Ciudad Bolívar,Choque,Objeto Fijo,Semaforo,Solo Daños,0,0,0,0,0,0,0,0,0,0,0,0,0,0,0,0,0,0,0,0,0,0,56.0,0.01316520578535614,1461.3378421745315,CL6,AV.CARACAS;KR42,4.574981,-74.13556034999999,0.0,32.13815471741667,,0.0,120.0,0.0
167011,10500406,-74.13318664,4.67959686699999,KR 97-CL 23J 02,2019,Octubre,20,domingo,19,0,Fontibón,Choque,Vehículo,,Solo Daños,0,0,0,0,0,1,0,0,0,0,0,0,0,0,0,0,0,0,0,0,0,0,77.0,0.0062355913095863595,692.1506353640859,KR68,AV.SUBA;NQS,4.6743954,-74.12974754999999,0.0,17.03777161394958,,0.0,119.0,0.0
167012,10500407,-74.082918516,4.62436257600001,KR 30-CL 24 2,2019,Octubre,19,sábado,7,27,Los Mártires,Choque,Vehículo,,Solo Daños,0,1,0,0,0,0,0,0,0,0,0,0,0,0,0,0,0,0,0,0,0,0,1001982.0,0.004321996910702172,479.7416570879411,NQS,CAD;AV.DORADO,4.6206293,-74.08509620000001,1.0,25.600485225,,0.0,40.0,1.0
167013,10500408,-74.045297464,4.75809786899998,AK 45-CL 182 2,2019,Octubre,20,domingo,10,30,Usaquén,Choque,Vehículo,,Solo Daños,0,0,0,0,0,0,0,0,0,0,0,0,0,0,0,0,0,0,0,0,0,0,1000087.0,0.004613554162014579,512.1045119836182,KR19,CL147;CL152,4.7597534,-74.04960375,1.0,15.09323745885965,,0.0,114.0,1.0
167014,10500409,-74.147054732,4.64923761400001,AV AVENIDA CIUDAD DE CALI-AC 10 2,2019,Octubre,19,sábado,14,20,Kennedy,Choque,Vehículo,,Solo Daños,0,1,0,0,0,0,0,0,0,0,0,0,0,0,0,0,0,0,0,0,0,0,124.0,0.006593263362394374,731.8522332257755,CL66A,KR86;KR72,4.652358850000001,-74.1528624,0.0,9.2385866147,,0.0,100.0,0.0
167015,10500410,-74.047355365,4.74800469000002,CL 167-KR 45 02,2019,Octubre,20,domingo,12,35,Suba,Choque,Vehículo,,Solo Daños,0,0,0,0,0,0,0,0,0,0,0,0,0,0,0,0,0,0,0,0,0,0,1000175.0,0.009275455032349835,1029.5755085908318,CL106,KR19;KR15,4.73962495,-74.05133205,0.0,13.792278138211383,,0.0,123.0,0.0
167016,10500411,-74.060937411,4.66405906199998,AV AVENIDA CARACAS-CL 76 2,2019,Octubre,20,domingo,18,15,Chapinero,Choque,Vehículo,,Solo Daños,0,0,0,0,0,0,0,1,0,0,0,0,0,0,0,0,0,0,0,0,0,0,1000707.0,0.0033106786609464235,367.485331365053,CL13,KR47;KR39,4.6608924,-74.06190325,1.0,20.272995985258618,,0.0,116.0,1.0
167017,10500412,-74.073806738,4.64541534199998,AC 57-TR 26 2,2019,Octubre,19,sábado,20,0,Teusaquillo,Choque,Vehículo,,Solo Daños,0,0,0,0,0,0,0,0,0,1,0,0,0,0,0,0,0,0,0,0,0,1,1000661.0,0.0024453285479090012,271.43146881789914,AV.CIRCUNVALAR,CL59;CL51,4.6451685000000005,-74.0713739,1.0,46.18143081857143,,0.0,112.0,1.0
167018,10500413,-74.106539684,4.58759204799998,KR 24G-CL 20 S 02,2019,Octubre,20,domingo,21,15,Antonio Nariño,Choque,Vehículo,,Solo Daños,0,0,0,0,0,0,0,1,0,0,0,0,0,0,0,0,0,0,0,0,0,0,1000314.0,0.0032865068159566814,364.8022565711916,CL19,KR5;KR10,4.5844906000000005,-74.10762695,1.0,13.670565889639638,,0.0,111.0,1.0
167019,10500414,-74.095829564,4.64117491000002,CL 26-KR 51 2,2019,Octubre,20,domingo,16,45,Teusaquillo,Choque,Vehículo,,Solo Daños,0,0,0,0,0,0,0,0,0,0,0,0,0,0,0,0,0,0,0,0,0,0,1000022.0,0.0010271158342068046,114.00985759695531,KR7,CL85;CL79,4.64152795,-74.0967941,1.0,18.96981641625,,0.0,112.0,1.0
167020,10500415,-74.174662898,4.59678593299998,AV AVENIDA DEL SUR-KR 75A 02,2019,Octubre,20,domingo,0,30,Bosa,Choque,Vehículo,,Solo Daños,0,0,0,0,0,1,0,0,0,0,0,0,0,0,0,0,0,0,0,0,0,0,149.0,0.007337282594843427,814.4383680276204,AV.CL59SUR,CL59SUR;KR81A,4.6025243,-74.1792353,0.0,32.004407082499995,,0.0,4.0,0.0
167021,10500416,-74.0954,4.6635,KR 68-CL 55 2,2019,Octubre,20,domingo,14,50,Teusaquillo,Choque,Vehículo,,Solo Daños,0,0,0,0,0,0,0,0,0,0,0,0,0,0,0,0,0,0,0,0,0,0,69.0,0.0018125940837702547,201.19794329849827,AV.CIRCUNVALAR,CL51;KR7,4.66439345,-74.09382289999999,1.0,24.79402066475806,,0.0,124.0,1.0
167022,10500418,-74.061320925,4.66425454300003,CL 76-KR 20 23,2019,Octubre,19,sábado,17,0,Barrios Unidos,Choque,Vehículo,,Solo Daños,0,0,0,0,0,1,0,0,0,0,0,0,0,0,0,0,0,0,0,0,0,0,1000707.0,0.003412199870798206,378.7541856586009,CL13,KR47;KR39,4.6608924,-74.06190325,1.0,19.649731044666666,,0.0,120.0,1.0
167023,10500419,-74.091471351,4.635786317,CL 26-KR 44A 2,2019,Octubre,20,domingo,15,48,Teusaquillo,Choque,Vehículo,,Solo Daños,0,0,0,0,0,0,0,1,0,0,0,0,0,0,0,0,0,0,0,0,0,0,1000011.0,0.004268842552320945,473.8415233076249,KR7,CL76;CL72,4.635805599999999,-74.09574015,1.0,27.54252225525862,,0.0,116.0,1.0
167024,10500420,-74.11566506,4.67251712500001,CL 26-KR 75 02,2019,Octubre,20,domingo,15,0,Fontibón,Choque,Vehículo,,Solo Daños,0,0,0,0,0,0,0,0,0,0,0,0,0,0,0,0,0,0,0,0,0,0,1000320.0,0.003621143082187314,401.94688212279186,KR72,CL169B;CL163,4.67551385,-74.11363225,1.0,24.697254241370967,,0.0,124.0,1.0
167025,10500421,-74.121654369,4.51771213199999,AV AVENIDA BOYACA-CL 73A S 02,2019,Octubre,20,domingo,20,30,Usme,Choque,Vehículo,,Solo Daños,0,0,0,0,0,0,0,0,0,0,0,0,0,0,0,0,0,0,0,0,0,0,1001959.0,0.019802636533487905,2198.0926552171572,"CL19,KR3",KR5;CL22,4.5343054,-74.1108466,0.0,13.468078648813558,,0.0,118.0,0.0
167026,10500422,-74.096762906,4.61881481099999,CL 13-KR 36 02,2019,Octubre,17,jueves,13,50,Puente Aranda,Choque,Vehículo,,Solo Daños,0,0,0,0,0,0,0,0,0,0,0,0,0,0,0,0,0,0,0,0,0,0,1000337.0,0.003119651600340233,346.28132763776586,KR7,CL53;CL45,4.61582185,-74.09588289999999,1.0,19.81682801761468,,0.0,109.0,1.0
167027,10500423,-74.136777584,4.59499329599998,KR 53-CL 45 S 2,2019,Octubre,20,domingo,23,10,Tunjuelito,Choque,Vehículo,,Solo Daños,0,0,0,0,0,0,0,0,0,0,1,0,1,0,0,1,0,0,0,0,0,0,1001949.0,0.003041845039656971,337.64479940192376,"AV.AMERICAS,KR50",KR36;CL17,4.5980143,-74.13713304999999,1.0,35.9863669169,,0.0,100.0,1.0
167028,10500424,-74.118256106,4.60938845700002,CL 1B-KR 51A 2,2019,Octubre,19,sábado,16,2,Puente Aranda,Choque,Vehículo,,Solo Daños,0,0,0,0,0,0,0,0,0,1,0,0,0,0,0,0,0,0,0,0,0,0,120.0,0.0028622401192065325,317.7086532319251,"KR24,TV24",CL45;CL57,4.60674375,-74.1171616,1.0,9.414807319652173,,0.0,115.0,1.0
167029,10500425,-74.138373675,4.63040361399999,AV AVENIDA DE LAS AMERICAS-KR 72 2,2019,Octubre,19,sábado,15,40,Kennedy,Choque,Vehículo,,Solo Daños,0,0,0,0,0,1,0,0,0,0,0,0,0,0,0,0,0,0,0,0,0,0,1000780.0,0.004414561630269886,490.01634095995735,CL6,KR42;KR36,4.62659345,-74.1361441,1.0,29.213262870080644,,0.0,124.0,1.0
167030,10500802,-74.153966313,4.677883802,AC 13-KR 111A 2,2019,Octubre,25,viernes,3,5,Fontibón,Choque,Objeto Fijo,Arbol,Con Muertos,0,0,0,0,0,1,0,0,0,0,0,1,0,0,0,0,0,0,0,0,0,0,1000982.0,0.003483626752571682,386.6825695354567,DIAG16,KR123;KR106,4.67875865,-74.15733829999999,1.0,52.79091942867768,,0.0,121.0,1.0
167031,10500803,-74.126986638,4.593395289,KR 50-CL 45A S 02,2019,Octubre,23,miércoles,13,4,Puente Aranda,Choque,Vehículo,,Solo Daños,0,0,0,0,0,1,0,0,0,0,0,0,0,0,0,0,0,0,0,0,0,0,1000955.0,0.0031144979740463305,345.70927511914266,AV.P.MAYO,KR52A;KR69B,4.59631235,-74.1280779,1.0,25.28642951811475,,0.0,122.0,1.0
167032,10500804,-74.126502539,4.64927996900002,AV AVENIDA BOYACA-CL 13 2,2019,Octubre,22,martes,21,30,Fontibón,Choque,Vehículo,,Solo Daños,0,0,0,0,0,0,0,0,0,0,1,0,1,0,0,1,0,0,0,0,0,0,1000775.0,0.0009184071258745983,101.94319097208042,CL17,KR128;KR123,4.65006275,-74.1260222,1.0,25.383806646551726,,0.0,116.0,1.0
167033,10500805,-74.14790135,4.56774903299998,CL 64-KR 23A S 02,2019,Octubre,23,miércoles,17,40,Ciudad Bolívar,Volcamiento,,,Con Heridos,0,0,0,1,0,1,0,0,0,0,0,0,0,0,0,0,0,0,0,0,0,0,56.0,0.01430390253355855,1587.733181224999,CL6,AV.CARACAS;KR42,4.574981,-74.13556034999999,0.0,17.159014918083336,,0.0,120.0,0.0
167034,10500806,-74.084514058,4.645557166,CL 53-KR 45 02,2019,Octubre,24,jueves,9,30,Teusaquillo,Choque,Vehículo,,Solo Daños,0,0,0,0,0,0,0,0,0,0,0,0,0,0,0,0,0,0,0,0,0,0,1000984.0,0.001924588683204194,213.62934383566554,CL80,KR58;KR24,4.643921049999999,-74.08552755,1.0,24.922270327603307,,0.0,121.0,1.0
167035,10500807,-74.068672641,4.59635368199997,CL 12B-KR 1 E 2,2019,Octubre,24,jueves,13,50,Candelaria,Choque,Vehículo,,Solo Daños,0,0,0,0,0,0,0,0,0,1,0,0,0,0,0,0,0,0,0,0,0,1,1000052.0,0.004563867850718597,506.5893314297643,CL116,KR11;KR19,4.6003184,-74.07093315,1.0,10.33327964967742,,0.0,124.0,1.0
167036,10500808,-74.127911911,4.608410757,CL 26-KR 52D S 02,2019,Octubre,24,jueves,7,18,Puente Aranda,Choque,Vehículo,,Solo Daños,0,0,0,0,0,0,0,0,0,0,1,0,0,0,0,0,0,0,0,0,0,0,1000757.0,0.0006017883135872583,66.79850280818567,AV.P.MAYO,KR69B;KR72,4.607809,-74.12791805,1.0,23.214480632478633,,0.0,117.0,1.0
167037,10500809,-74.107615358,4.70591548200002,CL 80-KR 93A 02,2019,Octubre,24,jueves,15,30,Engativá,Choque,Vehículo,,Solo Daños,0,1,0,0,0,0,0,0,0,0,0,0,0,0,0,0,0,0,0,0,0,0,1000759.0,0.008678144341102666,963.2740218623959,KR80,CL26SUR;CL38CSUR,4.69774235,-74.10469815,0.0,21.946817464032257,,0.0,124.0,0.0
167038,10500811,-74.122185424,4.70862810300002,KR 106A-CL 72 02,2019,Octubre,24,jueves,18,20,Engativá,Choque,Vehículo,,Solo Daños,0,0,0,0,0,0,0,0,0,0,1,0,1,0,0,1,0,0,0,0,0,0,1000723.0,0.01113804925441723,1236.3234672403125,KR86,CL10;AV.AMERICAS,4.6984233,-74.11772245,0.0,8.426682440083333,,0.0,120.0,0.0
167039,10500812,-74.078025244,4.65233818500002,KR 30-CL 63 2,2019,Octubre,24,jueves,12,30,Barrios Unidos,Choque,Vehículo,,Solo Daños,0,0,0,0,0,0,0,0,0,0,0,0,0,0,0,0,0,0,0,0,0,0,1002294.0,0.0013820825483706316,153.4111628691401,CL53,CL63;KR72,4.6511753,-74.07727835,1.0,9.884897945,,0.0,32.0,1.0
167040,10500813,-74.108986045,4.65287918500002,CL 24A-KR 68B 02,2019,Octubre,24,jueves,7,0,Fontibón,Choque,Objeto Fijo,Semoviente,Solo Daños,0,0,0,0,0,0,0,0,0,1,0,0,0,0,0,0,0,0,0,0,0,1,1001983.0,0.00395893233312504,439.44148897687944,NQS,AV.DORADO;CAD,4.651686,-74.1052112,1.0,36.927283392,,0.0,40.0,1.0
167041,10500814,-74.05657584,4.71766291199998,CL 131-KR 50 2,2019,Octubre,24,jueves,21,20,Suba,Choque,Vehículo,,Con Heridos,0,0,0,0,0,1,0,0,0,0,0,0,0,0,0,0,0,0,0,0,0,0,16.0,0.002186824529968254,242.7375228264762,CL94,KR15;KR7,4.7156571,-74.057447,1.0,15.82197418184874,,0.0,119.0,1.0
167042,10500815,-74.153857073,4.57379898699998,CL 62-KR 44C 2,2019,Octubre,23,miércoles,13,50,Ciudad Bolívar,Choque,Vehículo,,Con Heridos,0,0,0,0,0,1,0,0,0,0,0,0,0,0,0,0,0,0,0,0,0,0,1002276.0,0.009892313606617454,1098.0468103345374,AV.VILLAVICENCIO,CL57BSUR;AV.P.MAYO,4.5824943,-74.158574,0.0,22.92887216625,,0.0,8.0,0.0
167043,10500816,-74.105939902,4.62729311999999,CL 13-KR 50 02,2019,Octubre,24,jueves,18,0,Puente Aranda,Choque,Vehículo,,Con Heridos,1,0,0,0,0,0,0,0,0,0,0,0,0,0,0,0,0,0,0,0,0,0,1001705.0,0.002021479316736088,224.38420415770577,AV.AMERICAS,KR80G;KR74,4.6273108,-74.1039185,1.0,38.084640454083335,,0.0,120.0,1.0
167044,10500817,-74.095772297,4.57460183900002,KR 10-CL 22B S 02,2019,Octubre,25,viernes,2,0,San Cristóbal,Choque,Vehículo,,Con Heridos,0,1,0,0,0,0,0,0,0,1,0,0,0,0,0,0,0,0,0,0,0,1,117.0,0.0037887759322846625,420.55412848359754,CL57,AV.CARACAS;TV25,4.5777728,-74.09784590000001,1.0,25.736181252710278,,0.0,107.0,1.0
167046,10500819,-74.095395743,4.58531270399999,AV AVENIDA CARACAS-CL 12C S 37,2019,Octubre,25,viernes,9,20,Tunjuelito,Choque,Objeto Fijo,Semaforo,Con Heridos,0,0,0,0,0,1,0,0,0,0,0,0,0,0,0,0,0,0,0,0,0,0,1000289.0,0.003687945344528777,409.36193324269425,AV.CARACAS,CL13;CL19,4.5821952,-74.09736605,1.0,16.447006799596775,,0.0,124.0,1.0
167047,10500820,-74.087369137,4.73031940599998,CL 131F-KR 91 2,2019,Octubre,24,jueves,16,25,Suba,Choque,Objeto Fijo,Tren,Con Heridos,0,1,0,0,0,0,1,1,0,0,0,0,0,0,0,0,0,0,0,0,0,0,53.0,0.0034891137965740227,387.2916314197165,CL170,KR92;KR7,4.7337238500000005,-74.08660515,1.0,20.30564347275,,0.0,120.0,1.0
167048,10500821,-74.088588972,4.62381791299998,TR 32C-CL 22B 02,2019,Octubre,25,viernes,10,50,Antonio Nariño,Choque,Vehículo,,Con Heridos,0,0,0,0,0,1,0,1,0,0,0,0,0,0,0,0,0,0,0,0,0,0,48.0,0.0020075917348997283,222.84268257386984,CL53,KR7;KR68,4.6257944,-74.088941,1.0,14.95416035551724,,0.0,116.0,1.0
167049,10500822,-74.116033679,4.56732723099998,TR 12F-DG 46 S 2,2019,Octubre,24,jueves,14,0,Rafael Uribe Uribe,Choque,Vehículo,,Con Heridos,0,1,0,0,0,1,0,0,0,0,0,0,0,0,0,0,0,0,0,0,0,0,1000325.0,0.007575708620512465,840.9036568768836,AV.CARACAS,AV.PRIMERO_MAYO;CL11SUR,4.57490245,-74.11594754999999,0.0,19.850836648064515,,0.0,124.0,0.0
167050,10500823,-74.091084731,4.68801174800001,KR 70F-CL 74B 2,2019,Octubre,24,jueves,13,39,Engativá,Choque,Vehículo,,Con Heridos,0,0,0,0,0,1,0,0,0,0,0,0,0,0,0,0,0,0,0,0,0,0,1001043.0,0.0015668422166326566,173.91948604622488,AV.AMERICAS,KR80;KR74,4.6875312000000005,-74.08959340000001,1.0,30.891157219516128,,0.0,124.0,1.0
167051,10500824,-74.064707491,4.75068178700002,CL 167-KR 67 02,2019,Octubre,24,jueves,16,0,Suba,Choque,Vehículo,,Con Heridos,0,0,0,0,0,1,0,0,0,0,1,0,0,0,0,0,0,0,0,0,0,0,1000231.0,0.007834647961157045,869.6459236884319,CL127,KR19;KR51A,4.7571278,-74.06916065,0.0,14.843081949322034,,0.0,118.0,0.0
167052,10500825,-74.098504861,4.68251486399998,AV AVENIDA BOYACA-CL 68 02,2019,Octubre,24,jueves,17,16,Engativá,Caida de ocupante,,,Con Heridos,0,0,0,0,0,0,0,1,0,0,1,0,1,0,0,0,1,0,0,0,0,0,1001341.0,0.006110039533764963,678.2143882479108,KR86,AV.AMERICAS;CL40BSUR,4.68404705,-74.09259005000001,0.0,13.052717705798319,,0.0,119.0,0.0
167053,10500826,-74.078277788,4.655749394,KR 30-CL 63D 1,2019,Octubre,25,viernes,6,0,Barrios Unidos,Choque,Vehículo,,Con Heridos,0,1,0,0,0,1,0,0,0,0,0,0,0,0,0,0,0,0,0,0,0,0,113.0,0.0007926078300004037,87.9794691300448,NQS,CL59SUR;CL100,4.655352,-74.077592,1.0,27.138954826160717,,0.0,112.0,1.0
167054,10500827,-74.131649044,4.70305274100002,CL 64F-KR 111 02,2019,Octubre,24,jueves,13,28,Engativá,Atropello,,,Con Heridos,0,1,0,0,0,0,1,1,0,0,0,0,0,0,0,0,0,0,0,0,0,0,103.0,0.010911684226597551,1211.1969491523282,DIAG16,KR129;CL17,4.71384325,-74.1332707,0.0,21.317337745887098,,0.0,124.0,0.0
167055,10501211,-74.085718611,4.61617158799999,CL 19-KR 25 02,2019,Octubre,26,sábado,6,49,Los Mártires,Choque,Vehículo,,Solo Daños,0,1,0,0,0,0,0,0,0,0,0,0,0,0,0,0,0,0,0,0,0,0,1001990.0,0.0019831097420233436,220.12518136459116,NQS,GRAL.SANTANDER;CL38ASUR,4.6181546,-74.0857383,1.0,39.75916689371681,,0.0,113.0,1.0
167056,10501212,-74.152829194,4.61716902400002,TR 74F-CL 40 S 2,2019,Octubre,27,domingo,16,30,Kennedy,Choque,Vehículo,,Solo Daños,0,0,0,0,0,0,0,0,0,1,0,0,0,0,0,0,0,0,0,0,0,1,1000749.0,0.004227181542905576,469.217151262519,KR68,CL3;CL21SUR,4.6131227,-74.15160595,1.0,28.635722494188034,,0.0,117.0,1.0
167057,10501213,-74.112423982,4.59172503100001,KR 29B-CL 27 S 02,2019,Octubre,29,martes,22,39,Antonio Nariño,Choque,Vehículo,,Solo Daños,0,0,0,0,0,1,0,0,0,0,0,0,0,0,0,0,0,0,0,0,0,0,66.0,0.005118973118156402,568.2060161153606,CL11SUR,KR6_ESTE;AV.CARACAS,4.5966778,-74.1137178,0.0,21.26372306933333,,0.0,120.0,0.0
167058,10501214,-74.123791045,4.60435996400003,AV AVENIDA PRIMERA DE MAYO-KR 51B 24,2019,Octubre,26,sábado,18,40,Puente Aranda,Choque,Vehículo,,Solo Daños,0,0,0,0,0,0,0,0,0,1,1,0,1,0,0,1,0,0,0,0,0,1,1001724.0,0.00396849808304372,440.50328721785297,CL68,KR24;KR58,4.6075555,-74.12143785,1.0,16.47792531655462,,0.0,119.0,1.0
167059,10501215,-74.075376901,4.75660317000001,CL 161-KR 89 2,2019,Octubre,27,domingo,17,39,Usaquén,Choque,Vehículo,,Solo Daños,0,0,0,0,0,0,0,0,0,0,1,0,1,0,0,1,0,0,0,0,0,0,1000231.0,0.006238350193109132,692.4568714351136,CL127,KR19;KR51A,4.7571278,-74.06916065,0.0,14.475719031833334,,0.0,120.0,0.0
167060,10501216,-74.119629516,4.71947543700003,CL 80-KR 112A 02,2019,Octubre,29,martes,14,25,Engativá,Choque,Vehículo,,Solo Daños,0,0,0,0,0,0,0,0,0,0,1,0,0,0,0,0,0,0,0,0,1,0,103.0,0.014758164903706385,1638.1563043114088,DIAG16,KR129;CL17,4.71384325,-74.1332707,0.0,22.15878106048387,,0.0,124.0,0.0
167061,10501217,-74.126598348,4.616850489,KR 68-CL 10 S 02,2019,Octubre,26,sábado,21,5,Puente Aranda,Choque,Vehículo,,Solo Daños,0,0,0,0,0,0,0,0,0,1,0,0,0,0,0,0,0,0,0,0,0,1,1000298.0,0.004551297785768096,505.19405422025864,CL6,AV:CARACAS;KR19,4.61244345,-74.12773515,1.0,21.647558820833336,,0.0,120.0,1.0
167062,10501218,-74.104008664,4.71664963900002,KR 95G-CL 88 02,2019,Octubre,29,martes,21,20,Engativá,Choque,Vehículo,,Solo Daños,0,0,0,0,0,1,0,0,0,0,0,0,0,0,0,0,0,0,0,0,0,0,1001349.0,0.004773572833906599,529.8665845636325,CL92,KR19B;KR15,4.7171787,-74.0992645,1.0,22.143189273083333,,0.0,120.0,1.0
167063,10501219,-74.124276708,4.69591258600002,CL 64B-KR 103A 02,2019,Octubre,29,martes,16,42,Engativá,Choque,Vehículo,,Solo Daños,0,0,0,0,0,0,0,1,0,1,0,0,0,0,0,0,0,0,0,0,0,1,1000723.0,0.00701868810535016,779.0743796938679,KR86,CL10;AV.AMERICAS,4.6984233,-74.11772245,0.0,9.034897997777778,,0.0,117.0,0.0
167064,10501220,-74.096286976,4.630897667,CL 22-KR 43A 2,2019,Octubre,27,domingo,10,40,Barrios Unidos,Choque,Vehículo,,Solo Daños,0,0,0,0,0,1,0,0,0,0,0,0,0,0,0,0,0,0,0,0,0,0,1001303.0,0.00020002579774958378,22.2028635502038,KR27,CL1B;AV.P.MAYO,4.63106945,-74.09638945,1.0,23.88415456282353,,0.0,85.0,1.0
167065,10501221,-74.167290588,4.59402831199998,KR 72-CL 57R S 02,2019,Octubre,26,sábado,9,40,Ciudad Bolívar,Choque,Vehículo,,Solo Daños,0,1,0,0,0,0,0,0,0,0,0,0,0,0,0,0,0,0,0,0,0,0,1001946.0,0.0034917279871637284,387.58180657517386,"AV.P.MAYO,CL26SUR",KR72;KR78K,4.5960945,-74.1644758,1.0,17.9286002697561,,0.0,123.0,1.0
167066,10501222,-74.126078907,4.69906709600002,CL 65-KR 105D 02,2019,Octubre,26,sábado,17,17,Engativá,Choque,Vehículo,,Solo Daños,0,0,0,0,0,0,0,0,0,0,0,0,0,0,0,0,0,0,0,0,0,0,1000723.0,0.00838121989225532,930.3154080403406,KR86,CL10;AV.AMERICAS,4.6984233,-74.11772245,0.0,8.695030289663865,,0.0,119.0,0.0
167067,10501223,-74.05210517,4.66685103399999,CL 82-KR 10 2,2019,Octubre,27,domingo,15,42,Chapinero,Choque,Vehículo,,Solo Daños,0,0,0,0,1,0,0,0,0,0,0,0,0,0,0,0,0,0,0,0,0,0,1000986.0,0.0032157947615458885,356.9532185315936,CL80,KR69H;KR58,4.6638357,-74.0532228,1.0,36.35043206355372,,0.0,121.0,1.0
167068,10501224,-74.106487227,4.694803439,KR 86-CL 71A 02,2019,Octubre,29,martes,14,50,Engativá,Choque,Vehículo,,Solo Daños,0,1,0,0,0,0,0,0,0,0,0,0,0,0,0,0,0,0,0,0,0,0,1001872.0,0.0013249596663502765,147.0705229648807,KR86,CL64BIS;CL66A,4.6942582,-74.1076948,1.0,15.058628829115044,,0.0,113.0,1.0
167069,10501225,-74.13869327,4.56236041400001,AV AVENIDA BOYACA-CL 60 S 02,2019,Octubre,26,sábado,16,19,Ciudad Bolívar,Choque,Vehículo,,Solo Daños,0,0,0,0,0,0,0,0,0,0,1,0,1,0,1,0,0,0,0,0,0,0,56.0,0.013003629443721602,1443.4028682530977,CL6,AV.CARACAS;KR42,4.574981,-74.13556034999999,0.0,17.402123065916665,,0.0,120.0,0.0
167070,10501226,-74.129264169,4.688662776,CL 26-KR 100 2,2019,Octubre,27,domingo,10,5,Fontibón,Choque,Vehículo,,Solo Daños,0,0,0,0,0,0,0,0,0,1,0,0,0,0,0,0,0,0,0,0,0,1,1000238.0,0.010061059924590735,1116.7776516295714,CL134,KR58;KR53,4.68384265,-74.1204329,0.0,26.53073753595041,,0.0,121.0,0.0
167071,10501227,-74.093124583,4.57425685800001,CL 22-KR 8 S 02,2019,Octubre,29,martes,21,0,San Cristóbal,Choque,Vehículo,,Solo Daños,0,1,0,0,0,0,0,0,0,0,0,0,0,0,0,0,0,0,0,0,0,0,1000214.0,0.005539034063302389,614.8327810265653,KR5,CL34;CL27,4.57950665,-74.0948911,0.0,26.6176581765,,0.0,120.0,0.0
167072,10501228,-74.032394724,4.71775940800001,KR 9-CL 140 02,2019,Octubre,26,sábado,11,58,Usaquén,Choque,Vehículo,,Solo Daños,0,0,0,0,0,0,0,0,0,0,0,0,0,0,0,0,0,0,0,0,0,0,1000051.0,0.00047672460586658193,52.916431251190595,CL116,KR15;KR11,4.7180052,-74.0328032,1.0,15.70398944590164,,0.0,122.0,1.0
167073,10501229,-74.146467933,4.56228110799998,CL 65-KR 20 S 2,2019,Octubre,27,domingo,18,30,Ciudad Bolívar,Choque,Vehículo,,Solo Daños,0,0,0,0,0,0,0,0,0,0,0,0,0,0,0,0,0,0,0,0,0,0,56.0,0.016741046075863235,1858.2561144208191,CL6,AV.CARACAS;KR42,4.574981,-74.13556034999999,0.0,16.4510510015,,0.0,120.0,0.0
167074,10501230,-74.066695547,4.73542880100001,AV AVENIDA BOYACA-CL 147 02,2019,Octubre,29,martes,15,30,Suba,Choque,Vehículo,,Solo Daños,1,0,0,0,0,0,0,0,0,0,0,0,0,0,0,0,0,0,0,0,0,0,8.0,0.002789216186032258,309.60299664958063,KR15,CL127;CL106,4.735977800000001,-74.0694302,1.0,12.361592285967742,,0.0,124.0,1.0
167075,10501231,-74.062106332,4.694850266,CL 106-KR 52 02,2019,Octubre,29,martes,16,50,Suba,Choque,Vehículo,,Solo Daños,0,0,0,0,0,1,0,0,0,0,0,0,0,0,0,0,0,0,0,0,0,0,1000773.0,0.004276509142255027,474.69251479030794,KR50,CL33SUR;CL16SUR,4.6906399,-74.0613571,1.0,26.798096014782608,,0.0,92.0,1.0
167076,10501232,-74.047040881,4.71912313500002,CL 134A-KR 19 02,2019,Octubre,26,sábado,17,42,Usaquén,Choque,Vehículo,,Solo Daños,0,0,0,0,0,0,0,0,0,0,0,0,0,0,0,0,0,0,0,0,0,0,1002021.0,0.0020293472128146963,225.2575406224313,AUTONORTE,CARDIO.INFANTIL;CL146,4.7190752,-74.04501210000001,1.0,43.617114051,,0.0,120.0,1.0
167077,10501233,-74.079335529,4.64172128199999,KR 30-CL 53 2,2019,Octubre,27,domingo,7,40,Teusaquillo,Choque,Vehículo,,Solo Daños,0,0,0,0,1,0,0,0,0,0,0,0,0,0,0,0,0,0,0,0,0,0,15.0,0.0015984655667405884,177.42967790820532,CL94,KR7;KR15,4.640764750000001,-74.07805485,1.0,13.077340878699186,,0.0,123.0,1.0
167085,10501616,-74.065028324,4.647145857,KR 14-CL 60 2,2019,Octubre,31,jueves,21,0,Chapinero,Choque,Vehículo,,Con Heridos,0,0,0,0,0,1,0,0,0,0,0,0,0,0,0,0,0,0,0,0,0,0,1002025.0,0.003213759066753122,356.7272564095966,AUTONORTE,SANTA.FE;TOBERIN,4.64911745,-74.06756625,1.0,47.191081326416665,,0.0,120.0,1.0
167101,10501632,-74.049552546,4.66206191800001,KR 7-CL 80A 2,2019,Octubre,31,jueves,10,30,Chapinero,Choque,Vehículo,,Con Heridos,0,0,0,0,0,1,0,0,0,0,0,0,0,0,0,0,0,0,0,0,0,0,1000986.0,0.004076403685603273,452.4808091019633,CL80,KR69H;KR58,4.6638357,-74.0532228,1.0,30.724173999391308,,0.0,115.0,1.0
167201,10503591,-74.09186767,4.69240486899997,KR 72-CL 76 02,2019,Octubre,23,miércoles,16,45,Engativá,Choque,Vehículo,,Solo Daños,0,0,0,0,0,0,0,1,0,1,0,0,0,0,0,0,0,0,0,0,0,1,1000282.0,0.00038994714124071636,43.28413267771952,CL170,KR58;AV.BOYACA,4.6924967,-74.09224664999999,1.0,25.519065874333332,,0.0,120.0,1.0
167299,10498854,-74.104079126,4.67892920499997,CL 64C-KR 73ABIS 02,2019,Octubre,4,viernes,7,50,Engativá,Choque,Vehículo,,Con Heridos,0,0,0,0,0,1,0,0,0,0,0,0,0,0,0,0,0,0,0,0,0,0,1000228.0,0.006092351054100154,676.2509670051171,KR72,CL169;CL170,4.6733282,-74.10647610000001,0.0,24.12077391159292,,0.0,113.0,0.0
167300,10498855,-74.114805767,4.597787493,AV AVENIDA PRIMERA DE MAYO-KR 36 02,2019,Octubre,4,viernes,6,26,Puente Aranda,Choque,Vehículo,,Con Heridos,1,0,0,0,0,1,0,0,0,0,0,0,0,0,0,0,0,0,0,0,0,0,1000287.0,0.0014265661772026694,158.3488456694963,AV.CARACAS,CL19;CL24,4.5992140500000005,-74.11480065,1.0,18.88299202637931,,0.0,116.0,1.0
167301,10498856,-74.091564725,4.63363353300002,KR 43A-CL 29D 2,2019,Octubre,3,jueves,14,27,Teusaquillo,Choque,Vehículo,,Con Heridos,0,0,0,0,0,1,0,1,0,0,0,0,0,0,0,0,0,0,0,0,0,0,111.0,0.004172524457239284,463.15021475356053,KR60,CL24;CL66C,4.6297438500000005,-74.09005465,1.0,19.6743737575,,0.0,124.0,1.0
167302,10498857,-74.104778847,4.620432833,CL 10A-KR 43 02,2019,Octubre,4,viernes,6,0,Antonio Nariño,Choque,Vehículo,,Con Heridos,0,0,0,0,0,1,0,0,0,0,0,0,0,0,0,0,0,0,0,0,0,0,1001211.0,0.004943320155546469,548.708537265658,NQS,KR71;CL59SUR,4.6204586,-74.1097221,1.0,17.332047072767857,,0.0,112.0,1.0
167303,10498858,-74.10680048,4.67125285600002,AV AVENIDA BOYACA-CL 53 S 2,2019,Octubre,3,jueves,3,7,Engativá,Choque,Vehículo,,Con Heridos,0,0,0,0,0,1,0,0,0,1,0,0,0,0,0,0,0,0,0,0,0,1,92.0,0.0014394203812405767,159.77566231770402,"KR50,TV42,TV39",CL6;CL19,4.6708416,-74.1081799,1.0,35.44447173756757,,0.0,74.0,1.0
167304,10498859,-74.135398184,4.54349190900001,AV AVENIDA BOYACA-KR 71 2,2019,Octubre,4,viernes,21,13,Ciudad Bolívar,Choque,Vehículo,,Con Heridos,0,1,0,0,0,1,0,0,0,0,0,0,0,0,0,0,0,0,0,0,0,0,39.0,0.021789587413494998,2418.644202897945,AV.CARACAS,AV.P.MAYO;CL80,4.5552695,-74.11706585,0.0,20.074501928793104,,0.0,116.0,0.0
167305,10498860,-74.171817498,4.596054052,AC 57R-KR 73J S 07,2019,Octubre,4,viernes,5,5,Bosa,Choque,Vehículo,,Con Heridos,1,0,0,0,0,0,0,0,0,0,1,0,0,0,0,0,0,0,0,0,0,0,1001946.0,0.007341809420283853,814.9408456515077,"AV.P.MAYO,CL26SUR",KR72;KR78K,4.5960945,-74.1644758,0.0,28.744341731487605,,0.0,121.0,0.0
167307,10498862,-74.16212387,4.59944871300002,KR 71B-CL 57B S 02,2019,Octubre,4,viernes,6,10,Bosa,Choque,Vehículo,,Con Heridos,0,0,0,0,0,1,0,0,0,1,0,0,0,0,0,0,0,0,0,0,0,1,1000750.0,0.0038298332698301994,425.1114929511521,KR68,CL21SUR;CL3,4.5995431,-74.1582952,1.0,16.616672773275862,,0.0,116.0,1.0
167308,10498863,-74.127947694,4.59092499500002,CL 48P-KR 5D S 2,2019,Octubre,4,viernes,7,58,Rafael Uribe Uribe,Choque,Vehículo,,Con Heridos,0,0,0,0,0,1,0,0,0,1,0,0,0,0,0,0,0,0,0,0,0,1,1000295.0,0.004235281303154203,470.1162246501165,CL1,AV.CARACAS;KR10,4.5933419,-74.13142565,1.0,25.98433658909836,,0.0,122.0,1.0
167309,10498864,-74.071002566,4.73061161200002,KR 73-CL 138 02,2019,Octubre,4,viernes,8,20,Suba,Choque,Vehículo,,Con Heridos,1,0,0,0,0,1,0,0,0,0,0,1,0,0,0,0,0,0,0,0,0,0,1000062.0,0.003022496959356251,335.4971624885439,KR15,CL92;CL94,4.7303056,-74.0679956,1.0,12.005568126854838,,0.0,124.0,1.0
167310,10498865,-74.196470787,4.60359637400001,KR 78C-CL 71D S 2,2019,Octubre,4,viernes,23,30,Bosa,Choque,Vehículo,,Con Heridos,1,0,1,0,0,1,0,0,0,0,0,0,0,0,0,0,0,0,0,0,0,0,1002284.0,0.007538656040143384,836.7908204559157,KR86,TV79D;CL57BSUR,4.61096955,-74.19804165,0.0,30.052516375,,0.0,8.0,0.0
167311,10498866,-74.109635465,4.74427754800001,TR 127-CL 136A 02,2019,Octubre,4,viernes,6,45,Suba,Choque,Vehículo,,Con Heridos,1,0,0,0,1,0,0,0,0,0,1,0,1,0,0,1,0,0,0,0,0,0,1000951.0,0.009621584169778043,1067.9958428453629,AV.SUBA,CL127;HUMEDAL.CORDOBA,4.7388854,-74.1016668,0.0,33.89236183460177,,0.0,113.0,0.0
167312,10498867,-74.125255833,4.672083547,AV AVENIDA CIUDAD DE CALI-CL 24 2,2019,Octubre,4,viernes,5,50,Fontibón,Choque,Vehículo,,Con Heridos,1,0,0,0,0,0,0,0,0,0,1,0,1,0,0,1,0,0,0,0,0,0,3.0,0.0028290390780095387,314.02333765905877,CL72,KR65;KR7,4.669261949999999,-74.12546090000001,1.0,23.11068652590164,,0.0,122.0,1.0
167313,10498868,-74.078829758,4.64142431099998,AV AVENIDA CIUDAD DE QUITO-CL 52 02,2019,Octubre,4,viernes,8,10,Teusaquillo,Choque,Vehículo,,Con Heridos,0,0,0,0,0,1,0,0,0,0,0,0,0,0,0,0,0,0,0,0,0,0,15.0,0.0010175967379827135,112.9532379160812,CL94,KR7;KR15,4.640764750000001,-74.07805485,1.0,10.345651845403225,,0.0,124.0,1.0
167314,10498869,-74.110575136,4.62804604500002,AV AVENIDA DE LAS AMERICAS-KR 54 02,2019,Octubre,5,sábado,0,0,Puente Aranda,Choque,Vehículo,,Con Heridos,0,0,1,0,0,1,0,0,0,0,0,0,0,0,0,0,0,0,0,0,0,0,133.0,0.0017147743285783738,190.3399504721995,"AV.AMERICAS,KR50",KR62;CL5A,4.6297271,-74.11023675,1.0,38.440154037,,0.0,120.0,1.0
167315,10498870,-74.117811655,4.68771732200003,CL 63-KR 90 2,2019,Octubre,2,miércoles,15,50,Engativá,Choque,Vehículo,,Con Heridos,0,0,0,0,1,1,0,0,0,0,0,0,0,0,0,0,0,0,0,0,0,0,1000238.0,0.004678034678991419,519.2618493680475,CL134,KR58;KR53,4.68384265,-74.1204329,1.0,31.671725086311476,,0.0,122.0,1.0
167316,10498871,-74.075661017,4.60971907200002,KR 14-CL 20 28,2019,Octubre,4,viernes,8,35,Santa Fe,Atropello,,,Con Heridos,0,0,0,0,0,1,1,0,0,0,0,0,0,0,0,0,0,0,0,0,0,0,41.0,0.0008571886203972961,95.14793686409986,CL39,KR7;AV.CARACAS,4.61057625,-74.07565675000001,1.0,9.826166393333333,,0.0,120.0,1.0
167317,10498872,-74.072976273,4.65574822299999,CL 63F-KR 26 2,2019,Octubre,4,viernes,9,45,Barrios Unidos,Atropello,,,Con Heridos,0,0,0,0,0,1,1,0,0,0,0,0,0,0,0,0,0,0,0,0,0,0,136.0,0.00133355910558403,148.02506071982734,"KR50,CL13",CL17;KR56,4.6570739,-74.07312105,1.0,16.9053123285,,0.0,100.0,1.0
167318,10498873,-74.101942519,4.60215340000002,AK 30-CL 2 02,2019,Octubre,2,miércoles,15,11,Puente Aranda,Atropello,,,Con Heridos,0,0,0,0,0,0,1,0,0,0,1,0,1,1,0,0,0,0,1,0,0,0,1000039.0,0.001796925856331188,199.45877005276188,KR24,CL80;CL72,4.6020578,-74.1037369,1.0,21.73743735354839,,0.0,124.0,1.0
167319,10498874,-74.15761318,4.65078873200002,CL 6H-KR 90C 2,2019,Octubre,3,jueves,18,47,Kennedy,Atropello,,,Con Heridos,0,0,0,0,1,0,1,0,0,0,1,0,0,0,0,0,0,0,0,0,1,0,1000713.0,0.004831808138387577,536.330703361021,CL72,KR76;KR86,4.6540506,-74.15404855,1.0,9.321275572,,0.0,120.0,1.0
167320,10498875,-74.190373069,4.622553815,KR 87C-CL 62 S 03,2019,Octubre,4,viernes,10,30,Bosa,Atropello,,,Con Heridos,0,1,0,0,1,0,1,0,0,0,0,0,0,0,0,0,0,0,0,0,0,0,76.0,0.010334448766045105,1147.1238130310066,KR86,CL57BSUR;KR91,4.616729,-74.1989096,0.0,15.741566657857144,,0.0,112.0,0.0
167321,10498876,-74.08979806,4.60787461899997,KR 24-CL 11 02,2019,Octubre,2,miércoles,16,0,Los Mártires,Atropello,,,Con Heridos,0,0,0,0,0,1,1,0,0,0,0,0,0,0,0,0,0,0,0,0,0,0,1000205.0,0.0015577236894467926,172.90732952859398,KR7,CL45;CL39,4.6091786500000005,-74.08894599999999,1.0,24.753611075200002,,0.0,100.0,1.0
167322,10498877,-74.138063298,4.625813467,AV AVENIDA BOYACA-CL 3 2,2019,Octubre,3,jueves,16,0,Kennedy,Atropello,,,Con Heridos,1,0,0,0,0,0,1,1,0,0,0,0,0,0,0,0,0,0,0,0,0,0,1000780.0,0.002071640519861224,229.95209770459587,CL6,KR42;KR36,4.62659345,-74.1361441,1.0,29.427010712,,0.0,120.0,1.0
167323,10498878,-74.112823314,4.65189788499998,CL 22C-KR 68F 2,2019,Octubre,4,viernes,5,10,Fontibón,Atropello,,,Con Heridos,0,0,0,0,0,0,1,0,0,0,1,0,1,0,0,1,0,0,0,0,0,0,1000301.0,0.005752428331742333,638.519544823399,CL6,KR27;KR19,4.6468165,-74.1155196,0.0,31.738514305081967,,0.0,122.0,0.0
167324,10499244,-74.071584097,4.66234716500003,CL 70-KR 27C 2,2019,Octubre,8,martes,11,40,Barrios Unidos,Choque,Vehículo,,Con Heridos,0,0,0,0,0,0,0,1,0,1,0,0,0,0,0,0,0,0,0,0,0,1,136.0,0.0054926813383577985,609.6876285577156,"KR50,CL13",CL17;KR56,4.6570739,-74.07312105,0.0,16.0782452557,,0.0,100.0,0.0
167325,10499245,-74.095411249,4.63476442799998,CL 24-KR 45A 72,2019,Octubre,7,lunes,12,53,Teusaquillo,Atropello,,,Con Heridos,0,0,0,0,0,1,1,1,0,0,0,0,0,0,0,0,0,0,0,0,0,0,1000011.0,0.001091885983712352,121.19934419207107,KR7,CL76;CL72,4.635805599999999,-74.09574015,1.0,25.10695531213675,,0.0,117.0,1.0
167327,10499247,-74.075671018,4.63999120199998,CL 51-KR 26 02,2019,Octubre,7,lunes,19,48,Teusaquillo,Atropello,,,Con Heridos,0,0,0,0,0,0,1,1,0,0,0,0,0,0,0,0,0,0,0,0,0,0,15.0,0.0025061986179456073,278.1880465919624,CL94,KR7;KR15,4.640764750000001,-74.07805485,1.0,12.024484385,,0.0,120.0,1.0
167328,10499248,-74.086553372,4.68731653100002,CL 77-KR 69P 2,2019,Octubre,7,lunes,18,10,Engativá,Otro,,,Con Heridos,0,0,0,0,0,0,1,0,0,0,0,0,0,0,0,0,0,0,0,0,0,0,1001939.0,0.002246086231611574,249.31557170888473,AV.AMERICAS,KR74;KR80,4.6850861,-74.0868181,1.0,19.099352397833336,,0.0,120.0,1.0
167329,10499249,-74.062037822,4.66410100399997,CL 75A-KR 20B 2,2019,Octubre,7,lunes,18,20,Barrios Unidos,Atropello,,,Con Heridos,0,0,0,0,0,1,1,0,0,0,0,0,0,0,0,0,0,0,0,0,0,0,1000707.0,0.0032114248008952547,356.46815289937325,CL13,KR47;KR39,4.6608924,-74.06190325,1.0,20.272995985258618,,0.0,116.0,1.0
167330,10499250,-74.125364809,4.59045389400001,DG 40-TR 34BIS S 02,2019,Octubre,8,martes,13,20,Antonio Nariño,Atropello,,,Con Heridos,0,0,0,0,0,0,1,1,0,1,0,0,0,0,0,0,0,0,0,0,0,1,1000955.0,0.006456188463640172,716.6369194640591,AV.P.MAYO,KR52A;KR69B,4.59631235,-74.1280779,0.0,25.28642951811475,,0.0,122.0,0.0
167331,10499251,-74.063408541,4.66042522200001,CL 72-KR 20A 19,2019,Octubre,7,lunes,15,30,Barrios Unidos,Caida de ocupante,,,Con Heridos,0,0,0,0,0,0,0,1,0,0,1,0,1,1,0,0,0,0,0,1,0,0,11.0,0.0006615660674133906,73.43383348288636,KR19,CL159;CL100,4.660728300000001,-74.0639966,1.0,13.575864469826087,,0.0,115.0,1.0
167332,10499252,-74.140623584,4.57664248899999,AV AVENIDA BOYACA-KR 25 2,2019,Octubre,8,martes,19,30,Tunjuelito,Choque,Vehículo,,Con Heridos,0,0,0,0,0,1,0,0,0,0,0,0,0,0,0,0,0,0,0,0,0,0,56.0,0.0053288726984133065,591.504869523877,CL6,AV.CARACAS;KR42,4.574981,-74.13556034999999,0.0,18.49958715025,,0.0,120.0,0.0
167333,10499253,-74.077267131,4.57179243299998,CL 11-KR 6 SE 02,2019,Octubre,8,martes,19,28,San Cristóbal,Atropello,,,Con Heridos,0,0,0,0,0,0,1,0,0,1,0,0,0,0,0,0,0,0,0,0,0,1,145.0,0.008118499879863041,901.1534866647976,CL63,AV.CARACAS;KR24,4.57655,-74.08384555,0.0,12.668913200169492,,0.0,118.0,0.0
167334,10499254,-74.172647962,4.59220235399999,CL 60-KR 74 S 2,2019,Octubre,8,martes,11,0,Ciudad Bolívar,Choque,Vehículo,,Con Heridos,1,0,0,0,0,0,0,0,0,0,0,0,0,0,0,0,0,0,0,0,0,0,1001946.0,0.009051686706882013,1004.7372244639034,"AV.P.MAYO,CL26SUR",KR72;KR78K,4.5960945,-74.1644758,0.0,16.43256863345133,,0.0,113.0,0.0
167335,10499255,-74.098068383,4.63858947300002,CL 24-KR 51 2,2019,Octubre,7,lunes,8,50,Teusaquillo,Choque,Vehículo,,Solo Daños,0,0,0,0,0,0,0,0,0,0,1,0,1,0,0,1,0,0,0,0,0,0,1002285.0,0.0006922426893799013,76.83893852116904,KR68SUR,KR51;CL38,4.6390051,-74.0975148,1.0,29.8229779525,,0.0,12.0,1.0
167336,10499256,-74.140905845,4.67673256099999,KR 100-CL 22 2,2019,Octubre,7,lunes,9,39,Fontibón,Choque,Vehículo,,Solo Daños,0,0,0,0,0,0,0,0,0,0,1,0,1,0,0,1,0,0,0,0,0,0,1001347.0,0.002472183265557945,274.41234247693194,DIAG16,KR97;KR106,4.6757841,-74.14318885,1.0,21.524588225564518,,0.0,124.0,1.0
167337,10499257,-74.132297605,4.68347123900003,KR 100-CL 24F 2,2019,Octubre,8,martes,10,50,Fontibón,Choque,Vehículo,,Con Heridos,1,0,0,0,0,0,0,1,0,0,1,0,1,0,0,0,1,0,0,0,0,0,77.0,0.009427281371507596,1046.4282322373433,KR68,AV.SUBA;NQS,4.6743954,-74.12974754999999,0.0,22.04214401834711,,0.0,121.0,0.0
167338,10499258,-74.11921144,4.61331510000002,TR 53-AC 2 2,2019,Octubre,7,lunes,14,20,Puente Aranda,Choque,Vehículo,,Con Heridos,0,0,0,0,0,0,0,1,0,1,0,0,0,0,0,0,0,0,0,0,0,1,1000030.0,0.0030227236611516943,335.52232638783806,CL72,KR11;KR7,4.611117999999999,-74.1212874,1.0,12.365755478709676,,0.0,124.0,1.0
167339,10499259,-74.136731799,4.61570723099999,AV AVENIDA PRIMERA DE MAYO-KR 70B 29,2019,Octubre,7,lunes,14,0,Kennedy,Caida de ocupante,,,Con Heridos,0,0,0,0,1,0,0,0,0,0,1,0,1,0,0,1,0,0,0,0,0,0,90.0,0.0011493659077783536,127.57961576339726,CL24,KR86;AV.AMERICAS,4.61621555,-74.13776265,1.0,18.232899100081966,,0.0,122.0,1.0
167340,10499260,-74.028529789,4.73378279999997,CL 156B-KR 8 27,2019,Octubre,7,lunes,15,12,Usaquén,Atropello,,,Con Heridos,0,0,0,0,1,1,1,0,0,0,0,0,0,0,0,0,0,0,0,0,0,0,1000081.0,0.0067002675071709565,743.7296932959762,KR19,CL116;CL127,4.7391552,-74.03253365,0.0,12.438082486097562,,0.0,123.0,0.0
167341,10499261,-74.136890011,4.58797718400001,CL 50A-KR 36 S 78,2019,Octubre,3,jueves,15,26,Tunjuelito,Atropello,,,Con Heridos,0,0,0,0,0,0,1,1,0,1,0,0,0,0,0,0,0,0,0,0,0,1,1002273.0,0.004761122324649446,528.4845780360885,AV.VILLAVICENCIO,AV.P.MAYO;CL57BSUR,4.5920865,-74.13929455,1.0,25.30409825888889,,0.0,9.0,1.0
167342,10499262,-74.135615342,4.57497967299997,CL 54-KR 24 S 44,2019,Octubre,8,martes,19,40,Tunjuelito,Choque,Vehículo,,Con Heridos,0,0,0,0,0,1,0,0,0,0,0,0,0,0,0,0,0,0,0,0,0,0,56.0,5.500800844753021e-05,6.105888937675854,CL6,AV.CARACAS;KR42,4.574981,-74.13556034999999,1.0,18.49958715025,,0.0,120.0,1.0
167343,10499263,-74.1263,4.61419999999998,KR 68-CL 16 S 2,2019,Octubre,7,lunes,10,10,Puente Aranda,Choque,Vehículo,,Solo Daños,0,0,0,0,0,0,0,0,0,1,0,0,0,0,0,0,0,0,0,0,0,1,1000298.0,0.002268286451255094,251.77979608931545,CL6,AV:CARACAS;KR19,4.61244345,-74.12773515,1.0,16.143301487603306,,0.0,121.0,1.0
167344,10499264,-74.1043,4.6968,KR 72-CL 85 2,2019,Octubre,7,lunes,8,30,Engativá,Choque,Vehículo,,Solo Daños,0,0,0,0,0,1,0,0,0,0,0,0,0,0,0,0,0,0,0,0,0,0,1000759.0,0.0010230087707390058,113.55397355202965,KR80,CL26SUR;CL38CSUR,4.69774235,-74.10469815,1.0,20.14625088185484,,0.0,124.0,1.0
167345,10499265,-74.070121019,4.70001699599999,CL 116-KR 60 02,2019,Octubre,7,lunes,9,50,Suba,Choque,Vehículo,,Solo Daños,0,0,0,0,0,0,0,0,0,1,0,0,0,0,0,0,0,0,0,0,0,1,1001995.0,0.004498772007770814,499.36369286256036,AUTONORTE,CL100;VIRREY,4.6970145,-74.0667708,1.0,26.628135362903226,,0.0,124.0,1.0
167346,10499266,-74.059654003,4.69298891400001,CL 104B-KR 49 02,2019,Octubre,7,lunes,9,0,Suba,Choque,Vehículo,,Solo Daños,0,1,0,0,0,0,0,0,0,0,0,0,0,0,0,0,0,0,0,0,1,0,1000773.0,0.002901448976565788,322.06083639880245,KR50,CL33SUR;CL16SUR,4.6906399,-74.0613571,1.0,21.546474965,,0.0,100.0,1.0
167347,10499267,-74.110688142,4.71447389100001,KR 102-CL 82 2,2019,Octubre,7,lunes,23,0,Engativá,Choque,Vehículo,,Solo Daños,0,0,0,0,0,1,0,0,0,0,0,0,0,0,0,0,0,0,0,0,0,0,1001349.0,0.01173948841604782,1303.083214181308,CL92,KR19B;KR15,4.7171787,-74.0992645,0.0,27.842916878416666,,0.0,120.0,0.0
167348,10499640,-74.097684815,4.60729177100001,KR 30-CL 6 2,2019,Octubre,11,viernes,18,40,Los Mártires,Choque,Vehículo,,Solo Daños,0,0,0,0,0,0,0,0,0,1,0,0,0,0,0,0,0,0,0,0,0,1,1001001.0,0.0008664535317363758,96.17634202273771,CL24,KR40;AV.AMERICAS,4.60802425,-74.09814765,1.0,14.063366594166666,,0.0,120.0,1.0
167349,10499641,-74.110704839,4.70872872500001,CL 80-KR 100 2,2019,Octubre,12,sábado,19,16,Engativá,Choque,Vehículo,,Con Heridos,0,0,0,0,0,0,0,0,0,0,1,0,1,1,0,0,0,1,0,0,0,0,1000723.0,0.012467904738899848,1383.9374260178831,KR86,CL10;AV.AMERICAS,4.6984233,-74.11772245,0.0,8.595200996134453,,0.0,119.0,0.0
167351,10499643,-74.065765071,4.71689914400002,CL 129-KR 56B 02,2019,Octubre,12,sábado,7,45,Suba,Choque,Vehículo,,Con Heridos,1,1,0,0,0,0,0,0,0,0,0,0,0,0,0,0,0,0,0,0,0,0,1000950.0,0.004078658175139034,452.7310574404328,AV.SUBA,CL116;HUMEDAL.CORDOBA,4.7209128,-74.0650398,1.0,40.09147214033058,,0.0,121.0,1.0
167352,10499644,-74.165077072,4.62967348299998,CL 41-KR 81K S 19,2019,Octubre,12,sábado,21,5,Kennedy,Atropello,,,Con Heridos,0,0,0,0,0,0,1,0,0,0,0,0,0,0,0,0,0,0,0,0,0,0,148.0,0.00738926059483866,820.2079260270913,AV.CL59SUR,KR81A;CL59SUR,4.6285372,-74.1577757,0.0,17.33314592125,,0.0,8.0,0.0
167353,10499645,-74.113053376,4.62470944699999,KR 53F-CL 5C 02,2019,Octubre,13,domingo,11,0,Puente Aranda,Atropello,,,Con Heridos,0,0,0,0,0,1,1,0,0,0,0,0,0,0,0,0,0,0,0,0,0,0,1001260.0,0.003220960614690181,357.5266282306101,NQS,CL3;CL1F,4.62242845,-74.1153275,1.0,18.316500474173914,,0.0,115.0,1.0
167354,10499646,-74.108892415,4.58928368300002,AV AVENIDA PRIMERA DE MAYO-KR 27 02,2019,Octubre,12,sábado,20,55,Antonio Nariño,Choque,Vehículo,,Con Heridos,0,0,0,0,1,0,0,0,0,0,0,0,0,0,0,0,0,0,0,0,0,0,1000314.0,0.004957322494180629,550.2627968540498,CL19,KR5;KR10,4.5844906000000005,-74.10762695,1.0,13.413053197345134,,0.0,113.0,1.0
167355,10499647,-74.115801413,4.67272954499998,CL 26-KR 75 25,2019,Octubre,12,sábado,18,20,Fontibón,Choque,Vehículo,,Con Heridos,0,0,0,0,0,0,0,1,0,0,1,0,0,0,0,0,0,0,0,0,1,0,1000320.0,0.003529535727787274,391.7784657843874,KR72,CL169B;CL163,4.67551385,-74.11363225,1.0,23.441346953083332,,0.0,120.0,1.0
167356,10499648,-74.15574495,4.54124260399999,KR 26-CL 76 S 02,2019,Octubre,14,lunes,3,0,Ciudad Bolívar,Choque,Objeto Fijo,Inmueble,Con Heridos,0,0,1,0,1,1,1,0,0,0,0,0,0,0,0,0,0,0,0,0,0,0,56.0,0.039315358853936486,4364.00483278695,CL6,AV.CARACAS;KR42,4.574981,-74.13556034999999,0.0,41.59429449850877,,0.0,114.0,0.0
167357,10499649,-74.09748816,4.74386768699998,KR 104-CL 140B 2,2019,Octubre,14,lunes,20,40,Suba,Choque,Vehículo,,Con Heridos,0,0,0,0,0,0,0,0,0,0,0,0,0,0,0,0,0,0,0,0,0,0,1001707.0,0.0029169266139738013,323.77885415109193,AV.SUBA,CL136;CL127,4.7425033,-74.09491,1.0,43.88691599304347,,0.0,115.0,1.0
167358,10499650,-74.14851604,4.60748511999998,DG 40C-KR 72J S 80,2019,Octubre,14,lunes,22,40,Kennedy,Choque,Objeto Fijo,Semaforo,Con Heridos,0,0,0,0,0,0,0,1,0,0,0,0,0,0,0,0,0,0,0,0,0,0,1000746.0,0.005433451082541899,603.1130701621508,CL6,KR36;KR32,4.6057228,-74.15365575,0.0,41.283420720916666,,0.0,120.0,0.0
167359,10499651,-74.066255102,4.67271087400002,CL 80-KR 29 02,2019,Octubre,12,sábado,18,0,Barrios Unidos,Choque,Vehículo,,Con Heridos,1,0,0,0,0,1,0,0,0,0,0,0,0,0,0,0,0,0,0,0,0,0,1000339.0,0.0027400846161133364,304.14939238858034,KR9,CL147;CL140,4.6704867,-74.06785545,1.0,26.44116172775,,0.0,120.0,1.0
167360,10499652,-74.126437364,4.57509111500002,CL 46-KR 22A S 38,2019,Octubre,12,sábado,10,46,Rafael Uribe Uribe,Atropello,,,Con Muertos,0,0,0,0,0,1,1,1,0,0,0,0,0,0,0,0,0,0,0,0,0,0,67.0,0.0039541492784332995,438.91056990609627,CL11SUR,AV.CARACAS;KR6_ESTE,4.5782967,-74.12412230000001,1.0,16.778584491735536,,0.0,121.0,1.0
167361,10499653,-74.093548659,4.61240865500002,CL 12-KR 30 02,2019,Octubre,11,viernes,14,30,Puente Aranda,Choque,Vehículo,,Con Heridos,0,0,0,0,0,1,0,1,0,0,0,0,0,0,0,0,0,0,0,0,0,0,1000695.0,0.001889050415547936,209.68459612582092,CL13,KR65;KR68,4.61249245,-74.09543585,1.0,22.405405758606555,,0.0,122.0,1.0
167362,10499654,-74.103409042,4.65383681999998,CL 26-KR 68 2,2019,Octubre,14,lunes,3,45,Fontibón,Atropello,,,Con Muertos,0,0,0,0,0,0,1,0,0,1,0,0,0,0,0,0,0,0,0,0,0,1,4.0,0.00036419728096806085,40.425898187454756,CL72,KR7;KR86,4.65391245,-74.10376529999999,1.0,32.233323966226415,,0.0,106.0,1.0
167363,10499655,-74.116753352,4.63576646400003,KR 65B-CL 12 93,2019,Octubre,12,sábado,8,0,Puente Aranda,Choque,Vehículo,,Con Heridos,1,0,0,0,0,1,0,0,0,0,0,0,0,0,0,0,0,0,0,0,0,0,121.0,0.003507874590497152,389.37407954518386,"TV85,CL64BBIS",CL63;KR86,4.63250775,-74.11805179999999,1.0,16.098719976048386,,0.0,124.0,1.0
167364,10499656,-74.056876126,4.68712923999999,AV AVENIDA PASEO DE LOS LIBERTADORES-CL 100 02,2019,Octubre,12,sábado,3,10,Usaquén,Choque,Vehículo,,Con Heridos,0,0,0,0,0,0,0,0,0,1,0,0,0,0,0,0,0,0,0,0,0,1,1000036.0,0.004315438762683389,479.0137026578562,AUTONORTE,CL82;CL80,4.6830666,-74.05833145,1.0,50.201678592777775,,0.0,108.0,1.0
167365,10499657,-74.138633999,4.65664688700002,CL 15A-KR 86 02,2019,Octubre,12,sábado,7,48,Kennedy,Choque,Vehículo,,Con Heridos,1,0,0,0,0,0,0,0,0,0,0,0,0,0,0,0,0,0,0,0,0,0,1001019.0,0.005450042313686513,604.9546968192029,KR72,CL75;CL66A,4.65133785,-74.1398657,0.0,36.0318364202,,0.0,100.0,0.0
167366,10499658,-74.089325173,4.67189324100002,KR 68-CL 64C 02,2019,Octubre,13,domingo,23,50,Barrios Unidos,Choque,Vehículo,,Con Heridos,0,0,0,0,0,0,0,1,0,1,0,0,0,0,0,0,0,0,0,0,0,1,1000659.0,0.003351646702257341,372.03278395056486,AV.CIRCUNVALAR,CL69;CL59,4.66861515,-74.08862685,1.0,47.06115045681034,,0.0,116.0,1.0
167367,10499659,-74.07993944,4.62930371900001,AK 30-CL 39A 36,2019,Octubre,14,lunes,21,55,Teusaquillo,Volcamiento,,,Con Heridos,0,0,0,0,0,1,0,0,0,0,0,0,0,0,0,0,0,0,0,0,0,0,1001987.0,0.003248779415960411,360.6145151716056,NQS,CAMPIN;U.NACIONAL,4.63205205,-74.08167184999999,1.0,49.858145579,,0.0,120.0,1.0
167368,10499660,-74.121511104,4.60301745300001,KR 50-CL 26 S 02,2019,Octubre,11,viernes,14,10,Puente Aranda,Choque,Vehículo,,Con Heridos,1,0,0,0,0,0,0,0,0,0,0,0,0,0,0,0,0,0,0,0,0,0,1001061.0,0.002007557611393252,222.838894864651,AV.P.MAYO,CL43SUR;CL41BSUR,4.6016787,-74.1200151,1.0,18.09927776796748,,0.0,123.0,1.0
167369,10499661,-74.084923809,4.737756864,AV AVENIDA SUBA-KR 91 2,2019,Octubre,12,sábado,8,0,Suba,Choque,Vehículo,,Con Heridos,1,0,0,0,0,0,0,0,0,0,1,0,1,0,0,0,1,0,0,0,0,0,97.0,0.004015684238846587,445.74095051197116,AV.CORDOBA,AV.SUBA;CL127,4.73683785,-74.0810147,1.0,18.377295419354837,,0.0,124.0,1.0
167370,10499662,-74.20962268,4.62814273800001,CL 81-KR 96 S 02,2019,Octubre,12,sábado,19,45,Bosa,Volcamiento,,,Con Heridos,1,0,0,0,0,0,0,0,0,0,0,0,0,0,0,0,0,0,0,0,0,0,75.0,0.00986199997757139,1094.6819975104243,KR86,KR91;CL57BSUR,4.61896385,-74.20601615,0.0,13.6771812697479,,0.0,119.0,0.0
167371,10499663,-74.181580472,4.60362165999999,CL 63-KR 78D S 10,2019,Octubre,13,domingo,14,8,Bosa,Choque,Vehículo,,Con Heridos,1,0,0,0,0,0,0,0,0,0,0,0,0,0,0,0,0,0,0,0,0,0,149.0,0.0025892142976435026,287.4027870384288,AV.CL59SUR,CL59SUR;KR81A,4.6025243,-74.1792353,1.0,25.22058833375,,0.0,8.0,1.0
167372,10500029,-74.12438952,4.70633210699998,KR 107A-CL 70C 02,2019,Octubre,16,miércoles,21,53,Engativá,Choque,Vehículo,,Solo Daños,0,0,0,0,0,0,0,0,0,1,0,0,0,0,0,0,0,0,0,0,0,1,1000723.0,0.010344034539178908,1148.1878338488589,KR86,CL10;AV.AMERICAS,4.6984233,-74.11772245,0.0,11.44416844525862,,0.0,116.0,0.0
167373,10500030,-74.094979973,4.62934997899998,KR 40-CL 22 34,2019,Octubre,16,miércoles,9,15,Teusaquillo,Choque,Vehículo,,Solo Daños,0,0,0,0,0,0,0,0,0,1,0,0,0,0,0,0,0,0,0,0,0,1,135.0,0.0014418896873772602,160.04975529887588,"AV.AMERICAS,KR50",KR36;CL17,4.62896045,-74.09636825,1.0,16.957829427333333,,0.0,120.0,1.0
167374,10500031,-74.158155339,4.68533971199997,CL 13-KR 120 2,2019,Octubre,16,miércoles,10,20,Fontibón,Choque,Vehículo,,Solo Daños,0,1,0,0,0,0,0,0,0,0,0,0,0,0,0,0,0,0,0,0,0,0,95.0,0.002201365174852521,244.35153440862985,AV.SUBA,KR94;SAN.MARTIN,4.68681675,-74.15652305,1.0,20.52115170057851,,0.0,121.0,1.0
167375,10500032,-74.145555583,4.67974038900002,KR 106-CL 20C 02,2019,Octubre,16,miércoles,14,59,Fontibón,Choque,Vehículo,,Solo Daños,0,0,0,0,0,0,0,0,0,0,0,0,0,0,0,0,0,0,0,0,0,0,1001347.0,0.0046101678651627445,511.7286330330646,DIAG16,KR97;KR106,4.6757841,-74.14318885,1.0,22.6763447675,,0.0,124.0,1.0
167376,10500033,-74.135757768,4.65189900299998,KR 80-CL 14 02,2019,Octubre,16,miércoles,6,56,Kennedy,Choque,Vehículo,,Solo Daños,0,0,0,0,0,0,0,0,0,0,0,0,0,0,0,0,0,0,0,0,0,0,1000330.0,0.003148806153818777,349.51748307388425,CL11SUR,KR6_ESTE;KR7,4.6509677,-74.1387657,1.0,27.7096687125,,0.0,116.0,1.0
167377,10500034,-74.119851574,4.67904474599999,CL 26-KR 86 2,2019,Octubre,16,miércoles,5,45,Fontibón,Choque,Vehículo,,Solo Daños,0,1,0,0,0,0,0,0,0,0,0,0,0,0,0,0,0,0,0,0,0,0,115.0,0.00294060959373074,326.40766490411215,KR60;CL68,CL66C;KR58,4.68103185,-74.1220192,1.0,32.52484450932204,,0.0,118.0,1.0
167378,10500035,-74.119908867,4.67913712299998,CL 26-KR 86 02,2019,Octubre,16,miércoles,18,56,Fontibón,Choque,Vehículo,,Solo Daños,0,0,0,0,0,0,0,0,0,1,0,0,0,0,0,0,0,0,0,0,0,1,115.0,0.0028361057412328275,314.80773727684385,KR60;CL68,CL66C;KR58,4.68103185,-74.1220192,1.0,15.267392705416666,,0.0,120.0,1.0
167379,10500036,-74.04337403,4.68960602200002,KR 13A-CL 106A 2,2019,Octubre,16,miércoles,10,58,Usaquén,Choque,Vehículo,,Solo Daños,0,0,0,0,0,0,0,0,0,1,0,0,0,0,0,0,0,0,0,0,0,1,1002017.0,0.0018184525195154844,201.84822966621877,AUTONORTE,ALCALA;PRADO,4.6892508,-74.04515745,1.0,36.34463903709401,,0.0,117.0,1.0
167380,10500037,-74.092410307,4.60276071700002,KR 23-CL 6 10,2019,Octubre,16,miércoles,9,20,Los Mártires,Choque,Vehículo,,Solo Daños,0,0,0,0,0,0,0,0,0,1,0,0,0,0,0,0,0,0,0,0,0,1,1000943.0,0.0022469686457180288,249.4135196747012,TV39,CL13;CL19,4.6006855,-74.0932719,1.0,16.97917967910569,,0.0,123.0,1.0
167381,10500038,-74.111703507,4.63663939399999,CL 17A-KR 64 2,2019,Octubre,16,miércoles,9,0,Fontibón,Choque,Vehículo,,Solo Daños,0,0,0,0,0,0,0,1,0,0,0,0,0,0,0,0,0,0,0,0,0,0,133.0,0.0070662001414726556,784.3482157034648,"AV.AMERICAS,KR50",KR62;CL5A,4.6297271,-74.11023675,0.0,21.415189523870968,,0.0,124.0,0.0
167382,10500039,-74.092545409,4.667773474,KR 68-CL 64 02,2019,Octubre,16,miércoles,8,48,Barrios Unidos,Choque,Vehículo,,Solo Daños,0,0,0,0,0,0,0,1,0,0,0,0,0,0,0,0,0,0,0,0,0,0,1000321.0,0.0016748343989037044,185.90661827831119,KR72,CL163;CL169B,4.6669198000000005,-74.09398635,1.0,30.046247441666665,,0.0,120.0,1.0
167383,10500040,-74.09110151,4.62561679200002,AV AVENIDA DE LAS AMERICAS-KR 36 2,2019,Octubre,16,miércoles,15,30,Teusaquillo,Choque,Vehículo,,Solo Daños,0,0,0,0,0,0,0,0,0,0,0,0,0,0,0,0,0,0,0,0,0,0,48.0,0.002167797975305681,240.62557525893058,CL53,KR7;KR68,4.6257944,-74.088941,1.0,13.454539376585366,,0.0,123.0,1.0
167384,10500041,-74.16374437,4.69001539700002,CL 17-KR 128 02,2019,Octubre,16,miércoles,9,0,Fontibón,Choque,Vehículo,,Solo Daños,0,0,0,0,0,1,0,0,0,0,1,0,0,0,0,0,0,0,0,0,0,0,95.0,0.007898025397093075,876.6808190773313,AV.SUBA,KR94;SAN.MARTIN,4.68681675,-74.15652305,0.0,21.955881987822583,,0.0,124.0,0.0
167385,10500042,-74.114489058,4.61554113699998,KR 50-CL 3 2,2019,Octubre,16,miércoles,13,15,Puente Aranda,Choque,Vehículo,,Solo Daños,0,1,0,0,0,0,0,0,0,0,0,0,0,0,0,0,0,0,0,0,0,0,1000332.0,0.0033059199547897664,366.95711498166406,CL11SUR,KR7;KR10,4.6123352,-74.11529594999999,1.0,11.941202111370968,,0.0,124.0,1.0
167386,10500043,-74.079736631,4.63077884400002,KR 30-CL 40A 02,2019,Octubre,16,miércoles,6,45,Teusaquillo,Choque,Vehículo,,Solo Daños,0,0,0,0,0,1,0,0,0,0,0,0,0,0,0,0,0,0,0,0,0,0,1001987.0,0.0023164900380326842,257.13039422162797,NQS,CAMPIN;U.NACIONAL,4.63205205,-74.08167184999999,1.0,53.02179600854701,,0.0,117.0,1.0
167387,10500044,-74.079736631,4.63077884400002,AK 30-CL 40A 2,2019,Octubre,16,miércoles,16,0,Teusaquillo,Choque,Vehículo,,Solo Daños,0,1,0,0,0,0,0,0,0,0,0,0,0,0,0,0,0,0,0,0,0,0,1001987.0,0.0023164900380326842,257.13039422162797,NQS,CAMPIN;U.NACIONAL,4.63205205,-74.08167184999999,1.0,41.82977829033334,,0.0,120.0,1.0
167388,10500045,-74.107169231,4.59813142299998,KR 30-CL 8 S 02,2019,Octubre,16,miércoles,6,30,Los Mártires,Choque,Vehículo,,Solo Daños,0,0,0,0,0,0,0,0,0,0,1,0,0,0,0,0,0,0,0,0,1,0,1000675.0,0.004925971075541111,546.7827893850633,KR11,CL76;CL72,4.602983699999999,-74.10632035,1.0,25.232811833418804,,0.0,117.0,1.0
167389,10500046,-74.137777267,4.54701025600002,CL 70C-KR 17A S 19,2019,Octubre,16,miércoles,16,30,Ciudad Bolívar,Choque,Vehículo,,Solo Daños,0,1,0,0,0,0,0,0,0,0,0,0,0,0,0,0,0,0,0,0,0,0,39.0,0.02229748653097791,2475.021004938548,AV.CARACAS,AV.P.MAYO;CL80,4.5552695,-74.11706585,0.0,16.081937618245615,,0.0,114.0,0.0
167390,10500047,-74.07865753,4.62396505800001,CL 26-KR 28 02,2019,Octubre,16,miércoles,9,15,Teusaquillo,Choque,Vehículo,,Solo Daños,0,0,0,0,0,0,0,1,0,0,0,0,0,0,0,0,0,0,0,0,0,0,1000967.0,0.001759748925117081,195.332130687996,CL26,KR33;KR40,4.6235713,-74.07694240000001,1.0,35.55822434895161,,0.0,124.0,1.0
167391,10500048,-74.137095461,4.62052639799998,KR 71D-CL 3 S 02,2019,Octubre,16,miércoles,9,40,Kennedy,Choque,Vehículo,,Solo Daños,0,0,0,0,0,0,0,0,0,0,0,0,0,0,0,0,0,0,0,0,0,0,1000942.0,0.000552078115163861,61.28067078318857,TV39,CL6;CL13,4.62102935,-74.1368678,1.0,17.589659669593495,,0.0,123.0,1.0
167392,10500049,-74.059792767,4.66943481599998,AV AVENIDA PASEO DE LOS LIBERTADORES-CL 82 02,2019,Octubre,16,miércoles,11,35,Chapinero,Choque,Vehículo,,Solo Daños,0,0,0,0,0,0,0,1,0,0,0,0,0,0,0,0,0,0,0,0,0,0,1000693.0,0.006513469023912478,722.995061654285,CL13,KR56;KR65,4.6657333,-74.06515225000001,0.0,22.8193434634,,0.0,100.0,0.0
167393,10500050,-74.101507569,4.56685248700001,CL 33-KR 9 S 02,2019,Octubre,16,miércoles,11,0,San Cristóbal,Choque,Vehículo,,Solo Daños,0,0,0,0,0,1,0,0,0,0,0,0,0,0,0,0,0,0,0,0,0,0,81.0,0.004981938395819098,552.9951619359199,CL34;AV.AMERICAS,AV.CARACAS;KR86,4.5667841,-74.0965261,1.0,22.87457060122951,,0.0,122.0,1.0
167394,10500051,-74.048303354,4.71084242400002,KR 19-CL 127D 2,2019,Octubre,16,miércoles,8,10,Usaquén,Choque,Vehículo,,Solo Daños,0,0,0,0,0,0,0,1,0,0,0,0,0,0,0,0,0,0,0,0,0,0,18.0,0.003925637613269849,435.7457750729532,CL85,KR15;KR7,4.7093504,-74.0519344,1.0,8.843801144758064,,0.0,124.0,1.0
167395,10500052,-74.092477448,4.69736597000002,CL 80-KR 75 04,2019,Octubre,15,martes,19,0,Engativá,Choque,Vehículo,,Solo Daños,0,0,0,0,0,0,0,0,0,0,1,0,1,0,0,1,0,0,0,0,0,0,1000282.0,0.0048747367159570525,541.0957754712329,CL170,KR58;AV.BOYACA,4.6924967,-74.09224664999999,1.0,23.314106489249998,,0.0,120.0,1.0
167396,10500053,-74.053876311,4.66434398500002,KR 11-CL 80 02,2019,Octubre,16,miércoles,11,25,Chapinero,Choque,Vehículo,,Solo Daños,0,0,0,0,0,1,0,1,0,1,0,0,0,0,0,0,0,0,0,0,0,1,1000986.0,0.0008279071616799419,91.89769494647355,CL80,KR69H;KR58,4.6638357,-74.0532228,1.0,32.230529144067795,,0.0,118.0,1.0
167397,10500426,-74.068475572,4.63981215699999,KR 16-CL 52 2,2019,Octubre,20,domingo,9,10,Teusaquillo,Choque,Vehículo,,Solo Daños,0,0,0,0,0,0,0,0,0,1,0,0,0,0,0,0,0,0,0,0,0,1,21.0,0.003661311869297395,406.40561749201083,CL106,KR19;KR7,4.6361552,-74.06829705,1.0,10.700039873442623,,0.0,122.0,1.0
167398,10500427,-74.185089143,4.63267855999999,KR 89B-CL 54 S 2,2019,Octubre,20,domingo,0,15,Bosa,Choque,Vehículo,,Solo Daños,0,0,1,0,0,0,0,0,0,0,0,0,0,0,0,0,0,0,0,0,0,0,1000981.0,0.018931431307969773,2101.388875184645,DIAG16,KR90;KR97,4.6495069,-74.176417,0.0,53.100988089,,0.0,120.0,0.0
167399,10500428,-74.075563988,4.66317562500001,CL 68-KR 29B 02,2019,Octubre,21,lunes,19,49,Barrios Unidos,Choque,Vehículo,,Solo Daños,0,0,0,0,0,0,0,0,0,0,0,0,0,0,0,0,0,0,0,0,0,0,1000189.0,0.0055607536873234584,617.2436592929039,KR7,CL170;CL165,4.66734485,-74.0792436,0.0,27.325676494583334,,0.0,120.0,0.0
167400,10500429,-74.166030586,4.620940717,AV AVENIDA CIUDAD DE VILLAVICENCIO-KR 80 2,2019,Octubre,19,sábado,9,30,Kennedy,Choque,Vehículo,,Solo Daños,0,1,0,0,0,0,0,0,0,0,0,0,0,0,0,0,0,0,0,0,0,0,148.0,0.011218275127769968,1245.2285391824664,AV.CL59SUR,KR81A;CL59SUR,4.6285372,-74.1577757,0.0,24.85604920875,,0.0,8.0,0.0
167401,10500430,-74.054884585,4.66704267599999,KR 13-CL 82 11,2019,Octubre,21,lunes,2,50,Chapinero,Choque,Vehículo,,Solo Daños,0,0,1,0,0,0,0,0,0,1,0,0,0,0,0,0,0,0,0,0,0,1,1000986.0,0.003611955765332975,400.9270899519602,CL80,KR69H;KR58,4.6638357,-74.0532228,1.0,51.6856801102521,,0.0,119.0,1.0
167402,10500431,-74.123369917,4.64843998399999,CL 18-KR 69F 02,2019,Octubre,21,lunes,20,20,Fontibón,Choque,Vehículo,,Solo Daños,0,0,0,0,0,0,0,0,0,0,0,0,0,0,0,0,0,0,0,0,0,0,1000774.0,0.0007367124586576695,81.77508291100132,CL17,KR123;KR128,4.648816999999999,-74.12400285,1.0,17.522126415689655,,0.0,116.0,1.0
167403,10500432,-74.137454067,4.54201436199997,CL 75A-KR 16Q S 2,2019,Octubre,19,sábado,14,15,Ciudad Bolívar,Choque,Objeto Fijo,Vehiculo,Solo Daños,0,1,0,0,0,0,0,0,0,0,0,0,0,0,0,0,0,0,0,0,0,0,39.0,0.024318266300016152,2699.327559301793,AV.CARACAS,AV.P.MAYO;CL80,4.5552695,-74.11706585,0.0,15.445619121833333,,0.0,120.0,0.0
167404,10500433,-74.132052438,4.66047059300001,KR 82-CL 19 02,2019,Octubre,21,lunes,17,36,Fontibón,Choque,Vehículo,,Solo Daños,0,0,0,0,0,0,0,1,0,1,0,0,0,0,0,0,0,0,0,0,0,1,1001016.0,0.002224250507512396,246.89180633387593,KR72,CL127;CL75,4.6623088,-74.13330475000001,1.0,24.29449297274336,,0.0,113.0,1.0
167405,10500434,-74.126433655,4.59342736500003,DG 39A-AK 50 S 2,2019,Octubre,19,sábado,14,33,Tunjuelito,Choque,Vehículo,,Solo Daños,0,0,0,0,0,0,0,0,0,0,1,0,0,0,0,0,0,0,0,0,1,0,1000955.0,0.0033206445263013378,368.5915424194485,AV.P.MAYO,KR52A;KR69B,4.59631235,-74.1280779,1.0,22.415029596198348,,0.0,121.0,1.0
167406,10500435,-74.112823314,4.65189788499998,CL 22C-KR 68F 2,2019,Octubre,21,lunes,4,45,Fontibón,Choque,Objeto Fijo,Vehiculo,Solo Daños,0,0,0,0,0,0,0,0,0,1,0,0,0,0,0,0,0,0,0,0,0,1,1000301.0,0.005752428331742333,638.519544823399,CL6,KR27;KR19,4.6468165,-74.1155196,0.0,39.41944723569106,,0.0,123.0,0.0
167407,10500436,-74.048775253,4.672283628,KR 11-CL 90 07,2019,Octubre,21,lunes,22,37,Chapinero,Choque,Vehículo,,Solo Daños,0,0,0,0,0,0,0,0,0,0,0,0,0,0,0,0,0,0,0,0,0,0,1000191.0,0.0007820033533770877,86.80237222485673,KR9,CL161;CL147,4.67150165,-74.04878155,1.0,35.09735425436975,,0.0,119.0,1.0
167408,10500437,-74.164103542,4.596049967,AV AVENIDA DEL SUR-KR 71 2,2019,Octubre,21,lunes,16,0,Bosa,Choque,Vehículo,,Solo Daños,0,1,0,0,0,0,0,1,0,0,0,0,0,0,0,0,0,0,0,0,0,0,1001946.0,0.00037491226527296443,41.615261445299055,"AV.P.MAYO,CL26SUR",KR72;KR78K,4.5960945,-74.1644758,1.0,15.490580015603449,,0.0,116.0,1.0
167409,10500438,-74.15570545,4.63991848000001,KR 86-CL 6 2,2019,Octubre,19,sábado,12,40,Kennedy,Choque,Vehículo,,Solo Daños,0,0,0,0,0,0,0,0,0,0,1,0,1,0,0,1,0,0,0,0,0,0,148.0,0.011568036544770132,1284.0520564694846,AV.CL59SUR,KR81A;CL59SUR,4.6285372,-74.1577757,0.0,16.57291500875,,0.0,8.0,0.0
167410,10500439,-74.141677683,4.60796381099999,AV AVENIDA BOYACA-CL 39 S 02,2019,Octubre,21,lunes,14,6,Kennedy,Choque,Vehículo,,Solo Daños,0,0,0,0,0,0,0,0,0,1,0,0,0,0,0,0,0,0,0,0,0,1,1001715.0,0.00517975917269556,574.9532681692071,"AV.AMERICAS,CL34",KR28;KR36,4.6069231,-74.13660355,0.0,19.867074741290324,,0.0,124.0,0.0
167411,10500440,-74.124444346,4.65179366900003,AV AVENIDA BOYACA-CL 19 2,2019,Octubre,21,lunes,14,30,Fontibón,Choque,Vehículo,,Solo Daños,0,1,0,0,0,0,0,0,0,0,0,0,0,0,0,0,0,0,0,0,0,0,1000775.0,0.0023421579429982052,259.97953167280076,CL17,KR128;KR123,4.65006275,-74.1260222,1.0,20.213787349583335,,0.0,120.0,1.0
167412,10500441,-74.03077402,4.73793444699999,KR 8G-CL 161 2,2019,Octubre,19,sábado,8,16,Usaquén,Choque,Vehículo,,Solo Daños,0,1,0,0,0,0,0,0,0,0,0,0,0,0,0,0,0,0,0,0,0,0,1000081.0,0.0021416198598178046,237.7198044397763,KR19,CL116;CL127,4.7391552,-74.03253365,1.0,19.556717584193546,,0.0,124.0,1.0
167413,10500442,-74.161551463,4.68544554800002,CL 17-KR 120 02,2019,Octubre,21,lunes,15,45,Fontibón,Choque,Vehículo,,Solo Daños,0,1,0,0,0,0,0,0,0,0,1,0,0,0,0,0,0,0,0,0,1,0,95.0,0.005212018056686578,578.5340042922102,AV.SUBA,KR94;SAN.MARTIN,4.68681675,-74.15652305,0.0,26.8226520825,,0.0,124.0,0.0
167414,10500443,-74.032035739,4.73037758100003,KR 9-CL 152A 2,2019,Octubre,19,sábado,10,6,Usaquén,Choque,Vehículo,,Solo Daños,0,0,0,0,0,0,0,1,0,1,0,0,0,0,0,0,0,0,0,0,0,1,1000081.0,0.008791729674675048,975.8819938889303,KR19,CL116;CL127,4.7391552,-74.03253365,0.0,18.206419737851242,,0.0,121.0,0.0
167415,10500444,-74.101732995,4.678245694,AV AVENIDA BOYACA-CL 64F 02,2019,Octubre,21,lunes,15,29,Engativá,Choque,Vehículo,,Solo Daños,0,0,0,0,0,0,0,0,0,0,0,0,0,0,0,0,0,0,0,0,0,0,1000197.0,0.004781233947911911,530.7169682182221,CL134,KR9;KR7,4.675439,-74.09786225,1.0,20.02374182059322,,0.0,118.0,1.0
167416,10500445,-74.038604634,4.67954705300002,CL 100-KR 7 2,2019,Octubre,21,lunes,15,6,Usaquén,Choque,Vehículo,,Solo Daños,0,0,0,0,0,0,0,0,0,0,1,0,1,1,0,0,0,0,0,1,0,0,1002017.0,0.011709060738146709,1299.7057419342848,AUTONORTE,ALCALA;PRADO,4.6892508,-74.04515745,0.0,49.933308553223135,,0.0,121.0,0.0
167417,10500446,-74.066395128,4.63236271,KR 13-CL 45 2,2019,Octubre,19,sábado,18,55,Chapinero,Choque,Vehículo,,Solo Daños,0,0,0,0,0,0,0,0,0,0,1,0,1,0,0,1,0,0,0,0,0,0,142.0,0.003663377207927428,406.6348700799445,AUTONORTE,SANTA.FE;CL80,4.633063249999999,-74.0699909,1.0,29.966310255641027,,0.0,117.0,1.0
167418,10500447,-74.183910592,4.61917544200003,DG 57C-KR 68C S 02,2019,Octubre,21,lunes,16,0,Bosa,Choque,Objeto Fijo,Semaforo,Solo Daños,0,1,0,0,0,0,0,0,0,0,0,0,0,0,0,0,0,0,0,0,0,0,76.0,0.015197214200084774,1686.89077620941,KR86,CL57BSUR;KR91,4.616729,-74.1989096,0.0,17.13544491698276,,0.0,116.0,0.0
167419,10500448,-74.1512,4.68380000000002,CL 26-KR 113 85,2019,Octubre,19,sábado,16,0,Fontibón,Choque,Vehículo,,Solo Daños,0,0,0,0,0,0,0,0,0,0,0,0,0,0,0,0,0,0,0,0,0,0,95.0,0.006118467280691501,679.1498681567566,AV.SUBA,KR94;SAN.MARTIN,4.68681675,-74.15652305,0.0,26.07602606658333,,0.0,120.0,0.0
167420,10500449,-74.135736069,4.65944898399999,AV AVENIDA CIUDAD DE CALI-CL 13 02,2019,Octubre,21,lunes,19,20,Fontibón,Choque,Vehículo,,Solo Daños,0,0,0,0,0,0,0,0,0,0,1,0,1,0,0,1,0,0,0,0,0,0,1001016.0,0.0037536461785379217,416.6547258177093,KR72,CL127;CL75,4.6623088,-74.13330475000001,1.0,25.017053142068967,,0.0,116.0,1.0
167421,10500828,-74.131611136,4.68084185999999,KR 97-CL 24B 02,2019,Octubre,24,jueves,11,49,Fontibón,Atropello,,,Con Heridos,0,0,0,0,0,0,1,0,0,0,0,0,0,0,0,0,0,0,0,0,0,0,77.0,0.006710424674409392,744.8571388594424,KR68,AV.SUBA;NQS,4.6743954,-74.12974754999999,0.0,20.18556511588235,,0.0,119.0,0.0
167422,10500829,-74.092901767,4.63084024,CL 24-KR 40 2,2019,Octubre,22,martes,8,30,Teusaquillo,Atropello,,,Con Heridos,0,0,0,0,0,0,1,1,0,0,0,0,0,0,0,0,0,0,0,0,0,0,1001251.0,0.002979825711128207,330.76065393523095,TV28,CL19;CL22C,4.6278919,-74.09333380000001,1.0,23.339725706794873,,0.0,78.0,1.0
167423,10500830,-74.154056828,4.58100591800002,KR 51-CL 58D S 17,2019,Octubre,23,miércoles,19,5,Ciudad Bolívar,Atropello,,,Con Heridos,0,0,0,0,0,0,1,0,0,0,0,0,0,0,0,0,0,0,0,0,0,0,1002276.0,0.004756061801060818,527.9228599177508,AV.VILLAVICENCIO,CL57BSUR;AV.P.MAYO,4.5824943,-74.158574,1.0,25.366739581250002,,0.0,8.0,1.0
167424,10500831,-74.142553247,4.57987999599999,KR 33-CL 56A S 51,2019,Octubre,25,viernes,17,10,Tunjuelito,Atropello,,,Con Heridos,1,0,0,0,0,0,1,1,0,0,0,0,0,0,0,0,0,0,0,0,0,0,56.0,0.008538194789331922,947.7396216158434,CL6,AV.CARACAS;KR42,4.574981,-74.13556034999999,0.0,17.159014918083336,,0.0,120.0,0.0
167425,10500832,-74.088126062,4.54421876700002,CL 43B-KR 11 SE 2,2019,Octubre,24,jueves,8,15,San Cristóbal,Atropello,,,Con Heridos,0,0,0,0,1,0,1,0,0,0,0,0,0,0,0,0,0,0,0,0,0,0,58.0,0.01116196900309382,1238.978559343414,CL13,AV.CARACAS;KR128,4.5547492,-74.09182735,0.0,21.052073364838712,,0.0,124.0,0.0
167426,10500833,-74.147329927,4.56294432499999,KR 20B-CL 65 S 60,2019,Octubre,25,viernes,11,30,Ciudad Bolívar,Atropello,,,Con Heridos,0,0,0,0,0,0,1,1,0,1,0,0,0,0,0,0,0,0,0,0,0,1,56.0,0.01683462170097738,1868.6430088084894,CL6,AV.CARACAS;KR42,4.574981,-74.13556034999999,0.0,17.94925906909836,,0.0,122.0,0.0
167427,10500834,-74.124951406,4.64720776000001,CL 13-KR 69F 2,2019,Octubre,24,jueves,15,0,Fontibón,Caida de ocupante,,,Con Heridos,0,0,0,0,0,0,0,1,0,0,1,0,1,0,0,1,0,0,0,0,0,0,1000774.0,0.0018679967512539762,207.34763938919136,CL17,KR123;KR128,4.648816999999999,-74.12400285,1.0,15.188253396333332,,0.0,120.0,1.0
167428,10500836,-74.072419401,4.615907273,AV AVENIDA CARACAS-CL 28 2,2019,Octubre,24,jueves,13,55,Santa Fe,Atropello,,,Con Heridos,0,0,0,0,1,0,1,0,0,0,1,0,1,1,0,0,0,1,0,0,0,0,1000020.0,0.0029878174655267233,331.6477386734663,KR7,CL79;CL76,4.618767350000001,-74.07328369999999,1.0,15.529959207542374,,0.0,118.0,1.0
167429,10500837,-74.153074951,4.680690357,KR 112B-CL 17 02,2019,Octubre,24,jueves,12,21,Fontibón,Choque,Vehículo,,Solo Daños,0,0,0,0,0,0,0,0,0,0,1,0,0,0,0,0,0,0,0,0,0,0,1000982.0,0.004680559435541556,519.5420973451127,DIAG16,KR123;KR106,4.67875865,-74.15733829999999,1.0,26.608186838264462,,0.0,121.0,1.0
167430,10500838,-74.0775169,4.62207690999998,CL 26-KR 24 02,2019,Octubre,24,jueves,20,10,Teusaquillo,Choque,Vehículo,,Solo Daños,0,1,0,0,0,0,0,0,0,0,0,0,0,0,0,0,0,0,0,0,0,0,1000967.0,0.001601015840695678,177.71275831722025,CL26,KR33;KR40,4.6235713,-74.07694240000001,1.0,38.02457017808333,,0.0,120.0,1.0
167431,10500839,-74.088830374,4.59186975599999,AV AVENIDA CARACAS-CL 1 02,2019,Octubre,24,jueves,7,0,Santa Fe,Choque,Vehículo,,Solo Daños,0,0,0,0,0,0,0,1,0,0,0,0,0,0,0,0,0,0,0,0,0,0,140.0,0.003957292780208744,439.2594986031706,CL22,KR1;KR3,4.59581445,-74.08851485,1.0,11.524261958373984,,0.0,123.0,1.0
167432,10500840,-74.060285825,4.721246576,CL 134-KR 54 2,2019,Octubre,24,jueves,21,26,Suba,Choque,Vehículo,,Solo Daños,0,0,0,0,0,0,0,0,0,0,0,0,0,0,0,0,0,0,0,0,0,0,1001953.0,0.003214011486211917,356.7552749695228,CL100,KR15;KR11,4.720507899999999,-74.05715785000001,1.0,24.948751288416666,,0.0,120.0,1.0
167433,10500841,-74.07162134,4.634405668,DG 45F-AK 19 2,2019,Octubre,24,jueves,18,45,Teusaquillo,Choque,Vehículo,,Solo Daños,0,0,0,0,0,0,0,0,0,0,1,0,0,0,0,0,0,0,0,0,1,0,17.0,0.0009223985592102107,102.3862400723334,CL85,KR7;KR15,4.63445805,-74.07254225,1.0,10.7233758425,,0.0,120.0,1.0
167434,10500842,-74.131984664,4.663952069,AV AVENIDA CIUDAD DE CALI-CL 20 2,2019,Octubre,24,jueves,10,50,Fontibón,Choque,Vehículo,,Solo Daños,0,1,0,0,0,0,0,0,0,0,0,0,0,0,0,0,0,0,0,0,0,0,1001016.0,0.002107833023219364,233.96946557734938,KR72,CL127;CL75,4.6623088,-74.13330475000001,1.0,25.876332035641024,,0.0,117.0,1.0
167435,10500843,-74.149185343,4.67686954200002,CL 17-KR 106 2,2019,Octubre,24,jueves,12,50,Fontibón,Choque,Vehículo,,Solo Daños,0,1,0,0,0,0,0,0,0,0,0,0,0,0,0,0,0,0,0,0,0,0,1001347.0,0.006093940649073407,676.4274120471482,DIAG16,KR97;KR106,4.6757841,-74.14318885,0.0,24.61224901612903,,0.0,124.0,0.0
167436,10500844,-74.113827904,4.65417902799999,CL 23A-TR 69 02,2019,Octubre,24,jueves,17,20,Fontibón,Choque,Vehículo,,Solo Daños,0,0,0,0,0,0,0,0,0,0,0,0,0,0,0,0,0,0,0,0,0,0,61.0,0.0072014656919339205,799.3626918046651,CL19,KR36;KR5,4.65795775,-74.11995834999999,0.0,15.750200801724137,,0.0,116.0,0.0
167438,10500846,-74.092,4.7407,KR 98-CL 140B 02,2019,Octubre,25,viernes,17,45,Suba,Choque,Vehículo,,Solo Daños,0,0,0,0,0,0,0,0,0,1,1,0,0,0,0,0,0,0,0,0,1,1,1002030.0,0.0019219214870823088,213.33328506613628,AV.SUBA,21.ANGELES;CL136,4.742438,-74.09117954999999,1.0,42.78614156612069,,0.0,116.0,1.0
167439,10500847,-74.094320462,4.62711534300001,CL 20-TR 39ABIS 02,2019,Octubre,25,viernes,9,15,Puente Aranda,Choque,Vehículo,,Con Heridos,0,0,0,0,0,1,0,0,0,0,0,0,0,0,0,0,0,0,0,0,0,0,1001251.0,0.0012556045063851847,139.37210020875548,TV28,CL19;CL22C,4.6278919,-74.09333380000001,1.0,22.81655213125,,0.0,80.0,1.0
167440,10500848,-74.194937036,4.61283018500001,CL 71A-KR 82A S 2,2019,Octubre,25,viernes,7,10,Bosa,Choque,Vehículo,,Solo Daños,0,0,0,0,0,0,0,0,0,1,1,0,1,0,0,1,0,0,0,0,0,1,1002284.0,0.003619473814274965,401.7615933845211,KR86,TV79D;CL57BSUR,4.61096955,-74.19804165,1.0,22.625607334999998,,0.0,8.0,1.0
167441,10500849,-74.062903034,4.72282705100002,CL 134-KR 55A 02,2019,Octubre,25,viernes,15,10,Suba,Choque,Vehículo,,Solo Daños,0,0,0,0,0,0,0,0,0,0,1,0,0,0,0,0,0,0,0,0,1,0,1000950.0,0.0028688195882281687,318.43897429332674,AV.SUBA,CL116;HUMEDAL.CORDOBA,4.7209128,-74.0650398,1.0,32.65175700016129,,0.0,124.0,1.0
167442,10500850,-74.154171594,4.66585259099998,DG 15A-KR 98A 02,2019,Octubre,25,viernes,22,0,Fontibón,Choque,Vehículo,,Con Heridos,1,0,0,0,0,0,0,0,0,0,0,0,0,0,0,0,0,0,0,0,0,0,108.0,0.010085223310765279,1119.4597874949459,"CL72,CL68",KR86;KR58,4.66545305,-74.16424889999999,0.0,24.683039543833335,,0.0,120.0,0.0
167443,10500851,-74.1423794,4.58046720300001,KR 33-CL 56 S 2,2019,Octubre,25,viernes,13,45,Tunjuelito,Choque,Vehículo,,Solo Daños,0,1,0,0,0,0,0,1,0,0,0,0,0,0,0,0,0,0,0,0,0,0,56.0,0.00875202069580946,971.47429723485,CL6,AV.CARACAS;KR42,4.574981,-74.13556034999999,0.0,15.84550426766129,,0.0,124.0,0.0
167444,10500852,-74.134302924,4.64192397699998,AV AVENIDA BOYACA-CL 11A 02,2019,Octubre,25,viernes,5,40,Kennedy,Choque,Vehículo,,Con Heridos,1,1,0,0,0,0,0,0,0,0,0,0,0,0,0,0,0,0,0,0,0,0,1000994.0,0.00406859929329091,451.614521555291,CL80,KR96;KR89A,4.645728399999999,-74.13286074999999,1.0,33.14171129672727,,0.0,110.0,1.0
167445,10500853,-74.071931275,4.71091766199999,AV AVENIDA SUBA-CL 127 2,2019,Octubre,25,viernes,8,20,Suba,Choque,Vehículo,,Solo Daños,0,0,0,0,0,0,0,0,0,0,0,0,0,0,0,0,0,0,0,0,0,0,1000969.0,0.004260181396824654,472.88013504753656,"CL34,AV.AMERICAS",KR19;KR28,4.706773350000001,-74.07094445000001,1.0,19.448822206532256,,0.0,124.0,1.0
167446,10501234,-74.069893506,4.62081853400002,AV AVENIDA CARACAS-CL 32B 02,2019,Octubre,29,martes,13,20,Santa Fe,Choque,Vehículo,,Solo Daños,0,0,0,0,0,0,0,0,0,0,0,0,0,0,0,0,0,0,0,0,0,0,1000020.0,0.0039624198615882565,439.82860463629646,KR7,CL79;CL76,4.618767350000001,-74.07328369999999,1.0,15.529959207542374,,0.0,118.0,1.0
167447,10501235,-74.087229262,4.64476339999999,KR 50-CL 44F 02,2019,Octubre,29,martes,14,40,Teusaquillo,Choque,Vehículo,,Solo Daños,0,0,0,0,0,0,0,0,0,1,0,0,0,0,0,0,0,0,0,0,0,1,1000984.0,0.0018987830980458946,210.7649238830943,CL80,KR58;KR24,4.643921049999999,-74.08552755,1.0,26.81103511707317,,0.0,123.0,1.0
167448,10501236,-74.093688497,4.686134638,CL 72-KR 71A 02,2019,Octubre,26,sábado,12,40,Engativá,Choque,Vehículo,,Solo Daños,0,0,0,0,0,0,0,0,0,0,1,0,1,0,0,1,0,0,0,0,0,0,1001341.0,0.002358942447269806,261.84261164694846,KR86,AV.AMERICAS;CL40BSUR,4.68404705,-74.09259005000001,1.0,13.009360492321429,,0.0,112.0,1.0
167449,10501237,-74.188076933,4.60162733300001,KR 78C-CL 68 S 2,2019,Octubre,27,domingo,12,50,Bosa,Choque,Vehículo,,Solo Daños,0,0,0,0,0,1,0,0,0,0,0,0,0,0,0,0,0,0,0,0,0,0,149.0,0.008887014341487883,986.4585919051551,AV.CL59SUR,CL59SUR;KR81A,4.6025243,-74.1792353,0.0,22.56342795875,,0.0,8.0,0.0
167451,10501239,-74.094986284,4.66424327700003,KR 68-CL 53 02,2019,Octubre,29,martes,9,0,Teusaquillo,Choque,Vehículo,,Solo Daños,0,0,0,0,0,0,0,0,0,0,1,0,1,0,0,1,0,0,0,0,0,0,69.0,0.0011730363427432148,130.20703404449685,AV.CIRCUNVALAR,CL51;KR7,4.66439345,-74.09382289999999,1.0,28.58267308616667,,0.0,120.0,1.0
167452,10501240,-74.119880149,4.60500952299998,KR 50-CL 17 S 59,2019,Octubre,26,sábado,20,0,Puente Aranda,Choque,Vehículo,,Solo Daños,0,1,1,0,0,0,0,0,0,0,0,0,0,0,0,0,0,0,0,0,0,0,1001718.0,0.0007600044751878093,84.36049674584683,AV.CARACAS,CL67;CL63,4.60436835,-74.1194721,1.0,23.049572555714285,,0.0,119.0,1.0
167453,10501241,-74.111931755,4.74093455600001,TR 126B-AC 132B 2,2019,Octubre,27,domingo,18,30,Suba,Choque,Vehículo,,Solo Daños,0,0,0,0,0,0,0,0,0,0,1,0,1,0,0,0,1,0,0,0,0,0,1000951.0,0.010467489740350026,1161.891361178853,AV.SUBA,CL127;HUMEDAL.CORDOBA,4.7388854,-74.1016668,0.0,31.364560361583337,,0.0,120.0,0.0
167454,10501242,-74.069641395,4.63201920799997,DG 43BIS-KR 15 02,2019,Octubre,26,sábado,17,28,Teusaquillo,Choque,Vehículo,,Solo Daños,0,0,0,0,0,0,0,1,0,1,0,0,0,0,0,0,0,0,0,0,0,1,142.0,0.001100989301874685,122.20981250809005,AUTONORTE,SANTA.FE;CL80,4.633063249999999,-74.0699909,1.0,32.228014975338986,,0.0,118.0,1.0
167455,10501243,-74.04318458,4.67253252799998,KR 7-CL 93 2,2019,Octubre,27,domingo,17,0,Chapinero,Choque,Vehículo,,Solo Daños,0,0,0,0,0,1,0,0,0,0,0,0,0,0,0,0,0,0,0,0,0,0,1000191.0,0.005691114357639807,631.7136936980186,KR9,CL161;CL147,4.67150165,-74.04878155,0.0,25.983969539,,0.0,120.0,0.0
167456,10501244,-74.064968577,4.64710382700002,AV AVENIDA CARACAS-CL 60 2,2019,Octubre,27,domingo,21,20,Chapinero,Choque,Vehículo,,Solo Daños,0,0,0,0,0,0,0,0,0,0,0,0,0,0,0,0,0,0,0,0,0,0,1002025.0,0.0032867282517668097,364.82683594611586,AUTONORTE,SANTA.FE;TOBERIN,4.64911745,-74.06756625,1.0,47.191081326416665,,0.0,120.0,1.0
167457,10501245,-74.161255611,4.58850358400002,KR 70C-CL 63 S 02,2019,Octubre,26,sábado,18,40,Ciudad Bolívar,Choque,Vehículo,,Solo Daños,0,0,0,1,0,0,0,0,0,0,1,0,0,0,0,0,0,0,0,0,0,0,1002276.0,0.006580465921819149,730.4317173219256,AV.VILLAVICENCIO,CL57BSUR;AV.P.MAYO,4.5824943,-74.158574,0.0,21.56630625,,0.0,8.0,0.0
167458,10501246,-74.19549911,4.64106676599999,KR 102A-CL 56F S 59,2019,Octubre,27,domingo,7,0,Bosa,Choque,Vehículo,,Solo Daños,0,1,0,0,0,0,0,0,0,0,0,0,0,0,0,0,0,0,0,0,0,0,1000981.0,0.02086534888254227,2316.053725962192,DIAG16,KR90;KR97,4.6495069,-74.176417,0.0,37.86135810268293,,0.0,123.0,0.0
167459,10501247,-74.146213434,4.66599219400001,DG 16-KR 96G 05,2019,Octubre,26,sábado,13,40,Fontibón,Choque,Vehículo,,Solo Daños,0,0,0,0,0,0,0,0,0,0,1,0,0,0,0,0,0,0,0,0,0,0,1001347.0,0.01024839165360681,1137.571473550356,DIAG16,KR97;KR106,4.6757841,-74.14318885,0.0,24.910071210162602,,0.0,123.0,0.0
167461,10501249,-74.111489035,4.66141155100001,KR 70-CL 25 02,2019,Octubre,26,sábado,13,20,Fontibón,Choque,Vehículo,,Solo Daños,0,0,0,0,1,0,0,0,0,0,0,0,0,0,0,0,0,0,0,0,0,0,1000196.0,0.004886662344412706,542.4195202298104,CL134,KR7;KR9,4.6586908000000005,-74.10742985,1.0,18.407023547096774,,0.0,124.0,1.0
167462,10501250,-74.115489055,4.56989303799998,CL 40C-KR 12 S 90,2019,Octubre,27,domingo,19,35,Rafael Uribe Uribe,Choque,Vehículo,,Solo Daños,0,0,0,0,0,0,0,0,0,0,0,0,0,0,0,0,0,0,0,0,0,0,1000325.0,0.005030350509751898,558.3689065824607,AV.CARACAS,AV.PRIMERO_MAYO;CL11SUR,4.57490245,-74.11594754999999,0.0,22.151993203916668,,0.0,120.0,0.0
167463,10501251,-74.11566506,4.67251712500001,CL 26-KR 75 02,2019,Octubre,26,sábado,18,30,Fontibón,Choque,Vehículo,,Solo Daños,0,0,0,0,0,0,0,0,0,0,0,0,0,0,0,0,0,0,0,0,0,0,1000320.0,0.003621143082187314,401.94688212279186,KR72,CL169B;CL163,4.67551385,-74.11363225,1.0,23.441346953083332,,0.0,120.0,1.0
167464,10501252,-74.107167268,4.55811280299997,CL 47-KR 7A S 2,2019,Octubre,27,domingo,18,0,San Cristóbal,Choque,Vehículo,,Solo Daños,0,0,0,0,0,0,0,0,0,1,0,0,0,0,0,0,0,0,0,0,0,1,39.0,0.01029884933186561,1143.1722758370827,AV.CARACAS,AV.P.MAYO;CL80,4.5552695,-74.11706585,0.0,15.82055370252174,,0.0,115.0,0.0
167465,10501253,-74.047008279,4.67546055600002,KR 11-CL 93 92,2019,Octubre,26,sábado,14,14,Chapinero,Choque,Vehículo,,Solo Daños,0,0,0,0,0,0,0,0,0,0,1,0,1,0,0,0,1,0,0,0,0,0,1000098.0,0.003794651689910888,421.20633758010854,KR9,CL165;CL161,4.67476105,-74.0507379,1.0,22.564198149193547,,0.0,124.0,1.0
167466,10501254,-74.050506855,4.66692919299999,KR 10-CL 84B 47,2019,Octubre,26,sábado,16,21,Chapinero,Choque,Vehículo,,Solo Daños,0,0,0,0,0,0,0,0,0,0,1,0,0,0,0,0,0,0,0,0,0,0,1000986.0,0.0041165587793741375,456.93802451052926,CL80,KR69H;KR58,4.6638357,-74.0532228,1.0,36.158844657217394,,0.0,115.0,1.0
167467,10501255,-74.071896024,4.653838925,KR 24-CL 63C 28,2019,Octubre,26,sábado,11,30,Barrios Unidos,Choque,Vehículo,,Solo Daños,0,0,0,0,0,0,0,1,0,0,0,0,0,0,0,0,0,0,0,0,0,0,1000689.0,0.0027287418796533873,302.890348641526,KR50,CL17;CL24,4.6516616,-74.07354079999999,1.0,19.92761506032787,,0.0,122.0,1.0
167468,10501256,-74.12335151,4.57579203199998,DG 43-AK 20 S 2,2019,Octubre,27,domingo,12,10,Rafael Uribe Uribe,Choque,Vehículo,,Solo Daños,0,0,0,0,0,0,0,0,0,0,0,0,0,0,0,0,0,0,0,0,0,0,67.0,0.00262058753229686,290.8852160849515,CL11SUR,AV.CARACAS;KR6_ESTE,4.5782967,-74.12412230000001,1.0,16.212396751451614,,0.0,124.0,1.0
167469,10501257,-74.0656,4.62700000000001,KR 7-CL 39 45,2019,Octubre,26,sábado,16,2,Chapinero,Choque,Objeto Fijo,Muro,Solo Daños,0,0,0,0,0,0,0,0,0,0,0,0,0,0,0,0,0,0,0,0,0,0,1002286.0,0.0023787809840362982,264.0446892280291,KR68SUR,CL38;KR51,4.6260131,-74.0677644,1.0,16.56182407,,0.0,12.0,1.0
167470,10501258,-74.03950418,4.74259353399998,CL 163A-KR 16C 2,2019,Octubre,27,domingo,19,16,Usaquén,Choque,Vehículo,,Solo Daños,0,0,0,0,0,1,0,0,0,0,0,0,0,0,0,0,0,0,0,0,0,0,1000081.0,0.007772414629712668,862.7380238981062,KR19,CL116;CL127,4.7391552,-74.03253365,0.0,12.04473221,,0.0,120.0,0.0
167486,10501648,-74.116300337,4.61406250700003,TR 53-AC 2B 2,2019,Octubre,31,jueves,6,10,Puente Aranda,Choque,Vehículo,,Con Heridos,1,0,0,0,0,0,0,0,0,0,0,0,0,0,0,0,0,0,0,0,0,0,1000332.0,0.0019980947720612224,221.78851969879568,CL11SUR,KR7;KR10,4.6123352,-74.11529594999999,1.0,15.324050885811966,,0.0,117.0,1.0
167678,10498496,-74.086266681,4.72262003499998,KR 87B-CL 128F 02,2019,Octubre,1,martes,6,55,Suba,Choque,Objeto Fijo,Vehiculo,Con Muertos,1,0,0,1,0,0,0,0,0,0,0,1,0,0,0,0,0,0,0,0,0,0,1000741.0,0.0025520387687107565,283.276303326894,AV.SUBA,CL113;CL116,4.723153399999999,-74.083771,1.0,31.99613417577586,,0.0,116.0,1.0
167679,10498497,-74.145190381,4.56975295500001,KR 22G-CL 59A S 96,2019,Octubre,1,martes,17,50,Ciudad Bolívar,Atropello,,,Con Muertos,0,0,1,0,0,0,1,0,0,0,0,0,0,0,0,0,0,0,0,0,0,0,56.0,0.010957643523274713,1216.2984310834931,CL6,AV.CARACAS;KR42,4.574981,-74.13556034999999,0.0,17.159014918083336,,0.0,120.0,0.0
167683,10498501,-74.099484889,4.62119834600003,CL 13-KR 42 2,2019,Octubre,1,martes,7,20,Puente Aranda,Choque,Vehículo,,Solo Daños,1,0,0,0,0,0,0,1,0,1,0,0,0,0,0,0,0,0,0,0,0,1,1000680.0,0.005152027877712144,571.875094426048,KR27,AV.P.MAYO;CL30S,4.6258809,-74.09733615,0.0,23.0354287645977,,0.0,87.0,0.0
167689,10498879,-74.045460527,4.67867442599999,KR 11-CL 95 02,2019,Octubre,2,miércoles,11,25,Chapinero,Atropello,,,Con Heridos,0,0,0,0,0,0,1,0,0,0,0,0,0,0,0,0,0,0,0,0,0,0,1000098.0,0.006570021118566571,729.2723441608894,KR9,CL165;CL161,4.67476105,-74.0507379,0.0,20.815718804590162,,0.0,122.0,0.0
167690,10498880,-74.040446197,4.78908105099998,KR 45-CL 209 2,2019,Octubre,3,jueves,16,10,Suba,Atropello,,,Con Heridos,0,0,0,0,0,0,1,1,0,0,0,0,0,0,0,0,0,0,0,0,0,0,35.0,0.017935237459804035,1990.8113580382478,KR72,CL170;CL43AS,4.7881347000000005,-74.05835645,0.0,21.350821867837837,,0.0,111.0,0.0
167691,10498881,-74.027403794,4.719409853,KR 7-CL 144 2,2019,Octubre,4,viernes,8,15,Usaquén,Atropello,,,Con Heridos,0,0,0,0,0,1,1,1,0,0,0,0,0,0,0,0,0,0,0,0,0,0,1000051.0,0.005579124949608597,619.2828694065543,CL116,KR15;KR11,4.7180052,-74.0328032,0.0,14.903375678943089,,0.0,123.0,0.0
167692,10498882,-74.130476453,4.666144847,CL 22-KR 86 02,2019,Octubre,3,jueves,18,20,Fontibón,Caida de ocupante,,,Con Heridos,0,0,0,0,0,0,0,0,0,0,1,0,1,0,0,1,0,0,0,0,0,0,1000236.0,0.004051427175380485,449.70841646723386,CL134,KR53;KR19,4.6700811,-74.1295173,1.0,20.315145386386558,,0.0,119.0,1.0
167693,10498883,-74.070690561,4.65737348499999,CL 66-KR 24 2,2019,Octubre,3,jueves,17,50,Barrios Unidos,Atropello,,,Con Heridos,0,0,0,0,0,1,1,0,0,0,0,0,0,0,0,0,0,0,0,0,0,0,136.0,0.0024488830007365885,271.82601308176135,"KR50,CL13",CL17;KR56,4.6570739,-74.07312105,1.0,17.367106749255317,,0.0,94.0,1.0
167694,10498884,-74.114055297,4.507452199,CL 84-KR 14P 2,2019,Octubre,3,jueves,13,50,Usme,Atropello,,,Con Heridos,0,0,0,0,0,1,1,1,0,0,0,0,0,0,0,0,0,0,0,0,0,0,1001959.0,0.027044225638463742,3001.9090458694754,"CL19,KR3",KR5;CL22,4.5343054,-74.1108466,0.0,12.098640591612902,,0.0,124.0,0.0
167695,10498885,-74.138802992,4.56153893999999,KR 19-CL 60BBIS S 02,2019,Octubre,3,jueves,4,0,Ciudad Bolívar,Atropello,,,Con Heridos,0,0,0,0,1,1,1,0,0,0,0,0,0,0,0,0,0,0,0,0,0,0,56.0,0.013827642755873133,1534.8683459019178,CL6,AV.CARACAS;KR42,4.574981,-74.13556034999999,0.0,38.24181329491667,,0.0,120.0,0.0
167696,10498886,-74.133799515,4.54026952300001,CL 73-KR 15 S 02,2019,Octubre,4,viernes,20,30,Ciudad Bolívar,Otro,,,Con Heridos,0,0,0,0,1,0,0,0,0,0,1,0,1,0,0,1,0,0,0,0,0,0,39.0,0.022472535556375833,2494.4514467577173,AV.CARACAS,AV.P.MAYO;CL80,4.5552695,-74.11706585,0.0,18.973474171304346,,0.0,115.0,0.0
167697,10498887,-74.198280507,4.60134900100002,CL 72B-KR 77K S 2,2019,Octubre,3,jueves,13,20,Bosa,Atropello,,,Con Heridos,0,0,0,0,1,1,1,0,0,0,0,0,0,0,0,0,0,0,0,0,0,0,1002284.0,0.009623513689264703,1068.210019508382,KR86,TV79D;CL57BSUR,4.61096955,-74.19804165,0.0,22.50092937375,,0.0,8.0,0.0
167698,10498888,-74.135813619,4.65956413800001,AV AVENIDA CIUDAD DE CALI-CL 13 2,2019,Octubre,2,miércoles,16,24,Fontibón,Choque,Vehículo,,Con Heridos,0,0,0,0,0,1,0,0,0,0,0,0,0,0,0,0,0,0,0,0,0,0,1001016.0,0.00371854718315226,412.75873732990084,KR72,CL127;CL75,4.6623088,-74.13330475000001,1.0,31.154444239639638,,0.0,111.0,1.0
167699,10498889,-74.055919946,4.69967359700001,CL 116-KR 45A 02,2019,Octubre,4,viernes,18,0,Suba,Choque,Vehículo,,Solo Daños,0,1,0,0,0,0,0,0,0,0,0,0,0,0,0,0,0,0,0,0,0,0,1002011.0,0.0026187599869937172,290.68235855630263,AUTONORTE,PEPE.SIERRA;CL100,4.697067349999999,-74.05566425,1.0,29.98523353896552,,0.0,116.0,1.0
167700,10498890,-74.151372633,4.632937981,KR 79A-DG 2 2,2019,Octubre,4,viernes,23,14,Kennedy,Choque,Vehículo,,Solo Daños,0,0,0,0,0,0,0,0,0,1,0,0,0,0,0,0,0,0,0,0,1,1,148.0,0.0077695650081940305,862.4217159095374,AV.CL59SUR,KR81A;CL59SUR,4.6285372,-74.1577757,0.0,22.079472626250002,,0.0,8.0,0.0
167701,10498891,-74.042440856,4.70875995400002,KR 15-CL 127C 0,2019,Octubre,4,viernes,15,35,Usaquén,Choque,Objeto Fijo,Semaforo,Solo Daños,0,1,0,0,0,0,0,0,0,0,0,0,0,0,0,0,0,0,0,0,0,0,1002020.0,0.0007066807822013795,78.44156682435313,AUTONORTE,CL146;CARDIO.INFANTIL,4.70913895,-74.0418444,1.0,34.48598859564517,,0.0,124.0,1.0
167702,10498892,-74.078549702,4.646602019,KR 30-CL 57 2,2019,Octubre,4,viernes,23,23,Barrios Unidos,Choque,Objeto Fijo,Objeto Fijo,Con Heridos,0,0,1,0,0,1,0,0,0,0,0,0,0,0,0,0,0,0,0,0,0,0,119.0,0.0010766933588770389,119.51296283535132,"TV25,DIAG53,KR24",CL57;CL45,4.64651115,-74.07747685000001,1.0,13.082501667033899,,0.0,118.0,1.0
167703,10498893,-74.101541304,4.59664555699999,CL 1B-KR 26A 2,2019,Octubre,2,miércoles,13,40,Los Mártires,Choque,Vehículo,,Con Heridos,0,0,0,0,0,0,0,0,0,0,0,0,0,0,0,0,0,0,0,0,0,0,1000264.0,0.0007944711099077765,88.18629319976318,AV.CARACAS,CL40A;CL45,4.5972931,-74.1020016,1.0,19.565493938166664,,0.0,120.0,1.0
167704,10498894,-74.090939237,4.61509314699998,AK 30-CL 15 2,2019,Octubre,4,viernes,13,55,Los Mártires,Choque,Vehículo,,Solo Daños,0,0,0,0,0,1,0,0,0,0,0,0,0,0,0,0,0,0,0,0,0,0,1000673.0,0.0013301531940156381,147.64700453573585,AV.P.MAYO,KR3E;KR11SUR,4.6148922,-74.08962435000001,1.0,10.706186280583333,,0.0,120.0,1.0
167705,10498895,-74.089612002,4.62543146899998,AV AVENIDA DE LAS AMERICAS-KR 33 02,2019,Octubre,4,viernes,16,7,Teusaquillo,Choque,Vehículo,,Solo Daños,0,0,0,0,0,0,0,0,0,0,1,0,1,0,0,1,0,0,0,0,0,0,48.0,0.0007628647290091917,84.67798492002028,CL53,KR7;KR68,4.6257944,-74.088941,1.0,13.107328352916666,,0.0,120.0,1.0
167706,10498896,-74.120213282,4.67918584300003,CL 26-KR 86 2,2019,Octubre,4,viernes,19,36,Fontibón,Choque,Vehículo,,Solo Daños,0,1,0,0,0,0,0,0,0,0,0,0,0,0,0,0,0,0,0,0,0,0,115.0,0.0025824565178663404,286.65267348316377,KR60;CL68,CL66C;KR58,4.68103185,-74.1220192,1.0,16.888457082521008,,0.0,119.0,1.0
167707,10498897,-74.135874758,4.58497247399998,KR 33-CL 50B 44,2019,Octubre,2,miércoles,14,30,Tunjuelito,Choque,Vehículo,,Con Heridos,0,0,0,0,0,1,0,0,0,0,0,0,0,0,0,0,0,0,0,0,0,0,1002273.0,0.00789331003142758,876.1574134884613,AV.VILLAVICENCIO,AV.P.MAYO;CL57BSUR,4.5920865,-74.13929455,0.0,19.430469852222224,,0.0,9.0,0.0
167708,10498898,-74.062747818,4.662881072,KR 20B-CL 74 22,2019,Octubre,4,viernes,18,30,Barrios Unidos,Choque,Vehículo,,Solo Daños,0,0,0,0,0,0,0,0,0,1,0,0,0,0,0,0,0,0,0,0,0,1,1000707.0,0.002160581271375426,239.82452112267228,CL13,KR47;KR39,4.6608924,-74.06190325,1.0,20.272995985258618,,0.0,116.0,1.0
167709,10498899,-74.03771249,4.69064305500001,KR 9-CL 110 2,2019,Octubre,4,viernes,12,20,Usaquén,Choque,Vehículo,,Solo Daños,0,0,0,0,0,0,0,0,0,0,1,0,1,0,0,1,0,0,0,0,0,0,1002017.0,0.0075740216125032706,840.716398987863,AUTONORTE,ALCALA;PRADO,4.6892508,-74.04515745,0.0,43.05194224900826,,0.0,121.0,0.0
167710,10498900,-74.16895109,4.62941142199998,AV AVENIDA CIUDAD DE CALI-CL 42C S 02,2019,Octubre,4,viernes,14,45,Kennedy,Choque,Vehículo,,Solo Daños,0,0,0,0,0,0,0,0,0,0,1,0,1,0,0,1,0,0,0,0,0,0,148.0,0.011209531915167121,1244.2580425835504,AV.CL59SUR,KR81A;CL59SUR,4.6285372,-74.1577757,0.0,19.46153025,,0.0,8.0,0.0
167711,10498901,-74.124870079,4.57364346399999,KR 20-DG 45 S 2,2019,Octubre,2,miércoles,17,10,Rafael Uribe Uribe,Choque,Vehículo,,Con Heridos,0,0,0,0,0,1,0,0,0,0,0,0,0,0,0,0,0,0,0,0,0,0,67.0,0.004712937375418955,523.136048671504,CL11SUR,AV.CARACAS;KR6_ESTE,4.5782967,-74.12412230000001,1.0,17.12622432108333,,0.0,120.0,1.0
167712,10498902,-74.070949177,4.61225057299998,CL 26-KR 10 2,2019,Octubre,4,viernes,12,0,Santa Fe,Choque,Vehículo,,Solo Daños,0,0,0,0,0,1,0,1,0,1,0,0,0,0,0,0,0,0,0,0,0,1,1000208.0,0.003920264256205946,435.14933243886,KR7,CL63;CL72,4.609056150000001,-74.07322165,1.0,,,,,0.0
167713,10499268,-74.1941,4.61250000000001,KR 80BBIS-CL 70B S 02,2019,Octubre,8,martes,8,16,Bosa,Atropello,,,Con Heridos,0,0,0,0,0,1,1,1,0,0,0,0,0,0,0,0,0,0,0,0,0,0,1002284.0,0.0042283426924658645,469.346038863711,KR86,TV79D;CL57BSUR,4.61096955,-74.19804165,1.0,27.350197625,,0.0,8.0,1.0
167714,10499269,-74.159072008,4.68659273499998,CL 17-KR 121 02,2019,Octubre,7,lunes,9,39,Fontibón,Choque,Vehículo,,Solo Daños,0,0,0,0,0,0,0,0,0,0,0,0,0,0,0,0,0,0,0,0,0,0,95.0,0.002558782836810075,284.02489488591834,AV.SUBA,KR94;SAN.MARTIN,4.68681675,-74.15652305,1.0,21.955881987822583,,0.0,124.0,1.0
167715,10499270,-74.124385402,4.57157036699999,DG 45B-TR 13M S 2,2019,Octubre,7,lunes,6,10,Rafael Uribe Uribe,Choque,Vehículo,,Solo Daños,0,0,0,0,0,0,0,0,0,1,0,0,0,0,0,0,0,0,0,0,0,1,67.0,0.006731476679706026,747.1939114473689,CL11SUR,AV.CARACAS;KR6_ESTE,4.5782967,-74.12412230000001,0.0,18.565279133017242,,0.0,116.0,0.0
167716,10499272,-74.13777504,4.63225136400001,KR 72-CL 6D 02,2019,Octubre,8,martes,5,30,Kennedy,Choque,Vehículo,,Solo Daños,0,1,0,0,0,0,0,0,0,1,0,0,0,0,0,0,0,0,0,0,0,1,1000780.0,0.005888289744493324,653.600161638759,CL6,KR42;KR36,4.62659345,-74.1361441,0.0,44.92675279844263,,0.0,122.0,0.0
167717,10499273,-74.059798034,4.647936684,KR 7-CL 63 2,2019,Octubre,4,viernes,12,30,Chapinero,Choque,Vehículo,,Solo Daños,0,0,0,0,0,1,0,0,0,0,0,0,0,0,0,0,0,0,0,0,0,0,1001932.0,0.006267567203896428,695.6999596325036,"TV85,CL64BBIS",CL63;KR86,4.6444096,-74.0546171,0.0,19.167578795853657,,0.0,123.0,0.0
167718,10499274,-74.060828145,4.68764581699998,CL 100-KR 49 2,2019,Octubre,8,martes,17,59,Barrios Unidos,Atropello,,,Con Heridos,0,0,0,0,0,1,1,0,0,0,0,0,0,0,0,0,0,0,0,0,0,0,1000773.0,0.0030404483884820506,337.4897711215076,KR50,CL33SUR;CL16SUR,4.6906399,-74.0613571,1.0,26.378207670326084,,0.0,92.0,1.0
167719,10499275,-74.097148133,4.62376915700003,KR 42-CL 17A 2,2019,Octubre,8,martes,13,39,Puente Aranda,Atropello,,,Con Muertos,0,0,0,0,0,0,1,1,0,0,0,0,0,0,0,0,0,0,0,0,0,0,1000680.0,0.002120096434177422,235.33070419369383,KR27,AV.P.MAYO;CL30S,4.6258809,-74.09733615,1.0,15.083305366477274,,0.0,88.0,1.0
167720,10499276,-74.057617977,4.64736609699997,KR 4-CL 64 02,2019,Octubre,8,martes,9,44,Chapinero,Choque,Vehículo,,Solo Daños,0,0,0,0,0,0,0,0,0,1,0,0,0,0,0,0,0,0,0,0,0,1,1001932.0,0.004212616441119211,467.60042496423245,"TV85,CL64BBIS",CL63;KR86,4.6444096,-74.0546171,1.0,20.149347321451614,,0.0,124.0,1.0
167721,10499277,-74.046043141,4.72980821300001,CL 147-KR 19 2,2019,Octubre,8,martes,11,28,Usaquén,Choque,Vehículo,,Solo Daños,0,0,0,0,0,0,0,1,0,0,0,0,0,0,0,0,0,0,0,0,0,0,1001008.0,0.005420763113234854,601.7047055690688,CL63,KR72;KR77A,4.72933775,-74.05144345,0.0,10.915644684529914,,0.0,117.0,0.0
167722,10499278,-74.127486941,4.65014832899999,CL 13-KR 72 2,2019,Octubre,2,miércoles,9,50,Fontibón,Choque,Vehículo,,Solo Daños,0,0,0,0,0,0,0,0,0,0,0,0,0,0,0,0,0,0,0,0,0,0,1000775.0,0.0014672388906853413,162.86351686607287,CL17,KR128;KR123,4.65006275,-74.1260222,1.0,22.182784538,,0.0,120.0,1.0
167723,10499279,-74.124280118,4.64512263300003,CL 13-KR 69D 2,2019,Octubre,8,martes,15,20,Fontibón,Choque,Vehículo,,Solo Daños,0,1,0,0,0,0,0,0,0,0,1,0,0,0,0,0,0,0,0,0,0,0,1000774.0,0.00370475708708271,411.2280366661808,CL17,KR123;KR128,4.648816999999999,-74.12400285,1.0,15.188253396333332,,0.0,120.0,1.0
167724,10499280,-74.112702916,4.73956169299998,CL 131C-KR 126 02,2019,Octubre,8,martes,12,5,Suba,Choque,Vehículo,,Solo Daños,0,0,0,0,0,0,0,0,0,0,1,0,0,0,0,0,0,0,0,0,0,0,1000951.0,0.011056818194547223,1227.3068195947417,AV.SUBA,CL127;HUMEDAL.CORDOBA,4.7388854,-74.1016668,0.0,24.793995810327868,,0.0,122.0,0.0
167725,10499281,-74.131346898,4.64575183599999,AV AVENIDA BOYACA-CL 12BIS 2,2019,Octubre,6,domingo,9,45,Kennedy,Choque,Vehículo,,Solo Daños,0,0,0,0,0,1,0,0,0,0,0,0,0,0,0,0,0,0,0,0,0,0,1000995.0,0.0008397312642038386,93.21017032662608,CL80,KR96;KR102,4.6449201,-74.1314625,1.0,17.03237781063063,,0.0,111.0,1.0
167726,10499282,-74.140888191,4.61324285900002,AV AVENIDA BOYACA-CL 37B S 2,2019,Octubre,8,martes,13,30,Kennedy,Choque,Vehículo,,Solo Daños,0,0,0,0,0,0,0,1,0,0,1,0,1,0,0,0,1,0,0,0,0,0,90.0,0.004313455496937322,478.7935601600427,CL24,KR86;AV.AMERICAS,4.61621555,-74.13776265,1.0,18.121596291382115,,0.0,123.0,1.0
167727,10499283,-74.081542768,4.62350051200002,CL 24-KR 29 02,2019,Octubre,8,martes,10,45,Los Mártires,Choque,Vehículo,,Solo Daños,0,0,0,0,0,0,0,1,0,0,0,0,0,0,0,0,0,0,0,0,0,0,37.0,0.004373710334229072,485.48184709942694,CL45,KR7;KR24,4.6191512,-74.0820041,1.0,10.600091898916666,,0.0,120.0,1.0
167728,10499284,-74.038139065,4.67989819799999,KR 7-CL 100 2,2019,Octubre,4,viernes,12,40,Usaquén,Choque,Vehículo,,Solo Daños,0,0,0,1,0,1,0,0,0,0,0,0,0,0,0,0,0,0,0,0,0,0,1002017.0,0.011693113023439833,1297.9355456018216,AUTONORTE,ALCALA;PRADO,4.6892508,-74.04515745,0.0,43.05194224900826,,0.0,121.0,0.0
167729,10499285,-74.130434088,4.60409930999998,KR 52C-CL 35 S 2,2019,Octubre,8,martes,16,45,Puente Aranda,Choque,Vehículo,,Solo Daños,0,1,0,0,0,0,0,1,0,0,0,0,0,0,0,0,0,0,0,0,0,0,1001025.0,0.002644660138571042,293.55727538138564,KR72,CL9;CL12,4.601936950000001,-74.12891145,1.0,9.586767827232142,,0.0,112.0,1.0
167730,10499286,-74.1352,4.63990000000001,TR 72-CL 9 02,2019,Octubre,8,martes,11,0,Kennedy,Choque,Vehículo,,Solo Daños,0,1,0,0,0,1,0,1,0,0,0,0,0,0,0,0,0,0,0,0,0,0,1001247.0,0.004095940013292701,454.64934147548985,KR72,CL66A;CL75,4.63816495,-74.1314897,1.0,32.85628458247191,,0.0,89.0,1.0
167731,10499287,-74.078929262,4.62429702399999,CL 26-KR 29 2,2019,Octubre,8,martes,12,40,Teusaquillo,Choque,Vehículo,,Solo Daños,0,0,0,0,0,0,0,0,0,0,0,0,0,0,0,0,0,0,0,0,0,0,1000967.0,0.002115253160070221,234.79310076779453,CL26,KR33;KR40,4.6235713,-74.07694240000001,1.0,30.054899247338707,,0.0,124.0,1.0
167732,10499288,-74.12232828,4.65399014399998,AV AVENIDA BOYACA-CL 21 02,2019,Octubre,8,martes,11,45,Fontibón,Choque,Vehículo,,Solo Daños,0,1,0,0,0,0,0,0,0,0,0,0,0,0,0,0,0,0,0,0,0,0,61.0,0.004621521997822653,512.9889417583145,CL19,KR36;KR5,4.65795775,-74.11995834999999,1.0,11.45979672414634,,0.0,123.0,1.0
167734,10499290,-74.042857159,4.70427328099998,CL 127-KR 15 2,2019,Octubre,8,martes,17,13,Usaquén,Choque,Objeto Fijo,Semaforo,Solo Daños,0,0,0,0,0,0,0,1,0,0,0,0,0,0,0,0,0,0,0,0,0,0,1002018.0,0.0010391868243401078,115.34973750175196,AUTONORTE,ALCALA;CL146,4.705305,-74.0427328,1.0,34.555352883,,0.0,120.0,1.0
167735,10499291,-74.084767097,4.66742412600001,KR 60-CL 66 2,2019,Octubre,8,martes,15,43,Barrios Unidos,Choque,Vehículo,,Solo Daños,0,0,0,0,0,0,0,0,0,0,0,0,0,0,0,0,0,0,0,0,0,0,1001727.0,0.0016653099337513306,184.8494026463977,KR60;CL68,CL66C;KR58,4.6690878,-74.0846933,1.0,19.570363474919354,,0.0,124.0,1.0
167736,10499292,-74.042022301,4.68834088300002,KR 9-CL 104 02,2019,Octubre,8,martes,7,39,Usaquén,Choque,Vehículo,,Solo Daños,0,0,0,0,0,0,0,0,0,1,0,0,0,0,0,0,0,0,0,0,0,1,1002017.0,0.0032645226602163683,362.3620152840169,AUTONORTE,ALCALA;PRADO,4.6892508,-74.04515745,1.0,31.978391333482143,,0.0,112.0,1.0
167737,10499664,-74.176387138,4.61307298899999,KR 80-CL 57A S 02,2019,Octubre,13,domingo,2,35,Kennedy,Choque,Vehículo,,Con Heridos,1,0,1,0,0,0,0,0,0,0,0,0,0,0,0,0,0,0,0,0,0,0,149.0,0.010926429718659215,1212.833698771173,AV.CL59SUR,CL59SUR;KR81A,4.6025243,-74.1792353,0.0,50.6553192075,,0.0,8.0,0.0
167738,10499665,-74.096469848,4.74695306699999,CL 145-KR 104 02,2019,Octubre,11,viernes,17,30,Suba,Caida de ocupante,,,Con Heridos,0,0,0,0,0,0,0,0,0,0,1,0,1,1,0,0,0,0,1,0,0,0,1001707.0,0.00471524677374379,523.3923918855606,AV.SUBA,CL136;CL127,4.7425033,-74.09491,1.0,37.35872512405172,,0.0,116.0,1.0
167739,10499667,-74.100916547,4.57431558100001,KR 12-CL 27 2,2019,Octubre,13,domingo,4,15,Rafael Uribe Uribe,Atropello,,,Con Heridos,0,0,0,0,0,0,1,0,0,0,0,0,0,0,0,0,0,0,0,0,0,0,117.0,0.004623984884536229,513.2623221835214,CL57,AV.CARACAS;TV25,4.5777728,-74.09784590000001,1.0,29.44048851761468,,0.0,109.0,1.0
167740,10499668,-74.166769962,4.62250266799998,AV AVENIDA CIUDAD DE VILLAVICENCIO-KR 80G 02,2019,Octubre,11,viernes,9,20,Kennedy,Otro,,,Con Heridos,0,0,0,0,0,0,0,0,0,0,1,0,1,0,1,0,0,0,0,0,0,0,148.0,0.010831081450342152,1202.2500409879788,AV.CL59SUR,KR81A;CL59SUR,4.6285372,-74.1577757,0.0,24.85604920875,,0.0,8.0,0.0
167741,10499669,-74.112965391,4.51361540400001,KR 9B-CL 75B S 26,2019,Octubre,12,sábado,18,5,Usme,Atropello,,,Con Heridos,0,0,0,0,0,0,1,0,0,0,0,0,0,0,0,0,0,0,0,0,0,0,1001959.0,0.020798202080499335,2308.600430935426,"CL19,KR3",KR5;CL22,4.5343054,-74.1108466,0.0,12.089763593965516,,0.0,116.0,0.0
167742,10499670,-74.166690986,4.63126210399997,KR 86-CL 40B S 18,2019,Octubre,13,domingo,11,0,Kennedy,Choque,Vehículo,,Con Heridos,1,0,0,0,0,0,0,0,0,0,1,0,1,1,0,0,0,1,0,0,0,0,148.0,0.009322415259519424,1034.788093806656,AV.CL59SUR,KR81A;CL59SUR,4.6285372,-74.1577757,0.0,21.28936936375,,0.0,8.0,0.0
167743,10499671,-74.095090282,4.53834190700002,KR 4-CL 49FBIS S 02,2019,Octubre,11,viernes,13,40,San Cristóbal,Atropello,,,Con Heridos,0,0,0,0,0,0,1,0,0,0,0,0,0,0,0,0,0,0,0,0,0,0,1001959.0,0.016265145117039942,1805.4311079914335,"CL19,KR3",KR5;CL22,4.5343054,-74.1108466,0.0,12.098640591612902,,0.0,124.0,0.0
167744,10499672,-74.136320456,4.55859865999997,CL 60G-KR 17 S 2,2019,Octubre,12,sábado,17,10,Ciudad Bolívar,Atropello,,,Con Muertos,0,0,0,0,0,0,1,1,0,1,0,0,0,0,0,0,0,0,0,0,0,1,56.0,0.016399964177029273,1820.3960236502492,CL6,AV.CARACAS;KR42,4.574981,-74.13556034999999,0.0,17.159014918083336,,0.0,120.0,0.0
167745,10499673,-74.143900065,4.53658868600002,KR 18BBISA-CL 80B S 16,2019,Octubre,12,sábado,14,40,Ciudad Bolívar,Atropello,,,Con Heridos,0,1,0,0,0,0,1,1,0,0,0,0,0,0,0,0,0,0,0,0,0,0,39.0,0.03269629805295569,3629.2890838780813,AV.CARACAS,AV.P.MAYO;CL80,4.5552695,-74.11706585,0.0,15.445619121833333,,0.0,120.0,0.0
167746,10499674,-74.08374546,4.60099408399998,CL 9-KR 15 15,2019,Octubre,11,viernes,16,50,Los Mártires,Atropello,,,Con Heridos,0,0,0,0,0,1,1,1,0,0,0,0,0,0,0,0,0,0,0,0,0,0,1001993.0,0.0012195250463222186,135.36728014176626,AUTONORTE,VIRREY;CL82,4.599906,-74.0842962,1.0,37.92787869066667,,0.0,120.0,1.0
167747,10499675,-74.109062996,4.74868067699998,CL 143-KR 127D 02,2019,Octubre,11,viernes,13,20,Suba,Atropello,,,Con Heridos,0,0,0,0,0,1,1,0,0,0,0,0,0,0,0,0,0,0,0,0,0,0,1000951.0,0.012274003697929177,1362.4144104701386,AV.SUBA,CL127;HUMEDAL.CORDOBA,4.7388854,-74.1016668,0.0,27.924715600725808,,0.0,124.0,0.0
167748,10499676,-74.128358509,4.70868275200002,CL 70D-KR 111A 02,2019,Octubre,12,sábado,17,14,Engativá,Atropello,,,Con Heridos,0,0,0,0,1,1,1,0,0,0,0,0,0,0,0,0,0,0,0,0,0,0,103.0,0.007124630518721862,790.8339875781267,DIAG16,KR129;CL17,4.71384325,-74.1332707,0.0,20.078838584,,0.0,120.0,0.0
167749,10499677,-74.056198377,4.750742898,CL 167C-KR 55A 02,2019,Octubre,11,viernes,15,0,Suba,Atropello,,,Con Heridos,0,0,0,0,0,0,1,1,0,0,0,0,0,0,0,0,0,0,0,0,0,0,1000078.0,0.009111157028936372,1011.3384302119373,CL100,KR19;KR49,4.7416579,-74.0568883,0.0,25.28694673107438,,0.0,121.0,0.0
167750,10499678,-74.103574258,4.73989469600002,CL 134A-KR 111 02,2019,Octubre,11,viernes,16,30,Suba,Atropello,,,Con Heridos,0,0,0,0,0,0,1,1,0,1,0,0,0,0,0,0,0,0,0,0,0,1,1000951.0,0.002158025587750405,239.54084024029493,AV.SUBA,CL127;HUMEDAL.CORDOBA,4.7388854,-74.1016668,1.0,29.468748649000002,,0.0,120.0,1.0
167751,10499679,-74.112985107,4.58026984499998,CL 31B-KR 21B S 02,2019,Octubre,13,domingo,12,16,Rafael Uribe Uribe,Atropello,,,Con Heridos,0,0,0,0,0,1,1,0,0,0,0,0,0,0,0,0,0,0,0,0,0,0,1000325.0,0.006130660454957696,680.5033105003042,AV.CARACAS,AV.PRIMERO_MAYO;CL11SUR,4.57490245,-74.11594754999999,0.0,19.89343589080645,,0.0,124.0,0.0
167752,10499680,-74.029431381,4.73941828599999,CL 163-KR 8F 2,2019,Octubre,12,sábado,22,15,Usaquén,Volcamiento,,,Con Heridos,0,0,0,1,0,1,0,0,0,0,0,0,0,0,0,0,0,0,0,0,0,0,1000081.0,0.003113404437559232,345.58789256907477,KR19,CL116;CL127,4.7391552,-74.03253365,1.0,18.184740347058824,,0.0,119.0,1.0
167753,10499681,-74.080154149,4.61374313499999,CL 21-KR 18B 02,2019,Octubre,11,viernes,19,37,Los Mártires,Choque,Vehículo,,Solo Daños,0,0,0,0,0,0,0,0,0,0,0,0,0,0,0,0,0,0,0,0,0,0,1001974.0,0.0017830595135849578,197.91960600793033,NQS,CL18;CAD,4.6119977500000005,-74.07978955,1.0,40.45249112481482,,0.0,108.0,1.0
167754,10499682,-74.13531651,4.65855511000001,CL 13-KR 83 02,2019,Octubre,13,domingo,6,20,Fontibón,Atropello,,,Con Heridos,0,0,0,0,0,1,1,0,0,0,0,0,0,0,0,0,0,0,0,0,0,0,1001016.0,0.0042587987641560425,472.7266628213207,KR72,CL127;CL75,4.6623088,-74.13330475000001,1.0,36.50374893741071,,0.0,112.0,1.0
167755,10499683,-74.140753003,4.63047868799998,AV AVENIDA DE LAS AMERICAS-KR 73 2,2019,Octubre,12,sábado,8,26,Kennedy,Atropello,,,Con Heridos,0,0,0,0,0,1,1,0,0,0,0,0,0,0,0,0,0,0,0,0,0,0,1000961.0,0.003453211634929379,383.30649147716105,CL72,KR24;KR55,4.627228499999999,-74.1419196,1.0,23.468626495241935,,0.0,124.0,1.0
167756,10499684,-74.19425926,4.63814667299999,KR 98C-CL 56I S 22,2019,Octubre,13,domingo,20,20,Bosa,Atropello,,,Con Heridos,0,0,0,0,1,1,1,0,0,0,0,0,0,0,0,0,0,0,0,0,0,0,1000981.0,0.021151855696349284,2347.8559822947705,DIAG16,KR90;KR97,4.6495069,-74.176417,0.0,38.84888551258334,,0.0,120.0,0.0
167757,10499685,-74.092692853,4.60237128900002,CL 6-KR 23 02,2019,Octubre,11,viernes,17,43,Los Mártires,Choque,Vehículo,,Solo Daños,0,0,0,0,1,0,0,0,0,0,0,0,0,0,0,0,0,0,0,0,0,0,1000943.0,0.0017824645805177971,197.85356843747547,TV39,CL13;CL19,4.6006855,-74.0932719,1.0,18.802693778305084,,0.0,118.0,1.0
167758,10499686,-74.139605851,4.57316496599998,AV AVENIDA BOYACA-KR 24 2,2019,Octubre,12,sábado,6,0,Tunjuelito,Caida de ocupante,,,Con Heridos,0,0,0,0,0,0,0,0,0,0,1,0,1,1,0,0,0,1,0,0,0,0,56.0,0.004434417417236498,492.22033331325133,CL6,AV.CARACAS;KR42,4.574981,-74.13556034999999,1.0,24.110507327500002,,0.0,116.0,1.0
167759,10499687,-74.055422954,4.64219806199998,AV AVENIDA CIRCUNVALAR-CL 60 02,2019,Octubre,11,viernes,9,25,Chapinero,Choque,Vehículo,,Solo Daños,0,0,0,0,0,0,0,0,0,0,0,0,0,0,0,0,0,0,0,0,0,0,9.0,0.0014428597128933397,160.1574281311607,CL116,KR7;KR53,4.6432563,-74.05444215,1.0,13.4159326735,,0.0,120.0,1.0
167760,10500054,-74.0912894,4.75579383500002,KR 104-CL 154A 2,2019,Octubre,16,miércoles,5,50,Suba,Choque,Vehículo,,Solo Daños,0,1,0,0,0,0,0,0,0,0,0,0,0,0,0,0,0,0,0,0,0,0,1001055.0,0.009273067451346664,1029.3104870994798,KR68,AV.SUBA;KR64,4.753758749999999,-74.0822424,0.0,40.51902885049181,,0.0,122.0,0.0
167761,10500055,-74.112823314,4.65189788499998,CL 22C-KR 68F 02,2019,Octubre,16,miércoles,20,30,Fontibón,Choque,Vehículo,,Solo Daños,0,0,0,0,0,0,0,0,0,0,1,0,0,0,0,0,0,0,0,0,1,0,1000301.0,0.005752428331742333,638.519544823399,CL6,KR27;KR19,4.6468165,-74.1155196,0.0,24.780027025333332,,0.0,120.0,0.0
167762,10500056,-74.154996167,4.57577571299998,CL 68-KR 47 S 2,2019,Octubre,1,martes,6,51,Ciudad Bolívar,Choque,Vehículo,,Solo Daños,0,0,0,0,0,0,0,0,0,0,0,0,0,0,0,0,0,0,0,0,0,0,1002276.0,0.007611852616333318,844.9156404129983,AV.VILLAVICENCIO,CL57BSUR;AV.P.MAYO,4.5824943,-74.158574,0.0,21.70247370875,,0.0,8.0,0.0
167763,10500057,-74.071385391,4.61307454600001,CL 26-KR 13 02,2019,Octubre,16,miércoles,10,16,Santa Fe,Choque,Vehículo,,Solo Daños,0,0,0,0,0,0,0,1,0,0,0,0,0,0,0,0,0,0,0,0,0,0,1000208.0,0.004418071245229224,490.40590822044385,KR7,CL63;CL72,4.609056150000001,-74.07322165,1.0,,,,,0.0
167764,10500058,-74.1643,4.59739999999999,KR 72-CL 57H S 2,2019,Octubre,12,sábado,22,0,Bosa,Choque,Vehículo,,Solo Daños,0,0,0,0,0,0,0,0,0,0,1,0,0,0,0,0,0,0,0,0,1,0,1001946.0,0.0013172835267985768,146.21847147464203,"AV.P.MAYO,CL26SUR",KR72;KR78K,4.5960945,-74.1644758,1.0,23.477960138833335,,0.0,120.0,1.0
167765,10500059,-74.078480159,4.59495445800002,CL 7-KR 8 02,2019,Octubre,17,jueves,9,30,Candelaria,Volcamiento,,,Solo Daños,0,0,0,0,0,1,0,0,0,0,0,0,0,0,0,0,0,0,0,0,0,0,1000258.0,0.0015082709615378822,167.41807673070494,CL32,KR7;AV.CARACAS,4.595026300000001,-74.0769736,1.0,15.346035641451614,,0.0,124.0,1.0
167766,10500060,-74.089112531,4.65993107200001,CL 63-KR 60 02,2019,Octubre,17,jueves,17,20,Teusaquillo,Choque,Vehículo,,Solo Daños,0,0,0,0,0,0,0,0,0,0,0,0,0,0,0,0,0,0,0,0,0,0,24.0,0.0014795857481854388,164.2340180485837,CL127,KR7;AV.BOYACA,4.66108545,-74.09003805,1.0,13.075230869499999,,0.0,120.0,1.0
167767,10500061,-74.127904705,4.65082879599998,AC 13-KR 73 02,2019,Octubre,17,jueves,8,0,Fontibón,Choque,Vehículo,,Solo Daños,0,0,0,0,0,0,0,0,0,0,0,0,0,0,0,0,0,0,0,0,0,0,1000775.0,0.002032400440158156,225.59644885755534,CL17,KR128;KR123,4.65006275,-74.1260222,1.0,22.42711055466667,,0.0,120.0,1.0
167768,10500062,-74.143781035,4.60196642900002,KR 72-CL 40 S 2,2019,Octubre,17,jueves,20,0,Kennedy,Choque,Vehículo,,Solo Daños,0,0,0,0,0,0,0,0,0,0,0,0,0,0,0,0,0,0,0,0,0,0,1000698.0,0.0025071679288930916,278.2956401071332,"AV.AMERICAS,CL34",KR36;KR28,4.6006212,-74.14589674999999,1.0,28.71384541091667,,0.0,120.0,1.0
167769,10500063,-74.070175128,4.60450401899999,CL 19-KR 5 02,2019,Octubre,17,jueves,9,52,Santa Fe,Choque,Vehículo,,Solo Daños,0,0,0,0,0,0,0,0,0,1,1,0,1,0,0,1,0,0,0,0,0,1,2.0,0.0005151983208000178,57.18701360880197,KR7,CL32;CL188,4.60499885,-74.0700317,1.0,20.926329393185842,,0.0,113.0,1.0
167770,10500064,-74.089547108,4.63284377700001,KR 40-CL 25 05,2019,Octubre,17,jueves,11,20,Teusaquillo,Choque,Vehículo,,Solo Daños,0,1,0,0,0,0,0,0,0,0,0,0,0,0,0,0,0,0,0,0,0,0,1001256.0,0.0022748533016494752,252.50871648309175,CL19,KR17;KR27,4.631448499999999,-74.0877504,1.0,14.131655065697675,,0.0,86.0,1.0
167771,10500065,-74.061544816,4.66073762100001,AV AVENIDA CARACAS-CL 73 2,2019,Octubre,17,jueves,20,5,Chapinero,Choque,Vehículo,,Solo Daños,0,1,0,0,0,0,0,0,0,0,0,0,0,0,0,0,0,0,0,0,0,0,1000707.0,0.00039042473179632623,43.33714522939221,CL13,KR47;KR39,4.6608924,-74.06190325,1.0,23.9673560305,,0.0,120.0,1.0
167772,10500066,-74.102633958,4.644970543,CL 24-KR 60 02,2019,Octubre,17,jueves,10,49,Teusaquillo,Choque,Vehículo,,Solo Daños,0,0,0,0,0,0,0,0,0,0,0,0,0,0,0,0,0,0,0,0,0,0,99.0,0.0023404257850477123,259.7872621402961,TR22,CL1;CL6,4.64263175,-74.10254655,1.0,14.576803338333333,,0.0,120.0,1.0
167773,10500067,-74.108437943,4.69130939500002,AV AVENIDA CIUDAD DE CALI-CL 68A 02,2019,Octubre,17,jueves,8,40,Engativá,Choque,Vehículo,,Solo Daños,0,1,0,0,0,1,0,0,0,0,0,0,0,0,0,0,0,0,0,0,0,0,1001872.0,0.0030410051703917765,337.5515739134872,KR86,CL64BIS;CL66A,4.6942582,-74.1076948,1.0,16.023086231636363,,0.0,110.0,1.0
167774,10500068,-74.077749446,4.59820265600001,KR 9-CL 9 69,2019,Octubre,17,jueves,7,0,Candelaria,Choque,Vehículo,,Solo Daños,0,0,0,0,0,0,0,0,0,1,0,0,0,0,0,0,0,0,0,0,0,1,1000258.0,0.0032697361444783573,362.9407120370977,CL32,KR7;AV.CARACAS,4.595026300000001,-74.0769736,1.0,14.39129380295082,,0.0,122.0,1.0
167775,10500069,-74.079736631,4.63077884400002,KR 30-CL 40A 02,2019,Octubre,17,jueves,14,20,Teusaquillo,Choque,Vehículo,,Solo Daños,0,0,0,0,0,0,0,0,0,1,0,0,0,0,0,0,0,0,0,0,0,1,1001987.0,0.0023164900380326842,257.13039422162797,NQS,CAMPIN;U.NACIONAL,4.63205205,-74.08167184999999,1.0,41.05146049209677,,0.0,124.0,1.0
167776,10500070,-74.105938416,4.70407731500001,CL 76A-KR 90A 02,2019,Octubre,17,jueves,11,30,Engativá,Choque,Vehículo,,Solo Daños,0,0,0,0,0,0,0,0,0,0,1,0,0,0,0,0,0,0,0,0,0,0,1000759.0,0.006455233636522587,716.5309336540071,KR80,CL26SUR;CL38CSUR,4.69774235,-74.10469815,0.0,20.41409592933333,,0.0,120.0,0.0
167777,10500071,-74.074540747,4.60732294399997,CL 19-KR 12 2,2019,Octubre,17,jueves,17,20,Santa Fe,Choque,Vehículo,,Solo Daños,0,0,0,0,0,1,0,0,0,0,0,0,0,0,0,0,0,0,0,0,0,0,1000653.0,0.0012508471816729291,138.84403716569514,AV.CIRCUNVALAR,KR7;CL83,4.6066223,-74.07557695,1.0,20.001668252416668,,0.0,120.0,1.0
167778,10500072,-74.078989986,4.62388837399999,CL 26-KR 28 02,2019,Octubre,17,jueves,9,13,Teusaquillo,Choque,Vehículo,,Solo Daños,0,0,0,0,0,0,0,0,0,1,0,0,0,0,0,0,0,0,0,0,0,1,1000967.0,0.0020719904316432265,229.99093791239815,CL26,KR33;KR40,4.6235713,-74.07694240000001,1.0,35.55822434895161,,0.0,124.0,1.0
167779,10500073,-74.106646081,4.58645692800002,AV AVENIDA PRIMERA DE MAYO-KR 24F 02,2019,Octubre,17,jueves,9,0,Antonio Nariño,Choque,Vehículo,,Con Heridos,0,0,0,0,0,1,0,1,0,0,0,0,0,0,0,0,0,0,0,0,0,0,1000314.0,0.002197396140623542,243.91097160921314,CL19,KR5;KR10,4.5844906000000005,-74.10762695,1.0,10.59813278201613,,0.0,124.0,1.0
167780,10500074,-74.065824599,4.59920763299999,AV AVENIDA CIRCUNVALAR-CL 17 02,2019,Octubre,15,martes,12,45,Santa Fe,Choque,Vehículo,,Con Heridos,0,0,0,0,0,1,0,1,0,0,0,0,0,0,0,0,0,0,0,0,0,0,1000052.0,0.005227915133968548,580.2985798705088,CL116,KR11;KR19,4.6003184,-74.07093315,0.0,10.246301803548386,,0.0,124.0,0.0
167781,10500075,-74.032017805,4.73116247899998,KR 9-CL 153 02,2019,Octubre,17,jueves,12,50,Usaquén,Choque,Vehículo,,Con Heridos,0,0,1,0,0,1,0,0,0,0,0,0,0,0,0,0,0,0,0,0,0,0,1000081.0,0.00800934985177867,889.0378335474325,KR19,CL116;CL127,4.7391552,-74.03253365,0.0,13.248743821382114,,0.0,123.0,0.0
167782,10500076,-74.111153822,4.54706331900002,CL 49BIS-KR 5 S 02,2019,Octubre,17,jueves,4,15,Rafael Uribe Uribe,Choque,Vehículo,,Con Heridos,0,0,0,0,0,1,0,0,0,0,0,0,0,0,0,0,0,0,0,0,0,0,39.0,0.010114024010114995,1122.6566651227645,AV.CARACAS,AV.P.MAYO;CL80,4.5552695,-74.11706585,0.0,30.982610973448274,,0.0,116.0,0.0
167783,10500077,-74.080518983,4.71228224999999,CL 127A-KR 78 44,2019,Octubre,17,jueves,11,30,Suba,Choque,Vehículo,,Solo Daños,0,1,0,0,0,0,0,0,0,0,0,0,0,0,0,0,0,0,0,0,0,0,150.0,0.001097686731576368,121.84322720497684,CL53,KR70;CL63,4.71236735,-74.07942460000001,1.0,12.018342343448277,,0.0,29.0,1.0
167784,10500078,-74.108728895,4.661777669,AC 26-KR 69D 91,2019,Octubre,17,jueves,8,59,Fontibón,Choque,Vehículo,,Solo Daños,0,0,0,0,0,0,0,0,0,1,0,0,0,0,0,0,0,0,0,0,0,1,1000196.0,0.0033490712347117664,371.74690705300605,CL134,KR7;KR9,4.6586908000000005,-74.10742985,1.0,22.683197477500002,,0.0,124.0,1.0
167785,10500450,-74.078997953,4.684059171,CL 80-KR 68 2,2019,Octubre,19,sábado,11,5,Barrios Unidos,Choque,Vehículo,,Solo Daños,0,0,0,0,0,0,0,0,0,1,0,0,0,0,0,0,0,0,0,0,0,1,86.0,0.004841709627193302,537.4297686184565,KR50,CL53;CL17,4.67926125,-74.07964765,1.0,20.8253365997541,,0.0,122.0,1.0
167786,10500451,-74.102103153,4.62711005800003,CL 20-KR 44 2,2019,Octubre,21,lunes,19,0,Puente Aranda,Choque,Vehículo,,Solo Daños,0,0,0,0,0,0,0,0,0,0,0,0,0,0,0,0,0,0,0,0,0,0,1000769.0,0.0015282034199524733,169.63057961472452,NQS,KR67;KR62B,4.62567005,-74.1026148,1.0,29.412186938534482,,0.0,116.0,1.0
167787,10500452,-74.054572533,4.70809485299998,KR 45A-CL 127 02,2019,Octubre,21,lunes,14,30,Suba,Choque,Vehículo,,Solo Daños,0,0,0,0,0,0,0,0,0,0,0,0,0,0,0,0,0,0,0,0,0,0,18.0,0.0029216680158727993,324.3051497618807,CL85,KR15;KR7,4.7093504,-74.0519344,1.0,8.360649905887097,,0.0,124.0,1.0
167788,10500453,-74.086024919,4.67769288300002,AK 68-CL 72 2,2019,Octubre,21,lunes,18,0,Barrios Unidos,Choque,Vehículo,,Solo Daños,0,0,0,0,0,0,0,0,0,0,0,0,0,0,0,0,0,0,0,0,0,0,1000654.0,0.0015081946402364114,167.40960506624168,AV.CIRCUNVALAR,CL83;KR7,4.67771235,-74.08451685,1.0,19.844194205982905,,0.0,117.0,1.0
167789,10500454,-74.068292133,4.72962632000002,CL 138-KR 59A 2,2019,Octubre,21,lunes,15,10,Suba,Choque,Vehículo,,Solo Daños,0,0,0,0,0,0,0,0,0,0,1,0,1,0,0,0,1,0,0,0,0,0,1000062.0,0.0007411836064433709,82.27138031521416,KR15,CL92;CL94,4.7303056,-74.0679956,1.0,13.795979102520326,,0.0,123.0,1.0
167790,10500455,-74.107857954,4.59847333900001,AK 30-CL 11 S 02,2019,Octubre,21,lunes,5,55,Puente Aranda,Choque,Vehículo,,Solo Daños,0,0,0,0,0,0,0,0,0,0,1,0,1,0,0,0,1,0,0,0,0,0,1000675.0,0.004765247360947788,528.9424570652045,KR11,CL76;CL72,4.602983699999999,-74.10632035,1.0,33.361267537295085,,0.0,122.0,1.0
167791,10500456,-74.095242366,4.74831509199998,KR 104-CL 148 2,2019,Octubre,21,lunes,19,0,Suba,Choque,Vehículo,,Solo Daños,0,0,0,0,0,0,0,0,0,0,0,0,0,0,0,0,0,0,0,0,0,0,1001707.0,0.005821287951045046,646.1629625660001,AV.SUBA,CL136;CL127,4.7425033,-74.09491,0.0,40.860634530344825,,0.0,116.0,0.0
167792,10500457,-74.068479346,4.60452952999998,KR 4-CL 20 2,2019,Octubre,21,lunes,9,48,Santa Fe,Choque,Vehículo,,Solo Daños,0,0,0,0,0,1,0,0,0,0,0,0,0,0,0,0,0,0,0,0,0,0,2.0,0.0016217472687589784,180.0139468322466,KR7,CL32;CL188,4.60499885,-74.0700317,1.0,20.926329393185842,,0.0,113.0,1.0
167793,10500459,-74.141700102,4.69713399800003,AC 26-KR 113 85,2019,Octubre,21,lunes,10,45,Fontibón,Choque,Vehículo,,Solo Daños,0,0,0,0,0,0,0,1,0,0,0,0,0,0,0,0,0,0,0,0,0,0,95.0,0.018060049659535934,2004.6655122084887,AV.SUBA,KR94;SAN.MARTIN,4.68681675,-74.15652305,0.0,20.52115170057851,,0.0,121.0,0.0
167794,10500460,-74.066242648,4.709836193,CL 127-KR 56A 2,2019,Octubre,21,lunes,18,37,Suba,Choque,Vehículo,,Solo Daños,0,0,0,0,0,0,0,0,0,0,0,0,0,0,0,0,0,0,0,0,0,0,1000969.0,0.005611412414889819,622.86677805277,"CL34,AV.AMERICAS",KR19;KR28,4.706773350000001,-74.07094445000001,0.0,14.743794739327733,,0.0,119.0,0.0
167795,10500461,-74.052625203,4.75063617900003,CL 168A-KR 53 2,2019,Octubre,21,lunes,13,56,Suba,Choque,Vehículo,,Solo Daños,1,0,0,0,0,0,0,0,0,0,0,0,0,0,0,0,0,0,0,0,0,0,1000087.0,0.009604837166423994,1066.1369254730635,KR19,CL147;CL152,4.7597534,-74.04960375,0.0,12.802818426,,0.0,120.0,0.0
167796,10500462,-74.126620959,4.64951339300001,AV AVENIDA BOYACA-CL 17 2,2019,Octubre,21,lunes,4,0,Fontibón,Volcamiento,,,Con Heridos,0,0,0,0,0,1,0,0,0,0,0,0,0,0,0,0,0,0,0,0,0,0,1000775.0,0.0008125918123619464,90.19769117217605,CL17,KR128;KR123,4.65006275,-74.1260222,1.0,37.329710286583335,,0.0,120.0,1.0
167797,10500463,-74.084164328,4.65367846599997,CL 63-KR 50 2,2019,Octubre,21,lunes,6,40,Barrios Unidos,Choque,Vehículo,,Solo Daños,0,0,0,0,0,1,0,0,0,0,0,0,0,0,0,0,0,0,0,0,0,0,1000662.0,0.0010508226929425517,116.64131891662325,AV.CIRCUNVALAR,CL51;CL59,4.654726650000001,-74.08423875,1.0,42.32430791163637,,0.0,110.0,1.0
167798,10500464,-74.138160297,4.63038048700002,AV AVENIDA DE LAS AMERICAS-AV AVENIDA BOYACA 2,2019,Octubre,21,lunes,22,27,Kennedy,Volcamiento,,,Solo Daños,0,0,0,0,0,0,0,0,0,0,1,0,0,0,0,0,0,0,0,0,0,0,1000780.0,0.004290302970926629,476.2236297728558,CL6,KR42;KR36,4.62659345,-74.1361441,1.0,39.37162013483333,,0.0,120.0,1.0
167799,10500465,-74.168832196,4.59581581100002,AV AVENIDA DEL SUR-KR 73 2,2019,Octubre,21,lunes,11,30,Bosa,Choque,Vehículo,,Solo Daños,0,1,0,0,0,0,0,0,0,0,1,0,0,0,0,0,0,0,0,0,0,0,1001946.0,0.004365301096998,484.548421766778,"AV.P.MAYO,CL26SUR",KR72;KR78K,4.5960945,-74.1644758,1.0,16.43256863345133,,0.0,113.0,1.0
167800,10500466,-74.09269325,4.63071005299997,KR 40-CL 24 2,2019,Octubre,21,lunes,8,30,Teusaquillo,Choque,Vehículo,,Solo Daños,0,0,0,0,0,0,0,0,0,0,1,0,1,0,0,1,0,0,0,0,0,0,111.0,0.0028099391803269903,311.90324901629594,KR60,CL24;CL66C,4.6297438500000005,-74.09005465,1.0,21.331988949435484,,0.0,124.0,1.0
167801,10500467,-74.03771249,4.69064305500001,KR 9-CL 110 2,2019,Octubre,21,lunes,10,30,Usaquén,Choque,Vehículo,,Solo Daños,0,0,0,0,0,0,0,0,0,0,1,0,1,0,0,1,0,0,0,0,0,0,1002017.0,0.0075740216125032706,840.716398987863,AUTONORTE,ALCALA;PRADO,4.6892508,-74.04515745,0.0,36.34463903709401,,0.0,117.0,0.0
167802,10500468,-74.172707574,4.59617296200003,AV AVENIDA DEL SUR-CL 74 S 2,2019,Octubre,21,lunes,6,30,Bosa,Choque,Vehículo,,Solo Daños,0,1,0,0,0,0,0,0,0,0,0,0,0,0,0,0,0,0,0,0,0,0,1001946.0,0.008232147925811568,913.7684197650841,"AV.P.MAYO,CL26SUR",KR72;KR78K,4.5960945,-74.1644758,0.0,22.563132177413795,,0.0,116.0,0.0
167803,10500469,-74.02830223,4.76381594100002,KR 7A-CL 187A 2,2019,Octubre,21,lunes,6,22,Usaquén,Choque,Vehículo,,Solo Daños,0,0,0,0,0,0,0,0,0,0,0,0,0,0,0,0,0,0,0,0,0,0,1000088.0,0.005161144924695946,572.88708664125,KR19,CL159;CL152,4.7601672,-74.03195245,0.0,24.173974390344828,,0.0,116.0,0.0
167804,10500470,-74.126279518,4.72776434399998,CL 80-KR 120 2,2019,Octubre,21,lunes,7,25,Engativá,Choque,Vehículo,,Solo Daños,0,0,0,0,0,1,0,0,0,1,0,0,0,0,0,0,0,0,0,0,0,1,103.0,0.01557798073927775,1729.1558620598303,DIAG16,KR129;CL17,4.71384325,-74.1332707,0.0,23.365616317398377,,0.0,123.0,0.0
167805,10500471,-74.167226339,4.63105352500003,AV AVENIDA CIUDAD DE CALI-CL 42 S 02,2019,Octubre,21,lunes,7,30,Kennedy,Choque,Vehículo,,Solo Daños,0,1,0,0,0,0,0,0,0,0,1,0,1,0,0,1,0,0,0,0,0,0,148.0,0.009779901278334691,1085.5690418951508,AV.CL59SUR,KR81A;CL59SUR,4.6285372,-74.1577757,0.0,17.75568922,,0.0,8.0,0.0
167806,10500472,-74.12691136,4.71436251099999,CL 72F-KR 112B 2,2019,Octubre,21,lunes,10,30,Engativá,Choque,Vehículo,,Solo Daños,0,1,0,0,0,0,0,0,0,0,0,0,0,0,0,0,0,0,0,0,0,0,103.0,0.006380504464519209,708.2359955616322,DIAG16,KR129;CL17,4.71384325,-74.1332707,0.0,19.98170736909091,,0.0,121.0,0.0
167807,10500473,-74.142964894,4.653188801,AV AVENIDA CIUDAD DE CALI-CL 12 02,2019,Octubre,21,lunes,9,15,Kennedy,Choque,Vehículo,,Solo Daños,0,1,0,0,0,0,0,0,0,0,0,0,0,0,0,0,0,0,0,0,0,0,1001019.0,0.003609850835428029,400.6934427325112,KR72,CL75;CL66A,4.65133785,-74.1398657,1.0,33.7116336262,,0.0,100.0,1.0
167808,10500474,-74.119629516,4.71947543700003,CL 80-KR 112A 2,2019,Octubre,21,lunes,12,30,Engativá,Choque,Vehículo,,Solo Daños,0,1,0,0,0,0,0,0,0,0,0,0,0,0,0,0,0,0,0,0,0,0,103.0,0.014758164903706385,1638.1563043114088,DIAG16,KR129;CL17,4.71384325,-74.1332707,0.0,19.07937088057851,,0.0,121.0,0.0
167809,10500854,-74.069347513,4.69819277400001,AV AVENIDA SUBA-CL 115 02,2019,Octubre,25,viernes,15,40,Suba,Choque,Vehículo,,Solo Daños,0,0,0,0,0,0,0,0,0,1,0,0,0,0,0,0,0,0,0,0,0,1,1001995.0,0.0028333336378634833,314.50003380284664,AUTONORTE,CL100;VIRREY,4.6970145,-74.0667708,1.0,36.821361716048386,,0.0,124.0,1.0
167810,10500855,-74.05866774,4.75513703799999,CL 170-KR 59 2,2019,Octubre,25,viernes,11,30,Suba,Choque,Vehículo,,Solo Daños,0,0,0,0,0,0,0,0,0,0,1,0,0,0,0,0,0,0,0,0,1,0,51.0,0.006569704074007249,729.2371522148046,CL169B;CL170,AV.BOYACA;KR7,4.7608736,-74.06186975,0.0,30.194650610163933,,0.0,122.0,0.0
167811,10500856,-74.171830927,4.61328493100001,AV AVENIDA PRIMERA DE MAYO-KR 79 02,2019,Octubre,25,viernes,7,52,Kennedy,Choque,Vehículo,,Con Heridos,0,0,0,0,0,1,0,0,0,0,0,0,0,0,0,0,0,0,0,0,0,0,149.0,0.01306200287251165,1449.8823188487931,AV.CL59SUR,CL59SUR;KR81A,4.6025243,-74.1792353,0.0,23.46657685375,,0.0,8.0,0.0
167812,10500857,-74.07895002,4.66725620300002,CL 68-KR 55 02,2019,Octubre,25,viernes,14,50,Barrios Unidos,Choque,Vehículo,,Solo Daños,0,0,0,0,0,0,0,0,0,0,0,0,0,0,0,0,0,0,0,0,0,0,1000189.0,0.00030667165993628954,34.04055425292814,KR7,CL170;CL165,4.66734485,-74.0792436,1.0,27.711657890569107,,0.0,123.0,1.0
167813,10500858,-74.101655758,4.65152014199998,CL 26-KR 66C 2,2019,Octubre,25,viernes,12,15,Teusaquillo,Choque,Vehículo,,Solo Daños,0,0,0,0,0,0,0,0,0,0,0,0,0,0,0,0,0,0,0,0,0,0,4.0,0.003189561884751549,354.04136920742195,CL72,KR7;KR86,4.65391245,-74.10376529999999,1.0,12.400291315322582,,0.0,124.0,1.0
167814,10500859,-74.084982144,4.69673719000002,AV AVENIDA BOYACA-CL 93 02,2019,Octubre,25,viernes,15,20,Suba,Choque,Vehículo,,Solo Daños,0,0,0,0,0,0,0,0,0,0,1,0,1,0,0,1,0,0,0,0,0,0,1001728.0,0.0011664038931812329,129.47083214311684,KR68,CL19;CL13,4.6964728,-74.0838461,1.0,18.767478120083336,,0.0,120.0,1.0
167815,10500860,-74.045718942,4.68362551299998,CL 100-KR 13 02,2019,Octubre,25,viernes,19,30,Usaquén,Choque,Vehículo,,Con Heridos,0,0,0,0,0,1,0,0,0,0,0,0,0,0,0,0,0,0,0,0,0,0,1002017.0,0.0056532404069382855,627.5096851701497,AUTONORTE,ALCALA;PRADO,4.6892508,-74.04515745,0.0,46.91164618752136,,0.0,117.0,0.0
167816,10500861,-74.138455579,4.55798752200002,AV AVENIDA BOYACA-KR 18BIS 2,2019,Octubre,25,viernes,20,20,Ciudad Bolívar,Choque,Vehículo,,Solo Daños,0,0,0,0,0,0,0,0,0,0,1,0,0,0,0,0,0,0,0,0,1,0,56.0,0.017238348108165,1913.4566400063147,CL6,AV.CARACAS;KR42,4.574981,-74.13556034999999,0.0,22.474212021000003,,0.0,120.0,0.0
167817,10500862,-74.095096515,4.69058291900001,CL 74-KR 73A 02,2019,Octubre,26,sábado,9,50,Engativá,Choque,Vehículo,,Con Heridos,0,0,0,0,0,1,0,0,0,0,0,0,0,0,0,0,0,0,0,0,0,0,1000282.0,0.0034328251097540388,381.04358718269833,CL170,KR58;AV.BOYACA,4.6924967,-74.09224664999999,1.0,27.339369501583334,,0.0,120.0,1.0
167818,10500863,-74.072807637,4.60696331600002,KR 9-CL 19 59,2019,Octubre,25,viernes,18,33,Santa Fe,Choque,Vehículo,,Con Heridos,0,0,0,0,0,1,0,0,0,0,0,0,0,0,0,0,0,0,0,0,0,0,1000199.0,0.000263055667897917,29.199179136668786,KR9,CL134:CL140,4.6071991,-74.072691,1.0,26.500270974,,0.0,120.0,1.0
167819,10500864,-74.054867846,4.70747956700001,KR 45-CL 127 60,2019,Octubre,25,viernes,14,30,Usaquén,Choque,Vehículo,,Con Heridos,1,0,0,0,0,0,0,1,0,0,0,0,0,0,0,0,0,0,0,0,0,0,18.0,0.0034792415191775314,386.195808628706,CL85,KR15;KR7,4.7093504,-74.0519344,1.0,8.360649905887097,,0.0,124.0,1.0
167820,10500866,-74.028678186,4.70210321799999,KR 7-CL 127 02,2019,Octubre,25,viernes,5,50,Usaquén,Atropello,,,Con Heridos,1,0,0,0,0,1,1,1,0,0,0,0,0,0,0,0,0,0,0,0,0,0,1000184.0,0.002997033148896934,332.6706795275597,KR15,CL94;CL100,4.704458949999999,-74.03053095,1.0,42.301461750983606,,0.0,122.0,1.0
167821,10500867,-74.0640021,4.646813162,CL 60-KR 13 2,2019,Octubre,25,viernes,18,38,Chapinero,Choque,Vehículo,,Con Heridos,0,0,0,0,0,1,0,0,0,0,0,0,0,0,0,0,0,0,0,0,0,0,1001930.0,0.004216224228668511,468.0008893822048,"TV25,DIAG53,KR24",CL57;CL45,4.6443781,-74.06744405,1.0,8.85257124025,,0.0,120.0,1.0
167822,10500868,-74.136082193,4.61499688200001,AC 26-KR 69CBIS S 02,2019,Octubre,25,viernes,9,59,Kennedy,Atropello,,,Con Heridos,0,0,0,0,0,0,1,0,0,0,1,0,1,0,0,1,0,0,0,0,0,0,1001037.0,0.0018196931660264953,201.98594142894098,CL13,KR90;KR68D,4.61354265,-74.13498835,1.0,19.411490285,,0.0,122.0,1.0
167823,10500869,-74.079733253,4.66856511200001,CL 68-KR 57 2,2019,Octubre,25,viernes,13,26,Barrios Unidos,Choque,Vehículo,,Con Heridos,1,0,0,0,0,1,0,0,0,0,0,0,0,0,0,0,0,0,0,0,0,0,1000189.0,0.001314838168399499,145.9470366923444,KR7,CL170;CL165,4.66734485,-74.0792436,1.0,28.043405758951614,,0.0,124.0,1.0
167824,10500870,-74.110704145,4.56036308099999,DG 48A-TR 5J S 2,2019,Octubre,25,viernes,11,45,Rafael Uribe Uribe,Choque,Vehículo,,Con Heridos,0,0,0,0,0,0,0,0,0,0,0,0,0,0,0,0,0,0,0,0,0,0,39.0,0.008149592499661231,904.6047674623967,AV.CARACAS,AV.P.MAYO;CL80,4.5552695,-74.11706585,0.0,15.755074245084744,,0.0,118.0,0.0
167825,10500871,-74.089183838,4.75067930199998,CL 152A-KR 99 60,2019,Octubre,25,viernes,23,30,Suba,Atropello,,,Con Heridos,0,0,0,0,0,0,1,0,0,0,0,0,0,0,0,0,0,0,0,0,0,0,1001055.0,0.007593850241652593,842.9173768234378,KR68,AV.SUBA;KR64,4.753758749999999,-74.0822424,0.0,33.239028511916665,,0.0,120.0,0.0
167826,10500872,-74.066430871,4.58798836300002,KR 7-CL 6 E 19,2019,Octubre,25,viernes,6,40,Santa Fe,Caida de ocupante,,,Con Heridos,0,0,0,0,1,0,0,0,0,0,1,0,0,0,0,0,0,0,0,0,0,0,1000028.0,0.002540118777198146,281.9531842689942,KR11,CL94;CL92,4.58677215,-74.0686609,1.0,21.918156753589745,,0.0,117.0,1.0
167827,10500874,-74.100307201,4.73603019500001,CL 132-KR 104 02,2019,Octubre,26,sábado,18,41,Suba,Choque,Vehículo,,Con Heridos,0,0,1,0,0,1,0,0,0,0,0,0,0,0,0,0,0,0,0,0,0,0,1000951.0,0.003162389133670802,351.025193837459,AV.SUBA,CL127;HUMEDAL.CORDOBA,4.7388854,-74.1016668,1.0,31.364560361583337,,0.0,120.0,1.0
167829,10500876,-74.096533744,4.67674941600001,KR 70-CL 65 2,2019,Octubre,25,viernes,15,30,Engativá,Choque,Vehículo,,Con Heridos,1,0,0,0,0,0,0,0,0,0,0,0,0,0,0,0,0,0,0,0,0,0,1000197.0,0.0018660434842566243,207.1308267524853,CL134,KR9;KR7,4.675439,-74.09786225,1.0,20.02374182059322,,0.0,118.0,1.0
167830,10500877,-74.163970508,4.585141464,CL 68-KR 70C S 2,2019,Octubre,25,viernes,16,0,Ciudad Bolívar,Atropello,,,Con Heridos,0,0,0,0,1,1,1,0,0,0,0,0,0,0,0,0,0,0,0,0,0,0,1002276.0,0.006010804924218335,667.1993465882352,AV.VILLAVICENCIO,CL57BSUR;AV.P.MAYO,4.5824943,-74.158574,0.0,20.196497381,,0.0,10.0,0.0
167831,10500878,-74.100412708,4.582265017,AV AVENIDA CARACAS-CL 19 S 14,2019,Octubre,26,sábado,7,46,Antonio Nariño,Choque,Vehículo,,Con Heridos,0,0,0,0,0,1,0,0,0,0,0,0,0,0,0,0,0,0,0,0,0,0,1000045.0,0.002609245557293887,289.62625685962144,KR11,C100;CL94,4.580720299999999,-74.09830984999999,1.0,16.47596749073171,,0.0,123.0,1.0
167832,10500879,-74.105770158,4.50667868300002,CL 84-KR 1 S 02,2019,Octubre,24,jueves,12,55,Usme,Choque,Vehículo,,Con Heridos,0,0,0,0,0,1,0,0,0,0,0,0,0,0,0,0,0,0,0,0,0,0,1001959.0,0.028089246262162026,3117.906335099985,"CL19,KR3",KR5;CL22,4.5343054,-74.1108466,0.0,12.495440150241937,,0.0,124.0,0.0
167833,10500880,-74.139088588,4.54488711900001,KR 17F-CL 73 S 2,2019,Octubre,26,sábado,12,10,Ciudad Bolívar,Atropello,,,Con Heridos,0,0,0,0,0,1,1,1,0,0,0,0,0,0,0,0,0,0,0,0,0,0,39.0,0.02434737818011964,2702.55897799328,AV.CARACAS,AV.P.MAYO;CL80,4.5552695,-74.11706585,0.0,15.480016388916665,,0.0,120.0,0.0
167834,10501259,-74.125027554,4.72603610499999,CL 80-KR 119 02,2019,Octubre,26,sábado,8,25,Engativá,Choque,Vehículo,,Solo Daños,0,1,0,0,0,0,0,0,0,0,0,0,0,0,0,0,0,0,0,0,0,0,103.0,0.014717852052118808,1633.6815777851875,DIAG16,KR129;CL17,4.71384325,-74.1332707,0.0,23.414637538387097,,0.0,124.0,0.0
167835,10501260,-74.094986284,4.66424327700003,KR 68-CL 53 2,2019,Octubre,27,domingo,9,40,Teusaquillo,Choque,Vehículo,,Solo Daños,0,1,0,0,0,0,0,0,0,0,0,0,0,0,0,0,0,0,0,0,0,0,69.0,0.0011730363427432148,130.20703404449685,AV.CIRCUNVALAR,CL51;KR7,4.66439345,-74.09382289999999,1.0,28.58267308616667,,0.0,120.0,1.0
167836,10501261,-74.090815422,4.68327084800001,CL 72-KR 69M 02,2019,Octubre,26,sábado,18,40,Engativá,Choque,Vehículo,,Solo Daños,0,0,0,0,0,0,0,0,0,0,1,0,1,0,0,1,0,0,0,0,0,0,1000999.0,0.0013784231133593754,153.00496558289066,CL80,KR112A;KR119,4.684189,-74.09184355,1.0,35.42798874864406,,0.0,118.0,1.0
167837,10501262,-74.163606629,4.614934764,AV AVENIDA PRIMERA DE MAYO-CL 44A S 30,2019,Octubre,26,sábado,11,45,Kennedy,Choque,Vehículo,,Solo Daños,0,0,0,0,0,0,0,0,0,0,1,0,1,0,0,1,0,0,0,0,0,0,1001027.0,0.009586486544304211,1064.1000064177674,KR72,CL3;CL9,4.611398400000001,-74.15469625,0.0,13.434304498214287,,0.0,112.0,0.0
167838,10501263,-74.121853264,4.72129296000003,KR 114-CL 79 2,2019,Octubre,27,domingo,14,5,Engativá,Choque,Vehículo,,Solo Daños,1,0,0,0,0,0,0,0,0,0,0,0,0,0,0,0,0,0,0,0,0,0,103.0,0.013632902255157802,1513.252150322516,DIAG16,KR129;CL17,4.71384325,-74.1332707,0.0,22.15878106048387,,0.0,124.0,0.0
167839,10501264,-74.091352746,4.69664117799999,CL 80-KR 73B 2,2019,Octubre,27,domingo,16,50,Engativá,Choque,Vehículo,,Solo Daños,0,0,0,0,0,0,0,0,0,0,1,0,1,0,0,1,0,0,0,0,0,0,1000282.0,0.004239783279084775,470.61594397841003,CL170,KR58;AV.BOYACA,4.6924967,-74.09224664999999,1.0,25.519065874333332,,0.0,120.0,1.0
167840,10501265,-74.115851448,4.66184349700001,AV AVENIDA BOYACA-CL 24 02,2019,Octubre,29,martes,22,0,Fontibón,Choque,Vehículo,,Solo Daños,0,0,0,0,0,0,0,0,0,1,0,0,0,0,0,0,0,0,0,0,0,1,61.0,0.005653819398036146,627.5739531820121,CL19,KR36;KR5,4.65795775,-74.11995834999999,0.0,24.056862007327588,,0.0,116.0,0.0
167841,10501266,-74.124154975,4.716899549,KR 112C-CL 77 2,2019,Octubre,27,domingo,9,51,Engativá,Choque,Vehículo,,Solo Daños,0,0,0,0,0,0,0,0,0,0,0,0,0,0,0,0,0,0,0,0,1,0,103.0,0.00961443736539177,1067.2025475584865,DIAG16,KR129;CL17,4.71384325,-74.1332707,0.0,23.143750757580644,,0.0,124.0,0.0
167842,10501267,-74.057117743,4.719377108,CL 134-KR 51 02,2019,Octubre,29,martes,6,20,Suba,Choque,Vehículo,,Solo Daños,0,0,0,0,0,0,0,0,0,0,1,0,0,0,0,0,0,0,0,0,1,0,1001953.0,0.0011315030352202027,125.5968369094425,CL100,KR15;KR11,4.720507899999999,-74.05715785000001,1.0,25.606506757068967,,0.0,116.0,1.0
167843,10501268,-74.164203638,4.63728146300002,KR 87C-CL 35B S 46,2019,Octubre,27,domingo,14,43,Kennedy,Choque,Vehículo,,Solo Daños,0,0,0,0,0,0,0,0,0,0,0,0,0,0,0,0,0,0,0,0,0,0,148.0,0.010852673511415745,1204.6467597671476,AV.CL59SUR,KR81A;CL59SUR,4.6285372,-74.1577757,0.0,19.46153025,,0.0,8.0,0.0
167844,10501269,-74.139964668,4.61754215899998,AK 72-CL 31 S 93,2019,Octubre,27,domingo,10,0,Kennedy,Choque,Vehículo,,Solo Daños,0,0,0,0,0,0,0,0,0,0,1,0,0,0,0,0,0,0,0,0,0,0,90.0,0.0025707537243337994,285.35366340105173,CL24,KR86;AV.AMERICAS,4.61621555,-74.13776265,1.0,15.465983206333334,,0.0,120.0,1.0
167845,10501270,-74.044375725,4.76158526099999,AV AVENIDA PASEO DE LOS LIBERTADORES-CL 184 02,2019,Octubre,29,martes,10,12,Usaquén,Choque,Vehículo,,Solo Daños,0,1,0,0,0,0,0,0,0,1,0,0,0,0,0,0,0,0,0,0,0,1,1000087.0,0.005539671481594604,614.903534457001,KR19,CL147;CL152,4.7597534,-74.04960375,0.0,15.09323745885965,,0.0,114.0,0.0
167846,10501271,-74.0487,4.66539999999998,KR 8-CL 84C 02,2019,Octubre,29,martes,12,18,Chapinero,Choque,Vehículo,,Solo Daños,0,1,0,0,0,0,0,0,0,0,0,0,0,0,0,0,0,0,0,0,0,0,1000986.0,0.004785682222000319,531.2107266420354,CL80,KR69H;KR58,4.6638357,-74.0532228,1.0,33.300779718842975,,0.0,121.0,1.0
167847,10501272,-74.103445011,4.50066496300002,KR 5-CL 89C ES 2,2019,Octubre,27,domingo,1,0,Usme,Choque,Vehículo,,Solo Daños,0,0,1,0,0,0,0,0,0,0,0,0,0,0,0,0,0,0,0,0,0,0,1001959.0,0.03444506526738658,3823.4022446799104,"CL19,KR3",KR5;CL22,4.5343054,-74.1108466,0.0,28.31490466420168,,0.0,119.0,0.0
167848,10501273,-74.121254073,4.53190723400002,AV AVENIDA CARACAS-AC 65 S 2,2019,Octubre,30,miércoles,6,5,Usme,Volcamiento,,,Con Muertos,0,0,0,0,0,1,0,0,0,0,1,0,1,1,0,0,0,0,0,1,0,0,1001959.0,0.010680201047227849,1185.5023162422913,"CL19,KR3",KR5;CL22,4.5343054,-74.1108466,0.0,19.42735955112069,,0.0,116.0,0.0
167849,10501274,-74.083443973,4.62397412500002,KR 30-CL 23A 47,2019,Octubre,29,martes,10,16,Teusaquillo,Choque,Vehículo,,Solo Daños,0,0,0,0,0,0,0,1,0,0,0,0,0,0,0,0,0,0,0,0,0,0,1001982.0,0.003730644493959754,414.1015388295327,NQS,CAD;AV.DORADO,4.6206293,-74.08509620000001,1.0,29.819318063529412,,0.0,34.0,1.0
167850,10501275,-74.104498926,4.75104613500002,KR 145-CL 116 2,2019,Octubre,28,lunes,0,16,Usaquén,Choque,Vehículo,,Solo Daños,0,0,0,0,0,0,0,0,0,0,0,0,0,0,0,0,0,0,0,0,0,0,1000951.0,0.012486168884833608,1385.9647462165306,AV.SUBA,CL127;HUMEDAL.CORDOBA,4.7388854,-74.1016668,0.0,50.419456284,,0.0,120.0,0.0
167851,10501276,-74.0723006,4.65845526999999,CL 66-KR 27 02,2019,Octubre,29,martes,11,15,Barrios Unidos,Choque,Vehículo,,Solo Daños,0,0,0,0,0,0,0,0,0,0,1,0,1,0,0,1,0,0,0,0,0,0,136.0,0.001606649084075103,178.33804833233643,"KR50,CL13",CL17;KR56,4.6570739,-74.07312105,1.0,16.0782452557,,0.0,100.0,1.0
167852,10501277,-74.107169231,4.59813142299998,KR 30-CL 8 S 2,2019,Octubre,28,lunes,1,55,Puente Aranda,Choque,Vehículo,,Solo Daños,0,0,0,0,0,0,0,0,0,0,1,0,0,0,0,0,0,0,0,0,0,0,1000675.0,0.004925971075541111,546.7827893850633,KR11,CL76;CL72,4.602983699999999,-74.10632035,1.0,33.031600695499996,,0.0,120.0,1.0
167853,10501278,-74.147745289,4.69213638000002,CL 24-KR 118B 02,2019,Octubre,29,martes,10,55,Fontibón,Choque,Vehículo,,Solo Daños,0,1,0,0,0,0,0,1,0,0,0,0,0,0,0,0,0,0,0,0,0,0,95.0,0.010263895532901579,1139.2924041520753,AV.SUBA,KR94;SAN.MARTIN,4.68681675,-74.15652305,0.0,20.52115170057851,,0.0,121.0,0.0
167854,10501279,-74.069666468,4.67195906000001,KR 30-CL 78 2,2019,Octubre,28,lunes,4,50,Barrios Unidos,Volcamiento,,,Solo Daños,0,0,0,0,0,0,0,0,0,0,0,0,0,0,0,0,0,0,0,0,0,0,1000203.0,0.0015923957423537595,176.75592740126731,KR7,CL188;CL175,4.6708734,-74.0708314,1.0,41.633010222439026,,0.0,123.0,1.0
167855,10501280,-74.087543226,4.61946826899998,KR 30-CL 19 02,2019,Octubre,29,martes,15,0,Puente Aranda,Choque,Vehículo,,Solo Daños,0,0,0,0,0,0,0,1,0,0,0,0,0,0,0,0,0,0,0,0,0,0,1001990.0,0.002232371856781865,247.79327610278702,NQS,GRAL.SANTANDER;CL38ASUR,4.6181546,-74.0857383,1.0,41.40749689508064,,0.0,124.0,1.0
167856,10501281,-74.052132017,4.71502260400001,CL 128D-KR 45 02,2019,Octubre,29,martes,22,3,Usaquén,Choque,Vehículo,,Solo Daños,0,0,0,0,0,1,0,0,0,0,0,0,0,0,0,0,0,0,0,0,0,0,1000173.0,0.003492854863509536,387.70688984955854,KR15,CL106;CL127,4.71847495,-74.0516016,1.0,21.529251201680673,,0.0,119.0,1.0
167857,10501282,-74.060285825,4.721246576,CL 134-KR 54 2,2019,Octubre,29,martes,17,0,Suba,Choque,Vehículo,,Solo Daños,0,0,1,0,0,0,0,0,0,0,0,0,0,0,0,0,0,0,0,0,0,0,1001953.0,0.003214011486211917,356.7552749695228,CL100,KR15;KR11,4.720507899999999,-74.05715785000001,1.0,18.23251869366667,,0.0,120.0,1.0
167859,10501657,-74.056085227,4.65361539499997,KR 7-CL 70A 2,2019,Octubre,30,miércoles,23,0,Chapinero,Atropello,,,Con Heridos,0,0,0,0,0,0,1,0,0,0,0,0,0,0,0,0,0,0,0,0,0,0,1000096.0,0.0010685860438068224,118.61305086255729,KR7,CL162;CL153,4.654590349999999,-74.05652265,1.0,37.00282877051724,,0.0,116.0,1.0
167879,10501678,-74.116971844,4.59496499300002,TR 35-CL 30 S 02,2019,Octubre,31,jueves,23,20,Antonio Nariño,Atropello,,,Con Heridos,0,0,0,0,0,0,1,0,0,0,0,0,0,0,0,0,0,0,0,0,0,0,66.0,0.003677296584874489,408.1799209210683,CL11SUR,KR6_ESTE;AV.CARACAS,4.5966778,-74.1137178,1.0,25.30165528425,,0.0,120.0,1.0
167933,10502818,-74.0857,4.56799999999998,KR 9B-CL 22B ES 2,2019,Octubre,22,martes,6,45,San Cristóbal,Choque,Vehículo,,Con Heridos,0,0,0,0,0,1,0,0,0,1,0,0,0,0,0,0,0,0,0,0,0,1,42.0,0.008045920026486793,893.0971229400341,CL39,AV.CARACAS;KR7,4.568182500000001,-74.09374385000001,0.0,10.53019012275862,,0.0,116.0,0.0
167941,10502826,-74.093516921,4.55021391499997,CL 41-KR 3C SE 2,2019,Octubre,8,martes,7,30,San Cristóbal,Choque,Vehículo,,Con Heridos,0,0,0,0,0,1,0,0,0,1,0,0,0,0,0,0,0,0,0,0,0,1,58.0,0.004839778940771353,537.2154624256201,CL13,AV.CARACAS;KR128,4.5547492,-74.09182735,1.0,21.841745202250003,,0.0,120.0,1.0
168062,10498515,-74.125208532,4.68505297500002,CL 26-KR 95 2,2019,Octubre,1,martes,22,0,Fontibón,Choque,Vehículo,,Solo Daños,0,0,0,0,0,0,0,0,0,0,1,0,1,0,1,0,0,0,0,0,0,0,1000238.0,0.004926616242934207,546.854402965697,CL134,KR58;KR53,4.68384265,-74.1204329,1.0,34.975035599495804,,0.0,119.0,1.0
168066,10498519,-74.043706403,4.76582847399999,KR 45-CL 188 2,2019,Octubre,1,martes,16,0,Usaquén,Choque,Vehículo,,Solo Daños,0,1,0,0,0,0,0,0,0,0,0,0,0,0,0,0,0,0,0,0,0,0,1000087.0,0.008466712806265497,939.8051214954701,KR19,CL147;CL152,4.7597534,-74.04960375,0.0,13.006086909734513,,0.0,113.0,0.0
168068,10498521,-74.10221108,4.62331920700001,KR 43-CL 12B 06,2019,Octubre,1,martes,22,10,Puente Aranda,Choque,Vehículo,,Solo Daños,0,0,0,0,0,0,0,0,0,0,0,0,0,0,0,0,0,0,0,0,0,0,1000769.0,0.0023852573548771945,264.7635663913686,NQS,KR67;KR62B,4.62567005,-74.1026148,1.0,32.38480952621849,,0.0,119.0,1.0
168069,10498522,-74.075338899,4.66504713500001,AK 30-CL 70 99,2019,Octubre,1,martes,13,30,Barrios Unidos,Choque,Vehículo,,Solo Daños,0,0,0,0,0,0,0,0,0,1,0,0,0,0,0,0,0,0,0,0,0,1,1000201.0,0.0044550942224330006,494.51545869006304,KR7,CL175;CL170,4.6690147500000005,-74.0773652,1.0,23.69505943201613,,0.0,124.0,1.0
168070,10498523,-74.12051539,4.71878874200002,KR 112A-CL 79 2,2019,Octubre,1,martes,7,0,Engativá,Choque,Vehículo,,Solo Daños,0,0,0,0,0,1,0,0,0,0,0,0,0,0,0,0,0,0,0,0,0,0,103.0,0.013680490646114651,1518.5344617187263,DIAG16,KR129;CL17,4.71384325,-74.1332707,0.0,23.365616317398377,,0.0,123.0,0.0
168071,10498524,-74.084047777,4.61480489399997,CL 19-KR 24A 26,2019,Octubre,1,martes,12,37,Los Mártires,Choque,Vehículo,,Solo Daños,0,0,0,0,0,0,0,1,0,0,0,0,0,0,0,0,0,0,0,0,0,0,1001950.0,0.002704174757564755,300.1633980896878,"KR50,CL13",CL17;KR56,4.6126833,-74.0857245,1.0,18.7644561417,,0.0,100.0,1.0
168072,10498525,-74.10264602,4.69337782899999,CL 72-KR 80C 45,2019,Octubre,1,martes,16,45,Engativá,Choque,Vehículo,,Solo Daños,0,0,0,0,0,0,0,0,0,0,1,0,1,0,0,1,0,0,0,0,0,0,1000748.0,0.0017063571235921983,189.40564071873402,KR68,CL3;CL13,4.692486049999999,-74.1041008,1.0,26.979475385210087,,0.0,119.0,1.0
168076,10498529,-74.1843,4.63249999999999,KR 86A-CL 53 S 2,2019,Octubre,1,martes,17,25,Bosa,Choque,Vehículo,,Solo Daños,0,1,0,0,0,0,0,0,0,0,0,0,0,0,0,0,0,0,0,0,0,0,1000981.0,0.018745034985570185,2080.6988833982905,DIAG16,KR90;KR97,4.6495069,-74.176417,0.0,34.36095430462185,,0.0,119.0,0.0
168078,10498531,-74.079314712,4.61593271200002,KR 19-CL 22C 2,2019,Octubre,1,martes,7,40,Los Mártires,Choque,Vehículo,,Solo Daños,0,0,0,0,0,0,0,0,0,0,1,0,1,0,0,1,0,0,0,0,0,0,1001259.0,0.0027088461880776732,300.68192687662173,CL24,KR69B;KR68B,4.6157021,-74.0766157,1.0,18.806778345853658,,0.0,123.0,1.0
168079,10498903,-74.030098134,4.70795004199999,CL 129-KR 7BBIS 02,2019,Octubre,4,viernes,11,10,Usaquén,Choque,Vehículo,,Solo Daños,0,0,0,0,0,0,0,1,0,0,0,0,0,0,0,0,0,0,0,0,0,0,1000184.0,0.0035178193589568527,390.47794884421063,KR15,CL94;CL100,4.704458949999999,-74.03053095,1.0,18.101672771393442,,0.0,122.0,1.0
168080,10498904,-74.065282823,4.59993359999999,AV AVENIDA CIRCUNVALAR-CL 18 55,2019,Octubre,4,viernes,16,15,Santa Fe,Choque,Vehículo,,Solo Daños,0,0,0,0,0,0,0,0,0,0,0,0,0,0,0,0,0,0,0,0,0,0,1000052.0,0.005663414716133083,628.6390334907722,CL116,KR11;KR19,4.6003184,-74.07093315,0.0,14.12705098375,,0.0,120.0,0.0
168081,10498905,-74.186916851,4.61975231999998,KR 86-CL 59A S 2,2019,Octubre,5,sábado,0,48,Bosa,Choque,Vehículo,,Con Heridos,0,0,0,0,0,0,0,0,0,0,0,0,0,0,0,0,0,0,0,0,0,0,76.0,0.012367962338193043,1372.8438195394278,KR86,CL57BSUR;KR91,4.616729,-74.1989096,0.0,34.27209888910714,,0.0,112.0,0.0
168082,10498906,-74.045718942,4.68362551299998,CL 100-KR 13 02,2019,Octubre,4,viernes,11,0,Usaquén,Choque,Vehículo,,Solo Daños,0,1,0,0,0,0,0,0,0,0,0,0,0,0,0,0,0,0,0,0,1,0,1002017.0,0.0056532404069382855,627.5096851701497,AUTONORTE,ALCALA;PRADO,4.6892508,-74.04515745,0.0,41.63900336584746,,0.0,118.0,0.0
168083,10498907,-74.102742852,4.48595405399999,KR 7C-CL 111 ES 2,2019,Octubre,5,sábado,6,20,Usme,Choque,Vehículo,,Con Muertos,1,0,0,0,0,1,0,1,0,0,0,1,0,0,0,0,0,0,0,0,0,0,1001959.0,0.049025742132681176,5441.85737672761,"CL19,KR3",KR5;CL22,4.5343054,-74.1108466,0.0,19.42735955112069,,0.0,116.0,0.0
168084,10498908,-74.2046,4.62220000000002,KR 80G-CL 78 S 02,2019,Octubre,4,viernes,13,30,Bosa,Choque,Vehículo,,Con Heridos,0,0,0,0,0,1,0,0,0,0,1,0,1,0,0,1,0,0,0,0,0,0,75.0,0.0035324421644408925,392.1010802529391,KR86,KR91;CL57BSUR,4.61896385,-74.20601615,1.0,15.942890532931035,,0.0,116.0,1.0
168085,10498909,-74.12668578,4.61722820199998,AK 68-CL 12 S 58,2019,Octubre,4,viernes,14,9,Puente Aranda,Choque,Vehículo,,Con Heridos,0,1,0,0,0,1,0,0,0,0,0,0,0,0,0,0,0,0,0,0,0,0,138.0,0.00452107898511871,501.83976734817685,"CL19,KR3",KR5;CL22,4.6173525,-74.13120515,1.0,10.345636873467742,,0.0,124.0,1.0
168087,10498912,-74.127827264,4.66901056199998,AV AVENIDA CIUDAD DE CALI-CL 23 2,2019,Octubre,4,viernes,15,30,Fontibón,Choque,Vehículo,,Con Heridos,0,1,0,0,0,0,0,0,0,0,0,0,0,0,0,0,0,0,0,0,0,0,1000236.0,0.002000568241970457,222.06307485872074,CL134,KR53;KR19,4.6700811,-74.1295173,1.0,21.43039435719008,,0.0,121.0,1.0
168088,10498913,-74.090345427,4.57678170100002,CL 17-KR 7B S 02,2019,Octubre,4,viernes,6,0,San Cristóbal,Choque,Vehículo,,Solo Daños,0,1,0,0,0,0,0,0,0,0,0,0,0,0,0,0,0,0,0,0,0,0,1000214.0,0.0052998575523667164,588.2841883127055,KR5,CL34;CL27,4.57950665,-74.0948911,0.0,27.829900327435897,,0.0,117.0,0.0
168089,10498914,-74.125807175,4.62946473,AV AVENIDA DE LAS AMERICAS-CL 6A 2,2019,Octubre,4,viernes,18,50,Kennedy,Choque,Vehículo,,Solo Daños,0,0,0,0,0,0,0,0,0,0,1,0,0,0,0,0,0,0,0,0,1,0,65.0,0.0025869999197084595,287.156991087639,AV.P.MAYO,KR80;KR3E,4.6307119,-74.12354065,1.0,17.182839103865547,,0.0,119.0,1.0
168090,10498915,-74.074,4.73809999999997,KR 76-CL 146BBIS 02,2019,Octubre,4,viernes,7,0,Suba,Choque,Vehículo,,Solo Daños,0,1,0,0,0,0,0,0,0,0,0,0,0,0,0,0,0,0,0,0,0,0,1002291.0,0.0020114896370309362,223.27534971043391,CL53,KR72;KR70,4.7361884,-74.074626,1.0,7.9511979175,,0.0,4.0,1.0
168091,10498916,-74.065526816,4.64408177899998,AV AVENIDA CARACAS-CL 57 2,2019,Octubre,4,viernes,5,45,Chapinero,Choque,Vehículo,,Con Heridos,0,0,0,0,0,1,0,0,0,0,0,0,0,0,0,0,0,0,0,0,0,0,1001930.0,0.0019399980272732556,215.33978102733136,"TV25,DIAG53,KR24",CL57;CL45,4.6443781,-74.06744405,1.0,17.36009964894737,,0.0,114.0,1.0
168092,10498917,-74.116728211,4.68629876900002,CL 63-KR 86 2,2019,Octubre,6,domingo,20,2,Engativá,Choque,Vehículo,,Con Heridos,0,0,0,0,0,0,0,0,0,1,0,0,0,0,0,0,0,0,0,0,0,1,1000238.0,0.0044449118246598605,493.3852125372445,CL134,KR58;KR53,4.68384265,-74.1204329,1.0,30.51572682075,,0.0,120.0,1.0
168093,10498918,-74.097960312,4.734146055,KR 102A-CL 131 02,2019,Octubre,6,domingo,5,0,Suba,Choque,Vehículo,,Con Heridos,0,0,0,0,0,1,0,0,0,0,1,0,0,0,0,0,0,0,0,0,0,0,1001022.0,0.004007704311628056,444.8551785907142,KR72,CL63BIS;CL53,4.73266365,-74.09423685,1.0,33.09210906262712,,0.0,118.0,1.0
168094,10498919,-74.108511315,4.62004390499999,TR 43B-DG 5F 2,2019,Octubre,6,domingo,19,18,Puente Aranda,Choque,Vehículo,,Con Heridos,0,0,0,0,0,1,0,0,0,0,0,0,0,0,0,0,0,0,0,0,0,0,1001211.0,0.0012798329028637942,142.06145221788117,NQS,KR71;CL59SUR,4.6204586,-74.1097221,1.0,13.41929610163793,,0.0,116.0,1.0
168095,10498920,-74.043504801,4.68255125399997,CL 100-KR 11 2,2019,Octubre,3,jueves,17,40,Usaquén,Choque,Vehículo,,Con Heridos,0,0,0,0,0,1,0,0,0,1,1,0,1,0,0,1,0,0,0,0,0,1,1002017.0,0.0069003742886707175,765.9415460424497,AUTONORTE,ALCALA;PRADO,4.6892508,-74.04515745,0.0,45.46924019898305,,0.0,118.0,0.0
168096,10498921,-74.089706191,4.59131846399998,AV AVENIDA CARACAS-CL 0 1,2019,Octubre,5,sábado,14,30,Antonio Nariño,Choque,Vehículo,,Con Heridos,0,0,0,0,0,1,0,0,0,0,0,0,0,0,0,0,0,0,0,0,0,0,1000259.0,0.004149584837298424,460.60391694012503,CL32,AV.CARACAS;KR7,4.5900511,-74.0936575,1.0,14.45583221553719,,0.0,121.0,1.0
168097,10498922,-74.071764209,4.62089605300002,CL 32-KR 16 2,2019,Octubre,6,domingo,2,58,Chapinero,Choque,Vehículo,,Con Heridos,0,0,0,0,0,0,0,0,0,0,0,0,0,0,0,0,0,0,0,0,0,0,1000020.0,0.0026153832150106636,290.3075368661837,KR7,CL79;CL76,4.618767350000001,-74.07328369999999,1.0,51.5872745340367,,0.0,109.0,1.0
168098,10498923,-74.125911167,4.61966310000003,KR 68-CL 3 S 2,2019,Octubre,3,jueves,13,3,Puente Aranda,Choque,Vehículo,,Con Heridos,0,0,0,0,0,0,0,1,0,0,0,0,0,0,0,0,0,0,0,0,0,0,138.0,0.005776255566060156,641.1643678326774,"CL19,KR3",KR5;CL22,4.6173525,-74.13120515,0.0,10.22816632435484,,0.0,124.0,0.0
168099,10498924,-74.119949045,4.51677876000002,KR 14L-CL 73C S 2,2019,Octubre,6,domingo,4,0,Usme,Choque,Vehículo,,Con Muertos,0,0,1,0,0,1,0,0,0,1,0,0,0,0,0,0,0,0,0,0,0,1,1001959.0,0.019749369981517568,2192.18006794845,"CL19,KR3",KR5;CL22,4.5343054,-74.1108466,0.0,35.981781267652174,,0.0,115.0,0.0
168100,10498925,-74.100213683,4.58493182699999,KR 17-CL 17 S 02,2019,Octubre,5,sábado,5,55,Antonio Nariño,Choque,Vehículo,,Con Heridos,0,0,0,0,0,1,0,0,0,0,0,0,0,0,0,0,0,0,0,0,0,0,1000289.0,0.003949448194339899,438.38874957172874,AV.CARACAS,CL13;CL19,4.5821952,-74.09736605,1.0,24.104069710737708,,0.0,122.0,1.0
168101,10498926,-74.077408183,4.63954481100001,AC 80-KR 28 10,2019,Octubre,6,domingo,6,30,Barrios Unidos,Choque,Vehículo,,Con Heridos,0,0,0,0,0,1,0,0,0,0,0,0,0,0,0,0,0,0,0,0,0,0,15.0,0.001380735084143342,153.26159433991094,CL94,KR7;KR15,4.640764750000001,-74.07805485,1.0,16.32809665,,0.0,116.0,1.0
168102,10498927,-74.134300988,4.61252901400002,AV AVENIDA PRIMERA DE MAYO-KR 69 02,2019,Octubre,5,sábado,16,30,Kennedy,Choque,Vehículo,,Con Heridos,0,1,0,0,0,1,0,0,0,0,0,0,0,0,0,0,0,0,0,0,0,0,1001037.0,0.001224714031719671,135.94325752088346,CL13,KR90;KR68D,4.61354265,-74.13498835,1.0,29.02504602156522,,0.0,115.0,1.0
168103,10498928,-74.132467677,4.70491007200002,CL 65B-KR 111C 2,2019,Octubre,3,jueves,13,5,Engativá,Choque,Vehículo,,Con Heridos,0,0,0,0,1,0,0,0,0,1,0,0,0,0,0,0,0,0,0,0,0,1,103.0,0.008969198131263447,995.5809925702426,DIAG16,KR129;CL17,4.71384325,-74.1332707,0.0,21.317337745887098,,0.0,124.0,0.0
168104,10499293,-74.1292,4.64659999999998,KR 72-CL 12B 2,2019,Octubre,8,martes,16,52,Kennedy,Choque,Vehículo,,Solo Daños,0,0,0,0,0,0,0,0,0,0,0,0,0,0,0,0,0,0,0,0,0,0,1000995.0,0.0028179727216447385,312.79497210256596,CL80,KR96;KR102,4.6449201,-74.1314625,1.0,15.385155274851487,,0.0,101.0,1.0
168105,10499294,-74.101701681,4.70345438099997,CL 80-KR 86 2,2019,Octubre,8,martes,1,45,Engativá,Choque,Vehículo,,Solo Daños,0,0,0,0,0,0,0,1,0,0,0,0,0,0,0,0,0,0,0,0,0,0,1000963.0,0.0031380100984820577,348.3191209315084,CL72,KR64;KR70,4.7019356,-74.0989557,1.0,33.28560498864407,,0.0,118.0,1.0
168106,10499296,-74.070695239,4.63712229399999,CL 49-KR 18 2,2019,Octubre,8,martes,17,15,Teusaquillo,Choque,Vehículo,,Solo Daños,0,0,0,0,0,0,0,0,0,0,0,0,0,0,0,0,0,0,0,0,0,0,13.0,0.0012933397094842991,143.5607077527572,CL92,KR7;KR19B,4.6373333,-74.07197124999999,1.0,13.115390278275862,,0.0,116.0,1.0
168107,10499297,-74.09116623,4.59741745500003,DG 4A-KR 19 02,2019,Octubre,8,martes,6,13,Los Mártires,Choque,Vehículo,,Solo Daños,0,1,0,0,0,1,0,1,0,0,0,0,0,0,0,0,0,0,0,0,0,0,139.0,0.0017412783809566308,193.28190028618602,KR3;CL19,CL22;KR5,4.5966194,-74.0896186,1.0,17.464242000172412,,0.0,116.0,1.0
168108,10499298,-74.064909005,4.62950937699998,KR 7-CL 42 02,2019,Octubre,8,martes,7,25,Chapinero,Choque,Vehículo,,Solo Daños,0,0,0,0,0,0,0,0,0,0,1,0,0,0,0,0,0,0,0,0,0,0,1002286.0,0.004514114915086082,501.0667555745551,KR68SUR,CL38;KR51,4.6260131,-74.0677644,1.0,21.827550777499997,,0.0,12.0,1.0
168109,10499299,-74.124813819,4.64702886499998,CL 13-KR 69F 2,2019,Octubre,8,martes,20,48,Fontibón,Choque,Vehículo,,Solo Daños,0,0,0,0,0,0,0,0,0,0,1,0,0,0,0,0,0,0,0,0,0,0,1000774.0,0.001963440219934235,217.9418644127001,CL17,KR123;KR128,4.648816999999999,-74.12400285,1.0,17.522126415689655,,0.0,116.0,1.0
168110,10499300,-74.045311207,4.76052284799999,AK 45-CL 183 2,2019,Octubre,7,lunes,18,10,Usaquén,Choque,Vehículo,,Solo Daños,0,1,0,0,0,0,0,0,0,0,0,0,0,0,0,0,0,0,0,0,0,0,1000087.0,0.0043609604024324395,484.0666046700008,KR19,CL147;CL152,4.7597534,-74.04960375,1.0,13.112340417478261,,0.0,115.0,1.0
168111,10499301,-74.164609957,4.59602811799999,AV AVENIDA DEL SUR-KR 72 2,2019,Octubre,8,martes,18,0,Bosa,Choque,Vehículo,,Solo Daños,0,0,0,0,0,0,0,0,0,0,1,0,1,0,0,0,1,0,0,0,0,0,1001946.0,0.00014968189794347406,16.614690671725622,"AV.P.MAYO,CL26SUR",KR72;KR78K,4.5960945,-74.1644758,1.0,12.536315725416667,,0.0,120.0,1.0
168112,10499302,-74.063653546,4.66144346900001,CL 72A-KR 20B 02,2019,Octubre,8,martes,8,15,Barrios Unidos,Choque,Vehículo,,Solo Daños,0,0,0,0,0,0,0,0,0,1,0,0,0,0,0,0,0,0,0,0,0,1,11.0,0.0007931914935807312,88.04425578746117,KR19,CL159;CL100,4.660728300000001,-74.0639966,1.0,14.135264430964913,,0.0,114.0,1.0
168113,10499303,-74.124475828,4.64688032200002,KR 69F-CL 17 2,2019,Octubre,8,martes,14,30,Fontibón,Choque,Vehículo,,Solo Daños,0,1,0,0,0,0,0,0,0,0,0,0,0,0,0,0,0,0,0,0,0,0,1000774.0,0.001993597217116049,221.2892910998814,CL17,KR123;KR128,4.648816999999999,-74.12400285,1.0,15.561417852083334,,0.0,120.0,1.0
168114,10499304,-74.103530253,4.48862280899999,CL 105-KR 7 SE 2,2019,Octubre,8,martes,12,0,Usme,Choque,Vehículo,,Solo Daños,0,0,0,0,0,0,0,0,0,0,1,0,1,0,0,1,0,0,0,0,0,0,1001959.0,0.04626476038950816,5135.388403235405,"CL19,KR3",KR5;CL22,4.5343054,-74.1108466,0.0,12.495440150241937,,0.0,124.0,0.0
168115,10499305,-74.040410065,4.760297579,CL 183-KR 19A 2,2019,Octubre,7,lunes,15,36,Usaquén,Choque,Vehículo,,Solo Daños,0,1,0,0,0,0,0,0,0,0,0,0,0,0,0,0,0,0,0,0,0,0,1000088.0,0.00845861987394069,938.9068060074165,KR19,CL159;CL152,4.7601672,-74.03195245,0.0,18.59869608419355,,0.0,124.0,0.0
168116,10499306,-74.044345,4.68966297999998,CL 106-KR 14 02,2019,Octubre,8,martes,8,1,Usaquén,Choque,Vehículo,,Solo Daños,0,0,0,0,0,0,0,0,0,1,0,0,0,0,0,0,0,0,0,0,0,1,1002017.0,0.0009110254414012266,101.12382399553616,AUTONORTE,ALCALA;PRADO,4.6892508,-74.04515745,1.0,35.883556030756296,,0.0,119.0,1.0
168117,10499307,-74.129442875,4.64730071600002,AV AVENIDA BOYACA-CL 16 2,2019,Octubre,7,lunes,13,30,Kennedy,Choque,Vehículo,,Solo Daños,0,1,0,0,0,0,0,0,0,0,0,0,0,0,0,0,0,0,0,0,0,0,1000995.0,0.0031218932845605758,346.5301545862239,CL80,KR96;KR102,4.6449201,-74.1314625,1.0,16.304730152897196,,0.0,107.0,1.0
168118,10499308,-74.095778289,4.64109067800001,CL 26-KR 51 80,2019,Octubre,8,martes,14,17,Teusaquillo,Choque,Vehículo,,Solo Daños,0,0,0,0,0,1,0,0,0,0,0,0,0,0,0,0,0,0,0,0,0,0,1000022.0,0.0011059289261524314,122.75811080291989,KR7,CL85;CL79,4.64152795,-74.0967941,1.0,14.914111060598291,,0.0,117.0,1.0
168119,10499309,-74.153304159,4.63590288300003,AV AVENIDA DE LAS AMERICAS-KR 80 02,2019,Octubre,8,martes,12,50,Kennedy,Choque,Vehículo,,Solo Daños,0,1,0,0,0,0,0,0,0,0,0,0,0,0,0,0,0,0,0,0,0,0,148.0,0.008616725884674475,956.4565731988667,AV.CL59SUR,KR81A;CL59SUR,4.6285372,-74.1577757,0.0,16.57291500875,,0.0,8.0,0.0
168120,10499310,-74.109343612,4.65237615199999,KR 68B-CL 24 32,2019,Octubre,8,martes,5,15,Fontibón,Choque,Vehículo,,Solo Daños,0,0,0,0,0,0,0,0,0,1,0,0,0,0,0,0,0,0,0,0,0,1,1001983.0,0.004189646610499315,465.05077376542397,NQS,AV.DORADO;CAD,4.651686,-74.1052112,1.0,48.16789017659574,,0.0,47.0,1.0
168121,10499311,-74.107874426,4.59026235300001,KR 27-CL 18 S 2,2019,Octubre,8,martes,14,0,Antonio Nariño,Choque,Vehículo,,Solo Daños,0,0,0,0,0,0,0,0,0,1,0,0,0,0,0,0,0,0,0,0,0,1,1000977.0,0.004021512686396916,446.3879081900577,KR24,CL63;CL72,4.5923447500000005,-74.10443405000001,1.0,13.743410005564515,,0.0,124.0,1.0
168122,10499312,-74.136077817,4.65971863599998,CL 13-KR 86 02,2019,Octubre,8,martes,12,0,Fontibón,Choque,Vehículo,,Solo Daños,0,1,0,0,0,0,0,0,0,0,1,0,0,0,0,0,0,0,0,0,0,0,1001016.0,0.003794581680956298,421.19856658614907,KR72,CL127;CL75,4.6623088,-74.13330475000001,1.0,27.86710079895161,,0.0,124.0,1.0
168123,10499313,-74.096909271,4.61430736300002,CL 11A-KR 33 2,2019,Octubre,7,lunes,18,0,Puente Aranda,Choque,Vehículo,,Solo Daños,0,1,0,0,0,0,0,1,0,0,0,0,0,0,0,0,0,0,0,0,0,0,1000337.0,0.0018295103997423537,203.07565437140127,KR7,CL53;CL45,4.61582185,-74.09588289999999,1.0,18.4650264234,,0.0,100.0,1.0
168124,10499314,-74.054498713,4.65986501200001,CL 76-KR 9 2,2019,Octubre,7,lunes,22,30,Chapinero,Choque,Vehículo,,Solo Daños,0,0,0,0,0,0,0,0,0,1,1,0,1,1,0,0,0,0,0,1,0,1,141.0,0.0035908133456142204,398.58028136317847,AUTONORTE,CL80;SANTA.FE,4.6632782,-74.0556141,1.0,45.18135144580357,,0.0,112.0,1.0
168125,10499315,-74.136066202,4.65945564200001,CL 13-KR 86 02,2019,Octubre,8,martes,12,30,Fontibón,Choque,Vehículo,,Solo Daños,0,1,0,0,0,0,0,0,0,0,0,0,0,0,0,0,0,0,0,0,0,0,1001016.0,0.003970658348579019,440.74307669227113,KR72,CL127;CL75,4.6623088,-74.13330475000001,1.0,27.86710079895161,,0.0,124.0,1.0
168126,10499316,-74.181152646,4.59703583700002,AV AVENIDA DEL SUR-CL 65A S 2,2019,Octubre,7,lunes,16,30,Bosa,Choque,Vehículo,,Solo Daños,0,1,0,0,0,0,0,0,0,0,0,0,0,0,0,0,0,0,0,0,0,0,149.0,0.005813728733425326,645.3238894102112,AV.CL59SUR,CL59SUR;KR81A,4.6025243,-74.1792353,0.0,19.790535375,,0.0,8.0,0.0
168127,10499317,-74.10101746,4.69509035300001,CL 74-KR 80C 02,2019,Octubre,8,martes,7,20,Engativá,Choque,Vehículo,,Solo Daños,0,0,0,0,0,0,0,0,0,0,0,0,0,0,0,0,0,0,0,0,0,0,1002088.0,0.002694020803998076,299.03630924378643,KR86,CL19A;CL22,4.6969353,-74.1029806,1.0,14.686755721264367,,0.0,87.0,1.0
168128,10499318,-74.068630094,4.60805794200002,KR 5-CL 23 2,2019,Octubre,7,lunes,17,35,Santa Fe,Choque,Vehículo,,Solo Daños,0,0,0,0,0,1,0,0,0,0,0,0,0,0,0,0,0,0,0,0,0,0,2.0,0.0033648986974089256,373.5037554123907,KR7,CL32;CL188,4.60499885,-74.0700317,1.0,18.052196917383178,,0.0,107.0,1.0
168129,10499319,-74.107259224,4.603403383,CL 1F-KR 33 2,2019,Octubre,8,martes,6,30,Puente Aranda,Choque,Vehículo,,Solo Daños,0,0,0,0,0,0,0,1,0,1,0,0,0,0,0,0,0,0,0,0,0,1,1000675.0,0.0010284056633273753,114.15302862933865,KR11,CL76;CL72,4.602983699999999,-74.10632035,1.0,25.232811833418804,,0.0,117.0,1.0
168130,10499688,-74.201855178,4.63599582699999,KR 100-CL 69 S 48,2019,Octubre,13,domingo,17,11,Bosa,Atropello,,,Con Heridos,0,0,0,0,1,1,1,0,0,0,0,0,0,0,0,0,0,0,0,0,0,0,75.0,0.01753288135227375,1946.149830102386,KR86,KR91;CL57BSUR,4.61896385,-74.20601615,0.0,14.717755159913043,,0.0,115.0,0.0
168131,10499689,-74.116669132,4.71569849500003,CL 80-KR 107 2,2019,Octubre,12,sábado,20,36,Engativá,Atropello,,,Con Muertos,0,0,0,0,0,1,1,0,0,0,0,0,0,0,0,0,0,0,0,0,0,0,1000710.0,0.016286231177778842,1807.7716607334514,KR86,CL72;CL75BIS,4.7274802000000005,-74.1054249,0.0,22.40393001327731,,0.0,119.0,0.0
168132,10499690,-74.086024919,4.67769288300002,KR 68-CL 72 02,2019,Octubre,11,viernes,17,45,Barrios Unidos,Choque,Vehículo,,Solo Daños,0,0,0,0,0,0,0,0,0,0,0,0,0,0,0,0,0,0,0,0,0,0,1000654.0,0.0015081946402364114,167.40960506624168,AV.CIRCUNVALAR,CL83;KR7,4.67771235,-74.08451685,1.0,22.867773933613446,,0.0,119.0,1.0
168133,10499691,-74.086555292,4.50216268499997,KR 15-CL 89 ES 02,2019,Octubre,14,lunes,15,57,Usme,Atropello,,,Con Muertos,0,0,0,0,0,1,1,1,0,0,0,0,0,0,0,0,0,0,0,0,0,0,1001959.0,0.04028922649945191,4472.104141439162,"CL19,KR3",KR5;CL22,4.5343054,-74.1108466,0.0,14.21875559733871,,0.0,124.0,0.0
168134,10499692,-74.108669521,4.67974617599998,CL 63B-KR 77A 2,2019,Octubre,12,sábado,9,46,Engativá,Caida de ocupante,,,Con Heridos,0,0,0,0,0,0,0,0,0,0,1,0,1,0,0,0,1,0,0,0,0,0,1000320.0,0.006522366326536443,723.9826622455452,KR72,CL169B;CL163,4.67551385,-74.11363225,0.0,22.945585565887097,,0.0,124.0,0.0
168135,10499693,-74.081566958,4.60108176900002,AV AVENIDA CARACAS-CL 10 02,2019,Octubre,11,viernes,15,6,Santa Fe,Choque,Vehículo,,Solo Daños,0,0,0,0,0,0,0,0,0,0,0,0,0,0,0,0,0,0,0,0,0,0,1000204.0,0.0012765887807980492,141.70135466858346,KR7,CL39;CL45,4.60029015,-74.08056545,1.0,19.138036200725804,,0.0,124.0,1.0
168136,10499694,-74.148099457,4.54720392799999,DG 70-TR 18IBIS S 02,2019,Octubre,14,lunes,15,10,Ciudad Bolívar,Atropello,,,Con Heridos,0,0,0,0,0,1,1,1,0,0,0,0,0,0,0,0,0,0,0,0,0,0,56.0,0.030476137111704497,3382.851219399199,CL6,AV.CARACAS;KR42,4.574981,-74.13556034999999,0.0,16.49193247096774,,0.0,124.0,0.0
168137,10499695,-74.135280117,4.58687556000001,CL 49B-KR 35 S 2,2019,Octubre,14,lunes,6,15,Tunjuelito,Atropello,,,Con Heridos,0,0,0,0,0,1,1,0,0,0,0,0,0,0,0,0,0,0,0,0,0,0,1002273.0,0.00657796077785921,730.1536463423723,AV.VILLAVICENCIO,AV.P.MAYO;CL57BSUR,4.5920865,-74.13929455,0.0,20.08313845875,,0.0,8.0,0.0
168138,10499696,-74.14212723,4.65403414299999,AV AVENIDA CIUDAD DE CALI-CL 13A 02,2019,Octubre,11,viernes,13,35,Kennedy,Choque,Vehículo,,Solo Daños,0,1,0,0,0,0,0,0,0,0,0,0,0,0,0,0,0,0,0,0,0,0,1001019.0,0.003519163804469334,390.62718229609607,KR72,CL75;CL66A,4.65133785,-74.1398657,1.0,28.28784772632653,,0.0,98.0,1.0
168139,10499697,-74.1442851,4.64265190600003,KR 80-CL 8B 37,2019,Octubre,11,viernes,19,20,Kennedy,Choque,Vehículo,,Solo Daños,0,0,0,0,0,0,0,0,0,0,0,0,0,0,0,0,0,0,0,0,0,0,131.0,0.005219429227758721,579.356644281218,"KR78K,CL41SUR",CL26SUR;AV.P.MAYO,4.6381608,-74.14162569999999,0.0,13.447931743833333,,0.0,120.0,0.0
168140,10499698,-74.158141417,4.63911406699998,AK 86-CL 2 03,2019,Octubre,11,viernes,20,42,Kennedy,Choque,Vehículo,,Solo Daños,0,0,0,0,0,0,0,0,0,1,0,0,0,0,0,0,0,0,0,0,0,1,148.0,0.010583187821225927,1174.7338481560778,AV.CL59SUR,KR81A;CL59SUR,4.6285372,-74.1577757,0.0,13.1884012075,,0.0,8.0,0.0
168141,10499699,-74.032816502,4.701326177,KR 9-CL 125 2,2019,Octubre,11,viernes,13,25,Usaquén,Choque,Vehículo,,Solo Daños,0,1,0,0,0,0,0,0,0,0,0,0,0,0,0,0,0,0,0,0,0,0,1000184.0,0.003877887906353573,430.4455576052466,KR15,CL94;CL100,4.704458949999999,-74.03053095,1.0,17.319890777096777,,0.0,124.0,1.0
168142,10499700,-74.112823314,4.65189788499998,CL 22C-KR 68F 02,2019,Octubre,11,viernes,10,0,Fontibón,Choque,Vehículo,,Solo Daños,0,0,0,0,0,0,0,0,0,0,1,0,0,0,0,0,0,0,0,0,0,0,1000301.0,0.005752428331742333,638.519544823399,CL6,KR27;KR19,4.6468165,-74.1155196,0.0,17.982861486198345,,0.0,121.0,0.0
168143,10499701,-74.130439226,4.57597958399998,CL 48C-KR 23C S 02,2019,Octubre,11,viernes,8,0,Tunjuelito,Choque,Vehículo,,Solo Daños,0,0,1,0,0,0,0,0,0,1,0,0,0,0,0,0,0,0,0,0,0,1,56.0,0.0052175742475194485,579.1507414746587,CL6,AV.CARACAS;KR42,4.574981,-74.13556034999999,0.0,20.953219223225805,,0.0,124.0,0.0
168144,10499702,-74.0645,4.63690899400001,CL 50-KR 9 S 2,2019,Octubre,11,viernes,16,50,San Cristóbal,Choque,Vehículo,,Solo Daños,0,0,0,0,0,0,0,1,0,0,0,0,0,0,0,0,0,0,0,0,0,0,21.0,0.003871148937585977,429.6975320720435,CL106,KR19;KR7,4.6361552,-74.06829705,1.0,11.446660535916667,,0.0,120.0,1.0
168145,10499704,-74.043451764,4.74089762300002,CL 161-KR 19A 02,2019,Octubre,11,viernes,12,20,Usaquén,Choque,Vehículo,,Solo Daños,0,0,0,0,0,1,0,1,0,0,0,0,0,0,0,0,0,0,0,0,0,0,1000175.0,0.007982393375850091,886.0456647193602,CL106,KR19;KR15,4.73962495,-74.05133205,0.0,13.792278138211383,,0.0,123.0,0.0
168146,10499705,-74.098954833,4.69224012500001,CL 73-KR 77A 2,2019,Octubre,11,viernes,14,40,Engativá,Choque,Vehículo,,Solo Daños,0,0,0,0,0,0,0,0,0,0,0,0,0,0,0,0,0,0,0,0,0,0,1000748.0,0.005151840008264266,571.8542409173335,KR68,CL3;CL13,4.692486049999999,-74.1041008,0.0,21.815380498991598,,0.0,119.0,0.0
168147,10499706,-74.077386368,4.62918118699997,CL 39A-KR 26A 02,2019,Octubre,11,viernes,19,30,Teusaquillo,Choque,Vehículo,,Solo Daños,0,0,0,0,0,0,0,0,0,1,0,0,0,0,0,0,0,0,0,0,0,1,1002037.0,0.003897706650054762,432.64543815607857,CL26,CAN;KR66A,4.625352149999999,-74.07665795,1.0,26.508762161,,0.0,120.0,1.0
168148,10499707,-74.064173663,4.68439460899998,CL 94C-KR 57 02,2019,Octubre,11,viernes,7,40,Barrios Unidos,Choque,Vehículo,,Solo Daños,0,0,0,0,1,0,0,0,0,1,0,0,0,0,0,0,0,0,0,0,0,1,1001046.0,0.005423838658425933,602.0460910852786,KR68,CL13;CL19,4.67945395,-74.0664115,0.0,15.779412896833332,,0.0,120.0,0.0
168149,10499708,-74.13974188,4.70887527100001,KR 113B-CL 63I 2,2019,Octubre,11,viernes,20,13,Engativá,Choque,Vehículo,,Solo Daños,0,0,0,0,0,0,0,0,0,0,0,0,0,0,0,0,0,0,0,0,0,0,103.0,0.00815824649889997,905.5653613778966,DIAG16,KR129;CL17,4.71384325,-74.1332707,0.0,25.284733124833334,,0.0,120.0,0.0
168150,10499709,-74.138775013,4.56412352900003,AV AVENIDA BOYACA-CL 59A S 02,2019,Octubre,11,viernes,18,5,Ciudad Bolívar,Choque,Vehículo,,Solo Daños,0,1,0,0,0,0,0,0,0,0,0,0,0,0,0,0,0,0,0,0,0,0,56.0,0.011323371172880393,1256.8942001897235,CL6,AV.CARACAS;KR42,4.574981,-74.13556034999999,0.0,16.4510510015,,0.0,120.0,0.0
168151,10499710,-74.072574775,4.65099146,CL 63-KR 24 02,2019,Octubre,11,viernes,9,30,Teusaquillo,Choque,Vehículo,,Solo Daños,0,0,0,0,0,0,0,0,0,0,1,0,1,0,0,1,0,0,0,0,0,0,1000689.0,0.0011757091137652516,130.50371162794292,KR50,CL17;CL24,4.6516616,-74.07354079999999,1.0,16.767901735916666,,0.0,120.0,1.0
168152,10499711,-74.138219432,4.63039453800002,AV AVENIDA DE LAS AMERICAS-AV AVENIDA BOYACA 2,2019,Octubre,11,viernes,19,48,Kennedy,Choque,Vehículo,,Solo Daños,0,1,0,0,0,0,0,1,0,0,0,0,0,0,0,0,0,0,0,0,0,0,1000780.0,0.004330735837492564,480.7116779616746,CL6,KR42;KR36,4.62659345,-74.1361441,1.0,30.0186676935,,0.0,120.0,1.0
168153,10499712,-74.082084354,4.63082459100002,CL 27A-KR 33 02,2019,Octubre,11,viernes,16,30,Teusaquillo,Choque,Vehículo,,Solo Daños,0,0,0,0,0,0,0,0,0,0,1,0,1,0,0,1,0,0,0,0,0,0,1001987.0,0.0012949189730084908,143.73600600394246,NQS,CAMPIN;U.NACIONAL,4.63205205,-74.08167184999999,1.0,41.82977829033334,,0.0,120.0,1.0
168154,10499713,-74.113099098,4.66032744900002,KR 70-CL 24 2,2019,Octubre,11,viernes,18,44,Fontibón,Choque,Vehículo,,Solo Daños,0,1,0,0,0,0,0,0,0,0,0,0,0,0,0,0,0,0,0,0,0,0,1000196.0,0.005900762055430784,654.984588152817,CL134,KR7;KR9,4.6586908000000005,-74.10742985,0.0,19.040224491416666,,0.0,120.0,0.0
168155,10500079,-74.103250828,4.57041786799999,CL 31-KR 11A S 02,2019,Octubre,17,jueves,20,55,Rafael Uribe Uribe,Choque,Vehículo,,Con Heridos,0,0,0,0,0,1,0,0,0,0,0,0,0,0,0,0,0,0,0,0,0,0,81.0,0.007643705681910273,848.4513306920403,CL34;AV.AMERICAS,AV.CARACAS;KR86,4.5667841,-74.0965261,0.0,18.762123264083336,,0.0,120.0,0.0
168156,10500080,-74.06677802,4.60552235599999,KR 3-CL 22 ES 02,2019,Octubre,17,jueves,8,35,San Cristóbal,Choque,Vehículo,,Con Heridos,0,0,0,0,0,1,0,0,0,0,0,0,0,0,0,0,0,0,0,0,0,0,2.0,0.0032955260694503595,365.8033937089899,KR7,CL32;CL188,4.60499885,-74.0700317,1.0,21.02646955009091,,0.0,110.0,1.0
168157,10500081,-74.045280313,4.76050254400002,CL 183-KR 45 2,2019,Octubre,17,jueves,12,30,Usaquén,Choque,Vehículo,,Solo Daños,0,0,0,0,0,0,0,1,0,0,1,0,0,0,0,0,0,0,0,0,1,0,1000087.0,0.004387861008020228,487.05257189024536,KR19,CL147;CL152,4.7597534,-74.04960375,1.0,12.721106869344263,,0.0,122.0,1.0
168158,10500082,-74.069012284,4.72985114900001,CL 138-KR 72 2,2019,Octubre,17,jueves,10,35,Suba,Choque,Vehículo,,Solo Daños,0,0,0,0,0,0,0,0,0,0,1,0,0,0,0,0,0,0,0,0,1,0,1000062.0,0.0011136301303544852,123.61294446934787,KR15,CL92;CL94,4.7303056,-74.0679956,1.0,12.02365410677686,,0.0,121.0,1.0
168159,10500083,-74.136714996,4.55023881199998,AV AVENIDA BOYACA-CL 68A S 02,2019,Octubre,17,jueves,4,50,Usme,Choque,Vehículo,,Con Heridos,0,0,0,0,0,1,0,0,0,1,0,0,0,0,0,0,0,0,0,0,0,1,39.0,0.020282917943001584,2251.4038916731756,AV.CARACAS,AV.P.MAYO;CL80,4.5552695,-74.11706585,0.0,30.982610973448274,,0.0,116.0,0.0
168161,10500085,-74.092160174,4.619033226,KR 33-CL 17A 2,2019,Octubre,17,jueves,10,7,Puente Aranda,Choque,Vehículo,,Solo Daños,0,0,0,0,0,0,0,1,0,1,0,0,0,0,0,0,0,0,0,0,0,1,1001969.0,0.0011853676710890312,131.57581149088247,NQS,CL12;CL3,4.61792865,-74.09259030000001,1.0,37.29113878991151,,0.0,113.0,1.0
168162,10500086,-74.118423076,4.52559739999998,CL 69-KR 14 S 02,2019,Octubre,16,miércoles,11,40,Usme,Choque,Vehículo,,Con Heridos,0,0,0,0,0,0,1,0,0,0,1,0,1,0,0,1,0,0,0,0,0,0,1001959.0,0.01154262762887539,1281.2316668051683,"CL19,KR3",KR5;CL22,4.5343054,-74.1108466,0.0,13.54232562512195,,0.0,123.0,0.0
168163,10500087,-74.18022426,4.59673484699999,AV AVENIDA DEL SUR-CL 76A S 02,2019,Octubre,16,miércoles,12,30,Bosa,Choque,Vehículo,,Con Heridos,0,1,0,0,0,1,0,0,0,0,0,0,0,0,0,0,0,0,0,0,0,0,149.0,0.005873313197925538,651.9377649697346,AV.CL59SUR,CL59SUR;KR81A,4.6025243,-74.1792353,0.0,22.56342795875,,0.0,8.0,0.0
168164,10500088,-74.102733893,4.61593931300001,KR 38-CL 9 2,2019,Octubre,17,jueves,23,40,Puente Aranda,Choque,Vehículo,,Solo Daños,0,0,1,0,0,0,0,0,0,0,0,0,0,0,0,0,0,0,0,0,0,0,101.0,0.00341713086519397,379.3015260365307,KR24,CL80;CL63,4.615526,-74.09934185,1.0,30.2335509915,,0.0,120.0,1.0
168165,10500089,-74.171753213,4.61347901900001,AV AVENIDA PRIMERA DE MAYO-KR 79 02,2019,Octubre,16,miércoles,6,30,Kennedy,Choque,Vehículo,,Con Heridos,1,0,0,0,0,0,0,0,0,0,1,0,0,0,0,0,0,0,0,0,0,0,149.0,0.013266027824663858,1472.5290885376883,AV.CL59SUR,CL59SUR;KR81A,4.6025243,-74.1792353,0.0,21.34844972875,,0.0,8.0,0.0
168167,10500091,-74.082707269,4.59571670299999,CL 6-KR 11A 2,2019,Octubre,17,jueves,6,15,Candelaria,Choque,Vehículo,,Solo Daños,1,0,0,0,0,0,0,0,0,0,1,0,1,1,0,0,0,1,0,0,0,0,1000216.0,0.00439529427372112,487.8776643830443,KR7,CL34;CL39,4.5992053,-74.08538089999999,1.0,25.42635844948276,,0.0,116.0,1.0
168168,10500092,-74.132783017,4.61329253100001,KR 69-CL 24 S 72,2019,Octubre,15,martes,14,5,Kennedy,Atropello,,,Con Heridos,0,0,0,0,0,1,1,0,0,0,0,0,0,0,0,0,0,0,0,0,0,0,1001058.0,0.0005200548433069788,57.726087607074646,AV.P.MAYO,KR73D;CL41BSUR,4.612991,-74.1323593,1.0,15.66164017697479,,0.0,119.0,1.0
168169,10500093,-74.179262885,4.597065047,AV AVENIDA DEL SUR-CL 63 S 02,2019,Octubre,15,martes,18,30,Bosa,Atropello,,,Con Heridos,0,0,0,0,0,0,1,0,0,0,0,0,0,0,0,0,0,0,0,0,0,0,149.0,0.0054593226915278445,605.9848187595908,AV.CL59SUR,CL59SUR;KR81A,4.6025243,-74.1792353,0.0,16.558595103,,0.0,10.0,0.0
168170,10500094,-74.106608799,4.694571252,AV AVENIDA CIUDAD DE CALI-CL 71A 2,2019,Octubre,17,jueves,9,30,Engativá,Choque,Vehículo,,Solo Daños,0,1,0,0,0,0,0,0,0,0,0,0,0,0,0,0,0,0,0,0,0,0,1001872.0,0.0011302210963854416,125.45454169878401,KR86,CL64BIS;CL66A,4.6942582,-74.1076948,1.0,14.009355085333334,,0.0,120.0,1.0
168171,10500095,-74.093207771,4.63252631199998,KR 43A-CL 24A 2,2019,Octubre,16,miércoles,16,20,Teusaquillo,Choque,Vehículo,,Con Heridos,0,0,0,0,0,1,0,1,0,0,1,0,0,0,0,0,0,0,0,0,0,0,1001303.0,0.00349936110541292,388.4290827008341,KR27,CL1B;AV.P.MAYO,4.63106945,-74.09638945,1.0,18.693308623292683,,0.0,82.0,1.0
168172,10500096,-74.074647681,4.611545267,AV AVENIDA CARACAS-CL 23 02,2019,Octubre,15,martes,19,52,Santa Fe,Atropello,,,Con Heridos,0,0,0,0,0,0,1,0,0,0,1,0,1,1,0,0,0,0,1,0,0,0,41.0,0.0013990047151676399,155.289523383608,CL39,KR7;AV.CARACAS,4.61057625,-74.07565675000001,1.0,10.630133026666666,,0.0,120.0,1.0
168173,10500097,-74.159297339,4.640404391,CL 2-KR 87 S 70,2019,Octubre,17,jueves,19,0,Kennedy,Choque,Vehículo,,Con Heridos,1,0,0,0,0,0,0,0,0,0,0,0,0,0,0,0,0,0,0,0,0,0,148.0,0.011964347348551835,1328.0425556892537,AV.CL59SUR,KR81A;CL59SUR,4.6285372,-74.1577757,0.0,20.931109706250002,,0.0,8.0,0.0
168174,10500098,-74.064321608,4.68868147799998,CL 100-KR 57 02,2019,Octubre,16,miércoles,18,45,Barrios Unidos,Atropello,,,Con Heridos,0,0,0,0,0,1,1,0,0,0,0,0,0,0,0,0,0,0,0,0,0,0,1000773.0,0.0035529880962728525,394.38167868628665,KR50,CL33SUR;CL16SUR,4.6906399,-74.0613571,1.0,24.561638838555552,,0.0,90.0,1.0
168175,10500099,-74.176571311,4.63551689899998,KR 89B-CL 45A S 02,2019,Octubre,16,miércoles,12,40,Kennedy,Atropello,,,Con Heridos,0,0,0,0,1,1,1,0,0,0,0,0,0,0,0,0,0,0,0,0,0,0,1000981.0,0.013990852006410799,1552.9845727115987,DIAG16,KR90;KR97,4.6495069,-74.176417,0.0,33.0061912335,,0.0,120.0,0.0
168176,10500100,-74.057127716,4.68567269699997,KR 45-CL 98 02,2019,Octubre,17,jueves,13,20,Chapinero,Choque,Vehículo,,Solo Daños,0,1,0,0,0,0,0,0,0,0,0,0,0,0,0,0,0,0,0,0,0,0,1000036.0,0.002870664925763687,318.64380675976923,AUTONORTE,CL82;CL80,4.6830666,-74.05833145,1.0,20.192449009919354,,0.0,124.0,1.0
168177,10500101,-74.107110799,4.55789161299998,CL 49C-TR 3D S 2,2019,Octubre,17,jueves,7,40,Rafael Uribe Uribe,Choque,Vehículo,,Con Heridos,0,0,0,0,0,1,0,0,0,0,1,0,1,0,0,1,0,0,0,0,0,0,39.0,0.010294586781283744,1142.6991327224955,AV.CARACAS,AV.P.MAYO;CL80,4.5552695,-74.11706585,0.0,15.574897892416667,,0.0,120.0,0.0
168178,10500102,-74.058239927,4.65477437099997,CL 70A-KR 9 24,2019,Octubre,17,jueves,7,30,Chapinero,Choque,Vehículo,,Solo Daños,0,0,0,0,0,1,0,0,0,0,0,0,0,0,0,0,0,0,0,0,0,0,1000096.0,0.001727108573063689,191.70905161006948,KR7,CL162;CL153,4.654590349999999,-74.05652265,1.0,24.1352397460177,,0.0,113.0,1.0
168179,10500103,-74.10094719,4.70325990600003,AV AVENIDA CIUDAD DE CALI-CL 80 02,2019,Octubre,17,jueves,11,5,Engativá,Choque,Vehículo,,Solo Daños,0,0,0,0,0,1,0,0,0,0,0,0,0,0,0,0,0,0,0,0,0,0,1000963.0,0.0023916142669323567,265.46918362949157,CL72,KR64;KR70,4.7019356,-74.0989557,1.0,15.229088697131147,,0.0,122.0,1.0
168180,10500475,-74.05755676,4.68375147500001,KR 45-CL 95 02,2019,Octubre,21,lunes,10,0,Chapinero,Choque,Vehículo,,Solo Daños,0,0,0,0,0,0,0,0,0,1,0,0,0,0,0,0,0,0,0,0,0,1,1000036.0,0.0010340204841968533,114.77627374585072,AUTONORTE,CL82;CL80,4.6830666,-74.05833145,1.0,19.40528113413223,,0.0,121.0,1.0
168181,10500476,-74.087465684,4.63048796300001,CL 25A-KR 37 2,2019,Octubre,21,lunes,7,5,Teusaquillo,Choque,Vehículo,,Solo Daños,0,0,0,0,0,0,0,1,0,1,0,0,0,0,0,0,0,0,0,0,0,1,1001256.0,0.0010018455614566899,111.20485732169257,CL19,KR17;KR27,4.631448499999999,-74.0877504,1.0,17.230395010121953,,0.0,82.0,1.0
168182,10500477,-74.113351228,4.68534163999999,KR 86-CL 63F 2,2019,Octubre,21,lunes,10,30,Engativá,Choque,Vehículo,,Solo Daños,0,1,0,0,0,0,0,1,0,0,0,0,0,0,0,0,0,0,0,0,0,0,1000227.0,0.007153178067793329,794.0027655250595,KR72,CL170;CL169,4.67854075,-74.1155684,0.0,27.42730573859504,,0.0,121.0,0.0
168183,10500478,-74.159849724,4.637617455,AV AVENIDA CIUDAD DE CALI-CL 33 02,2019,Octubre,21,lunes,11,30,Kennedy,Choque,Vehículo,,Solo Daños,0,1,0,0,0,0,0,0,0,0,0,0,0,0,0,0,0,0,0,0,0,0,148.0,0.009314107923874238,1033.8659795500405,AV.CL59SUR,KR81A;CL59SUR,4.6285372,-74.1577757,0.0,21.28936936375,,0.0,8.0,0.0
168184,10500479,-74.063,4.6293,TR 4-AC 42A 27,2019,Octubre,21,lunes,9,0,Chapinero,Choque,Vehículo,,Solo Daños,0,0,0,0,0,0,0,0,0,0,0,0,0,0,0,0,0,0,0,0,0,0,144.0,0.003951217717365883,438.585166627613,TV.2B.ESTE,KR3E;KR11SUR,4.6281057,-74.0592336,1.0,10.574765306370969,,0.0,124.0,1.0
168185,10500480,-74.089529149,4.69573941700003,CL 80-KR 72 2,2019,Octubre,21,lunes,9,40,Engativá,Choque,Vehículo,,Solo Daños,0,0,0,0,0,0,0,0,0,0,0,0,0,0,0,0,0,0,0,0,0,0,1001000.0,0.002519699105683848,279.6866007309072,CL80,KR119;KR112A,4.69445795,-74.08735965,1.0,28.43120011073171,,0.0,123.0,1.0
168186,10500481,-74.074419243,4.62382520800003,KR 20-CL 33A 2,2019,Octubre,21,lunes,6,10,Teusaquillo,Choque,Vehículo,,Solo Daños,0,0,0,0,0,0,0,0,0,0,1,0,0,0,0,0,0,0,0,0,0,0,1000967.0,0.0025359003369994425,281.4849374069381,CL26,KR33;KR40,4.6235713,-74.07694240000001,1.0,43.6515322391453,,0.0,117.0,1.0
168187,10500482,-74.160370898,4.63716933900002,KR 78P-CL 57A S 2,2019,Octubre,21,lunes,6,0,Kennedy,Choque,Vehículo,,Solo Daños,0,1,0,0,0,0,0,0,0,0,0,0,0,0,0,0,0,0,0,0,0,0,148.0,0.009013815860934832,1000.5335605637663,AV.CL59SUR,KR81A;CL59SUR,4.6285372,-74.1577757,0.0,16.17772341625,,0.0,8.0,0.0
168188,10500483,-74.044065998,4.70092405000003,CL 122-KR 15A 20,2019,Octubre,21,lunes,10,15,Usaquén,Choque,Vehículo,,Solo Daños,0,1,0,0,0,0,0,0,0,1,0,0,0,0,0,0,0,0,0,0,0,1,1002018.0,0.004579316522083982,508.304133951322,AUTONORTE,ALCALA;CL146,4.705305,-74.0427328,1.0,44.84946072876033,,0.0,121.0,1.0
168189,10500484,-74.08327461,4.624153546,AK 30-CL 23 2,2019,Octubre,11,viernes,7,30,Los Mártires,Choque,Vehículo,,Solo Daños,0,0,0,0,0,0,0,0,0,1,0,0,0,0,0,0,0,0,0,0,0,1,1001982.0,0.003967177837787727,440.3567399944377,NQS,CAD;AV.DORADO,4.6206293,-74.08509620000001,1.0,25.600485225,,0.0,40.0,1.0
168190,10500485,-74.139333678,4.64612018899999,KR 79A-CL 11A 02,2019,Octubre,21,lunes,7,0,Kennedy,Choque,Vehículo,,Solo Daños,0,0,0,0,0,0,0,1,0,1,0,0,0,0,0,0,0,0,0,0,0,1,1000330.0,0.004880672279892455,541.7546230680624,CL11SUR,KR6_ESTE;KR7,4.6509677,-74.1387657,1.0,25.86736589699187,,0.0,123.0,1.0
168191,10500486,-74.027311818,4.76285982600001,KR 7-CL 186 2,2019,Octubre,13,domingo,14,30,Usaquén,Choque,Vehículo,,Solo Daños,0,0,0,0,0,0,0,0,0,0,0,0,0,0,0,0,0,0,0,0,0,0,1000088.0,0.0053652306693561,595.5406042985271,KR19,CL159;CL152,4.7601672,-74.03195245,0.0,18.084858306532258,,0.0,124.0,0.0
168192,10500487,-74.035573949,4.71898471700001,CL 140-KR 11 46,2019,Octubre,20,domingo,11,16,Usaquén,Choque,Vehículo,,Solo Daños,0,0,0,0,0,1,0,0,0,0,0,0,0,0,0,0,0,0,0,0,0,0,1000051.0,0.0029387928770617244,326.2060093538514,CL116,KR15;KR11,4.7180052,-74.0328032,1.0,15.70398944590164,,0.0,122.0,1.0
168193,10500488,-74.045587399,4.701179594,CL 122-KR 17 02,2019,Octubre,21,lunes,11,59,Usaquén,Choque,Vehículo,,Solo Daños,0,0,0,0,0,0,0,1,0,0,0,0,0,0,0,0,0,0,0,0,0,0,1002018.0,0.005016742978831181,556.8584706502611,AUTONORTE,ALCALA;CL146,4.705305,-74.0427328,0.0,40.993670550573775,,0.0,122.0,0.0
168194,10500489,-74.059680988,4.66444374000002,CL 77-KR 16A 2,2019,Octubre,21,lunes,9,0,Chapinero,Choque,Vehículo,,Solo Daños,0,0,0,0,0,0,0,0,0,0,0,0,0,0,0,0,0,0,0,0,0,0,1000707.0,0.004189327415278282,465.0153430958893,CL13,KR47;KR39,4.6608924,-74.06190325,1.0,22.155583393333334,,0.0,120.0,1.0
168195,10500490,-74.154740475,4.63717093399998,AV AVENIDA DE LAS AMERICAS-KR 81C 2,2019,Octubre,21,lunes,9,10,Kennedy,Choque,Vehículo,,Solo Daños,0,0,0,0,0,0,0,1,0,0,0,0,0,0,0,0,0,0,0,0,0,0,148.0,0.009151718613629818,1015.8407661129098,AV.CL59SUR,KR81A;CL59SUR,4.6285372,-74.1577757,0.0,24.85604920875,,0.0,8.0,0.0
168196,10500491,-74.039097306,4.79755974900002,KR 45-CL 222 02,2019,Octubre,21,lunes,8,30,Usaquén,Choque,Vehículo,,Solo Daños,0,0,0,0,0,0,0,0,0,0,1,0,1,0,0,1,0,0,0,0,0,0,35.0,0.02144169247670566,2380.0278649143283,KR72,CL170;CL43AS,4.7881347000000005,-74.05835645,0.0,22.247405963916666,,0.0,120.0,0.0
168197,10500492,-74.12021129,4.67917595099999,CL 26-KR 86 2,2019,Octubre,21,lunes,9,7,Fontibón,Choque,Vehículo,,Solo Daños,0,0,0,0,0,0,0,1,0,0,0,0,0,0,0,0,0,0,0,0,0,0,115.0,0.00259092641082821,287.5928316019313,KR60;CL68,CL66C;KR58,4.68103185,-74.1220192,1.0,18.375713451382115,,0.0,123.0,1.0
168198,10500493,-74.065846965,4.60774745399999,KR 3-CL 26 2,2019,Octubre,21,lunes,10,21,Santa Fe,Choque,Vehículo,,Solo Daños,0,0,0,0,0,0,0,0,0,1,0,0,0,0,0,0,0,0,0,0,0,1,2.0,0.005006678636476315,555.741328648871,KR7,CL32;CL188,4.60499885,-74.0700317,0.0,21.754845661504422,,0.0,113.0,0.0
168199,10500494,-74.168820122,4.694134249,CL 17-KR 135 02,2019,Octubre,21,lunes,8,19,Fontibón,Choque,Vehículo,,Solo Daños,0,1,0,0,0,0,0,0,0,0,0,0,0,0,0,0,0,0,0,0,0,0,95.0,0.014309569224406267,1588.3621839090956,AV.SUBA,KR94;SAN.MARTIN,4.68681675,-74.15652305,0.0,23.484927467355373,,0.0,121.0,0.0
168200,10500495,-74.131823555,4.64533045399997,CL 12-KR 72 2,2019,Octubre,21,lunes,10,23,Kennedy,Choque,Vehículo,,Solo Daños,0,1,0,0,0,0,0,0,0,1,0,0,0,0,0,0,0,0,0,0,0,0,1000995.0,0.0005465813007368355,60.67052438178874,CL80,KR96;KR102,4.6449201,-74.1314625,1.0,17.52894105509434,,0.0,106.0,1.0
168201,10500496,-74.151877219,4.59569659800002,AV AVENIDA DEL SUR-KR 62F 2,2019,Octubre,21,lunes,21,50,Tunjuelito,Choque,Vehículo,,Solo Daños,0,0,0,0,0,0,0,0,0,0,0,0,0,0,0,0,0,0,0,0,0,0,1000750.0,0.007482383159942315,830.544530753597,KR68,CL21SUR;CL3,4.5995431,-74.1582952,0.0,35.53899630691667,,0.0,120.0,0.0
168202,10500497,-74.127201326,4.70640732300001,KR 110B-CL 70A 02,2019,Octubre,21,lunes,13,10,Engativá,Choque,Vehículo,,Solo Daños,0,0,0,0,0,0,0,0,0,0,1,0,1,0,0,1,0,0,0,0,0,0,103.0,0.009598453578621657,1065.428347227004,DIAG16,KR129;CL17,4.71384325,-74.1332707,0.0,21.317337745887098,,0.0,124.0,0.0
168203,10500498,-74.150311752,4.63344833899998,CL 6-KR 79 2,2019,Octubre,21,lunes,8,10,Kennedy,Choque,Vehículo,,Solo Daños,0,0,0,0,0,0,0,0,0,0,0,0,0,0,0,0,0,0,0,0,0,0,148.0,0.00893475271196427,991.757551028034,AV.CL59SUR,KR81A;CL59SUR,4.6285372,-74.1577757,0.0,25.56279494875,,0.0,8.0,0.0
168204,10500499,-74.166129897,4.62142575600001,AV AVENIDA CIUDAD DE VILLAVICENCIO-KR 80B 2,2019,Octubre,22,martes,17,30,Kennedy,Choque,Vehículo,,Solo Daños,0,1,0,0,0,0,0,1,0,0,1,0,1,0,0,1,0,0,0,0,0,0,148.0,0.010971109482630161,1217.793152571948,AV.CL59SUR,KR81A;CL59SUR,4.6285372,-74.1577757,0.0,14.193990387500001,,0.0,8.0,0.0
168205,10500881,-74.091943421,4.683305378,CL 71A-KR 70 2,2019,Octubre,26,sábado,8,30,Engativá,Choque,Vehículo,,Con Heridos,0,0,0,0,0,1,0,0,0,0,0,0,0,0,0,0,0,0,0,0,0,0,1000999.0,0.0008892480281257383,98.70653112195696,CL80,KR112A;KR119,4.684189,-74.09184355,1.0,23.912223724083333,,0.0,120.0,1.0
168206,10500882,-74.132263151,4.576063261,KR 24-CL 52B S 02,2019,Octubre,24,jueves,23,1,Tunjuelito,Choque,Vehículo,,Con Heridos,0,0,0,0,0,1,0,0,0,0,1,0,1,0,1,0,0,0,0,0,0,0,56.0,0.00347027522217498,385.20054966142277,CL6,AV.CARACAS;KR42,4.574981,-74.13556034999999,1.0,32.13815471741667,,0.0,120.0,1.0
168207,10500883,-74.095337815,4.56986207,CL 27-KR 7 S 02,2019,Octubre,25,viernes,14,45,San Cristóbal,Choque,Vehículo,,Con Heridos,1,0,0,0,1,0,0,1,0,0,0,0,0,0,0,0,0,0,0,0,0,0,42.0,0.0023155301349952035,257.0238449844676,CL39,AV.CARACAS;KR7,4.568182500000001,-74.09374385000001,1.0,9.213652995483871,,0.0,124.0,1.0
168208,10500884,-74.0851,4.5643,KR 9-CL 27A ES 2,2019,Octubre,26,sábado,9,10,San Cristóbal,Choque,Vehículo,,Con Heridos,0,0,0,0,0,1,0,0,0,0,0,0,0,0,0,0,0,0,0,0,0,0,44.0,0.008379313658207183,930.1038160609972,CL26,AV.CARACAS;MODELIA,4.56249865,-74.0932834,0.0,39.1663991757258,,0.0,124.0,0.0
168209,10500885,-74.06713789,4.63648654600001,CL 49-KR 14 02,2019,Octubre,26,sábado,8,10,Chapinero,Atropello,,,Con Heridos,0,0,0,0,0,0,1,1,0,1,0,0,0,0,0,0,0,0,0,0,0,1,21.0,0.0012055878554975954,133.8202519602331,CL106,KR19;KR7,4.6361552,-74.06829705,1.0,10.393524887258065,,0.0,124.0,1.0
168210,10500886,-74.103924758,4.577391455,KR 12HBIS-CL 26B S 2,2019,Octubre,26,sábado,11,30,Rafael Uribe Uribe,Choque,Vehículo,,Con Heridos,0,0,0,0,0,1,0,0,0,0,0,0,0,0,0,0,0,0,0,0,0,0,117.0,0.0060908077127035665,676.0796561100959,CL57,AV.CARACAS;TV25,4.5777728,-74.09784590000001,0.0,12.342009479344263,,0.0,122.0,0.0
168211,10500887,-74.141608052,4.59264169300002,KR 54-DG 48 S 02,2019,Octubre,26,sábado,7,25,Tunjuelito,Choque,Vehículo,,Con Heridos,0,0,0,0,0,1,0,0,0,0,0,0,0,0,0,0,0,0,0,0,0,0,1000297.0,0.002245379599051935,249.23713549476477,CL1,KR21;AV.CARACAS,4.59354105,-74.14366545,1.0,21.295412237868852,,0.0,122.0,1.0
168212,10500888,-74.120289416,4.53366756899999,AV AVENIDA CARACAS-KR 65 S 2,2019,Octubre,26,sábado,14,10,Usme,Volcamiento,,,Con Heridos,0,0,1,0,0,0,0,0,0,1,0,0,0,0,0,0,0,0,0,0,0,1,1001959.0,0.009464333172204825,1050.5409821147357,"CL19,KR3",KR5;CL22,4.5343054,-74.1108466,0.0,12.12012095935484,,0.0,124.0,0.0
168213,10500889,-74.113261494,4.57037619699997,CL 33BIS-KR 12G S 02,2019,Octubre,24,jueves,13,8,Rafael Uribe Uribe,Atropello,,,Con Heridos,0,0,0,0,1,0,1,0,0,0,1,0,1,0,0,1,0,0,0,0,0,0,1000325.0,0.005263255936713514,584.2214089752,AV.CARACAS,AV.PRIMERO_MAYO;CL11SUR,4.57490245,-74.11594754999999,0.0,19.690816318064517,,0.0,124.0,0.0
168214,10500890,-74.109624639,4.60086897899998,CL 8-KR 32D S 2,2019,Octubre,26,sábado,17,15,Puente Aranda,Caida de ocupante,,,Con Heridos,0,0,0,0,0,0,0,1,0,0,1,0,1,0,0,1,0,0,0,0,0,0,1001004.0,0.003357224963282954,372.6519709244079,CL24,KR54;KR50,4.6041864,-74.1091092,1.0,39.13974705508474,,0.0,118.0,1.0
168215,10500891,-74.062239371,4.70077128499997,CL 116-KR 53 2,2019,Octubre,26,sábado,18,20,Suba,Atropello,,,Con Heridos,0,0,0,0,0,1,1,0,0,0,0,0,0,0,0,0,0,0,0,0,0,0,88.0,0.002889909476521972,320.7799518939389,KR50,CL33SUR;CL5A,4.7005815,-74.0593557,1.0,21.926553441578946,,0.0,114.0,1.0
168216,10500892,-74.128424418,4.47291283700002,KR 14I-CL 138A S 2,2019,Octubre,26,sábado,14,0,Usme,Atropello,,,Con Heridos,0,0,0,0,1,1,1,0,0,0,0,0,0,0,0,0,0,0,0,0,0,0,1001959.0,0.06385942747431521,7088.396449648988,"CL19,KR3",KR5;CL22,4.5343054,-74.1108466,0.0,12.12012095935484,,0.0,124.0,0.0
168217,10500893,-74.065431071,4.62750888800002,KR 7-CL 40B 02,2019,Octubre,25,viernes,11,0,Chapinero,Caida de ocupante,,,Con Heridos,0,0,0,0,0,0,0,0,0,0,1,0,1,1,0,0,0,0,0,1,0,0,1002286.0,0.0027716071083802177,307.64838903020416,KR68SUR,CL38;KR51,4.6260131,-74.0677644,1.0,18.733159973333333,,0.0,12.0,1.0
168218,10500894,-74.116728211,4.68629876900002,CL 63-KR 86 02,2019,Octubre,26,sábado,1,45,Engativá,Atropello,,,Con Heridos,0,0,0,0,0,0,1,0,0,1,0,0,0,0,0,0,0,0,0,0,0,1,1000238.0,0.0044449118246598605,493.3852125372445,CL134,KR58;KR53,4.68384265,-74.1204329,1.0,44.380023037166666,,0.0,120.0,1.0
168219,10500895,-74.117169542,4.51703678899997,CL 73D-KR 14 S 2,2019,Octubre,26,sábado,17,40,Usme,Caida de ocupante,,,Con Heridos,0,0,0,0,0,0,0,0,0,0,1,0,1,0,0,0,1,0,0,0,0,0,1001959.0,0.01838979394679764,2041.2671280945378,"CL19,KR3",KR5;CL22,4.5343054,-74.1108466,0.0,11.716278939913044,,0.0,115.0,0.0
168220,10500896,-74.164499932,4.62265856499999,CL 42C-KR 80C S 22,2019,Octubre,26,sábado,13,10,Kennedy,Atropello,,,Con Heridos,0,0,0,0,0,0,1,1,0,0,0,0,0,0,0,0,0,0,0,0,0,0,148.0,0.008931609342840516,991.4086370552973,AV.CL59SUR,KR81A;CL59SUR,4.6285372,-74.1577757,0.0,12.61601054125,,0.0,8.0,0.0
168221,10500897,-74.117425697,4.716585372,CL 80-KR 109A 02,2019,Octubre,26,sábado,9,36,Engativá,Atropello,,,Con Heridos,0,0,0,0,0,0,1,0,0,0,0,0,0,0,0,0,0,0,0,0,0,0,103.0,0.01608052714100968,1784.9385126520745,DIAG16,KR129;CL17,4.71384325,-74.1332707,0.0,23.143750757580644,,0.0,124.0,0.0
168222,10500898,-74.082673162,4.77115107700001,CL 171-KR 111 02,2019,Octubre,26,sábado,8,50,Suba,Atropello,,,Con Heridos,0,0,0,0,0,1,1,0,0,0,0,0,0,0,0,0,0,0,0,0,0,0,1000235.0,0.007135998664150207,792.095851720673,CL134,KR19;KR53,4.7647057,-74.07961055000001,0.0,24.354217932260866,,0.0,115.0,0.0
168223,10500899,-74.180237634,4.597547228,CL 65-KR 77G S 2,2019,Octubre,26,sábado,4,15,Bosa,Choque,Objeto Fijo,Tren,Con Heridos,0,0,0,0,0,0,0,0,0,1,0,0,0,0,0,0,0,0,0,0,0,1,149.0,0.005076999029025251,563.5468922218029,AV.CL59SUR,CL59SUR;KR81A,4.6025243,-74.1792353,0.0,49.6311523325,,0.0,8.0,0.0
168224,10500900,-74.073373461,4.60149737900002,CL 13-KR 7 02,2019,Octubre,27,domingo,4,10,Candelaria,Volcamiento,,,Con Muertos,0,0,0,0,0,1,0,0,0,0,0,0,0,0,0,0,0,0,0,0,0,0,6.0,0.0017487698397412822,194.11345221128232,KR11,CL116;CL72,4.60046185,-74.07196425000001,1.0,30.32073152789474,,0.0,114.0,1.0
168225,10500901,-74.194254509,4.60540749900002,CL 71-KR 80 S 2,2019,Octubre,26,sábado,19,10,Bosa,Choque,Vehículo,,Con Heridos,0,0,0,0,0,1,0,0,0,0,1,0,0,0,0,0,0,0,0,0,1,0,1002284.0,0.006728955957663534,746.9141113006523,KR86,TV79D;CL57BSUR,4.61096955,-74.19804165,0.0,23.352433407777777,,0.0,9.0,0.0
168226,10500902,-74.106596457,4.55498022500001,KR 3-CL 48J S 80,2019,Octubre,27,domingo,12,20,Rafael Uribe Uribe,Volcamiento,,,Con Heridos,0,0,0,0,1,0,0,0,0,0,0,0,0,0,0,0,0,0,0,0,0,0,39.0,0.010473388650013835,1162.5461401515356,AV.CARACAS,AV.P.MAYO;CL80,4.5552695,-74.11706585,0.0,15.480016388916665,,0.0,120.0,0.0
168227,10500903,-74.158698938,4.65181134199997,CL 6D-KR 92 S 2,2019,Octubre,26,sábado,5,10,Kennedy,Choque,Vehículo,,Con Heridos,1,0,0,0,0,0,0,0,0,0,0,0,0,0,0,0,0,0,0,0,0,0,1000713.0,0.005161432450517677,572.9190020074622,CL72,KR76;KR86,4.6540506,-74.15404855,0.0,25.67038754237705,,0.0,122.0,0.0
168228,10500904,-74.134274725,4.61253281,KR 69-CL 26 S 02,2019,Octubre,26,sábado,8,23,Kennedy,Choque,Vehículo,,Con Heridos,0,0,0,0,0,1,0,0,0,0,1,0,1,0,0,1,0,0,0,0,0,0,1001037.0,0.0012365425452565031,137.25622252347185,CL13,KR90;KR68D,4.61354265,-74.13498835,1.0,17.458759497107437,,0.0,121.0,1.0
168229,10500905,-74.122012569,4.67608910199999,AV AVENIDA CIUDAD DE CALI-CL 25D 02,2019,Octubre,26,sábado,21,56,Fontibón,Choque,Vehículo,,Con Heridos,0,0,0,0,0,1,0,0,0,0,0,0,0,0,0,0,0,0,0,0,0,0,115.0,0.004942752447955012,548.6455217230064,KR60;CL68,CL66C;KR58,4.68103185,-74.1220192,1.0,19.743612497563024,,0.0,119.0,1.0
168230,10501283,-74.070582529,4.68525035800002,KR 64-CL 94A 2,2019,Octubre,29,martes,7,50,Barrios Unidos,Choque,Vehículo,,Solo Daños,0,0,0,0,0,0,0,0,0,0,0,0,0,0,0,0,0,0,0,0,0,0,25.0,0.0009093401118035557,100.93675241019469,KR9,CL170;CL134,4.68451635,-74.07004575,1.0,15.037442914390244,,0.0,123.0,1.0
168231,10501284,-74.079231875,4.60208284800001,KR 13-CL 12 02,2019,Octubre,29,martes,9,7,Santa Fe,Choque,Vehículo,,Solo Daños,0,0,0,0,0,0,0,0,0,0,0,0,0,0,0,0,0,0,0,0,0,0,1000204.0,0.0022343205678318763,248.00958302933827,KR7,CL39;CL45,4.60029015,-74.08056545,1.0,16.099245983495933,,0.0,123.0,1.0
168232,10501285,-74.039680429,4.687183038,KR 8A-CL 106 02,2019,Octubre,29,martes,14,42,Usaquén,Choque,Vehículo,,Solo Daños,0,1,0,0,0,0,0,0,0,0,0,0,0,0,0,0,0,0,0,0,0,0,1002017.0,0.005854348701873997,649.8327059080136,AUTONORTE,ALCALA;PRADO,4.6892508,-74.04515745,0.0,48.78107659190083,,0.0,121.0,0.0
168233,10501286,-74.141989823,4.59124261800002,KR 54-CL 50 S 2,2019,Octubre,28,lunes,15,0,Tunjuelito,Choque,Vehículo,,Solo Daños,0,0,0,0,0,1,0,0,0,0,0,0,0,0,0,0,0,0,0,0,0,0,1002273.0,0.00282429342923517,313.4965706451039,AV.VILLAVICENCIO,AV.P.MAYO;CL57BSUR,4.5920865,-74.13929455,1.0,25.30409825888889,,0.0,9.0,1.0
168234,10501287,-74.048628064,4.68500051799998,CL 100-KR 15 02,2019,Octubre,29,martes,14,45,Usaquén,Choque,Vehículo,,Solo Daños,0,0,0,0,0,0,0,0,0,0,0,0,0,0,0,0,0,0,0,0,1,0,1002017.0,0.00548726330848499,609.086227241834,AUTONORTE,ALCALA;PRADO,4.6892508,-74.04515745,0.0,48.78107659190083,,0.0,121.0,0.0
168235,10501288,-74.045188406,4.75752442599997,AV AVENIDA PASEO DE LOS LIBERTADORES-CL 181 02,2019,Octubre,29,martes,17,20,Usaquén,Choque,Vehículo,,Solo Daños,0,1,0,0,0,0,0,0,0,0,0,0,0,0,0,0,0,0,0,0,0,0,1000087.0,0.004946067906046724,549.0135375711864,KR19,CL147;CL152,4.7597534,-74.04960375,1.0,13.137001513050846,,0.0,118.0,1.0
168236,10501289,-74.085967047,4.75559094200003,CL 156B-KR 99 2,2019,Octubre,29,martes,6,10,Suba,Choque,Vehículo,,Solo Daños,0,0,0,0,0,0,0,0,0,1,0,0,0,0,0,0,0,0,0,0,0,1,1001055.0,0.0041508942168613895,460.74925807161424,KR68,AV.SUBA;KR64,4.753758749999999,-74.0822424,1.0,24.972670736293104,,0.0,116.0,1.0
168237,10501290,-74.045147051,4.74391210599998,CL 163A-KR 21 2,2019,Octubre,29,martes,8,54,Usaquén,Choque,Vehículo,,Solo Daños,0,0,0,0,0,0,0,0,0,0,0,0,0,0,0,0,0,0,0,0,0,0,1000175.0,0.007525551089332401,835.3361709158966,CL106,KR19;KR15,4.73962495,-74.05133205,0.0,14.936735821209677,,0.0,124.0,0.0
168238,10501291,-74.06643104,4.62343484100001,KR 7-CL 36 02,2019,Octubre,29,martes,14,28,Santa Fe,Choque,Vehículo,,Solo Daños,0,0,0,0,0,0,0,0,0,1,1,0,0,0,0,0,0,0,0,0,0,1,1002286.0,0.002902631282240328,322.19207232867643,KR68SUR,CL38;KR51,4.6260131,-74.0677644,1.0,14.627995347499999,,0.0,12.0,1.0
168239,10501292,-74.028680285,4.71619944600002,KR 7-CL 140 02,2019,Octubre,29,martes,14,53,Usaquén,Choque,Vehículo,,Solo Daños,0,0,0,0,0,0,0,0,0,1,0,0,0,0,0,0,0,0,0,0,0,1,1000051.0,0.004501019396287787,499.6131529879443,CL116,KR15;KR11,4.7180052,-74.0328032,1.0,17.62153551120968,,0.0,124.0,1.0
168240,10501293,-74.04273474,4.77574516099997,KR 45-CL 197 2,2019,Octubre,29,martes,9,10,Usaquén,Choque,Vehículo,,Solo Daños,0,0,0,0,0,0,0,0,0,0,1,0,1,0,1,0,0,0,0,0,0,0,1000087.0,0.01740458900003976,1931.9093790044135,KR19,CL147;CL152,4.7597534,-74.04960375,0.0,16.294406100666667,,0.0,120.0,0.0
168241,10501294,-74.076497029,4.60363033300001,CL 15-KR 10 50,2019,Octubre,29,martes,9,41,Santa Fe,Choque,Vehículo,,Solo Daños,0,0,0,0,0,1,0,0,0,0,0,0,0,0,0,0,0,0,0,0,0,0,1000653.0,0.003130241507498127,347.4568073322921,AV.CIRCUNVALAR,KR7;CL83,4.6066223,-74.07557695,1.0,18.06874407983471,,0.0,121.0,1.0
168242,10501295,-74.139371552,4.57311980899999,CL 56-KR 24 S 2,2019,Octubre,29,martes,10,45,Ciudad Bolívar,Choque,Vehículo,,Solo Daños,0,0,0,0,0,1,0,0,0,0,0,0,0,0,0,0,0,0,0,0,0,0,56.0,0.00424137862297018,470.79302714969003,CL6,AV.CARACAS;KR42,4.574981,-74.13556034999999,1.0,18.620317979338843,,0.0,121.0,1.0
168243,10501296,-74.067177822,4.67382095099998,KR 30-CL 80 02,2019,Octubre,29,martes,8,17,Barrios Unidos,Choque,Vehículo,,Solo Daños,0,0,0,0,0,1,0,0,0,0,0,0,0,0,0,0,0,0,0,0,0,0,1000339.0,0.0034024122967746214,377.66776494198297,KR9,CL147;CL140,4.6704867,-74.06785545,1.0,16.745750452580644,,0.0,124.0,1.0
168244,10501297,-74.047475875,4.74697333,KR 45-CL 165 2,2019,Octubre,29,martes,7,10,Usaquén,Choque,Vehículo,,Solo Daños,0,0,0,0,0,1,0,0,0,0,0,0,0,0,0,0,0,0,0,0,0,0,1000175.0,0.008298721242155454,921.1580578792554,CL106,KR19;KR15,4.73962495,-74.05133205,0.0,17.209068431382114,,0.0,123.0,0.0
168245,10501298,-74.054643011,4.65284781399998,CL 70A-KR 5 15,2019,Octubre,29,martes,18,18,Chapinero,Choque,Vehículo,,Solo Daños,0,0,0,0,0,0,0,0,0,0,0,0,0,0,0,0,0,0,0,0,0,0,1000096.0,0.002563098609441223,284.50394564797574,KR7,CL162;CL153,4.654590349999999,-74.05652265,1.0,22.659629694173912,,0.0,115.0,1.0
168246,10501299,-74.097559304,4.63779218000002,KR 50-CL 24 02,2019,Octubre,29,martes,18,0,Teusaquillo,Choque,Vehículo,,Solo Daños,0,0,0,0,0,0,0,0,0,0,1,0,1,0,0,1,0,0,0,0,0,0,1002285.0,0.0012137361873024758,134.7247167905748,KR68SUR,KR51;CL38,4.6390051,-74.0975148,1.0,20.951370150909092,,0.0,11.0,1.0
168247,10501300,-74.092000944,4.559814652,CL 31C-KR 3 SE 2,2019,Octubre,29,martes,7,40,San Cristóbal,Choque,Vehículo,,Solo Daños,0,0,0,0,0,1,0,0,0,1,0,0,0,0,0,0,0,0,0,0,0,1,44.0,0.0029746493332722408,330.1860759932187,CL26,AV.CARACAS;MODELIA,4.56249865,-74.0932834,1.0,40.32825916699187,,0.0,123.0,1.0
168248,10501301,-74.070352489,4.64670509000001,DG 59-KR 20 02,2019,Octubre,29,martes,14,10,Teusaquillo,Choque,Vehículo,,Solo Daños,0,0,0,0,0,1,0,0,0,0,0,0,0,0,0,0,0,0,0,0,0,0,1000661.0,0.0018450987125470742,204.80595709272524,AV.CIRCUNVALAR,CL59;CL51,4.6451685000000005,-74.0713739,1.0,43.684115937741936,,0.0,124.0,1.0
168249,10501302,-74.019440452,4.67035931300001,KR 8-CL 100B E 09,2019,Octubre,29,martes,22,40,Chapinero,Volcamiento,,,Solo Daños,0,1,0,0,0,0,0,0,0,0,0,0,0,0,0,0,0,0,0,0,0,0,1000191.0,0.029363326883501156,3259.3292840686286,KR9,CL161;CL147,4.67150165,-74.04878155,0.0,35.09735425436975,,0.0,119.0,0.0
168250,10501303,-74.105394605,4.59965772700002,KR 30-CL 1B 2,2019,Octubre,19,sábado,23,30,Puente Aranda,Choque,Vehículo,,Con Heridos,0,0,0,0,1,0,0,0,0,1,0,0,0,0,0,0,0,0,0,0,0,1,1000039.0,0.002916905255961609,323.77648341173864,KR24,CL80;CL72,4.6020578,-74.1037369,1.0,40.18240259433333,,0.0,120.0,1.0
168251,10501304,-74.065951537,4.67302281100001,CL 83-KR 29 02,2019,Octubre,29,martes,20,40,Barrios Unidos,Choque,Vehículo,,Con Heridos,0,0,0,0,0,0,0,0,0,0,0,0,0,0,0,0,0,0,0,0,0,0,1000339.0,0.0031712369378387594,352.00730010010227,KR9,CL147;CL140,4.6704867,-74.06785545,1.0,30.764563099333333,,0.0,120.0,1.0
168252,10501306,-74.08603413,4.61647421599997,AC 19-KR 27 2,2019,Octubre,29,martes,14,15,Los Mártires,Atropello,,,Con Heridos,0,0,0,0,0,1,1,1,0,0,0,0,0,0,0,0,0,0,0,0,0,0,1001990.0,0.0017062255936590917,189.39104089615918,NQS,GRAL.SANTANDER;CL38ASUR,4.6181546,-74.0857383,1.0,40.81641991237288,,0.0,118.0,1.0
168253,10501307,-74.131094384,4.68916970800001,AC 26-KR 102 02,2019,Octubre,29,martes,13,26,Fontibón,Choque,Vehículo,,Con Heridos,0,0,0,0,0,0,0,0,0,1,1,0,1,1,0,0,0,0,0,1,1,1,1000238.0,0.011918254403126868,1322.9262387470824,CL134,KR58;KR53,4.68384265,-74.1204329,0.0,29.758147464715446,,0.0,123.0,0.0
168254,10501308,-74.09003526,4.56151169100002,KR 3-CL 30A 2,2019,Octubre,30,miércoles,13,28,San Cristóbal,Atropello,,,Con Heridos,0,0,0,0,0,0,1,1,0,0,0,0,0,0,0,0,0,0,0,0,0,0,44.0,0.0033947756225282343,376.820094100634,CL26,AV.CARACAS;MODELIA,4.56249865,-74.0932834,1.0,31.19964481298387,,0.0,124.0,1.0
168256,10501682,-74.095770801,4.70603136800003,DG 84A-KR 81A 07,2019,Octubre,31,jueves,18,45,Engativá,Atropello,,,Con Heridos,0,0,0,0,1,0,1,0,0,0,0,0,0,0,0,0,0,0,0,0,0,0,1000963.0,0.005188342428011061,575.9060095092277,CL72,KR64;KR70,4.7019356,-74.0989557,0.0,9.56346740325,,0.0,120.0,0.0
168260,10501686,-74.079738012,4.64278704899999,CL 53-KR 32 02,2019,Octubre,31,jueves,20,30,Barrios Unidos,Atropello,,,Con Heridos,0,0,0,0,0,1,1,0,0,0,0,0,0,0,0,0,0,0,0,0,0,0,15.0,0.0026311076685728643,292.0529512115879,CL94,KR7;KR15,4.640764750000001,-74.07805485,1.0,13.02680770575,,0.0,120.0,1.0
168270,10501696,-74.105916861,4.61979660899999,CL 6-KR 43 02,2019,Octubre,28,lunes,11,40,Puente Aranda,Choque,Vehículo,,Solo Daños,0,0,0,0,0,0,0,0,0,1,0,0,0,0,0,0,0,0,0,0,0,1,1001211.0,0.003862392513873933,428.7255690400066,NQS,KR71;CL59SUR,4.6204586,-74.1097221,1.0,14.947064432857143,,0.0,112.0,1.0
168274,10501700,-74.141783233,4.58849772899998,KR 51-CL 54C S 02,2019,Octubre,22,martes,8,5,Ciudad Bolívar,Choque,Vehículo,,Con Muertos,1,0,0,0,0,0,0,0,0,0,0,0,0,0,0,0,0,0,0,0,0,0,1002273.0,0.004367244023987216,484.76408666258095,AV.VILLAVICENCIO,AV.P.MAYO;CL57BSUR,4.5920865,-74.13929455,1.0,20.9001207925,,0.0,8.0,1.0
168318,10502465,-74.145558254,4.55386142100002,KR 18N-CL 66A S 02,2019,Octubre,9,miércoles,9,10,Ciudad Bolívar,Choque,Objeto Fijo,Tren,Solo Daños,0,1,0,0,0,0,0,0,0,0,0,0,0,0,0,0,0,0,0,0,0,0,56.0,0.023366529514021964,2593.684776056438,CL6,AV.CARACAS;KR42,4.574981,-74.13556034999999,0.0,19.852581587903227,,0.0,124.0,0.0
168449,10498532,-74.121547697,4.602994911,KR 50-CL 26 S 02,2019,Octubre,1,martes,14,50,Puente Aranda,Choque,Vehículo,,Solo Daños,0,0,0,0,0,0,0,0,0,1,0,0,0,0,0,0,0,0,0,0,0,1,1001061.0,0.002020214087890096,224.24376375580067,AV.P.MAYO,CL43SUR;CL41BSUR,4.6016787,-74.1200151,1.0,18.09927776796748,,0.0,123.0,1.0
168451,10498534,-74.068550036,4.63361658000002,KR 15-CL 46 2,2019,Octubre,1,martes,14,20,Teusaquillo,Choque,Vehículo,,Solo Daños,0,1,0,0,0,0,0,0,0,0,0,0,0,0,0,0,0,0,0,0,0,0,142.0,0.0015434581806405936,171.32385805110587,AUTONORTE,SANTA.FE;CL80,4.633063249999999,-74.0699909,1.0,34.13171857512396,,0.0,121.0,1.0
168452,10498535,-74.090872128,4.62374535399999,CL 19C-KR 35 02,2019,Octubre,1,martes,16,5,Puente Aranda,Choque,Vehículo,,Solo Daños,0,0,0,0,0,0,0,1,0,0,0,0,0,0,0,0,0,0,0,0,0,0,89.0,0.0020915188030857356,232.15858714251667,CL24,AV.AMERICAS;KR60,4.62170175,-74.09131725,1.0,15.988461921260503,,0.0,119.0,1.0
168454,10498537,-74.059798034,4.647936684,KR 7-CL 63 2,2019,Octubre,1,martes,19,29,Chapinero,Choque,Vehículo,,Solo Daños,0,0,0,0,0,0,0,0,0,0,1,0,0,0,0,0,0,0,0,0,0,0,1001932.0,0.006267567203896428,695.6999596325036,"TV85,CL64BBIS",CL63;KR86,4.6444096,-74.0546171,0.0,17.406330394083334,,0.0,120.0,0.0
168455,10498538,-74.115770048,4.63973929600002,KR 68-CL 13 2,2019,Octubre,1,martes,8,10,Puente Aranda,Choque,Vehículo,,Solo Daños,0,1,0,0,0,0,0,0,0,0,0,0,0,0,0,0,0,0,0,0,0,0,32.0,0.004058148785626236,450.4545152045122,AV.AMERICAS;CL34,KR80;KR5,4.643723250000001,-74.11654250000001,1.0,17.350308881463413,,0.0,123.0,1.0
168456,10498539,-74.070438078,4.63306777399998,CL 45-KR 16 02,2019,Octubre,1,martes,8,0,Teusaquillo,Choque,Vehículo,,Solo Daños,0,0,0,0,0,0,0,0,0,0,1,0,1,0,0,1,0,0,0,0,0,0,142.0,0.0004472008835650475,49.63929807572027,AUTONORTE,SANTA.FE;CL80,4.633063249999999,-74.0699909,1.0,27.603170585083333,,0.0,120.0,1.0
168458,10498541,-74.08956816,4.63282952399999,KR 40-CL 25 02,2019,Octubre,1,martes,14,20,Teusaquillo,Choque,Vehículo,,Solo Daños,0,0,0,0,0,0,0,1,0,0,0,0,0,0,0,0,0,0,0,0,0,0,1001256.0,0.0022828663355812674,253.39816324952068,CL19,KR17;KR27,4.631448499999999,-74.0877504,1.0,14.981570633529413,,0.0,85.0,1.0
168460,10498543,-74.073496716,4.64174106299998,CL 53-KR 23 02,2019,Octubre,1,martes,13,50,Teusaquillo,Choque,Vehículo,,Solo Daños,0,0,0,0,0,0,0,0,0,0,1,0,0,0,0,0,0,0,0,0,0,0,1000661.0,0.004031584323680959,447.50585992858646,AV.CIRCUNVALAR,CL59;CL51,4.6451685000000005,-74.0713739,1.0,43.99576122247934,,0.0,121.0,1.0
168461,10498544,-74.074706532,4.73083300600001,AV AVENIDA SUBA-CL 137 2,2019,Octubre,1,martes,7,0,Suba,Volcamiento,,,Con Heridos,1,0,0,0,0,0,0,0,0,0,0,0,0,0,0,0,0,0,0,0,0,0,1002291.0,0.005355999467713741,594.5159409162253,CL53,KR72;KR70,4.7361884,-74.074626,0.0,7.9511979175,,0.0,4.0,0.0
168465,10498548,-74.09641897,4.638522626,KR 50-CL 24BIS 02,2019,Octubre,1,martes,10,0,Teusaquillo,Choque,Vehículo,,Con Heridos,1,0,0,0,0,1,0,0,0,0,0,0,0,0,0,0,0,0,0,0,0,0,1002285.0,0.0011973406155181925,132.90480832251936,KR68SUR,KR51;CL38,4.6390051,-74.0975148,1.0,21.553733305833333,,0.0,12.0,1.0
168467,10498550,-74.128438991,4.59941459599997,CL 38-KR 51B S 02,2019,Octubre,1,martes,15,15,Puente Aranda,Choque,Vehículo,,Con Heridos,1,0,0,0,0,1,0,0,0,0,0,0,0,0,0,0,0,0,0,0,0,0,1000691.0,0.001379346075879034,153.1074144225728,KR36,AV.AMERICAS;CL19,4.5987153,-74.12725005,1.0,17.609813496693548,,0.0,124.0,1.0
168471,10498554,-74.102544587,4.62396389200001,CL 13-KR 43 02,2019,Octubre,1,martes,21,23,Puente Aranda,Choque,Vehículo,,Con Heridos,0,0,0,0,0,1,1,0,0,1,0,0,0,0,0,0,0,0,0,0,0,1,1000769.0,0.0017076021159217337,189.54383486731246,NQS,KR67;KR62B,4.62567005,-74.1026148,1.0,29.357483054358976,,0.0,117.0,1.0
168474,10498557,-74.082248316,4.61603429600001,KR 22-CL 22 02,2019,Octubre,1,martes,18,15,Los Mártires,Choque,Vehículo,,Con Heridos,1,0,0,0,0,1,0,0,0,0,0,0,0,0,0,0,0,0,0,0,0,0,1001936.0,0.002040797808757952,226.52855677213267,"CL1,KR27",KR25;AV.P.MAYO,4.6178146,-74.083246,1.0,16.966421727833332,,0.0,120.0,1.0
168475,10498929,-74.138319489,4.59242222900002,KR 53-DG 47A S 2,2019,Octubre,5,sábado,15,13,Tunjuelito,Choque,Vehículo,,Con Heridos,1,0,0,1,0,0,0,0,0,0,0,0,0,0,0,0,0,0,0,0,0,0,1002273.0,0.0010312409588384788,114.46774643107115,AV.VILLAVICENCIO,AV.P.MAYO;CL57BSUR,4.5920865,-74.13929455,1.0,25.30409825888889,,0.0,9.0,1.0
168476,10498930,-74.122680334,4.57086755300003,DG 45B-TR 13J S 02,2019,Octubre,6,domingo,21,30,Rafael Uribe Uribe,Choque,Vehículo,,Con Muertos,0,0,0,0,0,1,0,0,0,0,0,0,0,0,0,0,0,0,0,0,0,0,67.0,0.007567793013314576,840.0250244779179,CL11SUR,AV.CARACAS;KR6_ESTE,4.5782967,-74.12412230000001,0.0,18.61664287216667,,0.0,120.0,0.0
168477,10498931,-74.114649671,4.614461318,CL 3-KR 50 2,2019,Octubre,3,jueves,10,10,Puente Aranda,Choque,Vehículo,,Con Heridos,0,0,0,0,1,0,0,1,0,0,1,0,1,0,0,1,0,0,0,0,0,0,1000332.0,0.0022221733271183207,246.6612393101336,CL11SUR,KR7;KR10,4.6123352,-74.11529594999999,1.0,12.393316681570248,,0.0,121.0,1.0
168478,10498932,-74.047353915,4.75692291399997,CL 176-KR 48 2,2019,Octubre,6,domingo,20,58,Suba,Choque,Vehículo,,Con Heridos,1,0,0,0,0,0,0,0,0,0,0,0,0,0,0,0,0,0,0,0,0,0,1000087.0,0.0036157168754747766,401.3445731777002,KR19,CL147;CL152,4.7597534,-74.04960375,1.0,13.909170058119658,,0.0,117.0,1.0
168479,10498933,-74.161604531,4.59605389900003,AV AVENIDA DEL SUR-KR 70C 02,2019,Octubre,5,sábado,7,25,Bosa,Choque,Vehículo,,Con Heridos,1,0,0,0,0,0,0,0,0,0,0,0,0,0,0,0,0,0,0,0,0,0,1001946.0,0.0028715560436147146,318.74272084123334,"AV.P.MAYO,CL26SUR",KR72;KR78K,4.5960945,-74.1644758,1.0,20.633140718583334,,0.0,120.0,1.0
168480,10498934,-74.14682904,4.56935094800002,AV AVENIDA CIUDAD DE VILLAVICENCIO-KR 23 2,2019,Octubre,6,domingo,4,50,Ciudad Bolívar,Atropello,,,Con Heridos,1,0,0,0,0,0,0,0,0,0,0,0,0,0,0,0,0,0,0,0,0,0,56.0,0.012596859125939873,1398.251362979326,CL6,AV.CARACAS;KR42,4.574981,-74.13556034999999,0.0,38.24181329491667,,0.0,120.0,0.0
168481,10498935,-74.059837058,4.71295377000001,KR 53-CL 128 2,2019,Octubre,4,viernes,14,0,Suba,Choque,Vehículo,,Con Heridos,0,0,0,0,1,1,0,0,0,1,0,0,0,0,0,0,0,0,0,0,0,1,1000246.0,0.002584529151804781,286.8827358503307,CL45,KR19;AV.CARACAS,4.71519355,-74.0611267,1.0,14.150143904672131,,0.0,122.0,1.0
168482,10498936,-74.154860172,4.66788380499997,DG 15A-KR 100 02,2019,Octubre,5,sábado,14,0,Fontibón,Choque,Vehículo,,Con Heridos,1,0,0,0,0,0,0,0,0,0,1,0,1,0,1,0,0,0,0,0,0,0,108.0,0.009698287649254485,1076.5099290672479,"CL72,CL68",KR86;KR58,4.66545305,-74.16424889999999,0.0,15.717577720403225,,0.0,124.0,0.0
168483,10498937,-74.14244965,4.60579241099998,AV AVENIDA BOYACA-KR 39C S 2,2019,Octubre,6,domingo,11,50,Kennedy,Choque,Vehículo,,Con Heridos,1,0,0,0,1,1,0,0,0,0,0,0,0,0,0,0,0,0,0,0,0,0,1000291.0,0.0035773746080371566,397.0885814921244,AV.CARACAS,CL6;CL13,4.60253905,-74.14096194999999,1.0,14.982040059237288,,0.0,118.0,1.0
168484,10498938,-74.106583308,4.60291833799999,CL 1F-KR 32B 2,2019,Octubre,5,sábado,13,30,Puente Aranda,Choque,Vehículo,,Con Heridos,0,0,0,0,0,1,0,0,0,0,0,0,0,0,0,0,0,0,0,0,0,0,1000675.0,0.00027095959257010576,30.07651477528174,KR11,CL76;CL72,4.602983699999999,-74.10632035,1.0,17.269945625691058,,0.0,123.0,1.0
168485,10498939,-74.117862993,4.624662978,CL 4G-KR 59 2,2019,Octubre,5,sábado,7,15,Puente Aranda,Choque,Vehículo,,Con Heridos,1,0,0,0,0,1,0,0,0,0,0,0,0,0,0,0,0,0,0,0,0,0,1001956.0,0.0006572950101233527,72.95974612369214,"CL68,CL72",KR58;KR70,4.6240064,-74.1178323,1.0,24.77197605770492,,0.0,122.0,1.0
168486,10498940,-74.109777866,4.62796345200002,AV AVENIDA DE LAS AMERICAS-KR 53 02,2019,Octubre,5,sábado,20,0,Puente Aranda,Choque,Vehículo,,Con Heridos,0,0,0,0,0,0,0,0,0,1,0,0,0,0,0,0,0,0,0,0,0,1,133.0,0.0018223690057964665,202.2829596434078,"AV.AMERICAS,KR50",KR62;CL5A,4.6297271,-74.11023675,1.0,33.19823654908333,,0.0,120.0,1.0
168487,10498941,-74.064048312,4.63862899899999,CL 52-KR 9 2,2019,Octubre,3,jueves,0,7,Chapinero,Choque,Vehículo,,Con Heridos,0,0,0,0,0,1,0,0,0,1,0,0,0,0,0,0,0,0,0,0,0,1,1000307.0,0.002768161421122273,307.2659177445723,KR10,CL24;CL19,4.6413462,-74.0635196,1.0,25.662541703277313,,0.0,119.0,1.0
168488,10498942,-74.027052416,4.69623007199999,CL 122-KR 2 2,2019,Octubre,4,viernes,12,15,Usaquén,Choque,Vehículo,,Con Heridos,1,0,0,0,0,0,0,0,0,0,0,0,0,0,0,0,0,0,0,0,0,0,1000184.0,0.008933903510121759,991.6632896235153,KR15,CL94;CL100,4.704458949999999,-74.03053095,0.0,17.72354769298387,,0.0,124.0,0.0
168489,10498943,-74.145288888,4.58868216799999,AV AVENIDA BOYACA-DG 51B S 02,2019,Octubre,4,viernes,15,0,Tunjuelito,Choque,Vehículo,,Con Heridos,0,0,0,0,0,1,0,0,0,0,0,0,0,0,0,0,0,0,0,0,0,0,1000297.0,0.005122917648161696,568.6438589459482,CL1,KR21;AV.CARACAS,4.59354105,-74.14366545,0.0,20.940391819833334,,0.0,120.0,0.0
168490,10498944,-74.059009021,4.660111712,CL 74-KR 11 93,2019,Octubre,4,viernes,15,30,Chapinero,Atropello,,,Con Heridos,0,0,0,0,0,0,1,0,0,0,0,0,0,0,0,0,0,0,0,0,0,0,1000707.0,0.0029976716394261127,332.7415519762985,CL13,KR47;KR39,4.6608924,-74.06190325,1.0,19.43263650413223,,0.0,121.0,1.0
168491,10498945,-74.094986284,4.66424327700003,AK 68-CL 53 2,2019,Octubre,4,viernes,18,0,Engativá,Atropello,,,Con Heridos,0,0,0,0,1,0,1,1,0,0,0,0,0,0,0,0,0,0,0,0,0,0,69.0,0.0011730363427432148,130.20703404449685,AV.CIRCUNVALAR,CL51;KR7,4.66439345,-74.09382289999999,1.0,21.259620292711865,,0.0,118.0,1.0
168492,10498946,-74.052038397,4.74891195399999,CL 167-KR 51A 2,2019,Octubre,4,viernes,12,59,Suba,Choque,Vehículo,,Con Heridos,0,0,0,0,0,1,0,0,0,0,0,0,0,0,0,0,0,0,0,0,0,0,1000078.0,0.008725987539763719,968.5846169137728,CL100,KR19;KR49,4.7416579,-74.0568883,0.0,19.25744374717742,,0.0,124.0,0.0
168493,10498947,-74.057716962,4.681618372,AV AVENIDA PASEO DE LOS LIBERTADORES-CL 94 02,2019,Octubre,5,sábado,19,5,Chapinero,Choque,Vehículo,,Con Heridos,1,0,0,0,1,0,0,0,0,0,0,0,0,0,0,0,0,0,0,0,0,0,1000036.0,0.0015732005091926588,174.62525652038514,AUTONORTE,CL82;CL80,4.6830666,-74.05833145,1.0,21.155086017435895,,0.0,117.0,1.0
168494,10498948,-74.142977205,4.566649627,AV AVENIDA CIUDAD DE VILLAVICENCIO-KR 20F 2,2019,Octubre,5,sábado,18,30,Ciudad Bolívar,Atropello,,,Con Heridos,0,0,0,0,0,1,1,0,0,0,0,0,0,0,0,0,0,0,0,0,0,0,56.0,0.011154439212985473,1238.1427526413875,CL6,AV.CARACAS;KR42,4.574981,-74.13556034999999,0.0,16.4510510015,,0.0,120.0,0.0
168495,10498949,-74.054771197,4.69932504100001,AK 45-CL 114 2,2019,Octubre,4,viernes,1,17,Usaquén,Choque,Vehículo,,Con Heridos,0,0,0,0,0,1,0,0,0,0,0,0,0,0,0,0,0,0,0,0,0,0,1002011.0,0.0024279028630403154,269.497217797475,AUTONORTE,PEPE.SIERRA;CL100,4.697067349999999,-74.05566425,1.0,55.10319819440367,,0.0,109.0,1.0
168496,10498950,-74.083868989,4.53389038300003,KR 15A-CL 48 ES 02,2019,Octubre,6,domingo,2,10,San Cristóbal,Choque,Vehículo,,Con Heridos,0,0,0,0,1,0,0,0,0,0,1,0,0,0,0,0,0,0,0,0,0,0,58.0,0.022325450867667847,2478.125046311131,CL13,AV.CARACAS;KR128,4.5547492,-74.09182735,0.0,43.86238847465116,,0.0,86.0,0.0
168497,10498951,-74.125806951,4.67138338900003,AV AVENIDA CIUDAD DE CALI-CL 23J 2,2019,Octubre,5,sábado,7,30,Fontibón,Atropello,,,Con Heridos,0,0,0,0,0,1,1,0,0,0,0,0,0,0,0,0,0,0,0,0,0,0,3.0,0.0021494777797057014,238.59203354733285,CL72,KR65;KR7,4.669261949999999,-74.12546090000001,1.0,13.595330885203252,,0.0,123.0,1.0
168498,10498952,-74.126681584,4.56666272899997,AV AVENIDA CARACAS-CL 51 S 2,2019,Octubre,6,domingo,18,40,Rafael Uribe Uribe,Atropello,,,Con Heridos,0,0,0,0,0,1,1,0,0,0,0,0,0,0,0,0,0,0,0,0,0,0,67.0,0.011912145727035582,1322.2481757009496,CL11SUR,AV.CARACAS;KR6_ESTE,4.5782967,-74.12412230000001,0.0,15.649811911333334,,0.0,120.0,0.0
168499,10499320,-74.127086442,4.64917284900002,CL 17-KR 72 02,2019,Octubre,8,martes,7,50,Fontibón,Choque,Vehículo,,Solo Daños,0,0,0,0,0,0,0,0,0,0,1,0,0,0,0,0,0,0,0,0,0,0,1000775.0,0.0013872760447569276,153.98764096801895,CL17,KR128;KR123,4.65006275,-74.1260222,1.0,21.38096677739496,,0.0,119.0,1.0
168500,10499321,-74.161552056,4.59635150000003,AV AVENIDA DEL SUR-CL 70 2,2019,Octubre,8,martes,7,30,Bosa,Choque,Vehículo,,Solo Daños,0,0,0,0,0,0,0,0,0,0,1,0,0,0,0,0,0,0,0,0,1,0,1001946.0,0.00293501754297192,325.7869472698831,"AV.P.MAYO,CL26SUR",KR72;KR78K,4.5960945,-74.1644758,1.0,20.633140718583334,,0.0,120.0,1.0
168501,10499322,-74.085898063,4.64748207399998,KR 50-CL 53 02,2019,Octubre,8,martes,16,50,Teusaquillo,Choque,Vehículo,,Solo Daños,0,0,0,0,0,0,0,1,0,1,0,0,0,0,0,0,0,0,0,0,0,1,1001730.0,0.0032720642038864298,363.1991266313937,KR50,CL2C;CL5A,4.6505877,-74.08692835,1.0,26.082272807017546,,0.0,114.0,1.0
168502,10499323,-74.127846973,4.608149137,AV AVENIDA PRIMERO DE MAYO-KR 53 2,2019,Octubre,8,martes,16,0,Puente Aranda,Choque,Vehículo,,Solo Daños,0,0,0,0,0,0,0,0,0,0,0,0,0,0,0,0,0,0,0,0,0,0,1000757.0,0.0003474839833694978,38.570722154014256,AV.P.MAYO,KR69B;KR72,4.607809,-74.12791805,1.0,16.758932917166668,,0.0,120.0,1.0
168503,10499324,-74.043264508,4.73149900200002,CL 150-KR 17 2,2019,Octubre,8,martes,6,23,Usaquén,Choque,Vehículo,,Solo Daños,0,0,0,0,0,1,0,1,0,0,0,0,0,0,0,0,0,0,0,0,0,0,1001008.0,0.008459675079278512,939.0239337999149,CL63,KR72;KR77A,4.72933775,-74.05144345,0.0,13.436885009482758,,0.0,116.0,0.0
168504,10499325,-74.142523165,4.58031899700001,AV AVENIDA BOYACA-KR 33 02,2019,Octubre,2,miércoles,22,50,Tunjuelito,Choque,Vehículo,,Solo Daños,0,0,0,0,0,0,0,0,0,0,0,0,0,0,0,0,0,0,0,0,0,0,56.0,0.008773540032190812,973.8629435731801,CL6,AV.CARACAS;KR42,4.574981,-74.13556034999999,0.0,28.689804917416666,,0.0,120.0,0.0
168505,10499326,-74.112279087,4.632455204,CL 13-KR 60 2,2019,Octubre,8,martes,7,40,Puente Aranda,Choque,Vehículo,,Solo Daños,0,0,0,0,0,0,0,0,0,0,1,0,1,0,0,1,0,0,0,0,0,0,133.0,0.0034078867141396525,378.27542526950145,"AV.AMERICAS,KR50",KR62;CL5A,4.6297271,-74.11023675,1.0,21.136602275040648,,0.0,123.0,1.0
168506,10499328,-74.073848896,4.606791187,CL 19-KR 9 21,2019,Octubre,8,martes,8,30,Santa Fe,Choque,Vehículo,,Solo Daños,0,0,0,0,0,0,0,0,0,0,1,0,1,0,0,1,0,0,0,0,0,0,1000199.0,0.0012276465950646679,136.26877205217812,KR9,CL134:CL140,4.6071991,-74.072691,1.0,37.33847148612903,,0.0,124.0,1.0
168507,10499329,-74.154453231,4.64221049499997,AV AVENIDA CIUDAD DE CALI-CL 6B 2,2019,Octubre,8,martes,17,54,Kennedy,Choque,Vehículo,,Solo Daños,0,0,0,0,0,0,0,0,0,0,0,0,0,0,0,0,0,0,0,0,0,0,124.0,0.010272285650097829,1140.223707160859,CL66A,KR86;KR72,4.652358850000001,-74.1528624,0.0,9.960183148988765,,0.0,89.0,0.0
168508,10499330,-74.170547418,4.62802068000002,AC 43-KR 85A S 2,2019,Octubre,8,martes,15,31,Kennedy,Choque,Vehículo,,Solo Daños,1,0,0,0,0,0,0,0,0,0,0,0,0,0,0,0,0,0,0,0,0,0,148.0,0.012782158408571173,1418.8195833514003,AV.CL59SUR,KR81A;CL59SUR,4.6285372,-74.1577757,0.0,20.658020875000002,,0.0,8.0,0.0
168509,10499331,-74.161474362,4.59537802199998,AV AVENIDA CIUDAD DE VILLAVICENCIO-KR null 2,2019,Octubre,8,martes,5,0,Ciudad Bolívar,Choque,Vehículo,,Solo Daños,0,0,0,0,0,0,0,0,0,0,1,0,1,1,0,0,0,0,1,0,0,0,1001946.0,0.003085769076315878,342.52036747106246,"AV.P.MAYO,CL26SUR",KR72;KR78K,4.5960945,-74.1644758,1.0,28.744341731487605,,0.0,121.0,1.0
168510,10499332,-74.121966497,4.62999251600002,AK 68-CL 9 2,2019,Octubre,8,martes,10,40,Puente Aranda,Choque,Vehículo,,Solo Daños,0,0,0,0,0,0,0,1,0,0,1,0,1,0,0,0,1,0,0,0,0,0,65.0,0.0017307429060415185,192.11246257060856,AV.P.MAYO,KR80;KR3E,4.6307119,-74.12354065,1.0,16.1791491875,,0.0,120.0,1.0
168511,10499333,-74.113123681,4.60476622200002,CL 1-KR 38A 02,2019,Octubre,8,martes,15,0,Puente Aranda,Choque,Vehículo,,Solo Daños,0,0,0,0,0,0,0,0,0,0,0,0,0,0,0,0,0,0,0,0,0,0,1001965.0,0.003294408312944211,365.6793227368074,CL26,KR66A;CAN,4.60748985,-74.11497705,1.0,42.19046854669355,,0.0,124.0,1.0
168512,10499334,-74.139679921,4.61855408700001,AV AVENIDA BOYACA-AV AVENIDA PRIMERA DE MAYO 2,2019,Octubre,8,martes,6,0,Kennedy,Choque,Vehículo,,Solo Daños,0,0,0,0,0,1,0,0,0,0,0,0,0,0,0,0,0,0,0,0,0,0,90.0,0.0030240177558747707,335.66597090209956,CL24,KR86;AV.AMERICAS,4.61621555,-74.13776265,1.0,23.536577970948276,,0.0,116.0,1.0
168514,10499336,-74.122538575,4.65415407299997,AV AVENIDA BOYACA-CL 21 02,2019,Octubre,8,martes,4,5,Fontibón,Choque,Vehículo,,Solo Daños,0,0,0,0,0,0,0,1,0,0,1,0,0,0,0,0,0,0,0,0,0,0,61.0,0.004596250621016495,510.18381893283095,CL19,KR36;KR5,4.65795775,-74.11995834999999,1.0,29.98514135854701,,0.0,117.0,1.0
168515,10499337,-74.081140367,4.627151357,KR 30-CL 26 2,2019,Octubre,10,jueves,0,0,Teusaquillo,Choque,Vehículo,,Solo Daños,0,0,0,0,0,0,0,0,0,0,0,0,0,0,0,0,0,0,0,0,0,0,1002036.0,0.004039172699917379,448.3481696908291,CL26,GOBERNACION;KR40,4.629466150000001,-74.08445045,1.0,62.99764892258334,,0.0,120.0,1.0
168516,10499338,-74.034946333,4.68848956800002,KR 7-CL 109 2,2019,Octubre,8,martes,23,50,Usaquén,Choque,Vehículo,,Solo Daños,0,0,0,0,0,0,0,0,0,1,1,0,0,0,0,0,0,0,0,0,0,1,1002017.0,0.010239452355752028,1136.579211488475,AUTONORTE,ALCALA;PRADO,4.6892508,-74.04515745,0.0,61.18635595137255,,0.0,102.0,0.0
168517,10499339,-74.138808177,4.567071666,AV AVENIDA CIUDAD DE VILLAVICENCIO-KR 19C 02,2019,Octubre,7,lunes,17,30,Ciudad Bolívar,Choque,Vehículo,,Solo Daños,0,0,0,0,0,0,0,1,0,0,1,0,1,1,0,0,0,1,0,0,0,0,56.0,0.008550201433039218,949.0723590673532,CL6,AV.CARACAS;KR42,4.574981,-74.13556034999999,0.0,17.159014918083336,,0.0,120.0,0.0
168518,10499340,-74.05694668,4.67959916799998,AK 30-CL 93 2,2019,Octubre,9,miércoles,18,30,Chapinero,Choque,Vehículo,,Solo Daños,0,0,0,0,0,1,0,0,0,0,0,0,0,0,0,0,0,0,0,0,0,0,1.0,0.0012378440049968691,137.40068455465249,KR7,CL188;CL32,4.6793199,-74.05574075,1.0,16.74081719526316,,0.0,114.0,1.0
168519,10499341,-74.15544317,4.58077422899999,KR 51-CL 59C S 2,2019,Octubre,7,lunes,15,55,Ciudad Bolívar,Choque,Vehículo,,Solo Daños,0,0,0,0,0,1,0,0,0,1,0,0,0,0,0,0,0,0,0,0,0,1,1002276.0,0.003572217901247656,396.5161870384898,AV.VILLAVICENCIO,CL57BSUR;AV.P.MAYO,4.5824943,-74.158574,1.0,22.6768116675,,0.0,8.0,1.0
168520,10499342,-74.057141445,4.69405146600002,KR 45A-CL 106 2,2019,Octubre,9,miércoles,19,35,Suba,Choque,Vehículo,,Solo Daños,0,0,0,0,0,0,0,0,0,0,0,0,0,0,0,0,0,0,0,0,1,0,1002011.0,0.0033582229481282076,372.76274724223106,AUTONORTE,PEPE.SIERRA;CL100,4.697067349999999,-74.05566425,1.0,34.03457517413793,,0.0,116.0,1.0
168521,10499343,-74.125259637,4.64737808500001,CL 13-KR 71D 2,2019,Octubre,9,miércoles,19,0,Fontibón,Choque,Vehículo,,Solo Daños,0,1,0,0,0,0,0,0,0,0,0,0,0,0,0,0,0,0,0,0,0,0,1000774.0,0.0019104946847790017,212.0649100104692,CL17,KR123;KR128,4.648816999999999,-74.12400285,1.0,14.558257260517241,,0.0,116.0,1.0
168522,10499344,-74.056714053,4.69196299499998,KR 45-CL 104A 02,2019,Octubre,9,miércoles,15,6,Usaquén,Choque,Vehículo,,Solo Daños,0,0,0,0,0,0,0,0,0,0,0,0,0,0,0,0,0,0,0,0,0,0,1000773.0,0.004827884197368403,535.8951459078927,KR50,CL33SUR;CL16SUR,4.6906399,-74.0613571,1.0,25.827233634583333,,0.0,96.0,1.0
168523,10499714,-74.088784271,4.591905118,AV AVENIDA CARACAS-CL 1 41,2019,Octubre,11,viernes,5,34,Santa Fe,Choque,Vehículo,,Solo Daños,0,0,0,0,0,0,0,0,0,1,0,0,0,0,0,0,0,0,0,0,0,1,140.0,0.003918604899892955,434.96514388811806,CL22,KR1;KR3,4.59581445,-74.08851485,1.0,15.950758725655737,,0.0,122.0,1.0
168524,10499715,-74.052802486,4.65881564199998,KR 7-CL 76 02,2019,Octubre,11,viernes,15,0,Chapinero,Choque,Vehículo,,Solo Daños,0,0,0,0,0,0,0,0,0,0,0,0,0,0,0,0,0,0,0,0,0,0,1000986.0,0.00503762306868592,559.1761606241372,CL80,KR69H;KR58,4.6638357,-74.0532228,0.0,36.35043206355372,,0.0,121.0,0.0
168525,10499716,-74.079657291,4.63083079900002,KR 30-CL 40 2,2019,Octubre,11,viernes,12,6,Teusaquillo,Choque,Vehículo,,Solo Daños,0,0,0,0,0,0,0,0,0,0,1,0,1,0,0,1,0,0,0,0,0,0,1001987.0,0.002355822991947158,261.49635210613457,NQS,CAMPIN;U.NACIONAL,4.63205205,-74.08167184999999,1.0,36.33420308520661,,0.0,121.0,1.0
168526,10499717,-74.03501833,4.68711068499999,KR 7-CL 108B 02,2019,Octubre,11,viernes,11,4,Usaquén,Choque,Vehículo,,Solo Daños,0,0,0,0,0,0,0,0,0,0,0,0,0,0,0,0,0,0,0,0,0,0,1002017.0,0.010362521246674162,1150.239858380832,AUTONORTE,ALCALA;PRADO,4.6892508,-74.04515745,0.0,41.63900336584746,,0.0,118.0,0.0
168528,10499719,-74.132750688,4.68003839400001,CL 24-KR 97 2,2019,Octubre,11,viernes,19,51,Fontibón,Choque,Vehículo,,Solo Daños,0,0,0,0,0,0,0,0,0,1,1,0,0,0,0,0,0,0,0,0,1,1,77.0,0.006392356305092971,709.5515498653198,KR68,AV.SUBA;NQS,4.6743954,-74.12974754999999,0.0,17.03777161394958,,0.0,119.0,0.0
168529,10499720,-74.070764769,4.61239202100001,CL 26-KR 10 02,2019,Octubre,11,viernes,6,0,Santa Fe,Choque,Vehículo,,Solo Daños,0,0,0,0,0,1,0,0,0,0,0,0,0,0,0,0,0,0,0,0,0,0,1000208.0,0.0041429819667558,459.8709983098938,KR7,CL63;CL72,4.609056150000001,-74.07322165,1.0,22.33833427833333,,0.0,66.0,1.0
168530,10499721,-74.066886755,4.60556191900002,CL 22-KR 3 02,2019,Octubre,10,jueves,17,50,Santa Fe,Choque,Vehículo,,Solo Daños,0,0,0,0,0,1,0,0,0,0,0,0,0,0,0,0,0,0,0,0,0,0,2.0,0.0031949531689562855,354.6398017541477,KR7,CL32;CL188,4.60499885,-74.0700317,1.0,18.052196917383178,,0.0,107.0,1.0
168531,10499722,-74.077446695,4.65907242899999,AK 30-CL 64 2,2019,Octubre,11,viernes,20,0,Barrios Unidos,Choque,Vehículo,,Solo Daños,0,0,0,0,0,0,0,0,0,0,0,0,0,0,0,0,0,0,0,0,0,0,1000095.0,0.002624922261403407,291.3663710157782,KR7,CL153;CL162,4.6587847,-74.0800558,1.0,32.66279926737864,,0.0,103.0,1.0
168532,10499723,-74.094316503,4.61305150700002,CL 12-KR 31 02,2019,Octubre,11,viernes,10,0,Puente Aranda,Choque,Vehículo,,Solo Daños,0,0,0,0,0,0,0,1,0,0,0,0,0,0,0,0,0,0,0,0,0,0,1000695.0,0.0012511924055392098,138.8823570148523,CL13,KR65;KR68,4.61249245,-74.09543585,1.0,23.42075399576271,,0.0,118.0,1.0
168533,10499724,-74.124131539,4.60459396700003,AV AVENIDA PRIMERA DE MAYO-KR 51C 02,2019,Octubre,11,viernes,18,30,Puente Aranda,Choque,Vehículo,,Solo Daños,0,0,0,0,0,0,0,0,0,0,1,0,1,0,0,1,0,0,0,0,0,0,1001724.0,0.004003328382561211,444.3694504642944,CL68,KR24;KR58,4.6075555,-74.12143785,1.0,16.47792531655462,,0.0,119.0,1.0
168534,10499725,-74.188946955,4.60725487500002,DG 66A-TR 80H S 2,2019,Octubre,11,viernes,18,20,Bosa,Choque,Vehículo,,Solo Daños,0,1,0,0,0,0,0,0,0,0,0,0,0,0,0,0,0,0,0,0,0,0,1002284.0,0.009824066749481768,1090.4714091924761,KR86,TV79D;CL57BSUR,4.61096955,-74.19804165,0.0,22.755574369999998,,0.0,9.0,0.0
168535,10499726,-74.07400701,4.61714563200002,CL 26-KR 15 02,2019,Octubre,11,viernes,7,3,Teusaquillo,Choque,Vehículo,,Solo Daños,0,0,0,0,0,0,0,0,0,0,1,0,0,0,0,0,0,0,0,0,0,0,1000020.0,0.0017757101755574187,197.10382948687348,KR7,CL79;CL76,4.618767350000001,-74.07328369999999,1.0,23.158594399537037,,0.0,108.0,1.0
168536,10499727,-74.054815465,4.656182108,KR 7-CL 73 02,2019,Octubre,11,viernes,14,27,Chapinero,Choque,Vehículo,,Solo Daños,0,0,0,0,0,1,0,0,0,0,0,0,0,0,0,0,0,0,0,0,0,0,1000096.0,0.0023341324201498247,259.08869863663057,KR7,CL162;CL153,4.654590349999999,-74.05652265,1.0,22.911131323162394,,0.0,117.0,1.0
168537,10499728,-74.16452064,4.59604136299998,AV AVENIDA DEL SUR-KR 72 2,2019,Octubre,11,viernes,15,45,Bosa,Choque,Vehículo,,Solo Daños,0,0,0,0,0,0,0,0,0,0,1,0,1,0,0,1,0,0,0,0,0,0,1001946.0,6.952816962407737e-05,7.717626828272588,"AV.P.MAYO,CL26SUR",KR72;KR78K,4.5960945,-74.1644758,1.0,15.608764599663866,,0.0,119.0,1.0
168538,10499729,-74.071474893,4.62245540599997,CL 33A-KR 16 02,2019,Octubre,11,viernes,7,40,Teusaquillo,Choque,Vehículo,,Solo Daños,0,0,0,0,0,0,0,1,0,1,0,0,0,0,0,0,0,0,0,0,0,1,1000313.0,0.002971191420771206,329.80224770560386,CL13,KR27;KR22,4.6253606000000005,-74.07209765,1.0,32.31130594760331,,0.0,121.0,1.0
168539,10499730,-74.079893798,4.67404287699998,CL 73-KR 61 02,2019,Octubre,11,viernes,9,40,Barrios Unidos,Choque,Vehículo,,Solo Daños,0,0,0,0,0,0,0,0,0,1,1,0,0,0,0,0,0,0,0,0,1,1,1000960.0,0.0007941291526110941,88.14833593983144,KR50,CL53;CL24,4.67429045,-74.08064834999999,1.0,29.991607849916665,,0.0,120.0,1.0
168540,10499731,-74.100349101,4.68892307700003,KR 77-CL 71 2,2019,Octubre,11,viernes,19,20,Engativá,Choque,Vehículo,,Solo Daños,0,0,0,0,0,0,0,0,0,0,0,0,0,0,0,0,0,0,0,0,0,0,1000748.0,0.005173975452690716,574.3112752486694,KR68,CL3;CL13,4.692486049999999,-74.1041008,0.0,30.743739549,,0.0,120.0,0.0
168541,10499732,-74.153732081,4.59646823499997,AV AVENIDA DEL SUR-KR 63 2,2019,Octubre,11,viernes,19,10,Bosa,Choque,Vehículo,,Solo Daños,0,0,0,0,0,0,0,0,0,0,0,0,0,0,0,0,0,0,0,0,0,0,1000750.0,0.005502440347385633,610.7708785598053,KR68,CL21SUR;CL3,4.5995431,-74.1582952,0.0,24.98016396741667,,0.0,120.0,0.0
168542,10499733,-74.04796404,4.72371434399997,CL 140-KR 20 02,2019,Octubre,12,sábado,11,14,Usaquén,Choque,Vehículo,,Solo Daños,0,0,0,0,0,0,0,0,0,0,0,0,0,0,0,0,0,0,0,0,0,0,1002024.0,0.004667046907651463,518.0422067493124,AUTONORTE,TOBERIN;SANTA.FE,4.7209002,-74.0516872,1.0,43.483218050655736,,0.0,122.0,1.0
168543,10499734,-74.107036429,4.611090225,DG 5A-KR 37B 60,2019,Octubre,11,viernes,10,50,Puente Aranda,Choque,Objeto Fijo,Muro,Solo Daños,0,1,0,0,0,0,0,0,0,0,0,0,0,0,0,0,0,0,0,0,0,0,1000026.0,0.0017793937403708909,197.51270518116888,CL92,KR11;KR7,4.6126188,-74.10612555,1.0,29.318230577603305,,0.0,121.0,1.0
168544,10499735,-74.038563314,4.72411928600002,CL 144-KR 13 02,2019,Octubre,12,sábado,22,50,Usaquén,Choque,Vehículo,,Solo Daños,0,0,0,0,0,0,0,1,0,0,0,0,0,0,0,0,0,0,0,0,0,0,1002021.0,0.008187163394576162,908.775136797954,AUTONORTE,CARDIO.INFANTIL;CL146,4.7190752,-74.04501210000001,0.0,55.50405344599999,,0.0,120.0,0.0
168545,10499736,-74.161828288,4.68872052199998,CL 17-KR 126 2,2019,Octubre,11,viernes,20,30,Fontibón,Choque,,,Solo Daños,0,0,0,0,0,0,0,1,0,0,1,0,0,0,0,0,0,0,0,0,0,0,95.0,0.005636479225940412,625.6491940793858,AV.SUBA,KR94;SAN.MARTIN,4.68681675,-74.15652305,0.0,29.742962731416664,,0.0,120.0,0.0
168546,10499737,-74.111610418,4.65467776000003,AC 24-KR 69 02,2019,Octubre,11,viernes,6,19,Fontibón,Choque,Vehículo,,Solo Daños,0,0,0,0,0,0,0,0,0,0,1,0,0,0,0,0,0,0,0,0,0,0,72.0,0.005597239675341792,621.293603962939,CL76,KR7;KR15,4.6575472,-74.10680465,0.0,15.717488367931036,,0.0,116.0,0.0
168547,10500104,-74.139403395,4.57718271800002,KR 25-CL 55 S 2,2019,Octubre,17,jueves,10,0,Tunjuelito,Choque,Vehículo,,Con Heridos,0,0,0,0,0,1,0,0,0,0,0,0,0,0,0,0,0,0,0,0,0,0,56.0,0.004429058254721644,491.6254662741025,CL6,AV.CARACAS;KR42,4.574981,-74.13556034999999,1.0,18.620317979338843,,0.0,121.0,1.0
168548,10500105,-74.045440256,4.67871452899999,KR 11-CL 95 10,2019,Octubre,16,miércoles,16,15,Chapinero,Atropello,,,Con Heridos,0,0,0,0,0,0,1,0,0,0,0,0,0,0,0,0,0,0,0,0,0,0,1000098.0,0.006610221490543805,733.7345854503624,KR9,CL165;CL161,4.67476105,-74.0507379,0.0,24.00810604333333,,0.0,120.0,0.0
168549,10500106,-74.125645659,4.72765963299997,KR 120-CL 80 02,2019,Octubre,17,jueves,17,55,Engativá,Caida de ocupante,,,Con Heridos,0,0,0,0,0,0,0,0,0,0,1,0,1,0,0,1,0,0,0,0,0,0,103.0,0.01578080129313756,1751.668943538269,DIAG16,KR129;CL17,4.71384325,-74.1332707,0.0,20.078838584,,0.0,120.0,0.0
168550,10500107,-74.149728242,4.53602452000001,CL 80-TR 18Q S 02,2019,Octubre,17,jueves,7,10,Ciudad Bolívar,Choque,Objeto Fijo,Tren,Solo Daños,0,0,0,0,0,0,0,1,0,0,1,0,0,0,0,0,0,0,0,0,1,0,39.0,0.03791043532275923,4208.058320826274,AV.CARACAS,AV.P.MAYO;CL80,4.5552695,-74.11706585,0.0,15.574897892416667,,0.0,120.0,0.0
168551,10500108,-74.138781444,4.65677125399998,AV AVENIDA CIUDAD DE CALI-CL 15A 91,2019,Octubre,18,viernes,4,15,Fontibón,Choque,Objeto Fijo,Tren,Solo Daños,0,1,0,0,0,0,0,0,0,0,0,1,0,0,0,0,0,0,0,0,0,0,1001019.0,0.0055405315720184626,614.9990044940494,KR72,CL75;CL66A,4.65133785,-74.1398657,0.0,56.577058983131316,,0.0,99.0,0.0
168552,10500109,-74.102962006,4.62401297500003,CL 13-KR 44 2,2019,Octubre,16,miércoles,14,52,Puente Aranda,Choque,Vehículo,,Con Heridos,0,0,0,0,0,1,0,1,0,1,0,0,0,0,0,0,0,0,0,0,0,1,1000769.0,0.0016930592316760941,187.92957471604646,NQS,KR67;KR62B,4.62567005,-74.1026148,1.0,24.428610798119657,,0.0,117.0,1.0
168553,10500110,-74.192502329,4.629215966,CL 59C-KR 89A S 02,2019,Octubre,17,jueves,5,43,Bosa,Atropello,,,Con Heridos,0,0,0,0,0,0,1,1,0,0,1,0,1,0,0,1,0,0,0,0,0,0,76.0,0.01403486521319036,1557.8700386641299,KR86,CL57BSUR;KR91,4.616729,-74.1989096,0.0,20.3727251371028,,0.0,107.0,0.0
168554,10500111,-74.070074097,4.67146604099997,AK 30-CL 77 40,2019,Octubre,17,jueves,5,25,Barrios Unidos,Choque,Vehículo,,Solo Daños,0,0,0,0,0,1,0,0,0,0,0,0,0,0,0,0,0,0,0,0,0,0,1000203.0,0.0009616294445656385,106.74086834678587,KR7,CL188;CL175,4.6708734,-74.0708314,1.0,28.468190447786885,,0.0,122.0,1.0
168555,10500112,-74.162595726,4.615097139,AV AVENIDA PRIMERA DE MAYO-CL 43 S 2,2019,Octubre,15,martes,16,20,Kennedy,Choque,Vehículo,,Con Heridos,0,0,0,0,1,1,1,0,0,0,0,0,0,0,0,0,0,0,0,0,0,0,1001027.0,0.008722522070180528,968.1999497900387,KR72,CL3;CL9,4.611398400000001,-74.15469625,0.0,13.655234455929202,,0.0,113.0,0.0
168556,10500113,-74.110398724,4.57652756700003,CL 31A-KR 13A S 02,2019,Octubre,17,jueves,9,0,Rafael Uribe Uribe,Choque,Vehículo,,Solo Daños,0,0,0,0,0,0,0,0,0,0,0,0,0,0,0,0,0,0,0,0,0,0,1000325.0,0.005781909307646216,641.79193314873,AV.CARACAS,AV.PRIMERO_MAYO;CL11SUR,4.57490245,-74.11594754999999,0.0,20.842864561048387,,0.0,124.0,0.0
168557,10500114,-74.126676431,4.566774173,AV AVENIDA CARACAS-CL 51 S 02,2019,Octubre,17,jueves,14,8,Rafael Uribe Uribe,Choque,Vehículo,,Solo Daños,0,1,0,0,0,0,0,1,0,0,0,0,0,0,0,0,0,0,0,0,0,0,67.0,0.011802212234614336,1310.0455580421913,CL11SUR,AV.CARACAS;KR6_ESTE,4.5782967,-74.12412230000001,0.0,15.791647938629032,,0.0,124.0,0.0
168558,10500115,-74.162451278,4.615148987,AV AVENIDA PRIMERA DE MAYO-AV AVENIDA CIUDAD DE VILLAVICENCIO 2,2019,Octubre,17,jueves,5,25,Kennedy,Choque,Vehículo,,Con Heridos,1,0,0,0,0,0,0,0,0,0,0,0,0,0,0,0,0,0,0,0,0,0,1001027.0,0.008614369514098837,956.1950160649709,KR72,CL3;CL9,4.611398400000001,-74.15469625,0.0,27.654452025254237,,0.0,118.0,0.0
168559,10500116,-74.149437823,4.629077913,DG 2-KR 78L 2,2019,Octubre,17,jueves,8,0,Kennedy,Choque,Vehículo,,Con Heridos,1,0,0,0,0,1,0,0,0,0,0,0,0,0,0,0,0,0,0,0,0,0,1001031.0,0.0060711707492135366,673.8999531627026,KR72,CL43AS;KR69B,4.623493,-74.15181855,0.0,24.415364288833334,,0.0,120.0,0.0
168560,10500117,-74.055903717,4.69236999399999,AV AVENIDA PASEO DE LOS LIBERTADORES-CL 104B 02,2019,Octubre,17,jueves,8,0,Usaquén,Choque,Vehículo,,Solo Daños,0,0,0,0,0,0,0,0,0,0,0,0,0,0,0,0,0,0,0,0,0,0,1002011.0,0.004703455945888245,522.0836099935952,AUTONORTE,PEPE.SIERRA;CL100,4.697067349999999,-74.05566425,1.0,28.306184910578512,,0.0,121.0,1.0
168561,10500118,-74.1512,4.68380000000002,CL 26-KR 113 85,2019,Octubre,16,miércoles,17,53,Fontibón,Atropello,,,Con Heridos,0,0,0,0,0,0,1,0,0,1,0,0,0,0,0,0,0,0,0,0,0,1,95.0,0.006118467280691501,679.1498681567566,AV.SUBA,KR94;SAN.MARTIN,4.68681675,-74.15652305,0.0,24.969721541333335,,0.0,120.0,0.0
168562,10500119,-74.052814077,4.71981153799999,KR 45A-CL 134A 02,2019,Octubre,17,jueves,6,5,Suba,Choque,Vehículo,,Solo Daños,0,0,0,0,0,0,0,0,0,1,0,0,0,0,0,0,0,0,0,0,0,1,1002024.0,0.0015668556804542845,173.9209805304256,AUTONORTE,TOBERIN;SANTA.FE,4.7209002,-74.0516872,1.0,38.355338422195125,,0.0,82.0,1.0
168563,10500120,-74.083852854,4.60398703999999,KR 17-CL 11 2,2019,Octubre,16,miércoles,14,30,Los Mártires,Atropello,,,Con Heridos,0,0,0,0,0,1,1,1,0,0,0,0,0,0,0,0,0,0,0,0,0,0,1001262.0,0.0016730161527278293,185.70479295278906,NQS,CL1F;AV.P.MAYO,4.6030451,-74.0824702,1.0,14.89928326398374,,0.0,123.0,1.0
168564,10500121,-74.047012194,4.71785053500003,KR 19-CL 134 02,2019,Octubre,17,jueves,23,42,Usaquén,Choque,Vehículo,,Solo Daños,0,1,0,0,0,0,0,0,0,0,1,0,1,0,0,1,0,0,0,0,0,0,1001052.0,0.0015316536950830783,170.0135601542217,KR68,CL98;KR64,4.7164763,-74.04633584999999,1.0,32.836466453305086,,0.0,118.0,1.0
168565,10500122,-74.13175177,4.60463791900003,KR 68-CL 38 S 2,2019,Octubre,16,miércoles,13,0,Puente Aranda,Otro,,,Con Heridos,0,0,0,0,0,0,0,0,0,0,1,0,0,0,0,0,0,0,0,0,0,0,1001023.0,0.002270163778679841,251.98817943346236,KR72,CL12;CL53,4.6068986,-74.13195905,1.0,20.58278217018182,,0.0,110.0,1.0
168566,10500123,-74.177283006,4.62579202699999,AV AVENIDA CIUDAD DE CALI-DG 49 S 02,2019,Octubre,18,viernes,3,25,Kennedy,Choque,Vehículo,,Solo Daños,0,1,0,0,0,0,0,0,0,0,0,0,0,0,0,0,0,0,0,0,0,0,148.0,0.01969951680060686,2186.646364867361,AV.CL59SUR,KR81A;CL59SUR,4.6285372,-74.1577757,0.0,46.06407262625,,0.0,8.0,0.0
168568,10500125,-74.143179128,4.582829269,AV AVENIDA BOYACA-CL 56 S 02,2019,Octubre,18,viernes,3,51,Ciudad Bolívar,Choque,Vehículo,,Solo Daños,0,0,0,0,0,0,0,0,0,1,0,0,0,0,0,0,0,0,0,0,0,1,1002273.0,0.010039236625631165,1114.3552654450593,AV.VILLAVICENCIO,AV.P.MAYO;CL57BSUR,4.5920865,-74.13929455,0.0,36.1326262925,,0.0,8.0,0.0
168569,10500126,-74.164934833,4.68307399000003,CL 15-KR 119A 07,2019,Octubre,18,viernes,12,34,Fontibón,Choque,Vehículo,,Solo Daños,0,0,0,0,0,1,0,0,0,0,0,0,0,0,0,0,0,0,0,0,0,0,1000982.0,0.00873667402025074,969.7708162478322,DIAG16,KR123;KR106,4.67875865,-74.15733829999999,0.0,26.608186838264462,,0.0,121.0,0.0
168570,10500500,-74.102449802,4.58377959799998,CL 19B-KR 18 S 2,2019,Octubre,21,lunes,11,40,Antonio Nariño,Choque,Vehículo,,Solo Daños,0,0,0,0,0,0,0,0,0,1,1,0,0,0,0,0,0,0,0,0,0,1,1000045.0,0.005147670037503563,571.3913741628954,KR11,C100;CL94,4.580720299999999,-74.09830984999999,0.0,12.918787598536586,,0.0,123.0,0.0
168571,10500501,-74.032599648,4.76036609300002,CL 183-KR 10 02,2019,Octubre,21,lunes,13,16,Usaquén,Choque,Vehículo,,Solo Daños,0,0,0,0,0,0,0,0,0,1,1,0,1,0,0,1,0,0,0,0,0,1,1000088.0,0.0006770699200639883,75.1547611271027,KR19,CL159;CL152,4.7601672,-74.03195245,1.0,18.018128711935482,,0.0,124.0,1.0
168572,10500502,-74.154027754,4.584010272,CL 59-KR 60 S 19,2019,Octubre,21,lunes,14,40,Ciudad Bolívar,Choque,Vehículo,,Solo Daños,0,0,0,0,0,0,0,0,0,0,0,0,0,0,0,0,0,0,0,0,0,0,1002276.0,0.004792340117034446,531.9497529908235,AV.VILLAVICENCIO,CL57BSUR;AV.P.MAYO,4.5824943,-74.158574,1.0,21.28040841875,,0.0,8.0,1.0
168573,10500503,-74.142859419,4.67035009300002,KR 96H-CL 17A 02,2019,Octubre,21,lunes,10,30,Fontibón,Choque,Vehículo,,Solo Daños,0,0,0,0,0,0,0,0,0,0,0,0,0,0,0,0,0,0,0,0,0,0,1001347.0,0.005443983546962117,604.282173712795,DIAG16,KR97;KR106,4.6757841,-74.14318885,0.0,22.890545999752064,,0.0,121.0,0.0
168574,10500504,-74.088566603,4.69537243100001,AV AVENIDA BOYACA-CL 80 2,2019,Octubre,21,lunes,18,0,Engativá,Choque,Vehículo,,Solo Daños,0,1,0,0,0,0,0,0,0,0,0,0,0,0,0,0,0,0,0,0,0,0,1001000.0,0.001514269145035216,168.08387509890898,CL80,KR119;KR112A,4.69445795,-74.08735965,1.0,24.335026569083333,,0.0,120.0,1.0
168575,10500505,-74.032348418,4.73299176500001,CL 155-KR 9 2,2019,Octubre,21,lunes,11,47,Usaquén,Choque,Vehículo,,Solo Daños,0,0,0,0,0,0,0,1,0,0,0,0,0,0,0,0,0,0,0,0,0,0,1000081.0,0.006166217794801356,684.4501752229505,KR19,CL116;CL127,4.7391552,-74.03253365,0.0,14.481210207622953,,0.0,122.0,0.0
168576,10500506,-74.116916813,4.51606427399997,AV AVENIDA CARACAS-CL 74A S 02,2019,Octubre,22,martes,10,50,Usme,Choque,Vehículo,,Solo Daños,0,1,0,0,0,0,0,0,0,1,0,0,0,0,0,0,0,0,0,0,0,1,1001959.0,0.01922462388746111,2133.9332515081833,"CL19,KR3",KR5;CL22,4.5343054,-74.1108466,0.0,13.028192303966943,,0.0,121.0,0.0
168577,10500507,-74.1371,4.61950000000002,TR 71D-AC 4 S 40,2019,Octubre,21,lunes,12,47,Kennedy,Choque,Vehículo,,Solo Daños,0,0,0,0,0,0,0,0,0,0,0,0,0,0,0,0,0,0,0,0,0,0,1000942.0,0.0015468769383625177,171.70334015823946,TV39,CL6;CL13,4.62102935,-74.1368678,1.0,15.199977253196721,,0.0,122.0,1.0
168578,10500508,-74.103500805,4.60527507699999,CL 3-KR 31D 2,2019,Octubre,22,martes,15,41,Puente Aranda,Choque,Vehículo,,Solo Daños,0,0,0,0,0,0,0,0,0,0,0,0,0,0,0,0,0,0,0,0,0,0,1001304.0,0.00012911507562022212,14.331773393844655,AV.CARACAS,CL57;CL53,4.605218799999999,-74.1033846,1.0,19.095697003916666,,0.0,120.0,1.0
168579,10500509,-74.04350921,4.67183979599997,KR 7-CL 92A 04,2019,Octubre,22,martes,14,30,Chapinero,Choque,Vehículo,,Solo Daños,0,0,0,0,0,0,0,0,0,0,0,0,0,0,0,0,0,0,0,0,0,0,1000191.0,0.005283172512131915,586.4321488466426,KR9,CL161;CL147,4.67150165,-74.04878155,0.0,25.263703253916667,,0.0,120.0,0.0
168580,10500510,-74.097909145,4.63770537699997,KR 50-CL 22A 02,2019,Octubre,22,martes,14,45,Teusaquillo,Choque,Vehículo,,Solo Daños,0,0,0,0,0,0,0,0,0,0,0,0,0,0,0,0,0,0,0,0,0,0,1002285.0,0.001358229677129352,150.76349416135807,KR68SUR,KR51;CL38,4.6390051,-74.0975148,1.0,21.120084860000002,,0.0,12.0,1.0
168581,10500511,-74.047819544,4.74260531700003,KR 45-CL 161A 2,2019,Octubre,21,lunes,15,35,Usaquén,Choque,Vehículo,,Solo Daños,0,1,0,0,0,0,0,0,0,0,0,0,0,0,0,0,0,0,0,0,0,0,1000175.0,0.004606548149629503,511.3268446088748,CL106,KR19;KR15,4.73962495,-74.05133205,1.0,13.981317384919354,,0.0,124.0,1.0
168582,10500512,-74.153681355,4.59645445899997,AV AVENIDA DEL SUR-KR 63 02,2019,Octubre,20,domingo,10,30,Bosa,Choque,Vehículo,,Con Heridos,0,0,0,0,1,0,0,0,0,0,1,0,0,0,0,0,0,0,0,0,0,0,1000750.0,0.005552230985022071,616.2976393374498,KR68,CL21SUR;CL3,4.5995431,-74.1582952,0.0,20.32395364387931,,0.0,116.0,0.0
168583,10500513,-74.1684,4.62419999999997,KR 81G-CL 43 S 2,2019,Octubre,18,viernes,6,45,Kennedy,Choque,Vehículo,,Con Heridos,1,0,0,0,0,0,0,0,0,1,0,0,0,0,0,0,0,0,0,0,0,1,148.0,0.011475497999230233,1273.7802779145559,AV.CL59SUR,KR81A;CL59SUR,4.6285372,-74.1577757,0.0,16.17772341625,,0.0,8.0,0.0
168584,10500514,-74.039452531,4.704149911,CL 127-KR 13 02,2019,Octubre,22,martes,10,45,Usaquén,Choque,Vehículo,,Con Heridos,0,0,0,0,0,1,0,1,0,0,0,0,0,0,0,0,0,0,0,0,0,0,1002018.0,0.003477699715370696,386.02466840614727,AUTONORTE,ALCALA;CL146,4.705305,-74.0427328,1.0,44.84946072876033,,0.0,121.0,1.0
168585,10500515,-74.068204191,4.61875183799998,KR 7-CL 32 2,2019,Octubre,21,lunes,16,31,Santa Fe,Choque,Vehículo,,Con Heridos,0,0,0,0,0,1,1,1,0,1,0,0,0,0,0,0,0,0,0,0,0,1,68.0,0.0021995992157505186,244.15551294830757,AV.CIRCUNVALAR,KR7;CL51,4.61659485,-74.06863505,1.0,30.530861494666667,,0.0,120.0,1.0
168586,10500516,-74.071385391,4.61307454600001,CL 26-KR 13 2,2019,Octubre,12,sábado,19,10,Santa Fe,Choque,Vehículo,,Con Heridos,0,0,0,0,0,1,0,0,0,0,0,0,0,0,0,0,0,0,0,0,0,0,1000208.0,0.004418071245229224,490.40590822044385,KR7,CL63;CL72,4.609056150000001,-74.07322165,1.0,14.737102923333333,,0.0,6.0,1.0
168587,10500517,-74.164369719,4.68347451,KR 123-CL 15 83,2019,Octubre,22,martes,10,30,Fontibón,Choque,Objeto Fijo,Semaforo,Con Heridos,1,1,0,0,0,0,0,0,0,0,0,0,0,0,0,0,0,0,0,0,0,0,1000982.0,0.008466415339053998,939.7721026349938,DIAG16,KR123;KR106,4.67875865,-74.15733829999999,0.0,25.40441258289256,,0.0,121.0,0.0
168588,10500518,-74.109519259,4.62388389799997,KR 50-CL 5D 24,2019,Octubre,22,martes,7,40,Puente Aranda,Choque,Vehículo,,Con Heridos,1,0,0,0,0,0,0,0,0,0,1,0,0,0,0,0,0,0,0,0,0,0,1001211.0,0.003431298713297669,380.87415717604125,NQS,KR71;CL59SUR,4.6204586,-74.1097221,1.0,16.012156448416665,,0.0,120.0,1.0
168589,10500519,-74.088482035,4.66018822500001,KR 60-CL 63 2,2019,Octubre,21,lunes,15,20,Teusaquillo,Choque,Vehículo,,Con Heridos,0,0,0,0,0,1,0,0,0,0,0,0,0,0,0,0,0,0,0,0,0,0,24.0,0.001796161290321228,199.3739032256563,CL127,KR7;AV.BOYACA,4.66108545,-74.09003805,1.0,14.56361662319672,,0.0,122.0,1.0
168590,10500520,-74.130674798,4.58307618600003,CL 47B-KR 28 S 2,2019,Octubre,21,lunes,16,25,Tunjuelito,Choque,Vehículo,,Con Heridos,0,0,0,0,0,1,0,0,0,0,0,0,0,0,0,0,0,0,0,0,0,0,1002271.0,0.004473122130201588,496.5165564523762,KR72,KR1;KR4AE,4.582431,-74.12624845,1.0,22.51039589625,,0.0,8.0,1.0
168591,10500521,-74.164694325,4.69093045900001,AC 17-KR 129 75,2019,Octubre,21,lunes,17,40,Fontibón,Choque,Vehículo,,Con Heridos,0,1,0,0,0,1,0,0,0,0,0,0,0,0,0,0,0,0,0,0,0,0,95.0,0.009148351592626376,1015.4670267815277,AV.SUBA,KR94;SAN.MARTIN,4.68681675,-74.15652305,0.0,24.969721541333335,,0.0,120.0,0.0
168592,10500522,-74.067495461,4.67388290600002,CL 80-KR 30 02,2019,Octubre,21,lunes,17,0,Barrios Unidos,Choque,Vehículo,,Con Heridos,1,0,0,0,0,0,0,1,0,0,0,0,0,0,0,0,0,0,0,0,0,0,1000339.0,0.003415231657544756,379.0907139874679,KR9,CL147;CL140,4.6704867,-74.06785545,1.0,22.638562251428574,,0.0,119.0,1.0
168593,10500524,-74.10349501,4.57506343799997,KR 12D-CL 27A S 2,2019,Octubre,22,martes,7,10,Rafael Uribe Uribe,Choque,Vehículo,,Con Heridos,0,0,0,0,0,1,0,0,0,0,0,0,0,0,0,0,0,0,0,0,0,0,117.0,0.006265228346934394,695.4403465097178,CL57,AV.CARACAS;TV25,4.5777728,-74.09784590000001,0.0,14.758365917154471,,0.0,123.0,0.0
168594,10500525,-74.107117949,4.55783391199998,CL 48-KR 5L S 2,2019,Octubre,20,domingo,18,0,San Cristóbal,Choque,Vehículo,,Con Heridos,0,0,0,0,0,1,0,1,0,0,0,0,0,0,0,0,0,0,0,0,0,0,39.0,0.010273117502078969,1140.3160427307655,AV.CARACAS,AV.P.MAYO;CL80,4.5552695,-74.11706585,0.0,15.82055370252174,,0.0,115.0,0.0
168595,10500526,-74.11539341,4.61329020599999,KR 50-CL 2C 02,2019,Octubre,21,lunes,17,0,Puente Aranda,Choque,Vehículo,,Con Heridos,1,0,0,0,0,0,0,1,0,0,0,0,0,0,0,0,0,0,0,0,0,0,1000332.0,0.0009599660992017509,106.55623701139434,CL11SUR,KR7;KR10,4.6123352,-74.11529594999999,1.0,13.807256671916667,,0.0,120.0,1.0
168596,10500906,-74.120665149,4.535107783,KR 14-CL 64 S 2,2019,Octubre,26,sábado,14,20,Usme,Choque,Vehículo,,Con Heridos,1,0,0,0,0,0,0,0,0,0,0,0,0,0,0,0,0,0,0,0,0,0,1001959.0,0.009851280269291362,1093.4921098913412,"CL19,KR3",KR5;CL22,4.5343054,-74.1108466,0.0,12.12012095935484,,0.0,124.0,0.0
168597,10500907,-74.158179833,4.59631985300001,AV AVENIDA DEL SUR-KR 67 02,2019,Octubre,27,domingo,1,20,Bosa,Choque,Vehículo,,Con Heridos,0,0,0,0,0,0,0,0,0,0,0,0,0,0,0,0,0,0,0,0,0,0,1000750.0,0.003225310956734957,358.00951619758024,KR68,CL21SUR;CL3,4.5995431,-74.1582952,1.0,52.33199848474138,,0.0,116.0,1.0
168598,10500908,-74.089051621,4.59199212599998,AV AVENIDA CARACAS-AC 1 2,2019,Octubre,26,sábado,14,5,Los Mártires,Choque,Vehículo,,Con Heridos,0,0,0,0,0,1,0,1,0,1,0,0,0,0,0,0,0,0,0,0,0,1,140.0,0.003859829512759744,428.44107591633156,CL22,KR1;KR3,4.59581445,-74.08851485,1.0,10.78790785495935,,0.0,123.0,1.0
168599,10500909,-74.084945193,4.58933828200003,KR 10-CL 1 2,2019,Octubre,26,sábado,17,30,Santa Fe,Choque,Vehículo,,Con Heridos,0,0,0,0,1,1,0,0,0,0,0,0,0,0,0,0,0,0,0,0,0,0,1001961.0,0.002932279389050421,325.48301218459676,CL22,KR1;KR3,4.5900896,-74.08211080000001,1.0,12.48857365375,,0.0,120.0,1.0
168600,10500910,-74.163965952,4.61353181300001,CL 45-KR 78F S 35,2019,Octubre,27,domingo,11,0,Kennedy,Atropello,,,Con Heridos,0,0,0,0,0,0,1,0,0,0,0,0,0,0,0,0,0,0,0,0,0,0,1001027.0,0.0095120358597602,1055.8359804333822,KR72,CL3;CL9,4.611398400000001,-74.15469625,0.0,13.434304498214287,,0.0,112.0,0.0
168601,10500911,-74.192600614,4.629485558,CL 59C-KR 89BISA S 02,2019,Octubre,27,domingo,11,0,Bosa,Atropello,,,Con Heridos,0,0,0,0,0,1,1,0,0,0,0,0,0,0,0,0,0,0,0,0,0,0,76.0,0.014231411607970056,1579.686688484676,KR86,CL57BSUR;KR91,4.616729,-74.1989096,0.0,15.228443229545455,,0.0,110.0,0.0
168602,10500912,-74.09852154,4.70971537000003,KR 89A-CL 87 02,2019,Octubre,27,domingo,7,25,Engativá,Atropello,,,Con Heridos,0,0,0,0,0,0,1,1,0,0,0,0,0,0,0,0,0,0,0,0,0,0,1000300.0,0.004335899038514963,481.28479327516084,CL6,KR19;KR27,4.713529149999999,-74.09645875000001,1.0,22.16067901495935,,0.0,123.0,1.0
168603,10500913,-74.092712296,4.69087363300002,AV AVENIDA BOYACA-CL 75 02,2019,Octubre,27,domingo,10,45,Engativá,Caida de ocupante,,,Con Heridos,0,0,0,0,0,0,0,0,0,0,1,0,1,0,0,1,0,0,0,0,0,0,1000282.0,0.0016885415848444975,187.42811591773923,CL170,KR58;AV.BOYACA,4.6924967,-74.09224664999999,1.0,24.634902972231405,,0.0,121.0,1.0
168604,10500914,-74.134407857,4.55594430299999,CL 63-KR 10A S 2,2019,Octubre,26,sábado,12,0,Ciudad Bolívar,Choque,Vehículo,,Con Heridos,1,0,0,0,0,0,0,1,0,0,1,0,0,0,0,0,0,0,0,0,0,0,39.0,0.017355130822806188,1926.4195213314867,AV.CARACAS,AV.P.MAYO;CL80,4.5552695,-74.11706585,0.0,15.480016388916665,,0.0,120.0,0.0
168605,10500915,-74.11536017,4.52660584699998,CL 68B-KR 8B S 15,2019,Octubre,27,domingo,15,46,Usme,Atropello,,,Con Heridos,0,0,0,0,1,1,1,0,0,0,0,0,0,0,0,0,0,0,0,0,0,0,1001959.0,0.00892498910615664,990.6737907833871,"CL19,KR3",KR5;CL22,4.5343054,-74.1108466,0.0,14.21875559733871,,0.0,124.0,0.0
168606,10500916,-74.151284403,4.57239325,AV AVENIDA CIUDAD DE VILLAVICENCIO-KR 38 2,2019,Octubre,26,sábado,13,30,Ciudad Bolívar,Choque,Vehículo,,Con Heridos,0,1,0,0,0,1,0,0,0,0,0,0,0,0,0,0,0,0,0,0,0,0,1002276.0,0.012456702433824185,1382.6939701544845,AV.VILLAVICENCIO,CL57BSUR;AV.P.MAYO,4.5824943,-74.158574,0.0,22.92887216625,,0.0,8.0,0.0
168607,10500917,-74.103780296,4.60098530599998,KR 30-CL 1F 02,2019,Octubre,25,viernes,16,10,Los Mártires,Choque,Vehículo,,Con Heridos,0,0,0,0,0,1,0,0,0,0,0,0,0,0,0,0,0,0,0,0,0,0,1000039.0,0.0010733716005628647,119.14424766247798,KR24,CL80;CL72,4.6020578,-74.1037369,1.0,22.474882555083333,,0.0,120.0,1.0
168608,10500919,-74.087583039,4.65455878400002,TR 59A-CL 60 02,2019,Octubre,25,viernes,13,5,Teusaquillo,Choque,Vehículo,,Con Heridos,0,0,0,0,0,0,0,1,0,0,0,0,0,0,0,0,0,0,0,0,0,0,1000979.0,0.0007279327240516508,80.80053236973325,CL53,KR27;KR50,4.6551241,-74.08712445,1.0,22.36740208733871,,0.0,124.0,1.0
168610,10500921,-74.075281698,4.610765496,AV AVENIDA CARACAS-CL 22 2,2019,Octubre,27,domingo,21,30,Los Mártires,Choque,Vehículo,,Con Heridos,0,0,0,0,0,1,0,0,0,0,0,0,0,0,0,0,0,0,0,0,0,0,41.0,0.000420092907851491,46.6303127715155,CL39,KR7;AV.CARACAS,4.61057625,-74.07565675000001,1.0,12.34559688575,,0.0,120.0,1.0
168611,10500922,-74.131449165,4.610943717,AV AVENIDA PRIMERA DE MAYO-KR 68F 20,2019,Octubre,25,viernes,14,41,Kennedy,Choque,Vehículo,,Con Heridos,1,1,0,0,1,0,0,0,0,0,0,0,0,0,0,0,0,0,0,0,0,0,1001058.0,0.002240471691477553,248.69235775400838,AV.P.MAYO,KR73D;CL41BSUR,4.612991,-74.1323593,1.0,15.66164017697479,,0.0,119.0,1.0
168612,10500923,-74.162903168,4.62262303400001,AK 80-CL 42 S 02,2019,Octubre,25,viernes,15,0,Kennedy,Choque,Vehículo,,Con Heridos,1,0,0,0,0,0,0,0,0,0,0,0,0,0,0,0,0,0,0,0,0,0,148.0,0.00782740618381615,868.8420864035927,AV.CL59SUR,KR81A;CL59SUR,4.6285372,-74.1577757,0.0,20.658020875000002,,0.0,8.0,0.0
168613,10500924,-74.138955565,4.53920844599998,KR 17A-CL 78A S 2,2019,Octubre,27,domingo,9,55,Ciudad Bolívar,Choque,Vehículo,,Con Heridos,1,0,0,0,1,0,0,1,0,1,0,0,0,0,0,0,0,0,0,0,0,1,39.0,0.02714990015401115,3013.6389170952375,AV.CARACAS,AV.P.MAYO;CL80,4.5552695,-74.11706585,0.0,16.063152068387097,,0.0,124.0,0.0
168614,10500925,-74.074865602,4.72175426899997,AV AVENIDA SUBA-KR 72 02,2019,Octubre,25,viernes,23,50,Suba,Choque,Objeto Fijo,Inmueble,Con Heridos,0,0,1,0,0,1,0,0,0,0,0,0,0,0,0,0,0,0,0,0,0,0,1001047.0,0.006342766801387953,704.0471149540627,KR68,CL66;CL19,4.718268699999999,-74.0801648,0.0,41.278126796610174,,0.0,118.0,0.0
168615,10500926,-74.060447637,4.66967242499999,KR 20-CL 82 2,2019,Octubre,27,domingo,8,30,Chapinero,Choque,Vehículo,,Con Heridos,0,0,0,0,0,1,0,0,0,0,0,0,0,0,0,0,0,0,0,0,0,0,1000693.0,0.0061359668549837605,681.0923209031974,CL13,KR56;KR65,4.6657333,-74.06515225000001,0.0,24.5965787451,,0.0,100.0,0.0
168616,10500927,-74.159664952,4.64131119299998,KR 87D-CL 2 02,2019,Octubre,26,sábado,15,0,Kennedy,Choque,Vehículo,,Con Heridos,1,0,0,0,0,0,0,0,0,0,0,0,0,0,0,0,0,0,0,0,0,0,148.0,0.012912945840629813,1433.3369883099092,AV.CL59SUR,KR81A;CL59SUR,4.6285372,-74.1577757,0.0,20.658020875000002,,0.0,8.0,0.0
168617,10500929,-74.136577679,4.649480858,CL 12-KR 79A 02,2019,Octubre,26,sábado,10,42,Kennedy,Choque,Vehículo,,Con Heridos,1,0,0,0,0,0,0,0,0,0,0,0,0,0,0,0,0,0,0,0,0,0,143.0,0.002640321397259147,293.07567509576535,TV.2B.ESTE,KR11SUR;KR3E,4.6487659,-74.134036,1.0,10.587581053389831,,0.0,118.0,1.0
168618,10500930,-74.093340802,4.55251748199998,KR 3B-CL 38 ES 24,2019,Octubre,26,sábado,12,30,San Cristóbal,Choque,Objeto Fijo,Semaforo,Con Heridos,0,0,0,0,0,1,0,0,0,0,0,0,0,0,0,0,0,0,0,0,0,0,58.0,0.00269649813423034,299.3112928995677,CL13,AV.CARACAS;KR128,4.5547492,-74.09182735,1.0,19.129163211639344,,0.0,122.0,1.0
168619,10500931,-74.065713106,4.67912537900003,AV AVENIDA SUBA-CL 90 02,2019,Octubre,26,sábado,10,58,Barrios Unidos,Choque,Vehículo,,Con Heridos,0,0,0,0,0,0,0,1,0,0,1,0,1,1,0,0,0,0,0,1,0,0,1001046.0,0.0007718245145454714,85.67252111454732,KR68,CL13;CL19,4.67945395,-74.0664115,1.0,15.437249846637933,,0.0,116.0,1.0
168620,10501309,-74.082505875,4.71145557,CL 127A-KR 81 02,2019,Octubre,29,martes,22,56,Suba,Choque,Vehículo,,Con Heridos,0,0,1,0,0,1,0,1,0,1,0,0,0,0,0,0,0,0,0,0,0,1,150.0,0.0032133469146568513,356.6815075269105,CL53,KR70;CL63,4.71236735,-74.07942460000001,1.0,14.72625671472222,,0.0,36.0,1.0
168621,10501310,-74.067673446,4.594888551,AV AVENIDA CIRCUNVALAR-CL 12 2,2019,Octubre,30,miércoles,19,43,Santa Fe,Volcamiento,,,Con Heridos,0,0,0,0,0,1,0,0,0,0,0,1,0,0,0,0,0,0,0,0,0,0,1000052.0,0.006333161164096533,702.9808892147151,CL116,KR11;KR19,4.6003184,-74.07093315,0.0,14.635033950083335,,0.0,120.0,0.0
168622,10501311,-74.124972915,4.64725021100003,CL 13-KR 69F 34,2019,Octubre,29,martes,16,40,Fontibón,Choque,Vehículo,,Con Heridos,0,1,0,0,0,1,0,0,0,0,0,0,0,0,0,0,0,0,0,0,0,0,1000774.0,0.0018427842724140476,204.54905423795927,CL17,KR123;KR128,4.648816999999999,-74.12400285,1.0,16.454954846896552,,0.0,116.0,1.0
168623,10501312,-74.073839457,4.60678364199998,AC 19-KR 9 2,2019,Octubre,30,miércoles,11,0,Santa Fe,Atropello,,,Con Heridos,0,0,0,0,0,0,1,1,0,0,0,0,0,0,0,0,0,0,0,0,0,0,1000199.0,0.0012212939165604935,135.56362473821477,KR9,CL134:CL140,4.6071991,-74.072691,1.0,33.18760505821138,,0.0,123.0,1.0
168624,10501313,-74.125545123,4.60594982499998,AV AVENIDA PRIMERA DE MAYO-KR 52 18,2019,Octubre,30,miércoles,19,50,Puente Aranda,Caida de ocupante,,,Con Heridos,0,0,0,0,0,0,1,1,0,0,1,0,1,0,0,1,0,0,0,0,0,0,1000757.0,0.003014517246272664,334.61141433626574,AV.P.MAYO,KR69B;KR72,4.607809,-74.12791805,1.0,11.548282239999999,,0.0,117.0,1.0
168625,10501314,-74.057709737,4.665399106,KR 15-CL 79 2,2019,Octubre,29,martes,15,3,Chapinero,Choque,Vehículo,,Con Heridos,1,0,0,0,0,0,0,0,0,0,1,0,1,0,0,1,0,0,0,0,0,0,141.0,0.0029815996875151457,330.9575653141812,AUTONORTE,CL80;SANTA.FE,4.6632782,-74.0556141,1.0,28.275390120666664,,0.0,120.0,1.0
168626,10501315,-74.153272467,4.62401008699999,CL 37-KR 78K S 02,2019,Octubre,29,martes,15,2,Kennedy,Caida de ocupante,,,Con Heridos,0,0,0,0,0,0,0,1,0,0,1,0,1,0,0,1,0,0,0,0,0,0,1001031.0,0.0015431311053907258,171.28755269837055,KR72,CL43AS;KR69B,4.623493,-74.15181855,1.0,24.679177737833335,,0.0,120.0,1.0
168627,10501316,-74.100296846,4.59502282199998,CL 1-KR 25A 2,2019,Octubre,30,miércoles,19,10,Los Mártires,Atropello,,,Con Heridos,0,0,0,0,0,0,1,0,0,0,0,0,0,0,0,0,0,0,0,0,0,0,1000249.0,0.0019375421325289353,215.0671767107118,AV.CARACAS,CL34;CL32,4.5942301,-74.1020648,1.0,17.258151165042733,,0.0,117.0,1.0
168628,10501317,-74.165275406,4.60664025199998,CL 48BIS-KR 77K S 14,2019,Octubre,30,miércoles,20,39,Kennedy,Choque,Vehículo,,Con Heridos,1,0,0,0,1,1,0,0,0,0,0,0,0,0,0,0,0,0,0,0,0,0,57.0,0.0060758287644190525,674.4169928505148,CL6,KR42;AV.CARACAS,4.60480905,-74.15948209999999,0.0,20.63993060875,,0.0,120.0,0.0
168629,10501318,-74.020298647,4.74314338699998,CL 166A-KR 4 2,2019,Octubre,30,miércoles,7,52,Usaquén,Atropello,,,Con Heridos,0,0,0,0,0,1,1,1,0,0,0,0,0,0,0,0,0,0,0,0,0,0,1000081.0,0.012868602641966969,1428.4148932583334,KR19,CL116;CL127,4.7391552,-74.03253365,0.0,20.029936671639344,,0.0,122.0,0.0
168630,10501319,-74.069701815,4.62211121000001,AV AVENIDA CARACAS-CL 34 02,2019,Octubre,28,lunes,10,4,Teusaquillo,Atropello,,,Con Heridos,0,0,0,0,0,0,1,0,0,0,1,0,1,1,0,0,0,1,0,0,0,0,1000313.0,0.004037147596914495,448.1233832575089,CL13,KR27;KR22,4.6253606000000005,-74.07209765,1.0,19.79418765237288,,0.0,118.0,1.0
168631,10501320,-74.130416509,4.60338512599998,CL 37-KR 52A S 2,2019,Octubre,30,miércoles,23,15,Puente Aranda,Atropello,,,Con Heridos,0,0,0,0,1,1,1,0,0,0,0,0,0,0,0,0,0,0,0,0,0,0,1001025.0,0.002088639825432698,231.83902062302948,KR72,CL9;CL12,4.601936950000001,-74.12891145,1.0,39.40269851767857,,0.0,112.0,1.0
168632,10501321,-74.118134261,4.58297940699998,KR 24B-CL 35 S 2,2019,Octubre,30,miércoles,22,0,Rafael Uribe Uribe,Choque,Vehículo,,Con Heridos,0,0,0,0,0,0,0,0,0,0,1,0,1,0,0,0,1,0,0,0,0,0,1001976.0,0.004197007567758719,465.86784002121783,NQS,KR24;CL100,4.57921725,-74.11999465,1.0,55.178405838403364,,0.0,119.0,1.0
168633,10501322,-74.081725684,4.60256624099998,KR 15-CL 11 02,2019,Octubre,28,lunes,6,30,Los Mártires,Atropello,,,Con Heridos,0,0,0,0,0,0,1,0,0,0,0,0,0,0,0,0,0,0,0,0,0,0,1001262.0,0.0008852174965239698,98.25914211416065,NQS,CL1F;AV.P.MAYO,4.6030451,-74.0824702,1.0,21.863086043103447,,0.0,116.0,1.0
168634,10501323,-74.111810346,4.66613965800002,AV AVENIDA BOYACA-CL 26 2,2019,Octubre,30,miércoles,7,43,Fontibón,Choque,Vehículo,,Con Heridos,0,1,0,0,0,1,0,0,0,0,0,0,0,0,0,0,0,0,0,0,0,0,92.0,0.005940403751439033,659.3848164097326,"KR50,TV42,TV39",CL6;CL19,4.6708416,-74.1081799,0.0,15.509692371626016,,0.0,123.0,0.0
168635,10501324,-74.14713501,4.56063662499997,KR 19D-CL 65 S 02,2019,Octubre,29,martes,13,30,Ciudad Bolívar,Atropello,,,Con Heridos,0,0,0,0,1,1,1,0,0,0,0,0,0,0,0,0,0,0,0,0,0,0,56.0,0.018431870449232328,2045.9376198647883,CL6,AV.CARACAS;KR42,4.574981,-74.13556034999999,0.0,15.84550426766129,,0.0,124.0,0.0
168636,10501325,-74.069374435,4.72534536199998,CL 134-KR 59A 2,2019,Octubre,29,martes,18,20,Suba,Atropello,,,Con Heridos,0,0,0,0,0,1,1,1,0,0,0,0,0,0,0,0,0,0,0,0,0,0,1001054.0,0.0038218505111972776,424.2254067428978,KR68,KR64;AV.SUBA,4.72398195,-74.06580405,1.0,24.412270262499998,,0.0,120.0,1.0
168637,10501326,-74.077612757,4.65792362899998,KR 30-CL 63G 02,2019,Octubre,29,martes,18,41,Teusaquillo,Atropello,,,Con Heridos,0,0,0,0,0,1,1,1,0,0,0,0,0,0,0,0,0,0,0,0,0,0,113.0,0.002571712769068607,285.46011736661535,NQS,CL59SUR;CL100,4.655352,-74.077592,1.0,23.377411419304348,,0.0,115.0,1.0
168638,10501327,-74.142002362,4.57897679899997,AV AVENIDA BOYACA-KR 29 2,2019,Octubre,30,miércoles,20,20,Tunjuelito,Atropello,,,Con Heridos,0,0,0,0,0,1,1,0,0,0,0,0,0,0,0,0,0,0,0,0,0,0,56.0,0.007580628486900474,841.4497620459526,CL6,AV.CARACAS;KR42,4.574981,-74.13556034999999,0.0,22.474212021000003,,0.0,120.0,0.0
168639,10501328,-74.1592,4.6404,KR 87-CL 2 S 02,2019,Octubre,29,martes,13,23,Kennedy,Atropello,,,Con Heridos,0,0,0,0,0,0,1,0,0,0,1,0,0,0,0,0,0,0,0,0,0,0,148.0,0.011947997921408243,1326.227769276315,AV.CL59SUR,KR81A;CL59SUR,4.6285372,-74.1577757,0.0,12.61601054125,,0.0,8.0,0.0
168640,10501329,-74.159967839,4.57913383599998,CL 68F-TR 55 S 2,2019,Octubre,30,miércoles,6,20,Ciudad Bolívar,Atropello,,,Con Muertos,0,0,0,0,0,0,1,1,0,0,0,0,0,0,0,0,0,0,0,0,0,0,1002276.0,0.0036380634207438273,403.8250397025648,AV.VILLAVICENCIO,CL57BSUR;AV.P.MAYO,4.5824943,-74.158574,1.0,21.70247370875,,0.0,8.0,1.0
168641,10501330,-74.095333521,4.69013915400001,KR 73A-CL 73A 2,2019,Octubre,30,miércoles,8,0,Engativá,Choque,Vehículo,,Con Heridos,0,0,0,0,0,1,0,0,0,0,0,0,0,0,0,0,0,0,0,0,0,0,1000282.0,0.0038841724617681896,431.14314325626907,CL170,KR58;AV.BOYACA,4.6924967,-74.09224664999999,1.0,27.759583703833336,,0.0,120.0,1.0
168642,10501331,-74.146363544,4.55343147299999,KR 18N-CL 67A S 02,2019,Octubre,29,martes,15,0,Ciudad Bolívar,Atropello,,,Con Heridos,0,0,0,0,1,1,1,0,0,0,0,0,0,0,0,0,0,0,0,0,0,0,56.0,0.024105831546036755,2675.74730161008,CL6,AV.CARACAS;KR42,4.574981,-74.13556034999999,0.0,16.49193247096774,,0.0,124.0,0.0
168643,10501332,-74.147618219,4.57237759899999,CL 59-KR 27 E 2,2019,Octubre,30,miércoles,6,56,Ciudad Bolívar,Atropello,,,Con Heridos,0,0,0,0,1,0,1,0,0,0,1,0,0,0,0,0,0,0,0,0,0,0,56.0,0.01233571650079907,1369.2645315886969,CL6,AV.CARACAS;KR42,4.574981,-74.13556034999999,0.0,24.110507327500002,,0.0,116.0,0.0
168644,10501333,-74.119397784,4.64639826500002,CL 18A-KR 69 2,2019,Octubre,30,miércoles,0,52,Fontibón,Choque,Vehículo,,Con Heridos,0,0,0,0,0,1,0,0,0,0,0,0,0,0,0,0,0,0,0,0,0,0,102.0,0.0019021583240704891,211.1395739718243,DIAG16,CL17;KR129,4.64725615,-74.1210955,1.0,43.474389431,,0.0,120.0,1.0
168845,10498560,-74.094467082,4.621195,KR 36-CL 17A 2,2019,Octubre,1,martes,10,30,Puente Aranda,Choque,Vehículo,,Con Heridos,0,0,0,0,0,1,0,0,0,1,0,0,0,0,0,0,0,0,0,0,0,1,89.0,0.0031903349652768545,354.12718114573084,CL24,AV.AMERICAS;KR60,4.62170175,-74.09131725,1.0,17.116475209491526,,0.0,118.0,1.0
168846,10498561,-74.046179933,4.677284982,KR 11-CL 94 02,2019,Octubre,1,martes,19,20,Chapinero,Caida de ocupante,,,Con Heridos,0,0,0,0,0,0,0,0,0,0,1,0,1,0,0,1,0,0,0,0,0,0,1000098.0,0.005210114769722647,578.3227394392138,KR9,CL165;CL161,4.67476105,-74.0507379,0.0,24.59141908675,,0.0,120.0,0.0
168849,10498564,-74.125674868,4.60583320199999,AV AVENIDA PRIMERO DE MAYO-KR 52 2,2019,Octubre,1,martes,8,35,Puente Aranda,Choque,Vehículo,,Con Heridos,0,1,0,0,0,0,0,1,0,0,0,0,0,0,0,0,0,0,0,0,0,0,1000757.0,0.002989254626486499,331.80726354000143,AV.P.MAYO,KR69B;KR72,4.607809,-74.12791805,1.0,22.90657736,,0.0,118.0,1.0
168850,10498565,-74.194449644,4.60443063899999,CL 71-KR 79 S 02,2019,Octubre,1,martes,6,0,Bosa,Choque,Vehículo,,Con Heridos,0,1,0,0,0,1,0,0,0,0,0,0,0,0,0,0,0,0,0,0,0,0,1002284.0,0.007460553878233788,828.1214804839504,KR86,TV79D;CL57BSUR,4.61096955,-74.19804165,0.0,19.89900974875,,0.0,8.0,0.0
168852,10498567,-74.113200062,4.68604150200002,CL 64B-KR 88A 55,2019,Octubre,1,martes,8,20,Engativá,Choque,Vehículo,,Con Heridos,0,0,0,0,0,1,0,0,0,0,1,0,1,0,0,1,0,0,0,0,0,0,1000238.0,0.007559688859479267,839.1254634021985,CL134,KR58;KR53,4.68384265,-74.1204329,0.0,26.16419921516129,,0.0,124.0,0.0
168853,10498568,-74.174631059,4.59677747199999,AV AVENIDA DEL SUR-CL 57 S 02,2019,Octubre,1,martes,9,45,Bosa,Choque,Vehículo,,Con Heridos,0,0,0,0,0,1,0,0,0,0,0,0,0,0,0,0,0,0,0,0,0,0,149.0,0.007363767191305055,817.3781582348612,AV.CL59SUR,CL59SUR;KR81A,4.6025243,-74.1792353,0.0,24.05577411625,,0.0,8.0,0.0
168856,10498571,-74.080153985,4.70989152200002,AV AVENIDA BOYACA-CL 127 02,2019,Octubre,1,martes,18,50,Suba,Choque,Vehículo,,Con Heridos,1,0,0,0,0,0,0,0,0,0,1,0,1,0,0,1,0,0,0,0,0,0,150.0,0.0025810321120996156,286.49456444305736,CL53,KR70;CL63,4.71236735,-74.07942460000001,1.0,11.0533232996875,,0.0,32.0,1.0
168858,10498573,-74.039316178,4.71679879300001,CL 135-KR 12A 2,2019,Octubre,1,martes,8,30,Usaquén,Atropello,,,Con Heridos,0,0,0,0,0,0,1,1,0,0,0,0,0,0,0,0,0,0,0,0,0,0,137.0,0.003653696109733966,405.56026818047025,KR15,CL106;CL100,4.7144441,-74.03652245,1.0,8.62059941390244,,0.0,123.0,1.0
168859,10498574,-74.158268905,4.57719259599997,CL 68F-KR 49 S 02,2019,Octubre,1,martes,16,40,Ciudad Bolívar,Atropello,,,Con Heridos,0,0,0,0,0,1,1,0,0,0,0,0,0,0,0,0,0,0,0,0,0,0,1002276.0,0.005310475333051761,589.4627619687454,AV.VILLAVICENCIO,CL57BSUR;AV.P.MAYO,4.5824943,-74.158574,0.0,20.196497381,,0.0,10.0,0.0
168860,10498575,-74.060496909,4.66593472300002,AV AVENIDA PASEO DE LOS LIBERTADORES-CL 80 02,2019,Octubre,1,martes,19,50,Chapinero,Choque,Vehículo,,Con Heridos,1,0,0,0,0,0,0,0,0,0,1,0,1,1,0,0,0,1,0,0,0,0,1000693.0,0.00465969645485389,517.2263064887818,CL13,KR56;KR65,4.6657333,-74.06515225000001,1.0,22.747369782826087,,0.0,92.0,1.0
168861,10498576,-74.091,4.68360000000001,KR 69C-CL 72 02,2019,Octubre,1,martes,18,40,Engativá,Atropello,,,Con Heridos,0,0,0,0,1,0,1,0,0,0,1,0,0,0,0,0,0,0,0,0,0,0,1000999.0,0.0010288331266471399,114.20047705783253,CL80,KR112A;KR119,4.684189,-74.09184355,1.0,35.42798874864406,,0.0,118.0,1.0
168862,10498577,-74.126606847,4.60206296400003,CL 33-KR 51A S 84,2019,Octubre,1,martes,15,32,Puente Aranda,Atropello,,,Con Heridos,0,0,0,0,0,0,1,1,0,0,0,0,0,0,0,0,0,0,0,0,0,0,1000945.0,0.0009486591761411413,105.30116855166669,CL19,KR36;KR27,4.6023978,-74.12749445,1.0,29.461152613750002,,0.0,88.0,1.0
168863,10498578,-74.115614446,4.66157218699999,AV AVENIDA BOYACA-CL 24 02,2019,Octubre,1,martes,18,10,Fontibón,Atropello,,,Con Muertos,1,0,0,0,0,0,1,0,0,0,0,0,0,0,0,0,0,0,0,0,0,0,61.0,0.005650987240126849,627.2595836540802,CL19,KR36;KR5,4.65795775,-74.11995834999999,0.0,15.939407356206896,,0.0,116.0,0.0
168865,10498580,-74.145249808,4.59194918100002,TR 60-CL 49A S 16,2019,Octubre,1,martes,6,50,Tunjuelito,Caida de ocupante,,,Con Heridos,0,0,0,0,0,0,0,1,0,0,1,0,1,0,0,1,0,0,0,0,1,0,1000297.0,0.002245937929967864,249.2991102264329,CL1,KR21;AV.CARACAS,4.59354105,-74.14366545,1.0,25.413632846379308,,0.0,116.0,1.0
168866,10498581,-74.122213866,4.66968499699999,KR 82-CL 24A 2,2019,Octubre,1,martes,8,0,Fontibón,Caida de ocupante,,,Con Heridos,0,0,0,0,0,0,0,0,0,0,1,0,0,0,0,0,0,0,0,0,0,0,3.0,0.003274476837822096,363.4669289982527,CL72,KR65;KR7,4.669261949999999,-74.12546090000001,1.0,12.217495418629031,,0.0,124.0,1.0
168867,10498953,-74.087543226,4.61946826899998,KR 30-CL 19 02,2019,Octubre,5,sábado,17,45,Los Mártires,Atropello,,,Con Heridos,0,0,0,0,0,0,1,0,0,0,1,0,1,1,0,0,0,1,0,0,0,0,1001990.0,0.002232371856781865,247.79327610278702,NQS,GRAL.SANTANDER;CL38ASUR,4.6181546,-74.0857383,1.0,39.1471335382906,,0.0,117.0,1.0
168868,10498954,-74.133303343,4.66231084999998,AV AVENIDA CIUDAD DE CALI-CL 19 2,2019,Octubre,4,viernes,23,25,Fontibón,Choque,Vehículo,,Con Heridos,1,0,0,0,0,0,0,1,0,0,0,0,0,0,0,0,0,0,0,0,0,0,1001016.0,2.4863927600959663e-06,0.27598959637065223,KR72,CL127;CL75,4.6623088,-74.13330475000001,1.0,50.56750152714285,,0.0,112.0,1.0
168869,10498955,-74.086427337,4.67663042200002,KR 68-CL 67F 2,2019,Octubre,6,domingo,22,20,Barrios Unidos,Atropello,,,Con Heridos,0,0,0,0,1,0,1,0,0,0,0,0,0,0,0,0,0,0,0,0,0,0,1000190.0,0.0014738346861406732,163.5956501616147,KR9,CL140;CL147,4.67592,-74.08771865,1.0,32.3712407375,,0.0,120.0,1.0
168870,10498956,-74.175147066,4.61405259700001,KR 80-CL 56 S 02,2019,Octubre,5,sábado,7,15,Kennedy,Atropello,,,Con Heridos,0,0,0,0,0,1,1,0,0,0,0,0,0,0,0,0,0,0,0,0,0,0,149.0,0.012231732868211075,1357.7223483714292,AV.CL59SUR,CL59SUR;KR81A,4.6025243,-74.1792353,0.0,23.46657685375,,0.0,8.0,0.0
168871,10498957,-74.074948458,4.66696388499997,KR 50-CL 71A 2,2019,Octubre,5,sábado,7,10,Barrios Unidos,Choque,Vehículo,,Con Heridos,1,0,0,0,0,0,0,0,0,0,0,0,0,0,0,0,0,0,0,0,0,0,1000201.0,0.003169651265195228,351.8312904366703,KR7,CL175;CL170,4.6690147500000005,-74.0773652,1.0,22.67229246317073,,0.0,123.0,1.0
168872,10498958,-74.116250284,4.588369887,KR 27-CL 31 S 2,2019,Octubre,6,domingo,11,57,Antonio Nariño,Caida de ocupante,,,Con Heridos,0,0,0,0,0,0,0,0,0,0,1,0,1,0,0,1,0,0,0,0,0,0,1000328.0,0.008505809117571036,944.144812050385,AV.P.MAYO,AV.CARACAS;DIAG19SUR,4.5827155,-74.12260455,0.0,9.997024516341463,,0.0,123.0,0.0
168873,10498959,-74.166465287,4.64592276000002,CL 26-KR 91C S 02,2019,Octubre,5,sábado,7,0,Kennedy,Atropello,,,Con Heridos,0,0,0,0,0,1,1,0,0,0,0,0,0,0,0,0,0,0,0,0,0,0,1000981.0,0.01057745958035111,1174.0980134189733,DIAG16,KR90;KR97,4.6495069,-74.176417,0.0,37.86135810268293,,0.0,123.0,0.0
168874,10498960,-74.062347343,4.60337549100001,AV AVENIDA CIRCUNVALAR-CL 22 2,2019,Octubre,6,domingo,6,50,Candelaria,Atropello,,,Con Heridos,0,0,0,0,0,1,1,0,0,0,0,0,0,0,0,0,0,0,0,0,0,0,2.0,0.007853956770082993,871.7892014792122,KR7,CL32;CL188,4.60499885,-74.0700317,0.0,26.875906649702973,,0.0,101.0,0.0
168875,10498961,-74.113586726,4.71155608599997,CL 80-KR 102 2,2019,Octubre,4,viernes,16,0,Engativá,Choque,Vehículo,,Con Heridos,0,0,0,0,0,0,0,0,0,0,0,0,0,0,0,0,0,0,0,0,0,0,1000723.0,0.013768597645557214,1528.3143386568509,KR86,CL10;AV.AMERICAS,4.6984233,-74.11772245,0.0,9.034897997777778,,0.0,117.0,0.0
168876,10498962,-74.027627476,4.75884098,CL 182-KR 7B 2,2019,Octubre,6,domingo,20,20,Usaquén,Atropello,,,Con Heridos,0,0,0,0,1,0,1,0,0,0,0,0,0,0,0,0,0,0,0,0,0,0,1000088.0,0.0045237439791690395,502.13558168776336,KR19,CL159;CL152,4.7601672,-74.03195245,1.0,18.372649921166666,,0.0,120.0,1.0
168877,10498963,-74.160412076,4.637165482,CL 33-KR 86 S 02,2019,Octubre,5,sábado,20,5,Kennedy,Atropello,,,Con Heridos,0,0,0,0,0,1,1,0,0,0,0,0,0,0,0,0,0,0,0,0,0,0,148.0,0.009022068980277846,1001.4496568108409,AV.CL59SUR,KR81A;CL59SUR,4.6285372,-74.1577757,0.0,13.1884012075,,0.0,8.0,0.0
168878,10498964,-74.104091105,4.54846589599998,CL 52A-KR 5BBIS S 2,2019,Octubre,4,viernes,15,30,Rafael Uribe Uribe,Choque,Objeto Fijo,Tren,Con Heridos,0,0,0,0,1,0,0,0,0,0,0,0,0,0,0,0,0,0,0,0,0,0,58.0,0.013779680542614074,1529.5445402301623,CL13,AV.CARACAS;KR128,4.5547492,-74.09182735,0.0,17.101859671626013,,0.0,123.0,0.0
168879,10498965,-74.171594328,4.62472274100003,KR 81J-CL 46 S 02,2019,Octubre,5,sábado,7,30,Kennedy,Atropello,,,Con Heridos,0,0,0,0,0,0,1,0,0,0,0,0,0,0,0,0,0,0,0,0,0,0,148.0,0.014335430836383037,1591.2328228385172,AV.CL59SUR,KR81A;CL59SUR,4.6285372,-74.1577757,0.0,17.75568922,,0.0,8.0,0.0
168880,10498966,-74.142515743,4.563979502,DG 62-AK 20A S 2,2019,Octubre,5,sábado,17,0,Ciudad Bolívar,Atropello,,,Con Heridos,0,0,0,0,0,1,1,1,0,0,0,0,0,0,0,0,0,0,0,0,0,0,56.0,0.013015776965999431,1444.7512432259368,CL6,AV.CARACAS;KR42,4.574981,-74.13556034999999,0.0,17.159014918083336,,0.0,120.0,0.0
168881,10498967,-74.124224973,4.607245987,KR 52-CL 21 S 02,2019,Octubre,5,sábado,20,0,Puente Aranda,Atropello,,,Con Heridos,0,0,0,0,0,1,1,0,0,0,0,0,0,0,0,0,0,0,0,0,0,0,1001724.0,0.0028042562140867394,311.2724397636281,CL68,KR24;KR58,4.6075555,-74.12143785,1.0,26.394855262833335,,0.0,120.0,1.0
168882,10498968,-74.13792806,4.58996356400002,KR 52-CL 50A S 2,2019,Octubre,5,sábado,1,10,Rafael Uribe Uribe,Choque,Vehículo,,Con Heridos,0,0,0,0,0,0,0,0,0,1,0,0,0,0,0,0,0,0,0,0,0,1,1002273.0,0.0025247083356569337,280.24262525791966,AV.VILLAVICENCIO,AV.P.MAYO;CL57BSUR,4.5920865,-74.13929455,1.0,38.536790207500005,,0.0,8.0,1.0
168883,10498969,-74.077156006,4.60923537600002,CL 19-KR 15 02,2019,Octubre,5,sábado,23,40,Los Mártires,Atropello,,,Con Heridos,0,0,0,0,0,0,1,0,0,0,1,0,1,0,0,1,0,0,0,0,0,0,41.0,0.002011395445287342,223.26489442689498,CL39,KR7;AV.CARACAS,4.61057625,-74.07565675000001,1.0,16.3969730515,,0.0,120.0,1.0
168884,10498970,-74.118104078,4.56980017199999,TR 13A-AC 43 S 2,2019,Octubre,6,domingo,3,30,Rafael Uribe Uribe,Choque,Vehículo,,Con Heridos,0,0,0,0,0,1,0,0,0,0,0,0,0,0,0,0,0,0,0,0,0,0,1000325.0,0.005539300840740583,614.8623933222046,AV.CARACAS,AV.PRIMERO_MAYO;CL11SUR,4.57490245,-74.11594754999999,0.0,38.548143369669425,,0.0,121.0,0.0
168885,10498971,-74.147760725,4.67504605900001,KR 104-CL 17 2,2019,Octubre,4,viernes,10,50,Fontibón,Caida de ocupante,,,Con Heridos,0,0,0,0,0,0,0,1,0,0,1,0,1,0,1,0,0,0,0,0,0,0,1001347.0,0.004631063110481011,514.0480052633923,DIAG16,KR97;KR106,4.6757841,-74.14318885,1.0,22.890545999752064,,0.0,121.0,1.0
168886,10498973,-74.104201605,4.70871797900003,TR 94-CL 82A 02,2019,Octubre,5,sábado,6,2,Engativá,Choque,Vehículo,,Con Heridos,1,0,0,0,0,0,0,0,0,0,0,0,0,0,0,0,0,0,0,0,0,0,1000963.0,0.008574391183578823,951.7574213772493,CL72,KR64;KR70,4.7019356,-74.0989557,0.0,25.22023222672414,,0.0,116.0,0.0
168888,10498975,-74.061890698,4.70792294500001,CL 127-KR 53A 02,2019,Octubre,5,sábado,16,0,Suba,Atropello,,,Con Heridos,0,0,0,0,0,0,1,0,0,0,0,0,0,0,0,0,0,0,0,0,0,0,1000970.0,0.005103520356448117,566.490759565741,CL34,KR19;AV.CARACAS,4.705220199999999,-74.0575616,0.0,10.531844700499999,,0.0,120.0,0.0
168889,10498976,-74.119240123,4.52658387600002,CL 68B-KR 13 S 2,2019,Octubre,4,viernes,12,0,Usme,Atropello,,,Con Heridos,0,0,0,0,0,1,1,0,0,0,0,0,0,0,0,0,0,0,0,0,0,0,1001959.0,0.01140496213205994,1265.9507966586534,"CL19,KR3",KR5;CL22,4.5343054,-74.1108466,0.0,12.495440150241937,,0.0,124.0,0.0
168890,10498978,-74.152,4.62060000000002,KR 79-CL 38B S 2,2019,Octubre,5,sábado,16,40,Kennedy,Atropello,,,Con Heridos,0,0,0,0,0,1,1,0,0,0,0,0,0,0,0,0,0,0,0,0,0,0,79.0,0.0016805810542585271,186.5444970226965,AV.AMERICAS;KR80,KR86;CL55SUR,4.6222152,-74.1524642,1.0,13.503727674,,0.0,120.0,1.0
168891,10499345,-74.126596802,4.64939625800002,AV AVENIDA BOYACA-CL 13 2,2019,Octubre,9,miércoles,8,47,Fontibón,Choque,Vehículo,,Solo Daños,0,0,0,0,0,0,0,0,0,0,1,0,1,0,0,1,0,0,0,0,0,0,1000775.0,0.0008799880933523801,97.6786783621142,CL17,KR128;KR123,4.65006275,-74.1260222,1.0,22.42711055466667,,0.0,120.0,1.0
168892,10499346,-74.152010768,4.64444243999998,AV AVENIDA CIUDAD DE CALI-CL 7A 2,2019,Octubre,9,miércoles,14,51,Kennedy,Choque,Vehículo,,Solo Daños,0,0,0,0,0,0,0,0,0,0,1,0,1,0,0,1,0,0,0,0,0,0,124.0,0.007962086683267082,883.7916218426461,CL66A,KR86;KR72,4.652358850000001,-74.1528624,0.0,9.2385866147,,0.0,100.0,0.0
168893,10499347,-74.050758182,4.718795876,CL 134-KR 23 02,2019,Octubre,9,miércoles,17,45,Usaquén,Choque,Vehículo,,Solo Daños,0,0,0,0,0,0,0,0,0,0,0,0,0,0,0,0,0,0,0,0,0,0,1000173.0,0.0009024120013628434,100.16773215127562,KR15,CL106;CL127,4.71847495,-74.0516016,1.0,11.905736268275861,,0.0,116.0,1.0
168894,10499348,-74.087827473,4.67446584100003,KR 68-CL 68 2,2019,Octubre,9,miércoles,12,19,Barrios Unidos,Choque,Vehículo,,Solo Daños,0,0,0,0,0,0,0,1,0,0,0,0,0,0,0,0,0,0,0,0,0,0,1000190.0,0.0014582252372395464,161.86300133358966,KR9,CL140;CL147,4.67592,-74.08771865,1.0,28.29981113566667,,0.0,120.0,1.0
168895,10499349,-74.15506671,4.62332517999999,CL 38C-KR 78M S 2,2019,Octubre,9,miércoles,8,1,Kennedy,Choque,Vehículo,,Solo Daños,0,0,0,0,0,0,0,0,0,1,1,0,0,0,0,0,0,0,0,0,0,1,79.0,0.0028293309987507376,314.05574086133186,AV.AMERICAS;KR80,KR86;CL55SUR,4.6222152,-74.1524642,1.0,15.533607118306453,,0.0,124.0,1.0
168896,10499350,-74.09856168,4.69080771300003,KR 76-CL 72A 2,2019,Octubre,8,martes,13,49,Engativá,Choque,Vehículo,,Solo Daños,0,1,0,0,0,0,0,0,0,0,0,0,0,0,0,0,0,0,0,0,0,0,1000748.0,0.0057878031635332835,642.4461511521945,KR68,CL3;CL13,4.692486049999999,-74.1041008,0.0,22.491201167024794,,0.0,121.0,0.0
168897,10499351,-74.11249637,4.65616825799998,KR 69B-CL 24 2,2019,Octubre,9,miércoles,22,0,Fontibón,Choque,Vehículo,,Solo Daños,0,0,0,0,0,0,0,0,0,0,1,0,1,0,0,1,0,0,0,0,0,0,1000196.0,0.005659756448140344,628.2329657435781,CL134,KR7;KR9,4.6586908000000005,-74.10742985,0.0,31.114087601666665,,0.0,120.0,0.0
168898,10499352,-74.030135435,4.71202948500002,CL 134-KR 7 02,2019,Octubre,9,miércoles,16,14,Usaquén,Choque,Vehículo,,Solo Daños,0,0,0,0,0,0,0,0,0,0,0,0,0,0,0,0,0,0,0,0,0,0,1000051.0,0.0065441683853799315,726.4026907771724,CL116,KR15;KR11,4.7180052,-74.0328032,0.0,18.21724291722689,,0.0,119.0,0.0
168899,10499353,-74.065066447,4.74244803900001,AV AVENIDA BOYACA-CL 153 2,2019,Octubre,8,martes,13,40,Suba,Choque,Vehículo,,Solo Daños,0,0,0,0,0,0,0,0,0,0,0,0,0,0,0,0,0,0,0,0,0,0,8.0,0.007804250954587942,866.2718559592615,KR15,CL127;CL106,4.735977800000001,-74.0694302,0.0,10.704431081475411,,0.0,122.0,0.0
168900,10499354,-74.162038345,4.63894945800001,CL 33-KR 87C S 2,2019,Octubre,9,miércoles,21,30,Kennedy,Choque,,,Solo Daños,0,0,0,0,0,0,0,0,0,1,0,0,0,0,0,0,0,0,0,0,0,1,148.0,0.011251011468075287,1248.862272956357,AV.CL59SUR,KR81A;CL59SUR,4.6285372,-74.1577757,0.0,17.33314592125,,0.0,8.0,0.0
168901,10499355,-74.107014786,4.58227126600002,CL 26-KR 20 S 02,2019,Octubre,9,miércoles,11,40,Rafael Uribe Uribe,Choque,Vehículo,,Con Heridos,0,0,0,0,0,1,0,0,0,0,0,0,0,0,0,0,0,0,0,0,0,0,1000314.0,0.0023022137534057263,255.54572662803562,CL19,KR5;KR10,4.5844906000000005,-74.10762695,1.0,9.722691517264957,,0.0,117.0,1.0
168902,10499356,-74.139017882,4.675347445,KR 97-CL 22A 2,2019,Octubre,8,martes,12,40,Fontibón,Choque,Vehículo,,Con Heridos,0,0,0,0,0,1,0,0,0,0,0,0,0,0,0,0,0,0,0,0,0,0,1001347.0,0.004193762230506526,465.5076075862244,DIAG16,KR97;KR106,4.6757841,-74.14318885,1.0,24.61224901612903,,0.0,124.0,1.0
168904,10499358,-74.158100355,4.622771747,KR 79-CL 40B S 04,2019,Octubre,8,martes,12,28,Kennedy,Choque,Vehículo,,Con Heridos,0,1,0,0,0,1,0,1,0,0,0,0,0,0,0,0,0,0,0,0,0,0,79.0,0.005663566698405487,628.6559035230091,AV.AMERICAS;KR80,KR86;CL55SUR,4.6222152,-74.1524642,0.0,12.604776611626015,,0.0,123.0,0.0
168905,10499359,-74.06838697,4.65398697400002,KR 19-CL 64 2,2019,Octubre,9,miércoles,19,4,Barrios Unidos,Choque,Vehículo,,Con Heridos,0,0,0,0,0,1,0,0,0,0,0,0,0,0,0,0,0,0,0,0,0,0,1000959.0,0.0010124869844105537,112.38605526957146,KR50,CL24;CL53,4.653171,-74.0689864,1.0,31.1901853555,,0.0,120.0,1.0
168906,10499360,-74.120391583,4.65624230700001,KR 72-CL 22 02,2019,Octubre,9,miércoles,23,15,Fontibón,Choque,Vehículo,,Con Heridos,0,0,0,0,0,1,0,0,0,1,0,0,0,0,0,0,0,0,0,0,0,1,61.0,0.0017693036818223987,196.39270868228627,CL19,KR36;KR5,4.65795775,-74.11995834999999,1.0,26.82618467086207,,0.0,116.0,1.0
168907,10499361,-74.106579345,4.59171535799999,KR 27-CL 17 S 02,2019,Octubre,9,miércoles,6,21,Antonio Nariño,Choque,Vehículo,,Con Heridos,0,0,0,0,0,1,0,0,0,0,0,0,0,0,0,0,0,0,0,0,0,0,1000977.0,0.0022357157526537133,248.1644485445622,KR24,CL63;CL72,4.5923447500000005,-74.10443405000001,1.0,23.541840821896553,,0.0,116.0,1.0
168908,10499362,-74.085797045,4.58549093599999,KR 8B-CL 2A S 2,2019,Octubre,8,martes,19,27,San Cristóbal,Choque,Vehículo,,Con Heridos,0,0,0,0,0,1,0,0,0,1,0,0,0,0,0,0,0,0,0,0,0,1,104.0,0.003525932221656689,391.37847660389247,CL80,AV.CARACAS;KR119,4.5855397,-74.08227145000001,1.0,18.64468387575,,0.0,120.0,1.0
168909,10499363,-74.095879903,4.59405102900001,CL 1-KR 22 02,2019,Octubre,9,miércoles,6,31,Antonio Nariño,Choque,Vehículo,,Con Heridos,0,0,0,0,0,1,0,0,0,0,1,0,0,0,0,0,0,0,0,0,0,0,1000247.0,0.0018635668434568294,206.85591962370808,AV.CARACAS,CL39;CL34,4.595314950000001,-74.09724935,1.0,22.743892345043477,,0.0,115.0,1.0
168910,10499364,-74.112411142,4.667659474,CL 26-KR 72 2,2019,Octubre,8,martes,13,3,Fontibón,Choque,Vehículo,,Con Heridos,0,0,0,0,0,1,0,0,0,0,1,0,1,0,0,1,0,0,0,0,0,0,92.0,0.005294273769127211,587.6643883731205,"KR50,TV42,TV39",CL6;CL19,4.6708416,-74.1081799,0.0,16.664859341788617,,0.0,123.0,0.0
168911,10499365,-74.119629084,4.71946931999997,AC 80-KR 112 2,2019,Octubre,9,miércoles,5,50,Engativá,Choque,Vehículo,,Con Heridos,0,0,0,0,0,1,0,0,0,0,1,0,0,0,0,0,0,0,0,0,0,0,103.0,0.014756230912263581,1637.9416312612575,DIAG16,KR129;CL17,4.71384325,-74.1332707,0.0,30.51246988401639,,0.0,122.0,0.0
168912,10499366,-74.172193995,4.63793974200001,CL 42A-KR 89C S 02,2019,Octubre,9,miércoles,6,39,Kennedy,Choque,Vehículo,,Con Heridos,0,0,0,0,0,1,0,0,0,0,0,0,0,0,0,0,0,0,0,0,0,0,1000981.0,0.012313931761495402,1366.8464255259896,DIAG16,KR90;KR97,4.6495069,-74.176417,0.0,38.68951394059829,,0.0,117.0,0.0
168913,10499367,-74.130510149,4.64648921600002,AV AVENIDA BOYACA-CL 15 2,2019,Octubre,8,martes,18,59,Kennedy,Choque,Vehículo,,Con Heridos,0,0,0,0,0,1,0,1,0,0,0,1,0,0,0,0,0,0,0,0,0,0,1000995.0,0.0018355101330995377,203.7416247740487,CL80,KR96;KR102,4.6449201,-74.1314625,1.0,15.62272157882353,,0.0,102.0,1.0
168914,10499368,-74.076187943,4.73312126899998,CL 145-KR 77 2,2019,Octubre,8,martes,18,30,Suba,Choque,Vehículo,,Con Muertos,0,1,0,0,0,1,0,0,0,0,0,0,0,0,0,0,0,0,0,0,0,0,1002291.0,0.0034419410957372666,382.0554616268366,CL53,KR72;KR70,4.7361884,-74.074626,1.0,6.63742055,,0.0,4.0,1.0
168915,10499369,-74.065238464,4.647154532,CL 60-KR 14 02,2019,Octubre,9,miércoles,5,3,Chapinero,Choque,Vehículo,,Con Heridos,0,0,0,0,0,0,0,1,0,0,1,0,1,0,0,1,0,0,0,0,0,0,1002025.0,0.0030449359166488223,337.98788674801926,AUTONORTE,SANTA.FE;TOBERIN,4.64911745,-74.06756625,1.0,51.4025308195082,,0.0,122.0,1.0
168916,10499738,-74.109040578,4.68972541699998,KR 86-CL 66A 2,2019,Octubre,11,viernes,18,15,Engativá,Choque,Vehículo,,Solo Daños,0,0,0,0,0,0,0,0,0,0,0,0,0,0,0,0,0,0,0,0,0,0,1001872.0,0.004728344335024925,524.8462211877667,KR86,CL64BIS;CL66A,4.6942582,-74.1076948,1.0,14.992910731344537,,0.0,119.0,1.0
168917,10499739,-74.137943004,4.55646858099999,CL 61-KR 18K S 25,2019,Octubre,12,sábado,11,30,Ciudad Bolívar,Choque,Objeto Fijo,Tren,Solo Daños,0,0,0,0,0,0,0,0,0,0,0,0,0,0,0,0,0,0,0,0,0,0,56.0,0.0186651198044818,2071.82829829748,CL6,AV.CARACAS;KR42,4.574981,-74.13556034999999,0.0,17.94925906909836,,0.0,122.0,0.0
168918,10499740,-74.120654993,4.66691461300002,CL 24-KR 80B 02,2019,Octubre,11,viernes,11,56,Fontibón,Choque,,,Solo Daños,0,1,0,0,0,0,0,0,0,0,0,0,0,0,0,0,0,0,0,0,0,0,3.0,0.0053485262534804495,593.6864141363299,CL72,KR65;KR7,4.669261949999999,-74.12546090000001,0.0,11.856059081803279,,0.0,122.0,0.0
168919,10499741,-74.066873853,4.74747521400002,CL 163-KR 73 02,2019,Octubre,12,sábado,9,10,Suba,Choque,Vehículo,,Solo Daños,0,0,0,0,0,0,0,1,0,0,0,0,0,0,0,0,0,0,0,0,0,0,1000764.0,0.008398995752874488,932.2885285690681,KR80,CL55SUR;CL43SUR,4.7477516,-74.0752683,0.0,16.230880791612904,,0.0,124.0,0.0
168920,10499742,-74.09482544,4.72812209300002,CL 129C-KR 96 02,2019,Octubre,12,sábado,12,30,Suba,Choque,Vehículo,,Solo Daños,0,0,0,0,0,0,0,1,0,1,0,0,0,0,0,0,0,0,0,0,0,1,1000732.0,0.0036161496659829124,401.3926129241033,KR86,CL90;CL85,4.7284309,-74.0912225,1.0,20.759590932258067,,0.0,124.0,1.0
168921,10499743,-74.151,4.68369999999999,CL 26-KR 113 02,2019,Octubre,11,viernes,8,5,Fontibón,Choque,Vehículo,,Solo Daños,0,0,0,0,0,0,0,0,0,0,0,0,0,0,0,0,0,0,0,0,0,0,95.0,0.006341783019399913,703.9379151533903,AV.SUBA,KR94;SAN.MARTIN,4.68681675,-74.15652305,0.0,23.484927467355373,,0.0,121.0,0.0
168922,10499744,-74.097684815,4.60729177100001,KR 30-CL 6 02,2019,Octubre,11,viernes,5,40,Los Mártires,Choque,Vehículo,,Solo Daños,0,0,0,0,0,0,0,0,0,0,0,0,0,0,0,0,0,0,0,0,0,0,1001001.0,0.0008664535317363758,96.17634202273771,CL24,KR40;AV.AMERICAS,4.60802425,-74.09814765,1.0,26.632171524067797,,0.0,118.0,1.0
168923,10499745,-74.153412406,4.676080039,CL 13-KR 109 02,2019,Octubre,12,sábado,0,0,Fontibón,Choque,Vehículo,,Solo Daños,0,0,1,0,0,1,0,0,0,1,0,0,0,0,0,0,0,0,0,0,0,1,1000982.0,0.004752641432770219,527.5431990374943,DIAG16,KR123;KR106,4.67875865,-74.15733829999999,1.0,50.1705575965,,0.0,120.0,1.0
168924,10499746,-74.160221981,4.63957480300002,KR 87-CL 5A S 02,2019,Octubre,12,sábado,10,30,Kennedy,Choque,Vehículo,,Solo Daños,0,0,0,0,0,0,0,1,0,0,1,0,1,0,0,1,0,0,0,0,0,0,148.0,0.01130543987277922,1254.9038258784933,AV.CL59SUR,KR81A;CL59SUR,4.6285372,-74.1577757,0.0,25.0910332925,,0.0,8.0,0.0
168925,10499747,-74.130661969,4.61752920700002,CL 19-KR 69C S 04,2019,Octubre,12,sábado,0,23,Kennedy,Choque,Vehículo,,Solo Daños,0,0,0,0,0,0,0,0,0,0,0,0,0,0,0,0,0,0,0,0,0,0,138.0,0.0005712013328192543,63.40334794293722,"CL19,KR3",KR5;CL22,4.6173525,-74.13120515,1.0,22.474933306833336,,0.0,120.0,1.0
168926,10499748,-74.102055032,4.75480838099998,KR 115-CL 151A 02,2019,Octubre,12,sábado,20,20,Suba,Choque,Vehículo,,Solo Daños,0,0,0,0,0,0,0,1,0,0,1,0,0,0,0,0,0,0,0,0,1,0,1001707.0,0.01422907237654789,1579.427033796816,AV.SUBA,CL136;CL127,4.7425033,-74.09491,0.0,43.88691599304347,,0.0,115.0,0.0
168927,10499749,-74.113455911,4.61519240799998,TR 42-CL 3 02,2019,Octubre,12,sábado,2,50,Puente Aranda,Choque,Vehículo,,Solo Daños,0,0,0,0,0,0,0,0,0,1,0,0,0,0,0,0,0,0,0,0,0,1,1000332.0,0.00339843803483599,377.2266218667949,CL11SUR,KR7;KR10,4.6123352,-74.11529594999999,1.0,29.646526382166666,,0.0,120.0,1.0
168928,10499750,-74.129156978,4.65202297500002,CL 13-KR 76 2,2019,Octubre,11,viernes,5,44,Fontibón,Choque,Vehículo,,Solo Daños,0,1,0,0,0,0,0,0,0,0,1,0,0,0,0,0,0,0,0,0,0,0,1000775.0,0.0036972036946870566,410.3896101102633,CL17,KR128;KR123,4.65006275,-74.1260222,1.0,24.448511165333333,,0.0,120.0,1.0
168929,10499751,-74.031955339,4.73817857199998,CL 161-KR 9 02,2019,Octubre,12,sábado,10,28,Usaquén,Choque,Vehículo,,Solo Daños,0,0,0,0,0,0,0,0,0,0,0,0,0,0,0,0,0,0,0,0,0,0,1000081.0,0.0011350091907738995,125.98602017590284,KR19,CL116;CL127,4.7391552,-74.03253365,1.0,18.206419737851242,,0.0,121.0,1.0
168930,10499752,-74.126181514,4.561440506,CL 53-KR 12C S 02,2019,Octubre,10,jueves,11,10,Tunjuelito,Choque,Vehículo,,Solo Daños,0,0,0,0,0,0,0,0,0,0,0,0,0,0,0,0,0,0,0,0,0,0,39.0,0.011008026399532285,1221.8909303480837,AV.CARACAS,AV.P.MAYO;CL80,4.5552695,-74.11706585,0.0,15.755074245084744,,0.0,118.0,0.0
168931,10499753,-74.028511687,4.73793877200001,CL 161A-KR 8C 02,2019,Octubre,12,sábado,13,1,Usaquén,Choque,Vehículo,,Solo Daños,0,0,0,0,0,0,0,0,0,0,0,0,0,0,0,0,0,0,0,0,0,0,1000081.0,0.004201890461747446,466.4098412539665,KR19,CL116;CL127,4.7391552,-74.03253365,1.0,13.165829779516129,,0.0,124.0,1.0
168932,10499754,-74.048844005,4.73465485999998,AV AVENIDA PASEO DE LOS LIBERTADORES-CL 152 02,2019,Octubre,11,viernes,10,36,Usaquén,Choque,Vehículo,,Solo Daños,0,0,0,0,0,0,0,0,0,0,0,0,0,0,0,0,0,0,0,0,0,0,1000175.0,0.0055580718356537575,616.9459737575671,CL106,KR19;KR15,4.73962495,-74.05133205,0.0,14.834043934132232,,0.0,121.0,0.0
168933,10499755,-74.106925775,4.579241932,AV AVENIDA CARACAS-CL 27 S 2,2019,Octubre,11,viernes,19,0,Rafael Uribe Uribe,Choque,Vehículo,,Solo Daños,0,0,0,0,0,0,0,0,0,1,0,0,0,0,0,0,0,0,0,0,0,1,1000314.0,0.005295296229188203,587.7778814398905,CL19,KR5;KR10,4.5844906000000005,-74.10762695,0.0,12.972399803596492,,0.0,114.0,0.0
168934,10499756,-74.181775825,4.60416666399999,CL 63-KR 78G S 02,2019,Octubre,12,sábado,15,0,Bosa,Choque,Vehículo,,Solo Daños,0,0,0,0,0,0,0,0,0,0,0,0,0,0,0,0,0,0,0,0,0,0,149.0,0.0030251655796158902,335.79337933736383,AV.CL59SUR,CL59SUR;KR81A,4.6025243,-74.1792353,1.0,19.109635897,,0.0,10.0,1.0
168935,10499757,-74.098033342,4.58558801200002,KR 16-CL 14A S 02,2019,Octubre,11,viernes,17,40,Antonio Nariño,Choque,Vehículo,,Solo Daños,0,0,0,0,0,0,0,1,0,0,0,0,0,0,0,0,0,0,0,0,0,0,1000289.0,0.003457810272517591,383.8169402494526,AV.CARACAS,CL13;CL19,4.5821952,-74.09736605,1.0,14.790636848017241,,0.0,116.0,1.0
168936,10499758,-74.07088743,4.70601241200001,AV AVENIDA SUBA-CL 120 2,2019,Octubre,11,viernes,11,3,Suba,Choque,Vehículo,,Solo Daños,0,0,0,0,0,0,0,0,0,0,0,0,0,0,0,0,0,0,0,0,0,0,1000969.0,0.0007630713729597763,84.70092239853517,"CL34,AV.AMERICAS",KR19;KR28,4.706773350000001,-74.07094445000001,1.0,15.940476072601626,,0.0,123.0,1.0
168937,10499759,-74.046076265,4.75287280499998,AV AVENIDA PASEO DE LOS LIBERTADORES-CL 172 02,2019,Octubre,12,sábado,8,30,Usaquén,Choque,Vehículo,,Solo Daños,0,0,0,0,0,0,0,0,0,0,0,0,0,0,0,0,0,0,0,0,0,0,1000087.0,0.007732123769027915,858.2657383620985,KR19,CL147;CL152,4.7597534,-74.04960375,0.0,18.901305023083335,,0.0,120.0,0.0
168938,10499760,-74.19660651,4.620581899,KR 87C-CL 70A S 27,2019,Octubre,15,martes,18,10,Bosa,Choque,Vehículo,,Con Muertos,1,0,0,0,0,0,0,0,0,0,1,0,1,0,0,0,1,0,0,0,1,0,76.0,0.004488769792748545,498.2534469950885,KR86,CL57BSUR;KR91,4.616729,-74.1989096,1.0,14.164180577264958,,0.0,117.0,1.0
168939,10499761,-74.040446197,4.78908105099998,AK 45-CL 209 2,2019,Octubre,10,jueves,5,0,Usaquén,Choque,Vehículo,,Solo Daños,0,0,0,0,0,0,0,0,0,0,0,0,0,0,0,0,0,0,0,0,0,0,35.0,0.017935237459804035,1990.8113580382478,KR72,CL170;CL43AS,4.7881347000000005,-74.05835645,0.0,36.567414275750004,,0.0,120.0,0.0
168942,10500129,-74.051723097,4.71900957999998,AK 45-CL 134 2,2019,Octubre,13,domingo,13,20,Usaquén,Choque,Vehículo,,Solo Daños,0,0,0,0,0,0,0,1,0,0,0,0,0,0,0,0,0,0,0,0,0,0,1000173.0,0.0005482615779808761,60.85703515587725,KR15,CL106;CL127,4.71847495,-74.0516016,1.0,11.897170864836067,,0.0,122.0,1.0
168943,10500130,-74.18519891,4.61774351600002,KR 84-CL 58C S 02,2019,Octubre,18,viernes,5,27,Kennedy,Choque,Vehículo,,Con Muertos,0,1,0,0,0,1,0,0,0,0,0,0,0,0,0,0,0,0,0,0,0,0,76.0,0.013748173078278329,1526.0472116888945,KR86,CL57BSUR;KR91,4.616729,-74.1989096,0.0,20.3727251371028,,0.0,107.0,0.0
168944,10500131,-74.111500079,4.51237684500001,CL 76A-KR 8B S 02,2019,Octubre,14,lunes,12,50,Usme,Choque,Vehículo,,Solo Daños,0,0,0,0,0,1,0,0,0,0,0,0,0,0,0,0,0,0,0,0,0,0,1001959.0,0.021938289796404248,2435.1501674008714,"CL19,KR3",KR5;CL22,4.5343054,-74.1108466,0.0,12.495440150241937,,0.0,124.0,0.0
168945,10500132,-74.112573862,4.67934208999998,TR 85-CL 53 2,2019,Octubre,16,miércoles,12,30,Engativá,Choque,Vehículo,,Solo Daños,0,0,0,0,0,0,0,0,0,0,0,0,0,0,0,0,0,0,0,0,0,0,1000227.0,0.0030999038096346334,344.0893228694443,KR72,CL170;CL169,4.67854075,-74.1155684,1.0,28.212096963225807,,0.0,124.0,1.0
168946,10500133,-74.12066171,4.53516154099998,KR 14-CL 64 S 02,2019,Octubre,16,miércoles,10,0,Usme,Choque,Vehículo,,Solo Daños,0,0,0,0,0,1,0,0,0,0,0,0,0,0,0,0,0,0,0,0,0,0,1001959.0,0.009852378480538144,1093.614011339734,"CL19,KR3",KR5;CL22,4.5343054,-74.1108466,0.0,13.028192303966943,,0.0,121.0,0.0
168947,10500134,-74.050415822,4.64978383900001,AV AVENIDA CIRCUNVALAR-CL 70 2,2019,Octubre,16,miércoles,18,40,Chapinero,Choque,Vehículo,,Solo Daños,0,1,0,0,0,0,0,0,0,0,0,0,0,0,0,0,0,0,0,0,0,0,1001932.0,0.006821523412147791,757.1890987484048,"TV85,CL64BBIS",CL63;KR86,4.6444096,-74.0546171,0.0,16.87566696275,,0.0,120.0,0.0
168948,10500135,-74.1387652,4.56417918300002,AV AVENIDA BOYACA-CL 59 S 2,2019,Octubre,17,jueves,15,0,Ciudad Bolívar,Choque,Vehículo,,Solo Daños,0,0,0,0,0,0,0,0,0,0,0,0,0,0,0,0,0,0,0,0,0,0,56.0,0.011267222995200945,1250.661752467305,CL6,AV.CARACAS;KR42,4.574981,-74.13556034999999,0.0,16.49193247096774,,0.0,124.0,0.0
168949,10500136,-74.194118858,4.62908206899999,KR 89B-CL 61A S 02,2019,Octubre,16,miércoles,7,40,Bosa,Choque,Vehículo,,Solo Daños,1,0,0,0,0,0,0,0,0,0,0,0,0,0,0,0,0,0,0,0,0,0,76.0,0.013249510278838483,1470.6956409510715,KR86,CL57BSUR;KR91,4.616729,-74.1989096,0.0,15.197662981022727,,0.0,88.0,0.0
168950,10500137,-74.054292944,4.68120279499999,AV AVENIDA CIUDAD DE QUITO-CL 94 2,2019,Octubre,17,jueves,19,9,Chapinero,Choque,Vehículo,,Solo Daños,0,0,0,0,0,0,0,0,0,0,1,0,1,0,0,1,0,0,0,0,0,0,1000035.0,0.001102237219722518,122.3483313891995,AUTONORTE,CL80;CL82,4.6801407,-74.0545877,1.0,19.686428267413792,,0.0,116.0,1.0
168951,10500138,-74.038192844,4.76459611899998,CL 187-KR 17 02,2019,Octubre,17,jueves,21,29,Usaquén,Choque,Vehículo,,Solo Daños,0,0,0,0,0,0,0,0,0,0,1,0,1,0,0,1,0,0,0,0,0,0,1000088.0,0.007652309506513225,849.4063552229679,KR19,CL159;CL152,4.7601672,-74.03195245,0.0,19.975492067416667,,0.0,120.0,0.0
168952,10500139,-74.1168,4.62900000000002,KR 63-CL 9 2,2019,Octubre,18,viernes,21,45,Puente Aranda,Choque,Vehículo,,Solo Daños,0,1,0,0,0,0,0,1,0,0,0,0,0,0,0,0,0,0,0,0,0,0,1000989.0,0.0009418387507901517,104.54410133770683,CL80,KR76;KR81,4.628879899999999,-74.11586585,1.0,27.31440213991667,,0.0,120.0,1.0
168953,10500140,-74.095098231,4.62926901999998,KR 40-CL 21 02,2019,Octubre,17,jueves,12,50,Puente Aranda,Choque,Vehículo,,Solo Daños,0,0,0,0,0,0,0,1,0,0,1,0,1,0,0,1,0,0,0,0,0,0,135.0,0.0013069673696221005,145.07337802805316,"AV.AMERICAS,KR50",KR36;CL17,4.62896045,-74.09636825,1.0,16.474642115,,0.0,124.0,1.0
168954,10500141,-74.114850709,4.59783407600003,AV AVENIDA PRIMERA DE MAYO-KR 36 2,2019,Octubre,18,viernes,20,0,Puente Aranda,Choque,Vehículo,,Solo Daños,0,0,0,0,0,0,0,0,0,1,0,0,0,0,0,0,0,0,0,0,0,1,1000287.0,0.0013808816546230116,153.2778636631543,AV.CARACAS,CL19;CL24,4.5992140500000005,-74.11480065,1.0,21.145848995826086,,0.0,115.0,1.0
168955,10500142,-74.120005676,4.63872516700002,CL 13-KR 68 2,2019,Octubre,18,viernes,19,0,Puente Aranda,Choque,Vehículo,,Solo Daños,0,0,0,0,0,0,0,0,0,0,0,0,0,0,0,0,0,0,0,0,0,0,1002297.0,0.004000341217313839,444.0378751218361,KR70C,CL63SUR;KR51,4.64263125,-74.11914239999999,1.0,19.88755954125,,0.0,8.0,1.0
168956,10500143,-74.137206491,4.547377751,AV AVENIDA BOYACA-KR 17ABIS 02,2019,Octubre,18,viernes,14,20,Ciudad Bolívar,Choque,Vehículo,,Solo Daños,0,0,0,0,0,0,0,0,0,0,1,0,1,0,1,0,0,0,0,0,0,0,39.0,0.02163157696909264,2401.1050435692828,AV.CARACAS,AV.P.MAYO;CL80,4.5552695,-74.11706585,0.0,15.445619121833333,,0.0,120.0,0.0
168957,10500144,-74.13218692,4.61786676000003,KR 70-CL 24 S 2,2019,Octubre,18,viernes,13,43,Kennedy,Choque,Vehículo,,Solo Daños,0,0,0,0,0,0,0,0,0,1,0,0,0,0,0,0,0,0,0,0,0,1,138.0,0.0011083030634815758,123.02164004645492,"CL19,KR3",KR5;CL22,4.6173525,-74.13120515,1.0,10.22816632435484,,0.0,124.0,1.0
168958,10500145,-74.105551911,4.61884097400002,TR 42-CL 6 02,2019,Octubre,18,viernes,16,0,Puente Aranda,Choque,Vehículo,,Solo Daños,0,0,0,0,0,0,0,0,0,0,0,0,0,0,0,0,0,0,0,0,0,0,1001927.0,0.0035088145431801747,389.4784142929994,TV42,CL2C;CL6,4.61554995,-74.10676885000001,1.0,23.147119718521736,,0.0,115.0,1.0
168959,10500146,-74.103780296,4.60098530599998,KR 30-CL 1F 2,2019,Octubre,18,viernes,13,10,Puente Aranda,Choque,Vehículo,,Solo Daños,0,1,0,0,0,0,0,1,0,0,0,0,0,0,0,0,0,0,0,0,0,0,1000039.0,0.0010733716005628647,119.14424766247798,KR24,CL80;CL72,4.6020578,-74.1037369,1.0,19.042375629919356,,0.0,124.0,1.0
168960,10500147,-74.060828145,4.68764581699998,CL 100-KR 49 02,2019,Octubre,18,viernes,17,30,Barrios Unidos,Choque,Vehículo,,Solo Daños,0,0,0,0,0,1,0,0,0,0,0,0,0,0,0,0,0,0,0,0,0,0,1000773.0,0.0030404483884820506,337.4897711215076,KR50,CL33SUR;CL16SUR,4.6906399,-74.0613571,1.0,26.378207670326084,,0.0,92.0,1.0
168961,10500148,-74.1602,4.57900000000001,KR 60-CL 68F S 27,2019,Octubre,18,viernes,11,30,Ciudad Bolívar,Choque,Vehículo,,Solo Daños,0,0,0,0,0,1,0,0,0,0,0,0,0,0,0,0,0,0,0,0,0,0,1002276.0,0.003854089839369324,427.80397216999495,AV.VILLAVICENCIO,CL57BSUR;AV.P.MAYO,4.5824943,-74.158574,1.0,25.02373241625,,0.0,8.0,1.0
168962,10500149,-74.066780503,4.65459150800001,KR 17-CL 66 02,2019,Octubre,18,viernes,13,15,Barrios Unidos,Choque,Vehículo,,Solo Daños,0,0,0,0,0,0,0,0,0,0,1,0,1,0,0,1,0,0,0,0,0,0,1000959.0,0.0026237043569508575,291.2311836215452,KR50,CL24;CL53,4.653171,-74.0689864,1.0,19.391631022096774,,0.0,124.0,1.0
168963,10500150,-74.106203468,4.68299285799998,CL 64H-KR 77A 2,2019,Octubre,18,viernes,6,30,Engativá,Choque,Vehículo,,Solo Daños,0,0,0,0,0,0,0,0,0,0,1,0,0,0,0,0,0,0,0,0,0,0,1000228.0,0.009668502596782967,1073.2037882429095,KR72,CL169;CL170,4.6733282,-74.10647610000001,0.0,28.88124504093458,,0.0,107.0,0.0
168964,10500527,-74.056350278,4.667844511,KR 15-CL 82 ES 2,2019,Octubre,20,domingo,16,0,Usme,Choque,Vehículo,,Con Heridos,0,0,0,1,0,1,0,0,0,0,0,0,0,0,0,0,0,0,0,0,0,0,141.0,0.0046252734185564396,513.4053494597648,AUTONORTE,CL80;SANTA.FE,4.6632782,-74.0556141,1.0,30.905797012542372,,0.0,118.0,1.0
168965,10500528,-74.113638272,4.63784298399997,CL 17-KR 65 81,2019,Octubre,21,lunes,17,57,Puente Aranda,Choque,Vehículo,,Con Heridos,1,0,0,0,0,1,0,0,0,0,0,0,0,0,0,0,0,0,0,0,0,0,32.0,0.006558358674785103,727.9778129011464,AV.AMERICAS;CL34,KR80;KR5,4.643723250000001,-74.11654250000001,0.0,20.90779587225,,0.0,120.0,0.0
168966,10500529,-74.128632947,4.58532606099999,DG 45A-KR 29 S 02,2019,Octubre,21,lunes,12,0,Rafael Uribe Uribe,Choque,Vehículo,,Con Heridos,0,0,0,0,0,1,0,0,0,1,0,0,0,0,0,0,0,0,0,0,0,1,1002271.0,0.003750627165774719,416.3196154009938,KR72,KR1;KR4AE,4.582431,-74.12624845,1.0,27.738694950000003,,0.0,10.0,1.0
168967,10500530,-74.12625313,4.61792900799998,KR 68-CL 9 S 2,2019,Octubre,20,domingo,21,5,Puente Aranda,Atropello,,,Con Heridos,1,0,0,0,0,0,0,0,0,0,1,0,0,0,0,0,0,0,0,0,0,0,138.0,0.004985465229493341,553.3866404737608,"CL19,KR3",KR5;CL22,4.6173525,-74.13120515,1.0,10.87493195025641,,0.0,117.0,1.0
168968,10500531,-74.153296145,4.64342287400001,AV AVENIDA CIUDAD DE CALI-AC 6D 2,2019,Octubre,18,viernes,9,5,Kennedy,Caida de ocupante,,,Con Heridos,0,0,0,0,0,0,0,1,0,0,1,0,1,0,0,1,0,0,0,0,0,0,124.0,0.008946496621439221,993.0611249797536,CL66A,KR86;KR72,4.652358850000001,-74.1528624,0.0,9.0796304965,,0.0,100.0,0.0
168969,10500532,-74.094853196,4.63964336700002,CL 26-KR 50 2,2019,Octubre,20,domingo,23,5,Teusaquillo,Atropello,,,Con Heridos,0,0,0,0,0,1,1,0,0,0,0,0,0,0,0,0,0,0,0,0,0,0,1002045.0,0.0010562681824176634,117.24576824836063,CL26,MODELIA;NORMANDIA,4.64007635,-74.09388975,1.0,58.377909232499995,,0.0,120.0,1.0
168970,10500533,-74.061171796,4.64857272500001,CL 63-KR 9 02,2019,Octubre,21,lunes,10,19,Chapinero,Atropello,,,Con Heridos,0,0,0,0,0,0,1,0,0,1,0,0,0,0,0,0,0,0,0,0,0,1,1002025.0,0.006417613830993536,712.3551352402825,AUTONORTE,SANTA.FE;TOBERIN,4.64911745,-74.06756625,0.0,46.23143109314049,,0.0,121.0,0.0
168971,10500534,-74.065100023,4.689442955,AV AVENIDA SUBA-CL 100 2,2019,Octubre,22,martes,10,45,Suba,Caida de ocupante,,,Con Heridos,0,0,0,0,0,0,0,0,0,0,1,0,0,0,0,0,0,0,0,0,0,0,1000773.0,0.003929650101088775,436.19116122085404,KR50,CL33SUR;CL16SUR,4.6906399,-74.0613571,1.0,22.06730528587629,,0.0,97.0,1.0
168972,10500535,-74.139629336,4.58284492400003,CL 53A-KR 33 S 2,2019,Octubre,20,domingo,19,0,Tunjuelito,Atropello,,,Con Heridos,0,0,0,0,0,0,1,0,0,0,0,0,0,0,0,0,0,0,0,0,0,0,56.0,0.008854261558509472,982.8230329945513,CL6,AV.CARACAS;KR42,4.574981,-74.13556034999999,0.0,18.49958715025,,0.0,120.0,0.0
168973,10500536,-74.048849255,4.800414101,CL 222-KR 55 2,2019,Octubre,22,martes,8,40,Suba,Volcamiento,,,Con Heridos,0,0,0,0,0,1,0,0,0,0,1,0,1,0,0,1,0,0,0,0,0,0,35.0,0.015529663411904536,1723.7926387214034,KR72,CL170;CL43AS,4.7881347000000005,-74.05835645,0.0,22.247405963916666,,0.0,120.0,0.0
168974,10500537,-74.098279669,4.56537392299998,KR 5A-CL 31 S 02,2019,Octubre,21,lunes,11,20,San Cristóbal,Atropello,,,Con Heridos,0,0,0,0,0,0,1,0,0,1,0,0,0,0,0,0,0,0,0,0,0,1,81.0,0.0022502451886632535,249.77721594162114,CL34;AV.AMERICAS,AV.CARACAS;KR86,4.5667841,-74.0965261,1.0,22.87457060122951,,0.0,122.0,1.0
168975,10500538,-74.079272171,4.63518516099998,AK 30-CL 45A 2,2019,Octubre,20,domingo,4,30,Teusaquillo,Choque,Objeto Fijo,Vehiculo,Con Heridos,0,0,0,0,0,1,0,0,0,0,0,0,0,0,0,0,0,0,0,0,0,0,83.0,0.0011043611208037026,122.58408440921099,TV28;KR27,CL22C;CL30SUR,4.63451755,-74.07839245,1.0,38.53544748717949,,0.0,78.0,1.0
168976,10500539,-74.152385381,4.68015480499997,CL 17-KR 112 2,2019,Octubre,22,martes,6,40,Fontibón,Atropello,,,Con Heridos,0,0,0,0,0,1,1,0,0,0,0,0,0,0,0,0,0,0,0,0,0,0,1000982.0,0.00514593581425232,571.1988753820075,DIAG16,KR123;KR106,4.67875865,-74.15733829999999,0.0,29.448171617672415,,0.0,116.0,0.0
168977,10500540,-74.089797765,4.582106963,KR 10-CL 11 S 02,2019,Octubre,21,lunes,15,10,Antonio Nariño,Caida de ocupante,,,Con Heridos,0,0,0,0,0,0,0,1,0,0,1,0,1,1,0,0,0,0,1,0,0,0,1000214.0,0.0057187139393551556,634.7772472684222,KR5,CL34;CL27,4.57950665,-74.0948911,0.0,23.065676395,,0.0,124.0,0.0
168978,10500541,-74.072242155,4.658476479,KR 27-CL 66 2,2019,Octubre,21,lunes,14,50,Barrios Unidos,Atropello,,,Con Heridos,0,0,0,0,0,0,1,1,0,0,0,0,0,0,0,0,0,0,0,0,0,0,136.0,0.001655199163926883,183.727107195884,"KR50,CL13",CL17;KR56,4.6570739,-74.07312105,1.0,16.2014638834,,0.0,100.0,1.0
168979,10500542,-74.188110663,4.61645593100002,CL 62-KR 83 S 2,2019,Octubre,22,martes,6,20,Bosa,Atropello,,,Con Heridos,0,0,0,0,1,0,1,0,0,0,1,0,1,0,0,1,0,0,0,0,0,0,76.0,0.010802388949139955,1199.065173354535,KR86,CL57BSUR;KR91,4.616729,-74.1989096,0.0,16.89313483043011,,0.0,93.0,0.0
168980,10500543,-74.110704839,4.70872872500001,AC 80-KR 100 02,2019,Octubre,21,lunes,14,20,Engativá,Atropello,,,Con Heridos,0,0,0,0,0,0,1,1,0,0,1,0,1,0,1,0,0,0,0,0,0,0,1000723.0,0.012467904738899848,1383.9374260178831,KR86,CL10;AV.AMERICAS,4.6984233,-74.11772245,0.0,10.403752819304348,,0.0,115.0,0.0
168981,10500544,-74.106251,4.54270209100002,CL 49B-KR 2D SE 2,2019,Octubre,22,martes,19,34,San Cristóbal,Atropello,,,Con Heridos,0,0,0,0,1,0,1,0,0,1,0,1,0,0,0,0,0,0,0,0,0,1,1001959.0,0.009572040488309492,1062.4964942023537,"CL19,KR3",KR5;CL22,4.5343054,-74.1108466,0.0,13.749527720775863,,0.0,116.0,0.0
168982,10500545,-74.0673,4.6189,KR 7-CL 32A 2,2019,Octubre,22,martes,12,30,Santa Fe,Choque,Vehículo,,Solo Daños,0,0,0,0,0,0,0,0,0,0,0,0,0,0,0,0,0,0,0,0,0,0,46.0,0.002656589027775333,294.88138208306196,CL32,CL26;KR7,4.616243450000001,-74.0672856,1.0,12.382550460403227,,0.0,124.0,1.0
168983,10500546,-74.177641359,4.59710772699998,AV AVENIDA DEL SUR-CL 59 S 2,2019,Octubre,22,martes,20,45,Bosa,Choque,Vehículo,,Solo Daños,0,0,0,0,0,0,0,0,0,0,1,0,1,0,1,0,0,0,0,0,0,0,149.0,0.005646229801913445,626.7315080123924,AV.CL59SUR,CL59SUR;KR81A,4.6025243,-74.1792353,0.0,21.11411562375,,0.0,8.0,0.0
168984,10500547,-74.155032273,4.62331236,CL 38C-KR 78M 02,2019,Octubre,21,lunes,17,39,Kennedy,Volcamiento,,,Con Heridos,0,0,0,0,0,1,0,1,0,0,0,0,0,0,0,0,0,0,0,0,0,0,79.0,0.0027926258250900323,309.9814665849936,AV.AMERICAS;KR80,KR86;CL55SUR,4.6222152,-74.1524642,1.0,13.060910196916666,,0.0,120.0,1.0
168985,10500548,-74.093755802,4.63225439399997,CL 24-KR 43A 2,2019,Octubre,22,martes,11,30,Teusaquillo,Choque,Vehículo,,Solo Daños,0,0,0,0,0,0,0,1,0,0,1,0,1,0,0,0,1,0,0,0,0,0,1001303.0,0.0028879394160833396,320.5612751852507,KR27,CL1B;AV.P.MAYO,4.63106945,-74.09638945,1.0,21.851765996206897,,0.0,87.0,1.0
168986,10500549,-74.103628445,4.61237632400002,CL 6-KR 37 56,2019,Octubre,22,martes,19,30,Puente Aranda,Choque,Vehículo,,Solo Daños,0,0,0,0,0,0,0,1,0,1,0,0,0,0,0,0,0,0,0,0,0,1,1000026.0,0.002508849934055026,278.4823426801079,CL92,KR11;KR7,4.6126188,-74.10612555,1.0,30.960373327913043,,0.0,115.0,1.0
168987,10500550,-74.077292766,4.64186622800003,KR 28-CL 52A 2,2019,Octubre,22,martes,14,20,Teusaquillo,Choque,Vehículo,,Solo Daños,0,0,0,0,0,0,0,0,0,0,0,0,0,0,0,0,0,0,0,0,0,0,15.0,0.0013394124859827687,148.67478594408732,CL94,KR7;KR15,4.640764750000001,-74.07805485,1.0,11.356506499919355,,0.0,124.0,1.0
168988,10500932,-74.11291931,4.710407014,CL 80-KR 100B 2,2019,Octubre,27,domingo,10,15,Engativá,Choque,Vehículo,,Con Heridos,0,0,0,0,0,1,0,0,0,1,0,0,0,0,0,0,0,0,0,0,0,1,1000723.0,0.012910443644331943,1433.0592445208456,KR86,CL10;AV.AMERICAS,4.6984233,-74.11772245,0.0,11.837601530999999,,0.0,120.0,0.0
168989,10500933,-74.119189174,4.714561452,KR 109A-CL 78 2,2019,Octubre,27,domingo,10,41,Engativá,Choque,Vehículo,,Con Heridos,0,0,0,0,0,1,0,0,0,0,0,0,0,0,0,0,0,0,0,0,0,0,103.0,0.014099829381997147,1565.0810614016832,DIAG16,KR129;CL17,4.71384325,-74.1332707,0.0,19.98170736909091,,0.0,121.0,0.0
168990,10500934,-74.071279457,4.590267375,KR 3-CL 6 E 09,2019,Octubre,26,sábado,16,29,Candelaria,Choque,Vehículo,,Con Heridos,0,0,0,0,0,1,0,0,0,0,0,0,0,0,0,0,0,0,0,0,0,0,1000028.0,0.004367314800068959,484.7719428076544,KR11,CL94;CL92,4.58677215,-74.0686609,1.0,14.611586486333334,,0.0,120.0,1.0
168991,10500935,-74.113655946,4.74680235300002,CL 139-KR 136A 2,2019,Octubre,27,domingo,5,58,Suba,Choque,Vehículo,,Con Heridos,0,0,0,0,0,1,0,0,0,0,0,0,0,0,0,0,0,0,0,0,0,0,1000951.0,0.014367246312833096,1594.7643407244736,AV.SUBA,CL127;HUMEDAL.CORDOBA,4.7388854,-74.1016668,0.0,45.78360915303279,,0.0,122.0,0.0
168992,10500936,-74.151236156,4.572365413,AV AVENIDA CIUDAD DE VILLAVICENCIO-KR 38 2,2019,Octubre,28,lunes,0,30,Ciudad Bolívar,Choque,Vehículo,,Con Heridos,0,0,0,0,0,1,0,0,0,0,0,0,0,0,0,0,0,0,0,0,0,0,1002276.0,0.012507529989057738,1388.335828785409,AV.VILLAVICENCIO,CL57BSUR;AV.P.MAYO,4.5824943,-74.158574,0.0,46.469608,,0.0,4.0,0.0
168993,10500937,-74.13748942,4.672966788,CL 22-KR 96F 02,2019,Octubre,26,sábado,14,10,Fontibón,Choque,Vehículo,,Con Heridos,0,0,0,0,0,1,0,0,0,0,0,0,0,0,0,0,0,0,0,0,0,0,1001347.0,0.00635773145314635,705.7081912992448,DIAG16,KR97;KR106,4.6757841,-74.14318885,0.0,22.6763447675,,0.0,124.0,0.0
168994,10500938,-74.095945764,4.56178647500002,CL 31FBIS-KR 2A S 07,2019,Octubre,26,sábado,18,0,San Cristóbal,Choque,Vehículo,,Con Heridos,0,0,0,0,0,1,0,0,0,1,0,0,0,0,0,0,0,0,0,0,0,1,44.0,0.002755970845111719,305.9127638074008,CL26,AV.CARACAS;MODELIA,4.56249865,-74.0932834,1.0,26.719251884000002,,0.0,120.0,1.0
168995,10500939,-74.148408828,4.56122068500002,CL 67-KR 19G S 2,2019,Octubre,25,viernes,16,58,Ciudad Bolívar,Choque,Vehículo,,Solo Daños,0,0,0,0,0,0,0,0,0,0,0,0,0,0,0,0,0,0,0,0,0,0,56.0,0.01882630223425213,2089.7195480019864,CL6,AV.CARACAS;KR42,4.574981,-74.13556034999999,0.0,17.402123065916665,,0.0,120.0,0.0
168996,10500940,-74.115269948,4.504130621,KR 14-CL 93 S 02,2019,Octubre,26,sábado,21,50,Usme,Choque,Vehículo,,Con Heridos,0,0,0,0,0,1,0,0,0,0,0,0,0,0,0,0,0,0,0,0,0,0,1001959.0,0.030497267012438753,3385.1966383807016,"CL19,KR3",KR5;CL22,4.5343054,-74.1108466,0.0,13.451357363162392,,0.0,117.0,0.0
168997,10500941,-74.028686429,4.71020401999999,KR 7-CL 132 2,2019,Octubre,25,viernes,14,50,Usaquén,Choque,Vehículo,,Solo Daños,0,0,0,0,0,0,0,0,0,0,1,0,0,0,0,0,0,0,0,0,0,0,1000184.0,0.006033911419984395,669.7641676182678,KR15,CL94;CL100,4.704458949999999,-74.03053095,0.0,18.525435596370965,,0.0,124.0,0.0
168998,10500942,-74.029840456,4.69832291799997,KR 7-CL 123 2,2019,Octubre,25,viernes,20,26,Usaquén,Choque,Vehículo,,Solo Daños,0,0,0,0,0,0,0,0,0,1,0,0,0,0,0,0,0,0,0,0,0,1,1000184.0,0.006174760778314542,685.3984463929141,KR15,CL94;CL100,4.704458949999999,-74.03053095,0.0,19.66336955512605,,0.0,119.0,0.0
168999,10500943,-74.109696241,4.62791941299997,AV AVENIDA DE LAS AMERICAS-KR 53 02,2019,Octubre,26,sábado,10,20,Puente Aranda,Volcamiento,,,Con Heridos,0,0,0,0,0,1,0,0,0,0,0,0,0,0,0,0,0,0,0,0,0,0,133.0,0.0018867650275443985,209.43091805742824,"AV.AMERICAS,KR50",KR62;CL5A,4.6297271,-74.11023675,1.0,22.772294648677686,,0.0,121.0,1.0
169000,10500944,-74.105394605,4.59965772700002,AK 30-CL 1B 02,2019,Octubre,26,sábado,6,7,Los Mártires,Choque,Vehículo,,Con Heridos,0,1,0,0,0,1,0,0,0,0,0,0,0,0,0,0,0,0,0,0,0,0,1000039.0,0.002916905255961609,323.77648341173864,KR24,CL80;CL72,4.6020578,-74.1037369,1.0,37.39880658982906,,0.0,117.0,1.0
169001,10500945,-74.043803229,4.769324729,KR 45-CL 191 2,2019,Octubre,25,viernes,11,50,Usaquén,Choque,Vehículo,,Solo Daños,0,0,0,0,0,0,0,0,0,0,1,0,1,0,0,1,0,0,0,0,0,0,1000087.0,0.011191799797068054,1242.289777474554,KR19,CL147;CL152,4.7597534,-74.04960375,0.0,13.981938335916668,,0.0,120.0,0.0
169002,10500946,-74.10463072,4.69993556999998,CL 75-KR 87 02,2019,Octubre,26,sábado,10,50,Engativá,Choque,Vehículo,,Con Heridos,0,0,0,0,0,1,0,1,0,0,0,0,0,0,0,0,0,0,0,0,0,0,1000759.0,0.002194256314382872,243.5624508964988,KR80,CL26SUR;CL38CSUR,4.69774235,-74.10469815,1.0,20.426535329166665,,0.0,120.0,1.0
169003,10500947,-74.045182036,4.68365882799998,CL 100-KR 12 2,2019,Octubre,25,viernes,8,50,Usaquén,Choque,Vehículo,,Solo Daños,0,0,0,0,0,0,0,1,0,0,1,0,1,0,0,1,0,0,0,0,0,0,1002017.0,0.005592026047900944,620.7148913170047,AUTONORTE,ALCALA;PRADO,4.6892508,-74.04515745,0.0,35.883556030756296,,0.0,119.0,0.0
169004,10500948,-74.071385391,4.61307454600001,CL 26-KR 13 2,2019,Octubre,25,viernes,15,45,Santa Fe,Choque,Vehículo,,Solo Daños,0,0,0,0,0,0,0,0,0,0,1,0,0,0,0,0,0,0,0,0,1,0,1000208.0,0.004418071245229224,490.40590822044385,KR7,CL63;CL72,4.609056150000001,-74.07322165,1.0,14.6992918325,,0.0,4.0,1.0
169005,10500949,-74.093578939,4.59849208200001,CL 3-TR 22 S 02,2019,Octubre,26,sábado,1,20,Antonio Nariño,Choque,Vehículo,,Solo Daños,0,0,0,0,0,0,0,0,0,1,1,0,1,0,0,1,0,0,0,0,0,1,5.0,0.001246329468136221,138.34257096312052,KR11,CL100;CL116,4.59918435,-74.09254254999999,1.0,28.733501296041666,,0.0,96.0,1.0
169006,10500950,-74.072369393,4.76077134600001,CL 170-KR 90 2,2019,Octubre,25,viernes,11,50,Suba,Choque,Vehículo,,Solo Daños,0,0,0,0,0,0,0,0,0,0,0,0,0,0,0,0,0,0,0,0,0,0,1000231.0,0.004855044705690076,538.9099623315984,CL127,KR19;KR51A,4.7571278,-74.06916065,1.0,15.808561864180328,,0.0,122.0,1.0
169007,10500951,-74.0278,4.70949999999999,KR 9-CL 131 02,2019,Octubre,25,viernes,22,1,Usaquén,Choque,Vehículo,,Solo Daños,0,0,0,0,0,0,0,0,0,1,0,0,0,0,0,0,0,0,0,0,0,1,1000184.0,0.0057332602422096686,636.3918868852733,KR15,CL94;CL100,4.704458949999999,-74.03053095,0.0,29.77552906575,,0.0,120.0,0.0
169008,10500952,-74.141884278,4.61925220500001,KR 72C-CL 26 S 02,2019,Octubre,25,viernes,23,15,Kennedy,Choque,Vehículo,,Solo Daños,0,0,0,0,0,0,0,0,0,0,1,0,1,0,0,1,0,0,0,0,0,0,90.0,0.005119481512763929,568.2624479167961,CL24,KR86;AV.AMERICAS,4.61621555,-74.13776265,0.0,29.38196502827586,,0.0,116.0,0.0
169009,10500953,-74.146881619,4.59788338300001,CL 44G-KR 72A S 02,2019,Octubre,26,sábado,23,23,Kennedy,Choque,Objeto Fijo,Semaforo,Solo Daños,0,0,1,0,0,0,0,0,0,0,0,0,0,0,0,0,0,0,0,0,0,0,1000698.0,0.002909571939754958,322.9624853128003,"AV.AMERICAS,CL34",KR36;KR28,4.6006212,-74.14589674999999,1.0,37.62565775638655,,0.0,119.0,1.0
169010,10500954,-74.091821089,4.67661915799999,KR 69-CL 67 02,2019,Octubre,25,viernes,23,15,Engativá,Choque,Vehículo,,Solo Daños,0,0,0,0,0,0,0,0,0,1,0,0,0,0,0,0,0,0,0,0,0,1,1000656.0,0.0026477915722750117,293.9048645225263,AV.CIRCUNVALAR,CL72;CL83,4.6768595,-74.09445794999999,1.0,76.44879631,,0.0,116.0,1.0
169011,10500955,-74.138270501,4.63039266999999,AV AVENIDA DE LAS AMERICAS-KR 72 02,2019,Octubre,25,viernes,10,0,Kennedy,Choque,Vehículo,,Solo Daños,0,0,0,0,0,0,0,0,0,0,0,0,0,0,0,0,0,0,0,0,0,0,1000780.0,0.004353809116293622,483.272811908592,CL6,KR42;KR36,4.62659345,-74.1361441,1.0,29.306600126694214,,0.0,121.0,1.0
169012,10500956,-74.104136038,4.67454501700001,AV AVENIDA BOYACA-CL 63 2,2019,Octubre,25,viernes,16,50,Engativá,Choque,Vehículo,,Solo Daños,0,0,0,0,0,0,0,0,0,0,0,0,0,0,0,0,0,0,0,0,0,0,1000228.0,0.0026375241753262887,292.76518346121804,KR72,CL169;CL170,4.6733282,-74.10647610000001,1.0,34.25842130441176,,0.0,102.0,1.0
169013,10500957,-74.118370283,4.68853583100002,TR 93-AC 53 2,2019,Octubre,25,viernes,20,15,Engativá,Choque,Vehículo,,Solo Daños,0,0,0,0,0,0,0,0,0,0,0,0,0,0,0,0,0,0,0,0,0,0,1000238.0,0.005126435095425242,569.0342955922018,CL134,KR58;KR53,4.68384265,-74.1204329,0.0,30.51572682075,,0.0,120.0,0.0
169014,10501334,-74.107156843,4.55800386099997,CL 48-KR 5 S 02,2019,Octubre,29,martes,12,32,Rafael Uribe Uribe,Atropello,,,Con Heridos,0,0,0,0,1,0,1,0,0,0,0,0,0,0,0,0,0,0,0,0,0,0,39.0,0.010279355515026165,1141.0084621679043,AV.CARACAS,AV.P.MAYO;CL80,4.5552695,-74.11706585,0.0,15.480016388916665,,0.0,120.0,0.0
169015,10501335,-74.181023374,4.609348517,CL 59-KR 80 S 2,2019,Octubre,30,miércoles,3,30,Bosa,Volcamiento,,,Con Heridos,0,0,1,0,0,1,0,0,0,0,0,0,0,0,0,0,0,0,0,0,0,0,149.0,0.0070545833535780415,783.0587522471626,AV.CL59SUR,CL59SUR;KR81A,4.6025243,-74.1792353,0.0,50.19197352125,,0.0,8.0,0.0
169016,10501336,-74.147003127,4.63121619399999,CL 6-KR 78G 19,2019,Octubre,30,miércoles,10,28,Kennedy,Caida de ocupante,,,Con Heridos,0,0,0,0,0,0,0,1,0,0,1,0,1,0,1,0,0,0,0,0,0,0,1000961.0,0.006460955826918842,717.1660967879915,CL72,KR24;KR55,4.627228499999999,-74.1419196,0.0,20.339909167731093,,0.0,119.0,0.0
169017,10501337,-74.104480241,4.58993154400002,KR 24H-CL 16A S 27,2019,Octubre,30,miércoles,8,40,Antonio Nariño,Choque,Vehículo,,Con Heridos,1,0,0,0,0,0,0,0,0,0,0,0,0,0,0,0,0,0,0,0,0,0,1000671.0,0.002062985814028802,228.99142535719704,AV.P.MAYO,KR6;KR3E,4.59078275,-74.10260105,1.0,25.62620458618644,,0.0,118.0,1.0
169018,10501339,-74.025318529,4.73890972999999,CL 163A-KR 7F 31,2019,Octubre,30,miércoles,21,21,Usaquén,Choque,Vehículo,,Con Heridos,1,0,0,0,0,0,0,0,0,0,1,0,1,0,1,0,0,0,0,0,0,0,1000081.0,0.007219295434152023,801.3417931908746,KR19,CL116;CL127,4.7391552,-74.03253365,0.0,15.815115082941176,,0.0,119.0,0.0
169019,10501340,-74.085708634,4.62501381099997,AV AVENIDA DE LAS AMERICAS-KR 32 02,2019,Octubre,29,martes,16,13,Teusaquillo,Choque,Vehículo,,Con Heridos,0,0,0,0,0,1,0,0,0,1,0,0,0,0,0,0,0,0,0,0,0,1,48.0,0.003325283317998978,369.1064482978866,CL53,KR7;KR68,4.6257944,-74.088941,1.0,13.107328352916666,,0.0,120.0,1.0
169020,10501341,-74.138277299,4.60715649000002,KR 68L-CL 37D S 2,2019,Octubre,30,miércoles,7,0,Kennedy,Choque,Vehículo,,Con Heridos,0,0,0,0,0,1,0,0,0,0,0,0,0,0,0,0,0,0,0,0,0,0,1001715.0,0.0016899427821913326,187.58364882323792,"AV.AMERICAS,CL34",KR28;KR36,4.6069231,-74.13660355,1.0,26.95549549512195,,0.0,123.0,1.0
169021,10501342,-74.132764987,4.708487902,CL 68D-KR 112B 2,2019,Octubre,30,miércoles,12,35,Engativá,Choque,Vehículo,,Solo Daños,0,0,0,0,0,0,0,0,0,1,1,0,1,0,0,1,0,0,0,0,0,1,103.0,0.005379172598036802,597.088158382085,DIAG16,KR129;CL17,4.71384325,-74.1332707,0.0,19.07937088057851,,0.0,121.0,0.0
169022,10501343,-74.137778163,4.63062796299999,CL 6-KR 72 02,2019,Octubre,29,martes,11,56,Kennedy,Choque,Vehículo,,Con Heridos,0,0,0,0,0,1,0,0,0,0,0,0,0,0,0,0,0,0,0,0,0,0,1000780.0,0.004352867679478434,483.1683124221062,CL6,KR42;KR36,4.62659345,-74.1361441,1.0,28.48401355508197,,0.0,122.0,1.0
169023,10501344,-74.164148309,4.62386542899998,CL 42A-KR 80F S 2,2019,Octubre,30,miércoles,5,41,Kennedy,Choque,Vehículo,,Con Heridos,0,0,0,0,0,1,0,0,0,1,0,0,0,0,0,0,0,0,0,0,0,1,148.0,0.007901619438030517,877.0797576213873,AV.CL59SUR,KR81A;CL59SUR,4.6285372,-74.1577757,0.0,18.701115115,,0.0,8.0,0.0
169024,10501345,-74.094370034,4.66673135299999,CL 63-KR 68 2,2019,Octubre,29,martes,8,0,Barrios Unidos,Choque,Vehículo,,Solo Daños,0,0,0,0,0,0,0,0,0,0,0,0,0,0,0,0,0,0,0,0,0,0,1000321.0,0.00042746424840962795,47.4485315734687,KR72,CL163;CL169B,4.6669198000000005,-74.09398635,1.0,30.046247441666665,,0.0,120.0,1.0
169025,10501346,-74.100550772,4.74922740300002,KR 111A-CL 145 02,2019,Octubre,29,martes,19,30,Suba,Choque,Vehículo,,Con Heridos,1,0,0,0,1,0,0,0,0,1,0,0,0,0,0,0,0,0,0,0,0,1,1001707.0,0.008776780156238423,974.222597342465,AV.SUBA,CL136;CL127,4.7425033,-74.09491,0.0,40.860634530344825,,0.0,116.0,0.0
169026,10501347,-74.075148913,4.66603662400001,KR 30-CL 71 2,2019,Octubre,29,martes,6,49,Barrios Unidos,Choque,Vehículo,,Solo Daños,0,0,0,0,0,1,0,0,0,0,0,0,0,0,0,0,0,0,0,0,0,0,1000201.0,0.0037122988212388228,412.06516915750933,KR7,CL175;CL170,4.6690147500000005,-74.0773652,1.0,23.474066378803418,,0.0,117.0,1.0
169027,10501348,-74.145500974,4.69044170500001,CL 24-KR 116 2,2019,Octubre,30,miércoles,9,30,Fontibón,Choque,Vehículo,,Solo Daños,0,1,0,0,0,1,0,0,0,0,0,0,0,0,0,0,0,0,0,0,0,0,95.0,0.011602864219749612,1287.917928392207,AV.SUBA,KR94;SAN.MARTIN,4.68681675,-74.15652305,0.0,21.955881987822583,,0.0,124.0,0.0
169028,10501349,-74.106764102,4.627639182,AV AVENIDA DE LAS AMERICAS-KR 50 02,2019,Octubre,29,martes,18,10,Puente Aranda,Choque,Vehículo,,Solo Daños,0,0,0,0,0,0,0,0,0,0,1,0,1,0,0,1,0,0,0,0,0,0,1001705.0,0.0028644869488778967,317.95805132544655,AV.AMERICAS,KR80G;KR74,4.6273108,-74.1039185,1.0,38.084640454083335,,0.0,120.0,1.0
169029,10501350,-74.176304964,4.64343850199998,KR 95-CL 42B S 32,2019,Octubre,24,jueves,14,19,Kennedy,Choque,Vehículo,,Solo Daños,0,0,0,0,0,0,0,0,0,0,1,0,1,0,0,1,0,0,0,0,0,0,1000981.0,0.006069432127633466,673.7069661673147,DIAG16,KR90;KR97,4.6495069,-74.176417,0.0,33.11951628475806,,0.0,124.0,0.0
169030,10501351,-74.067414963,4.67424029199998,KR 30-CL 80 2,2019,Octubre,30,miércoles,7,0,Barrios Unidos,Choque,Vehículo,,Solo Daños,0,1,0,0,0,0,0,0,0,0,0,0,0,0,0,0,0,0,0,0,0,0,1000339.0,0.003779349375154076,419.50778064210243,KR9,CL147;CL140,4.6704867,-74.06785545,1.0,14.951019817560976,,0.0,123.0,1.0
169031,10501352,-74.12014362,4.63433427699999,KR 68-CL 11 2,2019,Octubre,29,martes,13,27,Puente Aranda,Choque,Vehículo,,Solo Daños,0,1,0,0,0,0,0,0,0,0,1,0,0,0,0,0,0,0,0,0,0,0,1000745.0,0.00012178386687768095,13.518009223422585,CL6,KR32;KR36,4.6343731,-74.12025905,1.0,31.495453642096773,,0.0,124.0,1.0
169032,10501353,-74.075358232,4.59408172500002,CL 7-KR 5 02,2019,Octubre,29,martes,6,45,Candelaria,Choque,Vehículo,,Solo Daños,0,0,0,0,0,0,0,0,0,0,1,0,1,0,0,1,0,0,0,0,0,0,1000258.0,0.00187126580314561,207.7105041491627,CL32,KR7;AV.CARACAS,4.595026300000001,-74.0769736,1.0,17.76936879112069,,0.0,116.0,1.0
169033,10501354,-74.055914087,4.69387615300002,KR 45-CL 106 2,2019,Octubre,30,miércoles,10,30,Usaquén,Choque,Vehículo,,Solo Daños,0,1,0,0,0,0,0,0,0,0,0,0,0,0,0,0,0,0,0,0,0,0,1002011.0,0.0032009618584488302,355.30676628782015,AUTONORTE,PEPE.SIERRA;CL100,4.697067349999999,-74.05566425,1.0,26.296562220082645,,0.0,121.0,1.0
169034,10501355,-74.138004816,4.58415636900003,DG 52A-AK 33 S 2,2019,Octubre,29,martes,15,5,Tunjuelito,Choque,Vehículo,,Solo Daños,0,0,0,0,0,1,0,0,0,0,0,0,0,0,0,0,0,0,0,0,0,0,1002273.0,0.008034325825321759,891.8101666107152,AV.VILLAVICENCIO,AV.P.MAYO;CL57BSUR,4.5920865,-74.13929455,0.0,25.30409825888889,,0.0,9.0,0.0
169035,10501356,-74.181570696,4.608795692,CL 59BIS-KR 80 S 02,2019,Octubre,30,miércoles,0,30,Bosa,Choque,Vehículo,,Solo Daños,0,0,0,0,0,0,0,0,0,0,0,0,0,0,0,0,0,0,0,0,0,0,149.0,0.006692117160842962,742.8250048535688,AV.CL59SUR,CL59SUR;KR81A,4.6025243,-74.1792353,0.0,32.004407082499995,,0.0,4.0,0.0
169036,10501357,-74.130354805,4.629431668,AV AVENIDA DE LAS AMERICAS-KR 69F 2,2019,Octubre,29,martes,16,0,Kennedy,Choque,Vehículo,,Solo Daños,0,0,0,0,0,0,0,0,0,0,0,0,0,0,0,0,0,0,0,0,0,0,49.0,0.0014165959621371563,157.24215179722435,CL53,KR68;KR7,4.62874205,-74.1291174,1.0,14.094349765166667,,0.0,120.0,1.0
169037,10501358,-74.097899703,4.60702884900002,AK 30-CL 06 2,2019,Octubre,29,martes,16,40,Puente Aranda,Choque,Vehículo,,Solo Daños,0,0,0,0,0,0,0,1,0,0,0,0,0,0,0,0,0,0,0,0,0,0,1001001.0,0.0010258171696612987,113.86570583240416,CL24,KR40;AV.AMERICAS,4.60802425,-74.09814765,1.0,12.724495134033614,,0.0,119.0,1.0
169110,10502518,-74.126219706,4.64923001800003,AV AVENIDA BOYACA-CL 17 2,2019,Octubre,5,sábado,23,24,Fontibón,Atropello,,,Con Muertos,0,0,0,0,0,0,1,1,0,0,0,0,0,0,0,0,0,0,0,0,0,0,1000775.0,0.0008558336309192347,94.99753303203505,CL17,KR128;KR123,4.65006275,-74.1260222,1.0,37.13480447663866,,0.0,119.0,1.0
169118,10502899,-74.070226125,4.58543354900002,CL 3-KR 7 E 16,2019,Octubre,8,martes,10,0,Santa Fe,Choque,Objeto Fijo,Vehiculo,Con Muertos,1,0,0,0,1,0,0,0,0,0,0,0,0,0,0,0,0,0,0,0,0,0,1000028.0,0.0020595586754922966,228.61101297964493,KR11,CL94;CL92,4.58677215,-74.0686609,1.0,12.997066013445378,,0.0,119.0,1.0
169236,10498583,-74.136630739,4.58548145399999,CL 51-KR 34 S 59,2019,Octubre,1,martes,10,30,Tunjuelito,Caida de ocupante,,,Con Heridos,0,0,0,0,0,0,0,0,0,0,1,0,1,0,0,1,0,0,0,0,0,0,1002273.0,0.00712197456510411,790.5391767265562,AV.VILLAVICENCIO,AV.P.MAYO;CL57BSUR,4.5920865,-74.13929455,0.0,23.381959125,,0.0,8.0,0.0
169237,10498584,-74.108983012,4.70267413300002,CL 75-KR 92A 20,2019,Octubre,1,martes,10,30,Engativá,Atropello,,,Con Heridos,0,0,0,0,1,0,1,0,0,0,0,0,0,0,0,0,0,0,0,0,0,0,1000759.0,0.006533186505699428,725.1837021326365,KR80,CL26SUR;CL38CSUR,4.69774235,-74.10469815,0.0,20.426535329166665,,0.0,120.0,0.0
169240,10498587,-74.062586937,4.64089902199999,KR 7-CL 54A 55,2019,Octubre,1,martes,11,10,Chapinero,Atropello,,,Con Heridos,0,0,0,0,0,0,1,0,0,0,1,0,1,1,0,0,0,0,0,1,0,0,1000307.0,0.0010343251110083362,114.81008732192532,KR10,CL24;CL19,4.6413462,-74.0635196,1.0,11.369418677118643,,0.0,118.0,1.0
169243,10498590,-74.121078136,4.63190471799999,AK 68-CL 9G 02,2019,Octubre,1,martes,5,20,Puente Aranda,Volcamiento,,,Con Heridos,0,0,0,1,0,1,0,0,0,0,0,0,0,0,0,0,0,0,0,0,0,0,1001258.0,0.002597792253750414,288.354940166296,CL63,TV85;KR77A,4.6325927,-74.11857309999999,1.0,23.282516297868852,,0.0,122.0,1.0
169244,10498591,-74.081251008,4.60330307499999,CL 12-KR 15 2,2019,Octubre,1,martes,9,30,Los Mártires,Choque,Vehículo,,Solo Daños,0,1,0,0,0,0,0,0,0,0,0,0,0,0,0,0,0,0,0,0,0,0,1001262.0,0.0012461862756035023,138.32667659198876,NQS,CL1F;AV.P.MAYO,4.6030451,-74.0824702,1.0,19.629791241818182,,0.0,121.0,1.0
169246,10498593,-74.071815792,4.65096076999998,CL 63-KR 23 02,2019,Octubre,1,martes,18,30,Barrios Unidos,Choque,Vehículo,,Solo Daños,0,0,0,0,0,0,0,0,0,0,0,0,0,0,0,0,0,0,0,0,0,0,14.0,0.0009328054125770188,103.54140079604907,CL92,KR19B;KR7,4.65012885,-74.07139384999999,1.0,18.240174540689654,,0.0,116.0,1.0
169247,10498594,-74.075934317,4.693800345,KR 70-CL 99 2,2019,Octubre,1,martes,5,45,Suba,Choque,Vehículo,,Solo Daños,0,0,0,0,0,0,0,0,0,1,0,0,0,0,0,0,0,0,0,0,0,1,1000996.0,0.0005945612514425717,65.99629891012546,CL80,KR102;KR96,4.69436975,-74.0757632,1.0,42.88476090463636,,0.0,110.0,1.0
169249,10498596,-74.13764271,4.55451289899997,AV AVENIDA BOYACA-DG 64ABIS S 02,2019,Octubre,1,martes,11,40,Ciudad Bolívar,Choque,Vehículo,,Solo Daños,0,1,0,0,0,0,0,0,0,1,1,0,0,0,0,0,0,0,0,0,1,1,56.0,0.020573754682046586,2283.686769707171,CL6,AV.CARACAS;KR42,4.574981,-74.13556034999999,0.0,17.94925906909836,,0.0,122.0,0.0
169250,10498597,-74.083411515,4.68027284599998,AK 68-CL 75 2,2019,Octubre,1,martes,8,0,Barrios Unidos,Choque,Vehículo,,Solo Daños,0,0,0,0,0,1,0,1,0,0,0,0,0,0,0,0,0,0,0,0,0,0,1000654.0,0.0027888896048694333,309.5667461405071,AV.CIRCUNVALAR,CL83;KR7,4.67771235,-74.08451685,1.0,25.33049443067227,,0.0,119.0,1.0
169252,10498599,-74.052722229,4.711538534,KR 45-CL 127D 2,2019,Octubre,1,martes,9,37,Usaquén,Choque,Vehículo,,Solo Daños,0,1,0,0,0,0,0,1,0,0,0,0,0,0,0,0,0,0,0,0,0,0,18.0,0.0023256407579852097,258.14612413635825,CL85,KR15;KR7,4.7093504,-74.0519344,1.0,8.849482506115702,,0.0,121.0,1.0
169253,10498600,-74.180111696,4.597074577,AV AVENIDA DEL SUR-CL 65 S 04,2019,Octubre,1,martes,15,50,Bosa,Choque,Vehículo,,Solo Daños,0,0,0,0,0,0,0,1,0,1,0,0,0,0,0,0,0,0,0,0,0,1,149.0,0.005519741907511239,612.6913517337475,AV.CL59SUR,CL59SUR;KR81A,4.6025243,-74.1792353,0.0,19.109635897,,0.0,10.0,0.0
169255,10498602,-74.114489058,4.61554113699998,KR 50-CL 3 02,2019,Octubre,1,martes,17,0,Puente Aranda,Choque,Vehículo,,Solo Daños,0,0,0,0,0,0,0,0,0,0,0,0,0,0,0,0,0,0,0,0,0,0,1000332.0,0.0033059199547897664,366.95711498166406,CL11SUR,KR7;KR10,4.6123352,-74.11529594999999,1.0,13.807256671916667,,0.0,120.0,1.0
169257,10498604,-74.073041444,4.676443178,KR 55B-CL 79B 2,2019,Octubre,1,martes,8,50,Barrios Unidos,Choque,Vehículo,,Solo Daños,0,0,0,0,0,0,0,0,0,0,0,0,0,0,0,0,0,0,0,0,1,0,52.0,0.001349243825450599,149.76606462501647,CL170,KR7;KR92,4.6777407,-74.07267145,1.0,21.06376805685484,,0.0,124.0,1.0
169259,10498606,-74.089584801,4.616795465,KR 30-CL 18 02,2019,Octubre,1,martes,8,55,Los Mártires,Choque,Vehículo,,Solo Daños,0,1,0,0,0,0,0,0,0,0,0,0,0,0,0,0,0,0,0,0,0,0,1000700.0,0.0007888093075176159,87.55783313445536,CL13,KR56;KR47,4.616027750000001,-74.0894036,1.0,31.200319141717173,,0.0,99.0,1.0
169260,10498979,-74.083849594,4.59823267799999,KR 14-CL 7 2,2019,Octubre,4,viernes,19,20,Santa Fe,Choque,Vehículo,,Solo Daños,0,0,0,0,0,1,0,0,0,1,0,0,0,0,0,0,0,0,0,0,0,1,1001993.0,0.001731895907654639,192.24044574966493,AUTONORTE,VIRREY;CL82,4.599906,-74.0842962,1.0,36.5049532697479,,0.0,119.0,1.0
169261,10498980,-74.075325525,4.61072248400001,AV AVENIDA CARACAS-CL 22 02,2019,Octubre,5,sábado,10,15,Los Mártires,Otro,,,Con Heridos,0,0,0,0,1,0,0,0,0,0,1,0,0,0,0,0,0,0,0,0,0,0,41.0,0.0003620695836312271,40.189723783066206,CL39,KR7;AV.CARACAS,4.61057625,-74.07565675000001,1.0,9.64679227892562,,0.0,121.0,1.0
169262,10498981,-74.071694896,4.65556201499999,KR 24-CL 63F 2,2019,Octubre,4,viernes,18,20,Barrios Unidos,Choque,Vehículo,,Solo Daños,0,0,0,0,0,0,0,0,0,0,0,0,0,0,0,0,0,0,0,0,0,0,136.0,0.002078391561995266,230.70146338147453,"KR50,CL13",CL17;KR56,4.6570739,-74.07312105,1.0,18.903364768387096,,0.0,93.0,1.0
169263,10498982,-74.1074048,4.74821551399998,CL 143-KR 127A 02,2019,Octubre,4,viernes,20,40,Suba,Choque,Vehículo,,Solo Daños,0,0,0,0,0,0,0,0,0,1,0,0,0,0,0,0,0,0,0,0,0,1,1000951.0,0.010953340643500469,1215.8208114285521,AV.SUBA,CL127;HUMEDAL.CORDOBA,4.7388854,-74.1016668,0.0,37.997731443333336,,0.0,120.0,0.0
169264,10498983,-74.125125849,4.56374817300002,CL 51-KR 13 S 2,2019,Octubre,5,sábado,5,20,Tunjuelito,Atropello,,,Con Heridos,0,0,0,0,0,0,1,1,0,0,0,0,0,0,0,0,0,0,0,0,0,0,39.0,0.011698353718417953,1298.5172627443928,AV.CARACAS,AV.P.MAYO;CL80,4.5552695,-74.11706585,0.0,24.44125223672131,,0.0,122.0,0.0
169265,10498984,-74.123825084,4.68393849799997,CL 26-KR 93 2,2019,Octubre,6,domingo,0,30,Fontibón,Volcamiento,,,Con Heridos,0,0,0,0,0,1,0,0,0,0,0,0,0,0,0,0,0,0,0,0,0,0,1000238.0,0.0033935378484696676,376.6827011801331,CL134,KR58;KR53,4.68384265,-74.1204329,1.0,41.392759752857145,,0.0,119.0,1.0
169266,10498985,-74.0403,4.67610000000002,KR 7-CL 95 2,2019,Octubre,4,viernes,14,50,Chapinero,Choque,Vehículo,,Solo Daños,0,0,0,0,0,1,0,0,0,0,0,0,0,0,0,0,0,0,0,0,0,0,1000191.0,0.009647876093999848,1070.9142464339832,KR9,CL161;CL147,4.67150165,-74.04878155,0.0,25.263703253916667,,0.0,120.0,0.0
169267,10498986,-74.187334226,4.62768059299998,KR 88C-CL 56F S 2,2019,Octubre,5,sábado,14,20,Bosa,Atropello,,,Con Heridos,0,0,0,0,0,1,1,1,0,0,0,0,0,0,0,0,0,0,0,0,0,0,76.0,0.015935076795447627,1768.7935242946867,KR86,CL57BSUR;KR91,4.616729,-74.1989096,0.0,15.364381362857143,,0.0,119.0,0.0
169268,10498987,-74.033571269,4.69657002500003,KR 9-CL 119 02,2019,Octubre,4,viernes,17,58,Usaquén,Choque,Vehículo,,Solo Daños,0,0,0,0,0,1,0,0,0,1,0,0,0,0,0,0,0,0,0,0,0,1,1000184.0,0.008454506329582303,938.4502025836356,KR15,CL94;CL100,4.704458949999999,-74.03053095,0.0,14.574377682931035,,0.0,116.0,0.0
169269,10498988,-74.106925446,4.59318849200002,CL 16-KR 28 S 2,2019,Octubre,5,sábado,13,33,Antonio Nariño,Atropello,,,Con Heridos,0,0,0,0,0,0,1,1,0,0,0,0,0,0,0,0,0,0,0,0,0,0,1000977.0,0.002630390577726923,291.9733541276884,KR24,CL63;CL72,4.5923447500000005,-74.10443405000001,1.0,13.578110857741935,,0.0,124.0,1.0
169270,10498989,-74.062061035,4.65961438699998,CL 72-KR 20 11,2019,Octubre,4,viernes,18,0,Barrios Unidos,Choque,Vehículo,,Solo Daños,0,0,0,0,0,0,0,0,0,1,0,0,0,0,0,0,0,0,0,0,0,1,1000707.0,0.001287716325300097,142.93651210831075,CL13,KR47;KR39,4.6608924,-74.06190325,1.0,20.272995985258618,,0.0,116.0,1.0
169271,10498990,-74.095804714,4.74725036799998,KR 104-CL 145 02,2019,Octubre,4,viernes,16,30,Suba,Choque,Vehículo,,Solo Daños,0,0,0,0,0,0,0,1,0,0,1,0,1,0,0,0,1,0,0,0,0,0,1001707.0,0.004830648790610324,536.2020157577459,AV.SUBA,CL136;CL127,4.7425033,-74.09491,1.0,38.42877046603448,,0.0,116.0,1.0
169272,10498991,-74.044085215,4.76342028800002,AK 45-CL 187 2,2019,Octubre,5,sábado,14,30,Usaquén,Atropello,,,Con Heridos,0,0,0,0,0,0,1,0,0,0,0,0,0,0,0,0,0,0,0,0,0,0,1000087.0,0.006625729857985262,735.4560142363641,KR19,CL147;CL152,4.7597534,-74.04960375,0.0,12.226753778852459,,0.0,122.0,0.0
169273,10498992,-74.150616939,4.64564276099998,CL 8-KR 86 2,2019,Octubre,4,viernes,15,0,Kennedy,Choque,Vehículo,,Solo Daños,0,1,0,0,0,0,0,1,0,1,0,0,0,0,0,0,0,0,0,0,0,1,124.0,0.0070815214861443525,786.0488849620232,CL66A,KR86;KR72,4.652358850000001,-74.1528624,0.0,9.836070901340207,,0.0,97.0,0.0
169274,10498993,-74.137501518,4.55517661099998,AV AVENIDA BOYACA-CL 64 S 2,2019,Octubre,3,jueves,5,50,Ciudad Bolívar,Volcamiento,,,Con Heridos,0,0,0,0,0,1,0,0,0,0,0,0,0,0,0,0,0,0,0,0,0,0,56.0,0.019899295386228085,2208.8217878713176,CL6,AV.CARACAS;KR42,4.574981,-74.13556034999999,0.0,32.00526880256198,,0.0,121.0,0.0
169275,10498994,-74.099310115,4.69762865400003,CL 76-KR 81 02,2019,Octubre,4,viernes,7,40,Engativá,Choque,Vehículo,,Solo Daños,0,0,0,0,0,0,0,0,0,0,1,0,0,0,0,0,0,0,0,0,1,0,1002088.0,0.003735398225703362,414.6292030530732,KR86,CL19A;CL22,4.6969353,-74.1029806,1.0,14.686755721264367,,0.0,87.0,1.0
169276,10498995,-74.159183366,4.68648189700002,CL 17-KR 121 2,2019,Octubre,4,viernes,15,50,Fontibón,Choque,Vehículo,,Solo Daños,0,0,0,0,0,0,0,0,0,0,0,0,0,0,0,0,0,0,0,0,0,0,95.0,0.0026813070975543803,297.6250878285362,AV.SUBA,KR94;SAN.MARTIN,4.68681675,-74.15652305,1.0,26.8226520825,,0.0,124.0,1.0
169277,10498996,-74.104458803,4.71077276400001,TR 94L-CL 83 2,2019,Octubre,5,sábado,10,45,Engativá,Atropello,,,Con Heridos,0,0,0,0,0,0,1,0,0,1,0,0,0,0,0,0,0,0,0,0,0,1,1001349.0,0.008247229819262365,915.4425099381225,CL92,KR19B;KR15,4.7171787,-74.0992645,0.0,16.114066469586778,,0.0,121.0,0.0
169278,10498997,-74.161608044,4.59349282099998,AV AVENIDA CIUDAD DE VILLAVICENCIO-TR 70C 2,2019,Octubre,4,viernes,18,40,Ciudad Bolívar,Choque,Vehículo,,Con Heridos,1,0,0,0,0,0,0,0,0,0,0,0,0,0,0,0,0,0,0,0,0,0,1001946.0,0.0038720483073800323,429.7973621191836,"AV.P.MAYO,CL26SUR",KR72;KR78K,4.5960945,-74.1644758,1.0,12.536315725416667,,0.0,120.0,1.0
169279,10498998,-74.094637347,4.575717629,KR 10-CL 22 S 2,2019,Octubre,4,viernes,19,50,San Cristóbal,Choque,Vehículo,,Solo Daños,0,1,0,0,0,0,0,0,0,0,0,0,0,0,0,0,0,0,0,0,0,0,1000214.0,0.003797508488923947,421.5234422705581,KR5,CL34;CL27,4.57950665,-74.0948911,1.0,23.156077573416667,,0.0,120.0,1.0
169280,10498999,-74.092909817,4.66606886099999,KR 68-CL 63 02,2019,Octubre,4,viernes,7,50,Barrios Unidos,Choque,Vehículo,,Solo Daños,0,0,0,0,0,0,0,1,0,0,1,0,1,0,0,0,1,0,0,0,0,0,1000321.0,0.0013722319344059983,152.31774471906581,KR72,CL163;CL169B,4.6669198000000005,-74.09398635,1.0,29.579900808803416,,0.0,117.0,1.0
169281,10499000,-74.099780326,4.62483278000002,KR 42B-CL 17A 2,2019,Octubre,4,viernes,19,22,Puente Aranda,Choque,Vehículo,,Solo Daños,0,1,0,0,0,0,0,0,0,0,0,0,0,0,0,0,0,0,0,0,0,0,1000680.0,0.0026594269783775442,295.1963945999074,KR27,AV.P.MAYO;CL30S,4.6258809,-74.09733615,1.0,14.021026580476192,,0.0,84.0,1.0
169282,10499001,-74.105640546,4.69601331500002,AV AVENIDA CIUDAD DE CALI-CL 72 2,2019,Octubre,4,viernes,11,0,Engativá,Choque,Vehículo,,Con Heridos,1,0,0,0,0,0,0,0,0,0,0,0,0,0,0,0,0,0,0,0,0,0,1000759.0,0.0019691806042039677,218.5790470666404,KR80,CL26SUR;CL38CSUR,4.69774235,-74.10469815,1.0,20.41409592933333,,0.0,120.0,1.0
169283,10499002,-74.107169231,4.59813142299998,KR 30-CL 8 S 02,2019,Octubre,4,viernes,13,40,Antonio Nariño,Choque,Vehículo,,Solo Daños,0,0,0,0,0,0,0,0,0,0,0,0,0,0,0,0,0,0,0,0,0,0,1000675.0,0.004925971075541111,546.7827893850633,KR11,CL76;CL72,4.602983699999999,-74.10632035,1.0,17.269945625691058,,0.0,123.0,1.0
169284,10499370,-74.110326832,4.57383207800001,CL 32BIS-KR 13 S 2,2019,Octubre,9,miércoles,7,23,Rafael Uribe Uribe,Choque,Vehículo,,Con Heridos,0,0,0,0,0,1,0,0,0,0,0,0,0,0,0,0,0,0,0,0,0,0,1000325.0,0.005721727628414243,635.111766753981,AV.CARACAS,AV.PRIMERO_MAYO;CL11SUR,4.57490245,-74.11594754999999,0.0,19.73102919598361,,0.0,122.0,0.0
169285,10499371,-74.104074204,4.67444350699998,AV AVENIDA BOYACA-CL 63 2,2019,Octubre,9,miércoles,23,7,Engativá,Choque,Vehículo,,Con Heridos,0,0,0,0,0,1,0,0,0,0,0,0,0,0,0,0,0,0,0,0,0,0,1000228.0,0.002648209602554837,293.9512658835869,KR72,CL169;CL170,4.6733282,-74.10647610000001,1.0,43.3319210800926,,0.0,108.0,1.0
169286,10499372,-74.04796404,4.72371434399997,CL 140-KR 20 02,2019,Octubre,9,miércoles,10,24,Usaquén,Atropello,,,Con Heridos,0,0,0,0,0,0,1,1,0,0,1,0,1,0,0,1,0,0,0,0,0,0,1002024.0,0.004667046907651463,518.0422067493124,AUTONORTE,TOBERIN;SANTA.FE,4.7209002,-74.0516872,1.0,46.27239137694215,,0.0,121.0,1.0
169287,10499373,-74.145115558,4.58820582300001,AV AVENIDA BOYACA-DG 52 S 2,2019,Octubre,8,martes,13,30,Tunjuelito,Atropello,,,Con Heridos,0,0,0,0,0,1,1,0,0,0,0,0,0,0,0,0,0,0,0,0,0,0,1000297.0,0.005528784708512985,613.6951026449414,CL1,KR21;AV.CARACAS,4.59354105,-74.14366545,0.0,19.787965808655464,,0.0,119.0,0.0
169288,10499374,-74.076109062,4.608751842,KR 14-CL 19 02,2019,Octubre,9,miércoles,10,0,Santa Fe,Atropello,,,Con Heridos,0,0,0,0,0,0,1,0,0,0,1,0,1,1,0,0,0,1,0,0,0,0,41.0,0.0018796411082443194,208.64016301511944,CL39,KR7;AV.CARACAS,4.61057625,-74.07565675000001,1.0,9.64679227892562,,0.0,121.0,1.0
169289,10499375,-74.073451118,4.67289030400002,CL 76-KR 54 2,2019,Octubre,8,martes,15,24,Barrios Unidos,Choque,Vehículo,,Con Heridos,1,0,0,0,0,0,0,0,0,0,0,0,0,0,0,0,0,0,0,0,0,0,112.0,0.0013953970290374624,154.8890702231583,NQS,CL100;CL59SUR,4.672830899999999,-74.07484525,1.0,20.882631624516126,,0.0,124.0,1.0
169290,10499376,-74.101519985,4.65581974000003,KR 68-CL 45 2,2019,Octubre,8,martes,12,40,Engativá,Atropello,,,Con Heridos,0,0,0,0,0,0,1,1,0,0,0,0,0,0,0,0,0,0,0,0,0,0,4.0,0.0029460472829578453,327.01124840832085,CL72,KR7;KR86,4.65391245,-74.10376529999999,1.0,12.400291315322582,,0.0,124.0,1.0
169291,10499377,-74.178474409,4.61097359299998,KR 80-CL 58IBIS S 2,2019,Octubre,8,martes,18,1,Bosa,Atropello,,,Con Muertos,0,0,0,0,0,0,1,0,0,0,1,0,1,0,0,1,0,0,0,0,0,0,149.0,0.008483484385168478,941.666766753701,AV.CL59SUR,CL59SUR;KR81A,4.6025243,-74.1792353,0.0,16.558595103,,0.0,10.0,0.0
169292,10499378,-74.077249524,4.62179208800001,CL 26-KR 25 2,2019,Octubre,8,martes,15,39,Teusaquillo,Choque,Vehículo,,Con Heridos,0,0,0,0,0,1,0,0,0,1,0,0,0,0,0,0,0,0,0,0,0,1,1000967.0,0.001805524990765065,200.41327397492222,CL26,KR33;KR40,4.6235713,-74.07694240000001,1.0,31.066183081935485,,0.0,124.0,1.0
169293,10499379,-74.07084673,4.61045768499997,KR 9-CL 24 ES 2,2019,Octubre,9,miércoles,10,0,San Cristóbal,Atropello,,,Con Heridos,0,0,0,0,0,0,1,1,0,0,1,0,1,0,0,1,0,0,0,0,0,0,1000208.0,0.0027576340153309805,306.0973757017388,KR7,CL63;CL72,4.609056150000001,-74.07322165,1.0,,,,,0.0
169294,10499380,-74.103298541,4.653672675,KR 68-CL 26 02,2019,Octubre,9,miércoles,19,25,Fontibón,Caida de ocupante,,,Con Heridos,0,0,0,0,0,0,0,0,0,0,1,0,0,0,0,0,0,0,0,0,0,0,4.0,0.0005247437609897462,58.24655746986183,CL72,KR7;KR86,4.65391245,-74.10376529999999,1.0,11.373248877583334,,0.0,120.0,1.0
169295,10499381,-74.094637347,4.575717629,KR 10-CL 22 S 2,2019,Octubre,9,miércoles,9,40,San Cristóbal,Caida de ocupante,,,Con Heridos,0,0,0,0,0,0,0,1,0,0,1,0,0,0,0,0,0,0,0,0,0,0,1000214.0,0.003797508488923947,421.5234422705581,KR5,CL34;CL27,4.57950665,-74.0948911,1.0,22.454866822580648,,0.0,124.0,1.0
169296,10499382,-74.155165094,4.63419068299999,KR 80G-CL 2 2,2019,Octubre,8,martes,15,15,Kennedy,Atropello,,,Con Muertos,0,0,0,0,0,0,1,1,0,0,1,0,1,0,0,1,0,0,0,0,0,0,148.0,0.0062271288503157754,691.2113023850511,AV.CL59SUR,KR81A;CL59SUR,4.6285372,-74.1577757,0.0,20.658020875000002,,0.0,8.0,0.0
169297,10499383,-74.088482035,4.66018822500001,KR 60-CL 63 02,2019,Octubre,9,miércoles,11,30,Barrios Unidos,Choque,Vehículo,,Solo Daños,0,0,0,0,0,0,0,0,0,0,0,0,0,0,0,0,0,0,0,0,0,0,24.0,0.001796161290321228,199.3739032256563,CL127,KR7;AV.BOYACA,4.66108545,-74.09003805,1.0,12.340015905206613,,0.0,121.0,1.0
169298,10499385,-74.074540747,4.60732294399997,CL 19-KR 12 2,2019,Octubre,9,miércoles,12,4,Santa Fe,Choque,Vehículo,,Solo Daños,0,0,0,0,0,0,0,0,0,0,0,0,0,0,0,0,0,0,0,0,0,0,1000653.0,0.0012508471816729291,138.84403716569514,AV.CIRCUNVALAR,KR7;CL83,4.6066223,-74.07557695,1.0,19.80005366967213,,0.0,122.0,1.0
169299,10499386,-74.065739677,4.66107546199999,KR 21-CL 71A 02,2019,Octubre,9,miércoles,12,15,Barrios Unidos,Choque,Vehículo,,Solo Daños,0,1,0,0,0,0,0,0,0,0,0,0,0,0,0,0,0,0,0,0,0,0,11.0,0.0017773122635504715,197.28166125410232,KR19,CL159;CL100,4.660728300000001,-74.0639966,1.0,11.872702293583334,,0.0,120.0,1.0
169300,10499387,-74.152320606,4.62941293300003,CL 26-KR 79 S 2,2019,Octubre,9,miércoles,14,30,Kennedy,Choque,Vehículo,,Solo Daños,0,0,0,0,0,0,0,1,0,1,0,0,0,0,0,0,0,0,0,0,0,1,148.0,0.0055249397133508025,613.2683081819391,AV.CL59SUR,KR81A;CL59SUR,4.6285372,-74.1577757,0.0,19.46153025,,0.0,8.0,0.0
169301,10499388,-74.089529149,4.69573941700003,CL 80-KR 72 2,2019,Octubre,8,martes,22,20,Engativá,Volcamiento,,,Con Muertos,0,1,0,0,0,1,0,0,0,1,0,0,0,0,0,0,0,0,0,0,0,1,1001000.0,0.002519699105683848,279.6866007309072,CL80,KR119;KR112A,4.69445795,-74.08735965,1.0,43.430943322941175,,0.0,119.0,1.0
169302,10499389,-74.163757129,4.63763437300003,CL 35B-KR 87C S 2,2019,Octubre,9,miércoles,15,5,Kennedy,Choque,Vehículo,,Solo Daños,0,0,0,0,0,0,0,0,0,0,0,0,0,0,0,0,0,0,0,0,0,0,148.0,0.010887426209832117,1208.504309291365,AV.CL59SUR,KR81A;CL59SUR,4.6285372,-74.1577757,0.0,20.658020875000002,,0.0,8.0,0.0
169303,10499390,-74.07589677,4.66359613499998,AK 30-CL 68 02,2019,Octubre,9,miércoles,18,25,Barrios Unidos,Choque,Vehículo,,Solo Daños,0,1,0,0,0,0,0,0,0,0,0,0,0,0,0,0,0,0,0,0,0,0,1000189.0,0.005025349261520241,557.8137680287468,KR7,CL170;CL165,4.66734485,-74.0792436,0.0,26.050460181583333,,0.0,120.0,0.0
169304,10499391,-74.056441471,4.71848782299998,CL 132-KR 50 2,2019,Octubre,9,miércoles,22,28,Suba,Choque,Vehículo,,Solo Daños,0,0,0,0,0,0,0,0,0,1,0,0,0,0,0,0,0,0,0,0,0,1,1001953.0,0.0021433408402921966,237.91083327243382,CL100,KR15;KR11,4.720507899999999,-74.05715785000001,1.0,28.85333807225,,0.0,120.0,1.0
169305,10499392,-74.082045656,4.63080419800002,KR 33-CL 27A 2,2019,Octubre,9,miércoles,17,0,Teusaquillo,Choque,Vehículo,,Solo Daños,0,0,0,0,0,0,0,0,0,0,0,0,0,0,0,0,0,0,0,0,0,0,1001987.0,0.0013026379157310773,144.59280864614956,NQS,CAMPIN;U.NACIONAL,4.63205205,-74.08167184999999,1.0,39.85439366641666,,0.0,120.0,1.0
169306,10499393,-74.066623709,4.722953883,KR 58-CL 132A 02,2019,Octubre,9,miércoles,16,31,Suba,Choque,Vehículo,,Solo Daños,0,1,0,0,0,0,0,0,0,0,1,0,1,0,0,1,0,0,0,0,0,0,1001054.0,0.0013148241832168703,145.9454843370726,KR68,KR64;AV.SUBA,4.72398195,-74.06580405,1.0,24.99494804737288,,0.0,118.0,1.0
169307,10499394,-74.111737049,4.68143459800001,CL 63-TR 85 2,2019,Octubre,9,miércoles,20,33,Engativá,Choque,Vehículo,,Solo Daños,0,0,0,0,0,0,0,0,0,0,1,0,1,0,0,1,0,0,0,0,0,0,1000227.0,0.004801417158754356,532.9573046217334,KR72,CL170;CL169,4.67854075,-74.1155684,1.0,28.009738622666664,,0.0,120.0,1.0
169308,10499395,-74.068213881,4.68742849900002,KR 62-CL 98 02,2019,Octubre,9,miércoles,13,40,Barrios Unidos,Choque,Vehículo,,Solo Daños,0,0,0,0,0,0,0,0,0,1,0,0,0,0,0,0,0,0,0,0,0,1,25.0,0.0034404005335828248,381.8844592276935,KR9,CL170;CL134,4.68451635,-74.07004575,1.0,19.82811433808333,,0.0,120.0,1.0
169309,10499762,-74.067019372,4.73425003,AV AVENIDA BOYACA-CL 146B 02,2019,Octubre,12,sábado,14,24,Suba,Choque,Vehículo,,Solo Daños,0,0,0,0,0,0,0,0,0,0,0,0,0,0,0,0,0,0,0,0,0,0,8.0,0.0029660210414731818,329.2283356035232,KR15,CL127;CL106,4.735977800000001,-74.0694302,1.0,12.155240231065575,,0.0,122.0,1.0
169310,10499763,-74.19061293,4.59882592299999,CL 69B-TR 77I S 02,2019,Octubre,10,jueves,13,31,Bosa,Choque,Vehículo,,Solo Daños,0,0,0,0,0,0,0,0,0,0,0,0,0,0,0,0,0,0,0,0,0,0,149.0,0.011963630588206266,1327.9629952908956,AV.CL59SUR,CL59SUR;KR81A,4.6025243,-74.1792353,0.0,25.57615745875,,0.0,8.0,0.0
169311,10499764,-74.127765971,4.57960895899998,CL 46-KR 24B S 2,2019,Octubre,11,viernes,1,0,Tunjuelito,Choque,Vehículo,,Solo Daños,0,0,1,0,0,0,0,0,0,0,0,0,0,0,0,0,0,0,0,0,0,0,1002271.0,0.003204182484070143,355.6642557317859,KR72,KR1;KR4AE,4.582431,-74.12624845,1.0,38.522695306923076,,0.0,13.0,1.0
169312,10499765,-74.077709263,4.79114429100002,CL 209-KR 113 02,2019,Octubre,12,sábado,8,50,Suba,Choque,Vehículo,,Solo Daños,0,0,0,0,0,0,0,0,0,0,1,0,0,0,0,0,0,0,0,0,1,0,29.0,0.014755613859543739,1637.873138409355,CL134,KR72;KR7,4.77905735,-74.08617295,0.0,19.049623328225806,,0.0,124.0,0.0
169313,10499766,-74.161546638,4.59605335600003,AV AVENIDA DEL SUR-KR 70C 02,2019,Octubre,12,sábado,16,30,Bosa,Choque,Vehículo,,Solo Daños,0,0,0,0,0,0,0,0,0,1,0,0,0,0,0,0,0,0,0,0,0,1,1001946.0,0.0029294509470177204,325.169055118967,"AV.P.MAYO,CL26SUR",KR72;KR78K,4.5960945,-74.1644758,1.0,15.490580015603449,,0.0,116.0,1.0
169314,10499767,-74.060265327,4.74989813799999,CL 167-KR 58B 02,2019,Octubre,12,sábado,17,0,Suba,Choque,Vehículo,,Solo Daños,0,0,0,0,0,0,0,0,0,0,0,0,0,0,0,0,0,0,0,0,0,0,1000078.0,0.008905382285741871,988.4974337173477,CL100,KR19;KR49,4.7416579,-74.0568883,0.0,19.716240057666667,,0.0,120.0,0.0
169315,10499768,-74.159379452,4.626072163,AK 80-CL 38C S 51,2019,Octubre,11,viernes,11,40,Kennedy,Choque,Vehículo,,Solo Daños,0,0,0,0,0,0,0,1,0,0,1,0,1,0,1,0,0,0,0,0,0,0,148.0,0.002940820954913041,326.43112599534754,AV.CL59SUR,KR81A;CL59SUR,4.6285372,-74.1577757,1.0,21.28936936375,,0.0,8.0,1.0
169316,10499769,-74.108645039,4.647015103,KR 68-CL 22A 02,2019,Octubre,12,sábado,14,10,Teusaquillo,Choque,Vehículo,,Solo Daños,0,0,0,0,0,0,0,0,0,0,0,0,0,0,0,0,0,0,0,0,0,0,1000029.0,0.0037026181927358667,410.9906193936812,CL72,KR7;KR11,4.6439399,-74.11070720000001,1.0,11.03116688548387,,0.0,124.0,1.0
169317,10499770,-74.100749482,4.69185027399999,CL 72-KR 78 02,2019,Octubre,15,martes,10,50,Engativá,Choque,Vehículo,,Con Heridos,0,0,0,0,0,1,0,0,0,0,0,0,0,0,0,0,0,0,0,0,0,0,1000748.0,0.003411091241715984,378.6311278304742,KR68,CL3;CL13,4.692486049999999,-74.1041008,1.0,23.23706550362069,,0.0,116.0,1.0
169318,10499771,-74.140442157,4.64073438700001,KR 78-CL 8C 2,2019,Octubre,15,martes,6,54,Kennedy,Choque,Vehículo,,Con Heridos,0,0,0,0,0,1,0,0,0,0,0,0,0,0,0,0,0,0,0,0,0,0,131.0,0.002832688489661751,314.4284223524544,"KR78K,CL41SUR",CL26SUR;AV.P.MAYO,4.6381608,-74.14162569999999,1.0,16.3017957775,,0.0,116.0,1.0
169319,10499772,-74.132411042,4.70490175800001,KR 111C-CL 65B 02,2019,Octubre,12,sábado,6,38,Engativá,Choque,Vehículo,,Con Heridos,0,0,0,0,0,1,0,0,0,1,0,0,0,0,0,0,0,0,0,0,0,0,103.0,0.00898272180704965,997.0821205825112,DIAG16,KR129;CL17,4.71384325,-74.1332707,0.0,26.609486243448274,,0.0,116.0,0.0
169320,10499773,-74.156520839,4.64604889499998,CL 6B-KR 88 2,2019,Octubre,14,lunes,16,18,Kennedy,Choque,Vehículo,,Con Heridos,0,0,0,0,0,1,0,0,0,0,0,0,0,0,0,0,0,0,0,0,0,0,124.0,0.007293812995884998,809.6132425432347,CL66A,KR86;KR72,4.652358850000001,-74.1528624,0.0,9.954209997282609,,0.0,92.0,0.0
169321,10499774,-74.051741276,4.66736650799999,CL 84A-KR 11 02,2019,Octubre,15,martes,7,50,Chapinero,Choque,Vehículo,,Con Heridos,0,0,0,0,0,1,0,0,0,0,0,0,0,0,0,0,0,0,0,0,0,0,1000986.0,0.003829036235838841,425.0230221781114,CL80,KR69H;KR58,4.6638357,-74.0532228,1.0,26.908306987333333,,0.0,105.0,1.0
169322,10499775,-74.114810508,4.51556645900001,CL 74C-KR 10 S 02,2019,Octubre,8,martes,19,10,Usme,Choque,Vehículo,,Con Heridos,0,0,0,0,0,1,0,0,0,0,0,0,0,0,0,0,0,0,0,0,0,0,1001959.0,0.019153602179057275,2126.0498418753573,"CL19,KR3",KR5;CL22,4.5343054,-74.1108466,0.0,13.749527720775863,,0.0,116.0,0.0
169323,10499776,-74.125558449,4.69852427199999,KR 105C-CL 65 2,2019,Octubre,15,martes,7,53,Engativá,Choque,Vehículo,,Con Heridos,0,0,0,0,0,1,0,0,0,0,0,0,0,0,0,0,0,0,0,0,0,0,1000723.0,0.007836649518300976,869.8680965314084,KR86,CL10;AV.AMERICAS,4.6984233,-74.11772245,0.0,13.815338940247935,,0.0,121.0,0.0
169324,10499777,-74.097684815,4.60729177100001,KR 30-CL 6 02,2019,Octubre,11,viernes,16,30,Puente Aranda,Choque,Vehículo,,Con Heridos,0,1,0,0,0,1,0,0,0,0,0,0,0,0,0,0,0,0,0,0,0,0,1001001.0,0.0008664535317363758,96.17634202273771,CL24,KR40;AV.AMERICAS,4.60802425,-74.09814765,1.0,12.724495134033614,,0.0,119.0,1.0
169325,10499778,-74.133253383,4.643628358,AV AVENIDA BOYACA-CL 11C 02,2019,Octubre,15,martes,8,38,Kennedy,Choque,Vehículo,,Con Heridos,0,0,0,0,0,1,0,0,0,0,0,0,0,0,0,0,0,0,0,0,0,0,1000994.0,0.00213643091965409,237.14383208160396,CL80,KR96;KR89A,4.645728399999999,-74.13286074999999,1.0,22.19597230527273,,0.0,110.0,1.0
169326,10499779,-74.098790054,4.64141975199999,CL 24A-KR 54 2,2019,Octubre,15,martes,7,0,Teusaquillo,Choque,Vehículo,,Con Heridos,0,0,0,0,0,1,0,0,0,0,0,0,0,0,0,0,0,0,0,0,0,0,1000022.0,0.0019988844832448615,221.87617764017963,KR7,CL85;CL79,4.64152795,-74.0967941,1.0,17.406438680183488,,0.0,109.0,1.0
169327,10499780,-74.172262416,4.61520179299998,CL 53-KR 79D S 71,2019,Octubre,15,martes,22,28,Kennedy,Choque,Vehículo,,Con Heridos,0,0,0,0,0,1,0,0,0,0,0,0,0,0,0,0,0,0,0,0,0,0,149.0,0.014468584590142294,1606.0128895057946,AV.CL59SUR,CL59SUR;KR81A,4.6025243,-74.1792353,0.0,27.21717575125,,0.0,8.0,0.0
169328,10499781,-74.170514072,4.627968614,AV AVENIDA CIUDAD DE VILLAVICENCIO-KR 85A 02,2019,Octubre,15,martes,7,0,Kennedy,Choque,Vehículo,,Con Heridos,0,0,0,0,0,1,0,0,0,0,0,0,0,0,0,0,0,0,0,0,0,0,148.0,0.012751055299456967,1415.3671382397233,AV.CL59SUR,KR81A;CL59SUR,4.6285372,-74.1577757,0.0,17.75568922,,0.0,8.0,0.0
169329,10499782,-74.179302031,4.59706228499999,AV AVENIDA DEL SUR-CL 63 S 02,2019,Octubre,15,martes,8,45,Bosa,Choque,Vehículo,,Con Heridos,1,0,0,0,0,0,0,0,0,0,1,0,1,0,0,1,0,0,0,0,0,0,149.0,0.005462422620659547,606.3289108932097,AV.CL59SUR,CL59SUR;KR81A,4.6025243,-74.1792353,0.0,26.541386083749998,,0.0,8.0,0.0
169330,10499783,-74.131,4.6207,KR 69D-CL 1 S 60,2019,Octubre,14,lunes,12,39,Kennedy,Choque,Vehículo,,Con Heridos,1,0,0,0,0,0,0,1,0,0,0,0,0,0,0,0,0,0,0,0,0,0,138.0,0.0033537803703435325,372.2696211081321,"CL19,KR3",KR5;CL22,4.6173525,-74.13120515,1.0,10.554462088306453,,0.0,124.0,1.0
169331,10499784,-74.153310441,4.63590074500001,CL 6-KR 80G 02,2019,Octubre,15,martes,18,40,Kennedy,Choque,Vehículo,,Con Heridos,1,1,0,0,1,0,0,0,0,0,0,0,0,0,0,0,0,0,0,0,0,0,148.0,0.00861163938540405,955.8919717798495,AV.CL59SUR,KR81A;CL59SUR,4.6285372,-74.1577757,0.0,15.73757716625,,0.0,8.0,0.0
169332,10499785,-74.148645467,4.61777893800001,AV AVENIDA PRIMERO DE MAYO-KR 73C 2,2019,Octubre,14,lunes,17,14,Kennedy,Choque,Vehículo,,Con Heridos,1,0,0,0,0,1,0,0,0,0,0,0,0,0,0,0,0,0,0,0,0,0,1000749.0,0.005517699874592693,612.4646860797889,KR68,CL3;CL21SUR,4.6131227,-74.15160595,0.0,26.351480666218485,,0.0,119.0,0.0
169333,10499786,-74.079228912,4.587949149,CL 1F-KR 5H 02,2019,Octubre,13,domingo,17,5,Santa Fe,Atropello,,,Con Heridos,1,0,0,0,1,0,1,0,0,0,0,0,0,0,0,0,0,0,0,0,0,0,1001961.0,0.003589820180450612,398.4700400300179,CL22,KR1;KR3,4.5900896,-74.08211080000001,1.0,12.48857365375,,0.0,120.0,1.0
169334,10500151,-74.061165101,4.66293220099999,AV AVENIDA CARACAS-CL 75 02,2019,Octubre,18,viernes,12,55,Chapinero,Choque,Vehículo,,Solo Daños,0,1,0,0,0,0,0,0,0,0,0,0,0,0,0,0,0,0,0,0,0,0,1000707.0,0.002169251498964653,240.7869163850765,CL13,KR47;KR39,4.6608924,-74.06190325,1.0,21.05681853191667,,0.0,120.0,1.0
169335,10500152,-74.151880515,4.58995707399998,CL 67B-KR 62 S 2,2019,Octubre,18,viernes,7,0,Tunjuelito,Choque,Vehículo,,Solo Daños,0,0,0,0,0,0,0,0,0,1,1,0,1,0,0,1,0,0,0,0,0,1,1000297.0,0.008962821928553947,994.873234069488,CL1,KR21;AV.CARACAS,4.59354105,-74.14366545,0.0,21.295412237868852,,0.0,122.0,0.0
169336,10500153,-74.021293242,4.73472977099999,CL 160-KR 4B 02,2019,Octubre,18,viernes,7,29,Usaquén,Choque,Vehículo,,Solo Daños,1,0,0,0,0,0,0,0,0,0,0,0,0,0,0,0,0,0,0,0,1,0,1000081.0,0.012080198418930556,1340.9020245012916,KR19,CL116;CL127,4.7391552,-74.03253365,0.0,20.029936671639344,,0.0,122.0,0.0
169337,10500154,-74.140042581,4.63045852499999,AV AVENIDA DE LAS AMERICAS-KR 72C 2,2019,Octubre,18,viernes,6,37,Kennedy,Choque,Vehículo,,Solo Daños,0,1,0,0,0,0,0,0,0,0,0,0,0,0,0,0,0,0,0,0,0,0,1000961.0,0.0037358080554136933,414.67469415091995,CL72,KR24;KR55,4.627228499999999,-74.1419196,1.0,28.47600804153846,,0.0,117.0,1.0
169338,10500155,-74.119282344,4.679137712,AV AVENIDA CIUDAD DE CALI-CL 26 02,2019,Octubre,18,viernes,9,15,Engativá,Choque,Vehículo,,Solo Daños,0,1,0,0,0,0,0,0,0,0,0,0,0,0,0,0,0,0,0,0,0,0,115.0,0.0033283839213305304,369.4506152676889,KR60;CL68,CL66C;KR58,4.68103185,-74.1220192,1.0,18.375713451382115,,0.0,123.0,1.0
169339,10500156,-74.088637023,4.57051319599998,CL 22-KR 2 S 2,2019,Octubre,18,viernes,12,0,San Cristóbal,Choque,Vehículo,,Solo Daños,0,0,0,0,0,0,0,0,0,1,1,0,1,0,0,1,0,0,0,0,0,1,42.0,0.005613539511957469,623.1028858272791,CL39,AV.CARACAS;KR7,4.568182500000001,-74.09374385000001,0.0,9.101682757580646,,0.0,124.0,0.0
169340,10500157,-74.134602833,4.59418802599998,CL 45A-KR 51D S 02,2019,Octubre,18,viernes,10,40,Tunjuelito,Choque,Vehículo,,Solo Daños,0,0,0,0,0,0,0,1,0,0,1,0,1,0,0,1,0,0,0,0,0,0,1000295.0,0.003287920470960982,364.959172276669,CL1,AV.CARACAS;KR10,4.5933419,-74.13142565,1.0,25.630392898135593,,0.0,118.0,1.0
169341,10500158,-74.129925456,4.58006079500001,CL 47B-KR 25 S 02,2019,Octubre,18,viernes,12,50,Tunjuelito,Choque,Vehículo,,Solo Daños,0,0,0,0,0,0,0,1,0,0,0,0,0,0,0,0,0,0,0,0,0,0,1002271.0,0.004374727976221371,485.5948053605722,KR72,KR1;KR4AE,4.582431,-74.12624845,1.0,27.738694950000003,,0.0,10.0,1.0
169342,10500159,-74.041452744,4.69876236699997,CL 119-KR 14A 2,2019,Octubre,17,jueves,14,46,Usaquén,Choque,Vehículo,,Con Heridos,0,0,0,0,0,1,0,1,0,1,0,0,0,0,0,0,0,0,0,0,0,1,1002018.0,0.00666667757854027,740.00121121797,AUTONORTE,ALCALA;CL146,4.705305,-74.0427328,0.0,31.75817533733871,,0.0,124.0,0.0
169343,10500160,-74.085381443,4.60837508399999,CL 13-KR 20 2,2019,Octubre,17,jueves,11,0,Los Mártires,Choque,Vehículo,,Con Heridos,1,0,0,0,0,0,0,0,0,0,0,0,0,0,0,0,0,0,0,0,0,0,1000703.0,0.002257574265131,250.59074342954102,CL13,KR33;KR27,4.60709655,-74.0835208,1.0,15.682812642540982,,0.0,122.0,1.0
169344,10500161,-74.1271104,4.59370221699999,AV AVENIDA DEL SUR-KR 50 02,2019,Octubre,18,viernes,5,50,Antonio Nariño,Choque,Vehículo,,Con Heridos,0,0,0,0,0,1,0,0,0,0,0,0,0,0,0,0,0,0,0,0,0,0,1000955.0,0.002783675722442574,308.9880051911257,AV.P.MAYO,KR52A;KR69B,4.59631235,-74.1280779,1.0,44.31640592057377,,0.0,122.0,1.0
169345,10500162,-74.15570545,4.63991848000001,KR 86-CL 6 2,2019,Octubre,17,jueves,3,0,Kennedy,Choque,Vehículo,,Con Heridos,0,0,1,0,0,1,0,0,0,0,0,0,0,0,0,0,0,0,0,0,0,0,148.0,0.011568036544770132,1284.0520564694846,AV.CL59SUR,KR81A;CL59SUR,4.6285372,-74.1577757,0.0,46.06407262625,,0.0,8.0,0.0
169346,10500163,-74.093049902,4.70867549600001,CL 96-KR 82 02,2019,Octubre,18,viernes,8,51,Engativá,Choque,Vehículo,,Con Heridos,0,0,0,0,0,1,0,0,0,0,0,0,0,0,0,0,0,0,0,0,0,0,1001935.0,0.003659893776115357,406.2482091488046,CL66A,KR86;KR72,4.710509350000001,-74.08988260000001,1.0,11.3027078011,,0.0,100.0,1.0
169347,10500164,-74.120920589,4.60291332899999,KR 50-CL 26 S 2,2019,Octubre,17,jueves,12,45,Puente Aranda,Choque,Vehículo,,Con Heridos,1,0,0,0,0,0,0,0,0,1,0,0,0,0,0,0,0,0,0,0,0,1,1001061.0,0.0015310842879213756,169.95035595927268,AV.P.MAYO,CL43SUR;CL41BSUR,4.6016787,-74.1200151,1.0,18.448388767661292,,0.0,124.0,1.0
169348,10500166,-74.114605684,4.69599865999999,CL 69A-KR 94 02,2019,Octubre,18,viernes,8,48,Engativá,Choque,Vehículo,,Con Heridos,0,0,0,0,0,1,0,0,0,0,1,1,1,0,0,1,0,0,0,0,0,0,1000723.0,0.003948811141145598,438.3180366671614,KR86,CL10;AV.AMERICAS,4.6984233,-74.11772245,1.0,14.079540895806453,,0.0,124.0,1.0
169349,10500167,-74.192557565,4.61790502999997,AV AVENIDA CIUDAD DE CALI-CL 69 S 2,2019,Octubre,17,jueves,11,20,Bosa,Choque,Vehículo,,Con Heridos,1,0,0,0,0,0,0,1,0,0,0,0,0,0,0,0,0,0,0,0,0,0,76.0,0.006459984148738382,717.0582405099605,KR86,CL57BSUR;KR91,4.616729,-74.1989096,0.0,15.228443229545455,,0.0,110.0,0.0
169350,10500168,-74.101641871,4.692441352,KR 80-CL 71B 02,2019,Octubre,18,viernes,6,15,Engativá,Choque,Vehículo,,Con Heridos,0,0,0,0,0,1,0,0,0,0,0,0,0,0,0,0,0,0,0,0,0,0,1000748.0,0.0024593352228279453,272.98620973390194,KR68,CL3;CL13,4.692486049999999,-74.1041008,1.0,20.62724184974138,,0.0,116.0,1.0
169351,10500169,-74.082039998,4.58422220099999,KR 6-CL 2 S 2,2019,Octubre,17,jueves,18,0,San Cristóbal,Choque,Vehículo,,Con Heridos,1,0,0,0,0,1,0,0,0,0,0,0,0,0,0,0,0,0,0,0,0,0,104.0,0.0013376747150695449,148.48189337271947,CL80,AV.CARACAS;KR119,4.5855397,-74.08227145000001,1.0,17.771755879833332,,0.0,120.0,1.0
169352,10500170,-74.136565353,4.58734948099999,CL 50A-KR 36 S 2,2019,Octubre,18,viernes,0,30,Tunjuelito,Choque,Vehículo,,Con Heridos,0,0,0,0,0,0,0,0,0,1,0,0,0,0,0,0,0,0,0,0,0,1,1002273.0,0.005466979538219213,606.8347287423327,AV.VILLAVICENCIO,AV.P.MAYO;CL57BSUR,4.5920865,-74.13929455,0.0,31.82296212625,,0.0,8.0,0.0
169353,10500171,-74.08623873,4.53219347300001,KR 15-CL 57 E 02,2019,Octubre,18,viernes,8,34,San Cristóbal,Choque,Vehículo,,Con Heridos,0,0,0,0,0,1,0,0,0,0,0,0,0,0,0,0,0,0,0,0,0,0,58.0,0.02323776009004383,2579.3913699948653,CL13,AV.CARACAS;KR128,4.5547492,-74.09182735,0.0,21.052073364838712,,0.0,124.0,0.0
169354,10500172,-74.143789542,4.56072742600003,DG 62C-KR 19C S 02,2019,Octubre,18,viernes,4,41,Ciudad Bolívar,Choque,Vehículo,,Con Heridos,0,0,0,0,0,1,0,0,0,0,0,0,0,0,0,0,0,0,0,0,0,0,56.0,0.01645855317898634,1826.8994028674838,CL6,AV.CARACAS;KR42,4.574981,-74.13556034999999,0.0,38.24181329491667,,0.0,120.0,0.0
169355,10500173,-74.165935037,4.62113521999999,AV AVENIDA CIUDAD DE VILLAVICENCIO-CL 80 2,2019,Octubre,17,jueves,2,4,Kennedy,Choque,Vehículo,,Con Heridos,0,0,0,0,0,0,0,0,0,0,0,0,0,0,0,0,0,0,0,0,0,0,148.0,0.011016537033025998,1222.8356106658857,AV.CL59SUR,KR81A;CL59SUR,4.6285372,-74.1577757,0.0,41.320998134999996,,0.0,8.0,0.0
169356,10500174,-74.122720473,4.57767659699999,CL 42-KR 22A S 02,2019,Octubre,18,viernes,6,54,Rafael Uribe Uribe,Choque,Vehículo,,Con Heridos,0,0,0,0,0,1,0,0,0,0,0,0,0,0,0,0,0,0,0,0,0,0,67.0,0.0015328557233401032,170.14698529075145,CL11SUR,AV.CARACAS;KR6_ESTE,4.5782967,-74.12412230000001,1.0,18.565279133017242,,0.0,116.0,1.0
169357,10500175,-74.046156174,4.67709869200002,KR 11-CL 93A 2,2019,Octubre,17,jueves,15,17,Chapinero,Atropello,,,Con Heridos,0,0,0,0,0,0,1,1,0,0,0,0,0,0,0,0,0,0,0,0,0,0,1000098.0,0.005143615776796908,570.9413512244568,KR9,CL165;CL161,4.67476105,-74.0507379,0.0,23.61513918717742,,0.0,124.0,0.0
169358,10500176,-74.140756312,4.576568038,AV AVENIDA BOYACA-KR 25 02,2019,Octubre,18,viernes,18,50,Tunjuelito,Choque,Vehículo,,Con Heridos,0,0,0,0,0,1,0,0,0,1,0,0,0,0,0,0,0,0,0,0,0,1,56.0,0.0054329283741741145,603.0550495333267,CL6,AV.CARACAS;KR42,4.574981,-74.13556034999999,0.0,16.4510510015,,0.0,120.0,0.0
169359,10500551,-74.047524608,4.68497556099999,CL 100-KR 14 02,2019,Octubre,22,martes,15,8,Usaquén,Choque,Vehículo,,Solo Daños,0,0,0,0,0,1,0,1,0,0,1,0,1,0,0,1,0,0,0,0,0,0,1002017.0,0.004886829801022483,542.4381079134956,AUTONORTE,ALCALA;PRADO,4.6892508,-74.04515745,1.0,49.933308553223135,,0.0,121.0,1.0
169360,10500552,-74.107226455,4.69359651000002,AV AVENIDA CIUDAD DE CALI-CL 70 2,2019,Octubre,22,martes,10,0,Engativá,Choque,Vehículo,,Solo Daños,0,1,0,0,0,0,0,1,0,1,0,0,0,0,0,0,0,0,0,0,0,1,1001872.0,0.000810666821264947,89.98401716040912,KR86,CL64BIS;CL66A,4.6942582,-74.1076948,1.0,13.796738285614035,,0.0,114.0,1.0
169361,10500553,-74.089112531,4.65993107200001,CL 63-KR 60 2,2019,Octubre,22,martes,19,10,Barrios Unidos,Choque,Vehículo,,Solo Daños,0,0,0,0,0,0,0,0,0,0,0,0,0,0,0,0,0,0,0,0,0,0,24.0,0.0014795857481854388,164.2340180485837,CL127,KR7;AV.BOYACA,4.66108545,-74.09003805,1.0,14.784377249916668,,0.0,120.0,1.0
169362,10500554,-74.05755676,4.68375147500001,KR 45-CL 95 02,2019,Octubre,22,martes,18,22,Chapinero,Choque,Vehículo,,Solo Daños,0,1,0,0,0,0,0,0,0,0,0,0,0,0,0,0,0,0,0,0,0,0,1000036.0,0.0010340204841968533,114.77627374585072,AUTONORTE,CL82;CL80,4.6830666,-74.05833145,1.0,19.63128833689076,,0.0,119.0,1.0
169363,10500555,-74.054491204,4.70099541799999,KR 45-CL 119 2,2019,Octubre,22,martes,13,10,Usaquén,Choque,Vehículo,,Solo Daños,0,1,0,0,0,0,0,0,0,0,0,0,0,0,0,0,0,0,0,0,0,0,1002011.0,0.004099482300325134,455.0425353360899,AUTONORTE,PEPE.SIERRA;CL100,4.697067349999999,-74.05566425,1.0,33.10888162362903,,0.0,124.0,1.0
169364,10500556,-74.096501453,4.59428003699998,KR 24-CL 1 2,2019,Octubre,22,martes,12,58,Los Mártires,Choque,Vehículo,,Solo Daños,0,1,0,0,0,0,0,1,0,0,0,0,0,0,0,0,0,0,0,0,0,0,1000247.0,0.0012768691554794192,141.73247625821554,AV.CARACAS,CL39;CL34,4.595314950000001,-74.09724935,1.0,18.38497854115702,,0.0,121.0,1.0
169365,10500557,-74.121966497,4.62999251600002,KR 68-CL 9 2,2019,Octubre,22,martes,16,0,Puente Aranda,Choque,Vehículo,,Solo Daños,0,1,0,0,0,1,0,0,0,0,0,0,0,0,0,0,0,0,0,0,0,0,65.0,0.0017307429060415185,192.11246257060856,AV.P.MAYO,KR80;KR3E,4.6307119,-74.12354065,1.0,18.108868711428574,,0.0,119.0,1.0
169366,10500558,-74.074919513,4.61853295899999,CL 26-KR 19 02,2019,Octubre,22,martes,20,10,Teusaquillo,Choque,Vehículo,,Solo Daños,0,0,0,0,0,0,0,0,0,0,0,0,0,0,0,0,0,0,0,0,0,0,1000020.0,0.0016525202909127873,183.4297522913194,KR7,CL79;CL76,4.618767350000001,-74.07328369999999,1.0,21.717228055043478,,0.0,115.0,1.0
169367,10500559,-74.133273103,4.63029054600003,AV AVENIDA DE LAS AMERICAS-KR 71A 60,2019,Octubre,23,miércoles,0,1,Kennedy,Choque,Vehículo,,Solo Daños,0,0,0,0,0,0,0,0,0,1,0,0,0,0,0,0,0,0,0,0,0,1,1002293.0,0.003441842124529185,382.0444758227395,CL53,KR72;CL63,4.62701775,-74.13220770000001,1.0,23.5325464421875,,0.0,32.0,1.0
169368,10500560,-74.056974076,4.65607659,CL 72-KR 9 02,2019,Octubre,22,martes,14,30,Chapinero,Choque,Vehículo,,Solo Daños,0,0,0,0,0,0,0,0,0,0,0,0,0,0,0,0,0,0,0,0,0,0,1000096.0,0.0015532851544628572,172.41465214537715,KR7,CL162;CL153,4.654590349999999,-74.05652265,1.0,22.911131323162394,,0.0,117.0,1.0
169369,10500561,-74.099863737,4.51107033099998,DG 79-KR 8 SE 02,2019,Octubre,22,martes,15,50,Usme,Choque,Vehículo,,Solo Daños,0,0,0,0,0,0,0,0,0,0,0,0,0,0,0,0,0,0,0,0,0,0,1001959.0,0.02570003329010253,2852.703695201381,"CL19,KR3",KR5;CL22,4.5343054,-74.1108466,0.0,14.21875559733871,,0.0,124.0,0.0
169370,10500562,-74.033077458,4.69975229800002,KR 9-CL 123 2,2019,Octubre,22,martes,13,30,Usaquén,Choque,Vehículo,,Solo Daños,0,0,0,0,0,0,0,0,0,1,1,0,1,0,0,1,0,0,0,0,0,1,1000184.0,0.005351380760415311,594.0032644060994,KR15,CL94;CL100,4.704458949999999,-74.03053095,0.0,17.319890777096777,,0.0,124.0,0.0
169371,10500563,-74.140042268,4.61869262699997,AV AVENIDA PRIMERA DE MAYO-KR 72C 02,2019,Octubre,22,martes,21,0,Kennedy,Choque,Vehículo,,Solo Daños,0,0,0,0,0,0,0,0,0,0,1,0,1,0,0,1,0,0,0,0,0,0,90.0,0.0033663880777059633,373.6690766253619,CL24,KR86;AV.AMERICAS,4.61621555,-74.13776265,1.0,22.70796299708333,,0.0,120.0,1.0
169372,10500564,-74.048024739,4.71927307599998,CL 134A-KR 19A 2,2019,Octubre,22,martes,20,4,Usaquén,Choque,Vehículo,,Solo Daños,0,0,0,0,0,0,0,0,0,0,0,0,0,0,0,0,0,0,0,0,0,0,1002021.0,0.003019130446938849,335.1234796102122,AUTONORTE,CARDIO.INFANTIL;CL146,4.7190752,-74.04501210000001,1.0,46.069403253333334,,0.0,120.0,1.0
169373,10500565,-74.113907515,4.75099441200001,KR 141ABIS-CL 143 02,2019,Octubre,22,martes,12,10,Suba,Choque,Vehículo,,Solo Daños,0,0,0,0,0,0,0,0,0,1,1,0,1,0,1,0,0,0,0,0,0,1,1000951.0,0.017218108935866314,1911.210091881161,AV.SUBA,CL127;HUMEDAL.CORDOBA,4.7388854,-74.1016668,0.0,24.793995810327868,,0.0,122.0,0.0
169374,10500566,-74.176753102,4.612552408,AK 80-CL 57B S 2,2019,Octubre,22,martes,20,15,Kennedy,Choque,Vehículo,,Solo Daños,0,0,0,0,0,0,0,0,0,0,1,0,1,0,0,1,0,0,0,0,0,0,149.0,0.010330743292273322,1146.7125054423386,AV.CL59SUR,CL59SUR;KR81A,4.6025243,-74.1792353,0.0,21.11411562375,,0.0,8.0,0.0
169375,10500567,-74.11970463,4.67898742599999,KR 86-CL 26 02,2019,Octubre,22,martes,12,40,Engativá,Choque,Vehículo,,Solo Daños,0,1,0,0,0,0,0,0,0,0,0,0,0,0,0,0,0,0,0,0,0,0,115.0,0.0030881877819681123,342.78884379846045,KR60;CL68,CL66C;KR58,4.68103185,-74.1220192,1.0,16.952116393089433,,0.0,123.0,1.0
169376,10500568,-74.143781035,4.60196642900002,KR 72-CL 40 S 2,2019,Octubre,22,martes,13,10,Kennedy,Choque,Vehículo,,Solo Daños,0,0,0,0,0,0,0,1,0,0,0,0,0,0,0,0,0,0,0,0,0,0,1000698.0,0.0025071679288930916,278.2956401071332,"AV.AMERICAS,CL34",KR36;KR28,4.6006212,-74.14589674999999,1.0,24.362755978790325,,0.0,124.0,1.0
169377,10500569,-74.111016985,4.59549262399997,AK 30-CL 18 S 02,2019,Octubre,22,martes,20,30,Antonio Nariño,Choque,Vehículo,,Solo Daños,0,0,0,0,0,0,0,0,0,0,0,0,0,0,0,0,0,0,0,0,0,0,66.0,0.0029494141478024366,327.38497040607047,CL11SUR,KR6_ESTE;AV.CARACAS,4.5966778,-74.1137178,1.0,16.327889134083332,,0.0,120.0,1.0
169378,10500570,-74.118170074,4.65919708899997,AV AVENIDA BOYACA-CL 23 2,2019,Octubre,22,martes,21,30,Fontibón,Choque,Vehículo,,Solo Daños,0,0,0,0,0,0,0,0,0,0,0,0,0,0,0,0,0,0,0,0,0,0,61.0,0.00217575095288264,241.50835576997306,CL19,KR36;KR5,4.65795775,-74.11995834999999,1.0,20.993789642542374,,0.0,118.0,1.0
169379,10500571,-74.073549151,4.62454327799998,KR 19-CL 35 2,2019,Octubre,22,martes,17,30,Teusaquillo,Choque,Vehículo,,Solo Daños,0,0,0,0,0,0,0,0,0,0,1,0,0,0,0,0,0,0,0,0,0,0,1000313.0,0.0016657942263953408,184.90315912988282,CL13,KR27;KR22,4.6253606000000005,-74.07209765,1.0,28.98524449783333,,0.0,120.0,1.0
169380,10500572,-74.145402924,4.63152692199998,AV AVENIDA DE LAS AMERICAS-KR 78A 02,2019,Octubre,21,lunes,22,15,Kennedy,Choque,Vehículo,,Solo Daños,0,0,0,0,0,0,0,0,0,0,1,0,1,0,0,1,0,0,0,0,0,0,1000961.0,0.0055326284692635615,614.1217600882553,CL72,KR24;KR55,4.627228499999999,-74.1419196,0.0,29.398283001499998,,0.0,120.0,0.0
169381,10500573,-74.046500979,4.75160983299997,KR 45-CL 170 02,2019,Octubre,22,martes,6,51,Usaquén,Choque,Vehículo,,Solo Daños,0,0,0,0,0,0,0,0,0,0,1,0,0,0,0,0,0,0,0,0,0,0,1000087.0,0.008714635469280268,967.3245370901097,KR19,CL147;CL152,4.7597534,-74.04960375,0.0,24.770585695576923,,0.0,104.0,0.0
169382,10500574,-74.08075544,4.63042598499999,KR 32A-CL 29 2,2019,Octubre,22,martes,14,30,Teusaquillo,Choque,Vehículo,,Solo Daños,0,0,0,0,0,0,0,1,0,0,0,0,0,0,0,0,0,0,0,0,0,0,1001987.0,0.001866519400471716,207.18365345236046,NQS,CAMPIN;U.NACIONAL,4.63205205,-74.08167184999999,1.0,41.05146049209677,,0.0,124.0,1.0
169383,10500575,-74.054077656,4.70345834599999,CL 123-KR 45 02,2019,Octubre,22,martes,11,3,Usaquén,Choque,Vehículo,,Solo Daños,0,0,0,0,0,0,0,1,0,0,0,0,0,0,0,0,0,0,0,0,0,0,1000970.0,0.0039040998082086774,433.3550787111632,CL34,KR19;AV.CARACAS,4.705220199999999,-74.0575616,1.0,9.644694885121952,,0.0,123.0,1.0
169384,10500958,-74.120005676,4.63872516700002,CL 13-KR 68 02,2019,Octubre,25,viernes,14,0,Fontibón,Choque,Vehículo,,Solo Daños,0,1,0,0,0,0,0,1,0,0,0,0,0,0,0,0,0,0,0,0,0,0,1002297.0,0.004000341217313839,444.0378751218361,KR70C,CL63SUR;KR51,4.64263125,-74.11914239999999,1.0,23.6899319175,,0.0,8.0,1.0
169385,10500959,-74.104786013,4.50777037199998,DG 83-AK 1 SE 13,2019,Octubre,25,viernes,16,30,Usme,Choque,Vehículo,,Solo Daños,0,1,0,0,0,0,0,0,0,0,1,0,1,0,1,0,0,0,0,0,0,0,1001959.0,0.02721834722657692,3021.236542150038,"CL19,KR3",KR5;CL22,4.5343054,-74.1108466,0.0,12.186563513613445,,0.0,119.0,0.0
169386,10500960,-74.092783854,4.71720415800002,AV AVENIDA CIUDAD DE CALI-CL 127 02,2019,Octubre,25,viernes,6,50,Suba,Choque,Vehículo,,Solo Daños,0,0,0,0,0,1,0,0,0,0,0,0,0,0,0,0,0,0,0,0,0,0,1000300.0,0.005197166960092862,576.8855325703076,CL6,KR19;KR27,4.713529149999999,-74.09645875000001,0.0,24.703241816324784,,0.0,117.0,0.0
169387,10500961,-74.113576852,4.596549004,AC 26-KR 34B 06,2019,Octubre,25,viernes,18,10,Puente Aranda,Choque,Vehículo,,Solo Daños,0,1,0,0,0,0,0,1,0,1,0,0,0,0,0,0,0,0,0,0,0,1,66.0,0.00019093126596411174,21.193370522016405,CL11SUR,KR6_ESTE;AV.CARACAS,4.5966778,-74.1137178,1.0,15.076741439083333,,0.0,120.0,1.0
169388,10500962,-74.059680483,4.745092785,KR 57-CL 160 90,2019,Octubre,25,viernes,23,0,Suba,Choque,Vehículo,,Solo Daños,0,0,0,0,0,0,0,1,0,0,0,0,0,0,0,0,0,0,0,0,0,0,1000078.0,0.00442659246697678,491.3517638344226,CL100,KR19;KR49,4.7416579,-74.0568883,1.0,39.72681812183334,,0.0,120.0,1.0
169389,10500963,-74.127652128,4.65055437799998,CL 13-KR 73 2,2019,Octubre,25,viernes,11,47,Fontibón,Choque,Vehículo,,Solo Daños,0,1,0,0,0,1,0,0,0,0,0,0,0,0,0,0,0,0,0,0,0,0,1000775.0,0.0017024580392914406,188.9728423613499,CL17,KR128;KR123,4.65006275,-74.1260222,1.0,21.665620787881355,,0.0,118.0,1.0
169390,10500964,-74.0653,4.62740000000002,KR 7-CL 40 02,2019,Octubre,25,viernes,9,50,Chapinero,Choque,Objeto Fijo,Semaforo,Solo Daños,0,0,0,0,0,0,0,0,0,0,0,0,0,0,0,0,0,0,0,0,0,0,1002286.0,0.002827854128150202,313.89180822467245,KR68SUR,CL38;KR51,4.6260131,-74.0677644,1.0,13.621831745,,0.0,12.0,1.0
169391,10500965,-74.093642491,4.68897679899999,KR 72-CL 73A 31,2019,Octubre,25,viernes,10,30,Engativá,Choque,Vehículo,,Solo Daños,0,1,0,0,0,0,0,0,0,0,0,0,0,0,0,0,0,0,0,0,0,0,1001710.0,0.0033682657273537402,373.8774957362652,CL169B,KR58;AV.BOYACA,4.6894698,-74.0903105,1.0,13.71602464876033,,0.0,121.0,1.0
169392,10500966,-74.091425061,4.69262411,AV AVENIDA BOYACA-CL 77 04,2019,Octubre,28,lunes,10,10,Engativá,Choque,Vehículo,,Con Muertos,0,1,0,0,0,1,0,0,0,0,1,0,0,0,0,0,0,0,0,0,0,0,1000282.0,0.0008314095218462118,92.28645692492951,CL170,KR58;AV.BOYACA,4.6924967,-74.09224664999999,1.0,24.634902972231405,,0.0,121.0,1.0
169393,10500967,-74.089797765,4.582106963,KR 10-CL 11 S 2,2019,Octubre,28,lunes,6,5,San Cristóbal,Atropello,,,Con Muertos,0,0,0,0,0,0,1,0,0,0,1,0,1,1,0,0,0,1,0,0,0,0,1000214.0,0.0057187139393551556,634.7772472684222,KR5,CL34;CL27,4.57950665,-74.0948911,0.0,27.829900327435897,,0.0,117.0,0.0
169394,10500968,-74.1486,4.6336,TR 78-CL 6ABIS 2,2019,Octubre,25,viernes,10,56,Kennedy,Choque,Vehículo,,Solo Daños,0,0,0,0,0,0,0,1,0,0,0,0,0,0,0,0,0,0,0,0,0,0,131.0,0.008333172092914889,924.9821023135527,"KR78K,CL41SUR",CL26SUR;AV.P.MAYO,4.6381608,-74.14162569999999,0.0,12.961608242869564,,0.0,115.0,0.0
169395,10500969,-74.1013,4.66379999999998,KR 69-CL 51 87,2019,Octubre,26,sábado,0,26,Engativá,Choque,Vehículo,,Solo Daños,0,1,0,0,0,0,0,1,0,0,0,0,0,0,0,0,0,0,0,0,0,0,1001977.0,0.0016418890682452598,182.24968657522385,NQS,CL75;CL71A,4.6623679,-74.10049695000001,1.0,74.68069835783334,,0.0,120.0,1.0
169396,10500970,-74.088415808,4.61830814899997,CL 19-KR 30 2,2019,Octubre,25,viernes,17,42,Puente Aranda,Choque,Vehículo,,Solo Daños,0,0,0,0,0,0,0,0,0,0,0,0,0,0,0,0,0,0,0,0,0,0,1000700.0,0.0024851464009861537,275.85125050946306,CL13,KR56;KR47,4.616027750000001,-74.0894036,1.0,33.73006602473118,,0.0,93.0,1.0
169397,10500971,-74.095829564,4.64117491000002,CL 26-KR 51 02,2019,Octubre,26,sábado,0,19,Teusaquillo,Choque,Objeto Fijo,Tren,Solo Daños,0,0,0,0,0,0,0,0,0,0,0,0,0,0,0,0,0,0,0,0,0,0,1000022.0,0.0010271158342068046,114.00985759695531,KR7,CL85;CL79,4.64152795,-74.0967941,1.0,37.126373536578946,,0.0,114.0,1.0
169398,10500972,-74.159248459,4.68671566199998,CL 17-KR 122 2,2019,Octubre,25,viernes,18,45,Fontibón,Choque,Vehículo,,Solo Daños,0,0,0,0,0,0,0,0,0,0,0,0,0,0,0,0,0,0,0,0,0,0,95.0,0.0027272830804649117,302.7284219316052,AV.SUBA,KR94;SAN.MARTIN,4.68681675,-74.15652305,1.0,25.400186873666666,,0.0,120.0,1.0
169399,10500973,-74.169138422,4.63212675400001,KR 86F-CL 42A S 22,2019,Octubre,26,sábado,2,30,Kennedy,Choque,Vehículo,,Solo Daños,0,0,0,0,0,0,0,0,0,0,0,0,0,0,0,0,0,0,0,0,0,0,148.0,0.011916222101333144,1322.700653247979,AV.CL59SUR,KR81A;CL59SUR,4.6285372,-74.1577757,0.0,41.320998134999996,,0.0,8.0,0.0
169400,10500974,-74.11257615,4.656168729,CL 24-KR 69B 2,2019,Octubre,25,viernes,18,0,Fontibón,Choque,Vehículo,,Solo Daños,0,1,0,0,0,0,0,0,0,0,0,0,0,0,0,0,0,0,0,0,0,0,1000196.0,0.0057310771953419356,636.1495686829549,CL134,KR7;KR9,4.6586908000000005,-74.10742985,0.0,19.040224491416666,,0.0,120.0,0.0
169401,10500975,-74.11921144,4.61331510000002,TR 53-CL 2 02,2019,Octubre,26,sábado,5,12,Puente Aranda,Choque,Vehículo,,Solo Daños,0,0,0,0,0,0,0,0,0,1,0,0,0,0,0,0,0,0,0,0,0,1,1000030.0,0.0030227236611516943,335.52232638783806,CL72,KR11;KR7,4.611117999999999,-74.1212874,1.0,22.878242748114754,,0.0,122.0,1.0
169402,10500976,-74.05630824,4.65696068800003,KR 9-CL 72 90,2019,Octubre,25,viernes,13,50,Chapinero,Choque,Objeto Fijo,Objeto Fijo,Solo Daños,0,0,0,0,0,0,0,0,0,0,0,0,0,0,0,0,0,0,0,0,0,0,1000096.0,0.002380015521480547,264.18172288434073,KR7,CL162;CL153,4.654590349999999,-74.05652265,1.0,22.20191370125,,0.0,120.0,1.0
169403,10500977,-74.114135091,4.61480198599997,AC 3-KR 41B 02,2019,Octubre,26,sábado,1,20,Puente Aranda,Choque,Objeto Fijo,Muro,Solo Daños,0,0,1,0,0,0,0,0,0,0,0,1,0,0,0,0,0,0,0,0,0,0,1000332.0,0.0027262844289460734,302.61757161301415,CL11SUR,KR7;KR10,4.6123352,-74.11529594999999,1.0,26.87808107537815,,0.0,119.0,1.0
169404,10500978,-74.035767121,4.68521215099997,KR 7-CL 106 2,2019,Octubre,25,viernes,10,0,Usaquén,Choque,Vehículo,,Solo Daños,0,0,0,0,0,0,0,0,0,0,0,0,0,0,0,0,0,0,0,0,0,0,1002017.0,0.010221984370642473,1134.6402651413146,AUTONORTE,ALCALA;PRADO,4.6892508,-74.04515745,0.0,36.34463903709401,,0.0,117.0,0.0
169405,10500979,-74.107924096,4.73959950800003,CL 132BIS-KR 124B 02,2019,Octubre,25,viernes,16,50,Suba,Choque,Objeto Fijo,Tren,Solo Daños,0,1,0,0,0,0,0,0,0,0,0,0,0,0,0,0,0,0,0,0,0,0,1000951.0,0.006297912627794751,699.0683016852174,AV.SUBA,CL127;HUMEDAL.CORDOBA,4.7388854,-74.1016668,0.0,29.468748649000002,,0.0,120.0,0.0
169406,10500980,-74.04590966,4.667161507,KR 7-CL 86 2,2019,Octubre,25,viernes,18,31,Chapinero,Choque,Vehículo,,Solo Daños,0,0,0,0,0,0,0,1,0,0,0,0,0,0,0,0,0,0,0,0,0,0,1000191.0,0.0052042860636702035,577.6757530673926,KR9,CL161;CL147,4.67150165,-74.04878155,0.0,26.424745700083335,,0.0,120.0,0.0
169407,10500981,-74.048651945,4.68312158100002,KR 15-CL 98 02,2019,Octubre,25,viernes,18,0,Chapinero,Choque,Vehículo,,Solo Daños,0,0,0,0,0,0,0,0,0,0,1,0,1,0,0,1,0,0,0,0,0,0,1000035.0,0.006642201363724164,737.2843513733822,AUTONORTE,CL80;CL82,4.6801407,-74.0545877,0.0,18.379975455338982,,0.0,118.0,0.0
169408,10500982,-74.119948837,4.67846152099997,AV AVENIDA CIUDAD DE CALI-CL 26 02,2019,Octubre,25,viernes,19,14,Fontibón,Choque,Vehículo,,Solo Daños,0,0,0,0,0,0,0,0,0,0,0,0,0,0,0,0,0,0,0,0,0,0,115.0,0.0033004536233935395,366.3503521966829,KR60;CL68,CL66C;KR58,4.68103185,-74.1220192,1.0,16.888457082521008,,0.0,119.0,1.0
169409,10501359,-74.123425242,4.63575681700001,KR 68D-CL 11 2,2019,Octubre,29,martes,7,45,Kennedy,Choque,Objeto Fijo,Semaforo,Solo Daños,0,1,0,0,0,0,0,0,0,0,1,0,0,0,0,0,0,0,0,0,0,0,1000745.0,0.0034553501294291014,383.54386436663026,CL6,KR32;KR36,4.6343731,-74.12025905,1.0,37.52078149699187,,0.0,123.0,1.0
169410,10501360,-74.127221378,4.68122926299998,KR 96-CL 24C 94,2019,Octubre,30,miércoles,2,25,Fontibón,Choque,Vehículo,,Solo Daños,0,1,0,0,0,0,0,0,0,0,0,0,0,0,0,0,0,0,0,0,0,0,115.0,0.005205922380932474,577.8573842835046,KR60;CL68,CL66C;KR58,4.68103185,-74.1220192,0.0,35.57081963180952,,0.0,105.0,0.0
169411,10501361,-74.081371157,4.61237742499998,CL 19-KR 21 14,2019,Octubre,29,martes,17,40,Los Mártires,Choque,Vehículo,,Solo Daños,0,0,0,0,0,0,0,0,0,0,0,0,0,0,0,0,0,0,0,0,0,0,1001974.0,0.0016265404415740886,180.54598901472383,NQS,CL18;CAD,4.6119977500000005,-74.07978955,1.0,27.9502937311,,0.0,100.0,1.0
169412,10501362,-74.062539558,4.64554357399999,KR 9-CL 59 02,2019,Octubre,22,martes,8,30,Chapinero,Choque,Vehículo,,Solo Daños,0,0,0,0,0,0,0,1,0,1,0,0,0,0,0,0,0,0,0,0,0,1,1000307.0,0.004310270387988527,478.4400130667265,KR10,CL24;CL19,4.6413462,-74.0635196,1.0,13.1905167995,,0.0,120.0,1.0
169413,10501363,-74.097816654,4.57821210899999,AV AVENIDA PRIMERA DE MAYO-KR 12B 2,2019,Octubre,30,miércoles,18,0,Antonio Nariño,Choque,Vehículo,,Solo Daños,0,0,0,0,0,1,0,1,0,0,1,0,1,0,0,1,0,0,0,0,0,0,117.0,0.00044028141681084587,48.87123726600389,CL57,AV.CARACAS;TV25,4.5777728,-74.09784590000001,1.0,12.3199272655,,0.0,120.0,1.0
169414,10501364,-74.173091096,4.61225855200001,KR 79BIS-CL 55 S 39,2019,Octubre,29,martes,16,7,Kennedy,Choque,Vehículo,,Solo Daños,0,0,0,0,0,0,0,0,0,0,0,0,0,0,0,0,0,0,0,0,0,0,149.0,0.011511164354374624,1277.7392433355833,AV.CL59SUR,CL59SUR;KR81A,4.6025243,-74.1792353,0.0,19.790535375,,0.0,8.0,0.0
169415,10501365,-74.046194382,4.70127922299997,CL 122-KR 17 92,2019,Octubre,26,sábado,4,30,Usaquén,Choque,Vehículo,,Solo Daños,0,0,0,0,0,0,0,1,0,1,0,0,0,0,0,0,0,0,0,0,0,1,1002018.0,0.0053093719399467795,589.3402853340925,AUTONORTE,ALCALA;CL146,4.705305,-74.0427328,0.0,65.62856197108108,,0.0,111.0,0.0
169416,10501366,-74.07381298,4.63871130199999,KR 23-CL 50 2,2019,Octubre,30,miércoles,18,20,Teusaquillo,Choque,Vehículo,,Solo Daños,0,0,0,0,0,1,0,0,0,0,0,0,0,0,0,0,0,0,0,0,0,0,13.0,0.002300186710880731,255.32072490776116,CL92,KR7;KR19B,4.6373333,-74.07197124999999,1.0,13.298991769051725,,0.0,116.0,1.0
169417,10501367,-74.046979648,4.74730211600001,KR 45-CL 166 2,2019,Octubre,29,martes,16,43,Usaquén,Choque,Vehículo,,Solo Daños,0,0,0,0,0,0,0,0,0,0,0,0,0,0,0,0,0,0,0,0,0,0,1000175.0,0.008825093821669832,979.5854142053513,CL106,KR19;KR15,4.73962495,-74.05133205,0.0,13.7130296425,,0.0,120.0,0.0
169418,10501368,-74.085730453,4.62687456700002,KR 32A-CL 25 2,2019,Octubre,30,miércoles,20,10,Teusaquillo,Choque,Vehículo,,Solo Daños,0,0,0,0,0,0,0,0,0,0,0,0,0,0,0,0,0,0,0,0,0,0,1002036.0,0.002890451543578214,320.84012133718176,CL26,GOBERNACION;KR40,4.629466150000001,-74.08445045,1.0,44.821377871416665,,0.0,120.0,1.0
169419,10501369,-74.050790055,4.65478747600002,CL 74-KR 2 2,2019,Octubre,29,martes,20,50,Chapinero,Choque,Vehículo,,Solo Daños,0,0,0,0,0,0,0,0,0,0,0,0,0,0,0,0,0,0,0,0,0,0,1000096.0,0.005735983271771852,636.6941431666755,KR7,CL162;CL153,4.654590349999999,-74.05652265,0.0,26.718688965565217,,0.0,115.0,0.0
169420,10501370,-74.033395757,4.75858990099999,CL 181C-KR 11 29,2019,Octubre,26,sábado,1,0,Usaquén,Choque,Vehículo,,Solo Daños,0,0,0,0,0,0,0,1,0,0,1,0,0,0,0,0,0,0,0,0,1,0,1000088.0,0.002137991401209744,237.31704553428156,KR19,CL159;CL152,4.7601672,-74.03195245,1.0,29.92494719275862,,0.0,116.0,1.0
169421,10501371,-74.042857159,4.70427328099998,CL 127-KR 15 2,2019,Octubre,29,martes,17,40,Usaquén,Choque,Vehículo,,Solo Daños,0,0,0,0,0,0,0,0,0,0,1,0,1,0,0,1,0,0,0,0,0,0,1002018.0,0.0010391868243401078,115.34973750175196,AUTONORTE,ALCALA;CL146,4.705305,-74.0427328,1.0,34.555352883,,0.0,120.0,1.0
169422,10501372,-74.15874311,4.60165069099997,KR 68A-CL 55A S 2,2019,Octubre,30,miércoles,15,45,Bosa,Choque,Vehículo,,Solo Daños,0,0,0,0,0,0,0,0,0,0,1,0,0,0,0,0,0,0,0,0,1,0,1000750.0,0.002154660806544966,239.16734952649122,KR68,CL21SUR;CL3,4.5995431,-74.1582952,1.0,15.9929821995,,0.0,120.0,1.0
169424,10501374,-74.038289166,4.76028760100002,CL 183-KR 16 2,2019,Octubre,29,martes,16,17,Usaquén,Choque,Vehículo,,Solo Daños,0,0,0,0,0,0,0,0,0,0,1,0,0,0,0,0,0,0,0,0,1,0,1000088.0,0.00633785973853714,703.5024309776226,KR19,CL159;CL152,4.7601672,-74.03195245,0.0,18.001146939250003,,0.0,120.0,0.0
169425,10501375,-74.083370383,4.68341284899998,KR 68G-CL 77 02,2019,Octubre,28,lunes,10,0,Engativá,Choque,Vehículo,,Solo Daños,0,0,0,0,0,0,0,1,0,0,1,0,0,0,0,0,0,0,0,0,0,0,94.0,0.0015679104665986144,174.0380617924462,AV.SUBA,SAN.MARTIN;KR94,4.68380755,-74.08488779999999,1.0,27.45012776727273,,0.0,121.0,1.0
169426,10501376,-74.16708736,4.59950822299999,CL 57B-KR 72D S 2,2019,Octubre,30,miércoles,13,57,Bosa,Choque,Vehículo,,Solo Daños,0,0,0,0,0,0,0,0,0,0,1,0,1,0,0,1,0,0,0,0,0,0,1001946.0,0.004298110090983372,477.0902200991543,"AV.P.MAYO,CL26SUR",KR72;KR78K,4.5960945,-74.1644758,1.0,15.462769783916666,,0.0,120.0,1.0
169427,10501377,-74.147026282,4.63121353899999,AC 6-KR 78G 25,2019,Octubre,29,martes,12,40,Kennedy,Choque,Vehículo,,Solo Daños,0,0,0,0,0,0,0,0,0,0,0,0,0,0,0,0,0,0,0,0,0,0,1000961.0,0.006477556397332164,719.0087601038703,CL72,KR24;KR55,4.627228499999999,-74.1419196,0.0,17.025219644193548,,0.0,124.0,0.0
169428,10501378,-74.055988675,4.66415489100001,KR 12A-CL 78 58,2019,Octubre,29,martes,23,30,Chapinero,Choque,Vehículo,,Solo Daños,0,0,0,0,0,0,0,0,0,0,0,0,0,0,0,0,0,0,0,0,0,0,141.0,0.0009533590824656696,105.82285815368932,AUTONORTE,CL80;SANTA.FE,4.6632782,-74.0556141,1.0,54.21865549473215,,0.0,112.0,1.0
169429,10501379,-74.054548239,4.70059016900001,CL 118-KR 45 2,2019,Octubre,30,miércoles,3,23,Usaquén,Choque,Vehículo,,Solo Daños,0,0,0,0,0,0,0,1,0,0,1,0,0,0,0,0,0,0,0,0,1,0,1002011.0,0.003695366593312711,410.1856918577109,AUTONORTE,PEPE.SIERRA;CL100,4.697067349999999,-74.05566425,1.0,56.36651997226804,,0.0,97.0,1.0
169430,10501380,-74.084962733,4.58930545200002,KR 10-CL 1 S 02,2019,Octubre,30,miércoles,11,0,San Cristóbal,Choque,Vehículo,,Solo Daños,0,0,0,0,0,0,0,0,0,1,1,0,0,0,0,0,0,0,0,0,0,1,1001961.0,0.0029577711071503295,328.3125928936866,CL22,KR1;KR3,4.5900896,-74.08211080000001,1.0,13.024139793688523,,0.0,122.0,1.0
169431,10501381,-74.119340346,4.72311501500002,CL 81-KR 114 02,2019,Octubre,28,lunes,8,5,Engativá,Choque,Vehículo,,Solo Daños,0,0,0,0,0,0,0,0,0,0,1,0,0,0,0,0,0,0,0,0,0,0,1000710.0,0.014584048733562746,1618.8294094254647,KR86,CL72;CL75BIS,4.7274802000000005,-74.1054249,0.0,24.516661730363637,,0.0,110.0,0.0
169432,10501382,-74.1338263,4.68601936200002,KR 103-CL 25B 74,2019,Octubre,30,miércoles,19,1,Fontibón,Choque,Vehículo,,Solo Daños,0,0,0,0,0,0,0,0,0,0,0,0,0,0,0,0,0,0,0,0,0,0,77.0,0.012318794346057397,1367.386172412371,KR68,AV.SUBA;NQS,4.6743954,-74.12974754999999,0.0,17.03777161394958,,0.0,119.0,0.0
169433,10501383,-74.067589797,4.60402273,KR 3-CL 20 02,2019,Octubre,30,miércoles,15,29,Santa Fe,Choque,Vehículo,,Solo Daños,0,0,0,0,0,0,0,1,0,0,1,0,1,0,0,1,0,0,0,0,0,0,2.0,0.002629771951297913,291.9046865940684,KR7,CL32;CL188,4.60499885,-74.0700317,1.0,19.80604932736842,,0.0,114.0,1.0
169459,10502136,-74.157628275,4.59114984799999,KR 67-CL 61 S 2,2019,Octubre,30,miércoles,2,5,Tunjuelito,Choque,Objeto Fijo,Vehiculo,Solo Daños,0,1,0,0,0,0,0,0,0,0,0,0,0,0,0,0,0,0,0,0,0,0,1000750.0,0.008419707126219051,934.5874910103147,KR68,CL21SUR;CL3,4.5995431,-74.1582952,0.0,54.60515348222222,,0.0,117.0,0.0
169628,10498608,-74.092545409,4.667773474,AK 68-CL 64 2,2019,Octubre,1,martes,15,10,Barrios Unidos,Choque,Vehículo,,Solo Daños,0,1,0,0,0,0,0,0,0,0,0,0,0,0,0,0,0,0,0,0,0,0,1000321.0,0.0016748343989037044,185.90661827831119,KR72,CL163;CL169B,4.6669198000000005,-74.09398635,1.0,28.445158145225225,,0.0,111.0,1.0
169629,10498609,-74.045275336,4.72028838900002,CL 136-KR 18 02,2019,Octubre,1,martes,19,30,Usaquén,Choque,Vehículo,,Solo Daños,0,0,0,0,0,0,0,1,0,1,0,0,0,0,0,0,0,0,0,0,0,1,1002021.0,0.0012414188420766244,137.7974914705053,AUTONORTE,CARDIO.INFANTIL;CL146,4.7190752,-74.04501210000001,1.0,44.84414573991667,,0.0,120.0,1.0
169630,10498610,-74.120843273,4.61685531299997,KR 54-CL 2A 02,2019,Octubre,1,martes,7,21,Puente Aranda,Choque,Vehículo,,Solo Daños,0,0,0,0,0,0,0,0,0,0,0,0,0,0,0,0,0,0,0,0,0,0,1000271.0,0.005431185470369449,602.8615872110088,AV.CARACAS,CL72;CL67,4.6115187,-74.1218524,0.0,18.06853909795082,,0.0,122.0,0.0
169631,10498611,-74.088843691,4.69560975000002,AV AVENIDA BOYACA-KR 80 2,2019,Octubre,1,martes,6,10,Engativá,Choque,Vehículo,,Solo Daños,0,0,0,0,0,0,0,0,0,0,1,0,1,0,0,1,0,0,0,0,0,0,1001000.0,0.0018785688514713489,208.52114251331972,CL80,KR119;KR112A,4.69445795,-74.08735965,1.0,33.10715729495652,,0.0,115.0,1.0
169632,10498612,-74.095242366,4.74831509199998,KR 104-CL 148 02,2019,Octubre,1,martes,15,40,Suba,Choque,Vehículo,,Solo Daños,0,0,0,0,0,0,0,1,0,0,1,0,1,0,0,0,1,0,0,0,1,0,1001707.0,0.005821287951045046,646.1629625660001,AV.SUBA,CL136;CL127,4.7425033,-74.09491,0.0,38.914670308770496,,0.0,122.0,0.0
169633,10498613,-74.028581891,4.70072647500001,KR 7-CL 126 02,2019,Octubre,1,martes,11,17,Usaquén,Choque,Vehículo,,Solo Daños,0,1,0,0,0,0,0,0,0,0,0,0,0,0,0,0,0,0,0,0,0,0,1000184.0,0.004210724475789649,467.39041681265104,KR15,CL94;CL100,4.704458949999999,-74.03053095,1.0,18.101672771393442,,0.0,122.0,1.0
169634,10498614,-74.16177424,4.61961661100003,KR 79-CL 42A S 2,2019,Octubre,1,martes,21,44,Kennedy,Choque,Vehículo,,Solo Daños,0,0,0,0,0,1,0,0,0,0,0,0,0,0,0,0,0,0,0,0,0,0,79.0,0.009665894143451776,1072.914249923147,AV.AMERICAS;KR80,KR86;CL55SUR,4.6222152,-74.1524642,0.0,14.32417775675,,0.0,120.0,0.0
169635,10498615,-74.098866868,4.70140886299998,CL 80-KR 83 02,2019,Octubre,1,martes,9,50,Engativá,Choque,Vehículo,,Solo Daños,0,0,0,0,0,0,0,1,0,0,0,0,0,0,0,0,0,0,0,0,0,0,1000963.0,0.000534175056900379,59.293431315942065,CL72,KR64;KR70,4.7019356,-74.0989557,1.0,19.09587106,,0.0,123.0,1.0
169636,10498616,-74.07774796,4.59189627500001,KR 6-CL 6B 02,2019,Octubre,1,martes,20,22,Candelaria,Choque,Vehículo,,Solo Daños,0,0,0,0,0,0,0,0,0,0,0,0,0,0,0,0,0,0,0,0,0,0,1000258.0,0.003224389850833763,357.9072734425477,CL32,KR7;AV.CARACAS,4.595026300000001,-74.0769736,1.0,16.88170477341667,,0.0,120.0,1.0
169637,10498617,-74.072238368,4.71113101100002,TR 60-AC 127 2,2019,Octubre,1,martes,19,25,Suba,Choque,Vehículo,,Solo Daños,0,0,0,0,0,0,0,1,0,0,1,0,1,0,0,1,0,0,0,0,0,0,1000969.0,0.004545704915828256,504.5732456569365,"CL34,AV.AMERICAS",KR19;KR28,4.706773350000001,-74.07094445000001,1.0,17.641220501833335,,0.0,120.0,1.0
169638,10498618,-74.091738596,4.74831611299999,KR 102B-CL 150 02,2019,Octubre,1,martes,6,55,Suba,Choque,Vehículo,,Solo Daños,0,0,0,0,0,0,0,0,0,0,0,0,0,0,0,0,0,0,0,0,0,0,1002030.0,0.005904637573193887,655.4147706245215,AV.SUBA,21.ANGELES;CL136,4.742438,-74.09117954999999,0.0,37.94478136521368,,0.0,117.0,0.0
169639,10498619,-74.069150781,4.59804851899997,CL 12C-KR 1A 2,2019,Octubre,1,martes,18,0,Candelaria,Choque,Objeto Fijo,Semaforo,Solo Daños,0,1,0,0,0,0,0,0,0,0,0,0,0,0,0,0,0,0,0,0,0,0,1000052.0,0.0028860351706882672,320.34990394639766,CL116,KR11;KR19,4.6003184,-74.07093315,1.0,13.499661132083334,,0.0,120.0,1.0
169640,10498620,-74.077446695,4.65907242899999,KR 30-CL 64 02,2019,Octubre,1,martes,6,30,Barrios Unidos,Choque,Vehículo,,Solo Daños,0,1,0,0,0,0,0,0,0,0,0,0,0,0,0,0,0,0,0,0,0,0,1000095.0,0.002624922261403407,291.3663710157782,KR7,CL153;CL162,4.6587847,-74.0800558,1.0,36.305059967634406,,0.0,93.0,1.0
169641,10498621,-74.076591268,4.65184577000002,CL 63-KR 28 02,2019,Octubre,1,martes,8,10,Teusaquillo,Choque,Vehículo,,Solo Daños,0,0,0,0,0,1,0,0,0,0,0,0,0,0,0,0,0,0,0,0,0,0,151.0,0.0007733970829736919,85.8470762100798,CL53,CL63;KR70,4.6510903500000005,-74.07675705,1.0,9.70540042125,,0.0,32.0,1.0
169642,10498622,-74.068111504,4.62201634500002,KR 13-CL 34 2,2019,Octubre,1,martes,21,33,Santa Fe,Choque,Vehículo,,Solo Daños,0,0,0,0,0,0,0,0,0,0,1,0,1,0,0,1,0,0,0,0,0,0,1002286.0,0.0040117990623508,445.3096959209388,KR68SUR,CL38;KR51,4.6260131,-74.0677644,1.0,14.7249355625,,0.0,8.0,1.0
169643,10498623,-74.103361513,4.70687292399998,CL 82-KR 90A 02,2019,Octubre,1,martes,12,30,Engativá,Choque,Vehículo,,Solo Daños,0,0,0,0,0,1,0,0,0,0,1,0,0,0,0,0,0,0,0,0,0,0,1000963.0,0.0066172771191536865,734.5177602260592,CL72,KR64;KR70,4.7019356,-74.0989557,0.0,13.921161817177419,,0.0,124.0,0.0
169644,10498624,-74.03771249,4.69064305500001,KR 9-CL 110 02,2019,Octubre,1,martes,8,25,Usaquén,Choque,Vehículo,,Solo Daños,0,1,0,0,0,0,0,0,0,0,0,0,0,0,0,0,0,0,0,0,0,0,1002017.0,0.0075740216125032706,840.716398987863,AUTONORTE,ALCALA;PRADO,4.6892508,-74.04515745,0.0,35.883556030756296,,0.0,119.0,0.0
169645,10498625,-74.056426778,4.69132170500001,KR 45-CL 104 2,2019,Octubre,1,martes,9,36,Kennedy,Choque,Vehículo,,Solo Daños,0,0,0,0,0,0,0,1,0,0,0,0,0,0,0,0,0,0,0,0,0,0,1000773.0,0.004977241513293406,552.4738079755681,KR50,CL33SUR;CL16SUR,4.6906399,-74.0613571,1.0,21.546474965,,0.0,100.0,1.0
169646,10498626,-74.065726295,4.685540608,KR 60-CL 97 02,2019,Octubre,1,martes,6,20,Barrios Unidos,Choque,Vehículo,,Solo Daños,0,0,0,0,0,0,0,1,0,1,0,0,0,0,0,0,0,0,0,0,0,1,1000281.0,0.004206613097298259,466.93405380010677,CL170,KR9;KR7,4.68409305,-74.069676,1.0,35.95720821486726,,0.0,113.0,1.0
169647,10498627,-74.035164734,4.72104925100001,CL 142-KR 11 24,2019,Octubre,1,martes,7,35,Usaquén,Choque,Vehículo,,Solo Daños,0,0,0,0,0,0,0,0,0,1,0,0,0,0,0,0,0,0,0,0,0,1,1000051.0,0.0038526730102391394,427.6467041365445,CL116,KR15;KR11,4.7180052,-74.0328032,1.0,17.177926618688524,,0.0,122.0,1.0
169648,10498628,-74.107616903,4.69287964199998,KR 86-CL 70 2,2019,Octubre,1,martes,11,15,Engativá,Choque,Vehículo,,Solo Daños,0,0,0,0,0,0,0,0,0,0,0,0,0,0,0,0,0,0,0,0,0,0,1001872.0,0.0013807570756764929,153.2640354000907,KR86,CL64BIS;CL66A,4.6942582,-74.1076948,1.0,13.365170538198198,,0.0,111.0,1.0
169649,10498629,-74.070374164,4.62319270400002,KR 15-CL 34 02,2019,Octubre,1,martes,9,0,Teusaquillo,Choque,Vehículo,,Solo Daños,0,0,0,0,0,0,0,1,0,0,0,0,0,0,0,0,0,0,0,0,0,0,1000313.0,0.0027695084507796193,307.41543803653775,CL13,KR27;KR22,4.6253606000000005,-74.07209765,1.0,23.128961837333335,,0.0,120.0,1.0
169650,10498630,-74.104375183,4.58804366700002,CL 18-KR 24D S 37,2019,Octubre,1,martes,13,15,Antonio Nariño,Choque,Vehículo,,Solo Daños,0,0,0,0,0,0,0,1,0,0,0,0,0,0,0,0,0,0,0,0,0,0,1000671.0,0.003263452708782127,362.2432506748161,AV.P.MAYO,KR6;KR3E,4.59078275,-74.10260105,1.0,24.75608900123967,,0.0,121.0,1.0
169651,10498631,-74.152946463,4.61971912500002,KR 78B-CL 39A S 39,2019,Octubre,2,miércoles,0,50,Kennedy,Choque,Objeto Fijo,Tren,Solo Daños,0,0,0,0,0,0,0,0,0,0,0,0,0,0,0,0,0,0,0,0,0,0,79.0,0.002542236811688562,282.18828609743036,AV.AMERICAS;KR80,KR86;CL55SUR,4.6222152,-74.1524642,1.0,26.114773819083332,,0.0,120.0,1.0
169652,10498632,-74.092348016,4.68269130700003,AK 70-CL 71 2,2019,Octubre,1,martes,10,40,Engativá,Choque,Vehículo,,Solo Daños,0,1,0,0,0,0,0,0,0,0,0,0,0,0,0,0,0,0,0,0,0,0,1001341.0,0.0013771781072646576,152.866769906377,KR86,AV.AMERICAS;CL40BSUR,4.68404705,-74.09259005000001,1.0,13.889362052086955,,0.0,115.0,1.0
169653,10499003,-74.105344368,4.59959802899999,CL 1B-KR 29C 2,2019,Octubre,4,viernes,6,20,Los Mártires,Choque,Vehículo,,Solo Daños,0,0,0,0,0,0,0,0,0,0,0,0,0,0,0,0,0,0,0,0,0,0,1000039.0,0.002938439508229196,326.1667854134407,KR24,CL80;CL72,4.6020578,-74.1037369,1.0,37.39880658982906,,0.0,117.0,1.0
169654,10499004,-74.097551091,4.67392136900003,CL 64C-KR 69N 02,2019,Octubre,4,viernes,12,0,Engativá,Choque,Vehículo,,Solo Daños,0,0,0,0,0,0,0,1,0,0,0,0,0,0,0,0,0,0,0,0,0,0,1000197.0,0.0015492010119269486,171.9613123238913,CL134,KR9;KR7,4.675439,-74.09786225,1.0,17.36851231262295,,0.0,122.0,1.0
169655,10499005,-74.139273995,4.58314131899999,KR 33-CL 53B S 2,2019,Octubre,5,sábado,7,30,Tunjuelito,Choque,Vehículo,,Con Heridos,0,0,0,0,0,1,0,0,0,0,0,0,0,0,0,0,0,0,0,0,0,0,1002273.0,0.008945204616494501,992.9177124308897,AV.VILLAVICENCIO,AV.P.MAYO;CL57BSUR,4.5920865,-74.13929455,0.0,19.37221650125,,0.0,8.0,0.0
169656,10499006,-74.13811237,4.63067284900001,AV AVENIDA DE LAS AMERICAS-AV AVENIDA BOYACA 2,2019,Octubre,4,viernes,20,10,Kennedy,Choque,Vehículo,,Solo Daños,0,0,0,0,0,0,0,0,0,1,0,0,0,0,0,0,0,0,0,0,0,1,1000780.0,0.004529413095999607,502.76485365595636,CL6,KR42;KR36,4.62659345,-74.1361441,1.0,31.533873553750002,,0.0,120.0,1.0
169657,10499007,-74.114811419,4.66305544900001,AV AVENIDA BOYACA-CL 24C 02,2019,Octubre,4,viernes,10,0,Fontibón,Choque,Vehículo,,Solo Daños,0,0,0,0,0,0,0,0,0,0,0,0,0,0,0,0,0,0,0,0,0,0,61.0,0.0072441309908991,804.0985399898001,CL19,KR36;KR5,4.65795775,-74.11995834999999,0.0,12.185720071735537,,0.0,121.0,0.0
169658,10499008,-74.035071879,4.69330774399998,KR 9-CL 115 2,2019,Octubre,4,viernes,11,32,Usaquén,Choque,Vehículo,,Solo Daños,0,0,0,0,0,0,0,1,0,1,0,0,0,0,0,0,0,0,0,0,0,1,1002017.0,0.010870949223278921,1206.6753637839602,AUTONORTE,ALCALA;PRADO,4.6892508,-74.04515745,0.0,41.63900336584746,,0.0,118.0,0.0
169659,10499009,-74.096816253,4.60278564700002,KR 27-CL 5 2,2019,Octubre,3,jueves,20,15,Los Mártires,Choque,Vehículo,,Solo Daños,0,1,0,0,0,0,0,1,0,1,0,0,0,0,0,0,0,0,0,0,0,1,1000075.0,0.001528864117060345,169.7039169936983,CL100,KR11;KR15,4.6028211,-74.0952878,1.0,18.850922662916666,,0.0,120.0,1.0
169660,10499010,-74.058327066,4.67788424299999,AV AVENIDA PASEO DE LOS LIBERTADORES-CL 91 02,2019,Octubre,4,viernes,1,0,Chapinero,Volcamiento,,,Solo Daños,0,0,0,0,0,0,0,0,0,0,0,0,0,0,0,0,0,0,0,0,0,0,1.0,0.0029580638048502536,328.3450823383782,KR7,CL188;CL32,4.6793199,-74.05574075,1.0,37.60500453898148,,0.0,108.0,1.0
169661,10499011,-74.104553753,4.75097178999999,KR 118-CL 145 02,2019,Octubre,4,viernes,8,30,Suba,Choque,Vehículo,,Solo Daños,0,0,0,0,0,1,0,0,0,0,0,0,0,0,0,0,0,0,0,0,0,0,1000951.0,0.012426396133073517,1379.3299707711603,AV.SUBA,CL127;HUMEDAL.CORDOBA,4.7388854,-74.1016668,0.0,30.574600231652894,,0.0,121.0,0.0
169663,10499013,-74.114270158,4.49307471100002,KR 5-CL 106G S 02,2019,Octubre,4,viernes,9,10,Usme,Choque,Vehículo,,Solo Daños,0,1,0,0,0,0,0,0,0,0,0,0,0,0,0,0,0,0,0,0,0,0,1001959.0,0.041372581074818386,4592.356499304841,"CL19,KR3",KR5;CL22,4.5343054,-74.1108466,0.0,13.472533129596775,,0.0,124.0,0.0
169664,10499014,-74.032314411,4.72071097899999,KR 9-CL 143 2,2019,Octubre,4,viernes,3,6,Usaquén,Choque,Objeto Fijo,Tren,Solo Daños,0,0,0,0,0,0,0,0,0,0,0,0,0,0,0,0,0,0,0,0,0,0,1000051.0,0.0027495735457171585,305.20266357460457,CL116,KR15;KR11,4.7180052,-74.0328032,1.0,29.51088487,,0.0,104.0,1.0
169665,10499015,-74.0365,4.6832,KR 7-CL 103 2,2019,Octubre,4,viernes,10,15,Usaquén,Choque,Vehículo,,Solo Daños,0,0,0,0,0,0,0,0,0,0,0,0,0,0,0,0,0,0,0,0,0,0,1002017.0,0.010562368159769693,1172.4228657344358,AUTONORTE,ALCALA;PRADO,4.6892508,-74.04515745,0.0,36.34463903709401,,0.0,117.0,0.0
169667,10499017,-74.103917329,4.56550685600001,KR 10-CL 36 S 2,2019,Octubre,4,viernes,18,40,Rafael Uribe Uribe,Choque,Vehículo,,Solo Daños,0,0,0,0,0,0,0,0,0,0,1,0,1,0,0,1,0,0,0,0,0,0,81.0,0.007500774517730803,832.585971468119,CL34;AV.AMERICAS,AV.CARACAS;KR86,4.5667841,-74.0965261,0.0,15.613124421092436,,0.0,119.0,0.0
169668,10499018,-74.107169231,4.59813142299998,AK 30-CL 8 S 02,2019,Octubre,5,sábado,13,0,Puente Aranda,Choque,Vehículo,,Solo Daños,0,1,0,0,0,0,0,0,0,0,0,0,0,0,0,0,0,0,0,0,0,0,1000675.0,0.004925971075541111,546.7827893850633,KR11,CL76;CL72,4.602983699999999,-74.10632035,1.0,17.269945625691058,,0.0,123.0,1.0
169669,10499019,-74.071764209,4.62089605300002,CL 32-KR 16 2,2019,Octubre,4,viernes,11,10,Teusaquillo,Choque,Vehículo,,Solo Daños,0,1,0,0,0,0,0,0,0,0,0,0,0,0,0,0,0,0,0,0,0,0,1000020.0,0.0026153832150106636,290.3075368661837,KR7,CL79;CL76,4.618767350000001,-74.07328369999999,1.0,17.518837242222226,,0.0,117.0,1.0
169670,10499020,-74.100295319,4.566775092,CL 32-KR 8 S 2,2019,Octubre,4,viernes,18,54,San Cristóbal,Choque,Vehículo,,Solo Daños,0,0,0,0,0,0,0,1,0,1,0,0,0,0,0,0,0,0,0,0,0,0,81.0,0.0037692297640183367,418.38450380603535,CL34;AV.AMERICAS,AV.CARACAS;KR86,4.5667841,-74.0965261,1.0,15.613124421092436,,0.0,119.0,1.0
169671,10499021,-74.120853267,4.58948522100002,KR 27-CL 36A S 2,2019,Octubre,5,sábado,23,0,Antonio Nariño,Atropello,,,Con Muertos,0,0,0,0,0,1,1,1,0,0,0,0,0,0,0,0,0,0,0,0,0,0,1000328.0,0.00699257567454334,776.1758998743107,AV.P.MAYO,AV.CARACAS;DIAG19SUR,4.5827155,-74.12260455,0.0,20.65770167596639,,0.0,119.0,0.0
169672,10499022,-74.082432972,4.60162159499998,CL 10-KR 15 02,2019,Octubre,5,sábado,14,0,Los Mártires,Choque,Vehículo,,Solo Daños,0,1,0,0,0,0,0,0,0,0,0,0,0,0,0,0,0,0,0,0,0,0,1001262.0,0.0014239917166426477,158.0630805473339,NQS,CL1F;AV.P.MAYO,4.6030451,-74.0824702,1.0,14.89928326398374,,0.0,123.0,1.0
169673,10499023,-74.04747694,4.74419111700001,KR 45-CL 163 2,2019,Octubre,6,domingo,12,56,Usaquén,Choque,Vehículo,,Solo Daños,0,0,0,0,0,0,0,0,0,0,0,0,0,0,0,0,0,0,0,0,0,0,1000175.0,0.005975931239908501,663.3283676298437,CL106,KR19;KR15,4.73962495,-74.05133205,0.0,13.792278138211383,,0.0,123.0,0.0
169674,10499024,-74.055748606,4.65429557599998,KR 7-CL 71 21,2019,Octubre,4,viernes,9,15,Chapinero,Choque,Vehículo,,Solo Daños,0,0,0,0,0,0,0,1,0,1,0,0,0,0,0,0,0,0,0,0,0,1,1000096.0,0.0008282727962694947,91.93828038591391,KR7,CL162;CL153,4.654590349999999,-74.05652265,1.0,21.958763305948274,,0.0,116.0,1.0
169675,10499025,-74.1451812,4.60837397799997,CL 39B-KR 72H S 2,2019,Octubre,4,viernes,9,40,Kennedy,Choque,Vehículo,,Solo Daños,0,0,0,0,0,0,0,1,0,1,1,0,0,0,0,0,0,0,0,0,0,1,1000291.0,0.007200587151572053,799.2651738244979,AV.CARACAS,CL6;CL13,4.60253905,-74.14096194999999,0.0,14.696888881451613,,0.0,124.0,0.0
169676,10499026,-74.046123741,4.753150237,KR 45-CL 172 2,2019,Octubre,6,domingo,15,30,Usaquén,Choque,Vehículo,,Solo Daños,0,0,0,0,0,0,0,0,0,0,0,0,0,0,0,0,0,0,0,0,0,0,1000087.0,0.007464062181189081,828.510902111988,KR19,CL147;CL152,4.7597534,-74.04960375,0.0,13.346225918,,0.0,120.0,0.0
169677,10499396,-74.179377684,4.59751117399998,KR 77GBIS-CL 63 S 2,2019,Octubre,9,miércoles,7,30,Bosa,Choque,Vehículo,,Solo Daños,0,0,0,0,0,0,0,0,0,0,1,0,1,0,0,1,0,0,0,0,0,0,149.0,0.005015147604560992,556.6813841062701,AV.CL59SUR,CL59SUR;KR81A,4.6025243,-74.1792353,0.0,23.46657685375,,0.0,8.0,0.0
169678,10499397,-74.088699434,4.59165834100003,CL 1-KR 13A 2,2019,Octubre,9,miércoles,21,30,Santa Fe,Choque,Vehículo,,Solo Daños,0,0,0,0,0,0,0,0,0,0,1,0,1,0,0,0,1,0,0,0,0,0,140.0,0.0041602059171020915,461.78285679833215,CL22,KR1;KR3,4.59581445,-74.08851485,1.0,14.540162885726495,,0.0,117.0,1.0
169679,10499398,-74.068723674,4.72978465300002,AV AVENIDA BOYACA-CL 138 02,2019,Octubre,9,miércoles,14,50,Suba,Choque,Vehículo,,Solo Daños,0,0,0,0,0,0,0,1,0,1,0,0,0,0,0,0,0,0,0,0,0,1,1000062.0,0.0008952527722695077,99.37305772191536,KR15,CL92;CL94,4.7303056,-74.0679956,1.0,13.879762146370968,,0.0,124.0,1.0
169680,10499399,-74.07552015,4.611659035,KR 15-CL 22 2,2019,Octubre,9,miércoles,22,28,Santa Fe,Choque,Vehículo,,Solo Daños,0,0,0,0,0,0,0,0,0,0,0,0,0,0,0,0,0,0,0,0,0,0,1001960.0,0.0007239134787526355,80.35439614154254,KR3;CL19,CL22;KR5,4.6114117,-74.0762005,1.0,21.79206070533333,,0.0,120.0,1.0
169681,10499400,-74.043854349,4.765035431,AV AVENIDA PASEO DE LOS LIBERTADORES-CL 187 02,2019,Octubre,9,miércoles,11,59,Usaquén,Choque,Vehículo,,Solo Daños,0,0,0,0,0,0,0,0,0,0,0,0,0,0,0,0,0,0,0,0,0,0,1000087.0,0.00780739798804923,866.6211766734646,KR19,CL147;CL152,4.7597534,-74.04960375,0.0,13.981938335916668,,0.0,120.0,0.0
169682,10499401,-74.100349101,4.68892307700003,KR 77-CL 71 2,2019,Octubre,9,miércoles,13,45,Engativá,Choque,Vehículo,,Solo Daños,0,0,0,0,0,0,0,1,0,0,0,0,0,0,0,0,0,0,0,0,0,0,1000748.0,0.005173975452690716,574.3112752486694,KR68,CL3;CL13,4.692486049999999,-74.1041008,0.0,22.491201167024794,,0.0,121.0,0.0
169683,10499402,-74.060319146,4.66108404099998,KR 15-CL 74 2,2019,Octubre,9,miércoles,6,50,Chapinero,Choque,Vehículo,,Solo Daños,0,0,0,0,0,0,0,0,0,0,1,0,1,0,0,1,0,0,0,0,0,0,1000707.0,0.0015956540213021733,177.11759636454124,CL13,KR47;KR39,4.6608924,-74.06190325,1.0,24.591026840701755,,0.0,114.0,1.0
169684,10499403,-74.11067316,4.58867248500002,KR 27-CL 26 S 02,2019,Octubre,4,viernes,9,0,Antonio Nariño,Choque,Vehículo,,Solo Daños,0,1,0,0,0,1,0,0,0,0,0,0,0,0,0,0,0,0,0,0,0,0,1000314.0,0.005173737287254982,574.284838885303,CL19,KR5;KR10,4.5844906000000005,-74.10762695,0.0,10.59813278201613,,0.0,124.0,0.0
169685,10499404,-74.114438466,4.684195139,AK 86-CL 63 2,2019,Octubre,9,miércoles,7,5,Engativá,Choque,Vehículo,,Solo Daños,0,0,0,0,0,0,0,1,0,1,0,0,0,0,0,0,0,0,0,0,0,1,1000227.0,0.005766182949550668,640.0463074001242,KR72,CL170;CL169,4.67854075,-74.1155684,0.0,23.80609135605042,,0.0,119.0,0.0
169686,10499405,-74.13690535,4.615663901,CL 26-KR 70B S 02,2019,Octubre,9,miércoles,18,45,Kennedy,Choque,Vehículo,,Solo Daños,0,0,0,0,0,0,0,0,0,1,1,0,1,0,0,1,0,0,0,0,0,1,90.0,0.0010194507880171117,113.1590374698994,CL24,KR86;AV.AMERICAS,4.61621555,-74.13776265,1.0,17.91012051875,,0.0,120.0,1.0
169687,10499407,-74.043571843,4.71766427400001,KR 16-CL 134A 2,2019,Octubre,9,miércoles,8,18,Usaquén,Choque,Vehículo,,Solo Daños,0,0,0,0,0,0,0,0,0,1,0,0,0,0,0,0,0,0,0,0,0,1,1002021.0,0.002016197511042158,223.79792372567957,AUTONORTE,CARDIO.INFANTIL;CL146,4.7190752,-74.04501210000001,1.0,42.03906065669354,,0.0,124.0,1.0
169688,10499408,-74.174204473,4.67639141799998,KR 123-CL 12A 21,2019,Octubre,9,miércoles,16,53,Fontibón,Choque,Vehículo,,Solo Daños,0,1,0,0,0,0,0,0,0,0,0,0,0,0,0,0,0,0,0,0,0,0,108.0,0.014790582417930175,1641.7546483902495,"CL72,CL68",KR86;KR58,4.66545305,-74.16424889999999,0.0,16.02654777375,,0.0,120.0,0.0
169689,10499409,-74.132567733,4.64443840799998,AV AVENIDA BOYACA-CL 11F 37,2019,Octubre,9,miércoles,19,4,Kennedy,Choque,Vehículo,,Solo Daños,0,0,0,0,0,0,0,0,0,0,0,0,0,0,0,0,0,0,0,0,0,0,1000995.0,0.0012056397335779303,133.82601042715027,CL80,KR96;KR102,4.6449201,-74.1314625,1.0,15.658892033592235,,0.0,103.0,1.0
169690,10499410,-74.028540984,4.74759153700001,CL 170-KR 8 2,2019,Octubre,9,miércoles,8,0,Usaquén,Choque,Vehículo,,Solo Daños,0,0,0,0,0,1,0,0,0,0,1,0,1,0,0,1,0,0,0,0,0,0,1000081.0,0.009333443296303156,1036.0122058896502,KR19,CL116;CL127,4.7391552,-74.03253365,0.0,19.556717584193546,,0.0,124.0,0.0
169691,10499411,-74.107014103,4.55737804,CL 49Q-KR 5Z S 02,2019,Octubre,9,miércoles,16,39,Rafael Uribe Uribe,Choque,Vehículo,,Solo Daños,0,0,0,0,0,0,0,0,0,0,1,0,0,0,0,0,0,0,0,0,1,0,39.0,0.010270518910148747,1140.0275990265109,AV.CARACAS,AV.P.MAYO;CL80,4.5552695,-74.11706585,0.0,16.081937618245615,,0.0,114.0,0.0
169692,10499412,-74.03263153,4.69472418399999,KR 7-CL 117 2,2019,Octubre,9,miércoles,18,45,Usaquén,Choque,Vehículo,,Solo Daños,0,0,0,0,0,0,0,0,0,0,1,0,0,0,0,0,0,0,0,0,0,0,1000184.0,0.009958820482936231,1105.4290736059218,KR15,CL94;CL100,4.704458949999999,-74.03053095,0.0,14.128070846896552,,0.0,116.0,0.0
169693,10499413,-74.115161913,4.713357336,CL 80-KR 104 2,2019,Octubre,9,miércoles,7,25,Engativá,Choque,Vehículo,,Solo Daños,0,0,0,0,0,0,0,1,0,0,1,0,1,0,1,0,0,0,0,0,0,0,1000723.0,0.015151956341598107,1681.86715391739,KR86,CL10;AV.AMERICAS,4.6984233,-74.11772245,0.0,13.815338940247935,,0.0,121.0,0.0
169694,10499414,-74.158095755,4.59633359100002,AV AVENIDA DEL SUR-AC 67 62,2019,Octubre,9,miércoles,18,47,Bosa,Choque,Vehículo,,Solo Daños,0,1,0,0,0,0,0,1,0,0,0,0,0,0,0,0,0,0,0,0,0,0,1000750.0,0.003215699974962597,356.9426972208483,KR68,CL21SUR;CL3,4.5995431,-74.1582952,1.0,12.849434520416667,,0.0,120.0,1.0
169695,10499415,-74.136811377,4.55668527699999,CL 63-KR 17 S 02,2019,Octubre,9,miércoles,17,15,Ciudad Bolívar,Choque,Vehículo,,Solo Daños,0,0,0,0,0,0,0,0,0,0,0,0,0,0,0,0,0,0,0,0,0,0,56.0,0.018338444553665297,2035.567345456848,CL6,AV.CARACAS;KR42,4.574981,-74.13556034999999,0.0,17.159014918083336,,0.0,120.0,0.0
169696,10499416,-74.123702317,4.55998633799999,CL 51-KR 11B S 2,2019,Octubre,9,miércoles,12,59,Rafael Uribe Uribe,Choque,Vehículo,,Solo Daños,0,0,0,0,0,0,0,0,0,0,0,0,0,0,0,0,0,0,0,0,0,0,39.0,0.008141944175695809,903.7558035022347,AV.CARACAS,AV.P.MAYO;CL80,4.5552695,-74.11706585,0.0,15.480016388916665,,0.0,120.0,0.0
169697,10499417,-74.125233442,4.64733480799998,CL 13-KR 71D 02,2019,Octubre,9,miércoles,20,0,Fontibón,Choque,Vehículo,,Solo Daños,0,0,0,0,0,0,0,0,0,0,0,0,0,0,0,0,0,0,0,0,0,0,1000774.0,0.001926460431823981,213.8371079324619,CL17,KR123;KR128,4.648816999999999,-74.12400285,1.0,17.522126415689655,,0.0,116.0,1.0
169698,10499418,-74.094986284,4.66424327700003,KR 68-CL 53 2,2019,Octubre,9,miércoles,15,0,Teusaquillo,Choque,Vehículo,,Solo Daños,0,0,0,0,1,0,0,0,0,0,0,0,0,0,0,0,0,0,0,0,0,0,69.0,0.0011730363427432148,130.20703404449685,AV.CIRCUNVALAR,CL51;KR7,4.66439345,-74.09382289999999,1.0,27.288948344919355,,0.0,124.0,1.0
169699,10499419,-74.072731783,4.668339242,KR 30-CL 73 02,2019,Octubre,8,martes,17,0,Barrios Unidos,Choque,Vehículo,,Solo Daños,0,0,0,0,0,0,0,0,0,0,0,0,0,0,0,0,0,0,0,0,0,0,1000203.0,0.003167556205597523,351.59873882132507,KR7,CL188;CL175,4.6708734,-74.0708314,1.0,21.38375209666667,,0.0,120.0,1.0
169700,10499420,-74.0673292,4.67164812200002,KR 29-CL 79 2,2019,Octubre,9,miércoles,14,15,Barrios Unidos,Choque,Vehículo,,Solo Daños,0,1,0,0,0,0,0,0,0,0,0,0,0,0,0,0,0,0,0,0,0,0,1000339.0,0.0012750843598068682,141.53436393856236,KR9,CL147;CL140,4.6704867,-74.06785545,1.0,25.667853359333332,,0.0,120.0,1.0
169701,10499787,-74.115304004,4.71143454899999,KR 103A-CL 78A 02,2019,Octubre,15,martes,7,30,Engativá,Choque,Vehículo,,Con Heridos,1,0,0,0,0,1,0,0,0,0,0,0,0,0,0,0,0,0,0,0,0,0,1000723.0,0.013234102976578852,1468.9854304002527,KR86,CL10;AV.AMERICAS,4.6984233,-74.11772245,0.0,13.815338940247935,,0.0,121.0,0.0
169702,10499788,-74.184,4.62529999999998,KR 87D-CL 55 S 02,2019,Octubre,14,lunes,13,20,Bosa,Caida de ocupante,,,Con Heridos,0,0,0,1,0,0,0,0,0,0,1,0,1,0,0,1,0,0,0,0,0,0,76.0,0.017197622311224334,1908.936076545901,KR86,CL57BSUR;KR91,4.616729,-74.1989096,0.0,14.799870586554622,,0.0,119.0,0.0
169703,10499789,-74.094264377,4.74016996900002,CL 139-KR 101B 02,2019,Octubre,15,martes,21,10,Suba,Atropello,,,Con Heridos,0,0,0,0,0,0,1,0,0,0,0,0,0,0,0,0,0,0,0,0,0,0,1001032.0,0.001353650344781855,150.2551882707859,CL72,KR70;KR76,4.73918995,-74.09519815,1.0,24.664566646134453,,0.0,119.0,1.0
169704,10499790,-74.163997495,4.64284512500001,CL 26-KR 89 S 38,2019,Octubre,14,lunes,13,20,Kennedy,Caida de ocupante,,,Con Heridos,0,0,0,0,0,0,0,0,0,0,1,0,1,0,0,1,0,0,0,0,0,0,1000981.0,0.014093379672578477,1564.3651436562109,DIAG16,KR90;KR97,4.6495069,-74.176417,0.0,32.62112586831933,,0.0,119.0,0.0
169705,10499791,-74.118413055,4.68859429499997,CL 63-KR 93 2,2019,Octubre,15,martes,5,8,Fontibón,Choque,Vehículo,,Con Heridos,1,0,0,0,0,0,0,0,0,0,1,1,1,0,0,1,0,0,0,0,0,0,1000238.0,0.005163129286560522,573.1073508082179,CL134,KR58;KR53,4.68384265,-74.1204329,0.0,40.37036387704918,,0.0,122.0,0.0
169706,10499792,-74.11312083,4.59398509099998,AC 30-KR 27 S 02,2019,Octubre,12,sábado,13,45,Antonio Nariño,Choque,Vehículo,,Solo Daños,0,0,0,0,0,0,0,0,0,0,0,0,0,0,0,0,0,0,0,0,0,0,66.0,0.00275808900140913,306.1478791564134,CL11SUR,KR6_ESTE;AV.CARACAS,4.5966778,-74.1137178,1.0,12.156339383951613,,0.0,124.0,1.0
169707,10499793,-74.125195937,4.64724604499997,CL 13-KR 70 02,2019,Octubre,15,martes,21,30,Fontibón,Caida de ocupante,,,Con Heridos,0,0,0,0,0,0,1,0,0,0,1,0,1,0,0,1,0,0,0,0,0,0,1000774.0,0.0019726520731483555,218.96438011946745,CL17,KR123;KR128,4.648816999999999,-74.12400285,1.0,21.59571039824561,,0.0,114.0,1.0
169708,10499794,-74.073684114,4.67158844300002,CL 75-KR 53 02,2019,Octubre,12,sábado,10,30,Barrios Unidos,Choque,Vehículo,,Solo Daños,0,0,0,0,0,0,0,0,0,0,0,0,0,0,0,0,0,0,0,0,0,0,112.0,0.0017005693773788242,188.7632008890495,NQS,CL100;CL59SUR,4.672830899999999,-74.07484525,1.0,22.499478844741382,,0.0,116.0,1.0
169709,10499795,-74.102819289,4.48600267500001,KR 1-CL 110 S 2,2019,Octubre,15,martes,7,22,Usme,Atropello,,,Con Heridos,0,0,0,0,0,0,1,0,0,0,0,0,0,0,0,0,0,0,0,0,0,0,1001959.0,0.04896520156514742,5435.137373731363,"CL19,KR3",KR5;CL22,4.5343054,-74.1108466,0.0,13.410469843983739,,0.0,123.0,0.0
169710,10499796,-74.0851,4.56979999999999,TR 5-CL 21 ES 27,2019,Octubre,12,sábado,13,38,San Cristóbal,Choque,Vehículo,,Solo Daños,0,0,0,0,0,0,0,0,0,0,1,0,1,0,0,1,0,0,0,0,0,0,145.0,0.006865576800430641,762.0790248478012,CL63,AV.CARACAS;KR24,4.57655,-74.08384555,0.0,10.513564169344262,,0.0,122.0,0.0
169711,10499797,-74.078681662,4.651843332,KR 30-CL 62 02,2019,Octubre,12,sábado,13,39,Teusaquillo,Choque,Vehículo,,Solo Daños,0,0,0,0,0,1,0,0,0,0,0,0,0,0,0,0,0,0,0,0,0,0,1002294.0,0.001554204401727887,172.51668859179546,CL53,CL63;KR72,4.6511753,-74.07727835,1.0,10.580253173125,,0.0,32.0,1.0
169712,10499798,-74.100225256,4.567985271,CL 31-KR 9 S 2,2019,Octubre,12,sábado,19,35,San Cristóbal,Choque,Vehículo,,Solo Daños,0,0,0,0,0,0,0,0,0,1,0,0,0,0,0,0,0,0,0,0,0,1,81.0,0.003889288737487939,431.71104986116126,CL34;AV.AMERICAS,AV.CARACAS;KR86,4.5667841,-74.0965261,1.0,16.726452817333335,,0.0,120.0,1.0
169714,10499800,-74.105168148,4.62720796999997,AV AVENIDA DE LAS AMERICAS-KR 49 02,2019,Octubre,12,sábado,14,10,Puente Aranda,Choque,Vehículo,,Solo Daños,0,0,0,0,0,0,0,0,0,1,0,0,0,0,0,0,0,0,0,0,0,1,1001705.0,0.0012538716572303155,139.17975395256502,AV.AMERICAS,KR80G;KR74,4.6273108,-74.1039185,1.0,37.96917457766129,,0.0,124.0,1.0
169715,10499801,-74.03778442,4.70234160299998,CL 124-KR 11D 02,2019,Octubre,13,domingo,11,25,Usaquén,Volcamiento,,,Con Heridos,0,0,0,0,0,0,0,0,0,0,0,0,0,0,0,0,0,0,0,0,0,0,1002018.0,0.00576785804299523,640.2322427724705,AUTONORTE,ALCALA;CL146,4.705305,-74.0427328,0.0,40.993670550573775,,0.0,122.0,0.0
169716,10499802,-74.125084078,4.67229141000001,KR 86-CL 24 02,2019,Octubre,12,sábado,13,6,Fontibón,Choque,Vehículo,,Solo Daños,0,1,0,0,0,0,0,0,0,0,0,0,0,0,0,0,0,0,0,0,0,0,3.0,0.0030528057113672815,338.8614339617682,CL72,KR65;KR7,4.669261949999999,-74.12546090000001,1.0,12.619617293467742,,0.0,124.0,1.0
169717,10499803,-74.118146965,4.745129308,CL 132D-KR 147 02,2019,Octubre,13,domingo,9,0,Suba,Choque,Vehículo,,Solo Daños,0,0,0,0,0,0,0,0,0,0,0,0,0,0,0,0,0,0,0,0,0,0,1000951.0,0.01762334319984054,1956.1910951823,AV.SUBA,CL127;HUMEDAL.CORDOBA,4.7388854,-74.1016668,0.0,27.65612551080645,,0.0,124.0,0.0
169718,10499804,-74.127138976,4.649710051,CL 13-KR 72 02,2019,Octubre,12,sábado,17,50,Fontibón,Choque,Vehículo,,Solo Daños,0,0,0,0,0,1,0,0,0,0,0,0,0,0,0,0,0,0,0,0,0,0,1000775.0,0.0011711469672014275,129.99731335935846,CL17,KR128;KR123,4.65006275,-74.1260222,1.0,15.522326064482758,,0.0,116.0,1.0
169719,10499805,-74.073684114,4.67158844300002,CL 75-KR 53 2,2019,Octubre,12,sábado,13,10,Barrios Unidos,Choque,Vehículo,,Solo Daños,0,0,0,0,0,1,0,0,0,0,0,0,0,0,0,0,0,0,0,0,0,0,112.0,0.0017005693773788242,188.7632008890495,NQS,CL100;CL59SUR,4.672830899999999,-74.07484525,1.0,19.2298863408871,,0.0,124.0,1.0
169720,10499806,-74.023444978,4.76000625099999,CL 182C-KR 3A 02,2019,Octubre,13,domingo,18,17,Usaquén,Choque,Vehículo,,Solo Daños,1,0,1,0,0,0,0,1,0,0,0,0,0,0,0,0,0,0,0,0,0,0,1000088.0,0.008508994324329708,944.4983700005976,KR19,CL159;CL152,4.7601672,-74.03195245,0.0,17.935097269916664,,0.0,120.0,0.0
169721,10499807,-74.056604055,4.722581193,CL 135-KR 52A 02,2019,Octubre,12,sábado,7,10,Suba,Choque,Vehículo,,Solo Daños,0,0,0,0,0,0,0,1,0,0,0,0,0,0,0,0,0,0,0,0,0,0,1001953.0,0.0021459806070637656,238.203847384078,CL100,KR15;KR11,4.720507899999999,-74.05715785000001,1.0,15.122605445983606,,0.0,122.0,1.0
169722,10499808,-74.04780698,4.68709070400001,CL 102-KR 15 02,2019,Octubre,13,domingo,18,51,Usaquén,Choque,Vehículo,,Solo Daños,0,0,0,0,0,0,0,0,0,0,1,0,1,0,0,1,0,0,0,0,0,0,1002017.0,0.003418482697055792,379.45157937319294,AUTONORTE,ALCALA;PRADO,4.6892508,-74.04515745,1.0,44.07265939016949,,0.0,118.0,1.0
169723,10499809,-74.106698744,4.69461610600001,AV AVENIDA CIUDAD DE CALI-CL 71A 72,2019,Octubre,12,sábado,20,30,Engativá,Choque,Vehículo,,Solo Daños,0,0,0,0,0,0,0,0,0,0,0,0,0,0,0,0,0,0,0,0,0,0,1001872.0,0.0010584064720084057,117.48311839293304,KR86,CL64BIS;CL66A,4.6942582,-74.1076948,1.0,19.184180684453782,,0.0,119.0,1.0
169724,10499810,-74.057214005,4.68739177499998,KR 45-CL 100 02,2019,Octubre,13,domingo,7,51,Usaquén,Choque,Vehículo,,Solo Daños,0,0,0,0,0,0,0,0,0,0,0,0,0,0,0,0,0,0,0,0,0,0,1000036.0,0.004467193985988696,495.8585324447452,AUTONORTE,CL82;CL80,4.6830666,-74.05833145,1.0,18.89284019981132,,0.0,106.0,1.0
169725,10499811,-74.093497327,4.697545139,CL 80-KR 76 2,2019,Octubre,12,sábado,8,7,Engativá,Choque,Vehículo,,Solo Daños,0,0,0,0,0,0,0,0,0,0,0,0,0,0,0,0,0,0,0,0,0,0,1000282.0,0.005201050787585905,577.3166374220355,CL170,KR58;AV.BOYACA,4.6924967,-74.09224664999999,0.0,27.759583703833336,,0.0,120.0,0.0
169726,10500177,-74.086427155,4.58682655799998,KR 10-CL 2 S 2,2019,Octubre,18,viernes,12,10,Rafael Uribe Uribe,Caida de ocupante,,,Con Heridos,0,0,0,0,0,0,0,1,0,0,1,0,1,0,0,1,0,0,0,0,0,0,104.0,0.004350389357176899,482.8932186466358,CL80,AV.CARACAS;KR119,4.5855397,-74.08227145000001,1.0,20.719999694146342,,0.0,123.0,1.0
169727,10500178,-74.0845,4.67250000000001,KR 62-CL 67D 02,2019,Octubre,18,viernes,15,50,Barrios Unidos,Choque,Vehículo,,Solo Daños,0,0,0,0,0,0,0,0,0,0,1,0,0,0,0,0,0,0,0,0,1,0,1001947.0,0.0019176879960094134,212.86336755704488,"CL13,KR50",KR62;CL5A,4.670585,-74.0846015,1.0,29.841085291311476,,0.0,122.0,1.0
169728,10500179,-74.190040917,4.63324163499999,CL 56F-KR 91D S 05,2019,Octubre,17,jueves,1,20,Bosa,Atropello,,,Con Heridos,0,0,0,0,0,0,1,0,0,0,0,0,0,0,0,0,0,0,0,0,0,0,76.0,0.018743549631731523,2080.534009122199,KR86,CL57BSUR;KR91,4.616729,-74.1989096,0.0,38.67786613906542,,0.0,107.0,0.0
169729,10500180,-74.108622494,4.69788169100002,CL 72-KR 90 02,2019,Octubre,17,jueves,11,35,Engativá,Atropello,,,Con Heridos,0,0,0,0,0,1,1,0,0,0,0,0,0,0,0,0,0,0,0,0,0,0,1001872.0,0.0037403613708910525,415.1801121689068,KR86,CL64BIS;CL66A,4.6942582,-74.1076948,1.0,13.365170538198198,,0.0,111.0,1.0
169730,10500181,-74.138200081,4.62442110699999,AV AVENIDA BOYACA-CL 2A S 2,2019,Octubre,19,sábado,1,20,Kennedy,Choque,Vehículo,,Solo Daños,0,1,0,0,0,0,0,0,0,0,0,0,0,0,0,0,0,0,0,0,1,0,1000780.0,0.002991008522562836,332.0019460044748,CL6,KR42;KR36,4.62659345,-74.1361441,1.0,50.37075424258333,,0.0,120.0,1.0
169732,10500183,-74.029788471,4.74253780999999,CL 165-KR 8G 02,2019,Octubre,17,jueves,13,56,Usaquén,Atropello,,,Con Heridos,0,0,0,0,0,1,1,0,0,0,0,0,0,0,0,0,0,0,0,0,0,0,1000081.0,0.004356381314127987,483.55832586820657,KR19,CL116;CL127,4.7391552,-74.03253365,1.0,13.165829779516129,,0.0,124.0,1.0
169733,10500185,-74.075237092,4.60807064300002,KR 13-CL 19 2,2019,Octubre,18,viernes,23,10,Santa Fe,Choque,Vehículo,,Solo Daños,0,0,0,0,0,0,0,0,0,0,1,0,1,0,0,1,0,0,0,0,0,0,1000653.0,0.0014876830663398469,165.132820363723,AV.CIRCUNVALAR,KR7;CL83,4.6066223,-74.07557695,1.0,33.95339195691667,,0.0,120.0,1.0
169734,10500186,-74.075365814,4.61396965199998,CL 24-KR 17 02,2019,Octubre,18,viernes,15,20,Los Mártires,Choque,Vehículo,,Solo Daños,0,1,0,0,0,0,0,0,0,0,0,0,0,0,0,0,0,0,0,0,0,0,1001259.0,0.002136256324928149,237.12445206702455,CL24,KR69B;KR68B,4.6157021,-74.0766157,1.0,19.270124261818182,,0.0,121.0,1.0
169735,10500187,-74.058813392,4.65714915400002,KR 11-CL 72 2,2019,Octubre,17,jueves,13,9,Chapinero,Choque,Vehículo,,Solo Daños,0,0,0,0,0,0,0,1,0,1,0,0,0,0,0,0,0,0,0,0,0,1,1000096.0,0.00343438157767664,381.216355122107,KR7,CL162;CL153,4.654590349999999,-74.05652265,1.0,22.20191370125,,0.0,120.0,1.0
169736,10500188,-74.108639331,4.66939529500002,AV AVENIDA BOYACA-CL 51 2,2019,Octubre,18,viernes,19,26,Engativá,Choque,Vehículo,,Solo Daños,0,0,0,0,0,0,0,0,0,0,1,0,0,0,0,0,0,0,0,0,0,0,92.0,0.001517522651145187,168.44501427711575,"KR50,TV42,TV39",CL6;CL19,4.6708416,-74.1081799,1.0,22.433832800258617,,0.0,116.0,1.0
169737,10500189,-74.188675492,4.617969528,AV AVENIDA CIUDAD DE CALI-CL 62 S 02,2019,Octubre,18,viernes,19,20,Bosa,Choque,Vehículo,,Solo Daños,0,0,0,0,0,0,0,0,0,0,0,0,0,0,0,0,0,0,0,0,0,0,76.0,0.01030901917130221,1144.3011280145452,KR86,CL57BSUR;KR91,4.616729,-74.1989096,0.0,15.935398055416666,,0.0,120.0,0.0
169738,10500190,-74.151504806,4.57189815700002,KR 38-CL 62 S 2,2019,Octubre,18,viernes,21,15,Tunjuelito,Choque,Vehículo,,Solo Daños,0,0,0,0,0,0,0,0,0,1,0,0,0,0,0,0,0,0,0,0,1,1,1002276.0,0.012737807907391055,1413.896677720407,AV.VILLAVICENCIO,CL57BSUR;AV.P.MAYO,4.5824943,-74.158574,0.0,27.71444820875,,0.0,8.0,0.0
169739,10500191,-74.097295941,4.58945060299999,KR 19-CL 10 S 2,2019,Octubre,18,viernes,17,24,Antonio Nariño,Choque,Vehículo,,Solo Daños,0,0,0,0,0,1,0,0,0,0,0,0,0,0,0,0,0,0,0,0,0,0,1000286.0,0.0036194930682003474,401.7637305702386,AV.CARACAS,CL24;CL19,4.5897272000000005,-74.10090485,1.0,19.711611679067797,,0.0,118.0,1.0
169740,10500192,-74.059849591,4.65783099200002,CL 72-KR 12 02,2019,Octubre,18,viernes,16,0,Chapinero,Choque,Vehículo,,Solo Daños,0,0,0,0,0,0,0,1,0,0,1,0,0,0,0,0,0,0,0,0,0,0,1000707.0,0.0036864256713807137,409.1932495232592,CL13,KR47;KR39,4.6608924,-74.06190325,1.0,20.095425740796458,,0.0,113.0,1.0
169741,10500193,-74.091939764,4.74410761799999,KR 101-CL 145 2,2019,Octubre,18,viernes,7,57,Suba,Choque,Vehículo,,Solo Daños,0,0,0,0,0,0,0,0,0,0,0,0,0,0,0,0,0,0,0,0,1,0,1002030.0,0.0018345434286774595,203.63432058319802,AV.SUBA,21.ANGELES;CL136,4.742438,-74.09117954999999,1.0,36.10444889934959,,0.0,123.0,1.0
169742,10500194,-74.096393158,4.73204836899998,CL 130DBIS-KR 100A 2,2019,Octubre,18,viernes,5,50,Suba,Choque,Vehículo,,Solo Daños,0,0,0,0,0,0,0,0,0,1,0,0,0,0,0,0,0,0,0,0,0,1,1001022.0,0.0022423726050401966,248.90335915946181,KR72,CL63BIS;CL53,4.73266365,-74.09423685,1.0,33.09210906262712,,0.0,118.0,1.0
169743,10500195,-74.086220687,4.56910236099998,CL 22BIS-KR 2 SE 02,2019,Octubre,18,viernes,15,10,San Cristóbal,Choque,Vehículo,,Solo Daños,0,1,0,0,0,0,0,0,0,0,0,0,0,0,0,0,0,0,0,0,0,0,42.0,0.007579190311906303,841.2901246215997,CL39,AV.CARACAS;KR7,4.568182500000001,-74.09374385000001,0.0,9.300865720487804,,0.0,123.0,0.0
169744,10500196,-74.118936522,4.531057691,CL 67A-KR 11 S 2,2019,Octubre,18,viernes,23,10,Usme,Atropello,,,Con Heridos,0,0,0,0,0,0,1,0,0,0,1,0,1,1,0,0,0,0,0,1,0,0,1001959.0,0.00871747966528781,967.6402428469469,"CL19,KR3",KR5;CL22,4.5343054,-74.1108466,0.0,21.796157668235292,,0.0,119.0,0.0
169745,10500199,-74.0835187,4.63078257799998,CL 26-KR 33A 02,2019,Octubre,18,viernes,7,40,Teusaquillo,Choque,Vehículo,,Solo Daños,0,1,0,0,0,0,0,0,0,0,0,0,0,0,0,0,0,0,0,0,0,0,1002036.0,0.0016128052398359785,179.0213816217936,CL26,GOBERNACION;KR40,4.629466150000001,-74.08445045,1.0,28.163190372452828,,0.0,106.0,1.0
169746,10500200,-74.104752181,4.70458191199998,CL 80-KR 90 2,2019,Octubre,18,viernes,8,30,Engativá,Choque,Vehículo,,Solo Daños,0,1,0,0,0,0,0,0,0,0,0,0,0,0,0,0,0,0,0,0,0,0,1000963.0,0.00637198235908461,707.2900418583918,CL72,KR64;KR70,4.7019356,-74.0989557,0.0,21.7014549575,,0.0,124.0,0.0
169747,10500201,-74.145523634,4.59368153700001,AV AVENIDA BOYACA-DG 47A S 2,2019,Octubre,19,sábado,2,47,Tunjuelito,Choque,Vehículo,,Solo Daños,0,1,0,0,0,0,0,0,0,1,0,0,0,0,0,0,0,0,0,0,0,1,1000297.0,0.0018634871545106892,206.8470741506865,CL1,KR21;AV.CARACAS,4.59354105,-74.14366545,1.0,42.569628624322036,,0.0,118.0,1.0
169748,10500202,-74.120760281,4.602583649,AV AVENIDA PRIMERA DE MAYO-KR 50 02,2019,Octubre,16,miércoles,17,50,Puente Aranda,Choque,Vehículo,,Solo Daños,0,0,0,0,0,1,0,0,0,1,0,0,0,0,0,0,0,0,0,0,0,1,1001061.0,0.0011722744624704123,130.12246533421578,AV.P.MAYO,CL43SUR;CL41BSUR,4.6016787,-74.1200151,1.0,16.604577506218487,,0.0,119.0,1.0
169749,10500203,-74.089791057,4.61983644700001,CL 19-KR 32 2,2019,Octubre,20,domingo,18,48,Puente Aranda,Choque,Vehículo,,Con Muertos,0,1,0,0,0,1,0,0,0,0,1,0,1,0,0,0,1,0,0,0,0,0,1000938.0,0.0017365272695329336,192.75452691815562,CL24,AV.AMERICAS;KR40,4.62150645,-74.0902671,1.0,14.004052900338984,,0.0,118.0,1.0
169750,10500576,-74.054640006,4.70753944099999,AC 127-KR 45 51,2019,Octubre,22,martes,8,0,Usaquén,Choque,Vehículo,,Solo Daños,0,1,0,0,0,0,0,0,0,0,0,0,0,0,0,0,0,0,0,0,0,0,18.0,0.0032557451262326086,361.38770901181954,CL85,KR15;KR7,4.7093504,-74.0519344,1.0,8.843801144758064,,0.0,124.0,1.0
169751,10500577,-74.071696516,4.62100751999998,KR 16-CL 32 02,2019,Octubre,22,martes,10,10,Teusaquillo,Choque,Vehículo,,Solo Daños,0,0,0,0,0,0,0,0,0,0,1,0,1,0,0,1,0,0,0,0,0,0,1000020.0,0.002745453455919834,304.7453336071016,KR7,CL79;CL76,4.618767350000001,-74.07328369999999,1.0,18.036759418392858,,0.0,112.0,1.0
169752,10500578,-74.116733265,4.68159484799997,AV AVENIDA CIUDAD DE CALI-AC 52A 2,2019,Octubre,22,martes,19,13,Engativá,Choque,Vehículo,,Solo Daños,0,1,0,0,0,0,0,1,0,0,0,0,0,0,0,0,0,0,0,0,0,0,1000227.0,0.0032687038809949744,362.82613079044216,KR72,CL170;CL169,4.67854075,-74.1155684,1.0,26.80290366775,,0.0,120.0,1.0
169753,10500579,-74.0986,4.69330000000002,KR 77-CL 74 2,2019,Octubre,22,martes,15,35,Engativá,Choque,Vehículo,,Solo Daños,0,0,0,0,0,0,0,1,0,1,0,0,0,0,0,0,0,0,0,0,0,1,1000748.0,0.0055606937734833635,617.2370088566533,KR68,CL3;CL13,4.692486049999999,-74.1041008,0.0,24.931418903559322,,0.0,118.0,0.0
169754,10500580,-74.044022348,4.669473611,AV AVENIDA CIRCUNVALAR-CL 88 09,2019,Octubre,22,martes,11,58,Chapinero,Choque,Objeto Fijo,Objeto Fijo,Solo Daños,0,0,0,0,0,0,0,0,0,0,0,0,0,0,0,0,0,0,0,0,0,0,1000191.0,0.005173291588761228,574.2353663524963,KR9,CL161;CL147,4.67150165,-74.04878155,0.0,21.223416848305085,,0.0,118.0,0.0
169755,10500581,-74.051847394,4.72092381099998,KR 45-CL 135 02,2019,Octubre,22,martes,10,0,Usaquén,Choque,Vehículo,,Solo Daños,0,1,0,0,0,0,0,0,0,0,0,0,0,0,0,0,0,0,0,0,0,0,1002024.0,0.00016192466444919234,17.97363775386035,AUTONORTE,TOBERIN;SANTA.FE,4.7209002,-74.0516872,1.0,46.27239137694215,,0.0,121.0,1.0
169756,10500583,-74.106040701,4.62876189799999,KR 50-CL 15 02,2019,Octubre,22,martes,12,10,Puente Aranda,Choque,Vehículo,,Solo Daños,0,1,0,0,0,0,0,0,0,0,0,0,0,0,0,0,0,0,0,0,0,0,1001705.0,0.0025708797112934246,285.36764795357016,AV.AMERICAS,KR80G;KR74,4.6273108,-74.1039185,1.0,34.89291057272727,,0.0,121.0,1.0
169757,10500584,-74.100239764,4.63604219799998,CL 22BIS-KR 50 2,2019,Octubre,22,martes,19,40,Teusaquillo,Choque,Vehículo,,Solo Daños,0,0,0,0,0,0,0,1,0,0,0,0,0,0,0,0,0,0,0,0,0,0,1002285.0,0.004025446194274038,446.82452756441825,KR68SUR,KR51;CL38,4.6390051,-74.0975148,1.0,19.30088041625,,0.0,8.0,1.0
169758,10500585,-74.051377921,4.75249375999999,CL 170-KR 52 02,2019,Octubre,22,martes,7,15,Suba,Choque,Vehículo,,Solo Daños,0,0,0,0,0,0,0,0,0,0,1,0,0,0,0,0,0,0,0,0,1,0,1000087.0,0.007473289481009104,829.5351323920106,KR19,CL147;CL152,4.7597534,-74.04960375,0.0,20.77916332474138,,0.0,116.0,0.0
169759,10500586,-74.121087946,4.63256471900002,KR 68-CL 10 02,2019,Octubre,22,martes,6,51,Puente Aranda,Choque,Vehículo,,Solo Daños,1,0,0,0,0,0,0,0,0,0,0,0,0,0,0,0,0,0,0,0,0,0,1000745.0,0.0019892989770039686,220.81218644744052,CL6,KR32;KR36,4.6343731,-74.12025905,1.0,45.59430014940171,,0.0,117.0,1.0
169760,10500587,-74.04747694,4.74419111700001,KR 45-CL 163 2,2019,Octubre,22,martes,21,0,Usaquén,Choque,Vehículo,,Solo Daños,0,0,0,0,0,0,0,0,0,0,0,0,0,0,0,0,0,0,0,0,1,0,1000175.0,0.005975931239908501,663.3283676298437,CL106,KR19;KR15,4.73962495,-74.05133205,0.0,16.465776649579833,,0.0,119.0,0.0
169761,10500588,-74.172642928,4.67777542800002,CL 13-KR 123 02,2019,Octubre,23,miércoles,4,55,Fontibón,Choque,Vehículo,,Solo Daños,0,0,0,0,0,0,0,0,0,0,0,0,0,0,0,0,0,0,0,0,0,0,108.0,0.014909752031484676,1654.982475494799,"CL72,CL68",KR86;KR58,4.66545305,-74.16424889999999,0.0,32.38346199033334,,0.0,120.0,0.0
169762,10500589,-74.169188195,4.57682972399999,TR 73B-CL 75A S 2,2019,Octubre,22,martes,21,50,Ciudad Bolívar,Volcamiento,,,Con Heridos,0,0,0,0,0,1,0,0,0,0,0,0,0,0,0,0,0,0,0,0,0,0,1002276.0,0.012031149436274167,1335.4575874264326,AV.VILLAVICENCIO,CL57BSUR;AV.P.MAYO,4.5824943,-74.158574,0.0,27.71444820875,,0.0,8.0,0.0
169763,10500590,-74.188483925,4.62058456099999,TR 86B-CL 60 S 52,2019,Octubre,23,miércoles,0,30,Bosa,Choque,Vehículo,,Solo Daños,0,0,0,0,0,0,0,0,0,1,0,0,0,0,0,0,0,0,0,0,0,1,76.0,0.011115756826690887,1233.8490077626884,KR86,CL57BSUR;KR91,4.616729,-74.1989096,0.0,34.27209888910714,,0.0,112.0,0.0
169764,10500591,-74.079645719,4.63087587299998,KR 30-CL 40 2,2019,Octubre,22,martes,13,30,Barrios Unidos,Choque,Vehículo,,Solo Daños,0,0,0,0,0,0,0,1,0,0,0,0,0,0,0,0,0,0,0,0,0,0,1001987.0,0.0023427759526920447,260.04813074881696,NQS,CAMPIN;U.NACIONAL,4.63205205,-74.08167184999999,1.0,38.459365983870974,,0.0,124.0,1.0
169766,10500593,-74.07003502,4.65063515200001,CL 63-KR 20 2,2019,Octubre,22,martes,13,30,Barrios Unidos,Choque,Vehículo,,Solo Daños,0,0,0,0,0,1,0,0,0,1,0,0,0,0,0,0,0,0,0,0,0,1,14.0,0.0014500898882753668,160.9599775985657,CL92,KR19B;KR7,4.65012885,-74.07139384999999,1.0,16.94242873766129,,0.0,124.0,1.0
169767,10500594,-74.099841347,4.589264985,KR 24-CL 13 S 2,2019,Octubre,22,martes,11,40,Antonio Nariño,Choque,Vehículo,,Solo Daños,0,0,0,0,0,0,0,0,0,1,0,0,0,0,0,0,0,0,0,0,0,1,1000286.0,0.0011596039570730366,128.71603923510708,AV.CARACAS,CL24;CL19,4.5897272000000005,-74.10090485,1.0,19.305509513333334,,0.0,117.0,1.0
169768,10500595,-74.042172064,4.77520926599999,KR 45-CL 195 2,2019,Octubre,21,lunes,0,0,Usaquén,Choque,Vehículo,,Solo Daños,0,0,0,0,0,0,0,0,0,1,0,0,0,0,0,0,0,0,0,0,0,1,1000087.0,0.017149744913913603,1903.6216854444099,KR19,CL147;CL152,4.7597534,-74.04960375,0.0,25.127227276050423,,0.0,119.0,0.0
169769,10500596,-74.168412645,4.68066994399999,KR 123-CL 14 2,2019,Octubre,22,martes,21,0,Fontibón,Volcamiento,,,Solo Daños,0,0,0,0,0,1,0,0,0,0,0,0,0,0,0,0,0,0,0,0,0,0,1000982.0,0.011238067535554246,1247.4254964465213,DIAG16,KR123;KR106,4.67875865,-74.15733829999999,0.0,34.892264133865545,,0.0,119.0,0.0
169770,10500597,-74.102752615,4.66950434099999,KR 70-CL 53 73,2019,Octubre,23,miércoles,5,35,Engativá,Choque,Vehículo,,Con Muertos,0,0,0,0,0,1,0,0,0,0,1,0,1,0,0,1,0,0,0,0,0,0,1000032.0,0.0013184641958429604,146.34952573856862,CL72,KR20;KR11,4.6703601500000005,-74.10174965,1.0,22.46225674483607,,0.0,122.0,1.0
169771,10500598,-74.104688113,4.69820816700002,CL 74-KR 86 2,2019,Octubre,16,miércoles,8,0,Engativá,Choque,Vehículo,,Solo Daños,0,0,0,0,0,0,0,0,0,1,0,0,0,0,0,0,0,0,0,0,0,1,1000759.0,0.0004659251215341796,51.71768849029394,KR80,CL26SUR;CL38CSUR,4.69774235,-74.10469815,1.0,20.14625088185484,,0.0,124.0,1.0
169772,10500599,-74.122013738,4.72265751999998,CL 80-KR 115 2,2019,Octubre,21,lunes,17,30,Engativá,Choque,Vehículo,,Solo Daños,0,1,0,0,0,0,0,0,0,0,0,0,0,0,0,0,0,0,0,0,0,0,103.0,0.014297221726677143,1586.9916116611628,DIAG16,KR129;CL17,4.71384325,-74.1332707,0.0,20.078838584,,0.0,120.0,0.0
169773,10500600,-74.049,4.66469999999998,KR 7A-CL 84A 66,2019,Octubre,21,lunes,19,30,Chapinero,Choque,Vehículo,,Solo Daños,0,0,0,0,0,0,0,0,0,1,1,0,0,0,0,0,0,0,0,0,1,1,1000986.0,0.004310342716062535,478.44804148294133,CL80,KR69H;KR58,4.6638357,-74.0532228,1.0,38.00264687330508,,0.0,118.0,1.0
169774,10500601,-74.112699856,4.724119282,KR 111C-CL 86A 02,2019,Octubre,21,lunes,14,40,Engativá,Choque,Vehículo,,Solo Daños,0,0,0,0,0,0,0,0,0,0,1,0,1,0,0,1,0,0,0,0,0,0,1000710.0,0.00801378528566314,889.5301667086085,KR86,CL72;CL75BIS,4.7274802000000005,-74.1054249,0.0,24.28560107902655,,0.0,113.0,0.0
169775,10500983,-74.068232388,4.603223684,CL 19-KR 3 02,2019,Octubre,25,viernes,14,0,Santa Fe,Choque,Vehículo,,Solo Daños,0,0,0,0,0,0,0,0,0,0,1,0,1,0,0,1,0,0,0,0,0,0,2.0,0.0025275953000654045,280.5630783072599,KR7,CL32;CL188,4.60499885,-74.0700317,1.0,19.303064124649122,,0.0,114.0,1.0
169776,10500984,-74.046905621,4.66373724200002,KR 1-CL 84B 2,2019,Octubre,25,viernes,8,10,Chapinero,Choque,Vehículo,,Solo Daños,0,0,0,0,0,0,0,0,0,0,0,0,0,0,0,0,0,0,0,0,0,0,1000986.0,0.00631794622451701,701.2920309213881,CL80,KR69H;KR58,4.6638357,-74.0532228,0.0,28.68190945033058,,0.0,121.0,0.0
169777,10500985,-74.127471827,4.71254590199999,CL 72-KR 111C 02,2019,Octubre,25,viernes,15,50,Engativá,Choque,Vehículo,,Solo Daños,0,1,0,0,0,1,0,0,0,0,0,0,0,0,0,0,0,0,0,0,0,0,103.0,0.005942225164304921,659.5869932378463,DIAG16,KR129;CL17,4.71384325,-74.1332707,0.0,21.694859990080644,,0.0,124.0,0.0
169778,10500986,-74.076589199,4.65184914999998,CL 63-KR 28A 2,2019,Octubre,25,viernes,20,14,Barrios Unidos,Choque,Vehículo,,Solo Daños,0,0,0,0,0,0,0,1,0,0,0,0,0,0,0,0,0,0,0,0,0,0,151.0,0.0007771431001880658,86.26288412087531,CL53,CL63;KR70,4.6510903500000005,-74.07675705,1.0,12.770831908055555,,0.0,36.0,1.0
169779,10500987,-74.04287772,4.66598149599997,KR 2B-CL 87D 23,2019,Octubre,27,domingo,14,30,Usaquén,Choque,Vehículo,,Con Heridos,0,0,0,0,0,1,0,0,0,0,0,1,0,0,0,0,0,0,0,0,0,0,1000191.0,0.008082531091982885,897.1609512101003,KR9,CL161;CL147,4.67150165,-74.04878155,0.0,25.263703253916667,,0.0,120.0,0.0
169780,10500988,-74.14701883,4.64926994199999,KR 86-CL 10 02,2019,Octubre,28,lunes,6,10,Kennedy,Choque,Vehículo,,Con Heridos,0,1,0,0,0,1,0,0,0,0,0,0,0,0,0,0,0,0,0,0,0,0,124.0,0.006609740008317147,733.6811409232033,CL66A,KR86;KR72,4.652358850000001,-74.1528624,0.0,12.1625423528125,,0.0,96.0,0.0
169781,10500989,-74.138876269,4.56706917499997,AV AVENIDA CIUDAD DE VILLAVICENCIO-KR 19C 2,2019,Octubre,28,lunes,8,30,Ciudad Bolívar,Choque,Vehículo,,Con Heridos,1,0,0,0,0,1,0,0,0,0,0,0,0,0,0,0,0,0,0,0,0,0,56.0,0.00857859508577456,952.2240545209762,CL6,AV.CARACAS;KR42,4.574981,-74.13556034999999,0.0,20.953219223225805,,0.0,124.0,0.0
169782,10500990,-74.094986284,4.66424327700003,KR 68-CL 53 02,2019,Octubre,28,lunes,22,10,Teusaquillo,Atropello,,,Con Heridos,0,0,0,0,0,1,1,0,0,0,0,0,0,0,0,0,0,0,0,0,0,0,69.0,0.0011730363427432148,130.20703404449685,AV.CIRCUNVALAR,CL51;KR7,4.66439345,-74.09382289999999,1.0,35.60638472820513,,0.0,117.0,1.0
169783,10500991,-74.074533397,4.64185941300002,CL 53-KR 25 2,2019,Octubre,28,lunes,9,30,Teusaquillo,Choque,Vehículo,,Con Heridos,0,0,0,0,0,1,0,0,0,0,0,0,0,0,0,0,0,0,0,0,0,0,15.0,0.0036876711234672126,409.3314947048606,CL94,KR7;KR15,4.640764750000001,-74.07805485,1.0,9.598503856504065,,0.0,123.0,1.0
169784,10500992,-74.132915535,4.62968748399999,AV AVENIDA DE LAS AMERICAS-KR 71 02,2019,Octubre,25,viernes,0,30,Kennedy,Choque,Vehículo,,Con Heridos,1,0,1,0,0,0,0,0,0,0,0,0,0,0,0,0,0,0,0,0,0,0,1002293.0,0.002761975745350781,306.5793077339367,CL53,KR72;CL63,4.62701775,-74.13220770000001,1.0,23.5325464421875,,0.0,32.0,1.0
169785,10500993,-74.109187046,4.51106010699999,CL 77BIS-KR 6 S 2,2019,Octubre,28,lunes,19,0,Usme,Choque,Vehículo,,Con Heridos,0,0,0,0,0,1,0,0,0,0,1,0,0,0,0,0,0,0,0,0,1,0,1001959.0,0.02330445807426637,2586.794846243567,"CL19,KR3",KR5;CL22,4.5343054,-74.1108466,0.0,13.749527720775863,,0.0,116.0,0.0
169786,10500994,-74.061358245,4.71641983000001,CL 129-KR 53D 2,2019,Octubre,28,lunes,6,35,Suba,Choque,Vehículo,,Con Heridos,1,0,0,0,0,0,0,0,0,0,0,0,0,0,0,0,0,0,0,0,0,0,1000246.0,0.0012479486068925109,138.52229536506871,CL45,KR19;AV.CARACAS,4.71519355,-74.0611267,1.0,17.651031093448275,,0.0,116.0,1.0
169787,10500995,-74.184754162,4.59842394600003,CL 65G-KR 77J S 2,2019,Octubre,28,lunes,22,30,Bosa,Choque,Vehículo,,Con Heridos,0,0,0,0,0,1,0,0,0,0,0,0,0,0,0,0,0,0,0,0,0,0,149.0,0.006875372040852804,763.1662965346612,AV.CL59SUR,CL59SUR;KR81A,4.6025243,-74.1792353,0.0,27.21717575125,,0.0,8.0,0.0
169788,10500996,-74.0852,4.73970000000003,KR 90-CL 146 02,2019,Octubre,27,domingo,12,6,Suba,Choque,Vehículo,,Con Heridos,0,0,0,0,0,1,0,1,0,0,0,0,0,0,0,0,0,0,0,0,0,0,1000729.0,0.00408467054361798,453.39843034159577,KR86,DG49SUR;CL57BSUR,4.7407833,-74.0812616,1.0,27.642351752410715,,0.0,112.0,1.0
169789,10500997,-74.120265218,4.53361981199998,AV AVENIDA CARACAS-CL 65 S 2,2019,Octubre,28,lunes,9,58,Usme,Choque,Vehículo,,Con Heridos,1,0,0,0,0,0,0,0,0,1,0,0,0,0,0,0,0,0,0,0,0,1,1001959.0,0.009443537257598852,1048.2326355934727,"CL19,KR3",KR5;CL22,4.5343054,-74.1108466,0.0,13.472533129596775,,0.0,124.0,0.0
169790,10500998,-74.12974494,4.59375067299999,CL 45A-KR 50A S 91,2019,Octubre,28,lunes,5,45,Tunjuelito,Choque,Vehículo,,Con Heridos,1,0,0,0,0,0,0,0,0,0,0,0,0,0,0,0,0,0,0,0,0,0,1000295.0,0.0017297056020109346,191.99732182321375,CL1,AV.CARACAS;KR10,4.5933419,-74.13142565,1.0,36.14376660368852,,0.0,122.0,1.0
169791,10500999,-74.028271796,4.73853340199997,KR 8C-CL 162 2,2019,Octubre,28,lunes,5,45,Usaquén,Choque,Vehículo,,Con Heridos,1,0,0,0,0,0,0,0,0,0,0,0,0,0,0,0,0,0,0,0,0,0,1000081.0,0.0043069748397467624,478.0742072118906,KR19,CL116;CL127,4.7391552,-74.03253365,1.0,24.55871429446281,,0.0,121.0,1.0
169792,10501000,-74.10560125,4.56544105099999,KR 10-CL 36B S 2,2019,Octubre,28,lunes,5,45,Rafael Uribe Uribe,Choque,Vehículo,,Con Heridos,0,0,0,1,0,1,0,0,0,0,0,0,0,0,0,0,0,0,0,0,0,0,81.0,0.009173991941295008,1018.313105483746,CL34;AV.AMERICAS,AV.CARACAS;KR86,4.5667841,-74.0965261,0.0,39.657647689401706,,0.0,117.0,0.0
169793,10501001,-74.148938588,4.60926177699997,CL 40C-KR 72KBISA S 2,2019,Octubre,28,lunes,21,27,Kennedy,Choque,Vehículo,,Con Heridos,0,0,0,0,0,1,0,0,0,0,0,0,0,0,0,0,0,0,0,0,0,0,1000749.0,0.004692712057143653,520.8910383429454,KR68,CL3;CL21SUR,4.6131227,-74.15160595,1.0,30.386287327833333,,0.0,120.0,1.0
169794,10501003,-74.11146892,4.55602272300001,CL 48L-KR 5H S 02,2019,Octubre,27,domingo,19,21,Rafael Uribe Uribe,Atropello,,,Con Heridos,0,0,0,0,1,1,1,0,0,0,0,0,0,0,0,0,0,0,0,0,0,0,39.0,0.005647386148720181,626.8598625079401,AV.CARACAS,AV.P.MAYO;CL80,4.5552695,-74.11706585,0.0,17.54174856008621,,0.0,116.0,0.0
169795,10501004,-74.075818185,4.62414682999997,AC 34-KR 24 05,2019,Octubre,28,lunes,16,0,Teusaquillo,Caida de ocupante,,,Con Heridos,0,0,0,0,0,0,0,0,0,0,1,0,1,0,0,1,0,0,0,0,0,0,1000967.0,0.0012629703666752938,140.18971070095762,CL26,KR33;KR40,4.6235713,-74.07694240000001,1.0,30.367643552833332,,0.0,120.0,1.0
169796,10501005,-74.085188905,4.62874648799999,CL 25B-KR 33 2,2019,Octubre,28,lunes,12,55,Teusaquillo,Caida de ocupante,,,Con Heridos,0,0,0,1,0,0,0,1,0,0,1,0,1,0,0,1,0,0,0,0,0,0,1002036.0,0.0010311300506090728,114.45543561760708,CL26,GOBERNACION;KR40,4.629466150000001,-74.08445045,1.0,30.60925973548387,,0.0,124.0,1.0
169797,10501006,-74.07205172,4.58004664499998,KR 8B-CL 1A E 22,2019,Octubre,27,domingo,14,1,Santa Fe,Atropello,,,Con Heridos,0,0,0,0,0,0,1,1,0,1,0,0,0,0,0,0,0,0,0,0,0,1,1000028.0,0.007531937186258269,836.0450276746678,KR11,CL94;CL92,4.58677215,-74.0686609,0.0,13.230032311382113,,0.0,123.0,0.0
169798,10501007,-74.032035739,4.73037758100003,KR 9-CL 152A 2,2019,Octubre,28,lunes,19,17,Usaquén,Otro,,,Con Heridos,0,0,0,0,0,0,0,0,0,0,1,0,1,0,0,1,0,0,0,0,0,0,1000081.0,0.008791729674675048,975.8819938889303,KR19,CL116;CL127,4.7391552,-74.03253365,0.0,12.04473221,,0.0,120.0,0.0
169799,10501009,-74.0258,4.75869999999998,KR 7-CL 181 02,2019,Octubre,25,viernes,18,34,Usaquén,Choque,Vehículo,,Solo Daños,0,1,0,0,0,0,0,0,0,0,1,0,1,0,0,1,0,0,0,0,0,0,1000088.0,0.006324975639682858,702.0722960047972,KR19,CL159;CL152,4.7601672,-74.03195245,0.0,17.935097269916664,,0.0,120.0,0.0
169800,10501384,-74.176247805,4.57744470300003,TR 75I-CL 75C S 50,2019,Octubre,28,lunes,10,0,Ciudad Bolívar,Choque,Objeto Fijo,Muro,Solo Daños,0,0,0,0,0,0,0,0,0,0,0,0,0,0,0,0,0,0,0,0,0,0,1002276.0,0.01838101773678954,2040.2929687836388,AV.VILLAVICENCIO,CL57BSUR;AV.P.MAYO,4.5824943,-74.158574,0.0,24.2748104575,,0.0,8.0,0.0
169801,10501385,-74.095804714,4.74725036799998,KR 104-CL 145 02,2019,Octubre,30,miércoles,19,30,Suba,Choque,Vehículo,,Solo Daños,0,0,0,0,0,0,0,0,0,0,1,0,1,1,0,0,0,0,0,1,0,0,1001707.0,0.004830648790610324,536.2020157577459,AV.SUBA,CL136;CL127,4.7425033,-74.09491,1.0,40.860634530344825,,0.0,116.0,1.0
169802,10501386,-74.139560493,4.60964524299999,KR 69-CL 37D S 02,2019,Octubre,29,martes,16,0,Kennedy,Choque,Vehículo,,Solo Daños,0,1,0,0,0,0,0,1,0,0,0,0,0,0,0,0,0,0,0,0,0,0,1001715.0,0.004019150957310371,446.12575626145116,"AV.AMERICAS,CL34",KR28;KR36,4.6069231,-74.13660355,1.0,19.142964729833334,,0.0,120.0,1.0
169803,10501387,-74.030339353,4.76622887000002,KR 8D-CL 189 02,2019,Octubre,30,miércoles,15,0,Usaquén,Choque,Vehículo,,Solo Daños,0,0,0,0,0,0,0,0,0,0,0,0,0,0,0,0,0,0,0,0,0,0,1000088.0,0.006272633029324345,696.2622662550023,KR19,CL159;CL152,4.7601672,-74.03195245,0.0,18.59869608419355,,0.0,124.0,0.0
169804,10501388,-74.081074371,4.59512095299999,KR 10-CL 6 02,2019,Octubre,29,martes,13,17,Santa Fe,Choque,Vehículo,,Solo Daños,0,0,0,0,0,0,0,0,0,0,1,0,1,0,0,1,0,0,0,0,0,0,1000258.0,0.004101863233315629,455.3068188980348,CL32,KR7;AV.CARACAS,4.595026300000001,-74.0769736,1.0,14.351764825,,0.0,124.0,1.0
169805,10501389,-74.047860214,4.68566621100001,KR 15-CL 100 02,2019,Octubre,30,miércoles,8,32,Usaquén,Choque,Vehículo,,Solo Daños,0,0,0,0,0,0,0,0,0,0,0,0,0,0,0,0,0,0,0,0,0,0,1002017.0,0.004489344221431486,498.31720857889496,AUTONORTE,ALCALA;PRADO,4.6892508,-74.04515745,1.0,35.883556030756296,,0.0,119.0,1.0
169806,10501390,-74.062447569,4.64142219000001,AK 7-CL 55 2,2019,Octubre,29,martes,10,31,Chapinero,Choque,Vehículo,,Solo Daños,0,0,0,0,0,0,0,0,0,1,0,0,0,0,0,0,0,0,0,0,0,1,1000307.0,0.0010747208684476876,119.29401639769333,KR10,CL24;CL19,4.6413462,-74.0635196,1.0,11.851297828739495,,0.0,119.0,1.0
169807,10501391,-74.063620306,4.64891731500001,KR 13-CL 62 02,2019,Octubre,29,martes,14,40,Chapinero,Choque,Vehículo,,Solo Daños,0,0,0,0,0,0,0,0,0,0,1,0,1,0,0,1,0,0,0,0,0,0,1002025.0,0.0039510160806194615,438.5627849487602,AUTONORTE,SANTA.FE;TOBERIN,4.64911745,-74.06756625,1.0,47.71954542548387,,0.0,124.0,1.0
169808,10501392,-74.075305822,4.66508056499998,KR 30-CL 70 02,2019,Octubre,30,miércoles,11,50,Barrios Unidos,Choque,Vehículo,,Solo Daños,0,1,0,0,0,0,0,0,0,0,0,0,0,0,0,0,0,0,0,0,0,0,1000201.0,0.004440591104939273,492.9056126482593,KR7,CL175;CL170,4.6690147500000005,-74.0773652,1.0,24.11757636770492,,0.0,122.0,1.0
169809,10501393,-74.096271455,4.60869140199998,KR 30-CL 8 02,2019,Octubre,29,martes,8,15,Los Mártires,Choque,Vehículo,,Solo Daños,0,0,0,0,0,1,0,0,0,0,0,0,0,0,0,0,0,0,0,0,0,0,1001964.0,0.0004948705455036185,54.930630550901654,CL26,KR40;GOBERNACION,4.608241700000001,-74.0960649,1.0,41.82992461548387,,0.0,124.0,1.0
169810,10501394,-74.046726893,4.75151613600002,CL 170-KR 45 02,2019,Octubre,30,miércoles,8,50,Usaquén,Choque,Vehículo,,Solo Daños,0,0,0,0,0,0,0,0,0,1,0,0,0,0,0,0,0,0,0,0,0,1,1000087.0,0.008725183344998794,968.4953512948662,KR19,CL147;CL152,4.7597534,-74.04960375,0.0,18.901305023083335,,0.0,120.0,0.0
169811,10501395,-74.055914087,4.69387615300002,KR 45-CL 106 2,2019,Octubre,29,martes,12,30,Usaquén,Choque,Vehículo,,Solo Daños,0,0,0,0,0,1,0,0,0,0,0,0,0,0,0,0,0,0,0,0,0,0,1002011.0,0.0032009618584488302,355.30676628782015,AUTONORTE,PEPE.SIERRA;CL100,4.697067349999999,-74.05566425,1.0,29.172425858951616,,0.0,124.0,1.0
169812,10501396,-74.03895313,4.68880235300003,KR 8A-CL 108 02,2019,Octubre,30,miércoles,12,50,Usaquén,Choque,Vehículo,,Solo Daños,0,0,0,0,0,0,0,0,0,0,0,0,0,0,0,0,0,0,0,0,0,0,1002017.0,0.0062205057169248,690.4761345786528,AUTONORTE,ALCALA;PRADO,4.6892508,-74.04515745,0.0,43.05194224900826,,0.0,121.0,0.0
169813,10501397,-74.136253965,4.59871492000002,CL 39F-KR 68 S 71,2019,Octubre,29,martes,11,30,Kennedy,Choque,Vehículo,,Solo Daños,0,1,0,0,0,0,0,0,0,0,0,0,0,0,0,0,0,0,0,0,0,0,1001949.0,0.001124125803299163,124.7779641662071,"AV.AMERICAS,KR50",KR36;CL17,4.5980143,-74.13713304999999,1.0,17.872070500487805,,0.0,123.0,1.0
169814,10501398,-74.1314519,4.68976792900003,CL 26-KR 103 2,2019,Octubre,29,martes,7,58,Fontibón,Choque,Vehículo,,Solo Daños,0,1,0,0,0,0,0,1,0,0,0,0,0,0,0,0,0,0,0,0,0,0,1000238.0,0.012511086772470781,1388.7306317442567,CL134,KR58;KR53,4.68384265,-74.1204329,0.0,24.658866940487805,,0.0,123.0,0.0
169815,10501399,-74.138741515,4.56207346399998,KR 19-CL 60A S 02,2019,Octubre,30,miércoles,8,21,Ciudad Bolívar,Choque,Vehículo,,Solo Daños,0,0,0,0,0,0,0,0,0,0,0,0,0,0,0,0,0,0,0,0,0,0,56.0,0.01329376907987906,1475.6083678665757,CL6,AV.CARACAS;KR42,4.574981,-74.13556034999999,0.0,20.953219223225805,,0.0,124.0,0.0
169816,10501400,-74.029348032,4.71639521899999,CL 140-KR 7 02,2019,Octubre,29,martes,9,10,Usaquén,Choque,Vehículo,,Solo Daños,0,0,0,0,0,1,0,1,0,1,0,0,0,0,0,0,0,0,0,0,0,1,1000051.0,0.0038118531882317852,423.11570389372815,CL116,KR15;KR11,4.7180052,-74.0328032,1.0,14.507406432419355,,0.0,124.0,1.0
169817,10501401,-74.057214005,4.68739177499998,KR 45-CL 100 02,2019,Octubre,30,miércoles,5,40,Usaquén,Volcamiento,,,Con Heridos,0,0,0,0,0,0,0,0,0,0,0,0,0,0,0,0,0,0,0,0,0,0,1000036.0,0.004467193985988696,495.8585324447452,AUTONORTE,CL82;CL80,4.6830666,-74.05833145,1.0,46.11601236960784,,0.0,102.0,1.0
169818,10501402,-74.091206024,4.538197314,KR 10-CL 52A ES 26,2019,Octubre,30,miércoles,14,30,San Cristóbal,Atropello,,,Con Muertos,0,0,0,0,0,1,1,1,0,0,0,0,0,0,0,0,0,0,0,0,0,0,58.0,0.016563543586904376,1838.5533381463856,CL13,AV.CARACAS;KR128,4.5547492,-74.09182735,0.0,17.47476094661157,,0.0,121.0,0.0
169819,10501403,-74.157929288,4.60030051000001,CL 57-KR 67 S 02,2019,Octubre,30,miércoles,7,23,Ciudad Bolívar,Choque,Vehículo,,Solo Daños,0,1,0,0,0,0,0,0,0,0,0,0,0,0,0,0,0,0,0,0,0,0,1000750.0,0.0008411667491369666,93.3695091542033,KR68,CL21SUR;CL3,4.5995431,-74.1582952,1.0,14.717883947768597,,0.0,121.0,1.0
169820,10501404,-74.123266004,4.70236643200002,KR 105F-CL 69 2,2019,Octubre,29,martes,15,30,Engativá,Atropello,,,Con Heridos,0,0,0,0,1,1,1,0,0,0,0,0,0,0,0,0,0,0,0,0,0,0,1000723.0,0.006802887689833599,755.1205335715294,KR86,CL10;AV.AMERICAS,4.6984233,-74.11772245,0.0,10.41268415462185,,0.0,119.0,0.0
169821,10501405,-74.165099351,4.56795824300002,KR 42-CL 74ABIS S 02,2019,Octubre,30,miércoles,10,0,Ciudad Bolívar,Choque,Vehículo,,Solo Daños,0,1,0,0,0,0,0,0,0,0,0,0,0,0,0,0,0,0,0,0,0,0,1002276.0,0.01593352311260031,1768.6210654986344,AV.VILLAVICENCIO,CL57BSUR;AV.P.MAYO,4.5824943,-74.158574,0.0,24.2748104575,,0.0,8.0,0.0
169822,10501406,-74.122527959,4.629196847,AV AVENIDA DE LAS AMERICAS-KR 68 2,2019,Octubre,29,martes,22,30,Kennedy,Choque,Vehículo,,Con Heridos,1,0,0,0,0,0,0,0,0,1,0,0,0,0,0,0,0,0,0,0,0,1,65.0,0.0018223415306378847,202.2799099008052,AV.P.MAYO,KR80;KR3E,4.6307119,-74.12354065,1.0,24.974908228416666,,0.0,120.0,1.0
169823,10501407,-74.108608143,4.58974355200002,KR 27-CL 19 S 55,2019,Octubre,30,miércoles,9,10,Antonio Nariño,Choque,Vehículo,,Solo Daños,0,0,0,0,0,1,0,0,0,0,0,0,0,0,0,0,0,0,0,0,0,0,1000977.0,0.0049182602012965955,545.9268823439221,KR24,CL63;CL72,4.5923447500000005,-74.10443405000001,1.0,16.700784260725804,,0.0,124.0,1.0
169824,10501408,-74.124108472,4.71175877299999,CL 73-KR 110 02,2019,Octubre,31,jueves,19,20,Engativá,Choque,Vehículo,,Con Heridos,0,0,0,0,0,1,1,1,0,0,0,0,0,0,0,0,0,0,0,0,0,0,103.0,0.009396353882620813,1042.9952809709102,DIAG16,KR129;CL17,4.71384325,-74.1332707,0.0,21.849502661333336,,0.0,120.0,0.0
170435,10504982,-74.080236901,4.59672171800003,KR 10-CL 7A 02,2019,Octubre,23,miércoles,11,50,Candelaria,Choque,Vehículo,,Solo Daños,0,0,0,0,0,0,0,0,0,0,0,0,0,0,0,0,0,0,0,0,0,0,1000204.0,0.003583524994165184,397.7712743523354,KR7,CL39;CL45,4.60029015,-74.08056545,1.0,15.409791515,,0.0,122.0,1.0
171802,10507855,-74.124143936,4.69463935900001,CL 63-KR 103 2,2019,Octubre,19,sábado,4,40,Engativá,Atropello,,,Con Muertos,0,0,0,0,0,0,1,0,0,0,0,0,0,0,0,0,0,0,0,0,0,0,1000723.0,0.007453434908786745,827.3312748753286,KR86,CL10;AV.AMERICAS,4.6984233,-74.11772245,0.0,24.60296594861789,,0.0,123.0,0.0
174003,10505611,-74.078108544,4.600165156,KR 10-CL 11 2,2019,Octubre,14,lunes,1,58,Candelaria,Choque,Objeto Fijo,Vehiculo,Con Heridos,0,0,0,0,0,0,0,0,0,1,1,0,1,0,0,1,0,0,0,0,0,1,1000204.0,0.00246008345241221,273.06926321775535,KR7,CL39;CL45,4.60029015,-74.08056545,1.0,40.03418670833333,,0.0,120.0,1.0
175472,10504125,-74.071026768,4.618598674,AV AVENIDA CARACAS-CL 31 02,2019,Octubre,16,miércoles,19,3,Santa Fe,Choque,Vehículo,,Con Heridos,1,0,0,0,0,0,0,0,0,0,0,0,0,0,0,0,0,0,0,0,0,0,1000020.0,0.0022632263796570416,251.21812814193163,KR7,CL79;CL76,4.618767350000001,-74.07328369999999,1.0,16.993352063364487,,0.0,107.0,1.0
175635,10506914,-74.122838532,4.52051386699998,KR 14V-DG 69F S 2,2019,Octubre,23,miércoles,20,30,Usme,Choque,Vehículo,,Solo Daños,0,1,0,0,0,0,0,0,0,1,0,0,0,0,0,0,0,0,0,0,0,1,1001959.0,0.018276017497893152,2028.6379422661398,"CL19,KR3",KR5;CL22,4.5343054,-74.1108466,0.0,13.468078648813558,,0.0,118.0,0.0
163848,10499050,,,KR 68-CL 2 18,2019,Octubre,6,domingo,16,50,Puente Aranda,Choque,Vehículo,,Solo Daños,0,0,0,0,0,0,0,0,0,0,1,0,1,0,0,1,0,0,0,0,0,0,,,,,,,,,,,,,
163872,10499444,,,KR 78G-CL 51 56,2019,Octubre,10,jueves,10,31,Kennedy,Choque,Vehículo,,Solo Daños,0,1,0,0,0,0,0,0,0,1,0,0,0,0,0,0,0,0,0,0,0,1,,,,,,,,,,,,,
163901,10500208,,,TR 80G-CL 5 02,2019,Octubre,17,jueves,9,0,Kennedy,Choque,Vehículo,,Solo Daños,0,0,0,0,0,0,0,0,0,0,1,0,1,0,0,1,0,0,0,0,0,0,,,,,,,,,,,,,
163969,10501034,,,KR 86-CL 64 2,2019,Octubre,27,domingo,15,0,Engativá,Choque,Vehículo,,Solo Daños,0,1,0,0,0,0,0,0,0,0,0,0,0,0,0,0,0,0,0,0,0,0,,,,,,,,,,,,,
163988,10501428,,,KR 74F-CL 12B 51,2019,Octubre,31,jueves,10,30,Kennedy,Atropello,,,Con Heridos,0,0,0,0,0,0,1,1,0,0,0,0,0,0,0,0,0,0,0,0,0,0,,,,,,,,,,,,,
164274,10499848,,,KR 7-CL 39 02,2019,Octubre,14,lunes,15,10,Santa Fe,Choque,Vehículo,,Solo Daños,0,0,0,0,1,0,0,0,0,0,0,0,0,0,0,0,0,0,0,0,0,0,,,,,,,,,,,,,
164591,10498692,,,KR 7-CL 195 02,2019,Octubre,2,miércoles,17,54,Usaquén,Choque,Vehículo,,Solo Daños,0,1,0,0,0,0,0,0,0,0,0,0,0,0,0,0,0,0,0,0,0,0,,,,,,,,,,,,,
164596,10498697,,,KR 7-CL 197 02,2019,Octubre,1,martes,18,30,Usaquén,Volcamiento,,,Con Heridos,0,0,0,1,0,1,0,0,0,0,0,0,0,0,0,0,0,0,0,0,0,0,,,,,,,,,,,,,
164621,10499093,,,KR 93D-CL 52 S 2,2019,Octubre,7,lunes,6,20,Bosa,Atropello,,,Con Heridos,0,0,0,0,0,0,1,1,0,0,0,0,0,0,0,0,0,0,0,0,1,0,,,,,,,,,,,,,
164646,10499490,,,KR 88C-CL 54R S 2,2019,Octubre,10,jueves,13,30,Bosa,Volcamiento,,,Con Heridos,0,0,0,0,0,1,0,0,0,0,0,0,0,0,0,0,0,0,0,0,0,0,,,,,,,,,,,,,
164749,10501464,,,KR 70-CL 26 02,2019,Octubre,31,jueves,18,11,Fontibón,Choque,Vehículo,,Solo Daños,0,0,0,0,0,0,0,0,0,0,1,0,1,0,0,1,0,0,0,0,0,0,,,,,,,,,,,,,
164755,10501470,,,KR 68-CL 66A 02,2019,Octubre,31,jueves,18,10,Barrios Unidos,Choque,Vehículo,,Solo Daños,0,0,0,0,0,0,0,0,0,0,0,0,0,0,0,0,0,0,0,0,0,0,,,,,,,,,,,,,
165006,10499115,,,KR 67-CL 66A S 2,2019,Octubre,6,domingo,21,20,Tunjuelito,Choque,Vehículo,,Solo Daños,0,0,0,0,0,0,0,0,0,0,1,0,1,0,0,1,0,0,0,0,0,0,,,,,,,,,,,,,
165054,10499901,,,KR 71B-CL 57R S 2,2019,Octubre,13,domingo,21,30,Bosa,Choque,Vehículo,,Solo Daños,1,0,0,0,0,0,0,0,0,0,0,0,0,0,0,0,0,0,0,0,0,0,,,,,,,,,,,,,
165372,10498753,,,KR 86A-CL 58CBIS S 02,2019,Octubre,2,miércoles,11,20,Bosa,Choque,Vehículo,,Con Heridos,0,0,0,0,0,1,0,0,0,1,0,0,0,0,0,0,0,0,0,0,0,1,,,,,,,,,,,,,
165500,10501114,,,KR 13-CL 24A S 2,2019,Octubre,26,sábado,18,30,Kennedy,Choque,Vehículo,,Solo Daños,0,0,0,0,0,0,0,0,0,1,0,0,0,0,0,0,0,0,0,0,0,1,,,,,,,,,,,,,
165861,10500731,,,KR 9-CL 1CBIS 2,2019,Octubre,23,miércoles,8,0,Santa Fe,Choque,Objeto Fijo,Vehiculo,Solo Daños,0,0,0,0,0,0,0,0,0,0,0,0,0,0,0,0,0,0,0,0,0,0,,,,,,,,,,,,,
165874,10500744,,,TR 130-AC 80A 2,2019,Octubre,24,jueves,5,40,Engativá,Choque,Vehículo,,Con Heridos,0,0,0,0,0,1,0,0,0,0,1,0,0,0,0,0,0,0,0,0,0,0,,,,,,,,,,,,,
166155,10499174,,,KR 94F-CL 139 2,2019,Octubre,5,sábado,17,45,Suba,Choque,Vehículo,,Solo Daños,1,0,0,0,0,0,0,0,0,0,0,0,0,0,0,0,0,0,0,0,0,0,,,,,,,,,,,,,
166212,10499967,,,KR 68-CL 29 2,2019,Octubre,15,martes,14,30,Kennedy,Choque,Vehículo,,Solo Daños,0,0,0,0,1,0,0,0,0,0,1,0,1,0,0,1,0,0,0,0,0,0,,,,,,,,,,,,,
166281,10501167,,,CL 26-KR 128 00,2019,Octubre,29,martes,6,45,Fontibón,Atropello,,,Con Heridos,0,0,0,0,0,0,1,0,0,0,0,0,0,0,0,0,0,0,0,0,0,0,,,,,,,,,,,,,
166572,10499599,,,KR 96-CL 195 02,2019,Octubre,11,viernes,20,24,Suba,Choque,Vehículo,,Solo Daños,0,0,0,0,0,0,0,0,0,1,0,0,0,0,0,0,0,0,0,0,0,1,,,,,,,,,,,,,
166629,10500390,,,KR 68-CL 56 2,2019,Octubre,20,domingo,15,55,Teusaquillo,Choque,Vehículo,,Solo Daños,0,0,0,0,0,0,0,0,0,0,1,0,1,0,0,1,0,0,0,0,0,0,,,,,,,,,,,,,
166636,10500397,,,KR 85-CL 52 S 02,2019,Octubre,19,sábado,22,50,Kennedy,Choque,Vehículo,,Solo Daños,0,0,0,0,0,0,0,0,0,0,0,0,0,0,0,0,0,0,0,0,0,0,,,,,,,,,,,,,
166720,10501967,,,KR 7-CL 136 2,2019,Octubre,31,jueves,6,45,Usaquén,Choque,Vehículo,,Solo Daños,0,0,0,0,0,0,0,1,0,0,0,0,0,0,0,0,0,0,0,0,0,0,,,,,,,,,,,,,
166908,10498830,,,KR 78-CL 31 52,2019,Octubre,3,jueves,9,33,Kennedy,Choque,Vehículo,,Solo Daños,0,0,0,0,0,0,0,0,0,0,1,0,1,0,0,1,0,0,0,0,0,0,,,,,,,,,,,,,
166934,10499221,,,TR 23-CL 23 02,2019,Octubre,5,sábado,13,0,Rafael Uribe Uribe,Choque,Vehículo,,Con Heridos,0,0,0,0,0,1,0,0,0,0,0,0,0,0,0,0,0,0,0,0,0,0,,,,,,,,,,,,,
167045,10500818,,,TR 7-AC 99 ES 45,2019,Octubre,24,jueves,17,50,San Cristóbal,Choque,Vehículo,,Con Heridos,1,0,0,0,0,1,0,0,0,0,0,0,0,0,0,0,0,0,0,0,0,0,,,,,,,,,,,,,
167306,10498861,,,KR 7-CL 237 2,2019,Octubre,4,viernes,19,57,Usaquén,Choque,Vehículo,,Con Heridos,0,0,0,0,0,0,0,0,0,0,0,0,0,0,0,0,0,0,0,0,0,0,,,,,,,,,,,,,
167350,10499642,,,TR 56-DG 54 S 02,2019,Octubre,14,lunes,14,10,Ciudad Bolívar,Choque,Vehículo,,Con Heridos,0,0,0,0,1,1,0,0,0,0,0,0,0,0,0,0,0,0,0,0,1,0,,,,,,,,,,,,,
167450,10501238,,,KR 76A-CL 145 02,2019,Octubre,26,sábado,10,31,Suba,Choque,Vehículo,,Solo Daños,0,0,0,0,0,0,0,0,0,0,0,0,0,0,0,0,0,0,0,0,0,0,,,,,,,,,,,,,
167460,10501248,,,KR 73-CL 62A S 2,2019,Octubre,27,domingo,16,20,Ciudad Bolívar,Choque,Vehículo,,Solo Daños,0,0,0,0,0,0,0,0,0,1,0,0,0,0,0,0,0,0,0,0,0,1,,,,,,,,,,,,,
167733,10499289,,,KR 82-CL 36C S 2,2019,Octubre,8,martes,7,30,Kennedy,Choque,Vehículo,,Solo Daños,0,0,0,0,0,0,0,0,0,0,0,0,0,0,0,0,0,0,0,0,1,0,,,,,,,,,,,,,
167828,10500875,,,KR 72B-CL 53 2,2019,Octubre,25,viernes,14,42,Engativá,Choque,Vehículo,,Con Heridos,1,0,0,0,0,0,0,0,0,0,0,0,0,0,0,0,0,0,0,0,0,0,,,,,,,,,,,,,
168075,10498528,,,KR 7G-CL 69A 02,2019,Octubre,1,martes,14,15,Chapinero,Choque,Vehículo,,Solo Daños,0,0,0,0,0,0,0,0,0,0,0,0,0,0,0,0,0,0,0,0,1,0,,,,,,,,,,,,,
168160,10500084,,,KR 9-CL 132 02,2019,Octubre,17,jueves,8,8,Usaquén,Choque,Vehículo,,Con Heridos,0,0,0,0,0,1,0,0,0,1,0,0,0,0,0,0,0,0,0,0,0,1,,,,,,,,,,,,,
168166,10500090,,,KR 78D-CL 73 S 02,2019,Octubre,17,jueves,20,4,Ciudad Bolívar,Choque,Vehículo,,Con Heridos,0,0,0,0,0,1,0,0,0,0,0,0,0,0,0,0,0,0,0,0,0,0,,,,,,,,,,,,,
168527,10499718,,,KR 68-CL 75 02,2019,Octubre,11,viernes,19,20,Barrios Unidos,Choque,Vehículo,,Solo Daños,0,1,0,0,0,0,0,0,0,0,0,0,0,0,0,0,0,0,0,0,0,0,,,,,,,,,,,,,
168567,10500124,,,TR 80J-CL 80J S 2,2019,Octubre,16,miércoles,13,50,Bosa,Caida de ocupante,,,Con Heridos,0,0,0,0,0,0,0,1,0,0,1,0,0,0,0,0,0,0,0,0,0,0,,,,,,,,,,,,,
168609,10500920,,,KR 88D-CL 9 2,2019,Octubre,27,domingo,20,45,Kennedy,Choque,Vehículo,,Con Heridos,0,0,0,0,0,1,0,0,0,1,0,0,0,0,0,0,0,0,0,0,0,1,,,,,,,,,,,,,
168903,10499357,,,KR 68-CL 79 2,2019,Octubre,9,miércoles,7,30,Barrios Unidos,Choque,Vehículo,,Con Heridos,0,0,0,0,0,1,0,0,0,0,0,0,0,0,0,0,0,0,0,0,0,0,,,,,,,,,,,,,
169258,10498605,,,KR 70A-CL 6 02,2019,Octubre,1,martes,6,40,Kennedy,Choque,Vehículo,,Solo Daños,0,0,0,0,0,0,0,0,0,0,0,0,0,0,0,0,0,0,0,0,0,0,,,,,,,,,,,,,
169423,10501373,,,TR 4-CL 60 E 02,2019,Octubre,27,domingo,21,8,Chapinero,Choque,Objeto Fijo,Vehiculo,Solo Daños,0,0,0,0,0,1,0,0,0,0,0,0,0,0,0,0,0,0,0,0,0,0,,,,,,,,,,,,,
169666,10499016,,,KR 70C-CL 64 S 02,2019,Octubre,5,sábado,22,30,Bosa,Choque,Vehículo,,Solo Daños,0,0,0,0,0,0,0,0,0,0,1,0,1,0,0,1,0,0,0,0,0,0,,,,,,,,,,,,,
169713,10499799,,,KR 71-DG 21BIS 2,2019,Octubre,12,sábado,8,20,Fontibón,Choque,Vehículo,,Solo Daños,0,0,0,0,0,0,0,0,0,1,1,0,0,0,0,0,0,0,0,0,0,1,,,,,,,,,,,,,
169731,10500182,,,TR 60-DG 5B S 2,2019,Octubre,18,viernes,7,20,Tunjuelito,Choque,Vehículo,,Solo Daños,0,1,0,0,0,0,0,0,0,0,1,0,1,0,0,1,0,0,0,0,1,0,,,,,,,,,,,,,
