TID,NAME_FROM,NAME_TO,DISTANCE_m,VEL_MEDIA,VEL_PICO,N_REGISTROS,lat_from,lon_from,lat_to,lon_to,lat,lon,confianza,query_from,query_to
1000003,KR7,CL134;CL127 ,995.0,33.76,27.97,2944,4.5737027,-74.0918262,4.7436789,-74.1230335,4.6586908000000005,-74.10742985,alta,Carrera 7,Calle 134
1000004,KR7,CL127;CL134 ,1041.0,40.7,37.73,2942,4.5737027,-74.0918262,4.7285231,-74.1021337,4.6511129,-74.09697994999999,alta,Carrera 7,Calle 127
1000005,KR7,CL127;CL121 ,533.0,33.52,28.07,2944,4.5737027,-74.0918262,4.7285231,-74.1021337,4.6511129,-74.09697994999999,alta,Carrera 7,Calle 127
1000006,KR7,CL121;CL127 ,553.0,30.04,24.29,2944,4.5737027,-74.0918262,4.6974553,-74.0298601,4.635579,-74.06084315,alta,Carrera 7,Calle 121
1000007,KR7,CL121;CL116 ,568.0,24.82,19.17,2945,4.5737027,-74.0918262,4.6974553,-74.0298601,4.635579,-74.06084315,alta,Carrera 7,Calle 121
1000008,KR7,CL116;CL121 ,562.0,27.12,21.93,2945,4.5737027,-74.0918262,4.6925779,-74.0288797,4.6331403,-74.06035295000001,alta,Carrera 7,Calle 116
1000009,KR7,CL116;CL112 ,350.0,33.4,27.95,2945,4.5737027,-74.0918262,4.6925779,-74.0288797,4.6331403,-74.06035295000001,alta,Carrera 7,Calle 116
1000010,KR7,CL112;CL116 ,355.0,30.58,24.48,2944,4.5737027,-74.0918262,4.6971028,-74.0588552,4.63540275,-74.0753407,alta,Carrera 7,Calle 112
1000011,KR7,CL76;CL72 ,523.0,33.8,29.06,2944,4.5737027,-74.0918262,4.6979085,-74.0996541,4.635805599999999,-74.09574015,alta,Carrera 7,Calle 76
1000012,KR7,CL72;CL76 ,538.0,25.82,18.93,2944,4.5737027,-74.0918262,4.7141771,-74.1295882,4.6439399,-74.11070720000001,alta,Carrera 7,Calle 72
1000013,KR15,CL127;CL106 ,1542.0,24.3,21.19,2944,4.7434325,-74.0367267,4.7285231,-74.1021337,4.735977800000001,-74.0694302,alta,Carrera 15,Calle 127
1000015,KR7,CL112;CL106 ,647.0,27.58,20.69,2945,4.5737027,-74.0918262,4.6971028,-74.0588552,4.63540275,-74.0753407,alta,Carrera 7,Calle 112
1000016,KR7,CL106;CL112 ,648.0,31.83,26.27,2944,4.5737027,-74.0918262,4.6935174,-74.0664765,4.63361005,-74.07915134999999,alta,Carrera 7,Calle 106
1000019,KR7,CL76;CL79 ,393.0,26.63,19.17,2945,4.5737027,-74.0918262,4.6979085,-74.0996541,4.635805599999999,-74.09574015,alta,Carrera 7,Calle 76
1000020,KR7,CL79;CL76 ,394.0,21.92,15.56,2945,4.5737027,-74.0918262,4.663832,-74.0547412,4.618767350000001,-74.07328369999999,alta,Carrera 7,Calle 79
1000021,KR7,CL79;CL85 ,585.0,24.88,20.1,2944,4.5737027,-74.0918262,4.663832,-74.0547412,4.618767350000001,-74.07328369999999,alta,Carrera 7,Calle 79
1000022,KR7,CL85;CL79 ,582.0,23.29,15.11,2945,4.5737027,-74.0918262,4.7093532,-74.101762,4.64152795,-74.0967941,alta,Carrera 7,Calle 85
1000023,KR7,CL85;CL92 ,775.0,34.82,28.63,2945,4.5737027,-74.0918262,4.7093532,-74.101762,4.64152795,-74.0967941,alta,Carrera 7,Calle 85
1000024,KR7,CL92;CL85 ,773.0,31.17,24.03,2943,4.5737027,-74.0918262,4.7171787,-74.0992645,4.6454407,-74.09554535000001,alta,Carrera 7,Calle 92
1000025,CL92,KR7;KR11 ,515.0,32.93,32.07,2936,4.7171787,-74.0992645,4.5737027,-74.0918262,4.6454407,-74.09554535000001,alta,Calle 92,Carrera 7
1000026,CL92,KR11;KR7 ,512.0,25.72,23.78,2924,4.7171787,-74.0992645,4.5080589,-74.1129866,4.6126188,-74.10612555,alta,Calle 92,Carrera 11
1000028,KR11,CL94;CL92 ,419.0,11.25,10.14,2912,4.5080589,-74.1129866,4.6654854,-74.0243352,4.58677215,-74.0686609,alta,Carrera 11,Calle 94
1000029,CL72,KR7;KR11 ,455.0,18.57,15.66,2937,4.7141771,-74.1295882,4.5737027,-74.0918262,4.6439399,-74.11070720000001,alta,Calle 72,Carrera 7
1000030,CL72,KR11;KR7 ,440.0,14.77,11.45,2939,4.7141771,-74.1295882,4.5080589,-74.1129866,4.611117999999999,-74.1212874,alta,Calle 72,Carrera 11
1000031,CL72,KR11;KR20 ,405.0,11.23,10.13,2931,4.7141771,-74.1295882,4.5080589,-74.1129866,4.611117999999999,-74.1212874,alta,Calle 72,Carrera 11
1000032,CL72,KR20;KR11 ,399.0,8.03,6.86,2935,4.7141771,-74.1295882,4.6265432,-74.0739111,4.6703601500000005,-74.10174965,alta,Calle 72,Carrera 20
1000033,CARACAS,CL72;CL80 ,699.0,15.7,16.03,2940,4.5637523,-74.125194,4.7141771,-74.1295882,4.6389647,-74.1273911,alta,Avenida Caracas,Calle 72
1000034,CARACAS,CL80;CL72 ,670.0,10.88,9.51,2942,4.5637523,-74.125194,4.6638357,-74.0532228,4.613794,-74.08920839999999,alta,Avenida Caracas,Calle 80
1000035,AUTONORTE,CL80;CL82 ,440.0,20.72,17.16,2945,4.6964457,-74.0559526,4.6638357,-74.0532228,4.6801407,-74.0545877,alta,Autopista Norte,Calle 80
1000036,AUTONORTE,CL82;CL80 ,444.0,37.91,24.83,2945,4.6964457,-74.0559526,4.6696875,-74.0607103,4.6830666,-74.05833145,alta,Autopista Norte,Calle 82
1000037,CL80,CARACAS;KR24 ,432.0,27.32,22.94,2944,4.6638357,-74.0532228,4.5637523,-74.125194,4.613794,-74.08920839999999,alta,Calle 80,Avenida Caracas
1000038,CL80,KR24;CARACAS ,419.0,26.5,21.87,2945,4.6638357,-74.0532228,4.5402799,-74.154251,4.6020578,-74.1037369,alta,Calle 80,Carrera 24
1000039,KR24,CL80;CL72 ,751.0,21.76,21.31,2944,4.5402799,-74.154251,4.6638357,-74.0532228,4.6020578,-74.1037369,alta,Carrera 24,Calle 80
1000040,KR24,CL72;CL80 ,775.0,19.5,18.03,2944,4.5402799,-74.154251,4.7141771,-74.1295882,4.627228499999999,-74.1419196,alta,Carrera 24,Calle 72
1000041,CL72,KR20;KR24 ,674.0,11.42,9.37,2939,4.7141771,-74.1295882,4.6265432,-74.0739111,4.6703601500000005,-74.10174965,alta,Calle 72,Carrera 20
1000042,CL72,KR24;KR20 ,684.0,12.83,12.16,2940,4.7141771,-74.1295882,4.5402799,-74.154251,4.627228499999999,-74.1419196,alta,Calle 72,Carrera 24
1000043,KR15,CL72;CL77 ,463.0,11.29,10.45,2943,4.7434325,-74.0367267,4.7141771,-74.1295882,4.7288048,-74.08315745,alta,Carrera 15,Calle 72
1000044,KR15,CL77;CL92 ,1597.0,21.64,22.36,2930,4.7434325,-74.0367267,4.6580699,-74.0502123,4.7007512,-74.0434695,alta,Carrera 15,Calle 77
1000047,KR19,CL106;CL100 ,747.0,20.18,16.79,2942,4.7857325,-74.0361876,4.6935174,-74.0664765,4.73962495,-74.05133205,alta,Carrera 19,Calle 106
1000048,KR19,CL100;CL106 ,738.0,14.1,12.22,2922,4.7857325,-74.0361876,4.6975833,-74.077589,4.7416579,-74.0568883,alta,Carrera 19,Calle 100
1000049,KR19,CL106;CL116 ,634.0,20.66,17.75,2941,4.7857325,-74.0361876,4.6935174,-74.0664765,4.73962495,-74.05133205,alta,Carrera 19,Calle 106
1000050,KR19,CL116;CL106 ,634.0,18.86,17.44,2944,4.7857325,-74.0361876,4.6925779,-74.0288797,4.7391552,-74.03253365,alta,Carrera 19,Calle 116
1000051,CL116,KR15;KR11 ,1458.0,17.34,16.52,2941,4.6925779,-74.0288797,4.7434325,-74.0367267,4.7180052,-74.0328032,alta,Calle 116,Carrera 15
1000052,CL116,KR11;KR19 ,1455.0,19.33,17.74,2941,4.6925779,-74.0288797,4.5080589,-74.1129866,4.6003184,-74.07093315,alta,Calle 116,Carrera 11
1000053,CL116,KR11;KR7 ,423.0,20.58,17.99,2933,4.6925779,-74.0288797,4.5080589,-74.1129866,4.6003184,-74.07093315,alta,Calle 116,Carrera 11
1000054,CL116,KR7;KR11 ,422.0,25.02,20.68,2940,4.6925779,-74.0288797,4.5737027,-74.0918262,4.6331403,-74.06035295000001,alta,Calle 116,Carrera 7
1000055,KR11,CL116;CL106 ,867.0,29.87,25.59,2944,4.5080589,-74.1129866,4.6925779,-74.0288797,4.6003184,-74.07093315,alta,Carrera 11,Calle 116
1000056,KR11,CL106;CL116 ,870.0,22.2,19.19,2927,4.5080589,-74.1129866,4.6935174,-74.0664765,4.60078815,-74.08973155,alta,Carrera 11,Calle 106
1000057,KR11,CL106;CL100 ,599.0,14.16,11.6,2843,4.5080589,-74.1129866,4.6935174,-74.0664765,4.60078815,-74.08973155,alta,Carrera 11,Calle 106
1000058,KR11,CL100;CL106 ,598.0,26.35,21.22,2942,4.5080589,-74.1129866,4.6975833,-74.077589,4.6028211,-74.0952878,alta,Carrera 11,Calle 100
1000059,CL106,KR11;KR7 ,624.0,18.35,15.68,2942,4.6935174,-74.0664765,4.5080589,-74.1129866,4.60078815,-74.08973155,alta,Calle 106,Carrera 11
1000060,CL106,KR7;KR11 ,623.0,22.42,19.05,2941,4.6935174,-74.0664765,4.5737027,-74.0918262,4.63361005,-74.07915134999999,alta,Calle 106,Carrera 7
1000062,KR15,CL92;CL94 ,416.0,20.55,17.19,2944,4.7434325,-74.0367267,4.7171787,-74.0992645,4.7303056,-74.0679956,alta,Carrera 15,Calle 92
1000063,KR7,CL92;CL94 ,393.0,45.04,39.99,2943,4.5737027,-74.0918262,4.7171787,-74.0992645,4.6454407,-74.09554535000001,alta,Carrera 7,Calle 92
1000064,KR7,CL94;CL92 ,408.0,28.13,18.55,2944,4.5737027,-74.0918262,4.6654854,-74.0243352,4.61959405,-74.0580807,alta,Carrera 7,Calle 94
1000068,CL94,KR15;KR11 ,528.0,11.69,10.48,2912,4.6654854,-74.0243352,4.7434325,-74.0367267,4.704458949999999,-74.03053095,alta,Calle 94,Carrera 15
1000069,CL92,KR11;KR15 ,526.0,21.72,20.76,2931,4.7171787,-74.0992645,4.5080589,-74.1129866,4.6126188,-74.10612555,alta,Calle 92,Carrera 11
1000070,CL92,KR15;KR11 ,524.0,20.39,18.98,2936,4.7171787,-74.0992645,4.7434325,-74.0367267,4.7303056,-74.0679956,alta,Calle 92,Carrera 15
1000071,CL85,KR7;KR11 ,551.0,12.59,11.15,2934,4.7093532,-74.101762,4.5737027,-74.0918262,4.64152795,-74.0967941,alta,Calle 85,Carrera 7
1000072,CL85,KR11;KR7 ,562.0,9.94,8.67,2926,4.7093532,-74.101762,4.5080589,-74.1129866,4.60870605,-74.1073743,alta,Calle 85,Carrera 11
1000075,CL100,KR11;KR15 ,566.0,13.76,11.3,2852,4.6975833,-74.077589,4.5080589,-74.1129866,4.6028211,-74.0952878,alta,Calle 100,Carrera 11
1000076,CL100,KR19;KR15 ,432.0,17.54,14.15,2942,4.6975833,-74.077589,4.7857325,-74.0361876,4.7416579,-74.0568883,alta,Calle 100,Carrera 19
1000077,CL100,KR49;KR19 ,971.0,18.2,14.74,2942,4.6975833,-74.077589,4.7540993,-74.048751,4.7258413,-74.06317,alta,Calle 100,Carrera 49
1000078,CL100,KR19;KR49 ,976.0,17.02,14.32,2943,4.6975833,-74.077589,4.7857325,-74.0361876,4.7416579,-74.0568883,alta,Calle 100,Carrera 19
1000079,CL127,KR15;KR19 ,654.0,23.19,18.75,2944,4.7285231,-74.1021337,4.7434325,-74.0367267,4.735977800000001,-74.0694302,alta,Calle 127,Carrera 15
1000080,CL127,KR19;KR15 ,657.0,22.87,19.13,2944,4.7285231,-74.1021337,4.7857325,-74.0361876,4.7571278,-74.06916065,alta,Calle 127,Carrera 19
1000081,KR19,CL116;CL127 ,723.0,16.97,15.96,2943,4.7857325,-74.0361876,4.6925779,-74.0288797,4.7391552,-74.03253365,alta,Carrera 19,Calle 116
1000082,KR19,CL127;CL116 ,723.0,21.66,21.16,2943,4.7857325,-74.0361876,4.7285231,-74.1021337,4.7571278,-74.06916065,alta,Carrera 19,Calle 127
1000083,KR19,CL127;CL134 ,1329.0,23.89,21.0,2943,4.7857325,-74.0361876,4.7285231,-74.1021337,4.7571278,-74.06916065,alta,Carrera 19,Calle 127
1000084,KR19,CL134;CL127 ,1320.0,24.09,21.24,2942,4.7857325,-74.0361876,4.7436789,-74.1230335,4.7647057,-74.07961055000001,alta,Carrera 19,Calle 134
1000085,KR19,CL134;CL140 ,581.0,18.9,17.0,2942,4.7857325,-74.0361876,4.7436789,-74.1230335,4.7647057,-74.07961055000001,alta,Carrera 19,Calle 134
1000086,KR19,CL147;CL140 ,653.0,17.83,14.53,2942,4.7857325,-74.0361876,4.7337743,-74.0630199,4.7597534,-74.04960375,alta,Carrera 19,Calle 147
1000087,KR19,CL147;CL152 ,429.0,18.89,16.89,2944,4.7857325,-74.0361876,4.7337743,-74.0630199,4.7597534,-74.04960375,alta,Carrera 19,Calle 147
1000088,KR19,CL159;CL152 ,529.0,23.87,20.69,2937,4.7857325,-74.0361876,4.7346019,-74.0277173,4.7601672,-74.03195245,alta,Carrera 19,Calle 159
1000089,KR7,CL134;CL140 ,500.0,39.11,36.83,2939,4.5737027,-74.0918262,4.7436789,-74.1230335,4.6586908000000005,-74.10742985,alta,Carrera 7,Calle 134
1000090,KR7,CL140;CL134 ,503.0,28.22,23.03,2940,4.5737027,-74.0918262,4.7446409,-74.1027463,4.6591718,-74.09728625,alta,Carrera 7,Calle 140
1000091,KR7,CL140;CL147 ,786.0,40.79,38.29,2941,4.5737027,-74.0918262,4.7446409,-74.1027463,4.6591718,-74.09728625,alta,Carrera 7,Calle 140
1000092,KR7,CL147;CL140 ,784.0,32.89,27.59,2941,4.5737027,-74.0918262,4.7337743,-74.0630199,4.6537385,-74.07742305,alta,Carrera 7,Calle 147
1000093,KR7,CL147;CL153 ,553.0,36.55,32.65,2944,4.5737027,-74.0918262,4.7337743,-74.0630199,4.6537385,-74.07742305,alta,Carrera 7,Calle 147
1000094,KR7,CL153;CL147 ,546.0,30.69,26.03,2945,4.5737027,-74.0918262,4.7438667,-74.0682854,4.6587847,-74.0800558,alta,Carrera 7,Calle 153
1000095,KR7,CL153;CL162 ,1091.0,39.53,37.63,2944,4.5737027,-74.0918262,4.7438667,-74.0682854,4.6587847,-74.0800558,alta,Carrera 7,Calle 153
1000096,KR7,CL162;CL153 ,1052.0,28.48,24.75,2944,4.5737027,-74.0918262,4.735478,-74.0212191,4.654590349999999,-74.05652265,alta,Carrera 7,Calle 162
1000097,KR9,CL161;CL165 ,522.0,25.81,21.2,2943,4.6071991,-74.072691,4.7358042,-74.0248721,4.67150165,-74.04878155,alta,Carrera 9,Calle 161
1000098,KR9,CL165;CL161 ,511.0,16.91,14.7,2944,4.6071991,-74.072691,4.742323,-74.0287848,4.67476105,-74.0507379,alta,Carrera 9,Calle 165
1000099,CL140,KR9;KR7 ,423.0,11.49,9.82,2863,4.7446409,-74.1027463,4.6071991,-74.072691,4.67592,-74.08771865,alta,Calle 140,Carrera 9
1000100,CL140,KR7;KR9 ,408.0,13.19,10.8,2909,4.7446409,-74.1027463,4.5737027,-74.0918262,4.6591718,-74.09728625,alta,Calle 140,Carrera 7
1000173,KR15,CL106;CL127 ,1539.0,53.97,45.7,2944,4.7434325,-74.0367267,4.6935174,-74.0664765,4.71847495,-74.0516016,alta,Carrera 15,Calle 106
1000175,CL106,KR19;KR15 ,578.0,15.69,15.18,2916,4.6935174,-74.0664765,4.7857325,-74.0361876,4.73962495,-74.05133205,alta,Calle 106,Carrera 19
1000176,CL106,KR15;KR19 ,583.0,18.05,15.83,2927,4.6935174,-74.0664765,4.7434325,-74.0367267,4.71847495,-74.0516016,alta,Calle 106,Carrera 15
1000177,CL106,KR15;KR11 ,598.0,12.11,10.86,2910,4.6935174,-74.0664765,4.7434325,-74.0367267,4.71847495,-74.0516016,alta,Calle 106,Carrera 15
1000178,CL106,KR11;KR15 ,598.0,13.21,11.45,2912,4.6935174,-74.0664765,4.5080589,-74.1129866,4.60078815,-74.08973155,alta,Calle 106,Carrera 11
1000179,KR11,CL92;CL85 ,707.0,19.33,15.57,2943,4.5080589,-74.1129866,4.7171787,-74.0992645,4.6126188,-74.10612555,alta,Carrera 11,Calle 92
1000181,CL76,KR7;KR11 ,424.0,13.7,11.07,2944,4.6979085,-74.0996541,4.5737027,-74.0918262,4.635805599999999,-74.09574015,alta,Calle 76,Carrera 7
1000182,KR7,CL106;CL94 ,1326.0,29.16,20.37,2944,4.5737027,-74.0918262,4.6935174,-74.0664765,4.63361005,-74.07915134999999,alta,Carrera 7,Calle 106
1000183,KR7,CL94;CL106 ,1344.0,41.94,35.53,2944,4.5737027,-74.0918262,4.6654854,-74.0243352,4.61959405,-74.0580807,alta,Carrera 7,Calle 94
1000184,KR15,CL94;CL100 ,672.0,23.38,18.1,2945,4.7434325,-74.0367267,4.6654854,-74.0243352,4.704458949999999,-74.03053095,alta,Carrera 15,Calle 94
1000185,KR11,CL85;CL76 ,911.0,15.99,13.9,2941,4.5080589,-74.1129866,4.7093532,-74.101762,4.60870605,-74.1073743,alta,Carrera 11,Calle 85
1000186,CL127,KR15;KR7 ,1579.0,23.95,19.39,2943,4.7285231,-74.1021337,4.7434325,-74.0367267,4.735977800000001,-74.0694302,alta,Calle 127,Carrera 15
1000187,CL127,KR7;KR15 ,1590.0,24.71,21.04,2943,4.7285231,-74.1021337,4.5737027,-74.0918262,4.6511129,-74.09697994999999,alta,Calle 127,Carrera 7
1000188,KR7,CL162;CL165 ,480.0,30.45,27.93,2945,4.5737027,-74.0918262,4.735478,-74.0212191,4.654590349999999,-74.05652265,alta,Carrera 7,Calle 162
1000189,KR7,CL170;CL165 ,673.0,30.17,28.19,2943,4.5737027,-74.0918262,4.760987,-74.066661,4.66734485,-74.0792436,alta,Carrera 7,Calle 170
1000190,KR9,CL140;CL147 ,842.0,37.41,34.24,2943,4.6071991,-74.072691,4.7446409,-74.1027463,4.67592,-74.08771865,alta,Carrera 9,Calle 140
1000191,KR9,CL161;CL147 ,1390.0,26.77,23.27,2944,4.6071991,-74.072691,4.7358042,-74.0248721,4.67150165,-74.04878155,alta,Carrera 9,Calle 161
1000193,CL147,KR7;KR9 ,715.0,24.64,22.08,2944,4.7337743,-74.0630199,4.5737027,-74.0918262,4.6537385,-74.07742305,alta,Calle 147,Carrera 7
1000194,CL134,KR19;KR15 ,428.0,34.74,28.94,2944,4.7436789,-74.1230335,4.7857325,-74.0361876,4.7647057,-74.07961055000001,alta,Calle 134,Carrera 19
1000195,CL134,KR9;KR10 ,249.0,14.59,11.38,2944,4.7436789,-74.1230335,4.6071991,-74.072691,4.675439,-74.09786225,alta,Calle 134,Carrera 9
1000196,CL134,KR7;KR9 ,364.0,27.56,23.35,2921,4.7436789,-74.1230335,4.5737027,-74.0918262,4.6586908000000005,-74.10742985,alta,Calle 134,Carrera 7
1000197,CL134,KR9;KR7 ,370.0,20.29,16.0,2929,4.7436789,-74.1230335,4.6071991,-74.072691,4.675439,-74.09786225,alta,Calle 134,Carrera 9
1000198,KR9,CL140;CL134 ,527.0,24.07,17.63,2944,4.6071991,-74.072691,4.7446409,-74.1027463,4.67592,-74.08771865,alta,Carrera 9,Calle 140
1000199,KR9,CL134:CL140 ,524.0,25.2,22.12,2944,4.6071991,-74.072691,,,4.6071991,-74.072691,media,Carrera 9,Cl134:Cl140
1000200,KR7,CL170;CL175 ,767.0,31.79,28.14,2930,4.5737027,-74.0918262,4.760987,-74.066661,4.66734485,-74.0792436,alta,Carrera 7,Calle 170
1000201,KR7,CL175;CL170 ,774.0,28.88,25.32,2935,4.5737027,-74.0918262,4.7643268,-74.0629042,4.6690147500000005,-74.0773652,alta,Carrera 7,Calle 175
1000202,KR7,CL175;CL188 ,1255.0,25.54,18.9,2931,4.5737027,-74.0918262,4.7643268,-74.0629042,4.6690147500000005,-74.0773652,alta,Carrera 7,Calle 175
1000203,KR7,CL188;CL175 ,1245.0,23.48,18.23,2934,4.5737027,-74.0918262,4.7680441,-74.0498366,4.6708734,-74.0708314,alta,Carrera 7,Calle 188
1000204,KR7,CL39;CL45 ,625.0,26.49,20.16,2945,4.5737027,-74.0918262,4.6268776,-74.0693047,4.60029015,-74.08056545,alta,Carrera 7,Calle 39
1000205,KR7,CL45;CL39 ,606.0,28.36,23.88,2945,4.5737027,-74.0918262,4.6446546,-74.0860658,4.6091786500000005,-74.08894599999999,alta,Carrera 7,Calle 45
1000206,KR7,CL45;CL53 ,897.0,26.53,21.71,2944,4.5737027,-74.0918262,4.6446546,-74.0860658,4.6091786500000005,-74.08894599999999,alta,Carrera 7,Calle 45
1000207,KR7,CL63;CL59 ,423.0,18.9,15.56,2944,4.5737027,-74.0918262,4.6444096,-74.0546171,4.609056150000001,-74.07322165,alta,Carrera 7,Calle 63
1000208,KR7,CL63;CL72 ,903.0,23.71,19.5,2944,4.5737027,-74.0918262,4.6444096,-74.0546171,4.609056150000001,-74.07322165,alta,Carrera 7,Calle 63
1000209,KR7,CL72;CL63 ,896.0,22.85,19.51,2944,4.5737027,-74.0918262,4.7141771,-74.1295882,4.6439399,-74.11070720000001,alta,Carrera 7,Calle 72
1000212,CL165,KR7;KR9 ,1038.0,14.81,14.11,2941,4.742323,-74.0287848,4.5737027,-74.0918262,4.65801285,-74.0603055,alta,Calle 165,Carrera 7
1000213,CL165,KR9;KR7 ,1034.0,18.03,16.13,2944,4.742323,-74.0287848,4.6071991,-74.072691,4.67476105,-74.0507379,alta,Calle 165,Carrera 9
1000214,KR5,CL34;CL27 ,765.0,28.5,27.0,2940,4.5343054,-74.1108466,4.6247079,-74.0789356,4.57950665,-74.0948911,alta,Carrera 5,Calle 34
1000215,KR7,CL39;CL34 ,522.0,25.98,21.1,2945,4.5737027,-74.0918262,4.6268776,-74.0693047,4.60029015,-74.08056545,alta,Carrera 7,Calle 39
1000216,KR7,CL34;CL39 ,530.0,28.65,22.95,2945,4.5737027,-74.0918262,4.6247079,-74.0789356,4.5992053,-74.08538089999999,alta,Carrera 7,Calle 34
1000217,KR7,CL34;CL32 ,449.0,24.68,22.6,2945,4.5737027,-74.0918262,4.6247079,-74.0789356,4.5992053,-74.08538089999999,alta,Carrera 7,Calle 34
1000218,KR7,CL32;CL34 ,507.0,24.94,20.49,2944,4.5737027,-74.0918262,4.6163499,-74.062121,4.595026300000001,-74.0769736,alta,Carrera 7,Calle 32
1000219,CL34,KR7;KR5 ,267.0,23.44,22.55,2944,4.6247079,-74.0789356,4.5737027,-74.0918262,4.5992053,-74.08538089999999,alta,Calle 34,Carrera 7
1000221,CL147,KR15;KR19 ,462.0,28.72,25.08,2943,4.7337743,-74.0630199,4.7434325,-74.0367267,4.738603400000001,-74.0498733,alta,Calle 147,Carrera 15
1000222,CL147,KR19;KR15 ,432.0,16.25,13.59,2945,4.7337743,-74.0630199,4.7857325,-74.0361876,4.7597534,-74.04960375,alta,Calle 147,Carrera 19
1000223,CL147,KR15;KR9 ,1033.0,18.85,18.83,2938,4.7337743,-74.0630199,4.7434325,-74.0367267,4.738603400000001,-74.0498733,alta,Calle 147,Carrera 15
1000225,K15,CL147;CL134 ,1447.0,14.59,14.23,2830,4.6269088,-74.0693374,4.7337743,-74.0630199,4.68034155,-74.06617865,alta,K15,Calle 147
1000226,K15,CL134;CL147 ,1449.0,12.96,12.27,2760,4.6269088,-74.0693374,4.7436789,-74.1230335,4.68529385,-74.09618545000001,alta,K15,Calle 134
1000227,KR72,CL170;CL169 ,556.0,34.27,32.93,2908,4.5960945,-74.1644758,4.760987,-74.066661,4.67854075,-74.1155684,alta,Carrera 72,Calle 170
1000228,KR72,CL169;CL170 ,543.0,34.88,33.09,2911,4.5960945,-74.1644758,4.7505619,-74.0484764,4.6733282,-74.10647610000001,alta,Carrera 72,Calle 169
1000229,CL134,KR10;KR15 ,931.0,29.23,24.1,2944,4.7436789,-74.1230335,4.6656257,-74.0518116,4.704652299999999,-74.08742255,alta,Calle 134,Carrera 10
1000230,CL134,KR10;KR9 ,252.0,17.86,16.28,2944,4.7436789,-74.1230335,4.6656257,-74.0518116,4.704652299999999,-74.08742255,alta,Calle 134,Carrera 10
1000231,CL127,KR19;KR51A ,1224.0,24.88,21.0,2942,4.7285231,-74.1021337,4.7857325,-74.0361876,4.7571278,-74.06916065,alta,Calle 127,Carrera 19
1000232,CL127,KR51A;KR19 ,1226.0,27.68,21.82,2942,4.7285231,-74.1021337,,,4.7285231,-74.1021337,media,Calle 127,Kr51A
1000233,CL134,KR15;KR19 ,427.0,23.87,19.28,2944,4.7436789,-74.1230335,4.7434325,-74.0367267,4.7435557,-74.0798801,alta,Calle 134,Carrera 15
1000234,CL134,KR15;KR10 ,925.0,30.35,24.77,2943,4.7436789,-74.1230335,4.7434325,-74.0367267,4.7435557,-74.0798801,alta,Calle 134,Carrera 15
1000235,CL134,KR19;KR53 ,1263.0,24.3,21.19,2943,4.7436789,-74.1230335,4.7857325,-74.0361876,4.7647057,-74.07961055000001,alta,Calle 134,Carrera 19
1000236,CL134,KR53;KR19 ,1268.0,26.92,25.21,2944,4.7436789,-74.1230335,4.5964833,-74.1360011,4.6700811,-74.1295173,alta,Calle 134,Carrera 53
1000237,CL134,KR53;KR58 ,924.0,30.76,23.23,2944,4.7436789,-74.1230335,4.5964833,-74.1360011,4.6700811,-74.1295173,alta,Calle 134,Carrera 53
1000238,CL134,KR58;KR53 ,930.0,32.26,28.36,2944,4.7436789,-74.1230335,4.6240064,-74.1178323,4.68384265,-74.1204329,alta,Calle 134,Carrera 58
1000239,CL127,KR51A;KR55 ,526.0,38.34,30.9,2944,4.7285231,-74.1021337,,,4.7285231,-74.1021337,media,Calle 127,Kr51A
1000240,CL127,KR55;KR51A ,517.0,38.09,34.3,2944,4.7285231,-74.1021337,4.756449,-74.0543185,4.74248605,-74.0782261,alta,Calle 127,Carrera 55
1000241,CL127,KR55;AV.SUBA ,896.0,20.41,15.25,2944,4.7285231,-74.1021337,4.756449,-74.0543185,4.74248605,-74.0782261,alta,Calle 127,Carrera 55
1000242,CL127,AV.SUBA;KR55 ,896.0,29.58,25.81,2944,4.7285231,-74.1021337,4.7492477,-74.1011999,4.7388854,-74.1016668,alta,Calle 127,Avenida Suba
1000244,CL127,AV.BOYACA;AV.SUBA ,884.0,21.34,16.09,2944,4.7285231,-74.1021337,4.7669207,-74.0609145,4.7477219,-74.0815241,alta,Calle 127,Avenida Boyaca
1000245,CL45,KR7;AV.CARACAS ,377.0,14.25,12.94,2943,4.6446546,-74.0860658,4.5737027,-74.0918262,4.6091786500000005,-74.08894599999999,alta,Calle 45,Carrera 7
1000246,CL45,KR19;AV.CARACAS ,452.0,12.49,10.67,2943,4.6446546,-74.0860658,4.7857325,-74.0361876,4.71519355,-74.0611267,alta,Calle 45,Carrera 19
1000247,AV.CARACAS,CL39;CL34 ,543.0,23.64,18.43,2944,4.5637523,-74.125194,4.6268776,-74.0693047,4.595314950000001,-74.09724935,alta,Avenida Caracas,Calle 39
1000248,AV.CARACAS,CL34;CL39 ,540.0,24.1,21.32,2944,4.5637523,-74.125194,4.6247079,-74.0789356,4.5942301,-74.1020648,alta,Avenida Caracas,Calle 34
1000249,AV.CARACAS,CL34;CL32 ,266.0,18.96,13.45,2943,4.5637523,-74.125194,4.6247079,-74.0789356,4.5942301,-74.1020648,alta,Avenida Caracas,Calle 34
1000250,AV.CARACAS,CL32;CL34 ,275.0,27.48,20.93,2944,4.5637523,-74.125194,4.6163499,-74.062121,4.5900511,-74.0936575,alta,Avenida Caracas,Calle 32
1000251,CL34,AV.CARACAS;KR7 ,275.0,13.12,10.73,2943,4.6247079,-74.0789356,4.5637523,-74.125194,4.5942301,-74.1020648,alta,Calle 34,Avenida Caracas
1000252,CL39,KR7;AV.CARACAS ,362.0,14.82,12.45,2937,4.6268776,-74.0693047,4.5737027,-74.0918262,4.60029015,-74.08056545,alta,Calle 39,Carrera 7
1000253,CL39,AV.CARACAS;KR7 ,371.0,8.87,7.61,2921,4.6268776,-74.0693047,4.5637523,-74.125194,4.595314950000001,-74.09724935,alta,Calle 39,Avenida Caracas
1000256,CL26,KR32;AV.CARACAS ,549.0,32.41,26.09,2936,4.616137,-74.0724502,4.6274204,-74.0837882,4.6217787,-74.0781192,alta,Calle 26,Carrera 32
1000257,CL26,AV.CARACAS;KR32 ,539.0,31.04,25.41,2934,4.616137,-74.0724502,4.5637523,-74.125194,4.58994465,-74.0988221,alta,Calle 26,Avenida Caracas
1000258,CL32,KR7;AV.CARACAS ,306.0,14.7,11.69,2932,4.6163499,-74.062121,4.5737027,-74.0918262,4.595026300000001,-74.0769736,alta,Calle 32,Carrera 7
1000259,CL32,AV.CARACAS;KR7 ,311.0,12.21,11.26,2825,4.6163499,-74.062121,4.5637523,-74.125194,4.5900511,-74.0936575,alta,Calle 32,Avenida Caracas
1000260,CL32,AV.CARACAS;CL26 ,629.0,17.9,15.97,2921,4.6163499,-74.062121,4.5637523,-74.125194,4.5900511,-74.0936575,alta,Calle 32,Avenida Caracas
1000261,CL45,AV.CARACAS;KR7 ,372.0,12.17,10.17,2944,4.6446546,-74.0860658,4.5637523,-74.125194,4.60420345,-74.1056299,alta,Calle 45,Avenida Caracas
1000262,AV.CARACAS,CL26;CL24 ,335.0,28.55,21.46,2941,4.5637523,-74.125194,4.616137,-74.0724502,4.58994465,-74.0988221,alta,Avenida Caracas,Calle 26
1000263,AV.CARACAS,CL24;CL26 ,326.0,22.96,20.91,2941,4.5637523,-74.125194,4.6157021,-74.0766157,4.5897272000000005,-74.10090485,alta,Avenida Caracas,Calle 24
1000264,AV.CARACAS,CL40A;CL45 ,505.0,23.09,21.4,2921,4.5637523,-74.125194,4.6308339,-74.0788092,4.5972931,-74.1020016,alta,Avenida Caracas,Calle 40A
1000265,AV.CARACAS,CL45;CL40A ,482.0,20.84,17.55,2921,4.5637523,-74.125194,4.6446546,-74.0860658,4.60420345,-74.1056299,alta,Avenida Caracas,Calle 45
1000266,AV.CARACAS,CL45;CL53 ,867.0,21.45,19.7,2943,4.5637523,-74.125194,4.6446546,-74.0860658,4.60420345,-74.1056299,alta,Avenida Caracas,Calle 45
1000267,AV.CARACAS,CL53;CL45 ,861.0,20.71,18.32,2944,4.5637523,-74.125194,4.657941,-74.0999396,4.61084665,-74.1125668,alta,Avenida Caracas,Calle 53
1000268,AV.CARACAS,CL53;CL57 ,387.0,24.29,22.54,2943,4.5637523,-74.125194,4.657941,-74.0999396,4.61084665,-74.1125668,alta,Avenida Caracas,Calle 53
1000269,AV.CARACAS,CL63;CL57 ,599.0,24.52,22.21,2944,4.5637523,-74.125194,4.6444096,-74.0546171,4.60408095,-74.08990555,alta,Avenida Caracas,Calle 63
1000272,AV.CARACAS,CL26;CL32 ,599.0,29.81,23.97,2943,4.5637523,-74.125194,4.616137,-74.0724502,4.58994465,-74.0988221,alta,Avenida Caracas,Calle 26
1000273,AV.CARACAS,CL32;CL26 ,590.0,27.94,21.89,2944,4.5637523,-74.125194,4.6163499,-74.062121,4.5900511,-74.0936575,alta,Avenida Caracas,Calle 32
1000275,CL63,AV.CARACAS;KR7 ,579.0,12.93,11.88,2943,4.6444096,-74.0546171,4.5637523,-74.125194,4.60408095,-74.08990555,alta,Calle 63,Avenida Caracas
1000276,CL63,AV.CARACAS;KR24 ,851.0,14.08,10.49,2941,4.6444096,-74.0546171,4.5637523,-74.125194,4.60408095,-74.08990555,alta,Calle 63,Avenida Caracas
1000277,CL63,KR24;AV.CARACAS ,838.0,18.03,14.22,2944,4.6444096,-74.0546171,4.5402799,-74.154251,4.5923447500000005,-74.10443405000001,alta,Calle 63,Carrera 24
1000278,CL53,KR7;AV.CARACAS ,360.0,12.33,11.6,2944,4.657941,-74.0999396,4.5737027,-74.0918262,4.61582185,-74.09588289999999,alta,Calle 53,Carrera 7
1000279,CL53,AV.CARACAS;KR7 ,367.0,8.6,7.39,2944,4.657941,-74.0999396,4.5637523,-74.125194,4.61084665,-74.1125668,alta,Calle 53,Avenida Caracas
1000280,CL170,KR7;KR9 ,984.0,35.62,32.44,2940,4.760987,-74.066661,4.5737027,-74.0918262,4.66734485,-74.0792436,alta,Calle 170,Carrera 7
1000281,CL170,KR9;KR7 ,986.0,28.71,23.45,2943,4.760987,-74.066661,4.6071991,-74.072691,4.68409305,-74.069676,alta,Calle 170,Carrera 9
1000282,CL170,KR58;AV.BOYACA ,1098.0,28.59,24.95,2911,4.760987,-74.066661,4.6240064,-74.1178323,4.6924967,-74.09224664999999,alta,Calle 170,Carrera 58
1000283,CL170,AV.BOYACA;KR58 ,1122.0,29.65,25.41,2911,4.760987,-74.066661,4.7669207,-74.0609145,4.76395385,-74.06378774999999,alta,Calle 170,Avenida Boyaca
1000284,CL170,KR9;KR20 ,1243.0,28.15,19.32,2944,4.760987,-74.066661,4.6071991,-74.072691,4.68409305,-74.069676,alta,Calle 170,Carrera 9
1000285,CL169B,AV.BOYACA;KR58 ,830.0,17.65,13.82,2942,4.7549332,-74.0627887,4.7669207,-74.0609145,4.76092695,-74.0618516,alta,Calle 169B,Avenida Boyaca
1000286,AV.CARACAS,CL24;CL19 ,469.0,18.68,15.54,2939,4.5637523,-74.125194,4.6157021,-74.0766157,4.5897272000000005,-74.10090485,alta,Avenida Caracas,Calle 24
1000287,AV.CARACAS,CL19;CL24 ,467.0,16.56,15.44,2940,4.5637523,-74.125194,4.6346758,-74.1044073,4.5992140500000005,-74.11480065,alta,Avenida Caracas,Calle 19
1000288,AV.CARACAS,CL19;CL13 ,656.0,17.98,14.13,2944,4.5637523,-74.125194,4.6346758,-74.1044073,4.5992140500000005,-74.11480065,alta,Avenida Caracas,Calle 19
1000289,AV.CARACAS,CL13;CL19 ,656.0,18.38,16.2,2942,4.5637523,-74.125194,4.6006381,-74.0695381,4.5821952,-74.09736605,alta,Avenida Caracas,Calle 13
1000290,AV.CARACAS,CL13;CL6 ,875.0,20.68,15.46,2943,4.5637523,-74.125194,4.6006381,-74.0695381,4.5821952,-74.09736605,alta,Avenida Caracas,Calle 13
1000291,AV.CARACAS,CL6;CL13 ,867.0,19.47,15.43,2944,4.5637523,-74.125194,4.6413258,-74.1567299,4.60253905,-74.14096194999999,alta,Avenida Caracas,Calle 6
1000292,AV.CARACAS,CL6;CL1 ,722.0,19.1,16.48,2943,4.5637523,-74.125194,4.6413258,-74.1567299,4.60253905,-74.14096194999999,alta,Avenida Caracas,Calle 6
1000293,AV.CARACAS,CL1;CL6 ,725.0,17.4,14.1,2943,4.5637523,-74.125194,4.6229315,-74.1376573,4.5933419,-74.13142565,alta,Avenida Caracas,Calle 1
1000294,CL1,KR10;AV.CARACAS ,496.0,19.74,16.1,2944,4.6229315,-74.1376573,4.6656257,-74.0518116,4.6442786,-74.09473445,alta,Calle 1,Carrera 10
1000295,CL1,AV.CARACAS;KR10 ,504.0,27.08,25.13,2944,4.6229315,-74.1376573,4.5637523,-74.125194,4.5933419,-74.13142565,alta,Calle 1,Avenida Caracas
1000296,CL1,AV.CARACAS;KR21 ,793.0,22.01,19.74,2944,4.6229315,-74.1376573,4.5637523,-74.125194,4.5933419,-74.13142565,alta,Calle 1,Avenida Caracas
1000297,CL1,KR21;AV.CARACAS ,785.0,25.27,22.57,2943,4.6229315,-74.1376573,4.5641506,-74.1496736,4.59354105,-74.14366545,alta,Calle 1,Carrera 21
1000298,CL6,AV:CARACAS;KR19 ,615.0,18.14,15.9,2944,4.6413258,-74.1567299,4.5835611,-74.0987404,4.61244345,-74.12773515,alta,Calle 6,Av:Caracas
1000299,CL6,KR19;AV.CARACAS ,618.0,18.62,14.02,2944,4.6413258,-74.1567299,4.7857325,-74.0361876,4.713529149999999,-74.09645875000001,alta,Calle 6,Carrera 19
1000300,CL6,KR19;KR27 ,818.0,26.28,21.09,2944,4.6413258,-74.1567299,4.7857325,-74.0361876,4.713529149999999,-74.09645875000001,alta,Calle 6,Carrera 19
1000301,CL6,KR27;KR19 ,813.0,25.24,21.83,2944,4.6413258,-74.1567299,4.6523072,-74.0743093,4.6468165,-74.1155196,alta,Calle 6,Carrera 27
1000302,KR10,CL1;CL13 ,2283.0,21.14,16.22,2943,4.6656257,-74.0518116,4.6229315,-74.1376573,4.6442786,-74.09473445,alta,Carrera 10,Calle 1
1000305,KR10,CL19;CL13 ,2281.0,67.25,51.4,2944,4.6656257,-74.0518116,4.6346758,-74.1044073,4.65015075,-74.07810945,alta,Carrera 10,Calle 19
1000306,KR10,CL19;CL24 ,494.0,13.09,11.56,2889,4.6656257,-74.0518116,4.6346758,-74.1044073,4.65015075,-74.07810945,alta,Carrera 10,Calle 19
1000308,KR5,CL27;CL24 ,556.0,25.57,23.9,2944,4.5343054,-74.1108466,4.6141467,-74.0652529,4.57422605,-74.08804975000001,alta,Carrera 5,Calle 27
1000309,KR5,CL24;CL19 ,519.0,13.89,11.8,2943,4.5343054,-74.1108466,4.6157021,-74.0766157,4.5750037500000005,-74.09373115,alta,Carrera 5,Calle 24
1000314,CL19,KR5;KR10 ,466.0,13.46,12.55,2943,4.6346758,-74.1044073,4.5343054,-74.1108466,4.5844906000000005,-74.10762695,alta,Calle 19,Carrera 5
1000315,CL19,KR10;KR5 ,467.0,15.37,13.07,2944,4.6346758,-74.1044073,4.6656257,-74.0518116,4.65015075,-74.07810945,alta,Calle 19,Carrera 10
1000316,CL19,KR10;AV.CARACAS ,310.0,19.21,18.69,2943,4.6346758,-74.1044073,4.6656257,-74.0518116,4.65015075,-74.07810945,alta,Calle 19,Carrera 10
1000317,CL19,AV.CARACAS;KR10 ,308.0,13.29,12.19,2944,4.6346758,-74.1044073,4.5637523,-74.125194,4.5992140500000005,-74.11480065,alta,Calle 19,Avenida Caracas
1000320,KR72,CL169B;CL163 ,901.0,32.37,31.64,2943,4.5960945,-74.1644758,4.7549332,-74.0627887,4.67551385,-74.11363225,alta,Carrera 72,Calle 169B
1000321,KR72,CL163;CL169B ,911.0,34.61,31.41,2945,4.5960945,-74.1644758,4.7377451,-74.0234969,4.6669198000000005,-74.09398635,alta,Carrera 72,Calle 163
1000322,AV.CARACAS,CL1;CL11SUR ,898.0,23.68,21.08,2940,4.5637523,-74.125194,4.6229315,-74.1376573,4.5933419,-74.13142565,alta,Avenida Caracas,Calle 1
1000323,AV.CARACAS,CL11SUR;CL1 ,911.0,22.64,20.27,2941,4.5637523,-74.125194,4.6509677,-74.1387657,4.60736,-74.13197985,alta,Avenida Caracas,Calle 11SUR
1000324,AV.CARACAS,CL11SUR;AV.PRIMERO_MAYO ,997.0,22.44,20.11,2943,4.5637523,-74.125194,4.6509677,-74.1387657,4.60736,-74.13197985,alta,Avenida Caracas,Calle 11SUR
1000325,AV.CARACAS,AV.PRIMERO_MAYO;CL11SUR ,985.0,23.41,21.19,2942,4.5637523,-74.125194,4.5860526,-74.1067011,4.57490245,-74.11594754999999,alta,Avenida Caracas,Av Primero_Mayo
1000326,KR10,CL1;CL11SUR ,943.0,26.24,21.48,2944,4.6656257,-74.0518116,4.6229315,-74.1376573,4.6442786,-74.09473445,alta,Carrera 10,Calle 1
1000327,KR10,CL11SUR;CL1 ,952.0,27.6,24.2,2944,4.6656257,-74.0518116,4.6509677,-74.1387657,4.658296699999999,-74.09528864999999,alta,Carrera 10,Calle 11SUR
1000328,AV.P.MAYO,AV.CARACAS;DIAG19SUR ,439.0,12.21,8.82,2944,4.6016787,-74.1200151,4.5637523,-74.125194,4.5827155,-74.12260455,alta,Avenida Primero de Mayo,Avenida Caracas
1000329,AV.P.MAYO,KR27;DIAG19SUR ,654.0,21.76,17.41,2944,4.6016787,-74.1200151,4.6523072,-74.0743093,4.62699295,-74.0971622,alta,Avenida Primero de Mayo,Carrera 27
1000330,CL11SUR,KR6_ESTE;KR7 ,1076.0,26.27,22.45,2943,4.6509677,-74.1387657,,,4.6509677,-74.1387657,media,Calle 11SUR,Kr6_Este
1000331,CL11SUR,KR7;KR6_ESTE ,1076.0,24.89,21.42,2943,4.6509677,-74.1387657,4.5737027,-74.0918262,4.6123352,-74.11529594999999,alta,Calle 11SUR,Carrera 7
1000332,CL11SUR,KR7;KR10 ,492.0,13.6,11.66,2943,4.6509677,-74.1387657,4.5737027,-74.0918262,4.6123352,-74.11529594999999,alta,Calle 11SUR,Carrera 7
1000333,CL11SUR,KR10;KR7 ,488.0,18.21,15.51,2944,4.6509677,-74.1387657,4.6656257,-74.0518116,4.658296699999999,-74.09528864999999,alta,Calle 11SUR,Carrera 10
1000334,CL11SUR,KR10;AV.CARACAS ,625.0,15.99,15.28,2595,4.6509677,-74.1387657,4.6656257,-74.0518116,4.658296699999999,-74.09528864999999,alta,Calle 11SUR,Carrera 10
1000335,CL11SUR,AV.CARACAS;KR10 ,622.0,17.39,16.17,2594,4.6509677,-74.1387657,4.5637523,-74.125194,4.60736,-74.13197985,alta,Calle 11SUR,Avenida Caracas
1000336,KR7,CL53;CL59 ,522.0,30.83,27.28,2944,4.5737027,-74.0918262,4.657941,-74.0999396,4.61582185,-74.09588289999999,alta,Carrera 7,Calle 53
1000337,KR7,CL53;CL45 ,889.0,21.98,19.1,2944,4.5737027,-74.0918262,4.657941,-74.0999396,4.61582185,-74.09588289999999,alta,Carrera 7,Calle 53
1000338,KR9,CL147;CL161 ,1396.0,35.63,31.46,2944,4.6071991,-74.072691,4.7337743,-74.0630199,4.6704867,-74.06785545,alta,Carrera 9,Calle 147
1000339,KR9,CL147;CL140 ,837.0,21.13,17.35,2942,4.6071991,-74.072691,4.7337743,-74.0630199,4.6704867,-74.06785545,alta,Carrera 9,Calle 147
1000340,KR9,CL165;CL170 ,564.0,25.05,19.99,2943,4.6071991,-74.072691,4.742323,-74.0287848,4.67476105,-74.0507379,alta,Carrera 9,Calle 165
1000341,KR9,CL170;CL165 ,564.0,22.19,19.39,2944,4.6071991,-74.072691,4.760987,-74.066661,4.68409305,-74.069676,alta,Carrera 9,Calle 170
1000342,CL45,AV.CARACAS;KR19 ,453.0,13.76,11.8,2945,4.6446546,-74.0860658,4.5637523,-74.125194,4.60420345,-74.1056299,alta,Calle 45,Avenida Caracas
1000645,CL134,KR58;KR72 ,623.0,21.41,16.05,2944,4.7436789,-74.1230335,4.6240064,-74.1178323,4.68384265,-74.1204329,alta,Calle 134,Carrera 58
1000646,CL134,KR72;KR58 ,634.0,44.3,37.77,2944,4.7436789,-74.1230335,4.5960945,-74.1644758,4.6698867,-74.14375465,alta,Calle 134,Carrera 72
1000647,KR72,CL163;CL153 ,515.0,27.73,25.59,2944,4.5960945,-74.1644758,4.7377451,-74.0234969,4.6669198000000005,-74.09398635,alta,Carrera 72,Calle 163
1000648,KR72,CL134;CL138 ,466.0,37.41,33.85,2945,4.5960945,-74.1644758,4.7436789,-74.1230335,4.6698867,-74.14375465,alta,Carrera 72,Calle 134
1000649,KR72,CL134;CL127 ,2037.0,33.76,26.46,2945,4.5960945,-74.1644758,4.7436789,-74.1230335,4.6698867,-74.14375465,alta,Carrera 72,Calle 134
1000650,KR72,CL127;CL134 ,2057.0,27.72,24.08,2943,4.5960945,-74.1644758,4.7285231,-74.1021337,4.6623088,-74.13330475000001,alta,Carrera 72,Calle 127
1000651,KR72,CL153;CL163 ,518.0,43.87,41.94,2945,4.5960945,-74.1644758,4.7438667,-74.0682854,4.669980600000001,-74.1163806,alta,Carrera 72,Calle 153
1000652,KR72,CL153;CL138 ,1448.0,27.17,21.48,2945,4.5960945,-74.1644758,4.7438667,-74.0682854,4.669980600000001,-74.1163806,alta,Carrera 72,Calle 153
1000653,AV.CIRCUNVALAR,KR7;CL83 ,1184.0,38.95,30.89,2925,4.6395419,-74.0593277,4.5737027,-74.0918262,4.6066223,-74.07557695,alta,Avenida Circunvalar,Carrera 7
1000654,AV.CIRCUNVALAR,CL83;KR7 ,1227.0,27.97,25.68,2842,4.6395419,-74.0593277,4.7158828,-74.109706,4.67771235,-74.08451685,alta,Avenida Circunvalar,Calle 83
1000655,AV.CIRCUNVALAR,CL83;CL72 ,1173.0,38.39,30.47,2926,4.6395419,-74.0593277,4.7158828,-74.109706,4.67771235,-74.08451685,alta,Avenida Circunvalar,Calle 83
1000656,AV.CIRCUNVALAR,CL72;CL83 ,1163.0,29.73,27.04,2828,4.6395419,-74.0593277,4.7141771,-74.1295882,4.6768595,-74.09445794999999,alta,Avenida Circunvalar,Calle 72
1000657,AV.CIRCUNVALAR,CL72;CL69 ,739.0,20.99,18.79,2940,4.6395419,-74.0593277,4.7141771,-74.1295882,4.6768595,-74.09445794999999,alta,Avenida Circunvalar,Calle 72
1000658,AV.CIRCUNVALAR,CL69;CL72 ,757.0,22.07,19.79,2936,4.6395419,-74.0593277,4.6976884,-74.117926,4.66861515,-74.08862685,alta,Avenida Circunvalar,Calle 69
1000659,AV.CIRCUNVALAR,CL69;CL59 ,1121.0,41.99,38.43,2939,4.6395419,-74.0593277,4.6976884,-74.117926,4.66861515,-74.08862685,alta,Avenida Circunvalar,Calle 69
1000660,AV.CIRCUNVALAR,CL59;CL69 ,1137.0,41.59,39.11,2935,4.6395419,-74.0593277,4.6507951,-74.0834201,4.6451685000000005,-74.0713739,alta,Avenida Circunvalar,Calle 59
1000661,AV.CIRCUNVALAR,CL59;CL51 ,982.0,46.83,40.8,2930,4.6395419,-74.0593277,4.6507951,-74.0834201,4.6451685000000005,-74.0713739,alta,Avenida Circunvalar,Calle 59
1000662,AV.CIRCUNVALAR,CL51;CL59 ,968.0,40.57,36.51,2920,4.6395419,-74.0593277,4.6699114,-74.1091498,4.654726650000001,-74.08423875,alta,Avenida Circunvalar,Calle 51
1000663,KR10,CL11S;AV.P.MAYO ,847.0,22.17,18.07,2944,4.6656257,-74.0518116,4.6477331,-74.134128,4.6566794,-74.09296979999999,alta,Carrera 10,Calle 11S
1000664,KR10,AV.P.MAYO;CL11S ,853.0,21.37,17.45,2943,4.6656257,-74.0518116,4.6016787,-74.1200151,4.6336522,-74.08591335,alta,Carrera 10,Avenida Primero de Mayo
1000665,KR10,AV.P.MAYO;CL27S ,535.0,21.68,17.43,2944,4.6656257,-74.0518116,4.6016787,-74.1200151,4.6336522,-74.08591335,alta,Carrera 10,Avenida Primero de Mayo
1000666,KR10,CL27S;AV.P.MAYO ,531.0,23.65,19.07,2944,4.6656257,-74.0518116,4.6509677,-74.1387657,4.658296699999999,-74.09528864999999,alta,Carrera 10,Calle 27S
1000667,AV.P.MAYO,AV.CARACAS;KR10 ,1032.0,23.34,18.88,2944,4.6016787,-74.1200151,4.5637523,-74.125194,4.5827155,-74.12260455,alta,Avenida Primero de Mayo,Avenida Caracas
1000668,AV.P.MAYO,KR10;AV.CARACAS ,1027.0,17.89,14.84,2944,4.6016787,-74.1200151,4.6656257,-74.0518116,4.6336522,-74.08591335,alta,Avenida Primero de Mayo,Carrera 10
1000669,AV.P.MAYO,KR10;KR6 ,464.0,14.57,13.87,2602,4.6016787,-74.1200151,4.6656257,-74.0518116,4.6336522,-74.08591335,alta,Avenida Primero de Mayo,Carrera 10
1000670,AV.P.MAYO,KR6;KR10 ,463.0,18.01,17.07,152,4.6016787,-74.1200151,4.5798868,-74.085187,4.59078275,-74.10260105,alta,Avenida Primero de Mayo,Carrera 6
1000675,KR11,CL76;CL72 ,484.0,15.84,13.42,2938,4.5080589,-74.1129866,4.6979085,-74.0996541,4.602983699999999,-74.10632035,alta,Carrera 11,Calle 76
1000678,CL1,KR21;KR25 ,345.0,15.41,12.31,2944,4.6229315,-74.1376573,4.5641506,-74.1496736,4.59354105,-74.14366545,alta,Calle 1,Carrera 21
1000679,CL1,KR25;KR21 ,349.0,19.4,16.26,2944,4.6229315,-74.1376573,4.6178146,-74.083246,4.62037305,-74.11045165,alta,Calle 1,Carrera 25
1000682,TV28,CL22C;CL19 ,579.0,19.37,18.16,2942,4.621108,-74.0822603,4.6618572,-74.1239185,4.6414826,-74.1030894,alta,Transversal 28,Calle 22C
1000683,TV28,CL13;CL19 ,564.0,13.42,13.11,2693,4.621108,-74.0822603,4.6006381,-74.0695381,4.61087305,-74.07589920000001,alta,Transversal 28,Calle 13
1000684,KR27,CL13;CL6 ,1000.0,14.36,12.69,2943,4.6523072,-74.0743093,4.6006381,-74.0695381,4.62647265,-74.0719237,alta,Carrera 27,Calle 13
1000685,KR27,CL6;CL1B ,2301.0,54.93,49.49,2944,4.6523072,-74.0743093,4.6413258,-74.1567299,4.6468165,-74.1155196,alta,Carrera 27,Calle 6
1000688,CL76,KR11;KR15 ,380.0,12.41,10.61,2944,4.6979085,-74.0996541,4.5080589,-74.1129866,4.602983699999999,-74.10632035,alta,Calle 76,Carrera 11
1000689,KR50,CL17;CL24 ,1229.0,28.58,22.03,2944,4.6906399,-74.0613571,4.6126833,-74.0857245,4.6516616,-74.07354079999999,alta,Carrera 50,Calle 17
1000690,KR50,CL24;CL17 ,1232.0,26.74,19.98,2944,4.6906399,-74.0613571,4.6157021,-74.0766157,4.653171,-74.0689864,alta,Carrera 50,Calle 24
1000691,KR36,AV.AMERICAS;CL19 ,340.0,19.99,15.59,2930,4.5701198,-74.1505816,4.6273108,-74.1039185,4.5987153,-74.12725005,alta,Carrera 36,Avenida de las Americas
1000692,KR36,CL19;AV.AMERICAS ,323.0,22.02,14.83,2930,4.5701198,-74.1505816,4.6346758,-74.1044073,4.6023978,-74.12749445,alta,Carrera 36,Calle 19
1000697,CL34,AV.CARACAS;KR19 ,459.0,15.27,13.81,2926,4.6247079,-74.0789356,4.5637523,-74.125194,4.5942301,-74.1020648,alta,Calle 34,Avenida Caracas
1000698,"AV.AMERICAS,CL34",KR36;KR28 ,1661.0,25.5,20.52,2942,4.6311226,-74.1412119,4.5701198,-74.1505816,4.6006212,-74.14589674999999,alta,"Av Americas,Cl34",Carrera 36
1000700,CL13,KR56;KR47 ,870.0,20.2,19.43,2924,4.6006381,-74.0695381,4.6314174,-74.1092691,4.616027750000001,-74.0894036,alta,Calle 13,Carrera 56
1000701,KR50,CL5A;CL2C ,925.0,25.07,21.42,2943,4.6906399,-74.0613571,4.6041161,-74.0976775,4.647378,-74.07951729999999,alta,Carrera 50,Calle 5A
1000702,KR50,CL16SUR;CL2C ,846.0,28.06,24.96,2944,4.6906399,-74.0613571,4.6508915,-74.1391613,4.6707657000000005,-74.1002592,alta,Carrera 50,Calle 16SUR
1000706,CL13,KR39;KR47 ,724.0,25.4,20.15,2932,4.6006381,-74.0695381,4.6093283,-74.1114522,4.6049832,-74.09049515000001,alta,Calle 13,Carrera 39
1000707,CL13,KR47;KR39 ,688.0,27.24,25.57,2939,4.6006381,-74.0695381,4.7211467,-74.0542684,4.6608924,-74.06190325,alta,Calle 13,Carrera 47
1000709,TV86,KR91;CL90 ,818.0,32.25,27.81,2944,4.7150373,-74.0928802,4.6211987,-74.2131227,4.668118,-74.15300145,alta,Transversal 86,Carrera 91
1000710,KR86,CL72;CL75BIS ,482.0,28.14,24.11,2943,4.7407833,-74.0812616,4.7141771,-74.1295882,4.7274802000000005,-74.1054249,alta,Carrera 86,Calle 72
1000711,KR86,CL72;CL66A ,752.0,22.0,16.24,2943,4.7407833,-74.0812616,4.7141771,-74.1295882,4.7274802000000005,-74.1054249,alta,Carrera 86,Calle 72
1000712,KR86,CL66A;CL72 ,758.0,18.01,13.36,2943,4.7407833,-74.0812616,4.6802354,-74.0985036,4.710509350000001,-74.08988260000001,alta,Carrera 86,Calle 66A
1000713,CL72,KR76;KR86 ,957.0,14.24,,5,4.7141771,-74.1295882,4.5939241,-74.1785089,4.6540506,-74.15404855,alta,Calle 72,Carrera 76
1000714,CL72,KR86;KR76 ,954.0,16.49,,18,4.7141771,-74.1295882,4.7407833,-74.0812616,4.7274802000000005,-74.1054249,alta,Calle 72,Carrera 86
1000715,KR86,CL66A;CL64BIS ,623.0,20.7,15.21,2944,4.7407833,-74.0812616,4.6802354,-74.0985036,4.710509350000001,-74.08988260000001,alta,Carrera 86,Calle 66A
1000716,KR86,CL24;CL64BIS ,1988.0,34.95,27.01,2944,4.7407833,-74.0812616,4.6157021,-74.0766157,4.6782427,-74.07893865,alta,Carrera 86,Calle 24
1000717,KR86,CL24;CL22 ,855.0,30.96,24.83,2944,4.7407833,-74.0812616,4.6157021,-74.0766157,4.6782427,-74.07893865,alta,Carrera 86,Calle 24
1000718,KR86,CL22;CL24 ,857.0,29.57,23.67,2944,4.7407833,-74.0812616,4.6114117,-74.0762005,4.6760975,-74.07873105,alta,Carrera 86,Calle 22
1000719,KR86,CL22;CL19A ,449.0,26.47,22.8,2944,4.7407833,-74.0812616,4.6114117,-74.0762005,4.6760975,-74.07873105,alta,Carrera 86,Calle 22
1000720,KR86,CL13C;CL19A ,1111.0,28.46,22.83,2945,4.7407833,-74.0812616,4.680559,-74.1718877,4.71067115,-74.12657465000001,alta,Carrera 86,Calle 13C
1000721,KR86,CL13C;CL10 ,1521.0,42.48,32.77,2944,4.7407833,-74.0812616,4.680559,-74.1718877,4.71067115,-74.12657465000001,alta,Carrera 86,Calle 13C
1000722,KR86,CL10;CL13C ,1522.0,34.04,24.47,2944,4.7407833,-74.0812616,4.6560633,-74.1541833,4.6984233,-74.11772245,alta,Carrera 86,Calle 10
1000723,KR86,CL10;AV.AMERICAS ,798.0,12.56,8.61,2944,4.7407833,-74.0812616,4.6560633,-74.1541833,4.6984233,-74.11772245,alta,Carrera 86,Calle 10
1000724,KR86,CL40BSUR;AV.AMERICAS ,1498.0,15.79,12.08,2943,4.7407833,-74.0812616,,,4.7407833,-74.0812616,media,Carrera 86,Calle 40BSUR
1000725,KR86,CL40BSUR;CL43SUR ,632.0,21.62,16.69,1175,4.7407833,-74.0812616,,,4.7407833,-74.0812616,media,Carrera 86,Calle 40BSUR
1000726,KR86,CL43SUR;CL40BSUR ,646.0,18.09,14.8,1175,4.7407833,-74.0812616,,,4.7407833,-74.0812616,media,Carrera 86,Calle 43SUR
1000727,KR86,CL43SUR;DG49SUR ,709.0,18.83,15.38,140,4.7407833,-74.0812616,,,4.7407833,-74.0812616,media,Carrera 86,Calle 43SUR
1000728,KR86,DG49SUR;CL43SUR ,742.0,18.4,13.16,142,4.7407833,-74.0812616,,,4.7407833,-74.0812616,media,Carrera 86,Dg49Sur
1000729,KR86,DG49SUR;CL57BSUR ,1032.0,18.32,15.08,140,4.7407833,-74.0812616,,,4.7407833,-74.0812616,media,Carrera 86,Dg49Sur
1000730,KR86,CL57BSUR;DG49SUR ,1029.0,18.84,13.76,141,4.7407833,-74.0812616,,,4.7407833,-74.0812616,media,Carrera 86,Calle 57BSUR
1000731,TV86,CL90;KR91 ,846.0,30.28,22.52,2944,4.7150373,-74.0928802,4.7160785,-74.1011834,4.7155579,-74.0970318,alta,Transversal 86,Calle 90
1000732,KR86,CL90;CL85 ,520.0,22.3,19.26,2945,4.7407833,-74.0812616,4.7160785,-74.1011834,4.7284309,-74.0912225,alta,Carrera 86,Calle 90
1000733,KR86,CL85;CL90 ,524.0,22.26,17.0,2945,4.7407833,-74.0812616,4.7093532,-74.101762,4.72506825,-74.0915118,alta,Carrera 86,Calle 85
1000734,KR86,CL85;CL75BIS ,977.0,27.21,20.87,2942,4.7407833,-74.0812616,4.7093532,-74.101762,4.72506825,-74.0915118,alta,Carrera 86,Calle 85
1000735,CL100,KR49; AV.SUBA ,492.0,21.66,18.35,2944,4.6975833,-74.077589,4.7540993,-74.048751,4.7258413,-74.06317,alta,Calle 100,Carrera 49
1000736,CL100,AV.SUBA;KR49 ,471.0,21.97,17.93,2944,4.6975833,-74.077589,4.7492477,-74.1011999,4.7234155,-74.08939445,alta,Calle 100,Avenida Suba
1000737,CL116,KR19;KR53 ,1353.0,22.42,20.88,2943,4.6925779,-74.0288797,4.7857325,-74.0361876,4.7391552,-74.03253365,alta,Calle 116,Carrera 19
1000738,CL116,KR53;KR19 ,1358.0,24.99,22.4,2943,4.6925779,-74.0288797,4.5964833,-74.1360011,4.6445306,-74.0824404,alta,Calle 116,Carrera 53
1000739,AV.SUBA,CL100;CL113 ,774.0,24.06,19.12,2944,4.7492477,-74.1011999,4.6975833,-74.077589,4.7234155,-74.08939445,alta,Avenida Suba,Calle 100
1000740,AV.SUBA,CL113;CL100 ,745.0,25.6,20.33,2943,4.7492477,-74.1011999,4.6970591,-74.0663421,4.723153399999999,-74.083771,alta,Avenida Suba,Calle 113
1000741,AV.SUBA,CL113;CL116 ,514.0,28.34,23.99,2943,4.7492477,-74.1011999,4.6970591,-74.0663421,4.723153399999999,-74.083771,alta,Avenida Suba,Calle 113
1000742,AV.SUBA,CL116;CL113 ,527.0,32.28,29.14,2943,4.7492477,-74.1011999,4.6925779,-74.0288797,4.7209128,-74.0650398,alta,Avenida Suba,Calle 116
1000743,CL6,KR27;KR32 ,663.0,27.95,25.89,2942,4.6413258,-74.1567299,4.6523072,-74.0743093,4.6468165,-74.1155196,alta,Calle 6,Carrera 27
1000744,CL6,KR32;KR27 ,671.0,26.73,23.09,2942,4.6413258,-74.1567299,4.6274204,-74.0837882,4.6343731,-74.12025905,alta,Calle 6,Carrera 32
1000745,CL6,KR32;KR36 ,472.0,27.56,25.34,2943,4.6413258,-74.1567299,4.6274204,-74.0837882,4.6343731,-74.12025905,alta,Calle 6,Carrera 32
1000746,CL6,KR36;KR32 ,458.0,27.2,23.63,2941,4.6413258,-74.1567299,4.5701198,-74.1505816,4.6057228,-74.15365575,alta,Calle 6,Carrera 36
1000748,KR68,CL3;CL13 ,1531.0,29.3,21.16,1411,4.7582698,-74.0632849,4.6267023,-74.1449167,4.692486049999999,-74.1041008,alta,Carrera 68,Calle 3
1000753,AV.P.MAYO,KR27;NQS ,856.0,22.09,18.31,2944,4.6016787,-74.1200151,4.6523072,-74.0743093,4.62699295,-74.0971622,alta,Avenida Primero de Mayo,Carrera 27
1000754,AV.P.MAYO,NQS;KR27 ,870.0,20.44,16.62,2943,4.6016787,-74.1200151,4.6181546,-74.0857383,4.609916650000001,-74.1028767,alta,Avenida Primero de Mayo,Nqs
1000755,AV.P.MAYO,NQS;KR52A ,1825.0,28.82,24.44,2944,4.6016787,-74.1200151,4.6181546,-74.0857383,4.609916650000001,-74.1028767,alta,Avenida Primero de Mayo,Nqs
1000759,KR80,CL26SUR;CL38CSUR ,656.0,22.54,20.1,2944,4.7477516,-74.0752683,4.6477331,-74.134128,4.69774235,-74.10469815,alta,Carrera 80,Calle 26SUR
1000760,KR80,CL38CSUR;CL26SUR ,679.0,13.85,11.53,2942,4.7477516,-74.0752683,,,4.7477516,-74.0752683,media,Carrera 80,Calle 38CSUR
1000761,KR80,CL38CSUR;CL43SUR ,1018.0,17.3,12.1,2943,4.7477516,-74.0752683,,,4.7477516,-74.0752683,media,Carrera 80,Calle 38CSUR
1000762,KR80,CL43SUR;CL38CSUR ,1020.0,15.37,12.38,2942,4.7477516,-74.0752683,,,4.7477516,-74.0752683,media,Carrera 80,Calle 43SUR
1000763,KR80,CL43SUR;CL55SUR ,1181.0,19.42,16.13,2942,4.7477516,-74.0752683,,,4.7477516,-74.0752683,media,Carrera 80,Calle 43SUR
1000764,KR80,CL55SUR;CL43SUR ,1166.0,19.86,15.48,2943,4.7477516,-74.0752683,,,4.7477516,-74.0752683,media,Carrera 80,Calle 55SUR
1000765,KR26SUR,KR80;KR78K ,604.0,15.19,14.0,2943,,,4.7477516,-74.0752683,4.7477516,-74.0752683,media,Kr26Sur,Carrera 80
1000766,NQS,P.MAYO;CL38ASUR ,1049.0,32.93,29.5,2944,4.6181546,-74.0857383,4.6003862,-74.1177814,4.6092704,-74.10175985000001,alta,Nqs,P Mayo
1000767,NQS,CL38ASUR;P.MAYO ,1088.0,26.69,22.56,2944,4.6181546,-74.0857383,,,4.6181546,-74.0857383,media,Nqs,Calle 38ASUR
1000768,NQS,CL38ASUR;GRAL.SANTANDER ,701.0,41.04,32.94,2944,4.6181546,-74.0857383,,,4.6181546,-74.0857383,media,Nqs,Calle 38ASUR
1000769,NQS,KR67;KR62B ,792.0,25.41,21.93,2893,4.6181546,-74.0857383,4.6331855,-74.1194913,4.62567005,-74.1026148,alta,Nqs,Carrera 67
1000770,NQS,KR67;KR71 ,861.0,39.25,32.04,2895,4.6181546,-74.0857383,4.6331855,-74.1194913,4.62567005,-74.1026148,alta,Nqs,Carrera 67
1000771,NQS,KR71;KR67,857.0,33.87,24.48,2895,4.6181546,-74.0857383,4.6227626,-74.1337059,4.6204586,-74.1097221,alta,Nqs,Carrera 71
1000772,KR50,CL16SUR;CL33SUR ,921.0,26.8,21.39,2945,4.6906399,-74.0613571,4.6508915,-74.1391613,4.6707657000000005,-74.1002592,alta,Carrera 50,Calle 16SUR
1000773,KR50,CL33SUR;CL16SUR ,926.0,30.12,25.1,2944,4.6906399,-74.0613571,,,4.6906399,-74.0613571,media,Carrera 50,Calle 33SUR
1000774,CL17,KR123;KR128 ,549.0,20.3,13.1,2943,4.6126833,-74.0857245,4.6849507,-74.1622812,4.648816999999999,-74.12400285,alta,Calle 17,Carrera 123
1000775,CL17,KR128;KR123 ,549.0,17.13,12.59,2943,4.6126833,-74.0857245,4.6874422,-74.1663199,4.65006275,-74.1260222,alta,Calle 17,Carrera 128
1000776,KR36,CL19;CL6A ,1649.0,20.42,18.4,2914,4.5701198,-74.1505816,4.6346758,-74.1044073,4.6023978,-74.12749445,alta,Carrera 36,Calle 19
1000779,CL6,KR36;KR42 ,799.0,33.02,26.85,2944,4.6413258,-74.1567299,4.5701198,-74.1505816,4.6057228,-74.15365575,alta,Calle 6,Carrera 36
1000780,CL6,KR42;KR36 ,834.0,29.4,26.15,2943,4.6413258,-74.1567299,4.6118611,-74.1155583,4.62659345,-74.1361441,alta,Calle 6,Carrera 42
1000938,CL24,AV.AMERICAS;KR40 ,605.0,16.75,13.49,2943,4.6157021,-74.0766157,4.6273108,-74.1039185,4.62150645,-74.0902671,alta,Calle 24,Avenida de las Americas
1000939,CL24,KR50;KR43A ,726.0,19.54,17.29,2944,4.6157021,-74.0766157,4.6906399,-74.0613571,4.653171,-74.0689864,alta,Calle 24,Carrera 50
1000940,CL24,KR14;KR10 ,318.0,14.39,12.92,2927,4.6157021,-74.0766157,4.7467019,-74.0351578,4.681202,-74.05588675,alta,Calle 24,Carrera 14
1000941,CL24,KR10;KR5 ,400.0,13.47,12.06,2941,4.6157021,-74.0766157,4.6656257,-74.0518116,4.6406639,-74.06421365,alta,Calle 24,Carrera 10
1000942,TV39,CL6;CL13 ,726.0,19.83,16.55,2929,4.6007329,-74.1170057,4.6413258,-74.1567299,4.62102935,-74.1368678,alta,Transversal 39,Calle 6
1000943,TV39,CL13;CL19 ,764.0,21.19,20.24,2755,4.6007329,-74.1170057,4.6006381,-74.0695381,4.6006855,-74.0932719,alta,Transversal 39,Calle 13
1000945,CL19,KR36;KR27 ,1060.0,28.06,24.94,2943,4.6346758,-74.1044073,4.5701198,-74.1505816,4.6023978,-74.12749445,alta,Calle 19,Carrera 36
1000946,CL19,AV.CARACAS;KR17 ,360.0,17.54,17.62,2944,4.6346758,-74.1044073,4.5637523,-74.125194,4.5992140500000005,-74.11480065,alta,Calle 19,Avenida Caracas
1000947,KR6,AV.P.MAYO;CL10ASUR ,851.0,14.07,13.15,2603,4.5798868,-74.085187,4.6016787,-74.1200151,4.59078275,-74.10260105,alta,Carrera 6,Avenida Primero de Mayo
1000948,CL147,KR9;KR7 ,710.0,20.91,20.56,2944,4.7337743,-74.0630199,4.6071991,-74.072691,4.6704867,-74.06785545,alta,Calle 147,Carrera 9
1000949,CL147,KR9;KR15 ,1030.0,16.15,13.28,2940,4.7337743,-74.0630199,4.6071991,-74.072691,4.6704867,-74.06785545,alta,Calle 147,Carrera 9
1000950,AV.SUBA,CL116;HUMEDAL.CORDOBA ,752.0,36.39,30.34,2943,4.7492477,-74.1011999,4.6925779,-74.0288797,4.7209128,-74.0650398,alta,Avenida Suba,Calle 116
1000951,AV.SUBA,CL127;HUMEDAL.CORDOBA ,456.0,31.82,32.01,2944,4.7492477,-74.1011999,4.7285231,-74.1021337,4.7388854,-74.1016668,alta,Avenida Suba,Calle 127
1000952,AV.CORDOBA,CL127;AV.SUBA ,1197.0,23.21,17.8,2941,4.724428,-74.0608295,4.7285231,-74.1021337,4.72647555,-74.08148159999999,alta,Avenida Cordoba,Calle 127
1000953,AV.CORDOBA,AV.SUBA;CL127 ,1229.0,20.89,17.69,2940,4.724428,-74.0608295,4.7492477,-74.1011999,4.73683785,-74.0810147,alta,Avenida Cordoba,Avenida Suba
1000956,AV.P.MAYO,KR52A;NQS ,1833.0,28.35,24.33,2944,4.6016787,-74.1200151,,,4.6016787,-74.1200151,media,Avenida Primero de Mayo,Kr52A
1000957,AV.P.MAYO,DIAG19SUR;AV.CARACAS ,439.0,12.35,8.71,2943,4.6016787,-74.1200151,,,4.6016787,-74.1200151,media,Avenida Primero de Mayo,Diagonal 19SUR
1000958,AV.P.MAYO,DIAG19SUR;KR27 ,671.0,24.0,18.92,2943,4.6016787,-74.1200151,,,4.6016787,-74.1200151,media,Avenida Primero de Mayo,Diagonal 19SUR
1000959,KR50,CL24;CL53 ,1621.0,30.19,22.88,2944,4.6906399,-74.0613571,4.6157021,-74.0766157,4.653171,-74.0689864,alta,Carrera 50,Calle 24
1000960,KR50,CL53;CL24 ,1616.0,30.63,24.38,2943,4.6906399,-74.0613571,4.657941,-74.0999396,4.67429045,-74.08064834999999,alta,Carrera 50,Calle 53
1000961,CL72,KR24;KR55 ,1251.0,24.63,20.03,2943,4.7141771,-74.1295882,4.5402799,-74.154251,4.627228499999999,-74.1419196,alta,Calle 72,Carrera 24
1000963,CL72,KR64;KR70 ,1412.0,23.33,17.85,2943,4.7141771,-74.1295882,4.6896941,-74.0683232,4.7019356,-74.0989557,alta,Calle 72,Carrera 64
1000965,CL26,KR22;KR33 ,1374.0,24.76,20.19,2934,4.616137,-74.0724502,4.6133343,-74.0844221,4.61473565,-74.07843615,alta,Calle 26,Carrera 22
1000966,CL26,KR33;KR22 ,1378.0,33.31,26.97,2935,4.616137,-74.0724502,4.6310056,-74.0814346,4.6235713,-74.07694240000001,alta,Calle 26,Carrera 33
1000967,CL26,KR33;KR40 ,820.0,39.58,33.24,2937,4.616137,-74.0724502,4.6310056,-74.0814346,4.6235713,-74.07694240000001,alta,Calle 26,Carrera 33
1000968,CL26,KR40;KR33 ,792.0,37.03,31.99,2937,4.616137,-74.0724502,4.6003464,-74.1196796,4.608241700000001,-74.0960649,alta,Calle 26,Carrera 40
1000969,"CL34,AV.AMERICAS",KR19;KR28 ,288.0,21.24,18.12,2945,4.6278142,-74.1057013,4.7857325,-74.0361876,4.706773350000001,-74.07094445000001,alta,"Cl34,Av Americas",Carrera 19
1000970,CL34,KR19;AV.CARACAS ,466.0,16.45,13.08,2944,4.6247079,-74.0789356,4.7857325,-74.0361876,4.705220199999999,-74.0575616,alta,Calle 34,Carrera 19
1000971,KR19,CL45;CL34 ,1052.0,16.31,15.83,2887,4.7857325,-74.0361876,4.6446546,-74.0860658,4.71519355,-74.0611267,alta,Carrera 19,Calle 45
1000972,TR22,CL1;CL6 ,970.0,21.52,18.75,2944,4.6622688,-74.0660934,4.6229315,-74.1376573,4.64260015,-74.10187535,alta,Tr22,Calle 1
1000973,CL53,AV.CARACAS;KR21 ,624.0,14.38,11.93,2941,4.657941,-74.0999396,4.5637523,-74.125194,4.61084665,-74.1125668,alta,Calle 53,Avenida Caracas
1000974,CL53,KR21;AV.CARACAS ,624.0,12.63,9.95,2943,4.657941,-74.0999396,4.5641506,-74.1496736,4.611045799999999,-74.1248066,alta,Calle 53,Carrera 21
1000975,CL53,KR21;KR27 ,444.0,16.43,14.01,2944,4.657941,-74.0999396,4.5641506,-74.1496736,4.611045799999999,-74.1248066,alta,Calle 53,Carrera 21
1000976,CL53,KR27;KR21 ,444.0,13.43,12.17,2944,4.657941,-74.0999396,4.6523072,-74.0743093,4.6551241,-74.08712445,alta,Calle 53,Carrera 27
1000977,KR24,CL63;CL72 ,1441.0,63.93,56.76,2944,4.5402799,-74.154251,4.6444096,-74.0546171,4.5923447500000005,-74.10443405000001,alta,Carrera 24,Calle 63
1000978,KR24,CL72;CL63 ,1461.0,28.17,26.97,2944,4.5402799,-74.154251,4.7141771,-74.1295882,4.627228499999999,-74.1419196,alta,Carrera 24,Calle 72
1000979,CL53,KR27;KR50 ,1287.0,26.08,23.55,2945,4.657941,-74.0999396,4.6523072,-74.0743093,4.6551241,-74.08712445,alta,Calle 53,Carrera 27
1000980,CL53,KR50;KR27 ,1278.0,31.01,28.24,2943,4.657941,-74.0999396,4.6906399,-74.0613571,4.67429045,-74.08064834999999,alta,Calle 53,Carrera 50
1000981,DIAG16,KR90;KR97 ,1065.0,36.56,32.9,2943,4.6725666,-74.1523954,4.6264472,-74.2004386,4.6495069,-74.176417,alta,Diagonal 16,Carrera 90
1000982,DIAG16,KR123;KR106 ,1618.0,30.04,25.95,2944,4.6725666,-74.1523954,4.6849507,-74.1622812,4.67875865,-74.15733829999999,alta,Diagonal 16,Carrera 123
1000983,CL80,KR24;KR58 ,1572.0,38.0,32.23,2944,4.6638357,-74.0532228,4.5402799,-74.154251,4.6020578,-74.1037369,alta,Calle 80,Carrera 24
1000984,CL80,KR58;KR24 ,1588.0,34.32,29.19,2943,4.6638357,-74.0532228,4.6240064,-74.1178323,4.643921049999999,-74.08552755,alta,Calle 80,Carrera 58
1000985,CL80,KR58;KR69H ,1416.0,34.92,28.39,2944,4.6638357,-74.0532228,4.6240064,-74.1178323,4.643921049999999,-74.08552755,alta,Calle 80,Carrera 58
1000986,CL80,KR69H;KR58 ,1410.0,34.05,27.84,2944,4.6638357,-74.0532228,,,4.6638357,-74.0532228,media,Calle 80,Kr69H
1000987,CL80,KR69H;KR71 ,839.0,30.99,25.16,2944,4.6638357,-74.0532228,,,4.6638357,-74.0532228,media,Calle 80,Kr69H
1000988,CL80,KR76;KR71 ,711.0,33.42,28.88,2944,4.6638357,-74.0532228,4.5939241,-74.1785089,4.628879899999999,-74.11586585,alta,Calle 80,Carrera 76
1000989,CL80,KR76;KR81 ,527.0,35.7,32.0,2943,4.6638357,-74.0532228,4.5939241,-74.1785089,4.628879899999999,-74.11586585,alta,Calle 80,Carrera 76
1000990,CL80,KR81;KR76 ,501.0,29.08,22.56,2943,4.6638357,-74.0532228,4.6671195,-74.1219417,4.6654776,-74.08758225,alta,Calle 80,Carrera 81
1000991,CL80,KR81;KR89A ,806.0,33.33,29.17,2943,4.6638357,-74.0532228,4.6671195,-74.1219417,4.6654776,-74.08758225,alta,Calle 80,Carrera 81
1000992,CL80,KR89A;KR81 ,811.0,30.38,25.05,2943,4.6638357,-74.0532228,,,4.6638357,-74.0532228,media,Calle 80,Kr89A
1000993,CL80,KR89A;KR96 ,727.0,20.61,17.09,2944,4.6638357,-74.0532228,,,4.6638357,-74.0532228,media,Calle 80,Kr89A
1000994,CL80,KR96;KR89A ,728.0,27.86,23.91,2943,4.6638357,-74.0532228,4.6276211,-74.2124987,4.645728399999999,-74.13286074999999,alta,Calle 80,Carrera 96
1001001,CL24,KR40;AV.AMERICAS ,573.0,17.77,15.2,2943,4.6157021,-74.0766157,4.6003464,-74.1196796,4.60802425,-74.09814765,alta,Calle 24,Carrera 40
1001002,CL24,KR40;KR43A ,160.0,19.67,17.91,2944,4.6157021,-74.0766157,4.6003464,-74.1196796,4.60802425,-74.09814765,alta,Calle 24,Carrera 40
1001003,CL24,KR50;KR54 ,381.0,24.86,21.29,2943,4.6157021,-74.0766157,4.6906399,-74.0613571,4.653171,-74.0689864,alta,Calle 24,Carrera 50
1001004,CL24,KR54;KR50 ,375.0,33.14,30.59,2944,4.6157021,-74.0766157,4.5926707,-74.1416027,4.6041864,-74.1091092,alta,Calle 24,Carrera 54
1001005,CL24,KR54;KR60 ,544.0,25.87,21.55,2944,4.6157021,-74.0766157,4.5926707,-74.1416027,4.6041864,-74.1091092,alta,Calle 24,Carrera 54
1001006,CL24,KR60;KR54 ,543.0,31.78,31.42,2944,4.6157021,-74.0766157,4.6807377,-74.07429,4.6482199,-74.07545285,alta,Calle 24,Carrera 60
1001007,CL24,KR68B;KR60 ,1068.0,27.63,24.33,2944,4.6157021,-74.0766157,,,4.6157021,-74.0766157,media,Calle 24,Kr68B
1001012,CL53,KR50;KR60 ,875.0,23.44,17.72,2945,4.657941,-74.0999396,4.6906399,-74.0613571,4.67429045,-74.08064834999999,alta,Calle 53,Carrera 50
1001013,CL53,KR60;KR50 ,909.0,24.97,22.05,2940,4.657941,-74.0999396,4.6807377,-74.07429,4.66933935,-74.0871148,alta,Calle 53,Carrera 60
1001014,KR72,CL138;CL153 ,1436.0,33.7,27.34,2944,4.5960945,-74.1644758,4.7244852,-74.0545134,4.66028985,-74.1094946,alta,Carrera 72,Calle 138
1001015,KR72,CL138;CL134 ,443.0,32.66,27.43,2945,4.5960945,-74.1644758,4.7244852,-74.0545134,4.66028985,-74.1094946,alta,Carrera 72,Calle 138
1001016,KR72,CL127;CL75 ,2877.0,36.61,28.54,2943,4.5960945,-74.1644758,4.7285231,-74.1021337,4.6623088,-74.13330475000001,alta,Carrera 72,Calle 127
1001017,KR72,CL66A;CL53 ,1323.0,27.04,19.34,2944,4.5960945,-74.1644758,4.6802354,-74.0985036,4.63816495,-74.1314897,alta,Carrera 72,Calle 66A
1001019,KR72,CL75;CL66A ,1287.0,24.52,17.68,2944,4.5960945,-74.1644758,4.7065812,-74.1152556,4.65133785,-74.1398657,alta,Carrera 72,Calle 75
1001023,KR72,CL12;CL53 ,4002.0,30.01,21.51,2942,4.5960945,-74.1644758,4.6177027,-74.0994423,4.6068986,-74.13195905,alta,Carrera 72,Calle 12
1001024,KR72,CL12;CL9 ,751.0,30.57,24.24,2943,4.5960945,-74.1644758,4.6177027,-74.0994423,4.6068986,-74.13195905,alta,Carrera 72,Calle 12
1001025,KR72,CL9;CL12 ,719.0,33.34,25.13,2941,4.5960945,-74.1644758,4.6077794,-74.0933471,4.601936950000001,-74.12891145,alta,Carrera 72,Calle 9
1001026,KR72,CL9;CL3 ,1527.0,29.2,24.45,2944,4.5960945,-74.1644758,4.6077794,-74.0933471,4.601936950000001,-74.12891145,alta,Carrera 72,Calle 9
1001027,KR72,CL3;CL9 ,1501.0,29.58,19.58,2945,4.5960945,-74.1644758,4.6267023,-74.1449167,4.611398400000001,-74.15469625,alta,Carrera 72,Calle 3
1001028,KR72,CL3;AV.P.MAYO ,765.0,20.88,18.58,2944,4.5960945,-74.1644758,4.6267023,-74.1449167,4.611398400000001,-74.15469625,alta,Carrera 72,Calle 3
1001029,KR72,AV.P.MAYO;CL3 ,789.0,11.94,10.66,2943,4.5960945,-74.1644758,4.6016787,-74.1200151,4.5988866,-74.14224545,alta,Carrera 72,Avenida Primero de Mayo
1001030,KR72,AV.P.MAYO;KR69B ,848.0,17.35,15.58,2943,4.5960945,-74.1644758,4.6016787,-74.1200151,4.5988866,-74.14224545,alta,Carrera 72,Avenida Primero de Mayo
1001031,KR72,CL43AS;KR69B ,1138.0,28.01,23.73,2944,4.5960945,-74.1644758,4.6508915,-74.1391613,4.623493,-74.15181855,alta,Carrera 72,Calle 43AS
1001032,CL72,KR70;KR76 ,1063.0,25.82,22.84,2944,4.7141771,-74.1295882,4.7642028,-74.0608081,4.73918995,-74.09519815,alta,Calle 72,Carrera 70
1001033,CL72,KR76;KR70 ,1076.0,26.48,20.98,2943,4.7141771,-74.1295882,4.5939241,-74.1785089,4.6540506,-74.15404855,alta,Calle 72,Carrera 76
1001034,CL72,KR55;KR24 ,1227.0,23.08,20.97,2942,4.7141771,-74.1295882,4.756449,-74.0543185,4.73531305,-74.09195335,alta,Calle 72,Carrera 55
1001035,CL72,KR55;KR64 ,802.0,27.74,20.85,2944,4.7141771,-74.1295882,4.756449,-74.0543185,4.73531305,-74.09195335,alta,Calle 72,Carrera 55
1001038,AV.AMERICAS,KR36;KR62 ,2947.0,25.72,18.96,2943,4.6273108,-74.1039185,4.5701198,-74.1505816,4.5987153,-74.12725005,alta,Avenida de las Americas,Carrera 36
1001039,AV.AMERICAS,KR62;KR36 ,2971.0,34.93,29.06,2943,4.6273108,-74.1039185,4.670585,-74.0846015,4.6489479,-74.09426,alta,Avenida de las Americas,Carrera 62
1001040,AV.AMERICAS,KR62;KR69F ,1554.0,47.58,38.34,2944,4.6273108,-74.1039185,4.670585,-74.0846015,4.6489479,-74.09426,alta,Avenida de las Americas,Carrera 62
1001041,AV.AMERICAS,KR74;KR69F ,1236.0,38.43,34.16,2944,4.6273108,-74.1039185,4.7428614,-74.0697177,4.6850861,-74.0868181,alta,Avenida de las Americas,Carrera 74
1001043,AV.AMERICAS,KR80;KR74 ,1310.0,33.73,29.98,2943,4.6273108,-74.1039185,4.7477516,-74.0752683,4.6875312000000005,-74.08959340000001,alta,Avenida de las Americas,Carrera 80
1001044,KR60,CL66C;CL53 ,2096.0,29.65,26.32,2886,4.6807377,-74.07429,4.6690878,-74.0846933,4.67491275,-74.07949165,alta,Carrera 60,Calle 66C
1001045,KR60,CL53;CL66C ,2102.0,29.72,28.95,2850,4.6807377,-74.07429,4.657941,-74.0999396,4.66933935,-74.0871148,alta,Carrera 60,Calle 53
1001046,KR68,CL13;CL19 ,779.0,25.76,18.23,2588,4.7582698,-74.0632849,4.6006381,-74.0695381,4.67945395,-74.0664115,alta,Carrera 68,Calle 13
1001047,KR68,CL66;CL19 ,4110.0,25.91,19.51,2796,4.7582698,-74.0632849,4.6782676,-74.0970447,4.718268699999999,-74.0801648,alta,Carrera 68,Calle 66
1001048,KR68,CL66;CL78 ,1384.0,29.82,23.77,2793,4.7582698,-74.0632849,4.6782676,-74.0970447,4.718268699999999,-74.0801648,alta,Carrera 68,Calle 66
1001049,KR68,CL78;CL66 ,1392.0,27.59,21.26,2792,4.7582698,-74.0632849,4.6716578,-74.0694502,4.7149638,-74.06636755,alta,Carrera 68,Calle 78
1001050,KR68,CL78;CL98 ,1071.0,23.66,16.2,2794,4.7582698,-74.0632849,4.6716578,-74.0694502,4.7149638,-74.06636755,alta,Carrera 68,Calle 78
1001051,KR68,CL98;CL78 ,1084.0,27.38,19.66,2795,4.7582698,-74.0632849,4.6746828,-74.0293868,4.7164763,-74.04633584999999,alta,Carrera 68,Calle 98
1001052,KR68,CL98;KR64 ,602.0,23.19,15.62,2796,4.7582698,-74.0632849,4.6746828,-74.0293868,4.7164763,-74.04633584999999,alta,Carrera 68,Calle 98
1001053,KR68,KR64;CL98 ,684.0,28.2,20.62,2794,4.7582698,-74.0632849,4.6896941,-74.0683232,4.72398195,-74.06580405,alta,Carrera 68,Carrera 64
1001054,KR68,KR64;AV.SUBA ,352.0,26.8,22.72,2943,4.7582698,-74.0632849,4.6896941,-74.0683232,4.72398195,-74.06580405,alta,Carrera 68,Carrera 64
1001055,KR68,AV.SUBA;KR64 ,301.0,18.87,14.86,2944,4.7582698,-74.0632849,4.7492477,-74.1011999,4.753758749999999,-74.0822424,alta,Carrera 68,Avenida Suba
1001056,AV.P.MAYO,KR72;KR73D ,1093.0,27.72,20.37,2944,4.6016787,-74.1200151,4.5960945,-74.1644758,4.5988866,-74.14224545,alta,Avenida Primero de Mayo,Carrera 72
1001057,AV.P.MAYO,KR73D;KR72 ,1095.0,24.91,16.47,2943,4.6016787,-74.1200151,,,4.6016787,-74.1200151,media,Avenida Primero de Mayo,Kr73D
1001059,AV.P.MAYO,CL41BSUR;KR73D ,906.0,15.43,13.76,2941,4.6016787,-74.1200151,,,4.6016787,-74.1200151,media,Avenida Primero de Mayo,Calle 41BSUR
1001207,NQS,KR68;GRAL.SANTANDER ,949.0,31.83,30.84,2940,4.6181546,-74.0857383,4.7582698,-74.0632849,4.688212200000001,-74.0745116,alta,Nqs,Carrera 68
1001208,NQS,KR62B;KR67 ,797.0,23.46,19.0,2893,4.6181546,-74.0857383,,,4.6181546,-74.0857383,media,Nqs,Kr62B
1001209,NQS,KR68;KR62B ,1413.0,23.81,19.35,2891,4.6181546,-74.0857383,4.7582698,-74.0632849,4.688212200000001,-74.0745116,alta,Nqs,Carrera 68
1001210,NQS,KR62B;KR68 ,1417.0,24.96,21.31,2894,4.6181546,-74.0857383,,,4.6181546,-74.0857383,media,Nqs,Kr62B
1001211,NQS,KR71;CL59SUR ,1295.0,24.24,18.22,2942,4.6181546,-74.0857383,4.6227626,-74.1337059,4.6204586,-74.1097221,alta,Nqs,Carrera 71
1001212,NQS,CL59SUR;KR71 ,1290.0,24.05,20.33,2944,4.6181546,-74.0857383,,,4.6181546,-74.0857383,media,Nqs,Calle 59SUR
1001247,KR72,CL66A;CL75 ,1306.0,34.58,27.52,2944,4.5960945,-74.1644758,4.6802354,-74.0985036,4.63816495,-74.1314897,alta,Carrera 72,Calle 66A
1001248,KR72,CL75;CL127 ,2839.0,35.9,23.91,2943,4.5960945,-74.1644758,4.7065812,-74.1152556,4.65133785,-74.1398657,alta,Carrera 72,Calle 75
1001249,KR72,KR69B ;AV.P.MAYO ,804.0,13.96,13.25,2943,4.5960945,-74.1644758,,,4.5960945,-74.1644758,media,Carrera 72,Kr69B
1001250,KR72,KR69B;CL43AS ,1094.0,27.14,23.41,2944,4.5960945,-74.1644758,,,4.5960945,-74.1644758,media,Carrera 72,Kr69B
1001251,TV28,CL19;CL22C ,590.0,20.76,20.46,2928,4.621108,-74.0822603,4.6346758,-74.1044073,4.6278919,-74.09333380000001,alta,Transversal 28,Calle 19
1001252,TV28,CL19;CL13 ,563.0,15.65,14.68,2937,4.621108,-74.0822603,4.6346758,-74.1044073,4.6278919,-74.09333380000001,alta,Transversal 28,Calle 19
1001253,CL19,KR27;KR36 ,1056.0,27.39,22.02,2944,4.6346758,-74.1044073,4.6523072,-74.0743093,4.6434915,-74.0893583,alta,Calle 19,Carrera 27
1001254,CL19,KR17;AV.CARACAS ,343.0,14.2,13.73,2943,4.6346758,-74.1044073,4.6282212,-74.0710935,4.631448499999999,-74.0877504,alta,Calle 19,Carrera 17
1001255,CL19,KR27;KR17 ,936.0,26.36,23.69,2943,4.6346758,-74.1044073,4.6523072,-74.0743093,4.6434915,-74.0893583,alta,Calle 19,Carrera 27
1001256,CL19,KR17;KR27 ,941.0,25.27,22.22,2945,4.6346758,-74.1044073,4.6282212,-74.0710935,4.631448499999999,-74.0877504,alta,Calle 19,Carrera 17
1001257,CL63,KR77A;TV85 ,376.0,18.19,14.03,2944,4.6444096,-74.0546171,,,4.6444096,-74.0546171,media,Calle 63,Kr77A
1001258,CL63,TV85;KR77A ,373.0,18.19,13.43,2944,4.6444096,-74.0546171,4.6207758,-74.1825291,4.6325927,-74.11857309999999,alta,Calle 63,Transversal 85
1001259,CL24,KR69B;KR68B ,553.0,23.8,20.32,2943,4.6157021,-74.0766157,,,4.6157021,-74.0766157,media,Calle 24,Kr69B
1001260,NQS,CL3;CL1F ,413.0,28.43,26.84,2943,4.6181546,-74.0857383,4.6267023,-74.1449167,4.62242845,-74.1153275,alta,Nqs,Calle 3
1001261,NQS,CL1F;CL3 ,413.0,21.3,17.83,2943,4.6181546,-74.0857383,4.5879356,-74.0792021,4.6030451,-74.0824702,alta,Nqs,Calle 1F
1001262,NQS,CL1F;AV.P.MAYO ,1197.0,20.63,17.52,2944,4.6181546,-74.0857383,4.5879356,-74.0792021,4.6030451,-74.0824702,alta,Nqs,Calle 1F
1001263,NQS,AV.P.MAYO;CL1F ,1221.0,21.38,18.4,2944,4.6181546,-74.0857383,4.6016787,-74.1200151,4.609916650000001,-74.1028767,alta,Nqs,Avenida Primero de Mayo
1001301,AV.SUBA,CL100;CL94C ,589.0,25.77,20.02,2944,4.7492477,-74.1011999,4.6975833,-74.077589,4.7234155,-74.08939445,alta,Avenida Suba,Calle 100
1001302,AV.SUBA,CL94C;CL100 ,571.0,25.37,21.25,2943,4.7492477,-74.1011999,4.6845236,-74.064357,4.71688565,-74.08277845,alta,Avenida Suba,Calle 94C
1001303,KR27,CL1B;AV.P.MAYO ,1198.0,25.51,20.85,2943,4.6523072,-74.0743093,4.6098317,-74.1184696,4.63106945,-74.09638945,alta,Carrera 27,Calle 1B
1001304,AV.CARACAS,CL57;CL53 ,385.0,22.82,20.87,2945,4.5637523,-74.125194,4.6466853,-74.0815752,4.605218799999999,-74.1033846,alta,Avenida Caracas,Calle 57
1001305,AV.CARACAS,CL57;CL63 ,602.0,22.67,21.0,2944,4.5637523,-74.125194,4.6466853,-74.0815752,4.605218799999999,-74.1033846,alta,Avenida Caracas,Calle 57
1001340,KR86,AV.AMERICAS;CL10 ,797.0,17.82,13.28,2944,4.7407833,-74.0812616,4.6273108,-74.1039185,4.68404705,-74.09259005000001,alta,Carrera 86,Avenida de las Americas
1001341,KR86,AV.AMERICAS;CL40BSUR ,1472.0,16.31,13.25,2944,4.7407833,-74.0812616,4.6273108,-74.1039185,4.68404705,-74.09259005000001,alta,Carrera 86,Avenida de las Americas
1001342,AV.AMERICAS,KR74;KR80G ,1286.0,32.15,26.09,2944,4.6273108,-74.1039185,4.7428614,-74.0697177,4.6850861,-74.0868181,alta,Avenida de las Americas,Carrera 74
1001343,AV.AMERICAS,KR86;KR80G ,574.0,13.44,10.69,2944,4.6273108,-74.1039185,4.7407833,-74.0812616,4.68404705,-74.09259005000001,alta,Avenida de las Americas,Carrera 86
1001344,DIAG16,KR97;KR90 ,1067.0,35.46,29.13,2944,4.6725666,-74.1523954,4.6790016,-74.1339823,4.6757841,-74.14318885,alta,Diagonal 16,Carrera 97
1001345,DIAG16,KR106;KR123 ,1624.0,28.84,21.06,2943,4.6725666,-74.1523954,4.6377895,-74.2072548,4.65517805,-74.1798251,alta,Diagonal 16,Carrera 106
1001346,DIAG16,KR106;KR97 ,971.0,28.08,23.44,2944,4.6725666,-74.1523954,4.6377895,-74.2072548,4.65517805,-74.1798251,alta,Diagonal 16,Carrera 106
1001347,DIAG16,KR97;KR106 ,952.0,30.07,24.68,2944,4.6725666,-74.1523954,4.6790016,-74.1339823,4.6757841,-74.14318885,alta,Diagonal 16,Carrera 97
1001348,CL92,KR15;KR19B ,488.0,20.39,17.3,2938,4.7171787,-74.0992645,4.7434325,-74.0367267,4.7303056,-74.0679956,alta,Calle 92,Carrera 15
1001349,CL92,KR19B;KR15 ,491.0,19.99,17.34,2943,4.7171787,-74.0992645,,,4.7171787,-74.0992645,media,Calle 92,Kr19B
1001704,AV.AMERICAS,KR80G;KR86 ,555.0,17.46,14.09,2944,4.6273108,-74.1039185,,,4.6273108,-74.1039185,media,Avenida de las Americas,Kr80G
1001705,AV.AMERICAS,KR80G;KR74 ,1382.0,38.17,32.57,2944,4.6273108,-74.1039185,,,4.6273108,-74.1039185,media,Avenida de las Americas,Kr80G
1001706,AV.SUBA,CL127;CL136 ,1864.0,36.76,31.56,2944,4.7492477,-74.1011999,4.7285231,-74.1021337,4.7388854,-74.1016668,alta,Avenida Suba,Calle 127
1001707,AV.SUBA,CL136;CL127 ,1867.0,39.45,31.17,2945,4.7492477,-74.1011999,4.7357589,-74.0886201,4.7425033,-74.09491,alta,Avenida Suba,Calle 136
1001710,CL169B,KR58;AV.BOYACA ,841.0,19.73,17.33,2943,4.7549332,-74.0627887,4.6240064,-74.1178323,4.6894698,-74.0903105,alta,Calle 169B,Carrera 58
1001711,CL169B;CL170,KR58;KR20 ,1710.0,27.38,22.04,2943,,,4.6240064,-74.1178323,4.6240064,-74.1178323,media,Cl169B;Cl170,Carrera 58
1001712,CL24,KR43A;KR50 ,740.0,21.53,17.46,2944,4.6157021,-74.0766157,,,4.6157021,-74.0766157,media,Calle 24,Kr43A
1001713,CL24,KR43A;KR40 ,161.0,17.57,17.26,2945,4.6157021,-74.0766157,,,4.6157021,-74.0766157,media,Calle 24,Kr43A
1001714,"CL34,AV.AMERICAS",KR28;KR19 ,266.0,20.96,16.89,2946,4.6278142,-74.1057013,4.5827236,-74.1319952,4.6052689,-74.11884825000001,alta,"Cl34,Av Americas",Carrera 28
1001715,"AV.AMERICAS,CL34",KR28;KR36 ,1624.0,24.15,19.06,2941,4.6311226,-74.1412119,4.5827236,-74.1319952,4.6069231,-74.13660355,alta,"Av Americas,Cl34",Carrera 28
1001716,KR7,CL59;CL53 ,541.0,25.68,21.88,2944,4.5737027,-74.0918262,4.6507951,-74.0834201,4.6122489,-74.08762315,alta,Carrera 7,Calle 59
1001717,KR7,CL59;CL63 ,434.0,24.76,21.11,2945,4.5737027,-74.0918262,4.6507951,-74.0834201,4.6122489,-74.08762315,alta,Carrera 7,Calle 59
1001720,KR86,CL75BIS;CL85 ,984.0,26.81,22.37,2944,4.7407833,-74.0812616,4.6477331,-74.134128,4.6942582,-74.1076948,alta,Carrera 86,Calle 75BIS
1001721,KR86,CL75BIS;CL72 ,481.0,26.53,20.09,2942,4.7407833,-74.0812616,4.6477331,-74.134128,4.6942582,-74.1076948,alta,Carrera 86,Calle 75BIS
1001723,CL72,KR64;KR55 ,818.0,26.21,22.52,2942,4.7141771,-74.1295882,4.6896941,-74.0683232,4.7019356,-74.0989557,alta,Calle 72,Carrera 64
1001724,CL68,KR24;KR58 ,1744.0,28.17,23.84,2943,4.6748311,-74.0886247,4.5402799,-74.154251,4.6075555,-74.12143785,alta,Calle 68,Carrera 24
1001726,CL68;KR60,KR58;CL66C ,575.0,16.77,14.31,2943,,,4.6240064,-74.1178323,4.6240064,-74.1178323,media,Cl68;Kr60,Carrera 58
1001727,KR60;CL68,CL66C;KR58 ,481.0,21.38,18.65,2943,,,4.6690878,-74.0846933,4.6690878,-74.0846933,media,Kr60;Cl68,Calle 66C
1001728,KR68,CL19;CL13 ,765.0,24.7,17.44,2587,4.7582698,-74.0632849,4.6346758,-74.1044073,4.6964728,-74.0838461,alta,Carrera 68,Calle 19
1001729,KR68,CL13;CL66 ,4182.0,30.72,24.71,2793,4.7582698,-74.0632849,4.6006381,-74.0695381,4.67945395,-74.0664115,alta,Carrera 68,Calle 13
1001730,KR50,CL2C;CL5A ,954.0,28.25,22.6,2944,4.6906399,-74.0613571,4.6105355,-74.1124996,4.6505877,-74.08692835,alta,Carrera 50,Calle 2C
1001731,KR50,CL2C;CL16SUR ,811.0,27.64,22.26,2943,4.6906399,-74.0613571,4.6105355,-74.1124996,4.6505877,-74.08692835,alta,Carrera 50,Calle 2C
1001829,KR19,CL152;CL147 ,433.0,17.51,13.8,2944,4.7857325,-74.0361876,4.749059,-74.0856157,4.76739575,-74.06090165,alta,Carrera 19,Calle 152
1001830,KR19,CL152;CL159 ,539.0,22.43,19.57,2942,4.7857325,-74.0361876,4.749059,-74.0856157,4.76739575,-74.06090165,alta,Carrera 19,Calle 152
1001831,CL170,KR20;KR9 ,1246.0,31.17,25.04,2943,4.760987,-74.066661,4.6265432,-74.0739111,4.6937651,-74.07028604999999,alta,Calle 170,Carrera 20
1001832,CL170;CL169B,KR20;KR58 ,1743.0,26.31,19.54,2942,,,4.6265432,-74.0739111,4.6265432,-74.0739111,media,Cl170;Cl169B,Carrera 20
1001872,KR86,CL64BIS;CL66A ,633.0,18.77,13.12,2943,4.7407833,-74.0812616,4.6477331,-74.134128,4.6942582,-74.1076948,alta,Carrera 86,Calle 64BIS
1001873,KR86,CL64BIS;CL24 ,1963.0,25.46,16.82,2943,4.7407833,-74.0812616,4.6477331,-74.134128,4.6942582,-74.1076948,alta,Carrera 86,Calle 64BIS
1001874,KR72,CL53;CL66A ,1354.0,35.69,29.47,2944,4.5960945,-74.1644758,4.657941,-74.0999396,4.62701775,-74.13220770000001,alta,Carrera 72,Calle 53
1001875,KR72,CL53;CL12 ,3970.0,32.25,25.7,2942,4.5960945,-74.1644758,4.657941,-74.0999396,4.62701775,-74.13220770000001,alta,Carrera 72,Calle 53
1001926,TV42,CL6;CL2C ,1283.0,26.32,23.35,2944,4.6205644,-74.1010381,4.6413258,-74.1567299,4.6309451,-74.128884,alta,Transversal 42,Calle 6
1001927,TV42,CL2C;CL6 ,1199.0,29.4,24.42,2944,4.6205644,-74.1010381,4.6105355,-74.1124996,4.61554995,-74.10676885000001,alta,Transversal 42,Calle 2C
1001928,CL57,AV.CARACAS;TV25 ,837.0,10.66,10.2,2919,4.6466853,-74.0815752,4.5637523,-74.125194,4.605218799999999,-74.1033846,alta,Calle 57,Avenida Caracas
1001929,CL57,TV25;AV.CARACAS ,845.0,13.2,12.35,2937,4.6466853,-74.0815752,4.646337,-74.0733785,4.64651115,-74.07747685000001,alta,Calle 57,Transversal 25
1001932,"TV85,CL64BBIS",CL63;KR86 ,594.0,16.76,13.47,2943,,,4.6444096,-74.0546171,4.6444096,-74.0546171,media,"Tv85,Cl64Bbis",Calle 63
1001933,"TV85,CL65BIS,KR85J",CL63;KR86 ,1020.0,14.49,12.28,2942,,,4.6444096,-74.0546171,4.6444096,-74.0546171,media,"Tv85,Cl65Bis,Kr85J",Calle 63
1001934,TV80A,AV.AMERICAS;KR80 ,530.0,17.23,14.66,2942,,,4.6273108,-74.1039185,4.6273108,-74.1039185,media,Tv80A,Avenida de las Americas
1001935,CL66A,KR86;KR72 ,1412.0,11.56,11.16,2941,4.6802354,-74.0985036,4.7407833,-74.0812616,4.710509350000001,-74.08988260000001,alta,Calle 66A,Carrera 86
1001936,"CL1,KR27",KR25;AV.P.MAYO ,1419.0,27.21,21.04,2943,,,4.6178146,-74.083246,4.6178146,-74.083246,media,"Cl1,Kr27",Carrera 25
1001937,"KR27,CL1",AV.P.MAYO;KR25 ,1321.0,30.19,25.85,2944,,,4.6016787,-74.1200151,4.6016787,-74.1200151,media,"Kr27,Cl1",Avenida Primero de Mayo
1001938,"CL1,CL1B",KR25;KR27 ,334.0,27.01,22.83,2945,,,4.6178146,-74.083246,4.6178146,-74.083246,media,"Cl1,Cl1B",Carrera 25
1001939,AV.AMERICAS,KR74;KR80 ,1364.0,29.34,24.01,2944,4.6273108,-74.1039185,4.7428614,-74.0697177,4.6850861,-74.0868181,alta,Avenida de las Americas,Carrera 74
1001940,CL43SUR,KR86;KR80 ,947.0,22.91,20.03,2944,,,4.7407833,-74.0812616,4.7407833,-74.0812616,media,Calle 43SUR,Carrera 86
1001941,CL43SUR,KR80;KR86 ,948.0,17.78,14.27,2943,,,4.7477516,-74.0752683,4.7477516,-74.0752683,media,Calle 43SUR,Carrera 80
1001944,CL24,KR86;KR69B ,2224.0,22.9,20.8,2942,4.6157021,-74.0766157,4.7407833,-74.0812616,4.6782427,-74.07893865,alta,Calle 24,Carrera 86
1001945,"KR78K,CL41SUR",CL26SUR;AV.P.MAYO ,1626.0,15.88,13.98,2940,,,4.6477331,-74.134128,4.6477331,-74.134128,media,"Kr78K,Cl41Sur",Calle 26SUR
1001946,"AV.P.MAYO,CL26SUR",KR72;KR78K ,1555.0,19.13,14.75,2942,,,4.5960945,-74.1644758,4.5960945,-74.1644758,media,"Av P Mayo,Cl26Sur",Carrera 72
1001947,"CL13,KR50",KR62;CL5A ,1959.0,30.36,27.8,2945,,,4.670585,-74.0846015,4.670585,-74.0846015,media,"Cl13,Kr50",Carrera 62
1001948,"KR50,CL13",CL5A;KR47 ,1158.0,17.18,17.56,2926,,,4.6041161,-74.0976775,4.6041161,-74.0976775,media,"Kr50,Cl13",Calle 5A
1001949,"AV.AMERICAS,KR50",KR36;CL17 ,1876.0,51.85,39.11,2943,4.6259088,-74.1236845,4.5701198,-74.1505816,4.5980143,-74.13713304999999,alta,"Av Americas,Kr50",Carrera 36
1001950,"KR50,CL13",CL17;KR56 ,701.0,21.65,20.79,2920,,,4.6126833,-74.0857245,4.6126833,-74.0857245,media,"Kr50,Cl13",Calle 17
1001951,KR15,CL100;CL106 ,677.0,16.88,14.21,2944,4.7434325,-74.0367267,4.6975833,-74.077589,4.720507899999999,-74.05715785000001,alta,Carrera 15,Calle 100
1001952,KR15,CL106;CL100 ,647.0,16.36,13.8,2943,4.7434325,-74.0367267,4.6935174,-74.0664765,4.71847495,-74.0516016,alta,Carrera 15,Calle 106
1001953,CL100,KR15;KR11 ,573.0,27.26,22.03,2942,4.6975833,-74.077589,4.7434325,-74.0367267,4.720507899999999,-74.05715785000001,alta,Calle 100,Carrera 15
1001954,CL100,KR15;KR19 ,449.0,16.36,14.07,2941,4.6975833,-74.077589,4.7434325,-74.0367267,4.720507899999999,-74.05715785000001,alta,Calle 100,Carrera 15
1001955,"CL72,CL68",KR70;KR58 ,1930.0,24.62,20.25,2943,,,4.7642028,-74.0608081,4.7642028,-74.0608081,media,"Cl72,Cl68",Carrera 70
1001956,"CL68,CL72",KR58;KR70 ,1929.0,25.72,20.36,2942,,,4.6240064,-74.1178323,4.6240064,-74.1178323,media,"Cl68,Cl72",Carrera 58
1001959,"CL19,KR3",KR5;CL22 ,596.0,11.96,10.65,2943,,,4.5343054,-74.1108466,4.5343054,-74.1108466,media,"Cl19,Kr3",Carrera 5
1001960,KR3;CL19,CL22;KR5 ,535.0,15.52,13.86,2943,,,4.6114117,-74.0762005,4.6114117,-74.0762005,media,Kr3;Cl19,Calle 22
1001961,CL22,KR1;KR3 ,558.0,14.39,11.92,2338,4.6114117,-74.0762005,4.5687675,-74.0880211,4.5900896,-74.08211080000001,alta,Calle 22,Carrera 1
1001964,CL26,KR40;GOBERNACION ,1280.0,44.15,38.21,2945,4.616137,-74.0724502,4.6003464,-74.1196796,4.608241700000001,-74.0960649,alta,Calle 26,Carrera 40
1001966,AV.AMERICAS,KR69F;KR62 ,1574.0,41.62,40.87,2944,4.6273108,-74.1039185,,,4.6273108,-74.1039185,media,Avenida de las Americas,Kr69F
1001967,AV.AMERICAS,KR69F;KR74 ,1242.0,32.91,23.5,2944,4.6273108,-74.1039185,,,4.6273108,-74.1039185,media,Avenida de las Americas,Kr69F
1001968,NQS,CL3;CL12 ,1225.0,35.61,28.16,2943,4.6181546,-74.0857383,4.6267023,-74.1449167,4.62242845,-74.1153275,alta,Nqs,Calle 3
1001969,NQS,CL12;CL3 ,1230.0,28.53,20.72,2943,4.6181546,-74.0857383,4.6177027,-74.0994423,4.61792865,-74.09259030000001,alta,Nqs,Calle 12
1001970,NQS,CL12;CL18 ,629.0,29.46,27.95,2026,4.6181546,-74.0857383,4.6177027,-74.0994423,4.61792865,-74.09259030000001,alta,Nqs,Calle 12
1001971,NQS,CL18;CL12 ,631.0,37.2,34.63,2038,4.6181546,-74.0857383,4.6058409,-74.0738408,4.6119977500000005,-74.07978955,alta,Nqs,Calle 18
1001972,NQS,CL71A;CL75 ,477.0,33.93,25.3,2025,4.6181546,-74.0857383,4.6991948,-74.1149203,4.658674700000001,-74.1003293,alta,Nqs,Calle 71A
1001973,NQS,CL100;KR24 ,1823.0,14.65,12.98,2209,4.6181546,-74.0857383,4.6975833,-74.077589,4.65786895,-74.08166365,alta,Nqs,Calle 100
1001974,NQS,CL18;CAD ,963.0,38.44,33.82,1959,4.6181546,-74.0857383,4.6058409,-74.0738408,4.6119977500000005,-74.07978955,alta,Nqs,Calle 18
1001975,NQS,CL71A;SIMON-BOLIVAR ,1122.0,40.18,34.45,2314,4.6181546,-74.0857383,4.6991948,-74.1149203,4.658674700000001,-74.1003293,alta,Nqs,Calle 71A
1001976,NQS,KR24;CL100 ,1880.0,39.64,31.67,2253,4.6181546,-74.0857383,4.5402799,-74.154251,4.57921725,-74.11999465,alta,Nqs,Carrera 24
1001977,NQS,CL75;CL71A,504.0,34.07,27.2,2033,4.6181546,-74.0857383,4.7065812,-74.1152556,4.6623679,-74.10049695000001,alta,Nqs,Calle 75
1001978,NQS,CL75;KR24,1146.0,40.23,29.12,2183,4.6181546,-74.0857383,4.7065812,-74.1152556,4.6623679,-74.10049695000001,alta,Nqs,Calle 75
1001979,NQS,KR24;CL75,1142.0,27.3,22.15,2182,4.6181546,-74.0857383,4.5402799,-74.154251,4.57921725,-74.11999465,alta,Nqs,Carrera 24
1001980,NQS,SIMON-BOLIVAR;CL71A ,1055.0,34.63,28.05,2151,4.6181546,-74.0857383,4.5980069,-74.0760716,4.60808075,-74.08090495,alta,Nqs,Simon-Bolivar
1001981,NQS,CAD;CL18 ,970.0,39.62,35.87,1950,4.6181546,-74.0857383,4.623104,-74.0844541,4.6206293,-74.08509620000001,alta,Nqs,Cad
1001982,NQS,CAD;AV.DORADO ,950.0,35.65,30.9,1968,4.6181546,-74.0857383,4.623104,-74.0844541,4.6206293,-74.08509620000001,alta,Nqs,Cad
1001983,NQS,AV.DORADO;CAD ,913.0,37.12,34.96,1938,4.6181546,-74.0857383,4.6852174,-74.1246841,4.651686,-74.1052112,alta,Nqs,Avenida El Dorado
1001984,NQS,AV.DORADO;U.NACIONAL ,760.0,36.86,28.79,2602,4.6181546,-74.0857383,4.6852174,-74.1246841,4.651686,-74.1052112,alta,Nqs,Avenida El Dorado
1001985,NQS,U.NACIONAL;AV.DORADO ,759.0,30.87,23.23,2599,4.6181546,-74.0857383,,,4.6181546,-74.0857383,media,Nqs,U Nacional
1001986,NQS,U.NACIONAL;CAMPIN ,873.0,38.16,33.72,2297,4.6181546,-74.0857383,,,4.6181546,-74.0857383,media,Nqs,U Nacional
1001987,NQS,CAMPIN;U.NACIONAL ,886.0,45.18,39.66,2306,4.6181546,-74.0857383,4.6459495,-74.0776054,4.63205205,-74.08167184999999,alta,Nqs,Campin
1001988,NQS,CAMPIN;SIMON-BOLIVAR ,1291.0,37.38,32.36,2138,4.6181546,-74.0857383,4.6459495,-74.0776054,4.63205205,-74.08167184999999,alta,Nqs,Campin
1001989,NQS,SIMON-BOLIVAR;CAMPIN ,1310.0,36.04,31.05,2151,4.6181546,-74.0857383,4.5980069,-74.0760716,4.60808075,-74.08090495,alta,Nqs,Simon-Bolivar
1001990,NQS,GRAL.SANTANDER;CL38ASUR ,697.0,39.97,31.94,2945,4.6181546,-74.0857383,,,4.6181546,-74.0857383,media,Nqs,Gral Santander
1001991,NQS,GRAL.SANTANDER;KR68; ,943.0,32.69,28.8,2944,4.6181546,-74.0857383,,,4.6181546,-74.0857383,media,Nqs,Gral Santander
1001992,AUTONORTE,CL82;VIRREY ,751.0,40.51,32.82,2944,4.6964457,-74.0559526,4.6696875,-74.0607103,4.6830666,-74.05833145,alta,Autopista Norte,Calle 82
1001993,AUTONORTE,VIRREY;CL82 ,739.0,37.19,30.9,2944,4.6964457,-74.0559526,4.5033663,-74.1126398,4.599906,-74.0842962,alta,Autopista Norte,Virrey
1001994,AUTONORTE,VIRREY;CL100 ,883.0,33.58,26.74,2932,4.6964457,-74.0559526,4.5033663,-74.1126398,4.599906,-74.0842962,alta,Autopista Norte,Virrey
1001995,AUTONORTE,CL100;VIRREY,856.0,40.38,32.19,2944,4.6964457,-74.0559526,4.6975833,-74.077589,4.6970145,-74.0667708,alta,Autopista Norte,Calle 100
1002010,AUTONORTE,CL100;PEPE.SIERRA,1518.0,41.17,36.23,2789,4.6964457,-74.0559526,4.6975833,-74.077589,4.6970145,-74.0667708,alta,Autopista Norte,Calle 100
1002011,AUTONORTE,PEPE.SIERRA;CL100,1513.0,38.18,30.03,2816,4.6964457,-74.0559526,4.697689,-74.0553759,4.697067349999999,-74.05566425,alta,Autopista Norte,Pepe Sierra
1002012,AUTONORTE,PEPE.SIERRA;CL127,737.0,38.54,33.61,2790,4.6964457,-74.0559526,4.697689,-74.0553759,4.697067349999999,-74.05566425,alta,Autopista Norte,Pepe Sierra
1002013,AUTONORTE,CL127;PEPE.SIERRA,700.0,42.3,36.87,2799,4.6964457,-74.0559526,4.7285231,-74.1021337,4.7124844,-74.07904314999999,alta,Autopista Norte,Calle 127
1002018,AUTONORTE,ALCALA;CL146,1079.0,38.43,30.65,2668,4.6964457,-74.0559526,4.7141643,-74.029513,4.705305,-74.0427328,alta,Autopista Norte,Alcala
1002019,AUTONORTE,CL146;ALCALA,1079.0,46.67,38.15,2674,4.6964457,-74.0559526,4.7218322,-74.0277362,4.70913895,-74.0418444,alta,Autopista Norte,Calle 146
1002020,AUTONORTE,CL146;CARDIO.INFANTIL,1313.0,45.62,38.12,2945,4.6964457,-74.0559526,4.7218322,-74.0277362,4.70913895,-74.0418444,alta,Autopista Norte,Calle 146
1002021,AUTONORTE,CARDIO.INFANTIL;CL146,1309.0,46.6,41.3,2945,4.6964457,-74.0559526,4.7417047,-74.0340716,4.7190752,-74.04501210000001,alta,Autopista Norte,Cardio Infantil
1002022,AUTONORTE,CARDIO.INFANTIL;TOBERIN,499.0,43.51,33.2,2945,4.6964457,-74.0559526,4.7417047,-74.0340716,4.7190752,-74.04501210000001,alta,Autopista Norte,Cardio Infantil
1002023,AUTONORTE,TOBERIN;CARDIO.INFANTIL,517.0,50.13,44.94,2944,4.6964457,-74.0559526,4.7453547,-74.0474218,4.7209002,-74.0516872,alta,Autopista Norte,Toberin
1002024,AUTONORTE,TOBERIN;SANTA.FE,1724.0,46.53,33.59,2944,4.6964457,-74.0559526,4.7453547,-74.0474218,4.7209002,-74.0516872,alta,Autopista Norte,Toberin
1002025,AUTONORTE,SANTA.FE;TOBERIN,1714.0,25.21,23.68,2944,4.6964457,-74.0559526,4.6017892,-74.0791799,4.64911745,-74.06756625,alta,Autopista Norte,Santa Fe
1002026,AV.SUBA,SAN.MARTIN;CL94C ,998.0,32.2,27.02,2943,4.7492477,-74.1011999,4.6183674,-74.0685757,4.68380755,-74.08488779999999,alta,Avenida Suba,San Martin
1002027,AV.SUBA,CL94C;SAN.MARTIN ,912.0,28.74,23.94,2944,4.7492477,-74.1011999,4.6845236,-74.064357,4.71688565,-74.08277845,alta,Avenida Suba,Calle 94C
1002028,AV.SUBA,HUMEDAL.CORDOBA;CL116 ,746.0,34.54,28.99,2943,4.7492477,-74.1011999,4.7121592,-74.0648901,4.73070345,-74.083045,alta,Avenida Suba,Humedal Cordoba
1002029,AV.SUBA,HUMEDAL.CORDOBA;CL127 ,448.0,33.05,26.67,2944,4.7492477,-74.1011999,4.7121592,-74.0648901,4.73070345,-74.083045,alta,Avenida Suba,Humedal Cordoba
1002036,CL26,GOBERNACION;KR40 ,1366.0,45.89,37.83,2945,4.616137,-74.0724502,4.6427953,-74.0964507,4.629466150000001,-74.08445045,alta,Calle 26,Gobernacion
1002038,CL26,GOBERNACION;CAN ,506.0,43.38,38.08,2944,4.616137,-74.0724502,4.6427953,-74.0964507,4.629466150000001,-74.08445045,alta,Calle 26,Gobernacion
1002039,CL26,CAN;GOBERNACION ,508.0,52.19,46.16,2944,4.616137,-74.0724502,4.6345673,-74.0808657,4.625352149999999,-74.07665795,alta,Calle 26,Can
1002044,CL26,NORMANDIA;MODELIA ,845.0,53.96,45.48,2944,4.616137,-74.0724502,4.6660832,-74.1068245,4.641110100000001,-74.08963735,alta,Calle 26,Normandia
1002045,CL26,MODELIA;NORMANDIA ,827.0,44.91,37.82,2943,4.616137,-74.0724502,4.6640157,-74.1153293,4.64007635,-74.09388975,alta,Calle 26,Modelia
1002064,KR19,CL140;CL134 ,595.0,17.31,14.08,2943,4.7857325,-74.0361876,4.7446409,-74.1027463,4.7651867,-74.06946695,alta,Carrera 19,Calle 140
1002065,KR19,CL140;CL147 ,684.0,18.2,16.28,2943,4.7857325,-74.0361876,4.7446409,-74.1027463,4.7651867,-74.06946695,alta,Carrera 19,Calle 140
1002074,CL80,KR71;KR69H; ,819.0,29.92,25.41,2944,4.6638357,-74.0532228,4.6227626,-74.1337059,4.64329915,-74.09346435,alta,Calle 80,Carrera 71
1002075,CL80,KR71;KR76 ,696.0,29.93,26.8,2944,4.6638357,-74.0532228,4.6227626,-74.1337059,4.64329915,-74.09346435,alta,Calle 80,Carrera 71
1002078,KR60,CL53;CL26 ,719.0,16.11,16.21,2619,4.6807377,-74.07429,4.657941,-74.0999396,4.66933935,-74.0871148,alta,Carrera 60,Calle 53
1002079,KR60,CL26;CL53 ,749.0,17.58,19.8,2671,4.6807377,-74.07429,4.616137,-74.0724502,4.64843735,-74.0733701,alta,Carrera 60,Calle 26
1002080,KR60,CL26;CL24 ,353.0,16.21,14.19,2926,4.6807377,-74.07429,4.616137,-74.0724502,4.64843735,-74.0733701,alta,Carrera 60,Calle 26
1002081,KR60,CL24;CL26 ,335.0,16.66,15.78,2942,4.6807377,-74.07429,4.6157021,-74.0766157,4.6482199,-74.07545285,alta,Carrera 60,Calle 24
1002088,KR86,CL19A;CL22 ,441.0,24.25,17.26,2944,4.7407833,-74.0812616,4.6530873,-74.1246996,4.6969353,-74.1029806,alta,Carrera 86,Calle 19A
1002089,KR86,CL19A;CL13C ,1093.0,38.31,32.66,2943,4.7407833,-74.0812616,4.6530873,-74.1246996,4.6969353,-74.1029806,alta,Carrera 86,Calle 19A
1002267,KR72,CL43AS; DIAG52SUR,1489.0,29.76,25.43,2944,4.5960945,-74.1644758,4.6508915,-74.1391613,4.623493,-74.15181855,alta,Carrera 72,Calle 43AS
1002268,KR72,KR15;CL66S ,1447.0,45.96,40.4,2943,4.5960945,-74.1644758,4.7434325,-74.0367267,4.6697635,-74.10060125000001,alta,Carrera 72,Carrera 15
1002269,KR72,KR15;TV3C ,2602.0,42.5,39.69,2944,4.5960945,-74.1644758,4.7434325,-74.0367267,4.6697635,-74.10060125000001,alta,Carrera 72,Carrera 15
1002270,KR72,KR14F;KR1 ,589.0,24.89,22.73,2944,4.5960945,-74.1644758,,,4.5960945,-74.1644758,media,Carrera 72,Kr14F
1002271,KR72,KR1;KR4aE ,832.0,21.59,20.24,2945,4.5960945,-74.1644758,4.5687675,-74.0880211,4.582431,-74.12624845,alta,Carrera 72,Carrera 1
1002272,KR72,KR4aE ;KR1,817.0,22.14,18.11,2944,4.5960945,-74.1644758,,,4.5960945,-74.1644758,media,Carrera 72,Kr4Ae
1002274,CL153,KR56;KR54 ,531.0,28.78,24.41,2921,4.7438667,-74.0682854,4.6314174,-74.1092691,4.68764205,-74.08877724999999,alta,Calle 153,Carrera 56
1002275,CL153,KR54;KR56 ,541.0,17.71,13.91,2919,4.7438667,-74.0682854,4.5926707,-74.1416027,4.6682687000000005,-74.10494405,alta,Calle 153,Carrera 54
1002277,CL153,KR56;KR72 ,664.0,17.46,13.7,2919,4.7438667,-74.0682854,4.6314174,-74.1092691,4.68764205,-74.08877724999999,alta,Calle 153,Carrera 56
1002278,CL153,KR72;KR56 ,664.0,29.07,24.64,2920,4.7438667,-74.0682854,4.5960945,-74.1644758,4.669980600000001,-74.1163806,alta,Calle 153,Carrera 72
1002279,CL63,TV85;TV93 ,1052.0,27.5,21.94,2944,4.6444096,-74.0546171,4.6207758,-74.1825291,4.6325927,-74.11857309999999,alta,Calle 63,Transversal 85
1002280,KR70C,CL57BSUR;KR63SUR ,1104.0,23.98,19.93,2943,,,,,,,sin_coords,Kr70C,Calle 57BSUR
1002281,CL63,TV93;TV85 ,1068.0,33.92,23.07,2943,4.6444096,-74.0546171,4.6921802,-74.1168561,4.6682949,-74.0857366,alta,Calle 63,Transversal 93
1002288,KR61SUR,CL55SUR;CL22 ,935.0,27.55,18.77,2944,,,,,,,sin_coords,Kr61Sur,Calle 55SUR
1002289,AV.CL59SUR,KR78C;CL59SUR ,1743.0,40.34,32.26,2944,4.6025243,-74.1792353,,,4.6025243,-74.1792353,media,Avenida Calle 59 Sur,Kr78C
1002290,AV.CL59SUR,CL59SUR;KR78C ,734.0,29.31,28.24,2944,4.6025243,-74.1792353,,,4.6025243,-74.1792353,media,Avenida Calle 59 Sur,Calle 59SUR
1002293,CL53,KR72;CL63 ,1293.0,13.19,11.34,2935,4.657941,-74.0999396,4.5960945,-74.1644758,4.62701775,-74.13220770000001,alta,Calle 53,Carrera 72
1002294,CL53,CL63;KR72 ,1330.0,15.53,11.91,2943,4.657941,-74.0999396,4.6444096,-74.0546171,4.6511753,-74.07727835,alta,Calle 53,Calle 63
1002298,KR70C,KR63SUR;CL57BSUR ,1122.0,24.21,20.49,2943,,,,,,,sin_coords,Kr70C,Kr63Sur
1002321,AV.CL59SUR,KR78C;CL59SUR ,722.0,20.01,14.09,2942,4.6025243,-74.1792353,,,4.6025243,-74.1792353,media,Avenida Calle 59 Sur,Kr78C
1002322,AV.CL59SUR,CL59SUR;KR78C ,1744.0,42.24,35.64,2943,4.6025243,-74.1792353,,,4.6025243,-74.1792353,media,Avenida Calle 59 Sur,Calle 59SUR
1002326,KR61SUR,CL22;CL55SUR ,1004.0,34.17,29.35,2943,,,4.6114117,-74.0762005,4.6114117,-74.0762005,media,Kr61Sur,Calle 22
1002327,KR19C,CL55SUR;KR14 ,989.0,16.95,14.05,2943,,,,,,,sin_coords,Kr19C,Calle 55SUR
1002328,KR19C,KR14;CL55SUR ,1100.0,23.4,20.04,2944,,,,,,,sin_coords,Kr19C,Carrera 14
1002339,KR72,TV3C;KR15;,2612.0,45.35,42.25,2944,,,,,,,sin_coords,Carrera 72,Tv3C
1002340,KR72,TV3C;KR1 ,1389.0,37.27,32.96,2943,,,,,,,sin_coords,Carrera 72,Tv3C
1002344,AV.CARACAS,AV.PRIMERO_MAYO;DIAG48SUR ,3078.0,21.78,18.33,2942,,,,,,,sin_coords,Avenida Caracas,Av Primero_Mayo
1002345,AV.CARACAS,DIAG48SUR;AV.PRIMERO_MAYO ,3089.0,23.63,19.96,2943,,,,,,,sin_coords,Avenida Caracas,Diagonal 48SUR
1002368,KR72,CL66S;KR15 ,1427.0,39.89,36.2,2944,,,,,,,sin_coords,Carrera 72,Calle 66S
1002381,CL63,KR60;KR36 ,969.0,28.18,26.47,1167,,,,,,,sin_coords,Calle 63,Carrera 60
1002382,CL63,KR36;KR60 ,931.0,29.28,27.04,1160,,,,,,,sin_coords,Calle 63,Carrera 36
1002383,CL63,KR36;KR24 ,1042.0,27.44,25.67,1183,,,,,,,sin_coords,Calle 63,Carrera 36
1002384,CL63,KR24;KR36 ,1031.0,30.07,27.73,1155,,,,,,,sin_coords,Calle 63,Carrera 24
1002387,CL153,KR54;KR21 ,1004.0,33.84,29.22,2944,,,,,,,sin_coords,Calle 153,Carrera 54
1002388,CL153,KR21;KR54 ,1012.0,28.62,19.89,2942,,,,,,,sin_coords,Calle 153,Carrera 21
1002398,AV.CL127,KR91;KR98 ,1123.0,26.98,22.89,2944,,,,,,,sin_coords,Avenida Calle 127,Carrera 91
1002399,AV.CL127,KR98;KR91 ,1126.0,36.93,29.63,2944,,,,,,,sin_coords,Avenida Calle 127,Carrera 98
1002418,KR72,KR51;DIAG52SUR ,866.0,31.12,27.58,2944,,,,,,,sin_coords,Carrera 72,Carrera 51
1002419,KR72,DIAG52SUR; CL43ASUR ,1437.0,30.12,27.49,2944,,,,,,,sin_coords,Carrera 72,Diagonal 52SUR
1002420,KR72,DIAG52SUR;KR51 ,883.0,39.86,35.03,2943,,,,,,,sin_coords,Carrera 72,Diagonal 52SUR
1002426,KR72,KR14F;TV3C ,1325.0,41.36,36.73,2944,,,,,,,sin_coords,Carrera 72,Kr14F
1002427,KR72,KR1;KR14F ,580.0,19.69,14.26,2944,,,,,,,sin_coords,Carrera 72,Carrera 1
1,KR7,CL188;CL32,17482.0,,,,4.5936478,-74.0779424,4.764992,-74.0335391,4.6793199,-74.05574075,alta,Carrera 7,Calle 188
2,KR7,CL32;CL188,17710.0,,,,4.5936478,-74.0779424,4.6163499,-74.062121,4.60499885,-74.0700317,alta,Carrera 7,Calle 32
3,CL72,KR65;KR7,3568.0,,,,4.7141771,-74.1295882,4.6243468,-74.1213336,4.669261949999999,-74.12546090000001,alta,Calle 72,Carrera 65
4,CL72,KR7;KR86,7019.0,,,,4.7141771,-74.1295882,4.5936478,-74.0779424,4.65391245,-74.10376529999999,alta,Calle 72,Carrera 7
5,KR11,CL100;CL116,1468.0,,,,4.5080589,-74.1129866,4.6903098,-74.0720985,4.59918435,-74.09254254999999,alta,Carrera 11,Calle 100
6,KR11,CL116;CL72,4631.0,,,,4.5080589,-74.1129866,4.6928648,-74.0309419,4.60046185,-74.07196425000001,alta,Carrera 11,Calle 116
7,KR15,CL72;CL127,5344.0,,,,4.7434325,-74.0367267,4.7141771,-74.1295882,4.7288048,-74.08315745,alta,Carrera 15,Calle 72
8,KR15,CL127;CL106,1542.0,,,,4.7434325,-74.0367267,4.7285231,-74.1021337,4.735977800000001,-74.0694302,alta,Carrera 15,Calle 127
9,CL116,KR7;KR53,3230.0,,,,4.6928648,-74.0309419,4.5936478,-74.0779424,4.6432563,-74.05444215,alta,Calle 116,Carrera 7
10,CL116,KR53;KR7,3239.0,,,,4.6928648,-74.0309419,4.6036508,-74.131318,4.6482578,-74.08112994999999,alta,Calle 116,Carrera 53
11,KR19,CL159;CL100,5634.0,,,,4.5868547,-74.1002759,4.7346019,-74.0277173,4.660728300000001,-74.0639966,alta,Carrera 19,Calle 159
12,KR19,CL100;CL159,5657.0,,,,4.5868547,-74.1002759,4.6903098,-74.0720985,4.63858225,-74.0861872,alta,Carrera 19,Calle 100
13,CL92,KR7;KR19B,1529.0,,,,4.6810188,-74.0660001,4.5936478,-74.0779424,4.6373333,-74.07197124999999,alta,Calle 92,Carrera 7
14,CL92,KR19B;KR7,1527.0,,,,4.6810188,-74.0660001,4.6192389,-74.0767876,4.65012885,-74.07139384999999,alta,Calle 92,Carrera 19B
15,CL94,KR7;KR15,1091.0,,,,4.6878817,-74.0781673,4.5936478,-74.0779424,4.640764750000001,-74.07805485,alta,Calle 94,Carrera 7
16,CL94,KR15;KR7,1090.0,,,,4.6878817,-74.0781673,4.7434325,-74.0367267,4.7156571,-74.057447,alta,Calle 94,Carrera 15
17,CL85,KR7;KR15,1024.0,,,,4.6752683,-74.0671421,4.5936478,-74.0779424,4.63445805,-74.07254225,alta,Calle 85,Carrera 7
18,CL85,KR15;KR7,1037.0,,,,4.6752683,-74.0671421,4.7434325,-74.0367267,4.7093504,-74.0519344,alta,Calle 85,Carrera 15
19,CL100,KR11;AV.SUBA,2483.0,,,,4.6903098,-74.0720985,4.5080589,-74.1129866,4.59918435,-74.09254254999999,alta,Calle 100,Carrera 11
20,CL100,AV.SUBA;KR11,2447.0,,,,4.6903098,-74.0720985,4.7492477,-74.1011999,4.71977875,-74.0866492,alta,Calle 100,Avenida Suba
21,CL106,KR19;KR7,1800.0,,,,4.6854557,-74.0363182,4.5868547,-74.1002759,4.6361552,-74.06829705,alta,Calle 106,Carrera 19
22,CL106,KR7;KR19,1804.0,,,,4.6854557,-74.0363182,4.5936478,-74.0779424,4.639551750000001,-74.0571303,alta,Calle 106,Carrera 7
23,CL127,AV.BOYACA;KR7,5759.0,,,,4.7285231,-74.1021337,4.7669207,-74.0609145,4.7477219,-74.0815241,alta,Calle 127,Avenida Boyaca
24,CL127,KR7;AV.BOYACA,5751.0,,,,4.7285231,-74.1021337,4.5936478,-74.0779424,4.66108545,-74.09003805,alta,Calle 127,Carrera 7
25,KR9,CL170;CL134,3829.0,,,,4.6071991,-74.072691,4.7618336,-74.0674005,4.68451635,-74.07004575,alta,Carrera 9,Calle 170
26,KR9,CL134;CL170,3848.0,,,,4.6071991,-74.072691,4.7436789,-74.1230335,4.675439,-74.09786225,alta,Carrera 9,Calle 134
29,CL134,KR72;KR7,4807.0,,,,4.7436789,-74.1230335,4.8144358,-74.0493124,4.77905735,-74.08617295,alta,Calle 134,Carrera 72
30,CL134,KR7;KR72,4781.0,,,,4.7436789,-74.1230335,4.5936478,-74.0779424,4.66866335,-74.10048795,alta,Calle 134,Carrera 7
32,AV.AMERICAS;CL34,KR80;KR5,10026.0,,,,4.6277014,-74.1060188,4.6597451,-74.1270662,4.643723250000001,-74.11654250000001,alta,Avenida de las Americas,Carrera 80
35,KR72,CL170;CL43AS,20262.0,,,,4.8144358,-74.0493124,4.7618336,-74.0674005,4.7881347000000005,-74.05835645,alta,Carrera 72,Calle 170
36,KR72,CL43AS;CL170,20347.0,,,,4.8144358,-74.0493124,4.6508915,-74.1391613,4.73266365,-74.09423685,alta,Carrera 72,Calle 43AS
37,CL45,KR7;KR24,1204.0,,,,4.6446546,-74.0860658,4.5936478,-74.0779424,4.6191512,-74.0820041,alta,Calle 45,Carrera 7
38,CL45,KR24;KR7,1196.0,,,,4.6446546,-74.0860658,4.5688329,-74.1482574,4.60674375,-74.1171616,alta,Calle 45,Carrera 24
39,AV.CARACAS,AV.P.MAYO;CL80,10508.0,,,,4.5088603,-74.1141166,4.6016787,-74.1200151,4.5552695,-74.11706585,alta,Avenida Caracas,Avenida Primero de Mayo
40,AV.CARACAS,CL80;AV.P.MAYO,10453.0,,,,4.5088603,-74.1141166,4.6622191,-74.0504263,4.5855397,-74.08227145000001,alta,Avenida Caracas,Calle 80
41,CL39,KR7;AV.CARACAS,362.0,,,,4.6275047,-74.0733711,4.5936478,-74.0779424,4.61057625,-74.07565675000001,alta,Calle 39,Carrera 7
42,CL39,AV.CARACAS;KR7,371.0,,,,4.6275047,-74.0733711,4.5088603,-74.1141166,4.568182500000001,-74.09374385000001,alta,Calle 39,Avenida Caracas
43,CL26,MODELIA;AV.CARACAS,8287.0,,,,4.616137,-74.0724502,4.6640157,-74.1153293,4.64007635,-74.09388975,alta,Calle 26,Modelia
44,CL26,AV.CARACAS;MODELIA,6307.0,,,,4.616137,-74.0724502,4.5088603,-74.1141166,4.56249865,-74.0932834,alta,Calle 26,Avenida Caracas
46,CL32,CL26;KR7,311.0,,,,4.6163499,-74.062121,4.616137,-74.0724502,4.616243450000001,-74.0672856,alta,Calle 32,Calle 26
47,CL63,AV.CARACAS;KR7,579.0,,,,4.6442397,-74.0535745,4.5088603,-74.1141166,4.57655,-74.08384555,alta,Calle 63,Avenida Caracas
48,CL53,KR7;KR68,3590.0,,,,4.657941,-74.0999396,4.5936478,-74.0779424,4.6257944,-74.088941,alta,Calle 53,Carrera 7
49,CL53,KR68;KR7,3622.0,,,,4.657941,-74.0999396,4.5995431,-74.1582952,4.62874205,-74.1291174,alta,Calle 53,Carrera 68
50,CL170;CL169B,KR7;AV.BOYACA,4811.0,,,,4.7618336,-74.0674005,4.5936478,-74.0779424,4.6777407,-74.07267145,alta,Calle 170,Carrera 7
51,CL169B;CL170,AV.BOYACA;KR7,7774.0,,,,4.7548265,-74.062825,4.7669207,-74.0609145,4.7608736,-74.06186975,alta,Calle 169B,Avenida Boyaca
52,CL170,KR7;KR92,6601.0,,,,4.7618336,-74.0674005,4.5936478,-74.0779424,4.6777407,-74.07267145,alta,Calle 170,Carrera 7
53,CL170,KR92;KR7,6649.0,,,,4.7618336,-74.0674005,4.7056141,-74.1058098,4.7337238500000005,-74.08660515,alta,Calle 170,Carrera 92
54,CL1,KR10;KR25,1634.0,,,,4.6229315,-74.1376573,4.6669903,-74.0504235,4.6449609,-74.0940404,alta,Calle 1,Carrera 10
55,CL1,KR25;KR10,1638.0,,,,4.6229315,-74.1376573,4.6178146,-74.083246,4.6203730499999995,-74.11045165,alta,Calle 1,Carrera 25
56,CL6,AV.CARACAS;KR42,3367.0,,,,4.6411017,-74.1570041,4.5088603,-74.1141166,4.574981,-74.13556034999999,alta,Calle 6,Avenida Caracas
57,CL6,KR42;AV.CARACAS,3394.0,,,,4.6411017,-74.1570041,4.5685164,-74.1619601,4.60480905,-74.15948209999999,alta,Calle 6,Carrera 42
58,CL13,AV.CARACAS;KR128,13471.0,,,,4.6006381,-74.0695381,4.5088603,-74.1141166,4.5547492,-74.09182735,alta,Calle 13,Avenida Caracas
59,CL13,KR128;AV.CARACAS,13470.0,,,,4.6006381,-74.0695381,4.6874422,-74.1663199,4.64404015,-74.117929,alta,Calle 13,Carrera 128
60,CL19,KR5;KR36,3133.0,,,,4.685696,-74.153199,4.549009,-74.1092113,4.6173525,-74.13120515,alta,Calle 19,Carrera 5
61,CL19,KR36;KR5,3114.0,,,,4.685696,-74.153199,4.6302195,-74.0867177,4.65795775,-74.11995834999999,alta,Calle 19,Carrera 36
64,AV.P.MAYO,KR3E;KR80,11930.0,,,,4.6016787,-74.1200151,4.6281057,-74.0592336,4.6148922,-74.08962435000001,alta,Avenida Primero de Mayo,Carrera 3E
65,AV.P.MAYO,KR80;KR3E,11946.0,,,,4.6016787,-74.1200151,4.6597451,-74.1270662,4.6307119,-74.12354065,alta,Avenida Primero de Mayo,Carrera 80
66,CL11SUR,KR6_ESTE;AV.CARACAS,2193.0,,,,4.6477331,-74.134128,4.5456225,-74.0933076,4.5966778,-74.1137178,alta,Calle 11SUR,Carrera 6_ESTE
67,CL11SUR,AV.CARACAS;KR6_ESTE,2186.0,,,,4.6477331,-74.134128,4.5088603,-74.1141166,4.5782967,-74.12412230000001,alta,Calle 11SUR,Avenida Caracas
68,AV.CIRCUNVALAR,KR7;CL51,5199.0,,,,4.6395419,-74.0593277,4.5936478,-74.0779424,4.61659485,-74.06863505,alta,Avenida Circunvalar,Carrera 7
69,AV.CIRCUNVALAR,CL51;KR7,5252.0,,,,4.6395419,-74.0593277,4.689245,-74.1283181,4.66439345,-74.09382289999999,alta,Avenida Circunvalar,Calle 51
70,KR27,CL22C;CL30SUR,6243.0,,,,4.6500831,-74.0746572,4.6222857,-74.0823251,4.636184399999999,-74.07849115,alta,Carrera 27,Calle 22C
71,KR27,CL30SUR;AV.P.MAYO,613.0,,,,4.6500831,-74.0746572,,,4.6500831,-74.0746572,media,Carrera 27,Calle 30SUR
72,CL76,KR7;KR15,804.0,,,,4.7214466,-74.1356669,4.5936478,-74.0779424,4.6575472,-74.10680465,alta,Calle 76,Carrera 7
73,KR10,CL24;CL1,5092.0,,,,4.6669903,-74.0504235,4.6157021,-74.0766157,4.6413462,-74.0635196,alta,Carrera 10,Calle 24
74,KR10,CL1;CL24,5038.0,,,,4.6669903,-74.0504235,4.6229315,-74.1376573,4.6449609,-74.0940404,alta,Carrera 10,Calle 1
75,KR86,KR91;CL57BSUR,14695.0,,,,4.616729,-74.1989096,4.6211987,-74.2131227,4.61896385,-74.20601615,alta,Carrera 86,Carrera 91
76,KR86,CL57BSUR;KR91,14858.0,,,,4.616729,-74.1989096,,,4.616729,-74.1989096,media,Carrera 86,Calle 57BSUR
77,KR68,AV.SUBA;NQS,13453.0,,,,4.5995431,-74.1582952,4.7492477,-74.1011999,4.6743954,-74.12974754999999,alta,Carrera 68,Avenida Suba
78,KR68,NQS;AV.SUBA,13395.0,,,,4.5995431,-74.1582952,4.655352,-74.077592,4.627447549999999,-74.11794359999999,alta,Carrera 68,NQS Bogota
79,AV.AMERICAS;KR80,KR86;CL55SUR,3959.0,,,,4.6277014,-74.1060188,4.616729,-74.1989096,4.6222152,-74.1524642,alta,Avenida de las Americas,Carrera 86
80,KR80,CL55SUR;CL26SUR,2865.0,,,,4.6597451,-74.1270662,,,4.6597451,-74.1270662,media,Carrera 80,Calle 55SUR
81,CL34;AV.AMERICAS,AV.CARACAS;KR86,9955.0,,,,4.6247079,-74.0789356,4.5088603,-74.1141166,4.5667841,-74.0965261,alta,Calle 34,Avenida Caracas
82,KR27;TV28,CL13;CL22C,1154.0,,,,4.6500831,-74.0746572,4.6006381,-74.0695381,4.6253606000000005,-74.07209765,alta,Carrera 27,Calle 13
83,TV28;KR27,CL22C;CL30SUR,6243.0,,,,4.6467494,-74.0744598,4.6222857,-74.0823251,4.63451755,-74.07839245,alta,Transversal 28,Calle 22C
84,KR36,AV.AMERICAS;CL6A,1989.0,,,,4.6302195,-74.0867177,4.6277014,-74.1060188,4.62896045,-74.09636825,alta,Carrera 36,Avenida de las Americas
85,KR50,CL17;CL53,2850.0,,,,4.7005815,-74.0593557,4.6135663,-74.0868864,4.6570739,-74.07312105,alta,Carrera 50,Calle 17
86,KR50,CL53;CL17,2848.0,,,,4.7005815,-74.0593557,4.657941,-74.0999396,4.67926125,-74.07964765,alta,Carrera 50,Calle 53
87,KR50,CL5A;CL33SUR,2657.0,,,,4.7005815,-74.0593557,4.6263074,-74.1185251,4.66344445,-74.0889404,alta,Carrera 50,Calle 5A
88,KR50,CL33SUR;CL5A,2726.0,,,,4.7005815,-74.0593557,,,4.7005815,-74.0593557,media,Carrera 50,Calle 33SUR
89,CL24,AV.AMERICAS;KR60,2430.0,,,,4.6157021,-74.0766157,4.6277014,-74.1060188,4.62170175,-74.09131725,alta,Calle 24,Avenida de las Americas
90,CL24,KR86;AV.AMERICAS,6223.0,,,,4.6157021,-74.0766157,4.616729,-74.1989096,4.61621555,-74.13776265,alta,Calle 24,Carrera 86
92,"KR50,TV42,TV39",CL6;CL19,2689.0,,,,4.7005815,-74.0593557,4.6411017,-74.1570041,4.6708416,-74.1081799,alta,Carrera 50,Calle 6
93,KR6,AV.P.MAYO;CL10ASUR,851.0,,,,4.5798868,-74.085187,4.6016787,-74.1200151,4.59078275,-74.10260105,alta,Carrera 6,Avenida Primero de Mayo
94,AV.SUBA,SAN.MARTIN;KR94,7861.0,,,,4.7492477,-74.1011999,4.6183674,-74.0685757,4.68380755,-74.08488779999999,alta,Avenida Suba,San Martin
95,AV.SUBA,KR94;SAN.MARTIN,7726.0,,,,4.7492477,-74.1011999,4.6243858,-74.2118462,4.68681675,-74.15652305,alta,Avenida Suba,Carrera 94
96,AV.CORDOBA,CL127;AV.SUBA,1197.0,,,,4.724428,-74.0608295,4.7285231,-74.1021337,4.72647555,-74.08148159999999,alta,Avenida Cordoba,Calle 127
97,AV.CORDOBA,AV.SUBA;CL127,1229.0,,,,4.724428,-74.0608295,4.7492477,-74.1011999,4.73683785,-74.0810147,alta,Avenida Cordoba,Avenida Suba
98,KR19,CL45;CL34,1052.0,,,,4.5868547,-74.1002759,4.6446546,-74.0860658,4.6157546499999995,-74.09317085,alta,Carrera 19,Calle 45
99,TR22,CL1;CL6,970.0,,,,4.662332,-74.0674358,4.6229315,-74.1376573,4.64263175,-74.10254655,alta,Tr22,Calle 1
100,KR24,CL63;CL80,2216.0,,,,4.5688329,-74.1482574,4.6442397,-74.0535745,4.6065363,-74.10091595,alta,Carrera 24,Calle 63
101,KR24,CL80;CL63,2212.0,,,,4.5688329,-74.1482574,4.6622191,-74.0504263,4.615526,-74.09934185,alta,Carrera 24,Calle 80
102,DIAG16,CL17;KR129,4190.0,,,,4.680946,-74.1553046,4.6135663,-74.0868864,4.64725615,-74.1210955,alta,Diagonal 16,Calle 17
103,DIAG16,KR129;CL17,4205.0,,,,4.680946,-74.1553046,4.7467405,-74.1112368,4.71384325,-74.1332707,alta,Diagonal 16,Carrera 129
104,CL80,AV.CARACAS;KR119,9642.0,,,,4.6622191,-74.0504263,4.5088603,-74.1141166,4.5855397,-74.08227145000001,alta,Calle 80,Avenida Caracas
105,CL80,KR119;AV.CARACAS,9632.0,,,,4.6622191,-74.0504263,4.7266968,-74.124293,4.69445795,-74.08735965,alta,Calle 80,Carrera 119
106,CL63,KR72;TV85,1093.0,,,,4.6442397,-74.0535745,4.8144358,-74.0493124,4.72933775,-74.05144345,alta,Calle 63,Carrera 72
107,CL63,TV85;KR72,1105.0,,,,4.6442397,-74.0535745,4.6207758,-74.1825291,4.63250775,-74.11805179999999,alta,Calle 63,Transversal 85
108,"CL72,CL68",KR86;KR58,3960.0,,,,4.7141771,-74.1295882,4.616729,-74.1989096,4.66545305,-74.16424889999999,alta,Calle 72,Carrera 86
109,"CL68,CL72",KR24;KR86,5693.0,,,,4.6748311,-74.0886247,4.5688329,-74.1482574,4.6218319999999995,-74.11844105,alta,Calle 68,Carrera 24
110,KR60,CL66C;CL24,3168.0,,,,4.6437856,-74.1034936,4.7182781,-74.1405448,4.68103185,-74.1220192,alta,Carrera 60,Calle 66C
111,KR60,CL24;CL66C,3186.0,,,,4.6437856,-74.1034936,4.6157021,-74.0766157,4.6297438500000005,-74.09005465,alta,Carrera 60,Calle 24
112,NQS,CL100;CL59SUR,19959.0,,,,4.655352,-74.077592,4.6903098,-74.0720985,4.672830899999999,-74.07484525,alta,NQS Bogota,Calle 100
113,NQS,CL59SUR;CL100,19973.0,,,,4.655352,-74.077592,,,4.655352,-74.077592,media,NQS Bogota,Calle 59SUR
114,CL68;KR60,KR24;KR60,2319.0,,,,4.6748311,-74.0886247,4.5688329,-74.1482574,4.6218319999999995,-74.11844105,alta,Calle 68,Carrera 24
115,KR60;CL68,CL66C;KR58,481.0,,,,4.6437856,-74.1034936,4.7182781,-74.1405448,4.68103185,-74.1220192,alta,Carrera 60,Calle 66C
116,"TV42,KR50",CL6;CL33SUR,3015.0,,,,4.6205644,-74.1010381,4.6411017,-74.1570041,4.63083305,-74.12902109999999,alta,Transversal 42,Calle 6
117,CL57,AV.CARACAS;TV25,837.0,,,,4.6466853,-74.0815752,4.5088603,-74.1141166,4.5777728,-74.09784590000001,alta,Calle 57,Avenida Caracas
118,CL57,TV25;AV.CARACAS,845.0,,,,4.6466853,-74.0815752,4.646337,-74.0733785,4.64651115,-74.07747685000001,alta,Calle 57,Transversal 25
119,"TV25,DIAG53,KR24",CL57;CL45,1302.0,,,,4.646337,-74.0733785,4.6466853,-74.0815752,4.64651115,-74.07747685000001,alta,Transversal 25,Calle 57
120,"KR24,TV24",CL45;CL57,1399.0,,,,4.5688329,-74.1482574,4.6446546,-74.0860658,4.60674375,-74.1171616,alta,Carrera 24,Calle 45
121,"TV85,CL64BBIS",CL63;KR86,594.0,,,,4.6207758,-74.1825291,4.6442397,-74.0535745,4.63250775,-74.11805179999999,alta,Transversal 85,Calle 63
122,"TV85,CL65BIS,KR85J",CL63;KR86,1020.0,,,,4.6207758,-74.1825291,4.6442397,-74.0535745,4.63250775,-74.11805179999999,alta,Transversal 85,Calle 63
123,AV.AMERICAS,KR86;KR74,1956.0,,,,4.6277014,-74.1060188,4.616729,-74.1989096,4.6222152,-74.1524642,alta,Avenida de las Americas,Carrera 86
124,CL66A,KR86;KR72,1412.0,,,,4.6879887,-74.1068152,4.616729,-74.1989096,4.652358850000001,-74.1528624,alta,Calle 66A,Carrera 86
125,"CL1,KR27",KR25;AV.P.MAYO,1419.0,,,,4.6229315,-74.1376573,4.6178146,-74.083246,4.6203730499999995,-74.11045165,alta,Calle 1,Carrera 25
126,"KR27,CL1",AV.P.MAYO;KR25,1321.0,,,,4.6500831,-74.0746572,4.6016787,-74.1200151,4.6258809,-74.09733615,alta,Carrera 27,Avenida Primero de Mayo
127,"CL1,CL1B",KR25;KR27,334.0,,,,4.6229315,-74.1376573,4.6178146,-74.083246,4.6203730499999995,-74.11045165,alta,Calle 1,Carrera 25
128,AV.AMERICAS,KR74;KR80,1364.0,,,,4.6277014,-74.1060188,4.7428614,-74.0697177,4.6852814,-74.08786825,alta,Avenida de las Americas,Carrera 74
129,CL43SUR,KR86;AV.P.MAYO,1637.0,,,,,,4.616729,-74.1989096,4.616729,-74.1989096,media,Calle 43SUR,Carrera 86
130,CL43SUR,AV.P.MAYO;KR86,1655.0,,,,,,4.6016787,-74.1200151,4.6016787,-74.1200151,media,Calle 43SUR,Avenida Primero de Mayo
131,"KR78K,CL41SUR",CL26SUR;AV.P.MAYO,1626.0,,,,4.6285885,-74.1491234,4.6477331,-74.134128,4.6381608,-74.14162569999999,alta,Carrera 78K,Calle 26SUR
132,"AV.P.MAYO,CL26SUR",KR72;KR78K,1555.0,,,,4.6016787,-74.1200151,4.8144358,-74.0493124,4.7080572499999995,-74.08466375,alta,Avenida Primero de Mayo,Carrera 72
133,"AV.AMERICAS,KR50",KR62;CL5A,1959.0,,,,4.6277014,-74.1060188,4.6317528,-74.1144547,4.6297271,-74.11023675,alta,Avenida de las Americas,Carrera 62
134,"KR50,AV.AMERICAS",CL5A;KR47,1158.0,,,,4.7005815,-74.0593557,4.6263074,-74.1185251,4.66344445,-74.0889404,alta,Carrera 50,Calle 5A
135,"AV.AMERICAS,KR50",KR36;CL17,1876.0,,,,4.6277014,-74.1060188,4.6302195,-74.0867177,4.62896045,-74.09636825,alta,Avenida de las Americas,Carrera 36
136,"KR50,CL13",CL17;KR56,701.0,,,,4.7005815,-74.0593557,4.6135663,-74.0868864,4.6570739,-74.07312105,alta,Carrera 50,Calle 17
137,KR15,CL106;CL100,647.0,,,,4.7434325,-74.0367267,4.6854557,-74.0363182,4.7144441,-74.03652245,alta,Carrera 15,Calle 106
138,"CL19,KR3",KR5;CL22,596.0,,,,4.685696,-74.153199,4.549009,-74.1092113,4.6173525,-74.13120515,alta,Calle 19,Carrera 5
139,KR3;CL19,CL22;KR5,535.0,,,,4.5703774,-74.0902286,4.6228614,-74.0890086,4.5966194,-74.0896186,alta,Carrera 3,Calle 22
140,CL22,KR1;KR3,558.0,,,,4.6228614,-74.0890086,4.5687675,-74.0880211,4.59581445,-74.08851485,alta,Calle 22,Carrera 1
141,AUTONORTE,CL80;SANTA.FE,10827.0,,,,4.6643373,-74.0608019,4.6622191,-74.0504263,4.6632782,-74.0556141,alta,Autopista Norte,Calle 80
142,AUTONORTE,SANTA.FE;CL80,10680.0,,,,4.6643373,-74.0608019,4.6017892,-74.0791799,4.633063249999999,-74.0699909,alta,Autopista Norte,Santa Fe
143,TV.2B.ESTE,KR11SUR;KR3E,839.0,,,,,,4.6487659,-74.134036,4.6487659,-74.134036,media,Tv 2B Este,Carrera 11SUR
144,TV.2B.ESTE,KR3E;KR11SUR,839.0,,,,,,4.6281057,-74.0592336,4.6281057,-74.0592336,media,Tv 2B Este,Carrera 3E
145,CL63,AV.CARACAS;KR24,851.0,,,,4.6442397,-74.0535745,4.5088603,-74.1141166,4.57655,-74.08384555,alta,Calle 63,Avenida Caracas
148,AV.CL59SUR,KR81A;CL59SUR,2457.0,,,,4.6025243,-74.1792353,4.6545501,-74.1363161,4.6285372,-74.1577757,alta,Avenida Calle 59 Sur,Carrera 81A
149,AV.CL59SUR,CL59SUR;KR81A,2475.0,,,,4.6025243,-74.1792353,,,4.6025243,-74.1792353,media,Avenida Calle 59 Sur,Calle 59SUR
150,CL53,KR70;CL63,1729.0,,,,4.657941,-74.0999396,4.7667937,-74.0589096,4.71236735,-74.07942460000001,alta,Calle 53,Carrera 70
151,CL53,CL63;KR70,1760.0,,,,4.657941,-74.0999396,4.6442397,-74.0535745,4.6510903500000005,-74.07675705,alta,Calle 53,Calle 63
1000045,KR11,C100;CL94,644.0,,,,4.5080589,-74.1129866,4.6533817,-74.0836331,4.580720299999999,-74.09830984999999,alta,Carrera 11,C100
1000065,CL94,KR7;KR11,564.0,,,,4.6878817,-74.0781673,4.5936478,-74.0779424,4.640764750000001,-74.07805485,alta,Calle 94,Carrera 7
1000066,CL94,KR11;KR7,562.0,,,,4.6878817,-74.0781673,4.5080589,-74.1129866,4.5979703,-74.09557695000001,alta,Calle 94,Carrera 11
1000067,CL94,KR11;KR15,527.0,,,,4.6878817,-74.0781673,4.5080589,-74.1129866,4.5979703,-74.09557695000001,alta,Calle 94,Carrera 11
1000254,CL45,KR19;KR24,374.0,,,,4.6446546,-74.0860658,4.5868547,-74.1002759,4.6157546499999995,-74.09317085,alta,Calle 45,Carrera 19
1000255,CL45,KR24;KR19,372.0,,,,4.6446546,-74.0860658,4.5688329,-74.1482574,4.60674375,-74.1171616,alta,Calle 45,Carrera 24
1000270,AV.CARACAS,CL63;CL67,498.0,,,,4.5088603,-74.1141166,4.6442397,-74.0535745,4.57655,-74.08384555,alta,Avenida Caracas,Calle 63
1000271,AV.CARACAS,CL72;CL67,604.0,,,,4.5088603,-74.1141166,4.7141771,-74.1295882,4.6115186999999995,-74.1218524,alta,Avenida Caracas,Calle 72
1000307,KR10,CL24;CL19,483.0,,,,4.6669903,-74.0504235,4.6157021,-74.0766157,4.6413462,-74.0635196,alta,Carrera 10,Calle 24
1000310,CL13,AV.CARACAS;KR22,1004.0,,,,4.6006381,-74.0695381,4.5088603,-74.1141166,4.5547492,-74.09182735,alta,Calle 13,Avenida Caracas
1000311,CL13,KR22;AV.CARACAS,1018.0,,,,4.6006381,-74.0695381,4.6134322,-74.0845167,4.60703515,-74.07702739999999,alta,Calle 13,Carrera 22
1000312,CL13,KR22;KR27,335.0,,,,4.6006381,-74.0695381,4.6134322,-74.0845167,4.60703515,-74.07702739999999,alta,Calle 13,Carrera 22
1000313,CL13,KR27;KR22,352.0,,,,4.6006381,-74.0695381,4.6500831,-74.0746572,4.6253606000000005,-74.07209765,alta,Calle 13,Carrera 27
1000671,AV.P.MAYO,KR6;KR3E,764.0,,,,4.6016787,-74.1200151,4.5798868,-74.085187,4.59078275,-74.10260105,alta,Avenida Primero de Mayo,Carrera 6
1000672,AV.P.MAYO,KR3E;KR6,760.0,,,,4.6016787,-74.1200151,4.6281057,-74.0592336,4.6148922,-74.08962435000001,alta,Avenida Primero de Mayo,Carrera 3E
1000673,AV.P.MAYO,KR3E;KR11SUR,839.0,,,,4.6016787,-74.1200151,4.6281057,-74.0592336,4.6148922,-74.08962435000001,alta,Avenida Primero de Mayo,Carrera 3E
1000680,KR27,AV.P.MAYO;CL30S,602.0,,,,4.6500831,-74.0746572,4.6016787,-74.1200151,4.6258809,-74.09733615,alta,Carrera 27,Avenida Primero de Mayo
1000681,KR27,CL30S;AV.P.MAYO,613.0,,,,4.6500831,-74.0746572,4.6477331,-74.134128,4.6489081,-74.10439260000001,alta,Carrera 27,Calle 30S
1000686,CL170,KR72;KR92,1533.0,,,,4.7618336,-74.0674005,4.8144358,-74.0493124,4.7881347000000005,-74.05835645,alta,Calle 170,Carrera 72
1000687,CL170,KR92;KR72,1585.0,,,,4.7618336,-74.0674005,4.7056141,-74.1058098,4.7337238500000005,-74.08660515,alta,Calle 170,Carrera 92
1000693,CL13,KR56;KR65,673.0,,,,4.6006381,-74.0695381,4.7308285,-74.0607664,4.6657333,-74.06515225000001,alta,Calle 13,Carrera 56
1000694,CL13,KR65;KR56,660.0,,,,4.6006381,-74.0695381,4.6243468,-74.1213336,4.6124924499999995,-74.09543585,alta,Calle 13,Carrera 65
1000695,CL13,KR65;KR68,455.0,,,,4.6006381,-74.0695381,4.6243468,-74.1213336,4.6124924499999995,-74.09543585,alta,Calle 13,Carrera 65
1000696,CL13,KR68;KR65,455.0,,,,4.6006381,-74.0695381,4.5995431,-74.1582952,4.6000906,-74.11391665,alta,Calle 13,Carrera 68
1000699,CL13,KR27;KR33,730.0,,,,4.6006381,-74.0695381,4.6500831,-74.0746572,4.6253606000000005,-74.07209765,alta,Calle 13,Carrera 27
1000703,CL13,KR33;KR27,747.0,,,,4.6006381,-74.0695381,4.613555,-74.0975035,4.60709655,-74.0835208,alta,Calle 13,Carrera 33
1000704,CL13,KR33;KR39,727.0,,,,4.6006381,-74.0695381,4.613555,-74.0975035,4.60709655,-74.0835208,alta,Calle 13,Carrera 33
1000705,CL13,KR39;KR33,744.0,,,,4.6006381,-74.0695381,4.5992502,-74.1180971,4.599944150000001,-74.0938176,alta,Calle 13,Carrera 39
1000708,CL13,KR47;KR56,911.0,,,,4.6006381,-74.0695381,4.7211467,-74.0542684,4.6608924,-74.06190325,alta,Calle 13,Carrera 47
1000747,KR68,CL13;CL3,1550.0,,,,4.5995431,-74.1582952,4.6006381,-74.0695381,4.6000906,-74.11391665,alta,Carrera 68,Calle 13
1000749,KR68,CL3;CL21SUR,1242.0,,,,4.5995431,-74.1582952,4.6267023,-74.1449167,4.6131227,-74.15160595,alta,Carrera 68,Calle 3
1000750,KR68,CL21SUR;CL3,1225.0,,,,4.5995431,-74.1582952,,,4.5995431,-74.1582952,media,Carrera 68,Calle 21SUR
1000756,AV.P.MAYO,KR69B;KR52A,1326.0,,,,4.6016787,-74.1200151,4.6139393,-74.135821,4.607809,-74.12791805,alta,Avenida Primero de Mayo,Carrera 69B
1000757,AV.P.MAYO,KR69B;KR72,646.0,,,,4.6016787,-74.1200151,4.6139393,-74.135821,4.607809,-74.12791805,alta,Avenida Primero de Mayo,Carrera 69B
1000758,AV.P.MAYO,KR72;KR69B,620.0,,,,4.6016787,-74.1200151,4.8144358,-74.0493124,4.7080572499999995,-74.08466375,alta,Avenida Primero de Mayo,Carrera 72
1000955,AV.P.MAYO,KR52A;KR69B,1329.0,,,,4.6016787,-74.1200151,4.590946,-74.1361407,4.59631235,-74.1280779,alta,Avenida Primero de Mayo,Carrera 52A
1000995,CL80,KR96;KR102,618.0,,,,4.6622191,-74.0504263,4.6276211,-74.2124987,4.6449201,-74.1314625,alta,Calle 80,Carrera 96
1000996,CL80,KR102;KR96,633.0,,,,4.6622191,-74.0504263,4.7265204,-74.1011001,4.69436975,-74.0757632,alta,Calle 80,Carrera 102
1000997,CL80,KR102;KR112A,1065.0,,,,4.6622191,-74.0504263,4.7265204,-74.1011001,4.69436975,-74.0757632,alta,Calle 80,Carrera 102
1000998,CL80,KR112A;KR102,1079.0,,,,4.6622191,-74.0504263,4.7061589,-74.1332608,4.684189,-74.09184355,alta,Calle 80,Carrera 112A
1000999,CL80,KR112A;KR119,944.0,,,,4.6622191,-74.0504263,4.7061589,-74.1332608,4.684189,-74.09184355,alta,Calle 80,Carrera 112A
1001000,CL80,KR119;KR112A,933.0,,,,4.6622191,-74.0504263,4.7266968,-74.124293,4.69445795,-74.08735965,alta,Calle 80,Carrera 119
1001008,CL63,KR72;KR77A,717.0,,,,4.6442397,-74.0535745,4.8144358,-74.0493124,4.72933775,-74.05144345,alta,Calle 63,Carrera 72
1001009,CL63,KR77A;KR72,732.0,,,,4.6442397,-74.0535745,4.5784798,-74.1787619,4.61135975,-74.1161682,alta,Calle 63,Carrera 77A
1001010,CL13,KR68;KR68D,481.0,,,,4.6006381,-74.0695381,4.5995431,-74.1582952,4.6000906,-74.11391665,alta,Calle 13,Carrera 68
1001011,CL13,KR68D;KR68,481.0,,,,4.6006381,-74.0695381,4.6564877,-74.1070554,4.6285629,-74.08829675,alta,Calle 13,Carrera 68D
1001018,KR72,CL63;CL66A,834.0,,,,4.8144358,-74.0493124,4.6442397,-74.0535745,4.72933775,-74.05144345,alta,Carrera 72,Calle 63
1001022,KR72,CL63BIS;CL53,420.0,,,,4.8144358,-74.0493124,4.6508915,-74.1391613,4.73266365,-74.09423685,alta,Carrera 72,Calle 63BIS
1001036,CL13,KR68D;KR90,3241.0,,,,4.6006381,-74.0695381,4.6564877,-74.1070554,4.6285629,-74.08829675,alta,Calle 13,Carrera 68D
1001037,CL13,KR90;KR68D,3250.0,,,,4.6006381,-74.0695381,4.6264472,-74.2004386,4.61354265,-74.13498835,alta,Calle 13,Carrera 90
1001058,AV.P.MAYO,KR73D;CL41BSUR,921.0,,,,4.6016787,-74.1200151,4.6243033,-74.1447035,4.612991,-74.1323593,alta,Avenida Primero de Mayo,Carrera 73D
1001060,AV.P.MAYO,CL41BSUR;CL43SUR,545.0,,,,4.6016787,-74.1200151,,,4.6016787,-74.1200151,media,Avenida Primero de Mayo,Calle 41BSUR
1001061,AV.P.MAYO,CL43SUR;CL41BSUR,548.0,,,,4.6016787,-74.1200151,,,4.6016787,-74.1200151,media,Avenida Primero de Mayo,Calle 43SUR
1001062,AV.P.MAYO,CL43SUR;KR80,1355.0,,,,4.6016787,-74.1200151,,,4.6016787,-74.1200151,media,Avenida Primero de Mayo,Calle 43SUR
1001063,AV.P.MAYO,KR80;CL43SUR,1395.0,,,,4.6016787,-74.1200151,4.6597451,-74.1270662,4.6307119,-74.12354065,alta,Avenida Primero de Mayo,Carrera 80
1001206,KR68,NQS;CL40SUR,709.0,,,,4.5995431,-74.1582952,4.655352,-74.077592,4.627447549999999,-74.11794359999999,alta,Carrera 68,NQS Bogota
1001708,AV.SUBA,CL136;21.ANGELES,1275.0,,,,4.7492477,-74.1011999,4.7227659,-74.0551667,4.7360068,-74.0781833,alta,Avenida Suba,Calle 136
1001709,AV.SUBA,KR94;21.ANGELES,672.0,,,,4.7492477,-74.1011999,4.6243858,-74.2118462,4.68681675,-74.15652305,alta,Avenida Suba,Carrera 94
1001718,AV.CARACAS,CL67;CL63,501.0,,,,4.5088603,-74.1141166,4.6998764,-74.1248276,4.60436835,-74.1194721,alta,Avenida Caracas,Calle 67
1001719,AV.CARACAS,CL67;CL72,599.0,,,,4.5088603,-74.1141166,4.6998764,-74.1248276,4.60436835,-74.1194721,alta,Avenida Caracas,Calle 67
1001930,"TV25,DIAG53,KR24",CL57;CL45,1302.0,,,,4.646337,-74.0733785,4.6424192,-74.0615096,4.6443781,-74.06744405,alta,Transversal 25,Calle 57
1001931,"KR24,TV24",CL45;CL57,1399.0,,,,4.5688329,-74.1482574,4.6446546,-74.0860658,4.60674375,-74.1171616,alta,Carrera 24,Calle 45
1001942,CL43SUR,KR80;AV.P.MAYO,690.0,,,,,,4.6597451,-74.1270662,4.6597451,-74.1270662,media,Calle 43SUR,Carrera 80
1001943,CL43SUR,AV.P.MAYO;KR80,707.0,,,,,,4.6016787,-74.1200151,4.6016787,-74.1200151,media,Calle 43SUR,Avenida Primero de Mayo
1001965,CL26,KR66A;CAN,457.0,,,,4.616137,-74.0724502,4.5988427,-74.1575039,4.60748985,-74.11497705,alta,Calle 26,Carrera 66A
1002014,AUTONORTE,CL127;PRADO,1121.0,,,,4.6643373,-74.0608019,4.7285231,-74.1021337,4.6964302,-74.0814678,alta,Autopista Norte,Calle 127
1002015,AUTONORTE,PRADO;CL127,1062.0,,,,4.6643373,-74.0608019,4.7410451,-74.0912642,4.7026912,-74.07603305,alta,Autopista Norte,Prado
1002016,AUTONORTE,PRADO;ALCALA,762.0,,,,4.6643373,-74.0608019,4.7410451,-74.0912642,4.7026912,-74.07603305,alta,Autopista Norte,Prado
1002017,AUTONORTE,ALCALA;PRADO,747.0,,,,4.6643373,-74.0608019,4.7141643,-74.029513,4.6892508,-74.04515745,alta,Autopista Norte,Alcala
1002030,AV.SUBA,21.ANGELES;CL136,1212.0,,,,4.7492477,-74.1011999,4.7356283,-74.0811592,4.742438,-74.09117954999999,alta,Avenida Suba,21 Angeles
1002031,AV.SUBA,21.ANGELES;KR94,665.0,,,,4.7492477,-74.1011999,4.7356283,-74.0811592,4.742438,-74.09117954999999,alta,Avenida Suba,21 Angeles
1002037,CL26,CAN;KR66A,465.0,,,,4.616137,-74.0724502,4.6345673,-74.0808657,4.625352149999999,-74.07665795,alta,Calle 26,Can
1002040,CL26,KR66A;AV.ROJAS,1396.0,,,,4.616137,-74.0724502,4.5988427,-74.1575039,4.60748985,-74.11497705,alta,Calle 26,Carrera 66A
1002041,CL26,AV.ROJAS;KR66A,1411.0,,,,4.616137,-74.0724502,4.6416323,-74.1209298,4.62888465,-74.09669,alta,Calle 26,Avenida Rojas
1002042,CL26,AV.ROJAS;NORMANDIA,995.0,,,,4.616137,-74.0724502,4.6416323,-74.1209298,4.62888465,-74.09669,alta,Calle 26,Avenida Rojas
1002043,CL26,NORMANDIA;AV.ROJAS,999.0,,,,4.616137,-74.0724502,4.6660832,-74.1068245,4.641110100000001,-74.08963735,alta,Calle 26,Normandia
1002273,AV.VILLAVICENCIO,AV.P.MAYO;CL57BSUR,1711.0,,,,4.5824943,-74.158574,4.6016787,-74.1200151,4.5920865,-74.13929455,alta,Avenida Villavicencio,Avenida Primero de Mayo
1002276,AV.VILLAVICENCIO,CL57BSUR;AV.P.MAYO,1718.0,,,,4.5824943,-74.158574,,,4.5824943,-74.158574,media,Avenida Villavicencio,Calle 57BSUR
1002282,KR70C,KR51;CL57BSUR,2249.0,,,,4.6964318,-74.076332,4.6390051,-74.0975148,4.667718450000001,-74.08692339999999,alta,Carrera 70C,Carrera 51
1002283,KR86,CL57BSUR;TV79D,2640.0,,,,4.616729,-74.1989096,,,4.616729,-74.1989096,media,Carrera 86,Calle 57BSUR
1002284,KR86,TV79D;CL57BSUR,2624.0,,,,4.616729,-74.1989096,4.6052101,-74.1971737,4.61096955,-74.19804165,alta,Carrera 86,Transversal 79D
1002285,KR68SUR,KR51;CL38,1130.0,,,,,,4.6390051,-74.0975148,4.6390051,-74.0975148,media,Carrera 68SUR,Carrera 51
1002286,KR68SUR,CL38;KR51,1122.0,,,,,,4.6260131,-74.0677644,4.6260131,-74.0677644,media,Carrera 68SUR,Calle 38
1002287,KR61SUR,CL38;CL55SUR,2028.0,,,,,,4.6260131,-74.0677644,4.6260131,-74.0677644,media,Carrera 61SUR,Calle 38
1002291,CL53,KR72;KR70,430.0,,,,4.657941,-74.0999396,4.8144358,-74.0493124,4.7361884,-74.074626,alta,Calle 53,Carrera 72
1002292,CL53,KR70;KR72,436.0,,,,4.657941,-74.0999396,4.7667937,-74.0589096,4.71236735,-74.07942460000001,alta,Calle 53,Carrera 70
1002297,KR70C,CL63SUR;KR51,1106.0,,,,4.6964318,-74.076332,4.5888307,-74.1619528,4.64263125,-74.11914239999999,alta,Carrera 70C,Calle 63SUR
