_id,Codigo_Accidente,Longitud,Latitud,Direccion,AA_Acc,MM_Acc,DD_Mes_Acc,Dia_Semana_Acc,Hora_Acc,Min_Acc,Localidad,Clase_Acc,Elemento_Choque,Tipo_Objeto_Fijo,Gravedad_Indicador_Tradicional,Con_Bicicleta,Con_Carga,Con_Embriaguez,Con_Huecos,Con_Menores,Con_Moto,Con_Peaton,Con_Persona_Mayor,Con_Rutas,Con_Tpi,Con_Tpp,Con_Velocidad,Con_Sitp,Con_Troncal,Con_Alimentador,Con_Zonal,Con_Provisional,Con_Articulado,Con_Biarticulado,Con_Padron_Dual,Con_Servicio_Especial,Con_Taxi
163801,10498633,-74.112615831,4.62824705899999,CL 9-KR 56 30,2019,Octubre,1,martes,8,30,Puente Aranda,Choque,Vehículo,N/A,Solo Daños,0,0,0,0,0,0,0,0,0,0,0,0,0,0,0,0,0,0,0,0,0,0
163802,10498634,-74.133316029,4.62971823499998,AV AVENIDA DE LAS AMERICAS-KR 71A 02,2019,Octubre,1,martes,15,5,Kennedy,Choque,Vehículo,N/A,Solo Daños,0,0,0,0,0,0,0,0,0,0,0,0,0,0,0,0,0,0,0,0,0,0
163803,10498635,-74.079575049,4.63396417199999,AC 45-KR 30 02,2019,Octubre,2,miércoles,1,40,Teusaquillo,Choque,Objeto Fijo,Objeto Fijo,Con Muertos,0,0,0,1,0,1,0,0,0,0,0,0,0,0,0,0,0,0,0,0,0,0
163804,10498636,-74.047630904,4.68512445599998,CL 100-KR 14 63,2019,Octubre,2,miércoles,9,50,Usaquén,Choque,Vehículo,N/A,Solo Daños,0,0,0,0,0,1,0,0,0,1,0,0,0,0,0,0,0,0,0,0,0,1
163806,10498638,-74.111610418,4.65467776000003,CL 24-KR 69 02,2019,Octubre,2,miércoles,8,30,Fontibón,Choque,Vehículo,N/A,Solo Daños,0,1,0,0,0,0,0,0,0,0,0,0,0,0,0,0,0,0,0,0,0,0
163807,10498639,-74.059784749,4.66766854000002,KR 19A-CL 79 81,2019,Octubre,1,martes,11,20,Chapinero,Choque,Vehículo,N/A,Solo Daños,0,1,0,0,0,0,0,1,0,0,0,0,0,0,0,0,0,0,0,0,0,0
163808,10498640,-74.119305432,4.64957504099999,KR 69B-CL 19A 47,2019,Octubre,2,miércoles,6,42,Fontibón,Choque,Vehículo,N/A,Solo Daños,0,0,0,0,0,1,0,0,0,0,0,0,0,0,0,0,0,0,0,0,0,0
163809,10498641,-74.061642734,4.66012064300003,AV AVENIDA CARACAS-CL 72A 28,2019,Octubre,1,martes,16,30,Chapinero,Choque,Vehículo,N/A,Solo Daños,0,0,0,0,0,0,0,0,0,0,0,0,0,0,0,0,0,0,0,0,0,0
163810,10498642,-74.105412885,4.651868224,CL 24C-KR 68 02,2019,Octubre,2,miércoles,10,0,Fontibón,Choque,Vehículo,N/A,Solo Daños,0,0,0,0,0,0,0,0,0,0,0,0,0,0,0,0,0,0,0,0,0,0
163811,10498643,-74.055206051,4.73573790099999,KR 54-CL 152 02,2019,Octubre,1,martes,16,53,Suba,Choque,Vehículo,N/A,Solo Daños,0,0,0,0,0,0,0,0,0,0,1,0,0,0,0,0,0,0,0,0,1,0
163812,10498644,-74.08191009,4.62570875,AK 30-CL 25 02,2019,Octubre,2,miércoles,14,14,Los Mártires,Choque,Vehículo,N/A,Solo Daños,0,0,0,0,0,0,0,0,0,0,0,0,0,0,0,0,0,0,0,0,0,0
163813,10498645,-74.086913236,4.74066003299998,CL 146A-KR 94C 02,2019,Octubre,1,martes,21,41,Suba,Choque,Vehículo,N/A,Solo Daños,0,0,0,0,0,0,0,0,0,1,0,0,0,0,0,0,0,0,0,0,0,1
163814,10498646,-74.081872794,4.69879114100002,AV AVENIDA BOYACA-CL 99 76,2019,Octubre,2,miércoles,18,4,Suba,Choque,Vehículo,N/A,Solo Daños,0,0,0,0,0,0,0,0,0,0,0,0,0,0,0,0,0,0,0,0,0,0
163815,10498647,-74.184626533,4.62253797300002,CL 57-KR 86K S 02,2019,Octubre,2,miércoles,21,14,Bosa,Choque,Vehículo,N/A,Solo Daños,0,0,0,0,0,1,0,0,0,1,0,0,0,0,0,0,0,0,0,0,0,1
163816,10498648,-74.15398849,4.65402101400002,CL 9-KR 90A 2,2019,Octubre,1,martes,22,0,Kennedy,Choque,Vehículo,N/A,Con Heridos,1,0,0,0,0,0,0,0,0,0,1,0,1,0,0,1,0,0,0,0,0,0
163817,10498649,-74.12895646,4.65466244999999,CL 18A-KR 77 2,2019,Octubre,1,martes,13,34,Fontibón,Choque,Vehículo,N/A,Con Heridos,0,0,0,0,0,1,0,0,0,0,0,0,0,0,0,0,0,0,0,0,0,0
163818,10498650,-74.100866415,4.56507435200001,KR 7A-CL 34 S 02,2019,Octubre,2,miércoles,6,0,San Cristóbal,Choque,Vehículo,N/A,Con Heridos,0,0,0,0,1,0,0,0,0,1,0,0,0,0,0,0,0,0,0,0,0,1
163819,10498651,-74.124260273,4.56069121899998,KR 12-CL 51 S 2,2019,Octubre,2,miércoles,18,50,Rafael Uribe Uribe,Choque,Vehículo,N/A,Con Heridos,1,0,0,0,0,0,0,0,0,0,0,0,0,0,0,0,0,0,0,0,0,0
163820,10498652,-74.145369741,4.59746662200001,AV AVENIDA BOYACA-CL 44C S 02,2019,Octubre,1,martes,21,30,Kennedy,Choque,Vehículo,N/A,Con Heridos,0,0,0,0,0,1,0,0,0,0,1,0,1,0,0,1,0,0,0,0,0,0
163821,10498653,-74.100005098,4.56385371900001,KR 5A-CL 34 S 02,2019,Octubre,1,martes,18,30,San Cristóbal,Choque,Vehículo,N/A,Con Heridos,0,0,0,0,0,1,0,0,0,1,0,0,0,0,0,0,0,0,0,0,0,1
163822,10498654,-74.068091961,4.69895575200002,CL 115-TR 56 2,2019,Octubre,2,miércoles,7,15,Suba,Choque,Vehículo,N/A,Con Heridos,0,0,0,0,0,1,0,0,0,0,0,0,0,0,0,0,0,0,0,0,0,0
163823,10498655,-74.137272211,4.635529878,AV AVENIDA BOYACA-CL 7C 65,2019,Octubre,1,martes,21,40,Kennedy,Choque,Vehículo,N/A,Con Heridos,0,0,0,0,0,1,0,0,0,1,0,0,0,0,0,0,0,0,0,0,0,1
163824,10498656,-74.1233916,4.62692690799997,AK 68-CL 5 2,2019,Octubre,2,miércoles,9,0,Puente Aranda,Choque,Vehículo,N/A,Con Heridos,0,0,0,0,1,1,0,0,0,0,0,0,0,0,0,0,0,0,0,0,0,0
163825,10499027,-74.082243437,4.61604365900001,DG 19A-KR 22 02,2019,Octubre,7,lunes,5,0,Los Mártires,Atropello,N/A,N/A,Con Muertos,1,0,0,0,0,0,1,1,0,0,0,0,0,0,0,0,0,0,0,0,0,0
163826,10499028,-74.037506845,4.80702285500001,KR 45-CL 232 2,2019,Octubre,6,domingo,13,30,Usaquén,Choque,Vehículo,N/A,Solo Daños,0,1,0,0,0,1,0,0,0,0,0,0,0,0,0,0,0,0,0,0,0,0
163827,10499029,-74.165378354,4.62009723599999,AV AVENIDA CIUDAD DE VILLAVICENCIO-KR 79F 36,2019,Octubre,4,viernes,11,28,Kennedy,Choque,Vehículo,N/A,Solo Daños,0,0,0,0,0,0,0,0,0,0,1,0,1,0,0,1,0,0,0,0,0,0
163828,10499030,-74.124819829,4.646638505,CL 13-KR 69F 02,2019,Octubre,5,sábado,15,20,Fontibón,Choque,Vehículo,N/A,Solo Daños,0,0,0,0,0,0,0,0,0,0,1,0,0,0,0,0,0,0,0,0,0,0
163829,10499031,-74.11219271,4.64348636800003,KR 68-CL 19 2,2019,Octubre,6,domingo,2,48,Puente Aranda,Choque,Vehículo,N/A,Solo Daños,0,0,1,0,0,0,0,0,0,1,0,0,0,0,0,0,0,0,0,0,0,1
163830,10499032,-74.069089317,4.61517962400001,KR 10-CL 28 2,2019,Octubre,4,viernes,10,45,Santa Fe,Choque,Objeto Fijo,Inmueble,Solo Daños,0,0,0,0,0,0,0,0,0,1,0,0,0,0,0,0,0,0,0,0,0,1
163831,10499033,-74.188822722,4.639656758,CL 54-KR 98 S 2,2019,Octubre,4,viernes,4,12,Bosa,Choque,Objeto Fijo,Tren,Solo Daños,0,0,0,0,0,0,0,0,0,0,0,0,0,0,0,0,0,0,0,0,0,0
163832,10499034,-74.111980126,4.66636892899999,AV AVENIDA BOYACA-CL 26 02,2019,Octubre,5,sábado,18,15,Fontibón,Choque,Vehículo,N/A,Solo Daños,0,1,0,0,0,0,0,0,0,0,0,0,0,0,0,0,0,0,0,0,0,0
163833,10499035,-74.042703759,4.77184770999997,AK 45-CL 192 2,2019,Octubre,4,viernes,7,30,Usaquén,Choque,Vehículo,N/A,Solo Daños,0,0,0,0,0,1,0,0,0,0,0,0,0,0,0,0,0,0,0,0,0,0
163834,10499036,-74.138301801,4.59435003700003,DG 45B-AK 53 S 30,2019,Octubre,6,domingo,2,30,Tunjuelito,Choque,Vehículo,N/A,Solo Daños,0,0,0,0,0,0,0,0,0,0,0,0,0,0,0,0,0,0,0,0,0,0
163835,10499037,-74.144344442,4.63089087600002,AV AVENIDA DE LAS AMERICAS-KR 76 02,2019,Octubre,5,sábado,9,0,Kennedy,Choque,Vehículo,N/A,Solo Daños,0,1,0,0,0,0,0,0,0,0,0,0,0,0,0,0,0,0,0,0,0,0
163836,10499038,-74.185174445,4.619114809,CL 58CBIS-KR 84 S 49,2019,Octubre,6,domingo,13,0,Bosa,Choque,Objeto Fijo,Baranda,Solo Daños,0,0,0,0,0,0,0,0,0,0,0,0,0,0,0,0,0,0,0,0,0,0
163837,10499039,-74.141396364,4.59413981,KR 54-CL 46 S 38,2019,Octubre,5,sábado,11,10,Tunjuelito,Choque,Vehículo,N/A,Solo Daños,0,0,0,0,0,1,0,0,0,0,0,0,0,0,0,0,0,0,0,0,0,0
163838,10499040,-74.094689496,4.69856718300002,CL 80-KR 77BBIS 2,2019,Octubre,5,sábado,4,52,Engativá,Volcamiento,N/A,N/A,Con Heridos,0,0,1,0,0,1,0,0,0,0,0,0,0,0,0,0,0,0,0,0,0,0
163839,10499041,-74.080890069,4.61197383199999,CL 19-KR 19 2,2019,Octubre,6,domingo,17,25,Los Mártires,Choque,Objeto Fijo,Vehiculo,Solo Daños,0,0,0,0,0,1,0,0,0,0,0,0,0,0,0,0,0,0,0,0,0,0
163840,10499042,-74.037568326,4.764593891,KR 16-CL 187 2,2019,Octubre,5,sábado,3,25,Usaquén,Choque,Vehículo,N/A,Solo Daños,0,0,0,0,0,0,0,0,0,1,0,0,0,0,0,0,0,0,0,0,0,1
163841,10499043,-74.15312305,4.64702046100001,KR 87B-CL 6D 02,2019,Octubre,5,sábado,17,0,Kennedy,Choque,Vehículo,N/A,Solo Daños,0,0,0,0,0,0,0,0,0,0,0,0,0,0,0,0,0,0,0,0,0,0
163842,10499044,-74.137288183,4.61619675600002,AV AVENIDA PRIMERA DE MAYO-KR 71B 02,2019,Octubre,5,sábado,10,22,Kennedy,Choque,Vehículo,N/A,Solo Daños,0,0,0,0,0,0,0,0,0,0,0,0,0,0,0,0,0,0,0,0,0,0
163843,10499045,-74.076855868,4.697634091,CL 101-KR 70G 2,2019,Octubre,6,domingo,13,0,Suba,Choque,Vehículo,N/A,Solo Daños,0,0,0,0,0,0,0,1,0,0,0,0,0,0,0,0,0,0,0,0,0,0
163844,10499046,-74.062516521,4.65558115699997,AV AVENIDA CARACAS-AC 69 2,2019,Octubre,7,lunes,3,57,Chapinero,Choque,Objeto Fijo,Vehiculo,Solo Daños,0,0,0,0,0,0,0,0,0,0,0,0,0,0,0,0,0,0,0,0,0,0
163845,10499047,-74.130864861,4.61434137499998,KR 69-CL 21A S 02,2019,Octubre,5,sábado,6,55,Kennedy,Choque,Vehículo,N/A,Solo Daños,0,0,0,0,0,0,0,0,0,0,0,0,0,0,0,0,0,0,0,0,0,0
163846,10499048,-74.055577226,4.69874941799998,AK 45-CL 115 2,2019,Octubre,5,sábado,1,48,Usaquén,Choque,Vehículo,N/A,Solo Daños,0,0,0,0,0,1,0,0,0,0,0,0,0,0,0,0,0,0,0,0,0,0
163847,10499049,-74.077085367,4.64380131299998,KR 28-CL 53B 2,2019,Octubre,7,lunes,0,30,Teusaquillo,Choque,Objeto Fijo,Vehiculo,Solo Daños,0,0,0,0,0,0,0,0,0,0,0,0,0,0,0,0,0,0,0,0,0,0
163848,10499050,N/A,N/A,KR 68-CL 2 18,2019,Octubre,6,domingo,16,50,Puente Aranda,Choque,Vehículo,N/A,Solo Daños,0,0,0,0,0,0,0,0,0,0,1,0,1,0,0,1,0,0,0,0,0,0
163849,10499421,-74.0614,4.64249999999998,KR 7D-CL 56A 2,2019,Octubre,9,miércoles,11,42,Chapinero,Choque,Vehículo,N/A,Solo Daños,0,0,0,0,0,0,0,0,0,0,1,0,1,0,0,1,0,0,0,0,0,0
163850,10499422,-74.088742641,4.68099588600001,CL 72-KR 68H 02,2019,Octubre,9,miércoles,20,0,Engativá,Choque,Vehículo,N/A,Solo Daños,0,0,0,0,0,0,0,0,0,0,1,0,1,0,0,1,0,0,0,0,0,0
163851,10499423,-74.117357547,4.57639880099998,AV AVENIDA CARACAS-CL 36 S 2,2019,Octubre,9,miércoles,22,0,Rafael Uribe Uribe,Choque,Vehículo,N/A,Solo Daños,0,0,1,0,0,1,0,0,0,0,0,0,0,0,0,0,0,0,0,0,0,0
163852,10499424,-74.121206866,4.62553901500002,CL 4D-KR 65A 2,2019,Octubre,10,jueves,18,40,Puente Aranda,Choque,Vehículo,N/A,Solo Daños,0,0,0,0,0,0,0,0,0,0,0,0,0,0,0,0,0,0,0,0,0,0
163853,10499425,-74.141257873,4.63813107999999,CL 8-KR 78 2,2019,Octubre,9,miércoles,22,30,Kennedy,Choque,Vehículo,N/A,Solo Daños,0,0,1,0,0,0,0,0,0,0,0,0,0,0,0,0,0,0,0,0,0,0
163854,10499426,-74.079335529,4.64172128199999,AK 30-CL 53 02,2019,Octubre,9,miércoles,23,50,Teusaquillo,Choque,Vehículo,N/A,Solo Daños,0,0,1,0,0,0,0,0,0,0,0,0,0,0,0,0,0,0,0,0,0,0
163856,10499428,-74.11030159,4.753635927,KR 136A-CL 144 02,2019,Octubre,10,jueves,20,40,Suba,Choque,Vehículo,N/A,Solo Daños,0,0,0,0,0,0,0,0,0,1,0,0,0,0,0,0,0,0,0,0,0,1
163857,10499429,-74.096831584,4.57346194000002,AK 10-CL 24 S 52,2019,Octubre,10,jueves,6,30,San Cristóbal,Choque,Vehículo,N/A,Con Muertos,0,0,0,0,0,1,0,0,0,0,1,1,0,0,0,0,0,0,0,0,0,0
163858,10499430,-74.056826242,4.660051678,KR 11-CL 75 2,2019,Octubre,10,jueves,19,15,Chapinero,Choque,Vehículo,N/A,Solo Daños,0,0,0,0,0,0,0,1,0,0,0,0,0,0,0,0,0,0,0,0,0,0
163859,10499431,-74.054123739,4.66549000100002,CL 81-KR 12 02,2019,Octubre,10,jueves,22,10,Chapinero,Choque,Vehículo,N/A,Solo Daños,0,0,0,0,0,0,0,0,0,1,1,0,0,0,0,0,0,0,0,0,0,0
163860,10499432,-74.054840713,4.68130731700001,CL 94-KR 30 2,2019,Octubre,10,jueves,17,0,Chapinero,Choque,Vehículo,N/A,Solo Daños,0,0,0,0,0,0,0,0,0,0,1,0,0,0,0,0,0,0,0,0,1,0
163861,10499433,-74.050347153,4.72714772500001,AK 45-CL 145 2,2019,Octubre,10,jueves,18,37,Usaquén,Choque,Vehículo,N/A,Solo Daños,0,0,0,0,0,0,0,0,0,0,0,0,0,0,0,0,0,0,0,0,0,0
163862,10499434,-74.071179762,4.60219291200002,KR 5-CL 16 47,2019,Octubre,10,jueves,14,15,Santa Fe,Choque,Vehículo,N/A,Solo Daños,0,0,0,0,0,0,0,1,0,0,1,0,0,0,0,0,0,0,0,0,1,0
163863,10499435,-74.139724559,4.68606480400001,KR 107-CL 24 10,2019,Octubre,10,jueves,22,15,Fontibón,Choque,Vehículo,N/A,Solo Daños,0,0,0,0,0,1,0,0,0,0,0,0,0,0,0,0,0,0,0,0,0,0
163864,10499436,-74.096760761,4.54778537599998,CL 49B-KR 2B SE 07,2019,Octubre,10,jueves,21,40,Rafael Uribe Uribe,Choque,Vehículo,N/A,Solo Daños,0,0,0,0,0,0,0,1,0,0,0,0,0,0,0,0,0,0,0,0,0,0
163865,10499437,-74.116427845,4.67460568000001,CL 26-KR 82 02,2019,Octubre,10,jueves,21,36,Fontibón,Choque,Vehículo,N/A,Solo Daños,0,0,0,0,0,1,0,0,0,1,0,0,0,0,0,0,0,0,0,0,0,1
163866,10499438,-74.097274018,4.70024757499999,CL 80-KR 81 2,2019,Octubre,10,jueves,16,43,Engativá,Choque,Vehículo,N/A,Solo Daños,0,1,0,0,0,0,0,0,0,1,0,0,0,0,0,0,0,0,0,0,0,1
163867,10499439,-74.083804782,4.61441019300003,CL 19-KR 22 2,2019,Octubre,10,jueves,11,44,Los Mártires,Choque,Vehículo,N/A,Solo Daños,0,0,0,0,0,0,0,0,0,0,0,0,0,0,0,0,0,0,0,0,0,0
163868,10499440,-74.056963038,4.68861676099999,KR 45-CL 102 2,2019,Octubre,10,jueves,18,54,Usaquén,Choque,Vehículo,N/A,Solo Daños,0,1,0,0,0,0,0,0,0,0,0,0,0,0,0,0,0,0,0,0,0,0
163869,10499441,-74.166068518,4.626465618,DG 42A-KR 81D S 15,2019,Octubre,10,jueves,15,34,Kennedy,Choque,Vehículo,N/A,Solo Daños,0,0,0,0,0,0,0,0,0,0,0,0,0,0,0,0,0,0,0,0,0,0
163870,10499442,-74.11469514,4.668366402,CL 25G-KR 73C 31,2019,Octubre,10,jueves,18,8,Fontibón,Choque,Vehículo,N/A,Solo Daños,0,0,0,0,0,0,0,0,0,0,0,0,0,0,0,0,0,0,0,0,0,0
163871,10499443,-74.067163587,4.66311703899999,CL 72-KR 24 2,2019,Octubre,10,jueves,12,10,Barrios Unidos,Choque,Vehículo,N/A,Solo Daños,0,0,0,0,0,0,0,0,0,1,0,0,0,0,0,0,0,0,0,0,0,1
163872,10499444,N/A,N/A,KR 78G-CL 51 56,2019,Octubre,10,jueves,10,31,Kennedy,Choque,Vehículo,N/A,Solo Daños,0,1,0,0,0,0,0,0,0,1,0,0,0,0,0,0,0,0,0,0,0,1
163873,10499812,-74.074253992,4.60709351700001,CL 19-KR 11 02,2019,Octubre,12,sábado,11,30,Santa Fe,Choque,Vehículo,N/A,Solo Daños,0,0,0,0,0,1,0,0,0,0,0,0,0,0,0,0,0,0,0,0,0,0
163874,10499813,-74.110704839,4.70872872500001,AC 80-KR 100 02,2019,Octubre,13,domingo,19,45,Engativá,Choque,Vehículo,N/A,Solo Daños,0,0,0,0,0,0,0,0,0,0,1,0,1,0,0,0,1,0,0,0,0,0
163875,10499814,-74.140285676,4.58076128800002,CL 54A-KR 31 S 2,2019,Octubre,12,sábado,12,30,Tunjuelito,Choque,Vehículo,N/A,Solo Daños,0,0,0,0,0,0,0,0,0,0,0,0,0,0,0,0,0,0,0,0,0,0
163876,10499815,-74.058813392,4.65714915400002,KR 11-CL 72 02,2019,Octubre,12,sábado,12,52,Chapinero,Choque,Vehículo,N/A,Solo Daños,1,0,0,0,0,0,0,0,0,0,0,0,0,0,0,0,0,0,0,0,0,0
163877,10499816,-74.138211335,4.55728302900002,AV AVENIDA BOYACA-CL 62 S 02,2019,Octubre,13,domingo,19,5,Ciudad Bolívar,Choque,Vehículo,N/A,Solo Daños,0,0,0,0,0,0,0,0,0,0,1,0,1,0,0,1,0,0,0,0,0,0
163878,10499817,-74.077264707,4.59033386300001,CL 6-KR 5 02,2019,Octubre,13,domingo,11,0,Santa Fe,Choque,Vehículo,N/A,Solo Daños,0,0,0,0,0,0,0,0,0,1,0,0,0,0,0,0,0,0,0,0,0,1
163879,10499818,-74.087676316,4.59999149100003,KR 18-CL 6A 2,2019,Octubre,12,sábado,14,24,Los Mártires,Choque,Vehículo,N/A,Solo Daños,0,0,0,0,0,0,0,0,0,0,0,0,0,0,0,0,0,0,0,0,0,0
163880,10499819,-74.181809682,4.63841875100002,CL 49-KR 93C S 11,2019,Octubre,12,sábado,12,50,Bosa,Choque,Vehículo,N/A,Solo Daños,0,0,0,0,0,0,0,0,0,0,0,0,0,0,0,0,0,0,0,0,0,0
163881,10499820,-74.051488353,4.69980521100001,CL 118-KR 20 2,2019,Octubre,12,sábado,23,10,Usaquén,Choque,Vehículo,N/A,Solo Daños,0,0,1,0,0,0,0,0,0,0,0,0,0,0,0,0,0,0,0,0,0,0
163882,10499821,-74.05755676,4.68375147500001,KR 45-CL 95 02,2019,Octubre,13,domingo,13,0,Barrios Unidos,Choque,Vehículo,N/A,Solo Daños,0,1,0,0,0,0,0,1,0,0,0,0,0,0,0,0,0,0,0,0,0,0
163883,10499822,-74.079467409,4.67371986799998,CL 73-KR 60 42,2019,Octubre,12,sábado,17,20,Barrios Unidos,Choque,Vehículo,N/A,Solo Daños,0,0,0,0,0,0,0,0,0,1,0,0,0,0,0,0,0,0,0,0,0,1
163884,10499823,-74.027349256,4.762813419,CL 186-KR 7 2,2019,Octubre,12,sábado,7,25,Usaquén,Choque,Vehículo,N/A,Solo Daños,0,0,0,0,0,0,0,0,0,0,0,1,0,0,0,0,0,0,0,0,0,0
163885,10499824,-74.123928011,4.583846639,DG 41A-KR 26A S 02,2019,Octubre,13,domingo,12,20,Rafael Uribe Uribe,Choque,Vehículo,N/A,Solo Daños,0,0,0,0,0,0,0,1,0,0,0,0,0,0,0,0,0,0,0,0,0,0
163886,10499825,-74.147045218,4.55822609199998,KR 19BIS-CL 66A S 2,2019,Octubre,12,sábado,19,15,Tunjuelito,Choque,Vehículo,N/A,Solo Daños,0,1,0,0,0,0,0,0,0,0,1,0,1,0,0,1,0,0,0,0,0,0
163887,10499826,-74.090260905,4.68237871500003,KR 69I-CL 71 02,2019,Octubre,12,sábado,11,25,Engativá,Choque,Vehículo,N/A,Solo Daños,0,0,0,0,0,0,0,0,0,0,0,0,0,0,0,0,0,0,0,0,0,0
163888,10499827,-74.118776116,4.58158250000002,KR 24-CL 36 S 02,2019,Octubre,13,domingo,7,35,Rafael Uribe Uribe,Choque,Vehículo,N/A,Solo Daños,0,0,0,0,0,0,0,0,0,0,0,0,0,0,0,0,0,0,0,0,0,0
163889,10499828,-74.129333834,4.59342499000002,AV AVENIDA DEL SUR-CL 44 S 2,2019,Octubre,12,sábado,15,10,Tunjuelito,Choque,Vehículo,N/A,Solo Daños,0,0,0,0,0,0,0,1,0,1,0,0,0,0,0,0,0,0,0,0,0,1
163890,10499829,-74.024509089,4.72765212399997,KR 7-CL 153 02,2019,Octubre,12,sábado,20,0,Usaquén,Choque,Vehículo,N/A,Solo Daños,0,0,0,0,0,1,0,0,0,0,0,0,0,0,0,0,0,0,0,0,0,0
163891,10499830,-74.164697622,4.596024247,AV AVENIDA DEL SUR-KR 72 2,2019,Octubre,12,sábado,14,40,Bosa,Choque,Vehículo,N/A,Solo Daños,0,0,0,0,0,0,0,0,0,0,0,0,0,0,0,0,0,0,0,0,0,0
163892,10499831,-74.112701905,4.54738129700002,CL 49B-KR 5B S 02,2019,Octubre,13,domingo,19,6,Rafael Uribe Uribe,Choque,Vehículo,N/A,Solo Daños,0,0,0,0,0,0,0,0,0,0,0,0,0,0,0,0,0,0,0,0,0,0
163893,10499832,-74.120835486,4.70952760699998,TR 106-CL 75 02,2019,Octubre,13,domingo,19,30,Engativá,Choque,Objeto Fijo,Muro,Solo Daños,0,0,0,0,0,0,0,0,0,0,0,0,0,0,0,0,0,0,0,0,0,0
163894,10499833,-74.104412303,4.60037915599997,KR 30-CL 1D 02,2019,Octubre,13,domingo,10,50,Los Mártires,Choque,Vehículo,N/A,Solo Daños,0,0,0,0,0,1,0,0,0,0,0,0,0,0,0,0,0,0,0,0,0,0
163895,10499834,-74.173630561,4.64040359799998,KR 91B-CL 42A S 02,2019,Octubre,13,domingo,20,37,Kennedy,Choque,Objeto Fijo,Tren,Solo Daños,0,1,0,0,0,0,0,0,0,0,0,0,0,0,0,0,0,0,0,0,0,0
163896,10499835,-74.139773042,4.66409690900002,CL 17-KR 90 2,2019,Octubre,12,sábado,11,3,Fontibón,Choque,Vehículo,N/A,Solo Daños,0,0,0,0,0,0,0,1,0,0,0,0,0,0,0,0,0,0,0,0,0,0
163897,10500204,-74.103598004,4.582623786,CL 22-KR 18 S 02,2019,Octubre,17,jueves,9,50,Antonio Nariño,Choque,Vehículo,N/A,Solo Daños,0,0,0,0,0,0,0,0,0,0,1,0,0,0,0,0,0,0,0,0,0,0
163898,10500205,-74.050308943,4.69689448100002,KR 19-CL 112 2,2019,Octubre,18,viernes,20,1,Usaquén,Choque,Vehículo,N/A,Solo Daños,0,0,0,0,0,1,0,1,0,0,0,0,0,0,0,0,0,0,0,0,0,0
163899,10500206,-74.032033677,4.740623997,KR 9-CL 163A 2,2019,Octubre,18,viernes,14,45,Usaquén,Choque,Vehículo,N/A,Solo Daños,1,0,0,0,0,0,0,0,0,0,0,0,0,0,0,0,0,0,0,0,0,0
163900,10500207,-74.167962872,4.630417916,AV AVENIDA CIUDAD DE CALI-AC 42 S 2,2019,Octubre,19,sábado,2,50,Kennedy,Choque,Vehículo,N/A,Solo Daños,0,0,1,0,0,0,0,0,0,1,0,0,0,0,0,0,0,0,0,0,0,1
163901,10500208,N/A,N/A,TR 80G-CL 5 02,2019,Octubre,17,jueves,9,0,Kennedy,Choque,Vehículo,N/A,Solo Daños,0,0,0,0,0,0,0,0,0,0,1,0,1,0,0,1,0,0,0,0,0,0
163902,10500209,-74.077327288,4.69003771400003,CL 96-KR 69A 2,2019,Octubre,18,viernes,21,10,Suba,Choque,Vehículo,N/A,Solo Daños,0,0,0,0,0,0,0,0,0,0,0,0,0,0,0,0,0,0,0,0,0,0
163903,10500210,-74.125579243,4.60182427199999,KR 51A-CL 31 S 70,2019,Octubre,18,viernes,14,40,Puente Aranda,Choque,Vehículo,N/A,Solo Daños,0,0,0,0,0,0,0,0,0,1,0,0,0,0,0,0,0,0,0,0,0,1
163904,10500211,-74.097684815,4.60729177100001,KR 30-CL 6 2,2019,Octubre,19,sábado,6,13,Los Mártires,Choque,Objeto Fijo,Semaforo,Solo Daños,0,1,0,0,0,0,0,1,0,1,0,0,0,0,0,0,0,0,0,0,0,1
163905,10500212,-74.120091351,4.67903399400001,CL 26-KR 86 02,2019,Octubre,18,viernes,18,2,Fontibón,Choque,Objeto Fijo,Semaforo,Solo Daños,0,0,0,0,0,0,0,0,0,0,0,0,0,0,0,0,0,0,0,0,0,0
163906,10500213,-74.03585846,4.71696446700003,CL 135C-KR 11 2,2019,Octubre,18,viernes,10,20,Usaquén,Choque,Objeto Fijo,Semoviente,Solo Daños,0,0,0,0,0,0,0,0,0,0,0,0,0,0,0,0,0,0,0,0,0,0
163907,10500214,-74.139271104,4.56085615400002,CL 61-KR 19 S 2,2019,Octubre,18,viernes,17,30,Ciudad Bolívar,Choque,Vehículo,N/A,Solo Daños,0,1,0,0,0,0,0,0,0,1,0,0,0,0,0,0,0,0,0,0,0,1
163908,10500215,-74.121327584,4.70902027,CL 73-KR 106 02,2019,Octubre,19,sábado,21,25,Engativá,Choque,Vehículo,N/A,Solo Daños,1,0,0,0,0,0,0,0,0,0,0,0,0,0,0,0,0,0,0,0,0,0
163909,10500216,-74.095843093,4.70865161799998,AV AVENIDA CIUDAD DE CALI-CL 88 71,2019,Octubre,19,sábado,6,30,Engativá,Choque,Vehículo,N/A,Solo Daños,0,0,0,0,0,0,0,0,0,0,1,0,0,0,0,0,0,0,0,0,0,0
163910,10500217,-74.089797765,4.582106963,KR 10-CL 11 S 02,2019,Octubre,19,sábado,6,0,San Cristóbal,Choque,Vehículo,N/A,Solo Daños,0,1,0,0,0,0,0,0,0,0,1,0,0,0,0,0,0,0,0,0,0,0
163911,10500218,-74.097053136,4.66928539100002,CL 63A-KR 69 2,2019,Octubre,18,viernes,9,50,Engativá,Choque,Objeto Fijo,Vehiculo,Solo Daños,0,0,0,0,0,0,0,0,0,0,0,0,0,0,0,0,0,0,0,0,0,0
163912,10500219,-74.114689683,4.68393099500003,AV AVENIDA CIUDAD DE CALI-CL 63 2,2019,Octubre,18,viernes,5,30,Engativá,Choque,Vehículo,N/A,Solo Daños,0,0,0,0,0,0,0,0,0,0,0,0,0,0,0,0,0,0,0,0,0,0
163913,10500220,-74.050530829,4.745555669,CL 163B-KR 49 2,2019,Octubre,16,miércoles,13,30,Suba,Choque,Vehículo,N/A,Con Heridos,0,0,0,0,0,0,0,1,0,0,0,0,0,0,0,0,0,0,0,0,0,0
163914,10500221,-74.052780073,4.715507457,CL 129-KR 45 02,2019,Octubre,19,sábado,20,59,Usaquén,Choque,Vehículo,N/A,Solo Daños,0,0,0,0,0,0,0,0,0,0,1,0,1,0,0,1,0,0,0,0,0,0
163915,10500222,-74.149949057,4.55756872500001,CL 68C-KR 18Y S 2,2019,Octubre,18,viernes,18,20,Ciudad Bolívar,Choque,Objeto Fijo,Vehiculo,Con Heridos,0,0,0,0,1,0,0,0,1,0,1,0,0,0,0,0,0,0,0,0,1,0
163916,10500223,-74.145486892,4.59151156500002,AV AVENIDA BOYACA-CL 50 S 02,2019,Octubre,19,sábado,13,30,Ciudad Bolívar,Choque,Vehículo,N/A,Con Heridos,0,0,0,0,0,1,0,0,0,0,1,0,1,0,0,1,0,0,0,0,0,0
163917,10500224,-74.180643986,4.59192186500002,KR 77-CL 59A S 2,2019,Octubre,19,sábado,7,0,Ciudad Bolívar,Choque,Vehículo,N/A,Con Heridos,1,0,0,0,0,1,0,0,0,0,0,0,0,0,0,0,0,0,0,0,0,0
163918,10500225,-74.045896441,4.70373198200002,CL 125-KR 17A 02,2019,Octubre,19,sábado,16,0,Usaquén,Choque,Vehículo,N/A,Con Heridos,1,0,0,0,0,0,0,0,0,0,0,0,0,0,0,0,0,0,0,0,0,0
163919,10500226,-74.0982,4.69110000000001,KR 75F-CL 72A 26,2019,Octubre,18,viernes,18,0,Engativá,Choque,Vehículo,N/A,Con Heridos,0,0,0,0,0,1,0,0,0,0,0,0,0,0,0,0,0,0,0,0,0,0
163920,10500227,-74.109164486,4.68979934200001,AV AVENIDA CIUDAD DE CALI-CL 66A 2,2019,Octubre,18,viernes,23,36,Engativá,Choque,Vehículo,N/A,Con Heridos,0,0,0,0,0,1,0,0,0,0,0,0,0,0,0,0,0,0,0,0,0,0
163921,10500228,-74.116453957,4.51511283899998,AV AVENIDA CARACAS-CL 74C S 2,2019,Octubre,20,domingo,1,28,Usme,Choque,Vehículo,N/A,Con Heridos,0,0,0,0,1,0,0,0,0,0,1,0,0,0,0,0,0,0,0,0,0,0
163922,10500602,-74.114438466,4.684195139,KR 86-CL 63 2,2019,Octubre,21,lunes,17,30,Engativá,Choque,Vehículo,N/A,Solo Daños,0,1,0,0,0,0,0,0,0,0,0,0,0,0,0,0,0,0,0,0,0,0
163923,10500603,-74.14287949,4.65309763300002,AV AVENIDA CIUDAD DE CALI-KR 12 2,2019,Octubre,22,martes,11,38,Kennedy,Choque,Vehículo,N/A,Solo Daños,0,1,0,0,0,0,0,0,0,0,0,0,0,0,0,0,0,0,0,0,0,0
163924,10500604,-74.042930992,4.70071838899997,KR 15-CL 122 2,2019,Octubre,21,lunes,15,19,Usaquén,Choque,Vehículo,N/A,Solo Daños,0,0,0,0,0,0,0,0,0,0,1,0,1,0,0,1,0,0,0,0,1,0
163925,10500605,-74.125673062,4.695669076,CL 63-KR 104 2,2019,Octubre,22,martes,7,1,Engativá,Choque,Vehículo,N/A,Solo Daños,0,0,0,0,0,1,0,0,0,0,0,0,0,0,0,0,0,0,0,0,0,0
163926,10500606,-74.119669624,4.67945253099998,CL 26-KR 86 02,2019,Octubre,22,martes,10,6,Fontibón,Choque,Vehículo,N/A,Solo Daños,0,0,0,0,0,0,0,1,0,1,0,0,0,0,0,0,0,0,0,0,0,1
163927,10500607,-74.162353625,4.596311066,AV AVENIDA CIUDAD DE VILLAVICENCIO-CL 57R S 02,2019,Octubre,22,martes,10,50,Bosa,Choque,Vehículo,N/A,Solo Daños,0,1,0,0,0,0,0,1,0,0,0,0,0,0,0,0,0,0,0,0,0,0
163928,10500608,-74.076144613,4.66378178600002,KR 30-CL 68 2,2019,Octubre,22,martes,10,45,Barrios Unidos,Choque,Vehículo,N/A,Solo Daños,0,0,0,0,0,1,0,0,0,0,0,0,0,0,0,0,0,0,0,0,0,0
163929,10500609,-74.072237887,4.72498242299997,AV AVENIDA BOYACA-CL 132 02,2019,Octubre,22,martes,6,52,Suba,Choque,Vehículo,N/A,Solo Daños,0,0,0,0,0,0,0,0,0,0,0,0,0,0,0,0,0,0,0,0,0,0
163930,10500610,-74.049879447,4.66186518000001,KR 7-CL 80 2,2019,Octubre,22,martes,14,50,Chapinero,Choque,Vehículo,N/A,Solo Daños,0,0,0,0,0,0,0,0,0,1,0,0,0,0,0,0,0,0,0,0,0,1
163931,10500611,-74.055062568,4.68117745400002,CL 94-KR 20 2,2019,Octubre,22,martes,7,12,Chapinero,Choque,Vehículo,N/A,Solo Daños,0,0,0,0,0,0,0,0,0,1,0,0,0,0,0,0,0,0,0,0,0,1
163932,10500612,-74.135854657,4.55359665600002,CL 65-KR 16C S 02,2019,Octubre,22,martes,18,0,Ciudad Bolívar,Choque,Vehículo,N/A,Solo Daños,0,0,0,0,0,0,0,0,0,0,0,0,0,0,0,0,0,0,0,0,0,0
163933,10500613,-74.110534595,4.708570947,CL 80-KR 98 2,2019,Octubre,22,martes,10,30,Engativá,Choque,Vehículo,N/A,Solo Daños,0,0,0,0,0,0,0,0,0,0,1,0,1,0,1,0,0,0,0,0,0,0
163934,10500614,-74.050394349,4.64980350399998,AV AVENIDA CIRCUNVALAR-CL 70A 63,2019,Octubre,22,martes,10,53,Chapinero,Choque,Vehículo,N/A,Solo Daños,0,0,0,0,0,0,0,1,0,0,0,0,0,0,0,0,0,0,0,0,0,0
163935,10500615,-74.097855063,4.70666987999999,AV AVENIDA CIUDAD DE CALI-AC 85 2,2019,Octubre,22,martes,14,58,Engativá,Choque,Vehículo,N/A,Solo Daños,0,0,0,0,0,0,0,0,0,0,0,0,0,0,0,0,0,0,0,0,0,0
163936,10500616,-74.070175128,4.60450401899999,CL 19-KR 5 02,2019,Octubre,22,martes,13,25,Santa Fe,Choque,Vehículo,N/A,Solo Daños,0,0,0,0,0,0,0,0,0,0,1,0,1,0,0,1,1,0,0,0,0,0
163937,10500617,-74.087097825,4.60081795500002,KR 18-CL 7 02,2019,Octubre,23,miércoles,19,48,Los Mártires,Choque,Vehículo,N/A,Solo Daños,0,0,0,0,0,0,0,0,0,0,0,0,0,0,0,0,0,0,0,0,0,0
163938,10500618,-74.071043186,4.61861475000001,AV AVENIDA CARACAS-KR 31B 2,2019,Octubre,23,miércoles,15,59,Santa Fe,Choque,Vehículo,N/A,Solo Daños,0,0,0,0,0,1,0,0,0,0,0,0,0,0,0,0,0,0,0,0,0,0
163939,10500619,-74.161551463,4.68544554800002,CL 17-KR 120 2,2019,Octubre,22,martes,21,30,Fontibón,Choque,Vehículo,N/A,Solo Daños,0,1,0,0,0,0,0,1,0,0,0,0,0,0,0,0,0,0,0,0,0,0
163940,10500620,-74.127877783,4.56058009600002,KR 12C-CL 55A S 02,2019,Octubre,23,miércoles,8,30,Ciudad Bolívar,Choque,Vehículo,N/A,Solo Daños,0,1,0,0,0,0,0,0,0,0,0,0,0,0,0,0,0,0,0,0,0,0
163941,10500621,-74.086448623,4.69134910100001,KR 70-CL 79A 2,2019,Octubre,23,miércoles,19,40,Engativá,Choque,Vehículo,N/A,Solo Daños,0,0,0,0,0,0,0,0,0,0,1,0,1,0,0,0,1,0,0,0,0,0
163942,10500622,-74.086452511,4.60671075400001,CL 12-KR 19A 02,2019,Octubre,23,miércoles,19,21,Los Mártires,Choque,Objeto Fijo,Semaforo,Solo Daños,1,0,0,0,0,0,0,0,0,0,0,0,0,0,0,0,0,0,0,0,0,0
163943,10500623,-74.075772116,4.75139705499998,DG 157-TR 77 2,2019,Octubre,23,miércoles,21,54,Suba,Choque,Vehículo,N/A,Solo Daños,0,0,0,0,0,0,0,0,0,0,0,0,0,0,0,0,0,0,0,0,0,0
163944,10500624,-74.12014362,4.63433427699999,KR 68-CL 11 2,2019,Octubre,23,miércoles,18,47,Puente Aranda,Choque,Vehículo,N/A,Solo Daños,0,0,0,0,0,1,0,1,0,0,0,0,0,0,0,0,0,0,0,0,0,0
163945,10500625,-74.049480811,4.66035939800003,CL 79B-KR 5 2,2019,Octubre,23,miércoles,18,0,Chapinero,Choque,Vehículo,N/A,Solo Daños,0,0,0,0,0,0,0,1,0,0,1,0,0,0,0,0,0,0,0,0,0,0
163946,10501010,-74.054809982,4.67102801599998,KR 15-CL 86 2,2019,Octubre,28,lunes,11,40,Chapinero,Atropello,N/A,N/A,Con Muertos,0,0,0,0,0,1,1,0,0,0,0,0,0,0,0,0,0,0,0,0,0,0
163947,10501011,-74.091746078,4.64165432700003,KR 50-CL 26 2,2019,Octubre,25,viernes,11,40,Teusaquillo,Choque,Vehículo,N/A,Solo Daños,0,0,0,0,0,0,0,0,0,1,0,0,0,0,0,0,0,0,0,0,0,1
163948,10501012,-74.048687024,4.68722666299999,CL 102-KR 16 02,2019,Octubre,25,viernes,13,30,Usaquén,Choque,Vehículo,N/A,Solo Daños,0,0,0,0,0,0,0,0,0,0,0,0,0,0,0,0,0,0,0,0,0,0
163949,10501013,-74.101623828,4.69255498299998,CL 72-KR 80 2,2019,Octubre,26,sábado,14,0,Engativá,Choque,Vehículo,N/A,Solo Daños,0,1,0,0,0,0,0,0,0,0,0,0,0,0,0,0,0,0,0,0,0,0
163950,10501014,-74.034770783,4.82038766599999,AV AVENIDA PASEO DE LOS LIBERTADORES-CL 245 02,2019,Octubre,25,viernes,14,0,Usaquén,Choque,Vehículo,N/A,Solo Daños,0,0,0,0,0,0,0,1,0,0,1,0,0,0,0,0,0,0,0,0,1,0
163951,10501015,-74.124608975,4.62434774500002,CL 3-KR 68 2,2019,Octubre,25,viernes,13,0,Puente Aranda,Volcamiento,N/A,N/A,Solo Daños,0,0,0,1,0,1,0,0,0,0,0,0,0,0,0,0,0,0,0,0,0,0
163952,10501016,-74.101623828,4.69255498299998,CL 72-KR 80 2,2019,Octubre,26,sábado,15,15,Engativá,Choque,Vehículo,N/A,Solo Daños,0,0,0,0,0,0,0,0,0,0,1,0,1,0,0,0,1,0,0,0,0,0
163953,10501017,-74.087940661,4.674470391,CL 68-KR 68 2,2019,Octubre,25,viernes,7,20,Barrios Unidos,Choque,Vehículo,N/A,Solo Daños,0,0,0,0,0,0,0,0,0,1,1,0,0,0,0,0,0,0,0,0,0,1
163954,10501018,-74.071141944,4.63825701100001,KR 19-CL 50 02,2019,Octubre,25,viernes,18,50,Teusaquillo,Choque,Vehículo,N/A,Solo Daños,0,0,0,0,0,0,0,0,0,0,0,0,0,0,0,0,0,0,0,0,0,0
163955,10501019,-74.05458158,4.70036150200002,AV AVENIDA PASEO DE LOS LIBERTADORES-CL 118 02,2019,Octubre,25,viernes,14,0,Usaquén,Choque,Vehículo,N/A,Solo Daños,0,0,0,0,0,0,0,0,0,0,0,0,0,0,0,0,0,0,0,0,0,0
163956,10501020,-74.146507604,4.686641931,KR 112B-CL 22J 2,2019,Octubre,27,domingo,20,15,Fontibón,Choque,Objeto Fijo,Semaforo,Solo Daños,0,1,0,0,0,0,0,0,0,0,0,0,0,0,0,0,0,0,0,0,0,0
163957,10501022,-74.056640638,4.65563875800001,CL 72-KR 7 71,2019,Octubre,25,viernes,13,5,Chapinero,Choque,Vehículo,N/A,Solo Daños,0,0,0,0,0,0,0,1,0,0,0,0,0,0,0,0,0,0,0,0,0,0
163958,10501023,-74.077993021,4.653928028,KR 30-CL 63B 02,2019,Octubre,25,viernes,6,40,Barrios Unidos,Choque,Vehículo,N/A,Solo Daños,0,0,0,0,0,0,0,1,0,1,0,0,0,0,0,0,0,0,0,0,0,1
163959,10501024,-74.11091881,4.70203313000002,CL 73A-KR 94 2,2019,Octubre,27,domingo,10,15,Engativá,Choque,Semoviente,N/A,Solo Daños,0,0,0,0,0,0,0,0,0,0,0,0,0,0,0,0,0,0,0,0,0,0
163960,10501025,-74.029071745,4.71170092199998,KR 7-CL 134 2,2019,Octubre,25,viernes,7,36,Usaquén,Choque,Vehículo,N/A,Solo Daños,0,0,0,0,0,0,0,0,0,0,1,0,0,0,0,0,0,0,0,0,0,0
163961,10501026,-74.144720089,4.67266741100002,KR 99-CL 17A 02,2019,Octubre,25,viernes,8,0,Fontibón,Choque,Vehículo,N/A,Solo Daños,0,0,0,0,0,0,0,0,0,0,1,0,1,0,0,0,1,0,0,0,0,0
163962,10501027,-74.105146382,4.66970762800003,CL 53-KR 71 2,2019,Octubre,27,domingo,10,50,Engativá,Choque,Vehículo,N/A,Solo Daños,0,0,0,0,0,0,0,0,0,0,1,0,1,0,0,1,0,0,0,0,0,0
163963,10501028,-74.024165881,4.72955300500001,KR 7-CL 155 2,2019,Octubre,25,viernes,9,54,Usaquén,Choque,Vehículo,N/A,Solo Daños,0,0,0,0,0,0,0,0,0,0,1,0,1,0,0,1,0,0,0,0,0,0
163964,10501029,-74.128513981,4.61078186899999,AK 68-CL 23 S 62,2019,Octubre,26,sábado,12,0,Puente Aranda,Choque,Vehículo,N/A,Solo Daños,1,0,0,0,0,0,0,0,0,0,1,0,1,0,0,1,0,0,0,0,0,0
163965,10501030,-74.10279181,4.584567075,TR 21A-CL 19 S 2,2019,Octubre,27,domingo,15,40,Antonio Nariño,Choque,Vehículo,N/A,Solo Daños,0,0,0,0,0,0,0,0,0,0,0,0,0,0,0,0,0,0,0,0,0,0
163966,10501031,-74.176458842,4.613008777,KR 80-CL 57A S 28,2019,Octubre,25,viernes,6,35,Kennedy,Choque,Vehículo,N/A,Solo Daños,0,0,0,0,0,0,0,0,0,0,1,0,1,0,0,1,0,0,0,0,0,0
163967,10501032,-74.039474242,4.79165761299998,AV AVENIDA PASEO DE LOS LIBERTADORES-CL 215 02,2019,Octubre,26,sábado,6,45,Usaquén,Choque,Vehículo,N/A,Solo Daños,0,0,0,0,0,0,0,1,0,0,0,0,0,0,0,0,0,0,0,0,0,0
163968,10501033,-74.147256278,4.63450859199997,CL 6C-KR 78C 87,2019,Octubre,25,viernes,13,2,Kennedy,Choque,Vehículo,N/A,Solo Daños,0,0,0,0,0,0,0,0,0,0,1,0,1,0,0,1,0,0,0,0,1,0
163969,10501034,N/A,N/A,KR 86-CL 64 2,2019,Octubre,27,domingo,15,0,Engativá,Choque,Vehículo,N/A,Solo Daños,0,1,0,0,0,0,0,0,0,0,0,0,0,0,0,0,0,0,0,0,0,0
163970,10501035,-74.106810725,4.657856391,CL 26-KR 69 02,2019,Octubre,26,sábado,15,40,Fontibón,Choque,Vehículo,N/A,Solo Daños,0,0,0,0,0,0,0,1,0,1,1,0,0,0,0,0,0,0,0,0,1,1
163971,10501409,-74.163696543,4.64550088599998,CL 2-KR 90A 02,2019,Octubre,29,martes,23,38,Kennedy,Choque,Vehículo,N/A,Con Heridos,1,0,0,0,0,0,0,1,0,0,0,0,0,0,0,0,0,0,0,0,0,0
163972,10501410,-74.140187246,4.61666702899998,KR 72-CL 34 S 02,2019,Octubre,31,jueves,18,16,Kennedy,Choque,Vehículo,N/A,Con Heridos,0,0,0,0,0,1,0,0,0,0,0,0,0,0,0,0,0,0,0,0,0,0
163973,10501411,-74.164656823,4.59603638200002,AV AVENIDA DEL SUR-KR 72 2,2019,Octubre,30,miércoles,16,30,Bosa,Choque,Vehículo,N/A,Con Heridos,0,0,0,0,0,0,0,0,0,0,1,0,1,0,0,1,0,0,0,0,0,0
163974,10501412,-74.084767097,4.66742412600001,KR 60-CL 66 02,2019,Octubre,31,jueves,7,40,Barrios Unidos,Choque,Vehículo,N/A,Con Heridos,0,0,0,0,0,1,0,0,0,0,0,0,0,0,0,0,0,0,0,0,0,0
163975,10501413,-74.124090617,4.62907009399999,AV AVENIDA DE LAS AMERICAS-KR 68A 02,2019,Octubre,31,jueves,13,40,Kennedy,Choque,Vehículo,N/A,Con Heridos,1,0,0,0,0,0,0,0,0,0,0,0,0,0,0,0,0,0,0,0,0,0
163976,10501414,-74.140995519,4.56238041900002,DG 62-KR 19C S 02,2019,Octubre,31,jueves,6,0,Ciudad Bolívar,Choque,Vehículo,N/A,Con Heridos,1,0,0,0,0,0,0,0,0,0,0,0,0,0,0,0,0,0,0,0,0,0
163977,10501415,-74.091,4.55079999999998,KR 6-CL 39A ES 02,2019,Octubre,31,jueves,16,38,San Cristóbal,Choque,Objeto Fijo,Semaforo,Con Heridos,0,0,0,0,0,1,0,0,0,0,0,0,0,0,0,0,0,0,0,0,0,0
163978,10501416,-74.137260834,4.583368302,CL 52A-KR 32 S 02,2019,Octubre,31,jueves,5,30,Tunjuelito,Choque,Vehículo,N/A,Con Heridos,0,0,0,0,0,1,0,0,0,0,0,0,0,0,0,0,0,0,0,0,0,0
163979,10501418,-74.14701883,4.64926994199999,KR 86-CL 10 02,2019,Octubre,31,jueves,18,10,Kennedy,Choque,Vehículo,N/A,Con Heridos,1,0,0,0,0,1,0,0,0,0,0,0,0,0,0,0,0,0,0,0,0,0
163980,10501419,-74.081334276,4.70218180799998,KR 72-CL 116A 2,2019,Octubre,30,miércoles,13,0,Suba,Choque,Vehículo,N/A,Con Heridos,1,0,0,0,0,0,0,1,0,0,1,0,0,0,0,0,0,0,0,0,0,0
163981,10501420,-74.096596238,4.56237169799999,CL 32-KR 3C S 02,2019,Octubre,31,jueves,12,29,San Cristóbal,Atropello,N/A,N/A,Con Heridos,0,0,0,0,0,1,1,1,0,0,0,0,0,0,0,0,0,0,0,0,0,0
163982,10501421,-74.089529149,4.69573941700003,CL 80-KR 72 02,2019,Octubre,31,jueves,22,40,Engativá,Volcamiento,N/A,N/A,Con Heridos,1,0,1,0,0,0,0,0,0,0,0,0,0,0,0,0,0,0,0,0,0,0
163983,10501422,-74.202873611,4.6290305,CL 73-KR 94 S 02,2019,Octubre,31,jueves,11,24,Bosa,Atropello,N/A,N/A,Con Heridos,1,0,0,0,0,0,1,1,0,0,0,0,0,0,0,0,0,0,0,0,0,0
163984,10501423,-74.12139926,4.70601927799999,KR 105F-CL 70DBISA 02,2019,Octubre,31,jueves,15,30,Engativá,Atropello,N/A,N/A,Con Heridos,0,0,0,0,1,0,1,0,0,0,0,0,0,0,0,0,0,0,0,0,0,0
163985,10501425,-74.086055227,4.50122450100002,KR 15-CL 89D ES 02,2019,Octubre,31,jueves,18,10,San Cristóbal,Atropello,N/A,N/A,Con Heridos,0,0,0,0,1,0,1,0,0,1,0,0,0,0,0,0,0,0,0,0,0,1
163986,10501426,-74.089350506,4.611964839,CL 13-KR 27 2,2019,Octubre,30,miércoles,16,0,Los Mártires,Atropello,N/A,N/A,Con Heridos,0,0,0,0,0,0,1,1,0,1,0,0,0,0,0,0,0,0,0,0,0,1
163987,10501427,-74.044657717,4.732991997,KR 19-CL 150 55,2019,Octubre,31,jueves,13,20,Usaquén,Choque,Vehículo,N/A,Con Muertos,0,0,0,0,0,0,0,0,0,0,1,0,1,0,0,0,1,0,0,0,0,0
163988,10501428,N/A,N/A,KR 74F-CL 12B 51,2019,Octubre,31,jueves,10,30,Kennedy,Atropello,N/A,N/A,Con Heridos,0,0,0,0,0,0,1,1,0,0,0,0,0,0,0,0,0,0,0,0,0,0
163989,10501429,-74.064998643,4.64061235999998,KR 13-CL 53 57,2019,Octubre,31,jueves,15,53,Chapinero,Atropello,N/A,N/A,Con Heridos,0,0,0,0,0,1,1,0,0,0,0,0,0,0,0,0,0,0,0,0,0,0
163990,10501430,-74.1887,4.62139999999999,KR 87H-CL 60 S 2,2019,Octubre,30,miércoles,15,53,Bosa,Choque,Vehículo,N/A,Con Heridos,1,0,0,0,0,0,0,1,0,0,1,0,0,0,0,0,0,0,0,0,0,0
163991,10501431,-74.110738001,4.54378106000001,CL 50-KR 3 S 02,2019,Octubre,31,jueves,12,45,Rafael Uribe Uribe,Atropello,N/A,N/A,Con Heridos,0,1,0,0,1,0,1,0,0,0,0,0,0,0,0,0,0,0,0,0,0,0
163992,10501432,-74.064348539,4.675850492,KR 30-CL 86A 02,2019,Octubre,30,miércoles,9,15,Barrios Unidos,Choque,Vehículo,N/A,Solo Daños,0,1,0,0,0,0,0,0,0,0,0,0,0,0,0,0,0,0,0,0,0,0
163993,10501433,-74.092246262,4.558077965,KR 3-CL 36BIS S 02,2019,Octubre,31,jueves,14,30,San Cristóbal,Atropello,N/A,N/A,Con Heridos,0,0,0,0,0,0,1,1,0,0,0,0,0,0,0,0,0,0,0,0,0,0
163994,10501434,-74.15570545,4.63991848000001,KR 86-CL 6 02,2019,Octubre,30,miércoles,11,30,Kennedy,Choque,Vehículo,N/A,Solo Daños,0,1,0,0,0,0,0,0,0,0,1,0,1,0,0,1,0,0,0,0,0,0
163995,10501435,-74.076376509,4.60247004500002,KR 10-CL 14 2,2019,Octubre,30,miércoles,14,31,Santa Fe,Caida de ocupante,N/A,N/A,Con Heridos,0,0,0,0,0,0,0,1,0,0,1,0,0,0,0,0,0,0,0,0,0,0
164004,10501810,-74.098874599,4.55923204800001,CL 36F-KR 3B S 2,2019,Octubre,31,jueves,14,30,San Cristóbal,Choque,Vehículo,N/A,Solo Daños,0,0,0,0,0,0,0,0,0,0,1,0,1,0,0,1,0,0,0,0,0,0
164190,10498657,-74.160814504,4.63648284200002,AV AVENIDA CIUDAD DE CALI-CL 34 S 02,2019,Octubre,2,miércoles,6,29,Kennedy,Choque,Vehículo,N/A,Con Heridos,1,0,0,0,0,1,0,0,0,0,0,0,0,0,0,0,0,0,0,0,0,0
164191,10498658,-74.119134019,4.60639859700001,KR 50-CL 16 S 2,2019,Octubre,2,miércoles,19,50,Puente Aranda,Choque,Vehículo,N/A,Con Heridos,1,0,0,0,0,0,0,0,0,0,0,0,0,0,0,0,0,0,0,0,0,0
164192,10498659,-74.154505827,4.57536294499999,AV AVENIDA CIUDAD DE VILLAVICENCIO-KR 46 02,2019,Octubre,1,martes,17,30,Ciudad Bolívar,Choque,Vehículo,N/A,Con Heridos,0,0,0,0,0,1,0,0,0,0,0,0,0,0,0,0,0,0,0,0,0,0
164193,10498660,-74.170586397,4.62835879699998,AV AVENIDA CIUDAD DE CALI-CL 43 S 02,2019,Octubre,2,miércoles,22,35,Kennedy,Choque,Vehículo,N/A,Con Heridos,0,0,0,0,0,1,0,0,0,0,0,0,0,0,0,0,0,0,0,0,0,0
164194,10498661,-74.093829108,4.68058856200003,KR 70-CL 69 2,2019,Octubre,2,miércoles,21,59,Engativá,Choque,Vehículo,N/A,Con Heridos,1,0,0,0,0,0,0,0,0,1,0,0,0,0,0,0,0,0,0,0,0,1
164195,10498662,-74.062873205,4.66638455200001,CL 77-KR 20C 67,2019,Octubre,2,miércoles,8,23,Barrios Unidos,Choque,Vehículo,N/A,Con Heridos,1,0,0,0,0,0,0,0,0,1,0,0,0,0,0,0,0,0,0,0,0,1
164196,10498663,-74.1027,4.50319999999999,KR 5A-CL 88B ES 02,2019,Octubre,1,martes,16,30,Usme,Choque,Vehículo,N/A,Con Heridos,0,0,0,0,0,1,0,0,0,0,0,0,0,0,0,0,0,0,0,0,0,0
164197,10498664,-74.15333435,4.6359372,AV AVENIDA DE LAS AMERICAS-KR 80G 2,2019,Octubre,2,miércoles,6,10,Kennedy,Choque,Vehículo,N/A,Con Heridos,0,1,0,0,0,1,0,0,0,0,0,0,0,0,0,0,0,0,0,0,0,0
164198,10498665,-74.100525796,4.50921346500002,CL 81C-KR 7 SE 02,2019,Octubre,2,miércoles,7,0,Usme,Choque,Vehículo,N/A,Con Heridos,0,0,0,0,0,1,0,0,0,0,0,0,0,0,0,0,0,0,0,0,0,0
164199,10498666,-74.161774894,4.593471502,AV AVENIDA CUIDAD DE VILLAVICENCIO-KR 70K 02,2019,Octubre,1,martes,4,0,Ciudad Bolívar,Choque,Vehículo,N/A,Con Heridos,0,0,0,0,0,1,0,0,0,1,0,0,0,0,0,0,0,0,0,0,0,1
164200,10498667,-74.090080579,4.68246254500002,CL 72-KR 69I 2,2019,Octubre,2,miércoles,7,49,Engativá,Caida de ocupante,N/A,N/A,Con Heridos,0,0,0,0,0,0,0,1,0,0,1,0,0,0,0,0,0,0,0,0,0,0
164201,10498668,-74.131632063,4.64459705399997,AV AVENIDA BOYACA-CL 12 02,2019,Octubre,2,miércoles,7,12,Kennedy,Choque,Vehículo,N/A,Con Heridos,0,0,0,0,0,1,0,0,0,0,0,0,0,0,0,0,0,0,0,0,0,0
164202,10498669,-74.136087919,4.70431147800002,CL 64-KR 112B 2,2019,Octubre,1,martes,12,30,Engativá,Otro,N/A,N/A,Con Heridos,0,1,0,0,1,0,1,0,0,0,0,0,0,0,0,0,0,0,0,0,0,0
164203,10498670,-74.033222845,4.75857908099999,CL 181C-KR 11 02,2019,Octubre,1,martes,12,7,Usaquén,Choque,Vehículo,N/A,Con Heridos,0,0,0,0,0,1,0,0,0,0,0,0,0,0,0,0,0,0,0,0,0,0
164204,10498671,-74.072453542,4.66865857400001,AK 30-CL 73 53,2019,Octubre,2,miércoles,20,50,Barrios Unidos,Choque,Vehículo,N/A,Con Heridos,0,0,0,0,0,1,0,0,0,0,0,0,0,0,0,0,0,0,0,0,0,0
164205,10498672,-74.13144462,4.59389624099998,AV AVENIDA DEL SUR-KR 51 02,2019,Octubre,1,martes,20,15,Puente Aranda,Choque,Vehículo,N/A,Con Heridos,0,0,0,0,0,1,0,0,0,0,0,0,0,0,0,0,0,0,0,0,0,0
164206,10498673,-74.127719654,4.65044547600002,CL 13-KR 72 2,2019,Octubre,1,martes,14,50,Fontibón,Volcamiento,N/A,N/A,Con Heridos,0,0,0,0,0,1,0,0,0,0,1,0,0,0,0,0,0,0,0,0,0,0
164207,10498674,-74.105642374,4.69385850899999,CL 71-KR 84BIS 02,2019,Octubre,1,martes,16,15,Engativá,Atropello,N/A,N/A,Con Heridos,0,0,0,0,0,0,1,0,0,0,0,0,0,0,0,0,0,0,0,0,0,0
164208,10498675,-74.093760231,4.68605667999998,CL 72-KR 71A 2,2019,Octubre,1,martes,13,20,Engativá,Atropello,N/A,N/A,Con Heridos,0,0,0,0,0,0,1,1,0,0,1,0,1,0,0,1,0,0,0,0,0,0
164209,10498676,-74.0871252,4.64539250399997,KR 50-CL 45 02,2019,Octubre,1,martes,15,51,Teusaquillo,Choque,Vehículo,N/A,Con Heridos,0,0,0,0,0,1,0,0,0,0,0,0,0,0,0,0,0,0,0,0,0,0
164210,10498677,-74.054714914,4.69965746299999,KR 45-CL 116 02,2019,Octubre,2,miércoles,23,30,Usaquén,Volcamiento,N/A,N/A,Con Heridos,0,0,0,0,0,1,0,0,0,0,0,0,0,0,0,0,0,0,0,0,0,0
164211,10498678,-74.106712459,4.70104499299998,CL 75-KR 89B 2,2019,Octubre,1,martes,17,50,Engativá,Atropello,N/A,N/A,Con Heridos,0,0,0,0,0,1,1,0,0,0,0,1,0,0,0,0,0,0,0,0,0,0
164212,10498679,-74.122628407,4.62893549199998,AV AVENIDA DE LAS AMERICAS-KR 68 02,2019,Octubre,1,martes,13,36,Kennedy,Atropello,N/A,N/A,Con Heridos,0,0,0,0,0,1,1,0,0,1,0,0,0,0,0,0,0,0,0,0,0,1
164213,10498680,-74.069696653,4.62216103999998,AV AVENIDA CARACAS-CL 34 02,2019,Octubre,2,miércoles,18,30,Teusaquillo,Otro,N/A,N/A,Con Heridos,0,0,0,0,0,0,0,0,0,0,1,0,1,1,0,0,0,1,0,0,0,0
164214,10499051,-74.092161803,4.68647800799999,CL 72C-KR 70F 12,2019,Octubre,5,sábado,17,1,Engativá,Choque,Vehículo,N/A,Solo Daños,0,0,0,0,0,0,0,1,0,0,0,0,0,0,0,0,0,0,0,0,0,0
164215,10499052,-74.169192127,4.62013536699999,CL 47-KR 80C S 07,2019,Octubre,5,sábado,1,35,Kennedy,Choque,Vehículo,N/A,Solo Daños,0,0,0,0,0,0,0,0,0,0,0,0,0,0,0,0,0,0,0,0,0,0
164216,10499053,-74.10238852,4.69229358600001,CL 71B-KR 80A 02,2019,Octubre,5,sábado,16,10,Engativá,Choque,Vehículo,N/A,Solo Daños,0,1,0,0,0,0,0,0,0,0,0,0,0,0,0,0,0,0,0,0,0,0
164217,10499054,-74.103594172,4.70417983900001,CL 80-KR 89A 2,2019,Octubre,5,sábado,0,30,Engativá,Choque,Vehículo,N/A,Solo Daños,0,0,0,0,0,0,0,0,0,1,0,0,0,0,0,0,0,0,0,0,0,1
164218,10499055,-74.111913046,4.71320730899998,KR 102-CL 81A 02,2019,Octubre,5,sábado,15,49,Engativá,Choque,Vehículo,N/A,Solo Daños,0,0,0,0,0,0,0,0,0,0,1,0,0,0,0,0,0,0,0,0,0,0
164219,10499056,-74.062780144,4.66836188600001,AC 80-KR 23 2,2019,Octubre,6,domingo,12,10,Barrios Unidos,Choque,Vehículo,N/A,Solo Daños,0,0,0,0,0,0,0,0,0,0,0,0,0,0,0,0,0,0,0,0,0,0
164220,10499057,-74.128416024,4.56184467399999,CL 55A-KR 13 S 02,2019,Octubre,6,domingo,15,5,Tunjuelito,Choque,Vehículo,N/A,Con Heridos,0,0,0,0,0,1,0,0,0,0,0,0,0,0,0,0,0,0,0,0,0,0
164221,10499058,-74.13763832,4.68172303400002,CL 23G-KR 103 2,2019,Octubre,6,domingo,22,0,Fontibón,Choque,Vehículo,N/A,Con Heridos,0,0,0,0,0,1,0,0,0,0,0,0,0,0,0,0,0,0,0,0,0,0
164222,10499059,-74.150493686,4.59534874899998,AV AVENIDA DEL SUR-CL 62C 78,2019,Octubre,6,domingo,13,10,Tunjuelito,Choque,Vehículo,N/A,Con Heridos,0,0,0,0,0,0,0,0,0,0,1,0,0,0,0,0,0,0,0,0,0,0
164223,10499060,-74.080855539,4.59221945100001,CL 6-KR 8 2,2019,Octubre,5,sábado,0,40,Candelaria,Choque,Objeto Fijo,Inmueble,Solo Daños,0,0,0,0,0,0,0,0,0,1,0,0,0,0,0,0,0,0,0,0,0,1
164224,10499061,-74.126560356,4.60695169299998,CL 26-KR 52A S 58,2019,Octubre,5,sábado,20,45,Puente Aranda,Choque,Vehículo,N/A,Con Heridos,0,0,0,0,0,0,0,0,0,0,1,0,1,0,0,1,1,0,0,0,0,0
164225,10499062,-74.113661762,4.59312886499998,CL 28-KR 29D S 2,2019,Octubre,7,lunes,12,30,Antonio Nariño,Choque,Vehículo,N/A,Con Heridos,0,0,0,0,1,1,0,1,0,0,0,0,0,0,0,0,0,0,0,0,0,0
164226,10499063,-74.061535324,4.637383441,TR 3-CL 51A 46,2019,Octubre,6,domingo,15,53,Chapinero,Choque,Vehículo,N/A,Con Heridos,0,0,0,0,0,1,0,0,0,0,0,0,0,0,0,0,0,0,0,0,0,0
164227,10499064,-74.11007106,4.58711034999999,CL 26-KR 26 S 2,2019,Octubre,5,sábado,19,36,Rafael Uribe Uribe,Choque,Vehículo,N/A,Con Heridos,0,1,0,0,0,1,0,0,0,0,0,0,0,0,0,0,0,0,0,0,0,0
164228,10499065,-74.073055511,4.64397646499998,KR 24-CL 53D 2,2019,Octubre,7,lunes,9,20,Teusaquillo,Choque,Vehículo,N/A,Con Heridos,0,0,0,0,0,1,0,1,0,0,0,0,0,0,0,0,0,0,0,0,0,0
164229,10499066,-74.113920339,4.54902356299999,CL 49B-KR 5F S 02,2019,Octubre,7,lunes,6,45,Rafael Uribe Uribe,Choque,Vehículo,N/A,Con Heridos,1,1,0,0,0,0,0,0,0,0,0,0,0,0,0,0,0,0,0,0,0,0
164230,10499067,-74.114921941,4.63442966500003,CL 13-KR 65 02,2019,Octubre,7,lunes,14,15,Puente Aranda,Choque,Vehículo,N/A,Con Heridos,1,0,0,0,0,1,0,0,0,0,0,0,0,0,0,0,0,0,0,0,0,0
164231,10499068,-74.146506619,4.68248702199998,CL 22-KR 109A 2,2019,Octubre,6,domingo,19,45,Fontibón,Choque,Vehículo,N/A,Con Heridos,0,0,0,0,0,1,0,1,0,0,0,0,0,0,0,0,0,0,0,0,0,0
164232,10499069,-74.124749606,4.725712757,CL 80-KR 117 2,2019,Octubre,6,domingo,8,10,Engativá,Choque,Vehículo,N/A,Con Heridos,1,0,0,0,0,0,0,0,0,1,0,0,0,0,0,0,0,0,0,0,0,1
164233,10499070,-74.089893154,4.59145713800001,AV AVENIDA CARACAS-DG 1BIS S 2,2019,Octubre,7,lunes,19,38,Antonio Nariño,Choque,Vehículo,N/A,Con Heridos,1,0,0,0,0,0,0,0,0,0,1,0,1,0,0,1,0,0,0,0,0,0
164234,10499071,-74.118355576,4.52532378199999,KR 14-CL 69 S 46,2019,Octubre,7,lunes,9,30,Usme,Choque,Vehículo,N/A,Con Heridos,0,0,0,0,0,0,0,1,0,0,1,0,1,0,0,1,0,0,0,0,0,0
164235,10499072,-74.139957105,4.61884674200002,AV AVENIDA PRIMERO DE MAYO-KR 72C 2,2019,Octubre,7,lunes,7,50,Kennedy,Choque,Vehículo,N/A,Con Heridos,1,0,0,0,0,0,0,1,0,0,1,0,1,0,0,1,0,0,0,0,0,0
164236,10499073,-74.118818686,4.58905125699999,KR 27-CL 35 S 2,2019,Octubre,7,lunes,7,30,Antonio Nariño,Choque,Vehículo,N/A,Con Heridos,1,0,0,0,0,1,0,1,0,0,0,0,0,0,0,0,0,0,0,0,0,0
164237,10499074,-74.118364416,4.52563385299999,AV AVENIDA CARACAS-CL 69 S 2,2019,Octubre,7,lunes,5,45,Usme,Choque,Vehículo,N/A,Con Heridos,1,0,0,0,0,0,0,0,0,1,0,0,0,0,0,0,0,0,0,0,0,1
164238,10499445,-74.109597105,4.69010856699998,CL 66A-KR 86A 2,2019,Octubre,10,jueves,9,35,Engativá,Choque,Vehículo,N/A,Solo Daños,0,0,0,0,0,1,0,0,0,0,1,0,0,0,0,0,0,0,0,0,1,0
164239,10499446,-74.118413055,4.68859429499997,CL 63-KR 93 02,2019,Octubre,10,jueves,20,14,Engativá,Choque,Vehículo,N/A,Solo Daños,0,0,0,0,0,0,0,1,0,0,1,0,1,0,1,0,0,0,0,0,0,0
164240,10499447,-74.069038368,4.64235504300001,KR 17-CL 54 2,2019,Octubre,10,jueves,14,20,Teusaquillo,Choque,Vehículo,N/A,Solo Daños,0,0,0,0,0,0,0,0,0,0,0,0,0,0,0,0,0,0,0,0,0,0
164241,10499448,-74.056990149,4.64575509999997,KR 3-CL 63F 2,2019,Octubre,10,jueves,13,30,Barrios Unidos,Choque,Vehículo,N/A,Solo Daños,0,0,0,0,0,0,0,0,0,0,0,0,0,0,0,0,0,0,0,0,0,0
164242,10499449,-74.055405433,4.69536033100002,AV AVENIDA PASEO DE LOS LIBERTADORES-CL 108 02,2019,Octubre,10,jueves,12,20,Usaquén,Choque,Vehículo,N/A,Solo Daños,0,0,0,0,0,0,0,0,0,0,0,0,0,0,0,0,0,0,0,0,0,0
164243,10499450,-74.154844181,4.59660150799999,AV AVENIDA DEL SUR-KR 64 05,2019,Octubre,10,jueves,6,50,Bosa,Choque,Vehículo,N/A,Solo Daños,0,0,0,0,0,0,0,0,0,0,1,0,0,0,0,0,0,0,0,0,0,0
164244,10499451,-74.068981983,4.603506826,CL 19-KR 4 2,2019,Octubre,10,jueves,19,48,Santa Fe,Choque,Vehículo,N/A,Solo Daños,0,0,0,0,0,0,0,0,0,0,1,0,1,0,0,0,1,0,0,0,0,0
164245,10499452,-74.127621246,4.650510274,CL 13-KR 72 2,2019,Octubre,10,jueves,14,40,Fontibón,Choque,Vehículo,N/A,Solo Daños,0,1,0,0,0,0,0,1,0,0,0,0,0,0,0,0,0,0,0,0,0,0
164246,10499453,-74.099092038,4.609457937,KR 32-CL 7 02,2019,Octubre,10,jueves,12,0,Puente Aranda,Choque,Vehículo,N/A,Solo Daños,0,1,0,0,0,0,0,0,0,0,0,0,0,0,0,0,0,0,0,0,0,0
164247,10499454,-74.057214005,4.68739177499998,KR 45-CL 100 2,2019,Octubre,10,jueves,12,19,Usaquén,Choque,Vehículo,N/A,Solo Daños,0,0,0,0,0,0,0,1,0,0,0,0,0,0,0,0,0,0,0,0,0,0
164248,10499455,-74.114115495,4.51971502999999,CL 72A-KR 1 S 02,2019,Octubre,10,jueves,20,40,Usme,Choque,Vehículo,N/A,Con Heridos,0,0,0,0,0,1,1,0,0,1,0,0,0,0,0,0,0,0,0,0,0,1
164249,10499456,-74.139859478,4.617935252,KR 72-CL 31 S 02,2019,Octubre,10,jueves,7,38,Kennedy,Choque,Vehículo,N/A,Con Heridos,0,0,0,0,0,1,0,0,0,0,0,0,0,0,0,0,0,0,0,0,0,0
164250,10499457,-74.046138708,4.68418027600001,CL 100-KR 13A 2,2019,Octubre,9,miércoles,19,51,Usaquén,Choque,Vehículo,N/A,Con Heridos,0,0,0,0,0,1,0,0,0,0,0,0,0,0,0,0,0,0,0,0,0,0
164251,10499458,-74.037294116,4.694460983,KR 11-CL 115 2,2019,Octubre,10,jueves,21,40,Usaquén,Choque,Vehículo,N/A,Con Heridos,0,0,0,0,0,1,0,0,0,0,0,0,0,0,0,0,0,0,0,0,0,0
164252,10499459,-74.097443397,4.65490196299999,CL 53-KR 66 02,2019,Octubre,10,jueves,8,0,Teusaquillo,Choque,Vehículo,N/A,Con Heridos,0,0,0,0,0,1,0,0,0,0,0,0,0,0,0,0,0,0,0,0,0,0
164253,10499460,-74.148253513,4.62017255500001,KR 73D-CL 36A S 2,2019,Octubre,9,miércoles,21,40,Kennedy,Choque,Vehículo,N/A,Con Heridos,0,0,0,0,0,1,0,1,0,0,0,0,0,0,0,0,0,0,0,0,0,0
164254,10499461,-74.123855615,4.571317325,TR 13M-DG 45B S 2,2019,Octubre,9,miércoles,13,50,Rafael Uribe Uribe,Choque,Vehículo,N/A,Con Heridos,0,0,0,0,0,0,0,0,0,1,0,0,0,0,0,0,0,0,0,0,0,0
164255,10499462,-74.138396397,4.56690966000002,AV AVENIDA BOYACA-AV AVENIDA CIUDAD DE VILLAVICENCIO 2,2019,Octubre,10,jueves,5,45,Tunjuelito,Choque,Vehículo,N/A,Con Heridos,0,1,0,0,0,1,0,0,0,0,0,0,0,0,0,0,0,0,0,0,0,0
164256,10499464,-74.138096408,4.630372846,AV AVENIDA DE LAS AMERICAS-AV AVENIDA BOYACA 2,2019,Octubre,9,miércoles,6,10,Kennedy,Choque,Vehículo,N/A,Con Heridos,0,0,0,0,0,1,0,0,0,0,0,0,0,0,0,0,0,0,0,0,0,0
164257,10499465,-74.077203385,4.61681299600002,KR 19-CL 24 2,2019,Octubre,9,miércoles,19,3,Los Mártires,Choque,Vehículo,N/A,Con Heridos,0,0,0,0,0,1,0,0,0,0,0,0,0,0,0,0,0,0,0,0,0,0
164258,10499466,-74.037032895,4.805859451,AV AVENIDA PASEO DE LOS LIBERTADORES-CL 230 02,2019,Octubre,8,martes,6,58,Usaquén,Choque,Vehículo,N/A,Con Heridos,1,0,0,0,0,1,0,0,0,0,0,0,0,0,0,0,0,0,0,0,0,0
164259,10499467,-74.162377608,4.58237204199997,CL 68F-KR 71 S 2,2019,Octubre,9,miércoles,17,0,Ciudad Bolívar,Choque,Vehículo,N/A,Con Heridos,0,0,0,0,0,1,0,0,0,0,0,0,0,0,0,0,0,0,0,0,0,0
164260,10499468,-74.077992043,4.68473463200002,KR 68-CL 80 2,2019,Octubre,9,miércoles,17,36,Barrios Unidos,Choque,Vehículo,N/A,Con Heridos,1,0,0,0,0,1,0,0,0,0,0,0,0,0,0,0,0,0,0,0,0,0
164261,10499469,-74.089148068,4.69581563899999,AV AVENIDA BOYACA-CL 80 2,2019,Octubre,9,miércoles,17,30,Engativá,Choque,Vehículo,N/A,Con Heridos,1,0,0,0,0,0,0,0,0,0,1,0,0,0,0,0,0,0,0,0,0,0
164262,10499836,-74.114933352,4.51122704699998,KR 14-CL 77 S 02,2019,Octubre,13,domingo,20,0,Usme,Choque,Vehículo,N/A,Solo Daños,0,0,0,0,0,0,0,0,0,0,1,0,1,0,0,1,0,0,0,0,0,0
164263,10499837,-74.16135856,4.59129360899999,AV AVENIDA CIUDAD DE VILLAVICENCIO-CL 61 S 02,2019,Octubre,13,domingo,10,50,Ciudad Bolívar,Choque,Vehículo,N/A,Solo Daños,0,0,0,0,0,0,0,1,0,0,1,0,0,0,0,0,0,0,0,0,0,0
164264,10499838,-74.123584293,4.64159292800002,CL 13-KR 69 2,2019,Octubre,12,sábado,17,30,Fontibón,Choque,Vehículo,N/A,Solo Daños,0,0,0,0,0,0,0,0,0,1,0,0,0,0,0,0,0,0,0,0,0,1
164265,10499839,-74.125327771,4.67198388000003,AV AVENIDA CIUDAD DE CALI-CL 24 02,2019,Octubre,13,domingo,14,0,Fontibón,Choque,Vehículo,N/A,Solo Daños,0,0,0,0,0,0,0,0,0,0,1,0,0,0,0,0,0,0,0,0,0,0
164266,10499840,-74.115746698,4.624196649,CL 5A-KR 56 02,2019,Octubre,14,lunes,7,0,Puente Aranda,Choque,Vehículo,N/A,Solo Daños,0,0,0,0,0,1,0,0,0,0,0,0,0,0,0,0,0,0,0,0,0,0
164267,10499841,-74.167294197,4.69639146600002,CL 17D-KR 135B 04,2019,Octubre,13,domingo,18,40,Fontibón,Choque,Vehículo,N/A,Solo Daños,0,0,0,0,0,0,0,1,0,0,1,0,1,0,0,1,0,0,0,0,0,0
164268,10499842,-74.144861045,4.56799299300002,CL 61-KR 22B S 2,2019,Octubre,12,sábado,15,40,Ciudad Bolívar,Choque,Vehículo,N/A,Solo Daños,0,0,0,0,0,0,0,1,0,0,0,0,0,0,0,0,0,0,0,0,0,0
164269,10499843,-74.110509781,4.70854724200001,CL 80-KR 98 02,2019,Octubre,14,lunes,23,50,Engativá,Choque,Vehículo,N/A,Solo Daños,0,0,0,0,0,0,0,0,0,0,0,0,0,0,0,0,0,0,0,0,0,0
164270,10499844,-74.0884,4.73259999999999,KR 92-CL 132B 16,2019,Octubre,13,domingo,18,18,Suba,Choque,Vehículo,N/A,Solo Daños,0,0,0,0,0,0,0,1,0,1,1,0,1,0,0,1,0,0,0,0,0,1
164271,10499845,-74.119260616,4.532933232,KR 14-CL 65C S 2,2019,Octubre,12,sábado,14,30,Usme,Choque,Vehículo,N/A,Solo Daños,0,1,0,0,0,0,0,0,0,0,1,0,1,1,0,0,0,1,0,0,0,0
164272,10499846,-74.140678,4.66391942299998,DG 16-KR 90 02,2019,Octubre,14,lunes,7,30,Fontibón,Choque,Vehículo,N/A,Solo Daños,0,0,0,0,0,1,0,0,0,0,0,0,0,0,0,0,0,0,0,0,0,0
164273,10499847,-74.095366738,4.72820695199999,CL 129C-KR 96A 2,2019,Octubre,13,domingo,0,5,Suba,Choque,Vehículo,N/A,Solo Daños,0,0,0,0,0,0,0,1,0,1,0,0,0,0,0,0,0,0,0,0,0,1
164274,10499848,N/A,N/A,KR 7-CL 39 02,2019,Octubre,14,lunes,15,10,Santa Fe,Choque,Vehículo,N/A,Solo Daños,0,0,0,0,1,0,0,0,0,0,0,0,0,0,0,0,0,0,0,0,0,0
164275,10499849,-74.20697562,4.618983125,AV AVENIDA CIUDAD DE CALI-KR 89 02,2019,Octubre,13,domingo,9,11,Engativá,Choque,Vehículo,N/A,Solo Daños,0,0,0,0,0,0,0,0,0,1,0,0,0,0,0,0,0,0,0,0,0,1
164276,10499850,-74.154969543,4.64561106000002,CL 6D-KR 87B 02,2019,Octubre,14,lunes,17,0,Kennedy,Choque,Vehículo,N/A,Solo Daños,0,0,0,0,0,0,0,1,0,0,0,0,0,0,0,0,0,0,0,0,0,0
164277,10499851,-74.120249229,4.63438507000001,KR 68-CL 12 2,2019,Octubre,13,domingo,14,30,Puente Aranda,Choque,Vehículo,N/A,Solo Daños,0,0,0,0,0,0,0,0,0,1,0,0,0,0,0,0,0,0,0,0,0,1
164278,10499852,-74.126674164,4.56682813700002,AV AVENIDA CARACAS-CL 51 S 02,2019,Octubre,13,domingo,8,11,Rafael Uribe Uribe,Choque,Vehículo,N/A,Solo Daños,0,0,1,0,0,0,0,0,0,0,0,0,0,0,0,0,0,0,0,0,0,0
164279,10499853,-74.112701905,4.54738129700002,CL 49B-KR 5B S 02,2019,Octubre,14,lunes,1,10,Rafael Uribe Uribe,Choque,Objeto Fijo,Tren,Solo Daños,0,0,0,0,0,0,0,0,0,1,0,0,0,0,0,0,0,0,0,0,0,1
164280,10499854,-74.123126155,4.60367734300002,AC 26-KR 51 S 2,2019,Octubre,13,domingo,19,0,Puente Aranda,Choque,Vehículo,N/A,Solo Daños,0,0,0,0,0,0,0,0,0,0,1,0,1,0,0,1,0,0,0,0,0,0
164281,10499855,-74.115738429,4.63977272900001,KR 68-CL 13 80,2019,Octubre,13,domingo,7,45,Puente Aranda,Choque,Vehículo,N/A,Solo Daños,0,0,0,0,0,1,0,0,0,0,0,0,0,0,0,0,0,0,0,0,0,0
164282,10499856,-74.090545243,4.75380499599999,KR 103-CL 153 02,2019,Octubre,14,lunes,14,5,Suba,Choque,Vehículo,N/A,Solo Daños,0,0,0,0,0,1,0,0,0,0,0,0,0,0,0,0,0,0,0,0,0,0
164283,10499857,-74.138397509,4.56686315899998,AV AVENIDA BOYACA-KR 19C 02,2019,Octubre,13,domingo,11,20,Tunjuelito,Choque,Vehículo,N/A,Solo Daños,0,0,0,0,0,0,0,0,0,0,1,0,1,0,1,0,0,0,0,0,0,0
164284,10499858,-74.066333645,4.70921897400001,KR 56A-CL 125A 40,2019,Octubre,14,lunes,15,15,Suba,Choque,Objeto Fijo,Semaforo,Solo Daños,0,0,0,0,0,0,0,0,0,1,0,0,0,0,0,0,0,0,0,0,0,1
164285,10500229,-74.049169283,4.73282430699999,KR 45-CL 151 02,2019,Octubre,18,viernes,12,10,Usaquén,Choque,Vehículo,N/A,Con Heridos,0,0,0,0,0,0,0,1,0,0,0,0,0,0,0,0,0,0,0,0,0,0
164286,10500230,-74.131512608,4.64471612900002,AV AVENIDA BOYACA-AC 12 2,2019,Octubre,19,sábado,3,30,Kennedy,Choque,Vehículo,N/A,Con Heridos,0,0,0,0,0,0,0,0,0,1,0,0,0,0,0,0,0,0,0,0,0,1
164287,10500231,-74.080664951,4.62763174700001,AK 30-CL 28 2,2019,Octubre,18,viernes,18,10,Teusaquillo,Choque,Vehículo,N/A,Con Heridos,0,1,0,0,0,1,0,0,0,0,0,0,0,0,0,0,0,0,0,0,0,0
164288,10500232,-74.183796684,4.62246890400002,KR 86C-CL 56B S 2,2019,Octubre,18,viernes,16,22,Bosa,Choque,Vehículo,N/A,Con Heridos,0,0,0,0,0,1,0,0,0,1,0,0,0,0,0,0,0,0,0,0,0,1
164289,10500233,-74.19369033,4.60973326300001,KR 80PBIS-CL 70B S 02,2019,Octubre,19,sábado,15,20,Bosa,Choque,Vehículo,N/A,Con Heridos,1,0,0,0,0,0,0,0,0,0,0,0,0,0,0,0,0,0,0,0,0,0
164290,10500234,-74.069885448,4.72396878000001,CL 132-KR 59A 2,2019,Octubre,18,viernes,13,0,Suba,Choque,Vehículo,N/A,Con Heridos,1,0,0,0,0,0,0,0,0,0,0,0,0,0,0,0,0,0,0,0,0,0
164291,10500235,-74.17893913,4.624160297,KR 86-CL 53 S 2,2019,Octubre,18,viernes,15,10,Bosa,Choque,Vehículo,N/A,Con Heridos,0,0,0,0,0,1,0,0,0,0,0,0,0,0,0,0,0,0,0,0,0,0
164292,10500236,-74.140330776,4.61434672399997,AV AVENIDA BOYACA-AC 36C S 2,2019,Octubre,20,domingo,21,40,Kennedy,Choque,Vehículo,N/A,Con Heridos,0,0,0,0,0,1,0,0,0,0,0,0,0,0,0,0,0,0,0,0,0,0
164293,10500237,-74.14070729,4.61419856999999,AV AVENIDA BOYACA-KR 37 14,2019,Octubre,19,sábado,17,5,Kennedy,Choque,Vehículo,N/A,Con Heridos,1,0,0,0,0,0,0,0,0,0,1,0,0,0,0,0,0,0,0,0,0,0
164294,10500238,-74.185448224,4.61699564000003,CL 59-KR 82G S 2,2019,Octubre,18,viernes,13,15,Bosa,Choque,Vehículo,N/A,Con Heridos,0,0,0,0,0,1,0,0,0,0,0,0,0,0,0,0,0,0,0,0,0,0
164295,10500239,-74.147606142,4.50637280400002,CL 94-KR 18F S 2,2019,Octubre,20,domingo,8,40,Ciudad Bolívar,Choque,Vehículo,N/A,Con Heridos,1,0,0,0,0,0,0,0,0,0,0,0,0,0,0,0,0,0,0,0,0,0
164296,10500240,-74.063892729,4.63380143400002,KR 7-CL 47 02,2019,Octubre,19,sábado,17,17,Chapinero,Choque,Vehículo,N/A,Con Heridos,0,0,0,0,0,1,0,0,0,1,0,0,0,0,0,0,0,0,0,0,0,1
164297,10500241,-74.122507762,4.51994292900002,AV AVENIDA BOYACA-CL 71F S 2,2019,Octubre,20,domingo,7,40,Usme,Choque,Vehículo,N/A,Con Heridos,1,0,0,0,0,1,0,0,0,0,0,1,0,0,0,0,0,0,0,0,0,0
164298,10500242,-74.1179,4.60899999999998,TR 50-CL 1B 2,2019,Octubre,18,viernes,16,30,Puente Aranda,Choque,Vehículo,N/A,Con Heridos,0,0,0,0,0,1,0,0,0,1,0,0,0,0,0,0,0,0,0,0,0,1
164299,10500243,-74.106810725,4.657856391,CL 26-KR 69 02,2019,Octubre,19,sábado,17,0,Fontibón,Choque,Vehículo,N/A,Con Heridos,0,0,0,0,0,1,0,0,0,0,0,0,0,0,0,0,0,0,0,0,0,0
164300,10500244,-74.078631068,4.68359440900002,CL 80-KR 65 2,2019,Octubre,20,domingo,9,10,Barrios Unidos,Choque,Vehículo,N/A,Con Heridos,1,0,0,0,0,0,0,0,0,0,0,0,0,0,0,0,0,0,0,0,0,0
164301,10500245,-74.089585246,4.56588556000003,CL 27-KR 1 SE 2,2019,Octubre,18,viernes,17,40,San Cristóbal,Choque,Vehículo,N/A,Con Heridos,0,0,0,0,1,1,0,0,0,0,0,0,0,0,0,0,0,0,0,0,0,0
164302,10500246,-74.064551901,4.65818962899999,KR 17-CL 70A 02,2019,Octubre,19,sábado,8,40,Barrios Unidos,Choque,Vehículo,N/A,Con Heridos,0,0,0,0,0,1,0,0,0,0,0,0,0,0,0,0,0,0,0,0,0,0
164303,10500247,-74.125084078,4.67229141000001,KR 86-CL 24 2,2019,Octubre,19,sábado,8,10,Fontibón,Choque,Vehículo,N/A,Con Heridos,0,0,0,0,0,1,0,0,0,0,0,0,0,0,0,0,0,0,0,0,0,0
164304,10500248,-74.110802926,4.57797210699999,AV AVENIDA CARACAS-CL 31 S 2,2019,Octubre,18,viernes,11,55,Rafael Uribe Uribe,Choque,Vehículo,N/A,Con Heridos,1,0,0,0,1,0,0,0,0,0,0,0,0,0,0,0,0,0,0,0,0,0
164305,10500249,-74.171878619,4.61328850799998,AV AVENIDA PRIMERA DE MAYO-KR 79 02,2019,Octubre,19,sábado,7,9,Kennedy,Choque,Vehículo,N/A,Con Heridos,0,0,0,0,0,1,0,0,0,0,0,0,0,0,0,0,0,0,0,0,0,0
164306,10500250,-74.15341466,4.69644113800001,CL 24-KR 127 2,2019,Octubre,20,domingo,9,48,Fontibón,Choque,Vehículo,N/A,Con Heridos,0,0,0,0,0,1,0,1,0,0,0,0,0,0,0,0,0,0,0,0,0,0
164307,10500251,-74.168616449,4.61921674299998,KR 80-CL 47 S 2,2019,Octubre,19,sábado,17,24,Kennedy,Atropello,N/A,N/A,Con Heridos,0,0,0,0,1,1,1,0,0,0,0,0,0,0,0,0,0,0,0,0,0,0
164308,10500252,-74.169044929,4.591571219,CL 60A-KR 73 S 02,2019,Octubre,19,sábado,17,18,Ciudad Bolívar,Choque,Vehículo,N/A,Con Heridos,0,0,0,0,0,1,0,0,0,0,0,0,0,0,0,0,0,0,0,0,0,0
164309,10500253,-74.058813392,4.65714915400002,KR 11-CL 72 2,2019,Octubre,19,sábado,13,56,Chapinero,Atropello,N/A,N/A,Con Heridos,0,0,0,0,1,1,1,0,0,0,0,0,0,0,0,0,0,0,0,0,0,0
164310,10500626,-74.057709737,4.665399106,KR 15-CL 79 2,2019,Octubre,23,miércoles,15,20,Chapinero,Choque,Vehículo,N/A,Solo Daños,0,0,0,0,0,0,0,0,0,0,0,0,0,0,0,0,0,0,0,0,0,0
164311,10500627,-74.1314519,4.68976792900003,CL 26-KR 103 02,2019,Octubre,23,miércoles,17,20,Fontibón,Choque,Vehículo,N/A,Solo Daños,0,0,0,0,0,1,0,0,0,0,0,0,0,0,0,0,0,0,0,0,0,0
164312,10500628,-74.135519037,4.60398827300003,CL 37B-KR 68CBISA S 2,2019,Octubre,23,miércoles,18,2,Kennedy,Choque,Vehículo,N/A,Solo Daños,0,1,0,0,0,0,0,0,0,0,0,0,0,0,0,0,0,0,0,0,0,0
164313,10500629,-74.148586474,4.57053638999997,CL 61-KR 30 S 2,2019,Octubre,13,domingo,6,55,Ciudad Bolívar,Choque,Vehículo,N/A,Con Heridos,0,0,0,0,1,1,0,0,0,0,1,0,1,0,1,0,0,0,0,0,0,0
164314,10500630,-74.136301147,4.64662400600002,CL 11BBIS-KR 78 23,2019,Octubre,23,miércoles,6,16,Kennedy,Choque,Vehículo,N/A,Con Heridos,0,0,0,0,0,1,0,0,0,0,0,0,0,0,0,0,0,0,0,0,0,0
164315,10500631,-74.13357993,4.61286075999999,KR 69-CL 25 S 2,2019,Octubre,23,miércoles,9,45,Kennedy,Choque,Vehículo,N/A,Con Heridos,0,0,0,0,0,1,0,0,0,0,0,0,0,0,0,0,0,0,0,0,0,0
164316,10500632,-74.126760167,4.59158425099997,DG 40-KR 38A S 2,2019,Octubre,22,martes,18,53,Antonio Nariño,Choque,Vehículo,N/A,Con Heridos,0,0,0,0,0,1,0,0,0,1,0,0,0,0,0,0,0,0,0,0,0,1
164317,10500633,-74.114443308,4.68397238699998,KR 86-CL 52A 2,2019,Octubre,23,miércoles,8,17,Engativá,Choque,Vehículo,N/A,Con Heridos,0,0,0,0,0,0,0,0,0,0,1,0,0,0,0,0,0,0,0,0,0,0
164318,10500634,-74.075267297,4.72050424899999,AV AVENIDA BOYACA-CL 129 02,2019,Octubre,23,miércoles,7,1,Suba,Choque,Vehículo,N/A,Con Heridos,0,0,0,0,0,1,0,0,0,0,0,0,0,0,0,0,0,0,0,0,0,0
164319,10500635,-74.102178431,4.74298589799997,CL 139-KR 110B 02,2019,Octubre,23,miércoles,6,20,Suba,Choque,Vehículo,N/A,Con Heridos,1,0,0,0,0,0,0,0,0,0,1,0,1,0,0,0,1,0,0,0,0,0
164320,10500636,-74.139443534,4.59314900099997,DG 47-KR 53A S 02,2019,Octubre,23,miércoles,16,36,Tunjuelito,Choque,Vehículo,N/A,Con Heridos,0,0,0,0,0,1,0,0,0,0,0,0,0,0,0,0,0,0,0,0,0,0
164321,10500637,-74.17204123,4.57589270300002,CL 75D-KR 73I 2,2019,Octubre,24,jueves,11,0,Ciudad Bolívar,Caida de ocupante,N/A,N/A,Con Heridos,0,0,0,0,0,0,0,0,0,0,1,0,1,0,0,1,0,0,0,0,0,0
164322,10500638,-74.141440134,4.60964476200002,AV AVENIDA BOYACA-AC 38 S 57,2019,Octubre,21,lunes,5,15,Kennedy,Choque,Vehículo,N/A,Con Heridos,1,0,0,0,0,0,0,0,0,0,0,0,0,0,0,0,0,0,0,0,0,0
164323,10500639,-74.115775146,4.66178292799998,AV AVENIDA BOYACA-CL 24 2,2019,Octubre,23,miércoles,8,45,Fontibón,Choque,Vehículo,N/A,Con Heridos,1,0,0,0,0,0,0,0,0,0,0,0,0,0,0,0,0,0,0,0,0,0
164324,10500640,-74.123387825,4.71101557600002,CL 73-KR 108A 2,2019,Octubre,22,martes,18,10,Engativá,Choque,Vehículo,N/A,Solo Daños,1,0,0,0,0,0,0,0,0,1,0,0,0,0,0,0,0,0,0,0,0,1
164325,10500641,-74.11402753,4.50760749800003,AV AVENIDA BOYACA-KR 14 02,2019,Octubre,23,miércoles,21,0,Usme,Choque,Vehículo,N/A,Con Heridos,0,0,0,0,0,1,0,0,0,0,0,0,0,0,0,0,0,0,0,0,0,0
164326,10500642,-74.115739665,4.647406004,CL 68D-KR 20 2,2019,Octubre,23,miércoles,9,0,Fontibón,Choque,Vehículo,N/A,Con Heridos,0,1,0,0,0,1,0,0,0,0,0,0,0,0,0,0,0,0,0,0,0,0
164327,10500643,-74.119424977,4.63640451999999,KR 68-CL 12A 58,2019,Octubre,22,martes,16,25,Puente Aranda,Choque,Vehículo,N/A,Con Heridos,0,0,0,0,0,1,0,0,0,0,1,0,1,0,0,0,1,0,0,0,0,0
164328,10500644,-74.101051596,4.68571199000002,KR 75-CL 68B 02,2019,Octubre,23,miércoles,5,50,Engativá,Choque,Vehículo,N/A,Con Heridos,0,0,0,0,0,0,0,0,0,0,0,0,0,0,0,0,0,0,0,0,0,0
164329,10500645,-74.121764291,4.60236261599999,KR 50-CL 26 S 2,2019,Octubre,23,miércoles,4,10,Puente Aranda,Choque,Vehículo,N/A,Con Heridos,0,0,0,0,0,1,0,1,0,1,0,0,0,0,0,0,0,0,0,0,0,1
164330,10500646,-74.12066661,4.644999961,CL 17A-KR 69B 2,2019,Octubre,22,martes,15,7,Fontibón,Choque,Vehículo,N/A,Con Heridos,0,1,0,0,0,1,0,0,0,0,0,0,0,0,0,0,0,0,0,0,0,0
164331,10500647,-74.114124434,4.68091186100003,KR 85H-CL 53 02,2019,Octubre,23,miércoles,8,15,Engativá,Choque,Vehículo,N/A,Con Heridos,0,0,0,0,0,1,0,0,0,1,0,0,0,0,0,0,0,0,0,0,0,1
164332,10500648,-74.070157866,4.62022365600001,AV AVENIDA CARACAS-CL 32 79,2019,Octubre,23,miércoles,17,50,Teusaquillo,Choque,Vehículo,N/A,Con Heridos,0,0,0,0,0,1,0,0,0,0,0,0,0,0,0,0,0,0,0,0,0,0
164333,10500649,-74.145512707,4.56254448200002,KR 20-CL 64 S 2,2019,Octubre,22,martes,16,20,Ciudad Bolívar,Choque,Vehículo,N/A,Con Heridos,0,0,0,0,0,1,0,0,0,0,0,0,0,0,0,0,0,0,0,0,0,0
164334,10500650,-74.210535973,4.61418790499999,KR 80K-CL 85D S 2,2019,Octubre,23,miércoles,6,11,Bosa,Choque,Vehículo,N/A,Con Heridos,0,0,0,0,0,1,0,0,0,0,0,0,0,0,0,0,0,0,0,0,0,0
164335,10500651,-74.138159874,4.62832368099998,AV AVENIDA BOYACA-CL 5A 02,2019,Octubre,23,miércoles,6,50,Kennedy,Atropello,N/A,N/A,Con Heridos,0,0,0,0,0,1,1,0,0,0,1,0,1,0,0,1,0,0,0,0,0,0
164336,10501036,-74.120923489,4.54418370600001,KR 14-CL 56 S 2,2019,Octubre,28,lunes,14,8,Usme,Choque,Vehículo,N/A,Solo Daños,0,1,0,0,0,0,0,1,0,0,0,0,0,0,0,0,0,0,0,0,0,0
164337,10501037,-74.046,4.6807,KR 7-CL 97 2,2019,Octubre,25,viernes,8,56,Chapinero,Choque,Vehículo,N/A,Solo Daños,0,0,0,0,0,0,0,0,0,1,0,0,0,0,0,0,0,0,0,0,0,1
164338,10501038,-74.179377017,4.597075507,AV AVENIDA DEL SUR-CL 63 S 2,2019,Octubre,27,domingo,10,0,Bosa,Choque,Vehículo,N/A,Solo Daños,0,0,0,0,0,0,0,0,0,0,1,0,0,0,0,0,0,0,0,0,0,0
164339,10501039,-74.030460158,4.70380551599999,CL 127A-KR 7BBIS 2,2019,Octubre,25,viernes,11,26,Usaquén,Choque,Vehículo,N/A,Solo Daños,0,0,0,0,0,0,0,0,0,0,1,0,1,0,0,1,0,0,0,0,0,0
164340,10501040,-74.024415986,4.72867560200001,CL 153A-KR 7 2,2019,Octubre,28,lunes,15,0,Usaquén,Choque,Vehículo,N/A,Solo Daños,0,1,0,0,0,0,0,0,0,0,0,0,0,0,0,0,0,0,0,0,0,0
164341,10501041,-74.088258397,4.52847393899998,CL 63-KR 14 SE 02,2019,Octubre,24,jueves,7,0,San Cristóbal,Choque,Objeto Fijo,Muro,Solo Daños,0,1,0,0,0,0,0,0,0,0,0,0,0,0,0,0,0,0,0,0,0,0
164342,10501042,-74.137041161,4.59214934599999,KR 52C-DG 47A S 2,2019,Octubre,28,lunes,22,13,Ciudad Bolívar,Choque,Vehículo,N/A,Solo Daños,0,0,0,0,0,0,0,0,0,1,0,0,0,0,0,0,0,0,0,0,0,1
164343,10501043,-74.0485,4.66340000000002,KR 7-CL 84A 2,2019,Octubre,25,viernes,13,10,Chapinero,Choque,Vehículo,N/A,Solo Daños,0,0,0,0,0,0,0,0,0,0,1,0,0,0,0,0,0,0,0,0,0,0
164344,10501044,-74.114489058,4.61554113699998,KR 50-CL 3 02,2019,Octubre,24,jueves,16,10,Puente Aranda,Choque,Vehículo,N/A,Solo Daños,0,1,0,0,0,0,0,0,0,0,0,0,0,0,0,0,0,0,0,0,0,0
164345,10501045,-74.039452989,4.79188315900001,KR 45-CL 215 2,2019,Octubre,28,lunes,8,20,Usaquén,Choque,Vehículo,N/A,Solo Daños,0,0,0,0,0,0,0,1,0,0,1,0,0,0,0,0,0,0,0,0,0,0
164346,10501046,-74.071677047,4.72565549699999,AV AVENIDA BOYACA-CL 133 2,2019,Octubre,28,lunes,22,0,Suba,Choque,Vehículo,N/A,Solo Daños,0,0,0,0,0,0,0,1,0,0,0,0,0,0,0,0,0,0,0,0,0,0
164347,10501047,-74.034782353,4.82032205299998,AV AVENIDA PASEO DE LOS LIBERTADORES-CL 245 02,2019,Octubre,25,viernes,14,50,Usaquén,Choque,Vehículo,N/A,Solo Daños,0,0,0,0,0,0,0,0,0,0,0,0,0,0,0,0,0,0,0,0,0,0
164348,10501048,-74.038183862,4.72503377499999,CL 145-KR 13 2,2019,Octubre,25,viernes,12,36,Usaquén,Choque,Objeto Fijo,Vehiculo,Solo Daños,0,0,0,0,0,0,0,0,0,0,0,0,0,0,0,0,0,0,0,0,0,0
164349,10501049,-74.042866545,4.70089258500002,KR 15-CL 124 2,2019,Octubre,28,lunes,19,55,Usaquén,Choque,Vehículo,N/A,Solo Daños,0,0,0,0,0,0,0,0,0,1,0,0,0,0,0,0,0,0,0,0,0,1
164350,10501050,-74.137950762,4.63072230699998,AV AVENIDA BOYACA-CL 6 2,2019,Octubre,28,lunes,7,49,Kennedy,Choque,Vehículo,N/A,Solo Daños,0,0,0,0,0,0,0,0,0,0,1,0,0,0,0,0,0,0,0,0,1,0
164351,10501051,-74.125673062,4.695669076,CL 63-KR 104 02,2019,Octubre,25,viernes,21,15,Engativá,Choque,Vehículo,N/A,Solo Daños,0,0,0,0,0,0,0,0,0,0,1,0,0,0,0,0,0,0,0,0,0,0
164352,10501052,-74.144127108,4.61272102200002,CL 38-KR 72K S 2,2019,Octubre,26,sábado,9,31,Kennedy,Choque,Vehículo,N/A,Solo Daños,0,0,0,0,0,0,0,0,0,0,0,0,0,0,0,0,0,0,0,0,0,0
164353,10501053,-74.096590851,4.71192015899999,CL 90-KR 89A 2,2019,Octubre,28,lunes,17,0,Engativá,Choque,Vehículo,N/A,Solo Daños,0,0,0,0,0,0,0,0,0,0,0,0,0,0,0,0,0,0,0,0,0,0
164354,10501054,-74.148034477,4.623649769,KR 78-CL 35 S 2,2019,Octubre,26,sábado,20,49,Kennedy,Choque,Vehículo,N/A,Solo Daños,0,0,0,0,0,0,0,0,0,0,0,0,0,0,0,0,0,0,0,0,0,0
164355,10501055,-74.099712881,4.579387849,KR 12D-CL 22 S 02,2019,Octubre,25,viernes,18,45,Rafael Uribe Uribe,Choque,Vehículo,N/A,Solo Daños,0,0,0,0,0,0,0,0,0,0,0,0,0,0,0,0,0,0,0,0,0,0
164356,10501056,-74.043405636,4.76778086100001,KR 45-CL 190 2,2019,Octubre,28,lunes,20,20,Usaquén,Choque,Vehículo,N/A,Solo Daños,0,1,0,0,0,0,0,0,0,0,0,0,0,0,0,0,0,0,0,0,0,0
164357,10501057,-74.109014166,4.68974746700002,AV AVENIDA CIUDAD DE CALI-CL 66A 2,2019,Octubre,28,lunes,14,6,Engativá,Choque,Vehículo,N/A,Solo Daños,0,1,0,0,0,0,0,0,0,0,1,0,1,0,0,1,0,0,0,0,0,0
164358,10501058,-74.120326139,4.64854903999998,CL 19-KR 69 2,2019,Octubre,26,sábado,6,15,Fontibón,Choque,Vehículo,N/A,Solo Daños,0,0,0,0,0,1,0,0,0,0,0,0,0,0,0,0,0,0,0,0,0,0
164359,10501059,-74.0619,4.64260000000002,KR 7-CL 56A 02,2019,Octubre,25,viernes,17,38,Chapinero,Choque,Vehículo,N/A,Solo Daños,0,0,0,0,0,0,0,0,0,0,1,0,1,1,0,0,0,0,0,1,0,0
164360,10501436,-74.17079093,4.59063969300001,CL 62A-KR 73 S 02,2019,Octubre,31,jueves,15,40,Ciudad Bolívar,Atropello,N/A,N/A,Con Heridos,0,0,0,0,1,0,1,0,0,0,1,0,0,0,0,0,0,0,0,0,0,0
164361,10501437,-74.082340064,4.73703550099998,AV AVENIDA SUBA-TR 86 02,2019,Octubre,30,miércoles,11,0,Suba,Choque,Vehículo,N/A,Solo Daños,0,0,0,0,0,0,0,0,0,0,0,0,0,0,0,0,0,0,0,0,0,0
164362,10501438,-74.107917998,4.58099288,KR 19C-CL 27 S 2,2019,Octubre,30,miércoles,15,31,Rafael Uribe Uribe,Atropello,N/A,N/A,Con Heridos,0,0,0,0,0,0,1,0,0,0,0,0,0,0,0,0,0,0,0,0,0,0
164363,10501439,-74.0912894,4.75579383500002,KR 104-CL 154A 02,2019,Octubre,30,miércoles,7,16,Suba,Choque,Vehículo,N/A,Solo Daños,0,0,0,0,0,0,0,0,0,0,1,0,0,0,0,0,0,0,0,0,1,0
164364,10501440,-74.1512,4.68380000000002,CL 26-KR 113 85,2019,Octubre,30,miércoles,19,0,Fontibón,Choque,Vehículo,N/A,Solo Daños,0,0,0,0,0,0,0,1,0,1,0,0,0,0,0,0,0,0,0,0,0,1
164365,10501441,-74.172771983,4.61597896799998,KR 80-CL 53 S 2,2019,Octubre,30,miércoles,13,31,Kennedy,Atropello,N/A,N/A,Con Heridos,0,0,0,0,0,1,1,0,0,0,0,0,0,0,0,0,0,0,0,0,0,0
164366,10501442,-74.118808383,4.74738905800001,CL 139-KR 147ABIS 02,2019,Octubre,30,miércoles,9,0,Suba,Choque,Vehículo,N/A,Solo Daños,0,0,0,0,0,0,0,0,0,0,1,0,1,0,0,1,0,0,0,0,0,0
164367,10501443,-74.069819905,4.63803168099997,KR 17-CL 50 02,2019,Octubre,30,miércoles,11,30,Teusaquillo,Choque,Vehículo,N/A,Solo Daños,0,0,0,0,0,0,0,0,0,1,1,0,1,0,0,1,0,0,0,0,0,1
164368,10501444,-74.022426693,4.74113267199999,KR 7-CL 165 2,2019,Octubre,30,miércoles,18,45,Usaquén,Caida de ocupante,N/A,N/A,Con Heridos,0,0,0,0,0,0,0,0,0,0,1,0,1,0,0,1,0,0,0,0,0,0
164369,10501445,-74.136033667,4.65942091099998,CL 13-KR 86 02,2019,Octubre,30,miércoles,12,35,Fontibón,Choque,Vehículo,N/A,Solo Daños,0,1,0,0,0,0,0,1,0,0,0,0,0,0,0,0,0,0,0,0,0,0
164370,10501446,-74.181714548,4.591199921,CL 60A-KR 77C S 2,2019,Octubre,29,martes,14,5,Ciudad Bolívar,Choque,Objeto Fijo,Vehiculo,Solo Daños,0,1,0,0,0,0,0,0,0,0,0,0,0,0,0,0,0,0,0,0,0,0
164371,10501447,-74.09121385,4.57733974899998,CL 17-KR 8A S 02,2019,Octubre,30,miércoles,19,44,San Cristóbal,Choque,Vehículo,N/A,Solo Daños,0,0,0,0,0,0,0,0,0,1,0,0,0,0,0,0,0,0,0,0,0,1
164372,10501448,-74.081074371,4.59512095299999,KR 10-CL 6 02,2019,Octubre,30,miércoles,10,40,Candelaria,Choque,Vehículo,N/A,Solo Daños,0,0,0,0,0,0,0,0,0,0,0,0,0,0,0,0,0,0,0,0,0,0
164373,10501449,-74.048630907,4.66305769100001,KR 7-CL 82 66,2019,Octubre,30,miércoles,19,30,Chapinero,Choque,Vehículo,N/A,Solo Daños,0,0,0,0,0,0,0,0,0,0,0,0,0,0,0,0,0,0,0,0,0,0
164374,10501450,-74.052962172,4.70509837700001,KR 23-CL 124 87,2019,Octubre,30,miércoles,18,22,Usaquén,Choque,Vehículo,N/A,Solo Daños,0,0,0,0,0,0,0,1,0,0,0,0,0,0,0,0,0,0,0,0,0,0
164375,10501451,-74.124733852,4.64687945899999,CL 13-KR 69F 10,2019,Octubre,29,martes,19,45,Fontibón,Choque,Vehículo,N/A,Solo Daños,0,0,0,0,0,0,0,0,0,0,0,0,0,0,0,0,0,0,0,0,0,0
164376,10501452,-74.114489058,4.61554113699998,KR 50-CL 3 02,2019,Octubre,31,jueves,13,30,Puente Aranda,Choque,Vehículo,N/A,Solo Daños,0,1,0,0,0,0,0,0,0,0,0,0,0,0,0,0,0,0,0,0,0,0
164377,10501453,-74.067109235,4.67373033199999,KR 30-CL 80 02,2019,Octubre,30,miércoles,7,28,Barrios Unidos,Choque,Vehículo,N/A,Solo Daños,0,0,0,0,0,0,0,0,0,0,0,0,0,0,0,0,0,0,0,0,0,0
164378,10501454,-74.068237558,4.731061657,AV AVENIDA BOYACA-CL 140 02,2019,Octubre,31,jueves,10,35,Suba,Choque,Vehículo,N/A,Solo Daños,0,0,0,0,0,0,0,0,0,0,1,0,0,0,0,0,0,0,0,0,0,0
164379,10501455,-74.146206767,4.61432115600002,KR 72N-CL 38A S 02,2019,Octubre,30,miércoles,20,10,Kennedy,Choque,Vehículo,N/A,Solo Daños,0,0,0,0,0,0,0,1,0,0,0,0,0,0,0,0,0,0,0,0,0,0
164380,10501457,-74.078013871,4.69218657800002,CL 97-KR 70 89,2019,Octubre,31,jueves,10,30,Suba,Choque,Vehículo,N/A,Solo Daños,0,0,0,0,0,0,0,0,0,0,0,0,0,0,0,0,0,0,0,0,0,0
164381,10501458,-74.154101814,4.63207697199999,DG 2-KR 80 02,2019,Octubre,30,miércoles,18,30,Kennedy,Choque,Vehículo,N/A,Solo Daños,0,0,0,0,0,0,0,0,0,0,1,0,1,0,1,0,0,0,0,0,0,0
164382,10501459,-74.062308693,4.70394303500001,KR 53A-CL 121 10,2019,Octubre,31,jueves,13,0,Suba,Choque,Objeto Fijo,Tren,Solo Daños,0,1,0,0,0,0,0,0,0,0,0,0,0,0,0,0,0,0,0,0,0,0
164390,10501833,-74.11178653,4.68148548800002,TR 85-CL 63 2,2019,Octubre,27,domingo,6,10,Engativá,Choque,Vehículo,N/A,Solo Daños,0,0,0,0,0,0,0,0,0,0,1,0,1,0,0,1,0,0,0,0,0,0
164405,10501848,-74.029154227,4.733259567,CL 156-KR 8 2,2019,Octubre,3,jueves,3,11,Usaquén,Choque,Vehículo,N/A,Solo Daños,0,0,1,0,0,0,0,0,0,0,0,0,0,0,0,0,0,0,0,0,0,0
164433,10502593,-74.07302341,4.61525701900001,AV AVENIDA CARACAS-CL 26 02,2019,Octubre,25,viernes,5,20,Los Mártires,Atropello,N/A,N/A,Con Heridos,0,0,0,0,0,1,1,0,0,0,0,0,0,0,0,0,0,0,0,0,0,0
164580,10498681,-74.024165881,4.72955300500001,KR 7-CL 155 2,2019,Octubre,2,miércoles,11,13,Usaquén,Caida de ocupante,N/A,N/A,Con Heridos,0,0,0,0,0,0,0,0,0,0,1,0,0,0,0,0,0,0,0,0,0,0
164581,10498682,-74.091128602,4.62016611799999,KR 33-CL 18 02,2019,Octubre,2,miércoles,9,20,Puente Aranda,Atropello,N/A,N/A,Con Heridos,1,0,0,0,0,0,1,1,0,0,0,0,0,0,0,0,0,0,0,0,0,0
164582,10498683,-74.044027174,4.669480502,AV AVENIDA CIRCUNVALAR-CL 88 02,2019,Octubre,2,miércoles,9,15,Chapinero,Volcamiento,N/A,N/A,Con Heridos,0,1,0,0,0,1,0,1,0,0,0,0,0,0,0,0,0,0,0,0,0,0
164583,10498684,-74.075270338,4.63253808399998,AK 24-CL 42 05,2019,Octubre,2,miércoles,13,40,Teusaquillo,Atropello,N/A,N/A,Con Heridos,0,0,0,0,0,0,1,0,0,0,0,0,0,0,0,0,0,0,0,0,0,0
164584,10498685,-74.091746078,4.64165432700003,KR 50-CL 26 2,2019,Octubre,1,martes,18,5,Teusaquillo,Choque,Vehículo,N/A,Solo Daños,0,0,0,0,0,0,0,1,0,1,0,0,0,0,0,0,0,0,0,0,0,1
164585,10498686,-74.165957828,4.63216357699997,AV AVENIDA CIUDAD DE CALI-CL 40B S 02,2019,Octubre,2,miércoles,5,0,Kennedy,Atropello,N/A,N/A,Con Heridos,0,0,0,0,0,1,1,0,0,0,0,0,0,0,0,0,0,0,0,0,0,0
164586,10498687,-74.140375127,4.58217978699997,KR 33-CL 54 S 02,2019,Octubre,2,miércoles,9,40,Tunjuelito,Choque,Vehículo,N/A,Con Heridos,0,0,0,0,0,1,0,1,0,1,0,0,0,0,0,0,0,0,0,0,0,1
164587,10498688,-74.061293956,4.645435873,CL 7-KR 60 46,2019,Octubre,2,miércoles,10,20,Chapinero,Atropello,N/A,N/A,Con Heridos,0,0,0,0,0,0,1,0,0,0,0,0,0,0,0,0,0,0,0,0,0,0
164588,10498689,-74.040927796,4.70386926600003,CL 127-KR 14 2,2019,Octubre,1,martes,9,5,Usaquén,Choque,Vehículo,N/A,Solo Daños,0,0,0,0,0,0,0,0,0,0,0,0,0,0,0,0,0,0,0,0,0,0
164589,10498690,-74.144812545,4.567961266,AV AVENIDA CIUDAD DE VILLAVICENCIO-KR 22B 02,2019,Octubre,1,martes,15,0,Ciudad Bolívar,Choque,Vehículo,N/A,Solo Daños,0,0,0,0,0,0,0,0,0,0,0,0,0,0,0,0,0,0,0,0,0,0
164591,10498692,N/A,N/A,KR 7-CL 195 02,2019,Octubre,2,miércoles,17,54,Usaquén,Choque,Vehículo,N/A,Solo Daños,0,1,0,0,0,0,0,0,0,0,0,0,0,0,0,0,0,0,0,0,0,0
164592,10498693,-74.126672451,4.64946395999999,AV AVENIDA BOYACA-CL 13 2,2019,Octubre,1,martes,8,0,Fontibón,Choque,Vehículo,N/A,Solo Daños,0,0,0,0,0,0,0,0,0,0,1,0,1,0,0,1,0,0,0,0,0,0
164594,10498695,-74.129322265,4.62273337099998,CL 2-KR 69A 02,2019,Octubre,2,miércoles,5,59,Kennedy,Choque,Vehículo,N/A,Solo Daños,0,0,0,0,0,0,0,0,0,0,1,0,0,0,0,0,0,0,0,0,0,0
164595,10498696,-74.061087837,4.68772109399998,CL 100-KR 49 41,2019,Octubre,2,miércoles,9,10,Barrios Unidos,Choque,Vehículo,N/A,Solo Daños,0,1,0,0,0,0,0,1,0,0,0,0,0,0,0,0,0,0,0,0,0,0
164596,10498697,N/A,N/A,KR 7-CL 197 02,2019,Octubre,1,martes,18,30,Usaquén,Volcamiento,N/A,N/A,Con Heridos,0,0,0,1,0,1,0,0,0,0,0,0,0,0,0,0,0,0,0,0,0,0
164597,10498698,-74.1573,4.61770000000001,KR 75-CL 41 S 29,2019,Octubre,2,miércoles,7,41,Kennedy,Choque,Vehículo,N/A,Solo Daños,0,0,0,0,0,0,0,1,0,0,1,0,0,0,0,0,0,0,0,0,1,0
164598,10498699,-74.046188779,4.69757865100001,CL 116-KR 17 2,2019,Octubre,2,miércoles,6,2,Usaquén,Choque,Vehículo,N/A,Solo Daños,0,0,0,0,0,0,0,0,0,0,1,0,0,0,0,0,0,0,0,0,1,0
164599,10498700,-74.165094004,4.587759328,KR 71F-CL 63A S 02,2019,Octubre,2,miércoles,9,5,Ciudad Bolívar,Atropello,N/A,N/A,Con Heridos,0,0,0,0,0,0,1,0,0,0,0,0,0,0,0,0,0,0,0,0,0,0
164600,10498701,-74.03218179,4.73293686,KR 9-CL 155 2,2019,Octubre,2,miércoles,9,34,Usaquén,Choque,Vehículo,N/A,Solo Daños,0,0,0,0,0,0,0,0,0,1,0,0,0,0,0,0,0,0,0,0,0,1
164601,10498702,-74.089112531,4.65993107200001,CL 63-KR 60 02,2019,Octubre,2,miércoles,19,10,Barrios Unidos,Choque,Vehículo,N/A,Solo Daños,0,0,0,0,0,0,0,0,0,0,0,0,0,0,0,0,0,0,0,0,0,0
164602,10498703,-74.145262035,4.67228604600001,CL 17-KR 99 02,2019,Octubre,2,miércoles,7,29,Fontibón,Choque,Vehículo,N/A,Solo Daños,0,0,0,0,0,0,0,1,0,0,1,0,0,0,0,0,0,0,0,0,0,0
164603,10498704,-74.043504801,4.68255125399997,CL 100-KR 11 02,2019,Octubre,2,miércoles,16,14,Usaquén,Choque,Vehículo,N/A,Solo Daños,0,0,0,0,0,0,0,0,0,0,1,0,1,0,0,1,0,0,0,0,0,0
164604,10499075,-74.13842441,4.56405910799998,AV AVENIDA BOYACA-KR 19BBIS 02,2019,Octubre,5,sábado,17,2,Tunjuelito,Choque,Vehículo,N/A,Con Heridos,0,0,0,0,0,1,0,0,0,0,0,0,0,0,0,0,0,0,0,0,0,0
164605,10499076,-74.155937626,4.64056466900001,AV AVENIDA CIUDAD DE CALI-AV AVENIDA DE LAS AMERICAS 2,2019,Octubre,7,lunes,11,30,Kennedy,Choque,Vehículo,N/A,Con Heridos,1,0,0,0,0,1,0,0,0,0,0,0,0,0,0,0,0,0,0,0,0,0
164606,10499077,-74.172188136,4.61642230299998,KR 80-CL 51B S 25,2019,Octubre,7,lunes,10,15,Kennedy,Choque,Vehículo,N/A,Con Heridos,0,0,0,0,0,1,0,0,0,0,1,0,0,0,0,0,0,0,0,0,0,0
164607,10499078,-74.086350099,4.587222419,KR 10-CL 1C S 07,2019,Octubre,5,sábado,19,45,Antonio Nariño,Atropello,N/A,N/A,Con Heridos,0,0,0,0,0,0,1,1,0,0,0,0,0,0,0,0,0,0,0,0,0,0
164608,10499079,-74.101188523,4.62446223000001,KR 43-CL 14 02,2019,Octubre,7,lunes,19,9,Puente Aranda,Caida de ocupante,N/A,N/A,Con Heridos,0,0,0,0,0,0,0,0,0,0,1,0,1,0,0,1,0,0,0,0,0,0
164609,10499080,-74.124700422,4.59389071700002,TR 35-AC 38B S 2,2019,Octubre,6,domingo,23,10,Puente Aranda,Choque,Vehículo,N/A,Con Muertos,0,0,0,0,0,1,0,0,0,1,0,0,0,0,0,0,0,0,0,0,0,1
164610,10499081,-74.075576211,4.60391244200002,KR 10-CL 15 68,2019,Octubre,7,lunes,13,0,Santa Fe,Choque,Vehículo,N/A,Solo Daños,1,0,0,0,0,0,0,0,0,0,1,0,1,1,0,0,0,0,0,1,0,0
164611,10499082,-74.06474336,4.649767408,KR 14-CL 63 2,2019,Octubre,6,domingo,20,15,Teusaquillo,Atropello,N/A,N/A,Con Heridos,0,0,0,0,0,0,1,0,0,0,0,0,0,0,0,0,0,0,0,0,0,0
164612,10499083,-74.14743462,4.56148673600001,KR 19G-CL 66 S 2,2019,Octubre,8,martes,0,10,Ciudad Bolívar,Choque,Objeto Fijo,Tren,Con Muertos,0,0,0,0,0,1,0,0,0,0,0,0,0,0,0,0,0,0,0,0,0,0
164613,10499084,-74.103099295,4.75038474799999,AV AVENIDA SUBA-KR 114B 02,2019,Octubre,7,lunes,7,10,Suba,Otro,N/A,N/A,Con Heridos,0,0,0,0,0,0,0,0,0,0,1,0,1,1,0,0,0,0,0,1,1,0
164614,10499085,-74.106395978,4.598689374,KR 30-CL 1 2,2019,Octubre,6,domingo,18,53,Puente Aranda,Atropello,N/A,N/A,Con Heridos,0,0,0,0,0,1,1,0,0,0,0,0,0,0,0,0,0,0,0,0,0,0
164615,10499086,-74.102265565,4.69160546099999,CL 71A-KR 80 02,2019,Octubre,5,sábado,13,1,Engativá,Choque,Vehículo,N/A,Solo Daños,0,0,0,0,0,0,0,1,0,0,0,0,0,0,0,0,0,0,0,0,0,0
164616,10499087,-74.139603137,4.68166279100001,CL 23B-KR 103B 2,2019,Octubre,6,domingo,8,0,Fontibón,Atropello,N/A,N/A,Con Heridos,0,0,0,0,0,0,1,0,0,0,0,0,0,0,0,0,0,0,0,0,0,0
164617,10499088,-74.075148913,4.66603662400001,KR 30-CL 71 2,2019,Octubre,7,lunes,17,0,Barrios Unidos,Otro,N/A,N/A,Con Heridos,0,0,0,0,0,0,0,1,0,0,1,0,1,1,0,0,0,1,0,0,0,0
164618,10499089,-74.090928126,4.62715370400002,CL 24-KR 36 02,2019,Octubre,5,sábado,19,50,Teusaquillo,Choque,Vehículo,N/A,Solo Daños,0,1,0,0,0,0,0,0,0,1,0,0,0,0,0,0,0,0,0,0,0,1
164619,10499091,-74.2050633,4.61341251099998,AV AVENIDA CIUDAD DE CALI-KR 81 2,2019,Octubre,6,domingo,16,35,Bosa,Choque,Objeto Fijo,Vehiculo,Con Heridos,0,0,0,0,0,0,1,0,0,0,0,1,0,0,0,0,0,0,0,0,0,0
164620,10499092,-74.094078145,4.59179330400002,CL 3-KR 18 S 02,2019,Octubre,5,sábado,14,10,Antonio Nariño,Choque,Vehículo,N/A,Solo Daños,0,1,0,0,0,0,0,0,0,1,0,0,0,0,0,0,0,0,0,0,0,1
164621,10499093,N/A,N/A,KR 93D-CL 52 S 2,2019,Octubre,7,lunes,6,20,Bosa,Atropello,N/A,N/A,Con Heridos,0,0,0,0,0,0,1,1,0,0,0,0,0,0,0,0,0,0,0,0,1,0
164622,10499094,-74.104168776,4.50516602800002,AV AVENIDA BOYACA-DG 87 S 2,2019,Octubre,6,domingo,10,55,Usme,Atropello,N/A,N/A,Con Heridos,0,0,0,0,1,0,1,0,0,0,0,0,0,0,0,0,0,0,0,0,0,0
164623,10499095,-74.087886894,4.602502087,CL 8-KR 19 02,2019,Octubre,5,sábado,10,59,Los Mártires,Choque,Vehículo,N/A,Solo Daños,0,1,0,0,0,0,0,0,0,0,0,0,0,0,0,0,0,0,0,0,0,0
164624,10499096,-74.106810725,4.657856391,CL 26-KR 69 2,2019,Octubre,4,viernes,14,50,Fontibón,Choque,Vehículo,N/A,Solo Daños,0,0,0,0,0,0,0,0,0,0,1,0,0,0,0,0,0,0,0,0,1,0
164625,10499097,-74.13164836,4.60227817600003,KR 52C-CL 38 S 2,2019,Octubre,6,domingo,8,53,Puente Aranda,Choque,Vehículo,N/A,Solo Daños,0,0,0,0,0,0,0,0,0,1,0,0,0,0,0,0,0,0,0,0,0,1
164626,10499098,-74.083321659,4.62411110300002,KR 30-CL 23BIS 02,2019,Octubre,5,sábado,8,0,Los Mártires,Choque,Vehículo,N/A,Solo Daños,0,0,0,0,0,0,0,0,0,0,0,0,0,0,0,0,0,0,0,0,0,0
164627,10499471,-74.069734599,4.61363198700002,KR 10-CL 27 24,2019,Octubre,9,miércoles,14,50,Santa Fe,Choque,Vehículo,N/A,Con Heridos,0,0,0,0,0,1,0,0,0,1,0,0,0,0,0,0,0,0,0,0,0,1
164628,10499472,-74.187797145,4.62820652300002,CL 56G-KR 88F S 2,2019,Octubre,9,miércoles,6,10,Bosa,Choque,Vehículo,N/A,Con Heridos,1,0,0,0,0,0,0,0,0,1,0,0,0,0,0,0,0,0,0,0,0,1
164629,10499473,-74.09141592,4.59829046900001,KR 19A-CL 4A 02,2019,Octubre,9,miércoles,14,57,Los Mártires,Choque,Vehículo,N/A,Con Heridos,1,0,0,0,1,0,0,0,0,0,0,0,0,0,0,0,0,0,0,0,0,0
164630,10499474,-74.104403638,4.69838293100003,AV AVENIDA CIUDAD DE CALI-CL 74BIS 02,2019,Octubre,9,miércoles,18,7,Engativá,Choque,Vehículo,N/A,Con Heridos,1,0,0,0,0,0,0,0,0,0,1,0,0,0,0,0,0,0,0,0,0,0
164631,10499475,-74.214100588,4.61422790699999,TR 80I-CL 92 S 2,2019,Octubre,10,jueves,2,30,Bosa,Atropello,N/A,N/A,Con Heridos,0,0,0,0,0,0,1,0,0,0,1,0,1,0,0,1,0,0,0,0,0,0
164632,10499476,-74.049575247,4.73473234300002,CL 152-KR 45 2,2019,Octubre,8,martes,9,27,Suba,Choque,Vehículo,N/A,Con Heridos,1,0,0,0,1,0,0,0,0,0,0,0,0,0,0,0,0,0,0,0,0,0
164633,10499477,-74.197823989,4.62487755900003,CL 70-KR 88H S 02,2019,Octubre,10,jueves,20,40,Bosa,Choque,Vehículo,N/A,Con Heridos,0,0,0,0,0,1,0,0,0,0,0,0,0,0,0,0,0,0,0,0,0,0
164634,10499478,-74.058089393,4.65838230600002,CL 73-KR 11 2,2019,Octubre,10,jueves,19,50,Chapinero,Choque,Vehículo,N/A,Con Heridos,1,0,0,0,0,0,0,1,0,1,0,0,0,0,0,0,0,0,0,0,0,1
164635,10499479,-74.102681208,4.56693824500002,KR 10-CL 34 S 2,2019,Octubre,4,viernes,15,15,San Cristóbal,Atropello,N/A,N/A,Con Heridos,0,0,0,0,0,1,1,0,0,0,0,0,0,0,0,0,0,0,0,0,0,0
164636,10499480,-74.060285825,4.721246576,CL 134-KR 54 2,2019,Octubre,10,jueves,0,20,Suba,Choque,Objeto Fijo,Inmueble,Con Heridos,0,0,0,0,0,0,0,0,0,0,0,0,0,0,0,0,0,0,0,0,0,0
164637,10499481,-74.134363701,4.56861592400003,KR 19C-CL 55 S 2,2019,Octubre,9,miércoles,17,0,Tunjuelito,Atropello,N/A,N/A,Con Heridos,0,0,0,0,0,0,1,0,0,0,0,0,0,0,0,0,0,0,0,0,0,0
164638,10499482,-74.120923489,4.54418370600001,KR 14-CL 56 S 02,2019,Octubre,10,jueves,11,10,Usme,Volcamiento,N/A,N/A,Con Heridos,0,0,0,0,0,1,0,0,0,0,0,0,0,0,0,0,0,0,0,0,0,0
164639,10499483,-74.110124648,4.59095549199998,AV AVENIDA PRIMERA DE MAYO-KR 29 69,2019,Octubre,10,jueves,5,40,Antonio Nariño,Atropello,N/A,N/A,Con Heridos,0,0,0,0,0,0,1,0,0,0,0,0,0,0,0,0,0,0,0,0,1,0
164640,10499484,-74.177394157,4.59681784399999,CL 59-KR 77G S 31,2019,Octubre,9,miércoles,14,56,Bosa,Choque,Vehículo,N/A,Con Heridos,0,0,0,0,0,1,0,0,0,0,0,0,0,0,0,0,0,0,0,0,0,0
164641,10499485,-74.141719418,4.53432606299998,CL 81-KR 17A S 35,2019,Octubre,10,jueves,8,30,Ciudad Bolívar,Choque,Objeto Fijo,Tren,Con Heridos,0,0,0,0,1,0,0,0,0,0,0,0,0,0,0,0,0,0,0,0,0,0
164642,10499486,-74.129431419,4.64669767499998,AV AVENIDA BOYACA-CL 13 02,2019,Octubre,9,miércoles,15,50,Kennedy,Caida de ocupante,N/A,N/A,Con Heridos,0,0,0,0,0,0,0,1,0,0,1,0,1,0,0,1,0,0,0,0,0,0
164643,10499487,-74.115036124,4.57677955899999,AV AVENIDA CARACAS-CL 33 S 2,2019,Octubre,10,jueves,7,50,Rafael Uribe Uribe,Atropello,N/A,N/A,Con Heridos,0,0,0,0,0,0,1,0,0,0,1,0,1,1,0,0,0,1,0,0,0,0
164644,10499488,-74.164174667,4.59605767699998,AV AVENIDA DEL SUR-KR 71 75,2019,Octubre,10,jueves,6,30,Bosa,Atropello,N/A,N/A,Con Heridos,0,0,0,0,0,1,1,0,0,0,0,0,0,0,0,0,0,0,0,0,0,0
164645,10499489,-74.079272412,4.64291999,CL 53-KR 30 02,2019,Octubre,9,miércoles,17,30,Teusaquillo,Atropello,N/A,N/A,Con Heridos,0,0,0,0,0,1,1,0,0,0,0,0,0,0,0,0,0,0,0,0,0,0
164646,10499490,N/A,N/A,KR 88C-CL 54R S 2,2019,Octubre,10,jueves,13,30,Bosa,Volcamiento,N/A,N/A,Con Heridos,0,0,0,0,0,1,0,0,0,0,0,0,0,0,0,0,0,0,0,0,0,0
164647,10499491,-74.168898124,4.57288732299997,CL 76A-KR 69 S 02,2019,Octubre,9,miércoles,13,40,Ciudad Bolívar,Atropello,N/A,N/A,Con Heridos,0,0,0,0,0,1,1,0,0,0,0,0,0,0,0,0,0,0,0,0,0,0
164648,10499492,-74.07528696,4.58981217100001,CL 6-KR 24 2,2019,Octubre,9,miércoles,14,45,Los Mártires,Volcamiento,N/A,N/A,Con Heridos,0,0,0,0,0,1,0,0,0,0,0,0,0,0,0,0,0,0,0,0,0,0
164649,10499859,-74.113101397,4.64268178100002,CL 19-KR 68 02,2019,Octubre,13,domingo,11,36,Fontibón,Choque,Vehículo,N/A,Solo Daños,0,0,0,0,0,1,0,0,0,0,0,0,0,0,0,0,0,0,0,0,0,0
164650,10499860,-74.174788417,4.61454100600002,KR 80-CL 55 S 02,2019,Octubre,14,lunes,15,10,Kennedy,Choque,Vehículo,N/A,Solo Daños,0,0,0,0,0,0,0,0,0,0,1,0,0,0,0,0,0,0,0,0,0,0
164651,10499861,-74.126417934,4.59441630800001,KR 50-CL 39A S 02,2019,Octubre,13,domingo,23,45,Puente Aranda,Choque,Vehículo,N/A,Solo Daños,0,0,0,0,0,0,0,0,0,0,0,0,0,0,0,0,0,0,0,0,0,0
164652,10499862,-74.128283254,4.68699828199999,CL 26-KR 98 02,2019,Octubre,15,martes,8,0,Fontibón,Choque,Vehículo,N/A,Solo Daños,0,0,0,0,0,0,0,1,0,0,0,0,0,0,0,0,0,0,0,0,0,0
164653,10499863,-74.169061697,4.57724450000001,DG 75-KR 73B S 32,2019,Octubre,13,domingo,19,0,Ciudad Bolívar,Choque,Vehículo,N/A,Solo Daños,0,0,0,0,0,0,0,0,0,1,1,0,0,0,0,0,0,0,0,0,0,1
164654,10499864,-74.112279087,4.632455204,CL 13-KR 60 02,2019,Octubre,13,domingo,0,48,Puente Aranda,Choque,Vehículo,N/A,Solo Daños,0,0,0,0,0,0,0,0,0,1,0,0,0,0,0,0,0,0,0,0,0,1
164655,10499865,-74.140375127,4.58217978699997,KR 33-CL 54 S 2,2019,Octubre,13,domingo,19,0,Tunjuelito,Choque,Vehículo,N/A,Solo Daños,0,0,0,0,0,1,0,0,0,0,0,0,0,0,0,0,0,0,0,0,0,0
164656,10499866,-74.164143514,4.59604251899998,AV AVENIDA DEL SUR-KR 71 2,2019,Octubre,13,domingo,7,0,Bosa,Choque,Vehículo,N/A,Solo Daños,0,0,0,0,0,0,0,0,0,0,1,0,0,0,0,0,0,0,0,0,1,0
164657,10499867,-74.090815906,4.74209002200001,CL 145-KR 99 02,2019,Octubre,15,martes,19,20,Suba,Choque,Vehículo,N/A,Solo Daños,0,0,0,0,0,0,0,0,0,1,0,0,0,0,0,0,0,0,0,0,1,1
164658,10499868,-74.08471397,4.59720625199998,AV AVENIDA CARACAS-CL 6 02,2019,Octubre,13,domingo,1,55,Los Mártires,Choque,Vehículo,N/A,Solo Daños,0,0,0,0,0,0,0,0,0,1,0,0,0,0,0,0,0,0,0,0,0,1
164659,10499869,-74.12797924,4.66907360200003,AV AVENIDA CIUDAD DE CALI-CL 23 2,2019,Octubre,13,domingo,22,0,Fontibón,Choque,Vehículo,N/A,Solo Daños,0,0,0,0,0,0,0,0,0,0,0,0,0,0,0,0,0,0,0,0,0,0
164660,10499870,-74.113808378,4.51484325500002,KR 10-CL 75 S 02,2019,Octubre,15,martes,18,0,Usme,Choque,Objeto Fijo,Muro,Solo Daños,0,0,0,0,0,0,0,0,0,0,0,0,0,0,0,0,0,0,0,0,0,0
164661,10499871,-74.076668368,4.71514820200002,AV AVENIDA BOYACA-CL 128 02,2019,Octubre,13,domingo,1,20,Suba,Choque,Vehículo,N/A,Solo Daños,0,0,0,0,0,0,0,0,0,0,0,0,0,0,0,0,0,0,0,0,0,0
164662,10499872,-74.106810725,4.657856391,CL 26-KR 69 02,2019,Octubre,15,martes,9,51,Fontibón,Choque,Vehículo,N/A,Solo Daños,0,1,0,0,0,0,0,0,0,0,0,0,0,0,0,0,0,0,0,0,0,0
164663,10499873,-74.052068322,4.66689711499998,KR 11-CL 84 2,2019,Octubre,13,domingo,21,54,Chapinero,Choque,Vehículo,N/A,Solo Daños,0,0,0,0,0,0,0,0,0,0,0,0,0,0,0,0,0,0,0,0,0,0
164664,10499874,-74.078232649,4.65305317399998,KR 30-CL 63A 02,2019,Octubre,13,domingo,7,45,Barrios Unidos,Choque,Vehículo,N/A,Solo Daños,0,0,0,0,0,1,0,0,0,0,0,0,0,0,0,0,0,0,0,0,0,0
164665,10499875,-74.056848745,4.68971576899997,AK 45-CL 103 2,2019,Octubre,13,domingo,18,33,Usaquén,Choque,Vehículo,N/A,Solo Daños,0,0,0,0,0,0,0,0,0,0,0,0,0,0,0,0,0,0,0,0,0,0
164666,10499876,-74.050498539,4.72490163600003,AK 45-CL 142 2,2019,Octubre,13,domingo,19,0,Usaquén,Choque,Vehículo,N/A,Solo Daños,0,0,0,0,0,0,0,0,0,0,1,0,0,0,0,0,0,0,0,0,0,0
164667,10499877,-74.075465286,4.71895380500001,AV AVENIDA BOYACA-KR 128B 02,2019,Octubre,13,domingo,5,48,Suba,Choque,Vehículo,N/A,Solo Daños,0,0,1,0,0,1,0,0,0,0,0,0,0,0,0,0,0,0,0,0,0,0
164668,10499878,-74.037987823,4.73860180100002,CL 160-KR 15 2,2019,Octubre,13,domingo,14,45,Usaquén,Choque,Vehículo,N/A,Solo Daños,0,0,0,0,0,0,0,1,0,0,0,0,0,0,0,0,0,0,0,0,0,0
164669,10499879,-74.059415689,4.707500616,CL 127-KR 51 02,2019,Octubre,14,lunes,15,10,Suba,Choque,Vehículo,N/A,Solo Daños,0,0,0,0,0,0,0,0,0,0,0,0,0,0,0,0,0,0,0,0,0,0
164670,10499880,-74.109848912,4.62739609900001,AV AVENIDA DE LAS AMERICAS-KR 53 2,2019,Octubre,13,domingo,13,0,Puente Aranda,Choque,Vehículo,N/A,Solo Daños,0,0,1,0,0,0,0,0,0,0,0,0,0,0,0,0,0,0,0,0,0,0
164671,10499881,-74.064989574,4.74720037600002,AV AVENIDA BOYACA-CL 163 02,2019,Octubre,15,martes,7,21,Suba,Choque,Vehículo,N/A,Solo Daños,0,0,0,0,0,0,0,0,0,0,1,0,0,0,0,0,0,0,0,0,0,0
164672,10500254,-74.102169056,4.58702008099999,KR 24-CL 17 S 2,2019,Octubre,16,miércoles,18,30,Puente Aranda,Atropello,N/A,N/A,Con Heridos,0,0,0,0,0,1,1,0,0,0,0,0,0,0,0,0,0,0,0,0,0,0
164673,10500255,-74.094986284,4.66424327700003,KR 68-CL 53 02,2019,Octubre,19,sábado,3,48,Teusaquillo,Choque,Vehículo,N/A,Con Heridos,0,0,0,0,0,0,0,0,0,0,0,0,0,0,0,0,0,0,0,0,0,0
164674,10500256,-74.071836055,4.65486614999998,KR 24-CL 63DBIS 2,2019,Octubre,19,sábado,10,45,Barrios Unidos,Atropello,N/A,N/A,Con Heridos,0,0,0,0,0,1,1,0,0,0,0,0,0,0,0,0,0,0,0,0,0,0
164675,10500257,-74.121565923,4.55620503900002,CL 51-KR 7 S 48,2019,Octubre,17,jueves,4,20,Rafael Uribe Uribe,Otro,N/A,N/A,Con Heridos,0,0,0,0,0,0,1,0,0,0,0,0,0,0,0,0,0,0,0,0,0,0
164676,10500258,-74.073371612,4.68851982899997,KR 68-CL 98 2,2019,Octubre,20,domingo,10,34,Barrios Unidos,Atropello,N/A,N/A,Con Heridos,0,0,0,0,0,1,1,1,0,0,0,0,0,0,0,0,0,0,0,0,0,0
164677,10500259,-74.135845195,4.54512927799999,AV AVENIDA BOYACA-CL 71BIS S 2,2019,Octubre,20,domingo,5,50,Ciudad Bolívar,Atropello,N/A,N/A,Con Heridos,0,0,0,0,0,1,1,0,0,0,0,0,0,0,0,0,0,0,0,0,0,0
164678,10500260,-74.043722853,4.72744536099998,CL 145A-KR 17 2,2019,Octubre,18,viernes,18,20,Usaquén,Atropello,N/A,N/A,Con Heridos,0,0,0,0,0,0,1,0,0,1,0,0,0,0,0,0,0,0,0,0,0,1
164679,10500261,-74.117077216,4.74784882799997,CL 142-KR 145 2,2019,Octubre,18,viernes,12,30,Suba,Atropello,N/A,N/A,Con Heridos,0,0,0,0,1,1,1,0,0,0,0,0,0,0,0,0,0,0,0,0,0,0
164680,10500262,-74.172458911,4.61323136200002,AV AVENIDA PRIMERA DE MAYO-KR 79A 79,2019,Octubre,20,domingo,1,50,Kennedy,Choque,Objeto Fijo,Inmueble,Con Heridos,0,0,1,0,0,1,0,0,0,0,0,0,0,0,0,0,0,0,0,0,0,0
164681,10500263,-74.093146953,4.558458057,CL 36B-KR 3 SE 02,2019,Octubre,19,sábado,9,0,San Cristóbal,Volcamiento,N/A,N/A,Con Heridos,0,0,0,0,0,0,0,1,0,0,0,0,0,0,0,0,0,0,0,0,0,0
164682,10500264,-74.15286113,4.57354943799999,AV AVENIDA CUIDAD DE VILLAVICENCIO-KR 43 2,2019,Octubre,18,viernes,18,45,Ciudad Bolívar,Atropello,N/A,N/A,Con Muertos,0,0,0,0,0,1,1,1,0,0,0,0,0,0,0,0,0,0,0,0,0,0
164683,10500265,-74.120285868,4.58795825099998,CL 35B-KR 26F S 2,2019,Octubre,20,domingo,22,40,Rafael Uribe Uribe,Atropello,N/A,N/A,Con Heridos,0,0,0,0,0,0,1,0,0,0,0,0,0,0,0,0,0,0,0,0,0,0
164684,10500266,-74.082777363,4.59935124499998,AV AVENIDA CARACAS-CL 8 02,2019,Octubre,19,sábado,15,45,Santa Fe,Atropello,N/A,N/A,Con Heridos,0,0,0,0,0,0,1,0,0,0,1,0,1,1,0,0,0,1,0,0,0,0
164685,10500267,-74.17907745,4.59676062300002,CL 57R-KR 76 S 61,2019,Octubre,19,sábado,20,40,Bosa,Atropello,N/A,N/A,Con Heridos,0,0,0,0,0,0,1,1,0,0,0,0,0,0,0,0,0,0,0,0,0,0
164686,10500268,-74.077938359,4.60043129000002,KR 10-CL 11 35,2019,Octubre,18,viernes,19,30,Santa Fe,Otro,N/A,N/A,Con Heridos,0,0,0,0,0,0,0,0,0,0,1,0,1,1,0,0,0,1,0,0,0,0
164687,10500269,-74.052864031,4.66214113799998,KR 9-CL 79 02,2019,Octubre,20,domingo,12,18,Chapinero,Atropello,N/A,N/A,Con Heridos,0,0,0,0,0,0,1,1,0,0,0,0,0,0,0,0,0,0,0,0,0,0
164688,10500270,-74.081140367,4.627151357,KR 30-CL 24 02,2019,Octubre,19,sábado,1,30,Los Mártires,Atropello,N/A,N/A,Con Heridos,0,0,0,0,0,0,1,0,0,0,0,0,0,0,0,0,0,0,0,0,0,0
164689,10500271,-74.073953882,4.64188168499999,KR 24-CL 53 2,2019,Octubre,18,viernes,18,15,Teusaquillo,Atropello,N/A,N/A,Con Heridos,0,0,0,0,0,1,1,0,0,0,0,0,0,0,0,0,0,0,0,0,0,0
164690,10500272,-74.151948924,4.67108987400002,AC 13-KR 104 2,2019,Octubre,20,domingo,21,10,Fontibón,Atropello,N/A,N/A,Con Heridos,0,0,0,0,0,1,1,0,0,0,0,0,0,0,0,0,0,0,0,0,0,0
164691,10500273,-74.104601962,4.61427800199999,AC 6-KR 38 2,2019,Octubre,19,sábado,21,20,Puente Aranda,Atropello,N/A,N/A,Con Muertos,0,0,0,0,0,0,1,0,0,0,0,0,0,0,0,0,0,0,0,0,0,0
164692,10500274,-74.164879261,4.617814641,KR 79-CL 43 S 02,2019,Octubre,19,sábado,20,15,Kennedy,Atropello,N/A,N/A,Con Heridos,0,0,0,0,0,0,1,1,0,0,0,0,0,0,0,0,0,0,0,0,0,0
164693,10500275,-74.1388,4.64389999999997,TR 78D-CL 10B 2,2019,Octubre,20,domingo,10,0,Kennedy,Atropello,N/A,N/A,Con Heridos,0,0,0,0,0,1,1,1,0,0,0,0,0,0,0,0,0,0,0,0,0,0
164694,10500276,-74.04290813,4.74001142999998,AK 19-CL 160 02,2019,Octubre,19,sábado,13,0,Usaquén,Atropello,N/A,N/A,Con Heridos,0,0,0,0,0,1,1,1,0,0,0,0,0,0,0,0,0,0,0,0,0,0
164695,10500277,-74.159039168,4.56861843799999,KR 42-CL 70 S 2,2019,Octubre,19,sábado,10,30,Ciudad Bolívar,Atropello,N/A,N/A,Con Heridos,0,0,0,0,1,0,1,0,0,0,1,0,1,0,1,0,0,0,0,0,0,0
164696,10500652,-74.06435405,4.708888731,CL 127-KR 54 2,2019,Octubre,22,martes,12,30,Suba,Choque,Vehículo,N/A,Con Heridos,1,0,0,0,0,0,0,0,0,0,1,0,1,0,0,1,0,0,0,0,0,0
164697,10500653,-74.0991318,4.74599514400001,CL 142-KR 108A 2,2019,Octubre,22,martes,11,40,Suba,Caida de ocupante,N/A,N/A,Con Heridos,0,0,0,0,1,0,0,0,0,0,1,0,0,0,0,0,0,0,0,0,0,0
164698,10500654,-74.152635102,4.636510327,KR 80G-CL 6 02,2019,Octubre,22,martes,19,41,Kennedy,Atropello,N/A,N/A,Con Heridos,0,0,0,0,0,0,1,0,0,0,0,0,0,0,0,0,0,0,0,0,0,0
164699,10500655,-74.124156835,4.65155635100001,CL 19-KR 72 2,2019,Octubre,23,miércoles,19,15,Fontibón,Atropello,N/A,N/A,Con Heridos,0,0,0,0,0,1,1,0,0,0,0,0,0,0,0,0,0,0,0,0,0,0
164700,10500656,-74.060343329,4.66672007900002,KR 20-CL 79 56,2019,Octubre,22,martes,12,51,Chapinero,Atropello,N/A,N/A,Con Heridos,0,0,0,0,0,0,1,0,0,0,1,0,0,0,0,0,0,0,0,0,1,0
164701,10500657,-74.114214313,4.61530423099998,CL 3-KR 50 02,2019,Octubre,23,miércoles,6,59,Puente Aranda,Atropello,N/A,N/A,Con Muertos,0,0,0,0,0,0,1,0,0,0,1,0,1,0,0,1,0,0,0,0,0,0
164702,10500658,-74.075290925,4.60805290100001,CL 19-KR 13 2,2019,Octubre,22,martes,19,0,Santa Fe,Atropello,N/A,N/A,Con Heridos,0,0,0,0,0,0,1,0,0,0,1,0,1,0,0,1,0,0,0,0,0,0
164703,10500659,-74.177469122,4.64443480199998,CL 42F-KR 97 S 02,2019,Octubre,23,miércoles,10,20,Kennedy,Atropello,N/A,N/A,Con Heridos,0,0,0,0,1,1,1,0,0,0,0,0,0,0,0,0,0,0,0,0,0,0
164704,10500660,-74.037398782,4.760330684,KR 16-CL 183 2,2019,Octubre,23,miércoles,8,52,Usaquén,Atropello,N/A,N/A,Con Heridos,0,0,0,0,0,0,1,0,0,0,0,0,0,0,0,0,0,0,0,0,0,0
164705,10500661,-74.035045166,4.699319323,KR 11A-CL 121 2,2019,Octubre,23,miércoles,11,30,Usaquén,Atropello,N/A,N/A,Con Heridos,0,0,0,0,0,1,1,0,0,0,0,0,0,0,0,0,0,0,0,0,0,0
164706,10500662,-74.120293976,4.70980311400001,KR 106-CL 75B 2,2019,Octubre,22,martes,11,10,Engativá,Atropello,N/A,N/A,Con Heridos,0,0,0,0,1,0,1,0,0,0,0,0,0,0,0,0,0,0,0,0,0,0
164707,10500663,-74.069079413,4.603575025,CL 19-KR 4 10,2019,Octubre,23,miércoles,20,46,Santa Fe,Atropello,N/A,N/A,Con Heridos,0,0,0,0,0,0,1,0,0,0,0,0,0,0,0,0,0,0,0,0,0,0
164708,10500664,-74.194024369,4.60434439099998,CL 70D-KR 79 S 02,2019,Octubre,23,miércoles,16,20,Bosa,Choque,Vehículo,N/A,Solo Daños,0,0,0,0,0,1,0,0,0,0,0,0,0,0,0,0,0,0,0,0,0,0
164709,10500665,-74.115622753,4.51186645400003,CL 76B-KR 14 S 43,2019,Octubre,22,martes,17,15,Usme,Atropello,N/A,N/A,Con Heridos,0,0,0,0,0,0,1,0,0,0,0,0,0,0,0,0,0,0,0,0,0,0
164710,10500666,-74.042561637,4.68231592500001,CL 100-KR 10 2,2019,Octubre,23,miércoles,18,30,Usaquén,Choque,Vehículo,N/A,Solo Daños,0,0,0,0,0,0,0,0,0,0,0,0,0,0,0,0,0,0,0,0,0,0
164711,10500667,-74.062305988,4.60335309800001,AV AVENIDA CIRCUNVALAR-CL 22 02,2019,Octubre,23,miércoles,17,50,Santa Fe,Choque,Vehículo,N/A,Solo Daños,0,0,0,0,0,0,0,0,0,0,1,0,0,0,0,0,0,0,0,0,0,0
164712,10500668,-74.150620145,4.64564210399999,AV AVENIDA CIUDAD DE CALI-CL 8 2,2019,Octubre,23,miércoles,16,27,Kennedy,Choque,Vehículo,N/A,Solo Daños,0,1,0,0,0,0,0,1,0,0,0,0,0,0,0,0,0,0,0,0,0,0
164713,10500669,-74.144632415,4.61607965000002,KR 72N-CL 37 S 02,2019,Octubre,23,miércoles,17,0,Kennedy,Choque,Vehículo,N/A,Solo Daños,0,0,0,0,0,0,0,1,0,0,1,0,0,0,0,0,0,0,0,0,1,0
164714,10500670,-74.097935713,4.63872580200001,KR 51-CL 24 15,2019,Octubre,23,miércoles,19,20,Teusaquillo,Choque,Vehículo,N/A,Solo Daños,0,1,0,0,0,0,0,0,0,0,0,0,0,0,0,0,0,0,0,0,0,0
164715,10500671,-74.042857159,4.70427328099998,CL 127-KR 15 2,2019,Octubre,23,miércoles,15,43,Usaquén,Choque,Vehículo,N/A,Solo Daños,0,0,0,0,0,0,0,1,0,0,0,0,0,0,0,0,0,0,0,0,0,0
164716,10500672,-74.151840553,4.595685301,AV AVENIDA DEL SUR-KR 62F 02,2019,Octubre,23,miércoles,11,40,Bosa,Choque,Vehículo,N/A,Solo Daños,0,1,0,0,0,0,0,1,0,0,0,0,0,0,0,0,0,0,0,0,0,0
164717,10500673,-74.122954516,4.641093727,CL 13-KR 68D 2,2019,Octubre,23,miércoles,13,54,Fontibón,Choque,Vehículo,N/A,Solo Daños,0,0,0,0,0,0,0,0,0,0,0,0,0,0,0,0,0,0,0,0,0,0
164718,10500674,-74.055914087,4.69387615300002,AK 45-CL 106 2,2019,Octubre,23,miércoles,14,20,Usaquén,Choque,Vehículo,N/A,Solo Daños,0,0,0,0,0,0,0,0,0,1,0,0,0,0,0,0,0,0,0,0,0,1
164719,10500675,-74.148327092,4.685693335,KR 113A-CL 22F 02,2019,Octubre,23,miércoles,20,32,Fontibón,Choque,Vehículo,N/A,Solo Daños,0,1,0,0,0,0,0,0,0,0,0,0,0,0,0,0,0,0,0,0,0,0
164720,10501060,-74.075956115,4.71682386600003,AV AVENIDA BOYACA-CL 128A 59,2019,Octubre,28,lunes,22,15,Suba,Choque,Vehículo,N/A,Solo Daños,0,0,0,0,0,0,0,0,0,0,0,0,0,0,0,0,0,0,0,0,0,0
164721,10501061,-74.161255611,4.58850358400002,KR 70C-CL 63 S 2,2019,Octubre,26,sábado,22,20,Ciudad Bolívar,Choque,Vehículo,N/A,Solo Daños,0,0,0,0,0,0,0,0,0,1,0,0,0,0,0,0,0,0,0,0,0,1
164722,10501062,-74.043730413,4.67140234099998,KR 7-CL 92 02,2019,Octubre,25,viernes,14,55,Chapinero,Choque,Vehículo,N/A,Solo Daños,0,0,0,0,0,0,0,0,0,0,0,0,0,0,0,0,0,0,0,0,0,0
164723,10501063,-74.034086941,4.74874420499998,CL 170A-KR 13 2,2019,Octubre,28,lunes,17,15,Usaquén,Choque,Vehículo,N/A,Solo Daños,0,0,0,0,0,0,0,0,0,0,1,0,0,0,0,0,0,0,0,0,0,0
164724,10501065,-74.068525725,4.72970660599998,KR 72-CL 138 2,2019,Octubre,28,lunes,12,27,Suba,Choque,Vehículo,N/A,Solo Daños,0,0,0,0,0,0,0,1,0,0,0,0,0,0,0,0,0,0,0,0,0,0
164725,10501066,-74.144071205,4.63175442900001,CL 6A-KR 75 02,2019,Octubre,25,viernes,14,21,Kennedy,Choque,Vehículo,N/A,Solo Daños,0,1,0,0,0,0,0,1,0,0,1,0,1,0,1,0,0,0,0,0,0,0
164726,10501067,-74.16374437,4.69001539700002,CL 17-KR 128 2,2019,Octubre,26,sábado,22,30,Fontibón,Choque,Vehículo,N/A,Solo Daños,0,1,0,0,0,0,0,0,0,0,0,0,0,0,0,0,0,0,0,0,0,0
164727,10501068,-74.124340332,4.65168472200003,AV AVENIDA BOYACA-CL 19 2,2019,Octubre,28,lunes,5,50,Fontibón,Choque,Vehículo,N/A,Solo Daños,0,1,0,0,0,0,0,1,0,0,0,0,0,0,0,0,0,0,0,0,0,0
164728,10501069,-74.157957821,4.59442715199998,KR 67-CL 58 S 31,2019,Octubre,28,lunes,11,30,Ciudad Bolívar,Choque,Vehículo,N/A,Solo Daños,0,0,0,0,0,0,0,0,0,0,0,0,0,0,0,0,0,0,0,0,0,0
164729,10501070,-74.08992547,4.60790908799999,CL 11-KR 24 02,2019,Octubre,25,viernes,13,10,Los Mártires,Choque,Vehículo,N/A,Solo Daños,1,1,0,0,0,0,0,1,0,0,0,0,0,0,0,0,0,0,0,0,0,0
164730,10501071,-74.121525439,4.55599893900001,CL 51-KR 7 S 2,2019,Octubre,28,lunes,18,0,Rafael Uribe Uribe,Choque,Vehículo,N/A,Solo Daños,0,1,0,0,0,0,0,0,0,1,0,0,0,0,0,0,0,0,0,0,0,1
164731,10501072,-74.131686489,4.56897972600001,CL 53-KR 19B S 2,2019,Octubre,28,lunes,12,40,Tunjuelito,Choque,Vehículo,N/A,Solo Daños,0,1,0,0,0,0,0,0,0,0,1,0,1,0,0,1,0,0,0,0,0,0
164732,10501073,-74.057207825,4.75406811800002,AC 170-KR 57 2,2019,Octubre,26,sábado,10,0,Suba,Choque,Vehículo,N/A,Solo Daños,0,0,0,0,0,0,0,0,0,0,0,0,0,0,0,0,0,0,0,0,0,0
164733,10501074,-74.056781741,4.71131336899998,KR 49-CL 127C 02,2019,Octubre,25,viernes,16,0,Suba,Choque,Vehículo,N/A,Solo Daños,0,0,0,0,0,0,0,0,0,0,0,0,0,0,0,0,0,0,0,0,0,0
164734,10501075,-74.152833694,4.57352930600001,CL 61-KR 43 S 2,2019,Octubre,28,lunes,20,50,Ciudad Bolívar,Volcamiento,N/A,N/A,Solo Daños,0,0,0,1,0,0,0,0,0,0,0,0,0,0,0,0,0,0,0,0,0,0
164735,10501076,-74.068489925,4.69531751,CL 113-TR 60 2,2019,Octubre,26,sábado,8,24,Suba,Choque,Vehículo,N/A,Solo Daños,0,0,0,0,0,0,0,0,0,0,0,0,0,0,0,0,0,0,0,0,0,0
164736,10501077,-74.158224492,4.59631323100001,AV AVENIDA DEL SUR-KR 67 02,2019,Octubre,25,viernes,17,0,Bosa,Choque,Vehículo,N/A,Solo Daños,0,1,0,0,0,0,0,0,0,0,0,0,0,0,0,0,0,0,0,0,0,0
164737,10501078,-74.10968013,4.69406780999998,CL 69G-KR 88A 2,2019,Octubre,28,lunes,16,50,Engativá,Choque,Vehículo,N/A,Solo Daños,0,0,0,0,0,0,0,0,0,0,0,0,0,0,0,0,0,0,0,0,0,0
164738,10501079,-74.124492121,4.65189269899997,AV AVENIDA BOYACA-CL 19 2,2019,Octubre,28,lunes,5,15,Fontibón,Choque,Vehículo,N/A,Solo Daños,0,0,0,0,0,0,0,0,0,0,1,0,1,0,0,1,0,0,0,0,0,0
164739,10501080,-74.062770075,4.68888283799998,KR 53-CL 100 2,2019,Octubre,26,sábado,19,48,Suba,Choque,Vehículo,N/A,Solo Daños,0,0,0,0,0,0,0,1,0,0,0,0,0,0,0,0,0,0,0,0,0,0
164740,10501081,-74.08592734,4.62124985000003,KR 30-CL 22 2,2019,Octubre,28,lunes,14,50,Los Mártires,Choque,Vehículo,N/A,Solo Daños,0,0,0,0,0,0,0,0,0,0,0,0,0,0,0,0,0,0,0,0,0,0
164741,10501082,-74.116732718,4.66085362500002,AV AVENIDA BOYACA-CL 23D 2,2019,Octubre,28,lunes,12,55,Fontibón,Choque,Vehículo,N/A,Solo Daños,0,0,0,0,0,0,0,0,0,0,0,0,0,0,0,0,0,0,0,0,0,0
164742,10501083,-74.129291165,4.57782217900001,KR 24-CL 47B S 2,2019,Octubre,26,sábado,9,15,Tunjuelito,Choque,Vehículo,N/A,Solo Daños,0,1,0,0,0,0,0,0,0,0,0,0,0,0,0,0,0,0,0,0,0,0
164743,10501084,-74.068660133,4.71844586600002,KR 58-CL 129 61,2019,Octubre,25,viernes,14,46,Suba,Choque,Vehículo,N/A,Solo Daños,0,0,0,0,0,0,0,0,0,0,0,0,0,0,0,0,0,0,0,0,0,0
164744,10501085,-74.084164328,4.65367846599997,CL 63-KR 50 2,2019,Octubre,28,lunes,16,20,Barrios Unidos,Choque,Vehículo,N/A,Solo Daños,0,0,0,0,0,0,0,0,0,0,0,0,0,0,0,0,0,0,0,0,0,0
164745,10501460,-74.162286371,4.59639102199998,AV AVENIDA CIUDAD DE VILLAVICENCIO-CL 57R S 02,2019,Octubre,30,miércoles,20,30,Bosa,Choque,Vehículo,N/A,Solo Daños,0,0,0,0,0,0,0,0,0,0,1,0,1,0,0,1,0,0,0,0,0,0
164746,10501461,-74.0963,4.69529999999997,KR 76-CL 77 02,2019,Octubre,31,jueves,17,40,Engativá,Choque,Vehículo,N/A,Solo Daños,0,0,0,0,0,0,0,0,0,1,1,0,0,0,0,0,0,0,0,0,1,1
164747,10501462,-74.109184012,4.66993653399999,CL 51-KR 72A 2,2019,Octubre,29,martes,11,20,Engativá,Choque,Vehículo,N/A,Solo Daños,0,0,0,0,0,0,0,0,0,0,0,0,0,0,0,0,0,0,0,0,0,0
164748,10501463,-74.105460294,4.60914659700001,KR 36-CL 4A 02,2019,Octubre,30,miércoles,6,10,Puente Aranda,Choque,Vehículo,N/A,Solo Daños,0,0,0,0,0,0,0,0,0,0,0,0,0,0,0,0,0,0,0,0,0,0
164749,10501464,N/A,N/A,KR 70-CL 26 02,2019,Octubre,31,jueves,18,11,Fontibón,Choque,Vehículo,N/A,Solo Daños,0,0,0,0,0,0,0,0,0,0,1,0,1,0,0,1,0,0,0,0,0,0
164750,10501465,-74.069819905,4.63803168099997,KR 17-CL 50 2,2019,Octubre,11,viernes,21,45,Teusaquillo,Choque,Vehículo,N/A,Con Heridos,0,0,0,0,0,1,0,0,0,0,1,0,1,0,0,1,0,0,0,0,0,0
164751,10501466,-74.103921929,4.75079690699999,CL 145-KR 114F 02,2019,Octubre,30,miércoles,22,0,Suba,Choque,Vehículo,N/A,Solo Daños,0,0,0,0,0,1,0,0,0,0,0,0,0,0,0,0,0,0,0,0,0,0
164752,10501467,-74.135417904,4.69303745799999,CL 26-KR 106 02,2019,Octubre,30,miércoles,23,14,Fontibón,Choque,Vehículo,N/A,Solo Daños,0,0,0,0,0,0,0,0,0,0,0,0,0,0,0,0,0,0,0,0,1,0
164753,10501468,-74.06710709,4.68959111999999,AC 100-KR 62 02,2019,Octubre,31,jueves,14,10,Barrios Unidos,Choque,Vehículo,N/A,Solo Daños,0,0,0,0,0,0,0,1,0,0,0,0,0,0,0,0,0,0,0,0,0,0
164754,10501469,-74.092645919,4.69081843800001,AV AVENIDA BOYACA-CL 75 02,2019,Octubre,30,miércoles,9,28,Engativá,Choque,Vehículo,N/A,Solo Daños,0,0,0,0,0,1,0,0,0,0,0,0,0,0,0,0,0,0,0,0,0,0
164755,10501470,N/A,N/A,KR 68-CL 66A 02,2019,Octubre,31,jueves,18,10,Barrios Unidos,Choque,Vehículo,N/A,Solo Daños,0,0,0,0,0,0,0,0,0,0,0,0,0,0,0,0,0,0,0,0,0,0
164756,10501471,-74.049716162,4.70561857500002,KR 19A-CL 127 2,2019,Octubre,20,domingo,14,45,Usaquén,Choque,Vehículo,N/A,Solo Daños,0,1,0,0,0,0,0,0,0,0,0,0,0,0,0,0,0,0,0,0,0,0
164757,10501472,-74.057786898,4.68180393400002,KR 45-CL 94 02,2019,Octubre,30,miércoles,7,55,Chapinero,Choque,Vehículo,N/A,Solo Daños,0,0,0,0,0,0,0,0,0,0,0,0,0,0,0,0,0,0,0,0,0,0
164758,10501473,-74.088892069,4.695582038,AV AVENIDA BOYACA-CL 80 02,2019,Octubre,31,jueves,15,10,Engativá,Choque,Vehículo,N/A,Solo Daños,0,1,0,0,0,0,0,0,0,0,1,0,1,0,0,1,0,0,0,0,0,0
164759,10501474,-74.066255102,4.67271087400002,CL 80-KR 29 2,2019,Octubre,21,lunes,15,10,Barrios Unidos,Choque,Vehículo,N/A,Solo Daños,0,0,0,0,0,0,0,0,0,0,0,0,0,0,0,0,0,0,0,0,0,0
164760,10501475,-74.103737796,4.69954813200002,KR 86-CL 75 02,2019,Octubre,31,jueves,4,7,Engativá,Choque,Vehículo,N/A,Solo Daños,0,0,0,0,0,0,0,0,0,1,0,0,0,0,0,0,0,0,0,0,0,1
164761,10501476,-74.164772769,4.69082110099998,CL 17-KR 129 02,2019,Octubre,31,jueves,15,20,Fontibón,Choque,Vehículo,N/A,Solo Daños,0,1,0,0,0,0,0,0,0,0,1,0,0,0,0,0,0,0,0,0,0,0
164762,10501477,-74.139547165,4.68527729800002,CL 23HBIS-KR 106 02,2019,Octubre,31,jueves,2,23,Fontibón,Choque,Objeto Fijo,Tren,Solo Daños,0,0,0,0,0,0,0,0,0,0,0,0,0,0,0,0,0,0,0,0,0,0
164763,10501478,-74.113586726,4.71155608599997,CL 80-KR 102 02,2019,Octubre,31,jueves,18,15,Engativá,Choque,Vehículo,N/A,Solo Daños,0,0,0,0,0,0,0,0,0,0,0,0,0,0,0,0,0,0,0,0,0,0
164764,10501479,-74.082305878,4.652812337,CL 63-KR 45 02,2019,Octubre,31,jueves,12,36,Teusaquillo,Choque,Vehículo,N/A,Solo Daños,0,0,0,0,0,1,0,1,0,0,0,0,0,0,0,0,0,0,0,0,0,0
164765,10501480,-74.05851149,4.65019788799998,KR 7-CL 66 42,2019,Octubre,31,jueves,11,50,Chapinero,Choque,Vehículo,N/A,Solo Daños,0,0,0,0,0,0,0,1,0,1,0,0,0,0,0,0,0,0,0,0,0,1
164766,10501481,-74.169394678,4.69480585899998,CL 17-KR 137 2,2019,Octubre,25,viernes,11,30,Fontibón,Choque,Vehículo,N/A,Solo Daños,0,0,0,0,0,0,0,0,0,0,0,0,0,0,0,0,0,0,0,0,0,0
164767,10501482,-74.044926681,4.68349893499999,CL 100-KR 11B 02,2019,Octubre,31,jueves,13,20,Usaquén,Choque,Vehículo,N/A,Solo Daños,0,0,0,0,0,0,0,0,0,0,0,0,0,0,0,0,0,0,0,0,0,0
164768,10501483,-74.120284202,4.691832546,CL 63-KR 96 02,2019,Octubre,28,lunes,13,25,Engativá,Choque,Vehículo,N/A,Solo Daños,0,0,0,0,0,0,0,0,0,0,0,0,0,0,0,0,0,0,0,0,0,0
164769,10501484,-74.057713885,4.62304155200002,AV AVENIDA CIRCUNVALAR-KR 38 12,2019,Octubre,30,miércoles,16,50,Santa Fe,Choque,Vehículo,N/A,Solo Daños,0,0,0,0,0,1,0,0,0,0,0,0,0,0,0,0,0,0,0,0,0,0
164788,10501869,-74.077074088,4.65181510299999,CL 63-KR 30 2,2019,Octubre,31,jueves,14,30,Barrios Unidos,Choque,Vehículo,N/A,Solo Daños,0,1,0,0,0,0,0,0,0,0,1,0,0,0,0,0,0,0,0,0,1,0
164838,10502637,-74.057943235,4.645178665,CL 61-KR 3F 66,2019,Octubre,28,lunes,15,30,Chapinero,Choque,Objeto Fijo,Vehiculo,Solo Daños,0,0,0,0,0,0,0,0,0,0,0,0,0,0,0,0,0,0,0,0,0,0
164965,10498705,-74.023618839,4.728111635,KR 6-CL 153A 02,2019,Octubre,2,miércoles,6,45,Usaquén,Choque,Vehículo,N/A,Solo Daños,0,1,0,0,0,0,0,0,0,0,0,0,0,0,0,0,0,0,0,0,0,0
164966,10498706,-74.032456975,4.72394983800001,CL 146-KR 9 2,2019,Octubre,2,miércoles,13,50,Usaquén,Choque,Vehículo,N/A,Solo Daños,0,0,0,0,0,0,0,0,0,1,1,0,1,0,0,1,0,0,0,0,0,1
164967,10498707,-74.035484763,4.74094182800002,KR 14B-CL 163 02,2019,Octubre,2,miércoles,13,40,Usaquén,Incendio,N/A,N/A,Solo Daños,0,0,0,0,0,0,0,0,0,0,0,0,0,0,0,0,0,0,0,0,0,0
164968,10498708,-74.188688453,4.61800563999998,AV AVENIDA CIUDAD DE CALI-CL 62 S 2,2019,Octubre,2,miércoles,13,44,Bosa,Choque,Vehículo,N/A,Solo Daños,0,0,0,0,0,0,0,0,0,0,0,0,0,0,0,0,0,0,0,0,0,0
164969,10498709,-74.049067138,4.73749004199999,KR 45-CL 152 2,2019,Octubre,2,miércoles,21,51,Usaquén,Choque,Vehículo,N/A,Solo Daños,0,0,0,0,0,0,0,0,0,1,0,0,0,0,0,0,0,0,0,0,0,1
164971,10498711,-74.058230688,4.70766729000002,CL 127-KR 50 02,2019,Octubre,2,miércoles,8,55,Suba,Choque,Vehículo,N/A,Solo Daños,0,0,0,0,0,0,0,0,0,1,0,0,0,0,0,0,0,0,0,0,0,1
164972,10498712,-74.0657,4.62580000000003,KR 7-DG 39 2,2019,Octubre,2,miércoles,11,50,Chapinero,Choque,Vehículo,N/A,Solo Daños,0,0,0,0,0,0,0,0,0,1,1,0,0,0,0,0,0,0,0,0,0,1
164973,10498713,-74.0657,4.62580000000003,KR 7-CL 39 02,2019,Octubre,2,miércoles,15,40,Chapinero,Choque,Vehículo,N/A,Solo Daños,0,0,0,0,0,1,0,0,0,0,0,0,0,0,0,0,0,0,0,0,0,0
164974,10498714,-74.100570031,4.63583918500001,KR 50-CL 22 2,2019,Octubre,2,miércoles,13,40,Teusaquillo,Choque,Vehículo,N/A,Solo Daños,0,0,0,0,0,0,0,0,0,0,1,0,1,0,0,1,0,0,0,0,0,0
164975,10498715,-74.072931774,4.62801326300001,KR 19-CL 39 02,2019,Octubre,2,miércoles,15,30,Teusaquillo,Volcamiento,N/A,N/A,Con Heridos,0,0,0,0,0,1,0,0,0,0,0,0,0,0,0,0,0,0,0,0,0,0
164976,10498716,-74.041910556,4.77722734399998,KR 45-CL 199 2,2019,Octubre,2,miércoles,17,15,Usaquén,Choque,Vehículo,N/A,Solo Daños,0,0,0,0,0,1,0,0,0,0,0,0,0,0,0,0,0,0,0,0,0,0
164977,10498717,-74.145259784,4.59497236200002,AV AVENIDA BOYACA-CL 45A S 02,2019,Octubre,2,miércoles,14,0,Tunjuelito,Choque,Vehículo,N/A,Solo Daños,0,0,0,0,0,0,0,0,0,0,1,0,0,0,0,0,0,0,0,0,0,0
164978,10498718,-74.054900821,4.66012577800001,CL 76-KR 9 26,2019,Octubre,2,miércoles,7,25,Chapinero,Choque,Vehículo,N/A,Solo Daños,0,0,0,0,0,1,0,0,0,0,0,0,0,0,0,0,0,0,0,0,0,0
164979,10498719,-74.095839158,4.56344798399999,KR 3-CL 31C S 2,2019,Octubre,2,miércoles,18,45,San Cristóbal,Choque,Vehículo,N/A,Solo Daños,0,1,0,0,0,0,0,0,0,1,0,0,0,0,0,0,0,0,0,0,0,1
164980,10498720,-74.126512975,4.711893105,KR 110G-CL 72 02,2019,Octubre,2,miércoles,14,10,Engativá,Choque,Vehículo,N/A,Solo Daños,0,0,0,0,0,0,0,0,0,0,0,0,0,0,0,0,0,0,0,0,0,0
164981,10498721,-74.09235966,4.70375470099998,TR 76-DG 82G 2,2019,Octubre,2,miércoles,21,0,Engativá,Choque,Vehículo,N/A,Solo Daños,1,0,0,0,0,0,0,0,0,0,0,0,0,0,0,0,0,0,0,0,0,0
164982,10498722,-74.096342615,4.63857198199997,KR 50-CL 24BIS 50,2019,Octubre,2,miércoles,10,32,Teusaquillo,Choque,Vehículo,N/A,Solo Daños,0,0,0,0,0,0,0,0,0,1,0,0,0,0,0,0,0,0,0,0,0,0
164983,10498723,-74.145469252,4.56258076099999,CL 64-KR 20 S 02,2019,Octubre,2,miércoles,23,30,Ciudad Bolívar,Choque,Vehículo,N/A,Solo Daños,0,0,0,0,0,0,0,0,0,1,0,0,0,0,0,0,0,0,0,0,0,1
164984,10498724,-74.127121362,4.64991956799997,CL 13-KR 72 2,2019,Octubre,2,miércoles,18,30,Fontibón,Choque,Vehículo,N/A,Solo Daños,0,0,0,0,0,0,0,0,0,0,0,0,0,0,0,0,0,0,0,0,0,0
164985,10498725,-74.17907745,4.59676062300002,CL 57R-KR 76 S 61,2019,Octubre,2,miércoles,17,0,Ciudad Bolívar,Choque,Vehículo,N/A,Solo Daños,0,0,0,0,0,0,0,0,0,0,1,0,0,0,0,0,0,0,0,0,0,0
164986,10498726,-74.117781464,4.68768300400001,CL 63-KR 90 02,2019,Octubre,2,miércoles,8,30,Engativá,Choque,Vehículo,N/A,Solo Daños,0,0,0,0,0,1,0,0,0,0,0,0,0,0,0,0,0,0,0,0,0,0
164987,10498727,-74.07865941,4.644112162,KR 30-CL 53B 2,2019,Octubre,2,miércoles,22,30,Barrios Unidos,Choque,Objeto Fijo,Tren,Solo Daños,0,0,0,0,0,0,0,0,0,0,1,0,1,0,0,1,0,0,0,0,0,0
164988,10498728,-74.11566506,4.67251712500001,CL 26-KR 75 02,2019,Octubre,2,miércoles,9,52,Fontibón,Choque,Vehículo,N/A,Solo Daños,0,0,0,0,0,0,0,0,0,0,0,0,0,0,0,0,0,0,0,0,0,0
164989,10498729,-74.039834873,4.66825093699998,KR 3-CL 91 E 2,2019,Octubre,2,miércoles,23,20,Chapinero,Choque,Vehículo,N/A,Solo Daños,0,0,0,0,0,0,0,0,0,0,1,0,1,0,0,1,0,0,0,0,0,0
164990,10499099,-74.143,4.63499999999999,KR 77-CL 7A 10,2019,Octubre,6,domingo,14,50,Kennedy,Choque,Vehículo,N/A,Solo Daños,0,0,0,0,0,0,0,0,0,0,1,0,1,0,0,1,0,0,0,0,0,0
164991,10499100,-74.135417904,4.69303745799999,AC 26-KR 106 2,2019,Octubre,5,sábado,16,30,Fontibón,Choque,Vehículo,N/A,Solo Daños,0,0,0,0,0,0,0,0,0,1,0,0,0,0,0,0,0,0,0,0,0,1
164992,10499101,-74.071214812,4.72620098800002,AV AVENIDA BOYACA-CL 134 02,2019,Octubre,5,sábado,11,45,Suba,Choque,Vehículo,N/A,Solo Daños,0,1,0,0,0,0,0,0,0,0,0,0,0,0,0,0,0,0,0,0,0,0
164993,10499102,-74.103298541,4.653672675,KR 68-CL 26 2,2019,Octubre,6,domingo,9,22,Teusaquillo,Choque,Vehículo,N/A,Solo Daños,0,0,0,0,0,0,0,0,0,0,1,0,0,0,0,0,0,0,0,0,0,0
164994,10499103,-74.156474855,4.61879006100003,CL 41-TR 78B S 2,2019,Octubre,5,sábado,17,20,Kennedy,Choque,Vehículo,N/A,Solo Daños,0,0,0,0,0,0,0,0,0,0,1,0,1,0,0,1,0,0,0,0,0,0
164995,10499104,-74.12511267,4.71524926199999,CL 75-KR 112A 02,2019,Octubre,5,sábado,9,54,Engativá,Choque,Vehículo,N/A,Solo Daños,0,0,0,0,0,1,0,0,0,0,0,0,0,0,0,0,0,0,0,0,0,0
164996,10499105,-74.177385531,4.59710610799999,AV AVENIDA DEL SUR-CL 59 2,2019,Octubre,6,domingo,1,10,Bosa,Choque,Vehículo,N/A,Solo Daños,0,1,0,0,0,0,0,0,0,0,0,0,0,0,0,0,0,0,0,0,0,0
164997,10499106,-74.118990181,4.52850624299998,KR 14-CL 67D S 2,2019,Octubre,6,domingo,9,40,Usme,Choque,Vehículo,N/A,Solo Daños,0,0,0,0,0,0,0,0,0,0,1,0,1,1,0,0,0,0,0,1,0,0
164998,10499107,-74.091914441,4.68441749499999,CL 72-KR 70 2,2019,Octubre,5,sábado,18,19,Engativá,Choque,Vehículo,N/A,Solo Daños,0,0,1,0,0,0,0,0,0,1,0,0,0,0,0,0,0,0,0,0,0,1
164999,10499108,-74.04415481,4.73656212700001,CL 153-KR 19 39,2019,Octubre,5,sábado,19,20,Usaquén,Choque,Vehículo,N/A,Solo Daños,0,0,0,0,0,1,0,0,0,0,0,0,0,0,0,0,0,0,0,0,0,0
165000,10499109,-74.081287218,4.589545574,CL 2-KR 7 80,2019,Octubre,6,domingo,17,30,Santa Fe,Choque,Vehículo,N/A,Solo Daños,0,0,0,0,0,0,0,0,0,1,0,0,0,0,0,0,0,0,0,0,0,1
165001,10499110,-74.043504801,4.68255125399997,CL 100-KR 11 02,2019,Octubre,5,sábado,9,55,Usaquén,Choque,Vehículo,N/A,Solo Daños,0,0,0,0,0,0,0,0,0,0,0,0,0,0,0,0,0,0,0,0,0,0
165002,10499111,-74.093886185,4.56670325200002,CL 28-KR 3 S 02,2019,Octubre,5,sábado,12,14,San Cristóbal,Choque,Vehículo,N/A,Solo Daños,0,1,0,0,0,0,0,0,0,0,0,0,0,0,0,0,0,0,0,0,0,0
165003,10499112,-74.091319442,4.55924687700002,KR 3A-CL 31C ES 2,2019,Octubre,6,domingo,9,30,San Cristóbal,Choque,Vehículo,N/A,Solo Daños,0,0,0,0,0,0,0,0,0,1,0,0,0,0,0,0,0,0,0,0,0,1
165004,10499113,-74.090759847,4.57705248500002,CL 17-KR 8 S 2,2019,Octubre,5,sábado,6,30,San Cristóbal,Choque,Objeto Fijo,Muro,Solo Daños,0,0,0,0,0,0,0,0,0,1,0,0,0,0,0,0,0,0,0,0,0,1
165005,10499114,-74.099788471,4.62636569900002,AV AVENIDA DE LAS AMERICAS-KR 43 02,2019,Octubre,5,sábado,15,30,Puente Aranda,Choque,Vehículo,N/A,Solo Daños,0,0,0,0,0,0,0,0,0,0,0,0,0,0,0,0,0,0,0,0,0,0
165006,10499115,N/A,N/A,KR 67-CL 66A S 2,2019,Octubre,6,domingo,21,20,Tunjuelito,Choque,Vehículo,N/A,Solo Daños,0,0,0,0,0,0,0,0,0,0,1,0,1,0,0,1,0,0,0,0,0,0
165007,10499116,-74.1555,4.5652,TR 22-CL 69D S 2,2019,Octubre,5,sábado,14,1,Ciudad Bolívar,Volcamiento,N/A,N/A,Solo Daños,0,0,0,0,0,1,0,0,0,0,0,0,0,0,0,0,0,0,0,0,0,0
165008,10499117,-74.093441898,4.590031786,CL 4-KR 15 S 02,2019,Octubre,5,sábado,11,0,Antonio Nariño,Choque,Vehículo,N/A,Solo Daños,0,0,0,0,0,0,0,0,0,1,0,0,0,0,0,0,0,0,0,0,0,1
165009,10499118,-74.112380473,4.50480939599998,CL 91-KR 8C S 2,2019,Octubre,6,domingo,23,24,Usme,Choque,Vehículo,N/A,Solo Daños,0,0,0,0,0,0,0,0,0,0,1,0,1,0,1,0,1,0,0,0,0,0
165010,10499119,-74.120141622,4.48436102599999,KR 14-CL 118 S 84,2019,Octubre,6,domingo,2,6,Usme,Choque,Objeto Fijo,Tren,Solo Daños,0,0,0,0,0,0,0,0,0,1,0,0,0,0,0,0,0,0,0,0,0,1
165011,10499120,-74.081466922,4.70170958300002,AV AVENIDA BOYACA-KR 116 2,2019,Octubre,5,sábado,9,55,Suba,Choque,Vehículo,N/A,Solo Daños,0,0,0,0,0,0,0,0,0,1,0,0,0,0,0,0,0,0,0,0,0,1
165012,10499121,-74.044085215,4.76342028800002,KR 45-CL 187 02,2019,Octubre,5,sábado,8,0,Usaquén,Choque,Vehículo,N/A,Solo Daños,0,0,0,0,0,0,0,0,0,1,0,0,0,0,0,0,0,0,0,0,0,1
165013,10499493,-74.16399837,4.59604350400002,AV AVENIDA DEL SUR-CL 71 S 75,2019,Octubre,10,jueves,8,30,Bosa,Atropello,N/A,N/A,Con Heridos,1,0,0,0,0,0,0,0,0,0,0,0,0,0,0,0,0,0,0,0,0,0
165014,10499494,-74.095052913,4.71568434199997,KR 91-CL 99 2,2019,Octubre,8,martes,19,10,Suba,Choque,Vehículo,N/A,Con Heridos,1,0,0,0,0,0,0,0,0,0,0,0,0,0,0,0,0,0,0,0,0,0
165015,10499495,-74.101569434,4.56812485500001,KR 10-CL 32 S 2,2019,Octubre,10,jueves,8,50,San Cristóbal,Caida de ocupante,N/A,N/A,Con Heridos,0,0,0,0,1,0,0,0,0,0,1,0,1,0,0,1,0,0,0,0,0,0
165016,10499496,-74.036716709,4.80795408799997,AV AVENIDA PASEO DE LOS LIBERTADORES-CL 233 02,2019,Octubre,10,jueves,9,30,Usaquén,Choque,Vehículo,N/A,Solo Daños,0,1,0,0,0,0,0,0,0,0,0,0,0,0,0,0,0,0,0,0,0,0
165017,10499497,-74.054870818,4.67830639499999,CL 93-KR 19 2,2019,Octubre,10,jueves,9,0,Chapinero,Choque,Vehículo,N/A,Solo Daños,0,0,0,0,0,1,0,1,0,0,0,0,0,0,0,0,0,0,0,0,0,0
165018,10499498,-74.136707712,4.63665533900001,AV AVENIDA BOYACA-KR 8 S 02,2019,Octubre,10,jueves,5,0,Kennedy,Choque,Vehículo,N/A,Solo Daños,0,0,0,0,1,0,0,0,0,0,1,0,0,0,0,0,0,0,0,0,1,0
165019,10499499,-74.134888861,4.658020631,CL 13-KR 82 2,2019,Octubre,10,jueves,20,32,Fontibón,Choque,Vehículo,N/A,Solo Daños,0,0,0,0,0,0,0,0,0,0,0,0,0,0,0,0,0,0,0,0,0,0
165020,10499500,-74.161085503,4.58858405299998,AV AVENIDA CIUDAD DE VILLAVICENCIO-TR 63 2,2019,Octubre,10,jueves,5,20,Ciudad Bolívar,Atropello,N/A,N/A,Con Heridos,0,0,0,0,0,1,1,0,0,0,0,0,0,0,0,0,0,0,0,0,0,0
165021,10499501,-74.030876624,4.73068600099998,CL 153-KR 8A 2,2019,Octubre,10,jueves,18,52,Usaquén,Choque,Vehículo,N/A,Solo Daños,0,1,0,0,0,0,0,0,0,0,0,0,0,0,0,0,0,0,0,0,0,0
165022,10499502,-74.037763905,4.801566337,KR 45-CL 224 02,2019,Octubre,10,jueves,6,46,Usaquén,Choque,Vehículo,N/A,Solo Daños,0,0,0,0,0,0,0,0,0,0,0,0,0,0,0,0,0,0,0,0,0,0
165023,10499503,-74.090288319,4.55715037800002,KR 5-CL 36B ES 2,2019,Octubre,10,jueves,18,41,San Cristóbal,Choque,Vehículo,N/A,Solo Daños,0,1,0,0,0,0,0,0,0,0,0,0,0,0,0,0,0,0,0,0,0,0
165024,10499504,-74.029064976,4.69636500199999,CL 120A-KR 5 2,2019,Octubre,10,jueves,14,12,Usaquén,Choque,Vehículo,N/A,Solo Daños,0,0,0,0,0,0,0,0,0,0,0,0,0,0,0,0,0,0,0,0,0,0
165025,10499505,-74.129051653,4.651907757,CL 13-KR 75 2,2019,Octubre,10,jueves,8,20,Fontibón,Choque,Vehículo,N/A,Solo Daños,0,1,0,0,0,0,0,0,0,0,0,0,0,0,0,0,0,0,0,0,0,0
165026,10499506,-74.104752743,4.70292332100001,CL 76A-KR 89A 2,2019,Octubre,10,jueves,18,5,Engativá,Choque,Vehículo,N/A,Solo Daños,0,0,0,0,0,0,0,0,0,0,0,0,0,0,0,0,0,0,0,0,0,0
165027,10499507,-74.127402862,4.66952648199998,AV AVENIDA CIUDAD DE CALI-CL 23ABIS 02,2019,Octubre,10,jueves,18,37,Fontibón,Choque,Vehículo,N/A,Solo Daños,0,1,0,0,0,0,0,0,0,0,0,0,0,0,0,0,0,0,0,0,0,0
165028,10499508,-74.054238636,4.653307611,CL 71-KR 5 2,2019,Octubre,11,viernes,2,50,Chapinero,Choque,Objeto Fijo,Vehiculo,Solo Daños,0,0,0,0,0,0,0,0,0,0,0,0,0,0,0,0,0,0,0,0,0,0
165029,10499509,-74.078837272,4.62500143900002,CL 36-KR 29 2,2019,Octubre,9,miércoles,19,0,Teusaquillo,Choque,Vehículo,N/A,Solo Daños,0,0,0,0,0,0,0,0,0,0,0,0,0,0,0,0,0,0,0,0,0,0
165030,10499510,-74.123859262,4.647679412,KR 69F-CL 17A 02,2019,Octubre,10,jueves,6,35,Fontibón,Choque,Vehículo,N/A,Solo Daños,0,1,0,0,0,0,0,0,0,0,1,0,1,0,0,1,0,0,0,0,0,0
165031,10499511,-74.0370994,4.80969009900002,AK 45-CL 235 2,2019,Octubre,10,jueves,11,0,Usaquén,Choque,Objeto Fijo,Semoviente,Solo Daños,0,0,0,0,0,0,0,0,0,0,0,0,0,0,0,0,0,0,0,0,0,0
165032,10499512,-74.199764182,4.60001721700002,CL 74-KR 77G S 22,2019,Octubre,10,jueves,14,30,Bosa,Choque,Objeto Fijo,Tren,Solo Daños,0,1,0,0,0,0,0,0,0,0,0,0,0,0,0,0,0,0,0,0,0,0
165033,10499513,-74.106810725,4.657856391,AC 26-KR 69 02,2019,Octubre,10,jueves,15,20,Fontibón,Choque,Vehículo,N/A,Solo Daños,0,0,0,0,0,0,0,1,0,0,0,0,0,0,0,0,0,0,0,0,0,0
165034,10499514,-74.057851412,4.64749105599998,CL 64-KR 4 58,2019,Octubre,10,jueves,13,30,Chapinero,Choque,Objeto Fijo,Semaforo,Solo Daños,0,0,0,0,0,0,0,0,0,0,0,0,0,0,0,0,0,0,0,0,0,0
165035,10499882,-74.1638,4.59370000000001,KR 71-CL 58A S 2,2019,Octubre,13,domingo,17,10,Ciudad Bolívar,Choque,Vehículo,N/A,Solo Daños,0,0,0,0,0,0,0,0,0,0,0,0,0,0,0,0,0,0,0,0,0,0
165036,10499883,-74.05017052,4.75226532699998,AC 170-KR 50 02,2019,Octubre,15,martes,5,40,Suba,Choque,Vehículo,N/A,Solo Daños,0,0,0,0,0,0,0,0,0,0,0,0,0,0,0,0,0,0,0,0,0,0
165037,10499884,-74.124151958,4.65156089999999,AV AVENIDA BOYACA-CL 19 2,2019,Octubre,14,lunes,14,40,Fontibón,Choque,Vehículo,N/A,Solo Daños,0,0,0,0,0,0,0,0,0,0,1,0,1,0,0,1,0,0,0,0,0,0
165038,10499885,-74.17478021,4.57639581400002,CL 75D-KR 75B S 2,2019,Octubre,14,lunes,5,46,Ciudad Bolívar,Choque,Vehículo,N/A,Solo Daños,0,0,0,0,0,0,0,0,0,1,0,0,0,0,0,0,0,0,0,0,0,1
165039,10499886,-74.165396048,4.640939172,KR 89-CL 34A S 02,2019,Octubre,14,lunes,18,24,Kennedy,Choque,Vehículo,N/A,Solo Daños,0,0,0,0,0,0,0,0,0,0,0,0,0,0,0,0,0,0,0,0,0,0
165040,10499887,-74.112102787,4.65541888899998,CL 24-KR 69A 02,2019,Octubre,15,martes,7,20,Fontibón,Choque,Vehículo,N/A,Solo Daños,0,0,0,0,0,0,0,0,0,0,1,0,1,0,0,0,1,0,0,0,0,0
165041,10499888,-74.186160277,4.611377812,CL 63-KR 81A S 02,2019,Octubre,14,lunes,15,45,Bosa,Choque,Vehículo,N/A,Solo Daños,0,0,0,0,0,0,0,0,0,0,1,0,0,0,0,0,0,0,0,0,0,0
165042,10499889,-74.164566125,4.59603005399998,AV AVENIDA DEL SUR-KR 72 2,2019,Octubre,14,lunes,20,45,Bosa,Choque,Vehículo,N/A,Solo Daños,0,1,0,0,0,0,0,0,0,0,0,0,0,0,0,0,0,0,0,0,0,0
165043,10499890,-74.14349927,4.652521933,AV AVENIDA CIUDAD DE CALI-CL 11B 02,2019,Octubre,15,martes,8,30,Kennedy,Choque,Vehículo,N/A,Solo Daños,0,0,0,0,0,0,0,0,0,0,1,0,1,0,0,1,0,0,0,0,0,0
165044,10499891,-74.081423332,4.68211103599998,KR 68-CL 78 02,2019,Octubre,14,lunes,15,0,Barrios Unidos,Choque,Vehículo,N/A,Solo Daños,0,0,0,0,0,0,0,0,0,1,0,0,0,0,0,0,0,0,0,0,0,1
165045,10499892,-74.094736831,4.749541921,KR 104-CL 149 2,2019,Octubre,14,lunes,13,0,Suba,Choque,Vehículo,N/A,Solo Daños,0,0,0,0,0,0,0,0,0,1,0,0,0,0,0,0,0,0,0,0,0,1
165046,10499893,-74.153287128,4.64325819300001,AK 86-CL 6D 02,2019,Octubre,15,martes,5,50,Kennedy,Choque,Vehículo,N/A,Solo Daños,0,1,0,0,0,0,0,0,0,0,1,0,1,0,0,1,0,0,0,0,0,0
165047,10499894,-74.159586455,4.68698651300002,AC 17-KR 123 02,2019,Octubre,14,lunes,9,45,Fontibón,Choque,Vehículo,N/A,Solo Daños,0,0,0,0,0,0,0,0,0,0,0,0,0,0,0,0,0,0,0,0,0,0
165048,10499895,-74.081934055,4.70610636700002,AV AVENIDA BOYACA-CL 119 2,2019,Octubre,14,lunes,14,30,Suba,Choque,Vehículo,N/A,Solo Daños,0,0,0,0,0,1,0,1,0,1,0,0,0,0,0,0,0,0,0,0,0,1
165049,10499896,-74.142911745,4.65309969600003,AV AVENIDA CIUDAD DE CALI-CL 12 02,2019,Octubre,15,martes,11,0,Kennedy,Choque,Vehículo,N/A,Solo Daños,0,1,0,0,0,0,0,0,0,0,0,0,0,0,0,0,0,0,0,0,0,0
165050,10499897,-74.166251049,4.617048049,KR 79-CL 45 S 84,2019,Octubre,14,lunes,21,16,Kennedy,Choque,Vehículo,N/A,Solo Daños,0,0,0,0,0,0,0,0,0,0,0,0,0,0,0,0,0,0,0,0,0,0
165051,10499898,-74.081104172,4.60212368600003,AV AVENIDA CARACAS-CL 11 02,2019,Octubre,15,martes,0,50,Los Mártires,Choque,Vehículo,N/A,Solo Daños,0,0,0,0,0,1,0,0,0,0,0,0,0,0,0,0,0,0,0,0,0,0
165052,10499899,-74.099288659,4.65909721899999,AK 68-CL 49A 15,2019,Octubre,14,lunes,17,56,Teusaquillo,Volcamiento,N/A,N/A,Con Heridos,0,0,0,0,0,1,0,1,0,0,0,0,0,0,0,0,0,0,0,0,0,0
165053,10499900,-74.112823314,4.65189788499998,CL 22C-KR 68F 02,2019,Octubre,15,martes,11,5,Fontibón,Choque,Vehículo,N/A,Solo Daños,0,0,0,0,0,0,0,0,0,0,1,0,0,0,0,0,0,0,0,0,0,0
165054,10499901,N/A,N/A,KR 71B-CL 57R S 2,2019,Octubre,13,domingo,21,30,Bosa,Choque,Vehículo,N/A,Solo Daños,1,0,0,0,0,0,0,0,0,0,0,0,0,0,0,0,0,0,0,0,0,0
165055,10499902,-74.045551555,4.73714815699998,CL 153-KR 20 02,2019,Octubre,10,jueves,6,50,Usaquén,Choque,Vehículo,N/A,Solo Daños,0,0,0,0,0,0,0,0,0,0,0,0,0,0,0,0,0,0,0,0,0,0
165056,10499903,-74.183512534,4.619378681,AV AVENIDA CIUDAD DE CALI-CL 57B S 27,2019,Octubre,11,viernes,14,55,Bosa,Choque,Vehículo,N/A,Solo Daños,0,1,0,0,0,0,0,1,0,0,0,0,0,0,0,0,0,0,0,0,0,0
165057,10499904,-74.162857175,4.61581460100001,AV AVENIDA CIUDAD DE VILLAVICENCIO-TR 78H 02,2019,Octubre,15,martes,9,10,Kennedy,Choque,Vehículo,N/A,Solo Daños,0,0,0,0,0,0,0,0,0,0,1,0,1,0,0,1,0,0,0,0,0,0
165058,10499905,-74.11486106,4.69834015700002,KR 96-CL 70A 02,2019,Octubre,11,viernes,16,15,Engativá,Choque,Vehículo,N/A,Solo Daños,0,0,0,0,0,0,0,1,0,0,0,0,0,0,0,0,0,0,0,0,0,0
165059,10500278,-74.043409768,4.76775742699999,KR 45-CL 190 02,2019,Octubre,19,sábado,15,0,Usaquén,Atropello,N/A,N/A,Con Heridos,0,0,0,0,1,0,1,1,0,0,0,0,0,0,0,0,0,0,0,0,0,0
165060,10500279,-74.079495259,4.75660873999999,KR 92-CL 162 2,2019,Octubre,20,domingo,21,55,Suba,Atropello,N/A,N/A,Con Heridos,0,0,0,0,0,1,1,0,0,0,0,0,0,0,0,0,0,0,0,0,0,0
165061,10500280,-74.122280564,4.55781151799999,CL 51-KR 9 S 2,2019,Octubre,19,sábado,5,50,Rafael Uribe Uribe,Atropello,N/A,N/A,Con Heridos,0,0,0,0,0,1,1,0,0,0,0,0,0,0,0,0,0,0,0,0,0,0
165062,10500281,-74.075136119,4.68476630100002,KR 68-CL 90 02,2019,Octubre,19,sábado,7,0,Barrios Unidos,Atropello,N/A,N/A,Con Heridos,0,0,0,0,0,1,1,0,0,0,0,0,0,0,0,0,0,0,0,0,0,0
165063,10500282,-74.122586847,4.62892453900002,AV AVENIDA DE LAS AMERICAS-KR 68 2,2019,Octubre,20,domingo,21,48,Kennedy,Choque,Objeto Fijo,Vehiculo,Con Heridos,1,0,1,0,0,0,0,0,0,0,0,0,0,0,0,0,0,0,0,0,0,0
165064,10500283,-74.04282163,4.70174768200002,KR 15-CL 124 30,2019,Octubre,19,sábado,20,23,Usaquén,Atropello,N/A,N/A,Con Heridos,0,0,0,0,0,0,1,0,0,0,0,0,0,0,0,0,0,0,0,0,0,0
165065,10500284,-74.105551911,4.61884097400002,TR 42-CL 6 2,2019,Octubre,19,sábado,9,15,Puente Aranda,Choque,Vehículo,N/A,Solo Daños,0,1,0,0,0,0,0,0,0,0,0,0,0,0,0,0,0,0,0,0,0,0
165066,10500285,-74.061500723,4.68795532899998,CL 100-KR 49C 08,2019,Octubre,19,sábado,6,20,Barrios Unidos,Atropello,N/A,N/A,Con Muertos,0,0,0,0,0,1,1,1,0,0,0,0,0,0,0,0,0,0,0,0,0,0
165067,10500286,-74.156539218,4.624471572,KR 79-CL 38C S 2,2019,Octubre,19,sábado,19,0,Kennedy,Atropello,N/A,N/A,Con Heridos,0,0,0,0,0,1,1,0,0,0,0,0,0,0,0,0,0,0,0,0,0,0
165068,10500287,-74.094089543,4.58926512900001,CL 6-KR 15 S 2,2019,Octubre,19,sábado,9,0,Puente Aranda,Choque,Vehículo,N/A,Solo Daños,0,0,0,0,0,0,0,0,0,0,0,0,0,0,0,0,0,0,0,0,0,0
165069,10500288,-74.111334955,4.68262996999999,CL 63C-TR 85 02,2019,Octubre,19,sábado,10,31,Engativá,Atropello,N/A,N/A,Con Heridos,0,0,0,0,0,0,1,1,0,0,0,0,0,0,0,0,0,0,0,0,0,0
165070,10500289,-74.125394839,4.62903186900002,AV AVENIDA DE LAS AMERICAS-KR 68B 2,2019,Octubre,18,viernes,7,51,Kennedy,Choque,Vehículo,N/A,Solo Daños,0,0,0,0,0,0,0,0,0,1,1,0,1,0,0,1,0,0,0,0,0,1
165071,10500290,-74.059193379,4.70981310299999,KR 51A-CL 127A 02,2019,Octubre,19,sábado,15,30,Suba,Atropello,N/A,N/A,Con Heridos,0,0,0,0,0,0,1,1,0,0,0,0,0,0,0,0,0,0,0,0,0,0
165072,10500291,-74.1651,4.62139999999999,KR 80-CL 42C 2,2019,Octubre,19,sábado,12,40,Kennedy,Choque,Vehículo,N/A,Solo Daños,0,0,0,0,0,0,0,0,0,0,1,0,1,0,1,0,0,0,0,0,0,0
165073,10500292,-74.154687071,4.64496968100002,KR 87A-CL 6A 2,2019,Octubre,18,viernes,12,0,Kennedy,Choque,Vehículo,N/A,Solo Daños,0,0,0,0,0,0,0,0,0,0,0,0,0,0,0,0,0,0,0,0,0,0
165074,10500293,-74.129321938,4.70880091200002,KR 111C-CL 70C 2,2019,Octubre,19,sábado,6,10,Engativá,Choque,Vehículo,N/A,Solo Daños,0,0,0,0,0,0,0,0,0,1,0,0,0,0,0,0,0,0,0,0,0,1
165075,10500294,-74.141425393,4.55364742799998,CL 64-KR 18 S 21,2019,Octubre,19,sábado,14,30,Ciudad Bolívar,Volcamiento,N/A,N/A,Con Heridos,0,0,0,0,0,1,0,0,0,0,0,0,0,0,0,0,0,0,0,0,0,0
165076,10500295,-74.162829931,4.684680867,KR 123-CL 15A 51,2019,Octubre,18,viernes,11,35,Fontibón,Choque,Vehículo,N/A,Solo Daños,0,0,0,0,0,0,0,0,0,0,0,0,0,0,0,0,0,0,0,0,0,0
165077,10500296,-74.161075503,4.588576821,CL 63-KR 70C S 02,2019,Octubre,19,sábado,14,5,Ciudad Bolívar,Atropello,N/A,N/A,Con Heridos,0,0,0,0,0,1,1,0,0,0,0,0,0,0,0,0,0,0,0,0,0,0
165078,10500297,-74.079867877,4.61112360999999,CL 19-KR 18 02,2019,Octubre,19,sábado,10,0,Los Mártires,Volcamiento,N/A,N/A,Con Heridos,0,0,0,0,0,1,0,0,0,0,0,0,0,0,0,0,0,0,0,0,0,0
165079,10500298,-74.178696325,4.59676745199999,AV AVENIDA DEL SUR-KR 76 2,2019,Octubre,18,viernes,10,50,Bosa,Choque,Vehículo,N/A,Solo Daños,0,0,0,0,0,0,0,0,0,0,1,0,0,0,0,0,0,0,0,0,0,0
165080,10500299,-74.123481109,4.64174990599997,CL 13-KR 69 2,2019,Octubre,18,viernes,21,50,Fontibón,Choque,Vehículo,N/A,Solo Daños,0,0,0,0,0,0,0,0,0,0,1,0,0,0,0,0,0,0,0,0,0,0
165081,10500300,-74.12567727,4.595382771,DG 39A-TR 42 S 02,2019,Octubre,19,sábado,14,10,Puente Aranda,Choque,Vehículo,N/A,Solo Daños,0,0,0,0,0,0,0,0,0,0,0,0,0,0,0,0,0,0,0,0,0,0
165082,10500301,-74.159317637,4.68659738700001,CL 17-KR 122 2,2019,Octubre,19,sábado,12,23,Fontibón,Choque,Vehículo,N/A,Solo Daños,0,1,0,0,0,0,0,0,0,0,0,0,0,0,0,0,0,0,0,0,0,0
165083,10500302,-74.134029798,4.68150870699998,CL 24-KR 100 2,2019,Octubre,18,viernes,20,0,Fontibón,Choque,Vehículo,N/A,Solo Daños,0,0,0,0,0,0,0,0,0,1,0,0,0,0,0,0,0,0,0,0,0,1
165084,10500676,-74.074919513,4.61853295899999,CL 26-KR 19 2,2019,Octubre,23,miércoles,13,20,Teusaquillo,Choque,Vehículo,N/A,Solo Daños,0,0,0,0,0,1,0,0,0,0,0,0,0,0,0,0,0,0,0,0,0,0
165085,10500677,-74.110178941,4.61949920299998,KR 43B-CL 5A 02,2019,Octubre,23,miércoles,17,55,Puente Aranda,Choque,Vehículo,N/A,Solo Daños,0,0,0,0,0,1,0,0,0,0,0,0,0,0,0,0,0,0,0,0,0,0
165086,10500678,-74.043006381,4.69164723099999,CL 109-KR 14 2,2019,Octubre,23,miércoles,19,2,Usaquén,Choque,Vehículo,N/A,Solo Daños,0,0,0,0,0,0,0,0,0,0,1,0,0,0,0,0,0,0,0,0,0,0
165087,10500679,-74.113262615,4.68536309299998,CL 64BBIS-KR 85L 02,2019,Octubre,23,miércoles,9,40,Engativá,Choque,Vehículo,N/A,Solo Daños,0,0,0,0,0,1,0,0,0,0,1,0,1,0,0,1,0,0,0,0,0,0
165088,10500680,-74.027647186,4.73949810099998,CL 163A-KR 8GBIS 2,2019,Octubre,23,miércoles,17,40,Usaquén,Choque,Vehículo,N/A,Solo Daños,0,0,0,0,0,1,0,0,0,0,0,0,0,0,0,0,0,0,0,0,0,0
165089,10500681,-74.163542338,4.69013548499998,KR 128-CL 17 2,2019,Octubre,23,miércoles,19,14,Fontibón,Choque,Vehículo,N/A,Solo Daños,0,1,0,0,0,0,0,1,0,0,0,0,0,0,0,0,0,0,0,0,0,0
165090,10500682,-74.033384809,4.72447812000001,KR 11-CL 146 2,2019,Octubre,23,miércoles,17,4,Usaquén,Choque,Vehículo,N/A,Solo Daños,0,0,0,0,0,0,0,0,0,0,1,0,1,0,0,1,0,0,0,0,0,0
165091,10500683,-74.072544474,4.76095685199999,CL 170-KR 90 02,2019,Octubre,23,miércoles,9,50,Suba,Choque,Vehículo,N/A,Solo Daños,0,1,0,0,0,0,0,0,0,0,0,0,0,0,0,0,0,0,0,0,0,0
165092,10500684,-74.091894945,4.68687071800002,KR 70F-CL 73 2,2019,Octubre,23,miércoles,12,45,Engativá,Choque,Vehículo,N/A,Solo Daños,0,0,0,0,0,0,0,0,0,0,1,0,0,0,0,0,0,0,0,0,1,0
165093,10500685,-74.144632835,4.598996258,CL 44-KR 68I S 2,2019,Octubre,23,miércoles,16,52,Kennedy,Choque,Vehículo,N/A,Solo Daños,0,1,0,0,0,0,0,0,0,0,0,0,0,0,0,0,0,0,0,0,0,0
165094,10500686,-74.137284419,4.55930323400003,CL 60G-KR 18 S 02,2019,Octubre,23,miércoles,6,49,Ciudad Bolívar,Choque,Vehículo,N/A,Solo Daños,0,0,0,0,0,0,0,0,0,1,0,0,0,0,0,0,0,0,0,0,0,1
165095,10500687,-74.063462014,4.62354194099998,CL 36-KR 5 2,2019,Octubre,23,miércoles,15,10,Santa Fe,Choque,Vehículo,N/A,Solo Daños,0,0,0,0,0,0,0,0,0,0,0,0,0,0,0,0,0,0,0,0,0,0
165096,10500688,-74.087437445,4.64759567300001,CL 53-KR 52 2,2019,Octubre,23,miércoles,20,0,Teusaquillo,Choque,Vehículo,N/A,Solo Daños,0,0,0,0,0,0,0,0,0,0,0,0,0,0,0,0,0,0,0,0,0,0
165097,10500689,-74.136896353,4.54599656400001,CL 71BIS-KR 17 S 02,2019,Octubre,23,miércoles,8,45,Ciudad Bolívar,Choque,Vehículo,N/A,Solo Daños,0,0,0,0,0,0,0,0,0,0,1,1,1,0,0,1,0,0,0,0,0,0
165098,10500690,-74.135934094,4.639446276,AV AVENIDA BOYACA-KR 9 2,2019,Octubre,23,miércoles,8,30,Kennedy,Choque,Vehículo,N/A,Solo Daños,0,0,0,0,0,0,0,0,0,0,0,0,0,0,0,0,0,0,0,0,0,0
165099,10500691,-74.14925908,4.621750464,KR 77-CL 36 S 2,2019,Octubre,23,miércoles,12,32,Kennedy,Choque,Vehículo,N/A,Solo Daños,0,1,0,0,0,0,0,0,0,0,0,0,0,0,0,0,0,0,0,0,0,0
165100,10500692,-74.1071,4.70960000000002,KR 96-CL 80 02,2019,Octubre,23,miércoles,7,30,Engativá,Choque,Vehículo,N/A,Solo Daños,0,0,0,0,0,0,0,0,0,0,0,0,0,0,0,0,0,0,0,0,0,0
165101,10500693,-74.115064083,4.61532026499998,TR 3-CL 51 2,2019,Octubre,23,miércoles,7,45,Chapinero,Choque,Vehículo,N/A,Solo Daños,0,0,0,0,0,0,0,1,0,0,0,0,0,0,0,0,0,0,0,0,0,0
165102,10500694,-74.096590851,4.71192015899999,CL 90-KR 89A 02,2019,Octubre,23,miércoles,6,56,Engativá,Choque,Vehículo,N/A,Solo Daños,0,0,0,0,0,0,0,0,0,0,1,0,1,0,1,0,0,0,0,0,0,0
165103,10500695,-74.069810482,4.60532080000002,KR 5-CL 20 2,2019,Octubre,23,miércoles,13,30,Santa Fe,Choque,Vehículo,N/A,Solo Daños,0,0,0,0,0,0,0,0,0,0,0,0,0,0,0,0,0,0,0,0,0,0
165104,10500696,-74.071278809,4.62336194,KR 16-CL 34 2,2019,Octubre,23,miércoles,19,20,Teusaquillo,Choque,Vehículo,N/A,Solo Daños,0,0,0,0,0,0,0,1,0,0,1,0,1,0,0,1,0,0,0,0,0,0
165105,10500697,-74.135323133,4.65859976799999,CL 13-KR 84A 02,2019,Octubre,23,miércoles,7,47,Fontibón,Choque,Vehículo,N/A,Solo Daños,0,0,0,0,0,0,0,0,0,0,1,0,1,0,0,1,0,0,0,0,0,0
165106,10500698,-74.0557602,4.65503276099997,CL 72-KR 7 02,2019,Octubre,23,miércoles,10,15,Chapinero,Choque,Vehículo,N/A,Solo Daños,0,1,0,0,0,0,0,0,0,1,0,0,0,0,0,0,0,0,0,0,0,1
165107,10500699,-74.053295102,4.71228344100001,AK 45-CL 128 2,2019,Octubre,23,miércoles,11,30,Usaquén,Choque,Vehículo,N/A,Solo Daños,0,0,0,0,0,0,0,1,0,0,0,0,0,0,0,0,0,0,0,0,0,0
165108,10500700,-74.059695142,4.66434588099997,KR 16A-CL 76 2,2019,Octubre,23,miércoles,20,0,Chapinero,Choque,Vehículo,N/A,Solo Daños,0,0,0,0,0,0,0,0,0,0,0,0,0,0,0,0,0,0,0,0,0,0
165109,10500701,-74.056963038,4.68861676099999,AK 45-CL 102 2,2019,Octubre,23,miércoles,8,41,Usaquén,Choque,Vehículo,N/A,Solo Daños,0,0,0,0,0,1,0,0,0,0,0,0,0,0,0,0,0,0,0,0,0,0
165110,10501086,-74.189590972,4.62086803199998,CL 62-KR 86H S 18,2019,Octubre,28,lunes,8,40,Bosa,Choque,Vehículo,N/A,Solo Daños,1,0,0,0,0,0,0,0,0,1,0,0,0,0,0,0,0,0,0,0,0,1
165111,10501087,-74.157057377,4.59159469999997,CL 61-KR 66A S 28,2019,Octubre,26,sábado,15,45,Ciudad Bolívar,Choque,Vehículo,N/A,Solo Daños,0,0,0,0,0,0,0,0,0,0,0,0,0,0,0,0,0,0,0,0,0,0
165112,10501088,-74.059116879,4.64931842200002,KR 7-CL 65 02,2019,Octubre,25,viernes,11,10,Chapinero,Choque,Vehículo,N/A,Solo Daños,0,0,0,0,0,1,0,1,0,0,0,0,0,0,0,0,0,0,0,0,0,0
165113,10501089,-74.095247698,4.58785367600001,CL 10-KR 15 S 2,2019,Octubre,28,lunes,9,50,Antonio Nariño,Choque,Vehículo,N/A,Solo Daños,0,0,0,0,0,0,0,0,0,1,0,0,0,0,0,0,0,0,0,0,0,1
165114,10501090,-74.145340964,4.56214422699998,CL 64-KR 19G S 2,2019,Octubre,26,sábado,21,45,Ciudad Bolívar,Choque,Vehículo,N/A,Solo Daños,0,0,0,0,0,0,0,0,0,0,1,0,1,0,0,0,1,0,0,0,0,0
165115,10501091,-74.066824452,4.64423265900001,CL 57-KR 15 02,2019,Octubre,25,viernes,8,45,Teusaquillo,Choque,Vehículo,N/A,Solo Daños,0,0,0,0,0,0,0,0,0,1,0,0,0,0,0,0,0,0,0,0,0,1
165116,10501092,-74.099218206,4.60608752000002,KR 30BIS-CL 5B 32,2019,Octubre,26,sábado,8,15,Puente Aranda,Choque,Vehículo,N/A,Solo Daños,0,0,0,0,0,0,0,1,0,0,1,0,0,0,0,0,0,0,0,0,1,0
165117,10501093,-74.142863368,4.66891834,CL 17-KR 96C 2,2019,Octubre,28,lunes,16,41,Fontibón,Choque,Vehículo,N/A,Solo Daños,0,0,0,0,0,0,0,0,0,0,1,0,1,0,0,1,0,0,0,0,0,0
165118,10501094,-74.11298847,4.66879126399999,CL 26-KR 73 2,2019,Octubre,28,lunes,18,6,Fontibón,Choque,Vehículo,N/A,Solo Daños,0,0,0,0,0,0,0,0,0,1,0,0,0,0,0,0,0,0,0,0,0,1
165119,10501095,-74.058080892,4.68011570700003,KR 45-CL 92 2,2019,Octubre,26,sábado,12,0,Usaquén,Choque,Vehículo,N/A,Solo Daños,0,1,0,0,0,0,0,1,0,0,0,0,0,0,0,0,0,0,0,0,0,0
165120,10501096,-74.122362925,4.628899553,AV AVENIDA DE LAS AMERICAS-KR 68 02,2019,Octubre,25,viernes,11,50,Puente Aranda,Choque,Vehículo,N/A,Solo Daños,0,0,0,0,0,1,0,0,0,0,1,0,1,0,0,1,0,0,0,0,0,0
165121,10501097,-74.041905775,4.780118093,KR 45-CL 205 2,2019,Octubre,26,sábado,13,59,Usaquén,Choque,Vehículo,N/A,Solo Daños,0,0,0,0,0,0,0,0,0,0,0,0,0,0,0,0,0,0,0,0,0,0
165122,10501098,-74.137726397,4.64761549000002,KR 79A-CL 11B 40,2019,Octubre,28,lunes,19,27,Kennedy,Choque,Vehículo,N/A,Solo Daños,0,0,0,0,0,0,0,0,0,1,0,0,0,0,0,0,0,0,0,0,0,1
165123,10501099,-74.05708681,4.68590468500003,AV AVENIDA PASEO DE LOS LIBERTADORES-CL 99 02,2019,Octubre,25,viernes,21,0,Chapinero,Choque,Vehículo,N/A,Solo Daños,0,0,0,0,0,0,0,0,0,0,0,0,0,0,0,0,0,0,0,0,0,0
165124,10501100,-74.084514058,4.645557166,CL 53-KR 45 2,2019,Octubre,28,lunes,22,5,Teusaquillo,Choque,Vehículo,N/A,Solo Daños,0,0,0,0,0,1,0,0,0,0,0,0,0,0,0,0,0,0,0,0,0,0
165125,10501101,-74.105939902,4.62729311999999,CL 13-KR 50 2,2019,Octubre,26,sábado,9,47,Puente Aranda,Choque,Vehículo,N/A,Solo Daños,0,0,0,0,0,0,0,1,0,0,0,0,0,0,0,0,0,0,0,0,0,0
165126,10501102,-74.087543226,4.61946826899998,KR 30-CL 19 2,2019,Octubre,28,lunes,7,10,Puente Aranda,Choque,Vehículo,N/A,Solo Daños,0,0,0,0,0,1,0,0,0,0,0,0,0,0,0,0,0,0,0,0,0,0
165127,10501103,-74.094717837,4.71994570800001,AV AVENIDA CIUDAD DE CALI-CL 93 02,2019,Octubre,25,viernes,19,0,Suba,Choque,Vehículo,N/A,Solo Daños,0,1,0,0,0,1,0,0,0,0,0,0,0,0,0,0,0,0,0,0,0,0
165128,10501104,-74.033641275,4.69369030500002,CL 116-KR 7 02,2019,Octubre,28,lunes,8,20,Usaquén,Choque,Vehículo,N/A,Solo Daños,0,0,0,0,0,0,0,0,0,0,0,0,0,0,0,0,0,0,0,0,1,0
165129,10501105,-74.051849644,4.71905304699999,CL 134-KR 45 02,2019,Octubre,25,viernes,12,50,Usaquén,Choque,Vehículo,N/A,Solo Daños,0,0,0,0,0,0,0,0,0,0,1,0,1,0,0,1,0,0,0,0,0,0
165130,10501106,-74.081687795,4.60507839600001,CL 13-KR 16 2,2019,Octubre,26,sábado,8,45,Los Mártires,Choque,Vehículo,N/A,Solo Daños,0,0,0,0,0,0,0,1,0,0,0,0,0,0,0,0,0,0,0,0,0,0
165131,10501107,-74.036444558,4.69816992800003,CL 119-KR 11A 02,2019,Octubre,28,lunes,6,40,Usaquén,Choque,Vehículo,N/A,Solo Daños,0,0,0,0,0,0,0,0,0,1,0,0,0,0,0,0,0,0,0,0,0,1
165132,10501108,-74.124830895,4.69515947799999,AC 63-KR 103A 02,2019,Octubre,26,sábado,9,15,Engativá,Choque,Vehículo,N/A,Solo Daños,0,0,0,0,0,0,0,0,0,0,0,0,0,0,0,0,0,0,0,0,0,0
165133,10501109,-74.079221334,4.60435403700001,AV AVENIDA CARACAS-CL 14 2,2019,Octubre,26,sábado,14,17,Santa Fe,Choque,Vehículo,N/A,Solo Daños,0,0,0,0,0,0,0,0,0,0,0,0,0,0,0,0,0,0,0,0,0,0
165134,10501485,-74.113399626,4.685334829,DG 63F-KR 86 02,2019,Octubre,31,jueves,21,20,Engativá,Choque,Vehículo,N/A,Solo Daños,0,1,0,0,0,0,0,1,0,0,0,0,0,0,0,0,0,0,0,0,0,0
165135,10501486,-74.106857465,4.59225085999998,CL 19-KR 28 S 02,2019,Octubre,2,miércoles,13,0,Antonio Nariño,Choque,Vehículo,N/A,Solo Daños,0,0,0,0,0,0,0,0,0,0,0,0,0,0,0,0,0,0,0,0,0,0
165136,10501487,-74.090169821,4.64524892399999,CL 44C-KR 52 02,2019,Octubre,31,jueves,15,15,Teusaquillo,Choque,Vehículo,N/A,Solo Daños,0,0,0,0,0,0,0,0,0,0,0,0,0,0,0,0,0,0,0,0,0,0
165138,10501489,-74.065784506,4.63624767200002,CL 49-KR 13 02,2019,Octubre,31,jueves,15,30,Chapinero,Choque,Vehículo,N/A,Solo Daños,0,0,0,0,0,0,0,0,0,1,0,0,0,0,0,0,0,0,0,0,0,1
165139,10501490,-74.123747231,4.57479189399999,CL 44-KR 15A S 02,2019,Octubre,31,jueves,10,40,Rafael Uribe Uribe,Choque,Vehículo,N/A,Solo Daños,0,0,0,0,0,0,0,0,0,0,0,0,0,0,0,0,0,0,0,0,0,0
165140,10501491,-74.056974076,4.65607659,CL 72-KR 9 02,2019,Octubre,31,jueves,21,30,Chapinero,Choque,Vehículo,N/A,Solo Daños,0,0,0,0,0,0,0,0,0,0,0,0,0,0,0,0,0,0,0,0,0,0
165141,10501492,-74.043728464,4.67601969899999,KR 9-CL 94 2,2019,Octubre,31,jueves,9,20,Chapinero,Choque,Vehículo,N/A,Solo Daños,0,0,0,0,0,0,0,0,0,0,0,0,0,0,0,0,0,0,0,0,0,0
165142,10501493,-74.088482035,4.66018822500001,KR 60-CL 63 02,2019,Octubre,31,jueves,14,15,Barrios Unidos,Choque,Vehículo,N/A,Solo Daños,0,0,0,0,0,0,0,0,0,0,1,0,0,0,0,0,0,0,0,0,0,0
165143,10501494,-74.129746107,4.59726837300002,KR 51ABIS-CL 40 S 2,2019,Octubre,31,jueves,9,10,Puente Aranda,Choque,Vehículo,N/A,Solo Daños,0,0,0,0,0,1,0,0,0,0,0,0,0,0,0,0,0,0,0,0,0,0
165144,10501495,-74.052040211,4.68608391200002,CL 100-KR 19 02,2019,Octubre,31,jueves,22,10,Usaquén,Choque,Vehículo,N/A,Solo Daños,0,0,0,0,0,0,0,0,0,0,1,0,1,0,0,1,0,0,0,0,0,0
165145,10501496,-74.032257264,4.760346744,CL 183-KR 9 02,2019,Octubre,31,jueves,7,22,Usaquén,Choque,Vehículo,N/A,Solo Daños,0,0,0,0,0,0,0,0,0,0,0,0,0,0,0,0,0,0,0,0,0,0
165146,10501497,-74.057571179,4.68661015100002,CL 100-KR 45 02,2019,Octubre,31,jueves,7,3,Usaquén,Choque,Vehículo,N/A,Solo Daños,0,0,0,0,0,1,0,0,0,1,0,0,0,0,0,0,0,0,0,0,0,1
165147,10501498,-74.075364185,4.63427523299998,KR 24-CL 45 2,2019,Octubre,31,jueves,16,30,Teusaquillo,Choque,Vehículo,N/A,Solo Daños,0,1,0,0,0,0,0,0,0,0,0,0,0,0,0,0,0,0,0,0,0,0
165148,10501499,-74.119719817,4.52693753900002,KR 14-CL 68 S 02,2019,Octubre,31,jueves,9,50,Usme,Choque,Vehículo,N/A,Solo Daños,0,1,0,0,0,0,0,0,0,0,1,0,1,0,1,0,0,0,0,0,0,0
165149,10501500,-74.111911347,4.722784268,KR 111A-DG 86A 2,2019,Octubre,31,jueves,8,53,Engativá,Choque,Vehículo,N/A,Solo Daños,0,0,0,0,0,0,0,0,0,0,1,0,1,0,0,1,0,0,0,0,0,0
165150,10501501,-74.09115245,4.56193062599999,CL 30B-KR 2 SE 02,2019,Octubre,31,jueves,8,14,San Cristóbal,Choque,Vehículo,N/A,Solo Daños,0,0,0,0,0,0,0,0,0,0,1,0,1,0,0,1,0,0,0,0,0,0
165151,10501502,-74.055111836,4.72139310199998,CL 134D-KR 49 2,2019,Octubre,31,jueves,10,15,Suba,Choque,Vehículo,N/A,Solo Daños,0,0,0,0,0,0,0,1,0,0,0,0,0,0,0,0,0,0,0,0,0,0
165152,10501503,-74.125167402,4.68049137899999,CL 25D-KR 95A 40,2019,Octubre,31,jueves,9,10,Fontibón,Choque,Vehículo,N/A,Solo Daños,0,1,0,0,0,0,0,0,0,0,0,0,0,0,0,0,0,0,0,0,0,0
165153,10501504,-74.115225294,4.59072296900001,CL 31-KR 29B S 2,2019,Octubre,31,jueves,15,0,Antonio Nariño,Choque,Vehículo,N/A,Solo Daños,0,0,0,0,0,0,0,0,0,0,0,0,0,0,0,0,0,0,0,0,0,0
165154,10501505,-74.073990976,4.633729792,CL 45-KR 22 02,2019,Octubre,31,jueves,10,20,Teusaquillo,Choque,Vehículo,N/A,Solo Daños,0,1,0,0,0,0,0,0,0,0,0,0,0,0,0,0,0,0,0,0,0,0
165155,10501506,-74.063535592,4.64948772299999,KR 13-CL 63 02,2019,Octubre,31,jueves,6,0,Chapinero,Choque,Vehículo,N/A,Solo Daños,0,1,0,0,0,0,0,0,0,0,1,0,0,0,0,0,0,0,0,0,0,0
165156,10501507,-74.112411142,4.667659474,CL 26-KR 72 02,2019,Octubre,31,jueves,11,0,Engativá,Choque,Vehículo,N/A,Solo Daños,0,0,0,0,0,0,0,0,0,0,1,0,1,0,0,1,0,0,0,0,0,0
165157,10501508,-74.077410805,4.600830917,CL 12-KR 9 02,2019,Octubre,31,jueves,12,0,Candelaria,Choque,Vehículo,N/A,Solo Daños,0,0,0,0,0,1,0,0,0,0,0,0,0,0,0,0,0,0,0,0,0,0
165158,10501509,-74.161482701,4.61979139900001,KR 79-CL 42 S 58,2019,Octubre,31,jueves,5,50,Kennedy,Choque,Vehículo,N/A,Solo Daños,0,0,1,0,0,0,0,0,0,0,0,0,0,0,0,0,0,0,0,0,0,0
165298,10503909,-74.166787475,4.62739814999998,DG 42A-KR 81I S 24,2019,Octubre,21,lunes,12,10,Kennedy,Caida de ocupante,N/A,N/A,Con Muertos,1,0,0,0,0,0,0,0,0,0,0,0,0,0,0,0,0,0,0,0,0,0
165349,10498730,-74.138346191,4.62300063200001,AV AVENIDA BOYACA-CL 1 02,2019,Octubre,2,miércoles,17,45,Kennedy,Choque,Vehículo,N/A,Solo Daños,0,1,0,0,0,0,0,0,0,0,0,0,0,0,0,0,0,0,0,0,0,0
165350,10498731,-74.045390598,4.72971904399998,KR 19-CL 147 02,2019,Octubre,3,jueves,0,20,Usaquén,Choque,Vehículo,N/A,Solo Daños,0,0,0,0,0,0,0,0,0,0,0,0,0,0,0,0,0,0,0,0,0,0
165351,10498732,-74.081927425,4.585624494,KR 7-CL 1 S 02,2019,Octubre,2,miércoles,19,12,San Cristóbal,Choque,Vehículo,N/A,Solo Daños,0,0,1,0,0,0,0,0,0,1,0,0,0,0,0,0,0,0,0,0,0,1
165353,10498734,-74.156584197,4.61986008299999,TR 78K-CL 41 S 35,2019,Octubre,2,miércoles,16,24,Kennedy,Choque,Vehículo,N/A,Solo Daños,0,0,0,0,0,0,0,0,0,0,0,0,0,0,0,0,0,0,0,0,0,0
165354,10498735,-74.113829099,4.70168445399997,KR 96-CL 72 2,2019,Octubre,2,miércoles,15,0,Engativá,Choque,Vehículo,N/A,Solo Daños,0,0,0,0,0,0,0,0,0,1,0,0,0,0,0,0,0,0,0,0,0,1
165355,10498736,-74.085202273,4.64965846199999,KR 50-CL 58A 02,2019,Octubre,2,miércoles,17,20,Teusaquillo,Choque,Vehículo,N/A,Solo Daños,0,0,0,0,0,0,0,1,0,1,0,0,0,0,0,0,0,0,0,0,0,1
165356,10498737,-74.103172955,4.508244623,DG 84-KR 5B SE 60,2019,Octubre,1,martes,9,0,Usme,Choque,Objeto Fijo,Semaforo,Solo Daños,0,1,0,0,0,0,0,0,0,0,1,0,1,0,0,0,1,0,0,0,0,0
165357,10498738,-74.11749079,4.62820717900001,AV AVENIDA DE LAS AMERICAS-KR 63 2,2019,Octubre,2,miércoles,6,50,Puente Aranda,Choque,Vehículo,N/A,Solo Daños,0,0,0,0,0,0,0,0,0,0,0,0,0,0,0,0,0,0,0,0,0,0
165358,10498739,-74.060539534,4.658317055,CL 72-KR 13 02,2019,Octubre,2,miércoles,7,50,Chapinero,Choque,Vehículo,N/A,Solo Daños,0,0,0,0,0,0,0,0,0,0,1,0,1,0,0,1,0,0,0,0,0,0
165359,10498740,-74.061358245,4.71641983000001,CL 129-KR 53D 2,2019,Octubre,2,miércoles,15,20,Suba,Choque,Vehículo,N/A,Solo Daños,0,0,0,0,0,0,0,0,0,1,0,0,0,0,0,0,0,0,0,0,0,1
165360,10498741,-74.136946552,4.63674633199997,AV AVENIDA BOYACA-CL 8 2,2019,Octubre,2,miércoles,19,20,Kennedy,Choque,Vehículo,N/A,Solo Daños,0,1,0,0,0,0,0,1,0,0,0,0,0,0,0,0,0,0,0,0,0,0
165361,10498742,-74.133607641,4.56598774999998,KR 16C-CL 56 S 17,2019,Octubre,1,martes,15,0,Tunjuelito,Choque,Vehículo,N/A,Solo Daños,0,0,0,0,0,0,0,0,0,0,1,0,0,0,0,0,0,0,0,0,0,0
165362,10498743,-74.113455911,4.61519240799998,TR 42-CL 3 02,2019,Octubre,2,miércoles,16,0,Puente Aranda,Choque,Vehículo,N/A,Solo Daños,0,0,0,0,0,0,0,0,0,0,0,0,0,0,0,0,0,0,0,0,0,0
165363,10498744,-74.105952853,4.67385918600002,KR 72B-CL 55 29,2019,Octubre,2,miércoles,20,0,Engativá,Choque,Vehículo,N/A,Solo Daños,0,0,0,0,0,0,0,1,0,0,0,0,0,0,0,0,0,0,0,0,0,0
165364,10498745,-74.058780554,4.665990964,KR 16A-CL 79 02,2019,Octubre,1,martes,12,49,Chapinero,Choque,Vehículo,N/A,Solo Daños,0,0,0,0,0,0,0,0,0,1,0,0,0,0,0,0,0,0,0,0,0,1
165365,10498746,-74.043113212,4.69913936,KR 15-CL 119 02,2019,Octubre,3,jueves,20,40,Usaquén,Choque,Vehículo,N/A,Con Heridos,0,0,0,0,0,1,0,0,0,0,0,0,0,0,0,0,0,0,0,0,0,0
165366,10498747,-74.04307314,4.71852644900002,KR 16-CL 135 2,2019,Octubre,2,miércoles,13,8,Usaquén,Choque,Vehículo,N/A,Con Heridos,0,0,0,0,1,0,0,1,0,1,0,0,0,0,0,0,0,0,0,0,0,1
165367,10498748,-74.113896117,4.74094471799998,KR 129A-CL 132 02,2019,Octubre,1,martes,22,0,Suba,Choque,Vehículo,N/A,Con Heridos,0,0,0,0,0,1,0,0,0,0,0,0,0,0,0,0,0,0,0,0,0,0
165368,10498749,-74.097717986,4.62424016099999,CL 17A-KR 42BIS 02,2019,Octubre,3,jueves,8,13,Puente Aranda,Choque,Vehículo,N/A,Con Heridos,0,0,0,0,0,1,0,0,0,0,0,0,0,0,0,0,0,0,0,0,0,0
165369,10498750,-74.171102134,4.62811835000002,AK 86-CL 43 S 2,2019,Octubre,3,jueves,22,10,Kennedy,Choque,Vehículo,N/A,Con Heridos,0,0,0,0,0,1,0,0,0,1,0,0,0,0,0,0,0,0,0,0,0,1
165370,10498751,-74.186028047,4.63229834499998,KR 89B-CL 54B S 38,2019,Octubre,2,miércoles,12,39,Bosa,Choque,Vehículo,N/A,Con Heridos,0,0,0,0,0,1,0,0,0,0,0,0,0,0,0,0,0,0,0,0,0,0
165371,10498752,-74.084698342,4.58188596500003,KR 7-CL 7 S 02,2019,Octubre,3,jueves,7,50,San Cristóbal,Choque,Vehículo,N/A,Con Heridos,0,0,0,0,0,1,0,0,0,1,0,0,0,0,0,0,0,0,0,0,0,1
165372,10498753,N/A,N/A,KR 86A-CL 58CBIS S 02,2019,Octubre,2,miércoles,11,20,Bosa,Choque,Vehículo,N/A,Con Heridos,0,0,0,0,0,1,0,0,0,1,0,0,0,0,0,0,0,0,0,0,0,1
165373,10498754,-74.099245813,4.73913591000002,AV AVENIDA CIUDAD DE CALI-CL 135A 02,2019,Octubre,3,jueves,7,0,Suba,Choque,Vehículo,N/A,Con Heridos,0,0,0,0,0,0,0,0,0,0,0,0,0,0,0,0,0,0,0,0,0,0
165374,10499122,-74.100760924,4.59866608200002,KR 27A-CL 1F 2,2019,Octubre,6,domingo,10,30,Los Mártires,Choque,Vehículo,N/A,Solo Daños,0,0,0,0,0,0,0,1,0,0,1,0,1,0,0,1,0,0,0,0,0,0
165375,10499123,-74.053984351,4.70413978200003,AK 45-CL 123 2,2019,Octubre,3,jueves,18,45,Usaquén,Choque,Vehículo,N/A,Solo Daños,0,1,0,0,0,0,0,0,0,0,0,0,0,0,0,0,0,0,0,0,0,0
165376,10499124,-74.028680285,4.71619944600002,KR 7-CL 140 2,2019,Octubre,6,domingo,15,22,Usaquén,Choque,Vehículo,N/A,Solo Daños,0,0,0,0,0,1,0,0,0,0,0,0,0,0,0,0,0,0,0,0,0,0
165377,10499125,-74.071710175,4.60674121300002,KR 8-CL 20 2,2019,Octubre,4,viernes,13,30,Santa Fe,Choque,Vehículo,N/A,Solo Daños,0,0,0,0,0,0,0,0,0,0,0,0,0,0,0,0,0,0,0,0,0,0
165378,10499126,-74.178203014,4.611241436,AV AVENIDA JORGE GAITAN CORTES-CL 58 S 22,2019,Octubre,5,sábado,14,50,Kennedy,Choque,Vehículo,N/A,Solo Daños,0,0,0,0,0,0,0,0,0,0,0,0,0,0,0,0,0,0,0,0,0,0
165379,10499127,-74.030784112,4.74273979399999,CL 165-KR 8H 2,2019,Octubre,6,domingo,16,40,Usaquén,Choque,Vehículo,N/A,Solo Daños,0,0,0,0,0,0,0,0,0,1,0,0,0,0,0,0,0,0,0,0,0,1
165380,10499128,-74.042703759,4.77184770999997,AK 45-CL 192 2,2019,Octubre,4,viernes,15,0,Usaquén,Choque,Vehículo,N/A,Solo Daños,0,1,0,0,0,0,0,0,0,0,0,0,0,0,0,0,0,0,0,0,0,0
165381,10499129,-74.105761711,4.69604555299998,AV AVENIDA CIUDAD DE CALI-CL 72 02,2019,Octubre,6,domingo,15,34,Engativá,Choque,Vehículo,N/A,Solo Daños,0,1,0,0,0,0,0,0,0,0,0,0,0,0,0,0,0,0,0,0,0,0
165382,10499130,-74.088415808,4.61830814899997,AC 19-KR 30 2,2019,Octubre,6,domingo,20,46,Los Mártires,Choque,Vehículo,N/A,Solo Daños,0,0,0,0,0,0,0,0,0,0,0,0,0,0,0,0,0,0,0,0,0,0
165383,10499131,-74.097449675,4.66871020600001,CL 63-KR 69 02,2019,Octubre,6,domingo,22,15,Engativá,Choque,Vehículo,N/A,Solo Daños,0,0,1,0,0,0,0,0,0,1,0,0,0,0,0,0,0,0,0,0,0,1
165384,10499132,-74.097333838,4.66158156500001,KR 68-CL 52 2,2019,Octubre,4,viernes,22,6,Teusaquillo,Choque,Vehículo,N/A,Solo Daños,0,0,0,0,0,0,0,0,0,0,0,0,0,0,0,0,0,0,0,0,0,0
165385,10499133,-74.161503948,4.59632567300002,AV AVENIDA DEL SUR-AV AVENIDA CIUDAD DE VILLAVICENCIO 2,2019,Octubre,6,domingo,14,51,Bosa,Choque,Vehículo,N/A,Solo Daños,0,0,0,0,0,0,0,0,0,0,0,0,0,0,0,0,0,0,0,0,1,0
165386,10499134,-74.089529149,4.69573941700003,CL 80-KR 72 02,2019,Octubre,6,domingo,11,37,Engativá,Choque,Vehículo,N/A,Solo Daños,0,0,0,0,0,0,0,0,0,1,0,0,0,0,0,0,0,0,0,0,0,1
165387,10499135,-74.074158687,4.64548288700001,TR 27-CL 53C 2,2019,Octubre,4,viernes,22,0,Barrios Unidos,Choque,Vehículo,N/A,Solo Daños,0,0,0,0,0,0,0,0,0,0,0,0,0,0,0,0,0,0,0,0,0,0
165388,10499136,-74.093097328,4.68161036200001,AV AVENIDA DE LA CONSTITUCION-CL 70 02,2019,Octubre,6,domingo,17,4,Engativá,Choque,Vehículo,N/A,Solo Daños,0,0,0,0,0,0,0,1,0,0,0,0,0,0,0,0,0,0,0,0,0,0
165389,10499137,-74.160916673,4.587753324,AV AVENIDA CIUDAD DE VILLAVICENCIO-TR 64 2,2019,Octubre,6,domingo,18,20,Ciudad Bolívar,Choque,Vehículo,N/A,Solo Daños,0,0,0,0,0,0,0,0,0,0,1,0,0,0,0,0,0,0,0,0,0,0
165390,10499138,-74.097449675,4.66871020600001,CL 63-KR 69 02,2019,Octubre,6,domingo,18,35,Engativá,Choque,Vehículo,N/A,Solo Daños,0,0,0,0,0,1,0,0,0,0,0,0,0,0,0,0,0,0,0,0,0,0
165391,10499139,-74.113099098,4.66032744900002,KR 70-CL 24 2,2019,Octubre,4,viernes,14,0,Fontibón,Choque,Vehículo,N/A,Solo Daños,0,0,0,0,0,0,0,1,0,0,1,0,0,0,0,0,0,0,0,0,0,0
165392,10499140,-74.091914441,4.68441749499999,CL 72-KR 70 02,2019,Octubre,6,domingo,23,0,Engativá,Choque,Vehículo,N/A,Solo Daños,0,1,0,0,0,0,0,0,0,0,0,0,0,0,0,0,0,0,0,0,0,0
165393,10499141,-74.100807344,4.57724325599997,CL 24-KR 12B S 2,2019,Octubre,4,viernes,15,0,Rafael Uribe Uribe,Choque,Vehículo,N/A,Solo Daños,0,0,0,0,0,0,0,1,0,0,0,0,0,0,0,0,0,0,0,0,0,0
165395,10499143,-74.125521697,4.57935784400001,CL 44-KR 24 S 02,2019,Octubre,6,domingo,19,50,Rafael Uribe Uribe,Choque,Vehículo,N/A,Solo Daños,0,0,0,0,0,0,0,0,0,0,0,0,0,0,0,0,0,0,0,0,0,0
165396,10499144,-74.08261239,4.59291891300001,KR 10-CL 3A 2,2019,Octubre,5,sábado,19,40,Candelaria,Choque,Vehículo,N/A,Solo Daños,0,0,0,0,0,0,0,0,0,0,0,0,0,0,0,0,0,0,0,0,0,0
165397,10499145,-74.094370034,4.66673135299999,CL 63-KR 68 2,2019,Octubre,6,domingo,22,0,Barrios Unidos,Choque,Vehículo,N/A,Solo Daños,0,0,0,0,0,0,0,0,0,0,1,0,0,0,0,0,0,0,0,0,0,0
165398,10499515,-74.077332632,4.642433697,CL 53-KR 28 02,2019,Octubre,10,jueves,11,30,Teusaquillo,Choque,Vehículo,N/A,Solo Daños,0,0,0,0,0,1,0,0,0,0,0,0,0,0,0,0,0,0,0,0,0,0
165399,10499516,-74.144918622,4.59914121499997,AV AVENIDA BOYACA-CL 44 S 02,2019,Octubre,10,jueves,21,13,Kennedy,Choque,Vehículo,N/A,Con Heridos,1,0,0,0,1,0,0,0,0,1,0,0,0,0,0,0,0,0,0,0,0,1
165400,10499517,-74.100843139,4.72962483200001,AV AVENIDA CIUDAD DE CALI-CL 128F 02,2019,Octubre,10,jueves,21,30,Suba,Choque,Vehículo,N/A,Con Heridos,1,0,0,0,0,0,0,0,0,0,0,0,0,0,0,0,0,0,0,0,0,0
165401,10499518,-74.052722229,4.711538534,KR 45-CL 127D 2,2019,Octubre,11,viernes,20,18,Usaquén,Choque,Vehículo,N/A,Con Heridos,0,1,0,0,0,1,0,0,0,0,0,0,0,0,0,0,0,0,0,0,0,0
165402,10499519,-74.120803593,4.602803908,AV AVENIDA PRIMERA DE MAYO-KR 50 02,2019,Octubre,10,jueves,15,50,Puente Aranda,Choque,Vehículo,N/A,Con Heridos,0,0,0,0,0,0,0,0,0,0,1,0,1,0,0,1,0,0,0,0,0,0
165403,10499520,-74.161438624,4.546795702,CL 73A-KR 27H S 02,2019,Octubre,10,jueves,15,50,Ciudad Bolívar,Atropello,N/A,N/A,Con Heridos,0,0,0,0,1,1,1,1,0,0,0,0,0,0,0,0,0,0,0,0,0,0
165404,10499521,-74.1645188,4.61443459999998,TR 78H-AC 45 S 2,2019,Octubre,10,jueves,11,20,Kennedy,Choque,Vehículo,N/A,Con Heridos,0,0,0,0,0,1,0,0,0,1,0,0,0,0,0,0,0,0,0,0,0,1
165405,10499522,-74.0742,4.58769999999998,CL 3-KR 1 2,2019,Octubre,10,jueves,8,42,Santa Fe,Choque,Vehículo,N/A,Con Heridos,0,0,0,0,0,1,0,0,0,0,0,0,0,0,0,0,0,0,0,0,0,0
165406,10499523,-74.097680426,4.62425798499999,KR 42BIS-CL 17A 02,2019,Octubre,10,jueves,16,21,Puente Aranda,Choque,Vehículo,N/A,Con Heridos,0,0,0,0,0,1,0,0,0,0,0,0,0,0,0,0,0,0,0,0,0,0
165407,10499524,-74.137881182,4.555217583,AV AVENIDA BOYACA-AC 64 S 2,2019,Octubre,10,jueves,11,1,Ciudad Bolívar,Choque,Vehículo,N/A,Con Heridos,0,1,0,0,0,1,0,0,0,0,0,0,0,0,0,0,0,0,0,0,0,0
165408,10499525,-74.080039914,4.61613983400002,KR 19A-CL 22B 2,2019,Octubre,10,jueves,10,50,Los Mártires,Choque,Vehículo,N/A,Con Heridos,0,0,0,0,0,1,0,0,0,0,0,0,0,0,0,0,0,0,0,0,0,0
165409,10499526,-74.068632412,4.64465022600001,KR 17-CL 57 02,2019,Octubre,10,jueves,15,48,Teusaquillo,Choque,Vehículo,N/A,Con Heridos,0,0,0,0,0,0,0,0,0,0,1,0,0,0,0,0,0,0,0,0,0,0
165410,10499527,-74.081449152,4.57448068500003,CL 11-KR 1A SE 02,2019,Octubre,11,viernes,21,6,San Cristóbal,Choque,Vehículo,N/A,Con Heridos,0,0,0,0,1,1,0,0,0,0,0,0,0,0,0,0,0,0,0,0,0,0
165411,10499528,-74.053253984,4.71731947799998,CL 131-KR 45A 2,2019,Octubre,11,viernes,21,30,Suba,Choque,Vehículo,N/A,Con Heridos,1,0,0,0,0,0,0,0,0,0,0,0,0,0,0,0,0,0,0,0,0,0
165412,10499529,-74.110100055,4.58703702600002,KR 26-CL 26 S 02,2019,Octubre,11,viernes,6,28,Rafael Uribe Uribe,Choque,Vehículo,N/A,Con Heridos,0,0,0,0,0,1,0,0,0,0,0,0,0,0,0,0,0,0,0,0,0,0
165413,10499530,-74.111382669,4.58868643300002,KR 27-CL 26 S 88,2019,Octubre,11,viernes,18,30,Antonio Nariño,Choque,Vehículo,N/A,Con Heridos,0,1,0,0,0,1,0,0,0,0,0,0,0,0,0,0,0,0,0,0,0,0
165414,10499531,-74.138075304,4.54060864399997,CL 77-KR 17A S 2,2019,Octubre,11,viernes,6,7,Ciudad Bolívar,Choque,Vehículo,N/A,Con Heridos,0,1,0,0,0,1,0,0,0,0,0,0,0,0,0,0,0,0,0,0,0,0
165415,10499532,-74.083689582,4.66907126799998,KR 60-CL 67A 02,2019,Octubre,10,jueves,12,0,Barrios Unidos,Choque,Vehículo,N/A,Con Heridos,0,0,0,0,0,1,0,1,0,0,0,0,0,0,0,0,0,0,0,0,0,0
165416,10499533,-74.171343407,4.63825750799998,KR 89C-CL 42 S 2,2019,Octubre,11,viernes,22,50,Kennedy,Choque,Vehículo,N/A,Con Heridos,0,0,0,0,0,1,0,0,0,0,0,0,0,0,0,0,0,0,0,0,0,0
165417,10499534,-74.1399,4.64159999999998,KR 86-CL 9 02,2019,Octubre,11,viernes,1,15,Kennedy,Choque,Vehículo,N/A,Con Heridos,1,0,1,0,0,1,0,0,0,0,0,0,0,0,0,0,0,0,0,0,0,0
165418,10499535,-74.098981238,4.55956816899999,KR 3B-CL 36D S 2,2019,Octubre,11,viernes,21,30,San Cristóbal,Choque,Vehículo,N/A,Con Heridos,0,0,0,0,0,1,0,0,0,1,0,0,0,0,0,0,0,0,0,0,0,1
165419,10499536,-74.180164075,4.59707898099998,AV AVENIDA DEL SUR-CL 65A S 02,2019,Octubre,11,viernes,6,0,Bosa,Choque,Vehículo,N/A,Con Heridos,0,0,0,0,0,1,0,0,0,0,0,0,0,0,0,0,0,0,0,0,0,0
165420,10499537,-74.044926681,4.68349893499999,CL 100-KR 11B 02,2019,Octubre,11,viernes,7,35,Usaquén,Choque,Vehículo,N/A,Con Heridos,0,0,0,0,0,1,0,0,0,0,1,0,0,0,0,0,0,0,0,0,0,0
165421,10499538,-74.16340518,4.62246196900003,AC 42A-KR 80 S 2,2019,Octubre,11,viernes,22,15,Kennedy,Choque,Vehículo,N/A,Con Heridos,1,0,0,0,0,0,0,0,0,0,1,0,0,0,0,0,0,0,0,0,0,0
165422,10499539,-74.118796094,4.62419310299998,KR 60-CL 4D 2,2019,Octubre,11,viernes,20,0,Puente Aranda,Choque,Vehículo,N/A,Con Muertos,0,0,1,0,0,0,0,1,0,1,0,1,0,0,0,0,0,0,0,0,0,1
165423,10499540,-74.144012223,4.66517822499998,AC 13-KR 96B 02,2019,Octubre,11,viernes,22,55,Fontibón,Atropello,N/A,N/A,Con Heridos,0,0,0,0,0,1,1,1,0,0,0,0,0,0,0,0,0,0,0,0,0,0
165424,10499906,-74.119366933,4.679315718,AV AVENIDA CIUDAD DE CALI-CL 26 2,2019,Octubre,11,viernes,16,45,Engativá,Choque,Vehículo,N/A,Solo Daños,0,1,0,0,0,0,0,0,0,0,0,0,0,0,0,0,0,0,0,0,0,0
165425,10499907,-74.202086585,4.60898994600001,KR 80J-CL 79A S 02,2019,Octubre,15,martes,10,45,Kennedy,Choque,Vehículo,N/A,Solo Daños,0,0,0,0,0,0,0,0,0,0,1,0,1,0,1,0,0,0,0,0,0,0
165426,10499908,-74.083175739,4.59802871400001,KR 13-CL 7 46,2019,Octubre,12,sábado,13,5,Santa Fe,Choque,Vehículo,N/A,Solo Daños,0,0,0,0,0,0,0,0,0,0,0,0,0,0,0,0,0,0,0,0,0,0
165427,10499909,-74.101953881,4.68761216199999,CL 69A-KR 77 02,2019,Octubre,15,martes,6,35,Engativá,Choque,Vehículo,N/A,Solo Daños,0,0,0,0,0,0,0,0,0,0,0,0,0,0,0,0,0,0,0,0,0,0
165428,10499911,-74.087160916,4.59376555699998,AV AVENIDA CARACAS-CL 2 02,2019,Octubre,14,lunes,7,20,Los Mártires,Volcamiento,N/A,N/A,Con Heridos,0,0,0,0,0,1,0,0,0,0,0,0,0,0,0,0,0,0,0,0,0,0
165429,10499912,-74.114019949,4.508102683,AV AVENIDA BOYACA-KR 14 02,2019,Octubre,15,martes,6,20,Usme,Choque,Vehículo,N/A,Solo Daños,0,0,0,0,0,0,0,1,0,0,1,0,1,0,0,0,1,0,0,0,0,0
165430,10499913,-74.126354452,4.52674612200002,CL 71-KR 4 S 2,2019,Octubre,14,lunes,14,10,Ciudad Bolívar,Choque,Vehículo,N/A,Solo Daños,0,0,0,0,0,0,0,0,0,1,0,0,0,0,0,0,0,0,0,0,0,1
165431,10499914,-74.122408879,4.74237254100001,KR 152-CL 132 02,2019,Octubre,14,lunes,21,34,Suba,Choque,Vehículo,N/A,Solo Daños,0,0,0,0,0,0,0,1,0,0,1,0,0,0,0,0,0,0,0,0,1,0
165432,10499915,-74.131037566,4.56989019299999,KR 19C-CL 52 S 02,2019,Octubre,15,martes,11,30,Ciudad Bolívar,Choque,Vehículo,N/A,Solo Daños,0,0,0,0,0,0,0,0,0,0,1,0,1,0,0,1,0,0,0,0,0,0
165433,10499916,-74.050986633,4.65106984200003,KR 1-CL 70A 36,2019,Octubre,14,lunes,16,0,Chapinero,Choque,Vehículo,N/A,Solo Daños,0,0,0,0,0,0,0,1,0,0,0,0,0,0,0,0,0,0,0,0,0,0
165434,10499917,-74.154791948,4.57578974900002,CL 68-KR 46A S 02,2019,Octubre,14,lunes,22,30,Ciudad Bolívar,Choque,Vehículo,N/A,Solo Daños,0,0,0,0,0,0,0,0,0,0,0,0,0,0,0,0,0,0,0,0,0,0
165435,10499918,-74.079325031,4.63623496899999,KR 30-CL 46 02,2019,Octubre,16,miércoles,0,45,Teusaquillo,Volcamiento,N/A,N/A,Solo Daños,0,1,0,0,0,0,0,0,0,0,0,0,0,0,0,0,0,0,0,0,0,0
165436,10499919,-74.065204764,4.60606294299998,AV AVENIDA CIRCUNVALAR-CL 23 2,2019,Octubre,14,lunes,7,31,Santa Fe,Choque,Objeto Fijo,Vehiculo,Con Heridos,0,0,0,0,0,1,0,0,0,0,0,1,0,0,0,0,0,0,0,0,0,0
165437,10499920,-74.074854499,4.710526722,CL 127-KR 70D 02,2019,Octubre,15,martes,13,5,Suba,Choque,Vehículo,N/A,Solo Daños,0,0,0,0,0,0,0,0,0,0,1,0,0,0,0,0,0,0,0,0,0,0
165438,10499921,-74.1209,4.6943,KR 92-CL 64G 2,2019,Octubre,15,martes,14,20,Engativá,Choque,Vehículo,N/A,Solo Daños,0,0,0,0,0,0,0,0,0,0,0,0,0,0,0,0,0,0,0,0,0,0
165439,10499922,-74.157603185,4.68552523199997,KR 120-CL 17 02,2019,Octubre,15,martes,11,10,Fontibón,Choque,Vehículo,N/A,Solo Daños,0,1,0,0,0,0,0,0,0,0,1,0,1,0,0,1,0,0,0,0,0,0
165440,10499923,-74.168907709,4.61372145899998,AV AVENIDA PRIMERA DE MAYO-KR 78L 02,2019,Octubre,15,martes,12,30,Kennedy,Choque,Vehículo,N/A,Solo Daños,0,0,0,0,0,0,0,0,0,0,1,0,0,0,0,0,0,0,0,0,0,0
165441,10499924,-74.045297464,4.75809786899998,AK 45-CL 182 2,2019,Octubre,15,martes,14,30,Usaquén,Choque,Vehículo,N/A,Con Heridos,0,0,0,0,0,1,0,0,0,0,1,0,1,0,0,1,0,0,0,0,0,0
165442,10499925,-74.044085215,4.76342028800002,KR 45-CL 187 02,2019,Octubre,15,martes,12,40,Usaquén,Choque,Objeto Fijo,Semaforo,Con Heridos,0,0,0,0,0,0,0,0,0,0,1,0,1,1,0,0,0,0,1,0,0,0
165443,10499926,-74.071460167,4.663379625,KR 28-CL 71 02,2019,Octubre,16,miércoles,10,34,Barrios Unidos,Choque,Vehículo,N/A,Con Heridos,0,0,0,0,0,1,0,1,0,0,0,0,0,0,0,0,0,0,0,0,0,0
165444,10499927,-74.122122468,4.643074415,KR 69-CL 15A 2,2019,Octubre,15,martes,11,43,Fontibón,Choque,Vehículo,N/A,Con Heridos,0,1,0,0,0,1,0,0,0,0,0,0,0,0,0,0,0,0,0,0,0,0
165445,10499928,-74.056394363,4.718519421,KR 50-CL 132 02,2019,Octubre,16,miércoles,21,15,Suba,Choque,Vehículo,N/A,Con Heridos,0,0,0,0,0,0,0,0,0,0,0,0,0,0,0,0,0,0,0,0,0,0
165446,10499929,-74.093144699,4.69772284499999,AC 80-KR 76 02,2019,Octubre,16,miércoles,6,50,Engativá,Choque,Vehículo,N/A,Con Heridos,0,0,0,0,0,1,0,0,0,0,0,0,0,0,0,0,0,0,0,0,0,0
165447,10499930,-74.115705269,4.62799907599998,AV AVENIDA DE LAS AMERICAS-CL 60 2,2019,Octubre,16,miércoles,7,10,Puente Aranda,Choque,Vehículo,N/A,Con Heridos,0,0,0,0,0,1,0,0,0,0,1,0,0,0,0,0,0,0,0,0,0,0
165448,10500303,-74.044392251,4.76160996999999,KR 45-CL 184 02,2019,Octubre,19,sábado,17,50,Usaquén,Choque,Vehículo,N/A,Solo Daños,0,0,0,0,0,1,0,0,0,0,0,0,0,0,0,0,0,0,0,0,0,0
165449,10500304,-74.140678,4.66391942299998,DG 16-KR 90 2,2019,Octubre,19,sábado,6,55,Fontibón,Choque,Objeto Fijo,Vehiculo,Solo Daños,0,1,0,0,0,0,0,0,0,0,0,0,0,0,0,0,0,0,0,0,0,0
165450,10500305,-74.058950831,4.70305218200002,KR 50-CL 121 2,2019,Octubre,18,viernes,13,20,Suba,Choque,Vehículo,N/A,Solo Daños,0,0,0,0,0,0,0,0,0,0,0,0,0,0,0,0,0,0,0,0,0,0
165451,10500306,-74.12312694,4.70683962700002,CL 70F-KR 106A 02,2019,Octubre,19,sábado,14,55,Engativá,Choque,Vehículo,N/A,Solo Daños,0,0,0,0,0,0,0,0,0,0,0,0,0,0,0,0,0,0,0,0,0,0
165452,10500307,-74.08919169,4.695794337,AV AVENIDA BOYACA-CL 80 02,2019,Octubre,19,sábado,21,30,Engativá,Choque,Vehículo,N/A,Solo Daños,0,1,0,0,0,0,0,0,0,0,0,0,0,0,0,0,0,0,0,0,0,0
165453,10500308,-74.049714577,4.68567867500002,CL 100-KR 16 2,2019,Octubre,18,viernes,16,30,Usaquén,Choque,Vehículo,N/A,Solo Daños,0,0,0,0,0,0,0,0,0,0,1,0,1,0,0,1,0,0,0,0,0,0
165454,10500309,-74.126611746,4.59409631900002,KR 50-CL 45A S 2,2019,Octubre,19,sábado,12,59,Puente Aranda,Choque,Vehículo,N/A,Solo Daños,0,0,0,0,0,0,0,0,0,0,0,0,0,0,0,0,0,0,0,0,0,0
165455,10500310,-74.052722229,4.711538534,KR 45-CL 127D 2,2019,Octubre,17,jueves,23,7,Usaquén,Volcamiento,N/A,N/A,Solo Daños,0,0,0,0,0,0,0,0,0,0,0,0,0,0,0,0,0,0,0,0,0,0
165456,10500311,-74.039704526,4.74958010199998,CL 170-KR 17 2,2019,Octubre,18,viernes,16,30,Usaquén,Choque,Vehículo,N/A,Solo Daños,0,0,0,0,0,0,0,0,0,0,0,0,0,0,0,0,0,0,0,0,0,0
165457,10500312,-74.100934,4.62702192699999,AV AVENIDA DE LAS AMERICAS-KR 44 37,2019,Octubre,19,sábado,11,30,Puente Aranda,Choque,Vehículo,N/A,Solo Daños,0,1,0,0,0,0,0,1,0,0,0,0,0,0,0,0,0,0,0,0,0,0
165458,10500313,-74.085667327,4.69762118900002,CL 93-KR 72 26,2019,Octubre,19,sábado,12,40,Suba,Choque,Vehículo,N/A,Solo Daños,0,0,0,0,0,0,0,0,0,0,0,0,0,0,0,0,0,0,0,0,0,0
165459,10500314,-74.078449262,4.65026685700002,KR 30-CL 60 2,2019,Octubre,18,viernes,21,21,Teusaquillo,Choque,Vehículo,N/A,Solo Daños,0,1,0,0,0,0,0,0,0,0,0,0,0,0,0,0,0,0,0,0,0,0
165460,10500315,-74.043140941,4.69861286700001,KR 15-CL 118 2,2019,Octubre,19,sábado,14,40,Usaquén,Choque,Vehículo,N/A,Solo Daños,0,0,0,0,0,0,0,0,0,0,0,0,0,0,0,0,0,0,0,0,0,0
165461,10500316,-74.115801413,4.67272954499998,CL 26-KR 75 25,2019,Octubre,18,viernes,10,20,Bosa,Choque,Vehículo,N/A,Solo Daños,0,0,0,0,0,0,0,0,0,0,1,0,1,0,0,1,0,0,0,0,0,0
165462,10500317,-74.154638434,4.682106476,CL 17-KR 115 1,2019,Octubre,19,sábado,10,45,Fontibón,Choque,Vehículo,N/A,Solo Daños,0,1,0,0,0,0,0,0,0,0,0,0,0,0,0,0,0,0,0,0,0,0
165463,10500318,-74.182347814,4.60505276999999,CL 63-KR 78J S 2,2019,Octubre,17,jueves,16,45,Bosa,Caida de ocupante,N/A,N/A,Con Heridos,0,0,0,0,0,0,0,1,0,0,1,0,1,0,0,1,0,0,0,0,0,0
165464,10500319,-74.101119254,4.60321511199999,KR 30-CL 2C 2,2019,Octubre,20,domingo,8,11,Los Mártires,Choque,Vehículo,N/A,Solo Daños,0,0,0,0,0,1,0,0,0,0,0,0,0,0,0,0,0,0,0,0,0,0
165465,10500320,-74.115698194,4.68046739200003,CL 52A-KR 85J 18,2019,Octubre,19,sábado,22,56,Engativá,Choque,Vehículo,N/A,Solo Daños,0,0,0,0,0,1,0,0,0,0,0,0,0,0,0,0,0,0,0,0,0,0
165466,10500321,-74.075035175,4.71049924800002,CL 127-KR 70D 77,2019,Octubre,20,domingo,9,30,Suba,Choque,Objeto Fijo,Vehiculo,Solo Daños,0,0,0,0,0,0,0,0,0,0,0,0,0,0,0,0,0,0,0,0,0,0
165467,10500322,-74.059258601,4.67500917500001,AK 20-CL 87 2,2019,Octubre,20,domingo,7,18,Usaquén,Choque,Vehículo,N/A,Solo Daños,0,0,0,0,0,0,0,0,0,0,1,0,1,0,0,1,0,0,0,0,0,0
165468,10500323,-74.138665433,4.65662757400003,AV AVENIDA CIUDAD DE CALI-CL 15 02,2019,Octubre,19,sábado,13,0,Kennedy,Choque,Vehículo,N/A,Solo Daños,0,1,0,0,0,0,0,0,0,0,0,0,0,0,0,0,0,0,0,0,0,0
165469,10500324,-74.071463939,4.66980523500001,AK 30-CL 75 2,2019,Octubre,18,viernes,8,35,Barrios Unidos,Otro,N/A,N/A,Con Heridos,0,0,0,0,0,0,0,0,0,0,1,0,0,0,0,0,0,0,0,0,0,0
165470,10500325,-74.089529149,4.69573941700003,CL 80-KR 72 2,2019,Octubre,20,domingo,19,40,Engativá,Choque,Vehículo,N/A,Solo Daños,0,0,0,0,0,0,0,0,0,0,0,0,0,0,0,0,0,0,0,0,0,0
165471,10500326,-74.11169043,4.60278725299997,CL 8-KR 37 2,2019,Octubre,17,jueves,17,20,Puente Aranda,Atropello,N/A,N/A,Con Heridos,0,0,0,0,0,0,1,0,0,0,0,0,0,0,0,0,0,0,0,0,0,0
165472,10500702,-74.031141963,4.70272759900001,CL 127-KR 7C 2,2019,Octubre,23,miércoles,8,36,Usaquén,Choque,Vehículo,N/A,Solo Daños,0,0,0,0,0,0,0,0,0,0,0,0,0,0,0,0,0,0,0,0,0,0
165473,10500703,-74.182239271,4.60187604800001,CL 65-KR 78B S 02,2019,Octubre,23,miércoles,5,55,Bosa,Choque,Vehículo,N/A,Solo Daños,0,1,0,0,0,0,0,0,0,0,1,0,0,0,0,0,0,0,0,0,1,0
165474,10500704,-74.077464524,4.65196419400002,CL 63-KR 29 2,2019,Octubre,23,miércoles,21,15,Barrios Unidos,Choque,Vehículo,N/A,Solo Daños,0,0,0,0,0,0,0,1,0,0,0,0,0,0,0,0,0,0,0,0,0,0
165475,10500705,-74.068652942,4.68655222199999,KR 62-CL 97 2,2019,Octubre,23,miércoles,17,52,Barrios Unidos,Choque,Vehículo,N/A,Solo Daños,0,0,0,0,0,0,0,0,0,0,0,0,0,0,0,0,0,0,0,0,0,0
165476,10500706,-74.119966873,4.66179862400003,CL 23B-KR 72C 02,2019,Octubre,23,miércoles,7,15,Fontibón,Choque,Vehículo,N/A,Solo Daños,0,0,0,0,0,0,0,0,0,1,1,0,0,0,0,0,0,0,0,0,1,1
165477,10500707,-74.161828288,4.68872052199998,CL 17-KR 126 2,2019,Octubre,24,jueves,2,0,Fontibón,Choque,Vehículo,N/A,Solo Daños,0,1,0,0,0,0,0,0,0,0,1,0,0,0,0,0,0,0,0,0,0,0
165478,10500708,-74.059374766,4.65632645599999,KR 11-CL 71 2,2019,Octubre,23,miércoles,18,0,Chapinero,Choque,Vehículo,N/A,Solo Daños,0,1,0,0,0,0,0,0,0,0,0,0,0,0,0,0,0,0,0,0,0,0
165479,10500709,-74.136488481,4.62704780500002,KR 71D-CL 4 2,2019,Octubre,24,jueves,0,30,Kennedy,Choque,Objeto Fijo,Vehiculo,Solo Daños,0,0,1,0,0,0,0,0,0,0,0,0,0,0,0,0,0,0,0,0,0,0
165480,10500710,-74.122343757,4.576932419,CL 42-KR 21 S 2,2019,Octubre,23,miércoles,14,39,Rafael Uribe Uribe,Choque,Vehículo,N/A,Solo Daños,0,0,0,0,0,0,0,0,0,1,0,0,0,0,0,0,0,0,0,0,0,1
165481,10500711,-74.145808548,4.53121047399998,KR 18F-CL 83 S 2,2019,Octubre,24,jueves,0,3,Ciudad Bolívar,Choque,Objeto Fijo,Vehiculo,Solo Daños,0,0,0,0,0,0,0,0,0,0,1,0,1,0,0,1,0,0,0,0,0,0
165482,10500712,-74.090700324,4.59738170200001,DG 4A-AK 18C 2,2019,Octubre,23,miércoles,12,10,Los Mártires,Choque,Vehículo,N/A,Solo Daños,0,0,0,0,0,0,0,0,0,1,0,0,0,0,0,0,0,0,0,0,0,1
165483,10500713,-74.10703052,4.55743088399998,CL 48J-KR 5B S 2,2019,Octubre,24,jueves,2,30,San Cristóbal,Choque,Vehículo,N/A,Solo Daños,0,0,0,0,0,1,0,0,0,1,0,0,0,0,0,0,0,0,0,0,0,1
165485,10500715,-74.042,4.69439999999997,KR 9-CL 112 02,2019,Octubre,22,martes,9,10,Usaquén,Choque,Vehículo,N/A,Solo Daños,0,0,0,0,0,0,0,0,0,0,0,0,0,0,0,0,0,0,0,0,0,0
165486,10500716,-74.096874892,4.60260887300001,KR 27-CL 4A 76,2019,Octubre,24,jueves,17,0,Los Mártires,Atropello,N/A,N/A,Con Muertos,0,0,0,0,0,1,1,1,0,0,0,0,0,0,0,0,0,0,0,0,0,0
165487,10500717,-74.072336383,4.605737487,CL 19-KR 8 2,2019,Octubre,19,sábado,16,0,Santa Fe,Choque,Objeto Fijo,Vehiculo,Solo Daños,0,0,0,0,0,0,0,0,0,0,1,0,1,0,0,1,0,0,0,0,0,0
165488,10500718,-74.058031106,4.63926232,TR 1A-CL 54A 02,2019,Octubre,23,miércoles,12,40,Chapinero,Choque,Objeto Fijo,Muro,Solo Daños,0,0,0,0,0,0,0,0,0,0,0,0,0,0,0,0,0,0,0,0,0,0
165489,10500720,-74.091655542,4.592883277,CL 1-KR 18C 2,2019,Octubre,21,lunes,11,7,Los Mártires,Choque,Vehículo,N/A,Solo Daños,0,1,0,0,0,0,0,0,0,0,0,0,0,0,0,0,0,0,0,0,0,0
165490,10500721,-74.080754888,4.62747456300002,KR 33-CL 26C 2,2019,Octubre,23,miércoles,19,0,Teusaquillo,Choque,Vehículo,N/A,Solo Daños,0,0,0,0,0,0,0,1,0,0,0,0,0,0,0,0,0,0,0,0,0,0
165491,10500722,-74.105800987,4.695987242,AV AVENIDA CIUDAD DE CALI-CL 72 02,2019,Octubre,23,miércoles,12,10,Engativá,Choque,Vehículo,N/A,Solo Daños,0,0,0,0,0,0,0,0,0,0,0,0,0,0,0,0,0,0,0,0,0,0
165492,10500723,-74.137029468,4.63678994700001,AV AVENIDA BOYACA-CL 8 2,2019,Octubre,23,miércoles,16,30,Kennedy,Choque,Vehículo,N/A,Solo Daños,0,0,0,0,0,0,0,0,0,0,1,0,1,0,0,1,0,0,0,0,0,0
165493,10500724,-74.050347153,4.72714772500001,KR 45-CL 145 2,2019,Octubre,23,miércoles,6,5,Usaquén,Choque,Vehículo,N/A,Solo Daños,0,1,0,0,0,0,0,0,0,0,0,0,0,0,0,0,0,0,0,0,0,0
165494,10500725,-74.107862182,4.603858742,CL 1F-KR 35 02,2019,Octubre,23,miércoles,5,27,Puente Aranda,Choque,Vehículo,N/A,Solo Daños,0,0,0,0,0,0,0,0,0,0,0,0,0,0,0,0,0,0,0,0,0,0
165495,10500726,-74.063737779,4.741271251,KR 59-CL 152B 79,2019,Octubre,24,jueves,6,38,Suba,Choque,Vehículo,N/A,Solo Daños,0,0,0,0,0,0,0,0,0,0,1,0,0,0,0,0,0,0,0,0,0,0
165496,10501110,-74.064571943,4.60305726199999,CL 21-KR 1 E 02,2019,Octubre,28,lunes,11,10,Santa Fe,Choque,Vehículo,N/A,Solo Daños,0,0,0,0,0,0,0,1,0,0,0,0,0,0,0,0,0,0,0,0,0,0
165497,10501111,-74.080031602,4.62905113300002,AK 30-CL 39A 02,2019,Octubre,26,sábado,12,15,Teusaquillo,Choque,Vehículo,N/A,Solo Daños,0,1,0,0,0,0,0,0,0,0,0,0,0,0,0,0,0,0,0,0,0,0
165498,10501112,-74.104631202,4.58366835599998,CL 22-KR 20 S 2,2019,Octubre,26,sábado,20,15,Puente Aranda,Choque,Vehículo,N/A,Solo Daños,0,0,0,0,0,0,0,0,0,0,1,0,1,0,0,0,1,0,0,0,0,0
165499,10501113,-74.107944792,4.69208186700001,KR 86-CL 69A 02,2019,Octubre,26,sábado,14,10,Engativá,Choque,Vehículo,N/A,Solo Daños,0,0,0,0,0,0,0,1,0,0,1,0,1,0,1,0,0,0,0,0,0,0
165500,10501114,N/A,N/A,KR 13-CL 24A S 2,2019,Octubre,26,sábado,18,30,Kennedy,Choque,Vehículo,N/A,Solo Daños,0,0,0,0,0,0,0,0,0,1,0,0,0,0,0,0,0,0,0,0,0,1
165501,10501115,-74.161846685,4.64934985000002,CL 6BISA-KR 90A 50,2019,Octubre,28,lunes,14,35,Kennedy,Choque,Vehículo,N/A,Solo Daños,0,0,0,0,0,1,0,0,0,0,0,0,0,0,0,0,0,0,0,0,0,0
165502,10501116,-74.120059009,4.71118234099998,KR 107-CL 76 02,2019,Octubre,26,sábado,4,10,Engativá,Choque,Vehículo,N/A,Solo Daños,0,0,0,0,0,0,0,0,0,0,1,0,1,0,0,1,0,0,0,0,0,0
165503,10501117,-74.13720305,4.636113825,AV AVENIDA BOYACA-CL 7D 2,2019,Octubre,26,sábado,11,16,Kennedy,Choque,Vehículo,N/A,Solo Daños,0,0,0,0,0,0,0,0,0,1,0,0,0,0,0,0,0,0,0,0,0,1
165504,10501118,-74.124577106,4.70600701799998,CL 70B-KR 107A 02,2019,Octubre,26,sábado,16,20,Engativá,Choque,Vehículo,N/A,Solo Daños,0,0,0,0,0,0,0,0,0,1,0,0,0,0,0,0,0,0,0,0,0,1
165505,10501119,-74.050143965,4.67146331499998,KR 11A-CL 88 49,2019,Octubre,28,lunes,14,50,Chapinero,Choque,Vehículo,N/A,Solo Daños,0,0,0,0,0,0,0,0,0,0,0,0,0,0,0,0,0,0,0,0,0,0
165506,10501120,-74.065512348,4.64412271899999,AV AVENIDA CARACAS-CL 57 2,2019,Octubre,27,domingo,9,5,Chapinero,Choque,Vehículo,N/A,Solo Daños,0,0,0,0,0,1,0,0,0,1,0,0,0,0,0,0,0,0,0,0,0,1
165507,10501121,-74.126921738,4.64968141100002,CL 13-KR 72 02,2019,Octubre,26,sábado,16,15,Fontibón,Choque,Vehículo,N/A,Solo Daños,0,1,0,0,0,0,0,0,0,0,0,0,0,0,0,0,0,0,0,0,0,0
165508,10501122,-74.138265779,4.62716809800003,AV AVENIDA BOYACA-CL 4 2,2019,Octubre,27,domingo,17,54,Kennedy,Choque,Vehículo,N/A,Solo Daños,0,0,0,0,0,0,0,0,0,0,0,0,0,0,0,0,0,0,0,0,0,0
165509,10501123,-74.090983767,4.62570979399999,KR 36-CL 23 02,2019,Octubre,26,sábado,15,0,Teusaquillo,Choque,Vehículo,N/A,Solo Daños,0,0,0,0,0,0,0,0,0,1,1,0,1,0,0,1,0,0,0,0,0,1
165510,10501124,-74.03942196,4.704368483,KR 13-CL 127 02,2019,Octubre,28,lunes,9,10,Usaquén,Choque,Vehículo,N/A,Solo Daños,0,0,0,0,0,0,0,0,0,0,1,0,1,0,0,1,0,0,0,0,0,0
165511,10501125,-74.1402,4.67610000000002,TR 96-AC 22 2,2019,Octubre,27,domingo,20,0,Fontibón,Choque,Vehículo,N/A,Solo Daños,0,0,0,0,0,0,0,0,0,0,1,0,1,0,1,0,0,0,0,0,0,0
165512,10501126,-74.166966944,4.58722242699997,CL 63A-KR 72A S 52,2019,Octubre,26,sábado,21,48,Ciudad Bolívar,Choque,Vehículo,N/A,Solo Daños,0,0,0,0,0,0,0,0,0,0,0,0,0,0,0,0,0,0,0,0,0,0
165513,10501127,-74.060237876,4.68759462100002,CL 100-KR 47A 02,2019,Octubre,28,lunes,11,50,Barrios Unidos,Choque,Vehículo,N/A,Solo Daños,0,0,0,0,0,0,0,0,0,0,0,0,0,0,0,0,0,0,0,0,0,0
165514,10501128,-74.145475405,4.58919114100001,DG 51ABIS-TR 60 S 2,2019,Octubre,27,domingo,21,45,Tunjuelito,Choque,Vehículo,N/A,Solo Daños,0,0,0,0,0,0,0,0,0,0,0,0,0,0,0,0,0,0,0,0,0,0
165515,10501129,-74.102741153,4.48596538800001,CL 115-KR 7C SE 02,2019,Octubre,29,martes,18,30,Usme,Choque,Vehículo,N/A,Con Muertos,1,0,0,0,0,0,0,0,0,0,1,0,0,0,0,0,0,0,0,0,1,0
165516,10501130,-74.147501285,4.54999938499998,KR 18I-CL 69 S 2,2019,Octubre,27,domingo,22,30,Ciudad Bolívar,Choque,Vehículo,N/A,Solo Daños,0,0,0,0,0,0,0,0,0,1,1,0,1,0,1,0,0,0,0,0,0,1
165517,10501131,-74.070014017,4.66730135900002,CL 74-KR 28B 02,2019,Octubre,28,lunes,11,50,Barrios Unidos,Choque,Objeto Fijo,Tren,Solo Daños,0,1,0,0,0,0,0,0,0,0,0,0,0,0,0,0,0,0,0,0,0,0
165518,10501132,-74.164060536,4.59604721699998,AV AVENIDA DEL SUR-KR 71 02,2019,Octubre,28,lunes,16,40,Bosa,Choque,Vehículo,N/A,Solo Daños,0,1,0,0,0,0,0,0,0,0,0,0,0,0,0,0,0,0,0,0,0,0
165519,10501133,-74.095825783,4.60202307899999,KR 26-CL 5 2,2019,Octubre,27,domingo,8,54,Los Mártires,Choque,Vehículo,N/A,Solo Daños,0,0,0,0,0,1,0,0,0,0,0,0,0,0,0,0,0,0,0,0,0,0
165520,10501134,-74.077264707,4.59033386300001,CL 6-KR 5 02,2019,Octubre,29,martes,20,18,Candelaria,Choque,Vehículo,N/A,Con Muertos,1,0,0,0,1,0,0,0,0,0,0,0,0,0,0,0,0,0,0,0,0,0
165525,10501514,-74.105213237,4.70490504000003,AC 80-KR 90A 2,2019,Octubre,31,jueves,10,49,Engativá,Choque,Vehículo,N/A,Solo Daños,1,0,0,0,0,0,0,0,0,0,0,0,0,0,0,0,0,0,0,0,0,0
165527,10501516,-74.174067915,4.649170701,KR 98BBIS-CL 38 S 10,2019,Octubre,31,jueves,16,15,Kennedy,Choque,Objeto Fijo,Muro,Solo Daños,0,0,0,0,0,0,0,0,0,0,1,0,1,0,0,1,0,0,0,0,0,0
165528,10501517,-74.123459395,4.641718895,CL 13-KR 69 2,2019,Octubre,31,jueves,10,30,Fontibón,Choque,Vehículo,N/A,Solo Daños,0,0,0,0,0,0,0,0,0,1,0,0,0,0,0,0,0,0,0,0,0,1
165531,10501520,-74.144894955,4.63114970700002,CL 6-KR 78 2,2019,Octubre,31,jueves,13,5,Kennedy,Choque,Vehículo,N/A,Solo Daños,0,0,0,0,0,0,0,0,0,1,0,0,0,0,0,0,0,0,0,0,0,1
165532,10501521,-74.082179074,4.66664735400002,CL 66B-KR 57B 02,2019,Octubre,31,jueves,15,30,Barrios Unidos,Choque,Vehículo,N/A,Solo Daños,0,0,0,0,0,0,0,0,0,0,1,0,0,0,0,0,0,0,0,0,1,0
165533,10501522,-74.141581878,4.66706631699998,CL 17-KR 96B 2,2019,Octubre,31,jueves,8,0,Fontibón,Choque,Vehículo,N/A,Solo Daños,0,1,0,0,0,0,0,1,0,1,0,0,0,0,0,0,0,0,0,0,0,1
165534,10501523,-74.10066989,4.603355819,CL 3-KR 29A 41,2019,Octubre,31,jueves,20,0,Los Mártires,Choque,Vehículo,N/A,Solo Daños,0,0,0,0,0,0,0,0,0,0,0,0,0,0,0,0,0,0,0,0,0,0
165535,10501524,-74.088735126,4.69548550399998,AV AVENIDA BOYACA-CL 80 2,2019,Octubre,31,jueves,18,30,Engativá,Choque,Vehículo,N/A,Solo Daños,0,0,0,0,0,0,0,0,0,0,1,0,1,0,0,1,0,0,0,0,0,0
165536,10501525,-74.08713036,4.67525409299998,KR 68-CL 67D 02,2019,Octubre,31,jueves,15,25,Barrios Unidos,Choque,Vehículo,N/A,Solo Daños,0,0,0,0,0,0,0,0,0,0,1,0,1,0,0,1,0,0,0,0,0,0
165537,10501526,-74.127560037,4.65044632500002,CL 13-KR 72 2,2019,Octubre,31,jueves,18,4,Fontibón,Volcamiento,N/A,N/A,Solo Daños,0,0,0,1,0,1,0,0,0,0,0,0,0,0,0,0,0,0,0,0,0,0
165538,10501527,-74.102135488,4.69854577000001,CL 75BIS-KR 84 2,2019,Octubre,31,jueves,12,30,Engativá,Choque,Vehículo,N/A,Solo Daños,0,1,0,0,0,0,0,0,0,0,0,0,0,0,0,0,0,0,0,0,0,0
165540,10501529,-74.109958311,4.58880712799998,KR 27-CL 23 S 2,2019,Octubre,31,jueves,6,50,Puente Aranda,Choque,Vehículo,N/A,Solo Daños,0,1,0,0,0,0,0,0,0,0,0,0,0,0,0,0,0,0,0,0,0,0
165541,10501530,-74.087192097,4.67407502600003,KR 67-CL 67C 02,2019,Octubre,31,jueves,13,50,Barrios Unidos,Choque,Vehículo,N/A,Solo Daños,0,0,0,0,0,0,0,0,0,1,0,0,0,0,0,0,0,0,0,0,0,1
165542,10501531,-74.172374564,4.60523608300002,CL 57B-KR 77I S 2,2019,Octubre,31,jueves,16,30,Kennedy,Choque,Vehículo,N/A,Solo Daños,0,0,0,0,0,0,0,1,0,0,0,0,0,0,0,0,0,0,0,0,0,0
165543,10501532,-74.051598396,4.660158341,KR 7-CL 78 02,2019,Octubre,31,jueves,19,21,Chapinero,Choque,Vehículo,N/A,Solo Daños,0,0,0,0,0,0,0,0,0,0,0,0,0,0,0,0,0,0,0,0,0,0
165544,10501533,-74.055833131,4.69535277099999,AK 45-CL 108 2,2019,Octubre,31,jueves,13,30,Usaquén,Choque,Vehículo,N/A,Solo Daños,0,0,0,0,0,0,0,0,0,0,1,0,0,0,0,0,0,0,0,0,0,0
165554,10501903,-74.079378692,4.63410253699999,AK 30-CL 44 2,2019,Octubre,31,jueves,6,50,Teusaquillo,Choque,Vehículo,N/A,Solo Daños,0,0,0,0,0,0,0,1,0,0,1,0,0,0,0,0,0,0,0,0,1,0
165740,10498755,-74.168297177,4.615593386,KR 79-CL 49 S 02,2019,Octubre,3,jueves,7,30,Kennedy,Choque,Vehículo,N/A,Con Heridos,1,0,0,0,1,1,0,0,0,0,0,0,0,0,0,0,0,0,0,0,0,0
165741,10498756,-74.041520397,4.68184986300002,AC 100-KR 9A 02,2019,Octubre,2,miércoles,17,59,Usaquén,Atropello,N/A,N/A,Con Heridos,0,0,0,0,0,0,1,0,0,0,0,0,0,0,0,0,0,0,0,0,0,0
165742,10498757,-74.076125053,4.68639996500002,KR 68-CL 95 02,2019,Octubre,3,jueves,21,58,Barrios Unidos,Atropello,N/A,N/A,Con Heridos,0,0,0,0,0,1,1,0,0,0,0,0,0,0,0,0,0,0,0,0,0,0
165743,10498758,-74.072430639,4.60907866299999,KR 10-CL 22 2,2019,Octubre,3,jueves,19,0,Santa Fe,Choque,Vehículo,N/A,Con Heridos,0,0,0,0,0,1,0,1,0,0,1,0,1,1,0,0,0,0,0,1,0,0
165744,10498759,-74.137614578,4.633718273,AV AVENIDA BOYACA-CL 7A 02,2019,Octubre,3,jueves,10,20,Kennedy,Caida de ocupante,N/A,N/A,Con Heridos,0,0,0,0,0,0,0,0,0,0,1,0,0,0,0,0,0,0,0,0,0,0
165745,10498760,-74.178151573,4.59958257900001,KR 77K-CL 59 S 02,2019,Octubre,4,viernes,2,40,Bosa,Volcamiento,N/A,N/A,Con Heridos,0,0,1,1,0,1,0,0,0,0,0,0,0,0,0,0,0,0,0,0,0,0
165746,10498761,-74.076109062,4.608751842,KR 14-CL 19 2,2019,Octubre,3,jueves,19,15,Santa Fe,Choque,Vehículo,N/A,Con Heridos,0,0,0,0,0,1,0,0,0,0,0,0,0,0,0,0,0,0,0,0,0,0
165748,10498763,-74.125176148,4.57866516299998,KR 23B-CL 44 S 02,2019,Octubre,1,martes,13,30,Rafael Uribe Uribe,Choque,Vehículo,N/A,Solo Daños,0,0,0,0,0,0,0,0,0,0,1,0,1,0,0,1,0,0,0,0,0,0
165749,10498764,-74.091876723,4.601789758,CL 6-KR 21 07,2019,Octubre,4,viernes,1,42,Los Mártires,Choque,Objeto Fijo,Poste,Con Heridos,0,0,0,0,0,1,0,0,0,0,0,0,0,0,0,0,0,0,0,0,0,0
165750,10498765,-74.096771342,4.69961080899998,AC 80-KR 80A 2,2019,Octubre,3,jueves,5,54,Engativá,Atropello,N/A,N/A,Con Heridos,0,0,0,0,0,0,1,0,0,0,1,0,0,0,0,0,0,0,0,0,0,0
165751,10498766,-74.116868437,4.62811918699998,AV AVENIDA DE LAS AMERICAS-KR 62 02,2019,Octubre,2,miércoles,12,30,Puente Aranda,Choque,Vehículo,N/A,Solo Daños,0,0,0,0,0,0,0,0,0,0,0,0,0,0,0,0,0,0,0,0,0,0
165752,10498767,-74.146646416,4.56268122500001,KR 20A-CL 65 S 02,2019,Octubre,2,miércoles,13,30,Ciudad Bolívar,Choque,Vehículo,N/A,Solo Daños,0,0,0,0,0,1,0,1,0,0,0,0,0,0,0,0,0,0,0,0,0,0
165753,10498768,-74.100867993,4.70319520200002,AV AVENIDA CIUDAD DE CALI-CL 80 02,2019,Octubre,2,miércoles,18,30,Engativá,Choque,Vehículo,N/A,Solo Daños,0,1,0,0,0,0,0,0,0,0,0,0,0,0,0,0,0,0,0,0,0,0
165754,10498769,-74.079307498,4.60449334700002,KR 14-CL 14 ES 02,2019,Octubre,3,jueves,8,50,San Cristóbal,Choque,Objeto Fijo,Tren,Solo Daños,0,1,0,1,0,0,0,0,0,0,0,0,0,0,0,0,0,0,0,0,0,0
165755,10498770,-74.113400493,4.61073870500002,CL 2B-KR 40C 2,2019,Octubre,3,jueves,6,30,Puente Aranda,Atropello,N/A,N/A,Con Heridos,0,0,0,0,0,0,1,0,0,0,0,0,0,0,0,0,0,0,0,0,0,0
165756,10498771,-74.126162361,4.57837284599998,KR 23B-CL 44A S 22,2019,Octubre,3,jueves,20,30,Rafael Uribe Uribe,Choque,Objeto Fijo,Muro,Solo Daños,0,1,0,0,0,0,0,0,0,0,0,0,0,0,0,0,0,0,0,0,0,0
165757,10498772,-74.126679937,4.56671317899998,AV AVENIDA CARACAS-CL 51 S 2,2019,Octubre,3,jueves,18,40,Rafael Uribe Uribe,Caida de ocupante,N/A,N/A,Con Heridos,0,0,0,0,0,0,0,0,0,0,1,0,1,0,0,1,0,0,0,0,0,0
165758,10498773,-74.074926583,4.63247440999999,KR 24-DG 42A 02,2019,Octubre,3,jueves,15,0,Teusaquillo,Choque,Vehículo,N/A,Solo Daños,0,0,0,0,0,0,0,0,0,1,1,0,1,0,0,1,0,0,0,0,0,1
165759,10498774,-74.067835865,4.65901752100001,KR 22-CL 69 02,2019,Octubre,3,jueves,6,40,Barrios Unidos,Choque,Vehículo,N/A,Solo Daños,0,0,0,0,0,0,0,0,0,1,0,0,0,0,0,0,0,0,0,0,0,1
165760,10498775,-74.124141662,4.62430057799997,AK 68-CL 3 2,2019,Octubre,3,jueves,23,2,Puente Aranda,Choque,Vehículo,N/A,Solo Daños,0,0,0,0,0,0,0,0,0,0,0,0,0,0,0,0,0,0,0,0,0,0
165761,10498776,-74.116233572,4.724490022,CL 83A-KR 113 02,2019,Octubre,3,jueves,8,35,Engativá,Choque,Vehículo,N/A,Solo Daños,0,0,0,0,0,0,0,0,0,0,0,0,0,0,0,0,0,0,0,0,0,0
165762,10498777,-74.073051363,4.65107368299999,CL 63-KR 25 02,2019,Octubre,3,jueves,20,40,Barrios Unidos,Choque,Vehículo,N/A,Solo Daños,0,0,0,0,0,0,0,0,0,0,0,0,0,0,0,0,0,0,0,0,0,0
165763,10499146,-74.169559556,4.59571935999998,AV AVENIDA DEL SUR-CL 73B 35,2019,Octubre,6,domingo,9,30,Ciudad Bolívar,Choque,Vehículo,N/A,Solo Daños,0,0,0,0,0,0,0,1,0,0,1,0,0,0,0,0,0,0,0,0,0,0
165764,10499147,-74.047078043,4.677565077,CL 94-KR 11A 2,2019,Octubre,5,sábado,8,50,Chapinero,Choque,Vehículo,N/A,Solo Daños,0,0,0,0,0,0,0,0,0,1,0,0,0,0,0,0,0,0,0,0,0,1
165765,10499148,-74.043407017,4.76780043299999,KR 45-CL 190 2,2019,Octubre,6,domingo,20,40,Usaquén,Choque,Vehículo,N/A,Solo Daños,0,0,0,0,0,0,0,0,0,1,1,0,1,0,0,1,0,0,0,0,0,1
165766,10499149,-74.064435,4.64404667000002,KR 13-CL 57 2,2019,Octubre,5,sábado,17,40,Chapinero,Choque,Vehículo,N/A,Solo Daños,0,0,0,0,0,0,0,0,0,1,1,0,1,0,0,0,1,0,0,0,0,1
165767,10499150,-74.06689991,4.72447170200002,CL 134-KR 58A 02,2019,Octubre,6,domingo,21,55,Suba,Choque,Vehículo,N/A,Solo Daños,0,0,1,0,0,0,0,0,0,0,0,0,0,0,0,0,0,0,0,0,0,0
165768,10499151,-74.074609015,4.72225024800002,AV AVENIDA SUBA-AV AVENIDA BOYACA 2,2019,Octubre,6,domingo,20,25,Suba,Choque,Vehículo,N/A,Solo Daños,0,0,0,0,0,0,0,0,0,0,0,0,0,0,0,0,0,0,0,0,0,0
165769,10499152,-74.06995855,4.70325426800002,CL 117D-KR 58 50,2019,Octubre,6,domingo,13,35,Suba,Choque,Vehículo,N/A,Solo Daños,0,0,0,0,0,0,0,0,0,1,0,0,0,0,0,0,0,0,0,0,0,1
165770,10499153,-74.137098724,4.71067537800002,TR 113F-CL 65B 02,2019,Octubre,7,lunes,19,10,Engativá,Choque,Vehículo,N/A,Solo Daños,0,0,0,0,0,1,0,0,0,0,0,0,0,0,0,0,0,0,0,0,0,0
165771,10499154,-74.174246739,4.62655845400002,KR 85A-CL 47B S 2,2019,Octubre,6,domingo,15,40,Kennedy,Choque,Vehículo,N/A,Solo Daños,0,0,0,0,0,0,0,0,0,0,0,0,0,0,0,0,0,0,0,0,0,0
165772,10499155,-74.067725604,4.631632384,AV AVENIDA CARACAS-CL 44 2,2019,Octubre,5,sábado,7,45,Chapinero,Choque,Vehículo,N/A,Solo Daños,0,0,0,0,0,0,0,0,0,0,0,0,0,0,0,0,0,0,0,0,0,0
165773,10499156,-74.175023493,4.61717473800002,CL 54-KR 80H S 2,2019,Octubre,6,domingo,13,0,Kennedy,Choque,Vehículo,N/A,Solo Daños,0,0,0,0,0,0,0,1,0,0,0,0,0,0,0,0,0,0,0,0,0,0
165774,10499157,-74.029651718,4.70258808300002,KR 7A-CL 127 02,2019,Octubre,7,lunes,10,6,Usaquén,Choque,Vehículo,N/A,Solo Daños,0,0,0,0,0,0,0,1,0,0,0,0,0,0,0,0,0,0,0,0,0,0
165775,10499158,-74.045610081,4.75579667300002,KR 45-CL 175 2,2019,Octubre,6,domingo,11,5,Usaquén,Choque,Vehículo,N/A,Solo Daños,0,0,0,0,0,0,0,0,0,1,0,0,0,0,0,0,0,0,0,0,0,1
165776,10499159,-74.128835018,4.57535459600001,CL 47B-KR 23B S 2,2019,Octubre,5,sábado,10,48,Tunjuelito,Choque,Vehículo,N/A,Solo Daños,0,0,0,0,0,0,0,0,0,0,0,0,0,0,0,0,0,0,0,0,0,0
165777,10499160,-74.085718611,4.61617158799999,CL 19-KR 25 2,2019,Octubre,5,sábado,9,59,Los Mártires,Choque,Vehículo,N/A,Solo Daños,0,1,0,0,0,0,0,1,0,0,0,0,0,0,0,0,0,0,0,0,0,0
165778,10499161,-74.104966194,4.680998311,KR 75-CL 64F 02,2019,Octubre,6,domingo,21,25,Engativá,Choque,Vehículo,N/A,Solo Daños,0,0,0,0,0,0,0,0,0,0,0,0,0,0,0,0,0,0,0,0,0,0
165779,10499162,-74.084778135,4.597110208,KR 14-CL 5 2,2019,Octubre,6,domingo,1,39,Santa Fe,Choque,Vehículo,N/A,Solo Daños,0,0,0,0,0,0,0,0,0,1,1,0,0,0,0,0,0,0,0,0,0,1
165780,10499163,-74.087543226,4.61946826899998,AK 30-CL 19 2,2019,Octubre,5,sábado,10,40,Los Mártires,Choque,Vehículo,N/A,Solo Daños,0,0,0,0,0,0,0,1,0,0,0,0,0,0,0,0,0,0,0,0,0,0
165782,10499165,-74.125651458,4.69698496799998,KR 105-CL 64B 2,2019,Octubre,6,domingo,15,0,Engativá,Choque,Vehículo,N/A,Solo Daños,0,0,0,0,0,0,0,0,0,0,0,0,0,0,0,0,0,0,0,0,0,0
165783,10499166,-74.081074371,4.59512095299999,KR 10-CL 6 02,2019,Octubre,7,lunes,18,15,Santa Fe,Choque,Vehículo,N/A,Solo Daños,0,0,0,0,0,1,0,0,0,0,0,0,0,0,0,0,0,0,0,0,0,0
165784,10499167,-74.184524514,4.62240400799999,CL 57-KR 87DBIS S 2,2019,Octubre,5,sábado,21,30,Bosa,Choque,Vehículo,N/A,Solo Daños,0,1,1,0,0,0,0,0,0,0,0,0,0,0,0,0,0,0,0,0,0,0
165785,10499168,-74.143009075,4.58286874800001,AV AVENIDA BOYACA-KR 56 S 02,2019,Octubre,7,lunes,21,0,Ciudad Bolívar,Choque,Vehículo,N/A,Solo Daños,0,1,0,0,0,0,0,0,0,0,0,0,0,0,0,0,0,0,0,0,0,0
165786,10499541,-74.103883423,4.704892863,KR 90-CL 80C 2,2019,Octubre,10,jueves,16,4,Engativá,Atropello,N/A,N/A,Con Heridos,0,0,0,0,0,0,1,1,0,0,0,0,0,0,0,0,0,0,0,0,0,0
165787,10499542,-74.113040397,4.56221055700001,DG 46-KR 10 S 02,2019,Octubre,11,viernes,7,37,Rafael Uribe Uribe,Choque,Vehículo,N/A,Con Heridos,0,0,0,0,0,1,0,0,0,1,0,0,0,0,0,0,0,0,0,0,0,1
165788,10499543,-74.075933321,4.60331687600001,KR 10-CL 15 2,2019,Octubre,11,viernes,19,5,Santa Fe,Atropello,N/A,N/A,Con Heridos,0,0,0,0,0,0,1,0,0,0,1,0,1,1,0,0,0,0,1,0,0,0
165789,10499544,-74.073381146,4.59012629300003,CL 6-KR 0 SE 02,2019,Octubre,11,viernes,19,38,San Cristóbal,Atropello,N/A,N/A,Con Heridos,0,0,0,0,0,1,1,1,0,0,0,0,0,0,0,0,0,0,0,0,0,0
165790,10499545,-74.04457056,4.76507712900002,CL 187-KR 45 2,2019,Octubre,11,viernes,8,10,Usaquén,Atropello,N/A,N/A,Con Heridos,0,0,0,0,0,0,1,1,0,1,0,0,0,0,0,0,0,0,0,0,0,1
165791,10499546,-74.11163781,4.62761005099998,AV AVENIDA DE LAS AMERICAS-KR 54 2,2019,Octubre,11,viernes,7,45,Puente Aranda,Atropello,N/A,N/A,Con Heridos,0,0,0,0,0,1,1,0,0,0,0,0,0,0,0,0,0,0,0,0,0,0
165792,10499547,-74.04787723,4.68492656699999,CL 100-KR 9 2,2019,Octubre,11,viernes,20,30,Usaquén,Atropello,N/A,N/A,Con Heridos,0,0,0,0,0,0,1,1,0,0,0,0,0,0,0,0,0,0,0,0,0,0
165793,10499548,-74.110975426,4.58428511300002,KR 24-CL 28 S 02,2019,Octubre,11,viernes,7,20,Rafael Uribe Uribe,Volcamiento,N/A,N/A,Con Heridos,0,0,0,1,1,1,0,0,0,0,0,0,0,0,0,0,0,0,0,0,0,0
165794,10499549,-74.078997953,4.684059171,CL 80-KR 68 2,2019,Octubre,11,viernes,7,30,Engativá,Caida de ocupante,N/A,N/A,Con Heridos,0,0,0,0,0,0,0,0,0,0,1,0,0,0,0,0,0,0,0,0,0,0
165795,10499550,-74.205641448,4.60802178099999,CL 76A-KR 78F S 02,2019,Octubre,11,viernes,6,25,Bosa,Choque,Vehículo,N/A,Con Heridos,1,0,0,0,0,1,0,0,0,0,1,0,0,0,0,0,0,0,0,0,0,0
165796,10499551,-74.131591123,4.58487369199997,KR 31-CL 48 S 2,2019,Octubre,11,viernes,19,10,Tunjuelito,Atropello,N/A,N/A,Con Heridos,0,0,0,0,0,0,1,1,0,1,0,0,0,0,0,0,0,0,0,0,0,1
165797,10499552,-74.063854704,4.63488532100001,KR 7-CL 48 30,2019,Octubre,11,viernes,5,30,Chapinero,Atropello,N/A,N/A,Con Heridos,0,0,0,0,0,1,1,1,0,0,0,0,0,0,0,0,0,0,0,0,0,0
165798,10499553,-74.156715976,4.69547230000001,KR 128-CL 22D 31,2019,Octubre,11,viernes,19,10,Fontibón,Atropello,N/A,N/A,Con Heridos,0,0,0,0,0,1,1,0,0,0,0,0,0,0,0,0,0,0,0,0,0,0
165799,10499554,-74.109386174,4.74445478799998,TR 127-CL 137 02,2019,Octubre,11,viernes,5,45,Suba,Atropello,N/A,N/A,Con Heridos,0,0,0,0,0,1,1,1,0,0,0,0,0,0,0,0,0,0,0,0,0,0
165800,10499555,-74.103675613,4.69142439199999,CL 71-KR 81 2,2019,Octubre,10,jueves,17,30,Engativá,Choque,Vehículo,N/A,Solo Daños,0,0,0,0,0,0,0,1,0,0,0,0,0,0,0,0,0,0,0,0,0,0
165801,10499556,-74.134135324,4.69146528099998,AC 26-KR 105 2,2019,Octubre,11,viernes,10,0,Fontibón,Volcamiento,N/A,N/A,Con Heridos,0,0,0,0,0,1,0,0,0,0,0,1,0,0,0,0,0,0,0,0,0,0
165802,10499557,-74.075517352,4.60203110499998,KR 9-CL 12C 10,2019,Octubre,10,jueves,8,30,Candelaria,Atropello,N/A,N/A,Con Heridos,1,0,0,0,1,0,1,0,0,0,0,0,0,0,0,0,0,0,0,0,0,0
165803,10499558,-74.184092433,4.60310161000001,KR 78G-CL 65A S 57,2019,Octubre,10,jueves,13,21,Bosa,Choque,Vehículo,N/A,Solo Daños,0,0,0,0,0,0,0,1,0,1,0,0,0,0,0,0,0,0,0,0,0,1
165804,10499559,-74.100258188,4.59827926100002,KR 27-CL 1F 2,2019,Octubre,11,viernes,8,0,Los Mártires,Volcamiento,N/A,N/A,Con Heridos,0,0,0,0,0,1,0,0,0,0,0,0,0,0,0,0,0,0,0,0,0,0
165805,10499560,-74.103284904,4.69112571300002,CL 71-KR 80A 2,2019,Octubre,10,jueves,16,0,Engativá,Choque,Vehículo,N/A,Solo Daños,1,0,0,0,0,0,0,0,0,0,0,0,0,0,0,0,0,0,0,0,0,0
165806,10499561,-74.084424538,4.69687807000003,AV AVENIDA BOYACA-CL 94 02,2019,Octubre,10,jueves,2,8,Suba,Atropello,N/A,N/A,Con Heridos,0,0,0,0,0,0,1,0,0,0,0,0,0,0,0,0,0,0,0,0,0,0
165807,10499562,-74.074490291,4.61027309000002,KR 13A-CL 22 2,2019,Octubre,8,martes,18,40,Santa Fe,Choque,Vehículo,N/A,Solo Daños,0,0,0,0,0,1,0,1,0,1,0,0,0,0,0,0,0,0,0,0,0,1
165808,10499563,-74.104782449,4.58826021800002,KR 24F-CL 18 S 11,2019,Octubre,10,jueves,10,30,Puente Aranda,Choque,Vehículo,N/A,Solo Daños,0,0,0,0,0,0,0,0,0,1,0,0,0,0,0,0,0,0,0,0,0,1
165809,10499564,-74.083759983,4.53805537,KR 14-CL 46G ES 24,2019,Octubre,10,jueves,13,45,San Cristóbal,Caida de ocupante,N/A,N/A,Con Heridos,0,0,0,0,0,0,0,1,0,0,1,0,1,0,0,1,0,0,0,0,0,0
165810,10499931,-74.132936266,4.58453756799997,KR 31-CL 48C S 02,2019,Octubre,16,miércoles,10,35,Tunjuelito,Choque,Vehículo,N/A,Con Heridos,0,0,0,0,0,1,0,0,0,0,1,0,1,0,0,0,1,0,0,0,0,0
165811,10499932,-74.059155793,4.74204563699999,KR 56-CL 159 31,2019,Octubre,15,martes,13,20,Suba,Choque,Vehículo,N/A,Con Heridos,0,0,0,0,0,1,0,1,0,0,0,0,0,0,0,0,0,0,0,0,0,0
165812,10499933,-74.08099622,4.66575041099998,KR 56B-CL 66B 2,2019,Octubre,16,miércoles,7,15,Barrios Unidos,Choque,Vehículo,N/A,Con Heridos,0,0,0,0,1,0,0,0,1,0,1,0,0,0,0,0,0,0,0,0,1,0
165813,10499934,-74.04742882,4.748015356,CL 167-KR 45 20,2019,Octubre,15,martes,13,0,Suba,Choque,Objeto Fijo,Arbol,Con Heridos,1,0,0,0,0,0,0,0,0,0,0,0,0,0,0,0,0,0,0,0,0,0
165814,10499935,-74.037419513,4.76143067200002,KR 16-CL 184A 02,2019,Octubre,16,miércoles,22,50,Usaquén,Choque,Vehículo,N/A,Con Heridos,0,0,0,0,0,0,0,0,0,1,1,0,1,0,0,1,0,0,0,0,0,1
165815,10499936,-74.104463164,4.58370900900002,AV AVENIDA PRIMERA DE MAYO-KR 20 35,2019,Octubre,15,martes,16,40,Antonio Nariño,Atropello,N/A,N/A,Con Heridos,0,0,0,0,0,0,1,1,0,0,0,0,0,0,0,0,0,0,0,0,0,0
165816,10499937,-74.117075415,4.56901243099998,DG 45A-KR 12J S 45,2019,Octubre,15,martes,16,40,Rafael Uribe Uribe,Atropello,N/A,N/A,Con Heridos,0,0,0,0,0,1,1,1,0,0,0,0,0,0,0,0,0,0,0,0,0,0
165817,10499938,-74.023289635,4.736909728,KR 7-CL 162 02,2019,Octubre,15,martes,17,0,Usaquén,Atropello,N/A,N/A,Con Heridos,0,0,0,0,0,0,1,0,0,0,1,0,1,0,0,1,0,0,0,0,0,0
165818,10499939,-74.137897962,4.58886370699997,KR 38-CL 50B S 2,2019,Octubre,16,miércoles,9,40,Tunjuelito,Caida de ocupante,N/A,N/A,Con Heridos,0,0,0,0,0,0,0,0,0,0,1,0,1,0,0,1,0,0,0,0,0,0
165819,10499940,-74.12552116,4.57939009900002,KR 24-CL 44 S 02,2019,Octubre,16,miércoles,21,0,Tunjuelito,Atropello,N/A,N/A,Con Heridos,0,0,0,0,0,1,1,0,0,0,0,0,0,0,0,0,0,0,0,0,0,0
165820,10499941,-74.082928701,4.59243719699998,KR 10-CL 3 02,2019,Octubre,15,martes,9,20,Santa Fe,Choque,Vehículo,N/A,Solo Daños,0,0,0,0,0,0,0,0,0,1,0,0,0,0,0,0,0,0,0,0,0,1
165821,10499942,-74.051325007,4.72014591200002,AV AVENIDA PASEO DE LOS LIBERTADORES-CL 134A 02,2019,Octubre,16,miércoles,7,10,Usaquén,Choque,Vehículo,N/A,Con Heridos,1,1,0,0,0,0,0,0,0,0,0,0,0,0,0,0,0,0,0,0,0,0
165822,10499943,-74.177676645,4.59709945200001,AV AVENIDA DEL SUR-CL 59 S 2,2019,Octubre,15,martes,21,0,Bosa,Choque,Vehículo,N/A,Solo Daños,0,1,0,0,0,0,0,0,0,0,0,0,0,0,0,0,0,0,0,0,0,0
165823,10499944,-74.076819189,4.65366769000002,CL 63B-KR 28A 02,2019,Octubre,15,martes,12,0,Barrios Unidos,Choque,Vehículo,N/A,Solo Daños,0,0,0,0,0,0,0,0,0,0,0,0,0,0,0,0,0,0,0,0,0,0
165824,10499945,-74.051754973,4.66735645699998,KR 11-CL 84A 02,2019,Octubre,15,martes,17,15,Chapinero,Choque,Vehículo,N/A,Solo Daños,0,0,0,0,0,0,0,0,0,0,1,0,1,0,0,1,0,0,0,0,0,0
165825,10499946,-74.061688456,4.66453928700003,KR 20B-CL 76 2,2019,Octubre,14,lunes,14,10,Barrios Unidos,Choque,Vehículo,N/A,Solo Daños,0,0,0,0,0,0,0,1,0,0,0,0,0,0,0,0,0,0,0,0,0,0
165826,10499947,-74.077625707,4.68185648000002,CL 80-KR 64 02,2019,Octubre,15,martes,8,34,Barrios Unidos,Choque,Vehículo,N/A,Solo Daños,0,0,0,0,0,0,0,0,0,0,1,0,0,0,0,0,0,0,0,0,1,0
165827,10499948,-74.057717763,4.65659202900002,CL 72-KR 10 02,2019,Octubre,15,martes,13,45,Chapinero,Choque,Vehículo,N/A,Solo Daños,0,0,0,0,0,0,0,1,0,1,0,0,0,0,0,0,0,0,0,0,0,1
165828,10499949,-74.095324714,4.55801967000002,KR 1-CL 36F S 2,2019,Octubre,14,lunes,16,0,San Cristóbal,Choque,Vehículo,N/A,Solo Daños,0,0,0,0,0,0,0,0,0,1,0,0,0,0,0,0,0,0,0,0,0,1
165829,10499950,-74.128915481,4.65199489000003,CL 13-KR 75 02,2019,Octubre,15,martes,11,0,Fontibón,Choque,Vehículo,N/A,Solo Daños,0,1,0,0,0,0,0,0,0,0,0,0,0,0,0,0,0,0,0,0,0,0
165830,10499951,-74.110173131,4.70821683600002,CL 80-KR 96 02,2019,Octubre,15,martes,21,45,Engativá,Choque,Vehículo,N/A,Solo Daños,0,0,0,0,0,0,0,0,0,0,0,0,0,0,0,0,0,0,0,0,0,0
165831,10499952,-74.080055982,4.70989236299999,AV AVENIDA BOYACA-CL 127 2,2019,Octubre,15,martes,18,45,Suba,Choque,Vehículo,N/A,Solo Daños,0,0,0,0,0,0,0,0,0,0,0,0,0,0,0,0,0,0,0,0,0,0
165832,10499953,-74.097369694,4.629639629,CL 21-KR 43A 02,2019,Octubre,15,martes,8,0,Puente Aranda,Choque,Vehículo,N/A,Solo Daños,0,0,0,0,0,0,0,0,0,1,0,0,0,0,0,0,0,0,0,0,0,1
165833,10499954,-74.056350278,4.667844511,KR 15-CL 82 02,2019,Octubre,15,martes,19,0,Chapinero,Choque,Vehículo,N/A,Solo Daños,0,0,0,0,0,0,0,0,0,0,0,0,0,0,0,0,0,0,0,0,0,0
165834,10500327,-74.116689744,4.68153836699997,CL 52A-KR 86 02,2019,Octubre,19,sábado,19,29,Engativá,Choque,Vehículo,N/A,Solo Daños,0,0,1,0,0,1,0,1,0,1,0,0,0,0,0,0,0,0,0,0,0,1
165835,10500328,-74.14202716,4.65392699300003,AV AVENIDA CIUDAD DE CALI-CL 13A 72,2019,Octubre,21,lunes,6,10,Kennedy,Volcamiento,N/A,N/A,Con Muertos,0,1,0,0,0,1,0,0,0,0,0,0,0,0,0,0,0,0,0,0,0,0
165836,10500329,-74.164253944,4.61817020400002,AV AVENIDA CUIDAD DE VILLAVICENCIO-KR 79 2,2019,Octubre,17,jueves,16,17,Kennedy,Choque,Objeto Fijo,Vehiculo,Con Heridos,0,0,0,0,0,0,0,0,0,1,0,0,0,0,0,0,0,0,0,0,0,1
165837,10500330,-74.137700598,4.70714761900001,KR 113-CL 64C 02,2019,Octubre,19,sábado,9,55,Engativá,Choque,Vehículo,N/A,Solo Daños,0,0,0,0,0,0,0,0,0,0,1,0,1,0,0,1,0,0,0,0,0,0
165838,10500331,-74.162842719,4.61583060100003,CL 43-KR 78HBISA S 2,2019,Octubre,17,jueves,17,40,Kennedy,Atropello,N/A,N/A,Con Heridos,0,1,0,0,0,0,1,1,0,0,0,0,0,0,0,0,0,0,0,0,0,0
165839,10500332,-74.138049651,4.556795448,AV AVENIDA BOYACA-CL 63 S 2,2019,Octubre,20,domingo,17,0,Ciudad Bolívar,Choque,Vehículo,N/A,Solo Daños,0,0,0,0,0,0,0,0,0,1,0,0,0,0,0,0,0,0,0,0,0,1
165840,10500333,-74.16447722,4.59604095600002,AV AVENIDA DEL SUR-CL 72 02,2019,Octubre,19,sábado,15,38,Bosa,Choque,Vehículo,N/A,Solo Daños,0,1,0,0,0,0,0,0,0,0,1,0,0,0,0,0,0,0,0,0,0,0
165841,10500334,-74.098681824,4.57464876799997,KR 10D-CL 25 S 2,2019,Octubre,11,viernes,11,57,San Cristóbal,Choque,Vehículo,N/A,Con Heridos,0,0,0,0,0,1,0,0,0,0,0,0,0,0,0,0,0,0,0,0,0,0
165842,10500335,-74.063950852,4.750531486,CL 167-KR 65 37,2019,Octubre,20,domingo,14,16,Suba,Choque,Vehículo,N/A,Solo Daños,0,0,0,0,0,0,0,1,0,0,0,0,0,0,0,0,0,0,0,0,0,0
165843,10500336,-74.172672759,4.59658965199998,AV AVENIDA DEL SUR-TR 74 02,2019,Octubre,19,sábado,19,10,Bosa,Choque,Vehículo,N/A,Solo Daños,0,0,0,0,0,0,0,0,0,0,1,0,0,0,0,0,0,0,0,0,0,0
165844,10500337,-74.105135341,4.58449618499998,AV AVENIDA PRIMERO DE MAYO-KR 24 2,2019,Octubre,18,viernes,5,44,Rafael Uribe Uribe,Choque,Vehículo,N/A,Con Heridos,0,0,0,0,0,1,0,0,0,0,0,0,0,0,0,0,0,0,0,0,0,0
165845,10500338,-74.073758967,4.63501869200002,CL 45B-KR 22 2,2019,Octubre,20,domingo,13,26,Teusaquillo,Choque,Vehículo,N/A,Solo Daños,0,0,0,0,0,0,0,0,0,0,1,0,1,0,0,1,0,0,0,0,0,0
165846,10500339,-74.056781741,4.71131336899998,KR 49-CL 127C 02,2019,Octubre,19,sábado,19,0,Suba,Choque,Vehículo,N/A,Solo Daños,0,0,0,0,0,0,0,0,0,0,0,0,0,0,0,0,0,0,0,0,0,0
165847,10500340,-74.170697093,4.62859298400002,AV AVENIDA CIUDAD DE VILLAVICENCIO-AV AVENIDA CIUDAD DE CALI 2,2019,Octubre,18,viernes,6,43,Kennedy,Choque,Vehículo,N/A,Con Heridos,0,0,0,0,0,1,0,0,0,1,0,0,0,0,0,0,0,0,0,0,0,1
165848,10500341,-74.101664759,4.67820104399999,AV AVENIDA BOYACA-CL 64F 2,2019,Octubre,20,domingo,16,19,Engativá,Choque,Vehículo,N/A,Solo Daños,0,0,0,0,0,0,0,0,0,0,0,0,0,0,0,0,0,0,0,0,0,0
165849,10500342,-74.109623172,4.663118306,CL 26-KR 70 02,2019,Octubre,19,sábado,10,40,Fontibón,Choque,Vehículo,N/A,Solo Daños,0,0,0,0,0,0,0,1,0,1,0,0,0,0,0,0,0,0,0,0,0,1
165850,10500343,-74.114489058,4.61554113699998,KR 50-CL 3 2,2019,Octubre,18,viernes,19,30,Puente Aranda,Choque,Vehículo,N/A,Con Heridos,0,0,0,0,0,1,0,0,0,1,0,0,0,0,0,0,0,0,0,0,0,1
165851,10500344,-74.104311141,4.49029317200001,CL 101-KR 6A SE 2,2019,Octubre,20,domingo,16,30,Usme,Choque,Vehículo,N/A,Solo Daños,0,0,0,0,0,0,0,0,0,0,0,0,0,0,0,0,0,0,0,0,0,0
165852,10500345,-74.119909145,4.678501638,AV AVENIDA CIUDAD DE CALI-CL 26 02,2019,Octubre,19,sábado,15,5,Fontibón,Choque,Vehículo,N/A,Solo Daños,0,0,0,0,0,1,0,0,0,0,0,0,0,0,0,0,0,0,0,0,0,0
165853,10500346,-74.079879481,4.60370364099998,KR 14-CL 12 90,2019,Octubre,20,domingo,7,16,Candelaria,Choque,Vehículo,N/A,Solo Daños,0,0,0,0,0,0,0,0,0,1,0,0,0,0,0,0,0,0,0,0,0,1
165854,10500347,-74.156249505,4.64094529300002,AV AVENIDA DE LAS AMERICAS-TR 86 2,2019,Octubre,18,viernes,10,4,Kennedy,Choque,Vehículo,N/A,Con Heridos,0,0,0,0,0,1,0,0,0,0,0,0,0,0,0,0,0,0,0,0,0,0
165855,10500348,-74.078367052,4.71190683100002,AV AVENIDA BOYACA-CL 127B 02,2019,Octubre,19,sábado,19,23,Suba,Choque,Vehículo,N/A,Solo Daños,0,0,0,0,0,0,0,0,0,0,0,0,0,0,0,0,0,0,0,0,0,0
165856,10500349,-74.129121409,4.65197804500002,CL 13-KR 75G 2,2019,Octubre,20,domingo,16,24,Fontibón,Choque,Vehículo,N/A,Solo Daños,0,1,0,0,0,0,0,1,0,1,0,0,0,0,0,0,0,0,0,0,0,1
165857,10500727,-74.055914087,4.69387615300002,KR 45-CL 106 2,2019,Octubre,23,miércoles,9,20,Usaquén,Choque,Vehículo,N/A,Solo Daños,0,0,0,0,0,0,0,0,0,0,0,0,0,0,0,0,0,0,0,0,0,0
165858,10500728,-74.111805973,4.70979054499998,CL 80-KR 100 52,2019,Octubre,23,miércoles,21,57,Engativá,Choque,Vehículo,N/A,Solo Daños,0,0,0,0,0,0,0,0,0,1,0,0,0,0,0,0,0,0,0,0,0,1
165859,10500729,-74.046557376,4.66456879200001,AV AVENIDA CIRCUNVALAR-CL 85 75,2019,Octubre,24,jueves,15,47,Chapinero,Choque,Vehículo,N/A,Solo Daños,0,1,0,0,0,0,0,0,0,0,0,0,0,0,0,0,0,0,0,0,0,0
165860,10500730,-74.106161097,4.630479622,CL 17-KR 52 02,2019,Octubre,24,jueves,14,10,Puente Aranda,Choque,Vehículo,N/A,Solo Daños,0,0,0,0,0,1,0,0,0,0,0,0,0,0,0,0,0,0,0,0,0,0
165861,10500731,N/A,N/A,KR 9-CL 1CBIS 2,2019,Octubre,23,miércoles,8,0,Santa Fe,Choque,Objeto Fijo,Vehiculo,Solo Daños,0,0,0,0,0,0,0,0,0,0,0,0,0,0,0,0,0,0,0,0,0,0
165862,10500732,-74.093344077,4.61576558500002,CL 13-KR 32 2,2019,Octubre,23,miércoles,16,40,Puente Aranda,Choque,Vehículo,N/A,Con Heridos,1,0,0,0,0,0,0,0,0,0,0,0,0,0,0,0,0,0,0,0,0,0
165863,10500733,-74.087904941,4.60138492099998,CL 7BBIS-KR 18B 2,2019,Octubre,24,jueves,7,40,Los Mártires,Choque,Vehículo,N/A,Con Heridos,0,1,0,0,0,1,0,0,0,0,0,0,0,0,0,0,0,0,0,0,0,0
165864,10500734,-74.176571311,4.63551689899998,KR 89B-CL 45A S 02,2019,Octubre,24,jueves,8,0,Kennedy,Choque,Vehículo,N/A,Con Heridos,0,0,0,0,0,1,0,0,0,0,0,0,0,0,0,0,0,0,0,0,0,0
165865,10500735,-74.100135715,4.59492187199999,CL 1-KR 25 58,2019,Octubre,23,miércoles,11,44,Los Mártires,Choque,Vehículo,N/A,Con Heridos,0,0,0,0,0,1,0,0,0,1,0,0,0,0,0,0,0,0,0,0,0,1
165866,10500736,-74.180626464,4.62951963699999,CL 51-KR 87J S 02,2019,Octubre,24,jueves,6,10,Bosa,Choque,Vehículo,N/A,Con Heridos,1,0,0,0,0,0,0,0,0,0,0,0,0,0,0,0,0,0,0,0,1,0
165867,10500737,-74.066706897,4.62250437699998,KR 7-CL 35 2,2019,Octubre,24,jueves,6,2,Santa Fe,Choque,Vehículo,N/A,Con Heridos,0,0,0,0,0,1,0,0,0,0,1,0,1,1,0,0,0,0,0,1,0,0
165868,10500738,-74.169226382,4.639475253,CL 40-KR 89C S 08,2019,Octubre,24,jueves,7,15,Kennedy,Choque,Vehículo,N/A,Con Heridos,1,0,0,0,1,0,0,0,0,0,1,0,1,0,0,1,0,0,0,0,0,0
165869,10500739,-74.11002466,4.62742708899998,AV AVENIDA DE LAS AMERICAS-KR 53F 2,2019,Octubre,23,miércoles,18,30,Puente Aranda,Choque,Vehículo,N/A,Con Heridos,0,0,0,0,0,1,0,0,0,0,0,0,0,0,0,0,0,0,0,0,0,0
165870,10500740,-74.079181862,4.63653266599999,KR 30-CL 47 2,2019,Octubre,24,jueves,20,0,Teusaquillo,Choque,Vehículo,N/A,Con Heridos,0,0,0,0,0,1,0,0,0,0,0,0,0,0,0,0,0,0,0,0,0,0
165871,10500741,-74.121400494,4.6494356,CL 19-KR 69 65,2019,Octubre,24,jueves,7,30,Fontibón,Choque,Vehículo,N/A,Con Heridos,1,0,0,0,0,1,0,0,0,0,0,0,0,0,0,0,0,0,0,0,0,0
165872,10500742,-74.163853583,4.62407348199997,KR 80F-CL 42 S 16,2019,Octubre,24,jueves,21,0,Kennedy,Choque,Vehículo,N/A,Con Heridos,0,0,0,0,0,0,0,0,0,0,0,0,0,0,0,0,0,0,0,0,0,0
165873,10500743,-74.052523185,4.680403571,CL 94-KR 16 83,2019,Octubre,24,jueves,10,2,Chapinero,Choque,Vehículo,N/A,Con Heridos,0,0,0,0,0,1,0,1,0,1,0,0,0,0,0,0,0,0,0,0,0,1
165874,10500744,N/A,N/A,TR 130-AC 80A 2,2019,Octubre,24,jueves,5,40,Engativá,Choque,Vehículo,N/A,Con Heridos,0,0,0,0,0,1,0,0,0,0,1,0,0,0,0,0,0,0,0,0,0,0
165875,10500745,-74.098971131,4.69039462199999,AC 72-KR 76 02,2019,Octubre,23,miércoles,14,45,Engativá,Atropello,N/A,N/A,Con Heridos,0,0,0,0,1,1,1,0,0,0,0,0,0,0,0,0,0,0,0,0,0,0
165876,10500746,-74.072626776,4.62606183399998,CL 37-KR 18 2,2019,Octubre,24,jueves,6,50,Teusaquillo,Choque,Vehículo,N/A,Con Heridos,0,0,0,0,0,1,0,0,0,0,0,0,0,0,0,0,0,0,0,0,0,0
165877,10500747,-74.118157759,4.62497236500002,KR 60-CL 4G 02,2019,Octubre,24,jueves,7,43,Puente Aranda,Atropello,N/A,N/A,Con Heridos,0,0,0,0,0,1,1,0,0,0,0,0,0,0,0,0,0,0,0,0,0,0
165878,10500748,-74.021679438,4.73659839999999,CL 162A-KR 4C 2,2019,Octubre,24,jueves,22,56,Usaquén,Atropello,N/A,N/A,Con Heridos,0,0,0,0,0,1,1,0,0,0,0,0,0,0,0,0,0,0,0,0,0,0
165879,10500749,-74.159699068,4.64823969600002,CL 6A-KR 90 2,2019,Octubre,24,jueves,20,39,Kennedy,Atropello,N/A,N/A,Con Muertos,0,0,0,0,0,1,1,0,0,0,0,0,0,0,0,0,0,0,0,0,0,0
165880,10500750,-74.095461649,4.75669013499999,CL 153-KR 110 02,2019,Octubre,24,jueves,19,20,Suba,Atropello,N/A,N/A,Con Heridos,0,0,0,0,0,1,1,0,0,0,0,0,0,0,0,0,0,0,0,0,0,0
165881,10500751,-74.067949306,4.675137205,KR 50-CL 84 2,2019,Octubre,24,jueves,20,35,Barrios Unidos,Choque,Objeto Fijo,Vehiculo,Con Heridos,0,0,0,1,0,1,0,0,0,0,0,0,0,0,0,0,0,0,0,0,0,0
165882,10501135,-74.087827473,4.67446584100003,KR 68-CL 68 02,2019,Octubre,28,lunes,8,0,Barrios Unidos,Choque,Vehículo,N/A,Solo Daños,0,0,0,0,0,0,0,1,0,0,1,0,0,0,0,0,0,0,0,0,0,0
165883,10501136,-74.059415689,4.707500616,CL 127-KR 51 2,2019,Octubre,27,domingo,15,51,Suba,Choque,Vehículo,N/A,Solo Daños,0,0,0,0,0,0,0,0,0,0,0,0,0,0,0,0,0,0,0,0,0,0
165884,10501137,-74.048495996,4.65709871000001,KR 1-CL 77 02,2019,Octubre,26,sábado,7,19,Chapinero,Choque,Vehículo,N/A,Solo Daños,0,0,0,0,0,0,0,0,0,1,0,0,0,0,0,0,0,0,0,0,0,1
165885,10501138,-74.024220765,4.76002119100002,CL 182C-KR 5 2,2019,Octubre,27,domingo,17,47,Usaquén,Choque,Vehículo,N/A,Solo Daños,0,0,0,0,0,0,0,0,0,0,1,0,1,0,0,1,0,0,0,0,0,0
165886,10501139,-74.130111628,4.570251547,KR 19C-CL 51 S 20,2019,Octubre,28,lunes,14,0,Tunjuelito,Choque,Vehículo,N/A,Solo Daños,0,0,0,0,0,0,0,0,0,0,0,0,0,0,0,0,0,0,0,0,0,0
165887,10501140,-74.111365931,4.65695925400001,CL 24A-KR 69B 2,2019,Octubre,25,viernes,20,0,Fontibón,Choque,Vehículo,N/A,Solo Daños,0,1,0,0,0,0,0,0,0,0,0,0,0,0,0,0,0,0,0,0,0,0
165888,10501141,-74.124572119,4.57171990299997,AV AVENIDA CARACAS-CL 45B S 02,2019,Octubre,28,lunes,19,34,Rafael Uribe Uribe,Choque,Vehículo,N/A,Solo Daños,0,0,0,0,0,0,0,0,0,0,1,0,1,0,0,1,0,0,0,0,0,0
165889,10501142,-74.072243893,4.65189032500001,KR 24-CL 63 79,2019,Octubre,26,sábado,12,0,Barrios Unidos,Choque,Vehículo,N/A,Solo Daños,0,0,0,0,0,0,0,0,0,0,0,0,0,0,0,0,0,0,0,0,0,0
165890,10501143,-74.178349843,4.59706352000001,AV AVENIDA DEL SUR-CL 60 S 02,2019,Octubre,29,martes,4,35,Bosa,Choque,Vehículo,N/A,Con Heridos,0,1,0,0,0,1,0,0,0,0,1,0,0,0,0,0,0,0,0,0,1,0
165891,10501144,-74.20481223,4.63568108099997,CL 72-KR 100A S 71,2019,Octubre,27,domingo,12,55,Bosa,Choque,Vehículo,N/A,Con Heridos,0,0,0,0,0,1,0,0,0,0,0,0,0,0,0,0,0,0,0,0,0,0
165892,10501145,-74.087728669,4.64643697000002,CL 45A-KR 51BIS S 02,2019,Octubre,29,martes,8,9,Puente Aranda,Choque,Vehículo,N/A,Con Heridos,0,0,0,0,1,0,0,1,0,0,1,0,1,1,0,0,0,1,0,0,0,0
165893,10501146,-74.163087559,4.61587208999998,TR 78HBISA-CL 43 S 02,2019,Octubre,21,lunes,4,20,Kennedy,Choque,Vehículo,N/A,Con Heridos,0,0,0,0,0,1,0,0,0,1,0,0,0,0,0,0,0,0,0,0,0,1
165894,10501147,-74.121058364,4.63263613999999,KR 68-CL 10 05,2019,Octubre,29,martes,11,0,Puente Aranda,Choque,Vehículo,N/A,Con Heridos,0,0,0,0,0,1,0,1,0,1,0,0,0,0,0,0,0,0,0,0,0,1
165895,10501148,-74.177587045,4.64307797499998,CL 42G-KR 95A S 02,2019,Octubre,27,domingo,15,27,Kennedy,Choque,Vehículo,N/A,Con Heridos,1,0,0,0,0,0,0,0,0,0,0,0,0,0,0,0,0,0,0,0,0,0
165896,10501149,-74.1194,4.64960000000002,KR 69-CL 19A 11,2019,Octubre,29,martes,7,35,Fontibón,Choque,Vehículo,N/A,Con Heridos,0,0,0,0,0,1,0,0,0,0,0,0,0,0,0,0,0,0,0,0,0,0
165897,10501150,-74.033749176,4.71822587399998,CL 140-KR 9 70,2019,Octubre,28,lunes,14,52,Usaquén,Choque,Vehículo,N/A,Con Heridos,0,0,0,0,0,1,0,1,0,0,0,0,0,0,0,0,0,0,0,0,0,0
165898,10501151,-74.142253111,4.566613872,CL 61-KR 20B S 02,2019,Octubre,28,lunes,17,35,Tunjuelito,Choque,Vehículo,N/A,Con Heridos,0,0,0,1,0,1,0,0,0,1,0,0,0,0,0,0,0,0,0,0,0,1
165899,10501153,-74.16212387,4.59944871300002,KR 71B-CL 57B S 02,2019,Octubre,29,martes,17,25,Bosa,Choque,Vehículo,N/A,Con Heridos,0,0,0,0,0,1,0,0,0,0,0,0,0,0,0,0,0,0,0,0,0,0
165900,10501154,-74.140412029,4.61531785400001,KR 72-CL 36 S 02,2019,Octubre,28,lunes,11,28,Kennedy,Choque,Vehículo,N/A,Con Heridos,1,0,0,0,0,0,0,1,0,0,0,0,0,0,0,0,0,0,0,0,0,0
165901,10501155,-74.068894552,4.617858813,CL 32-KR 13 43,2019,Octubre,28,lunes,13,15,Santa Fe,Choque,Vehículo,N/A,Con Heridos,0,0,0,0,0,1,0,0,0,0,1,0,1,0,0,1,0,0,0,0,0,0
165902,10501156,-74.13813737,4.59284940800001,KR 53-DG 47 S 02,2019,Octubre,29,martes,19,0,Tunjuelito,Choque,Vehículo,N/A,Con Heridos,0,0,0,0,0,1,0,0,0,0,1,0,1,0,0,1,0,0,0,0,0,0
165903,10501157,-74.024132585,4.76089829699998,DG 183A-KR 4 02,2019,Octubre,28,lunes,10,30,Usaquén,Choque,Vehículo,N/A,Con Heridos,0,0,0,0,0,1,0,0,0,1,0,0,0,0,0,0,0,0,0,0,0,1
165904,10501158,-74.1459626,4.63624247899997,KR 78H-CL 7A 2,2019,Octubre,28,lunes,15,40,Kennedy,Atropello,N/A,N/A,Con Heridos,0,0,0,0,0,0,1,1,0,0,0,0,0,0,0,0,0,0,0,0,0,0
165905,10501159,-74.142235074,4.53210875500002,KR 17A-CL 83 S 02,2019,Octubre,29,martes,16,30,Ciudad Bolívar,Choque,Vehículo,N/A,Con Heridos,0,0,0,0,0,1,0,0,0,0,0,0,0,0,0,0,0,0,0,0,0,0
165906,10501160,-74.180078425,4.597085768,AV AVENIDA DEL SUR-AC 65C 40,2019,Octubre,28,lunes,17,5,Bosa,Choque,Vehículo,N/A,Con Heridos,1,1,0,0,0,0,0,0,0,0,0,0,0,0,0,0,0,0,0,0,0,0
165907,10501534,-74.094316503,4.61305150700002,CL 12-KR 31 02,2019,Octubre,31,jueves,6,2,Puente Aranda,Choque,Vehículo,N/A,Solo Daños,0,0,0,0,0,0,0,0,0,0,0,0,0,0,0,0,0,0,0,0,0,0
165908,10501535,-74.07319925,4.66766570800002,KR 30-CL 72 2,2019,Octubre,31,jueves,12,35,Barrios Unidos,Choque,Vehículo,N/A,Solo Daños,0,1,0,0,0,0,0,0,0,0,0,0,0,0,0,0,0,0,0,0,0,0
165909,10501536,-74.105213237,4.70490504000003,CL 80-KR 90A 02,2019,Octubre,31,jueves,13,40,Engativá,Choque,Vehículo,N/A,Solo Daños,0,0,0,0,0,1,0,0,0,0,0,0,0,0,0,0,0,0,0,0,0,0
165910,10501537,-74.071385391,4.61307454600001,CL 26-KR 13 2,2019,Octubre,31,jueves,11,37,Santa Fe,Choque,Vehículo,N/A,Solo Daños,0,0,0,0,0,0,0,0,0,0,0,0,0,0,0,0,0,0,0,0,0,0
165911,10501538,-74.12821989,4.63385549899999,CL 9-KR 69B 02,2019,Octubre,31,jueves,5,25,Kennedy,Choque,Vehículo,N/A,Solo Daños,0,0,0,0,0,0,0,0,0,0,1,0,0,0,0,0,0,0,0,0,1,0
165912,10501539,-74.102555707,4.59352878700003,KR 26A-CL 9 S 32,2019,Octubre,31,jueves,7,45,Antonio Nariño,Choque,Vehículo,N/A,Con Heridos,0,0,0,0,0,1,0,1,0,0,1,0,0,0,0,0,0,0,0,0,1,0
165915,10501542,-74.100889058,4.56875322600001,CL 31-KR 10 S 02,2019,Octubre,30,miércoles,8,40,San Cristóbal,Choque,Vehículo,N/A,Con Heridos,0,0,0,0,1,0,0,0,0,0,1,0,1,1,0,0,0,0,0,1,0,0
165917,10501544,-74.096852839,4.60278269999998,CL 5-KR 27 2,2019,Octubre,16,miércoles,9,30,Los Mártires,Choque,Vehículo,N/A,Con Heridos,0,0,0,0,0,1,0,0,0,1,0,0,0,0,0,0,0,0,0,0,0,1
165918,10501545,-74.084601787,4.62498777600001,AV AVENIDA DE LAS AMERICAS-KR 31 20,2019,Octubre,31,jueves,2,19,Puente Aranda,Volcamiento,N/A,N/A,Con Heridos,0,0,0,0,0,0,0,0,0,1,0,0,0,0,0,0,0,0,0,0,0,1
165919,10501546,-74.078098533,4.60018081099997,KR 10-CL 11 03,2019,Octubre,31,jueves,1,10,Antonio Nariño,Choque,Vehículo,N/A,Con Heridos,0,0,0,0,0,1,0,0,0,0,0,0,0,0,0,0,0,0,0,0,0,0
165920,10501547,-74.093077811,4.60305246500002,CL 6-KR 24 02,2019,Octubre,31,jueves,11,20,Los Mártires,Caida de ocupante,N/A,N/A,Con Heridos,0,0,0,0,1,0,0,0,0,0,1,0,1,1,0,0,0,1,0,0,0,0
165921,10501548,-74.076784916,4.60219963499998,KR 10-CL 13 2,2019,Octubre,31,jueves,16,8,Santa Fe,Caida de ocupante,N/A,N/A,Con Heridos,0,0,0,0,0,0,0,0,0,0,1,0,0,0,0,0,0,0,0,0,0,0
165922,10501549,-74.099990857,4.58614544900001,CL 16-KR 18 S 2,2019,Octubre,31,jueves,14,30,Antonio Nariño,Caida de ocupante,N/A,N/A,Con Heridos,0,0,0,0,0,0,0,0,0,0,1,0,0,0,0,0,0,0,0,0,0,0
165923,10501550,-74.031917003,4.73535523300001,AK 9-CL 158A 03,2019,Octubre,31,jueves,23,50,Usaquén,Choque,Vehículo,N/A,Con Heridos,0,0,0,0,0,1,0,0,0,1,0,0,0,0,0,0,0,0,0,0,0,1
165924,10501551,-74.119751382,4.60152994600003,AV AVENIDA PRIMERA DE MAYO-KR 41 2,2019,Octubre,31,jueves,18,20,Puente Aranda,Atropello,N/A,N/A,Con Heridos,0,0,0,0,0,1,1,1,0,0,0,0,0,0,0,0,0,0,0,0,0,0
165928,10501555,-74.096059455,4.60997673899999,CL 9-KR 30 50,2019,Octubre,31,jueves,18,47,Puente Aranda,Choque,Vehículo,N/A,Solo Daños,0,0,0,0,0,0,0,0,0,0,0,0,0,0,0,0,0,0,0,0,0,0
165960,10502309,-74.076125053,4.68639996500002,AK 68-CL 95 2,2019,Octubre,8,martes,14,40,Barrios Unidos,Choque,Vehículo,N/A,Con Heridos,0,0,0,0,0,0,0,0,0,0,0,0,0,0,0,0,0,0,0,0,0,0
166125,10498778,-74.04528696,4.75652701299998,AV AVENIDA PASEO DE LOS LIBERTADORES-CL 176 02,2019,Octubre,3,jueves,7,15,Usaquén,Choque,Vehículo,N/A,Solo Daños,0,0,0,0,0,0,0,0,0,0,1,0,1,0,0,1,0,0,0,0,0,0
166126,10498779,-74.121621816,4.72147115000001,KR 114-CL 79B 02,2019,Octubre,3,jueves,17,12,Engativá,Choque,Vehículo,N/A,Solo Daños,0,0,0,0,0,0,0,0,0,0,1,0,0,0,0,0,0,0,0,0,1,0
166127,10498780,-74.089529149,4.69573941700003,CL 80-KR 72 2,2019,Octubre,3,jueves,23,30,Engativá,Choque,Vehículo,N/A,Solo Daños,0,1,0,0,0,0,0,0,0,0,0,0,0,0,0,0,0,0,0,0,0,0
166128,10498781,-74.112064424,4.72191697400001,CL 86A-KR 110G 02,2019,Octubre,3,jueves,22,7,Engativá,Choque,Vehículo,N/A,Solo Daños,0,0,0,0,0,0,0,0,0,0,1,0,1,0,0,1,0,0,0,0,0,0
166129,10498782,-74.073375832,4.66175847,CL 68-KR 28A 2,2019,Octubre,3,jueves,18,20,Barrios Unidos,Choque,Vehículo,N/A,Solo Daños,0,0,0,0,0,0,0,0,0,0,1,0,1,0,0,1,1,0,0,0,0,0
166130,10498783,-74.042709698,4.73249119299999,CL 151-KR 16 2,2019,Octubre,3,jueves,14,41,Usaquén,Choque,Vehículo,N/A,Solo Daños,0,0,0,0,0,1,0,0,0,0,0,0,0,0,0,0,0,0,0,0,0,0
166131,10498784,-74.160715572,4.67048050099999,CL 14-KR 108 97,2019,Octubre,3,jueves,12,40,Fontibón,Choque,Vehículo,N/A,Solo Daños,1,0,0,0,1,0,0,0,0,0,1,0,0,0,0,0,0,0,0,0,0,0
166132,10498785,-74.151,4.68369999999999,CL 26-KR 113 02,2019,Octubre,3,jueves,10,59,Fontibón,Choque,Vehículo,N/A,Solo Daños,0,0,0,0,0,0,0,1,0,1,0,0,0,0,0,0,0,0,0,0,0,1
166133,10498786,-74.133155037,4.61536802900002,KR 69B-CL 22 S 86,2019,Octubre,3,jueves,14,20,Kennedy,Choque,Vehículo,N/A,Solo Daños,0,0,0,0,0,0,0,0,0,1,0,0,0,0,0,0,0,0,0,0,0,1
166134,10498787,-74.067632523,4.67413565599998,KR 30-CL 85 02,2019,Octubre,3,jueves,11,13,Barrios Unidos,Choque,Vehículo,N/A,Solo Daños,0,0,0,0,0,0,0,1,0,0,0,0,0,0,0,0,0,0,0,0,0,0
166135,10498788,-74.139402269,4.57326419700001,AV AVENIDA BOYACA-KR 24 02,2019,Octubre,3,jueves,19,40,Tunjuelito,Choque,Vehículo,N/A,Solo Daños,0,0,0,0,0,0,0,0,0,0,0,0,0,0,0,0,0,0,0,0,0,0
166136,10498789,-74.180194189,4.63545417199998,CL 49-KR 90A S 2,2019,Octubre,3,jueves,16,15,Bosa,Choque,Vehículo,N/A,Solo Daños,0,0,0,0,0,0,0,0,0,0,0,0,0,0,0,0,0,0,0,0,0,0
166137,10498790,-74.071463939,4.66980523500001,KR 30-CL 75 02,2019,Octubre,3,jueves,8,34,Barrios Unidos,Choque,Vehículo,N/A,Solo Daños,0,0,0,0,0,1,0,0,0,0,0,0,0,0,0,0,0,0,0,0,0,0
166138,10498791,-74.064802838,4.649685358,CL 63-KR 14 2,2019,Octubre,3,jueves,18,34,Chapinero,Choque,Vehículo,N/A,Solo Daños,0,0,0,0,0,1,0,0,0,0,1,0,1,0,0,1,0,0,0,0,0,0
166139,10498792,-74.073371612,4.68851982899997,AK 68-CL 98 02,2019,Octubre,3,jueves,9,0,Barrios Unidos,Choque,Vehículo,N/A,Solo Daños,0,0,0,0,0,0,0,0,0,1,0,0,0,0,0,0,0,0,0,0,1,1
166140,10498793,-74.095836251,4.60581174700002,KR 28-CL 6 41,2019,Octubre,3,jueves,14,37,Los Mártires,Choque,Vehículo,N/A,Solo Daños,0,0,0,0,0,1,0,1,0,1,0,0,0,0,0,0,0,0,0,0,0,1
166141,10498794,-74.142863368,4.66891834,CL 17-KR 96C 2,2019,Octubre,3,jueves,14,10,Fontibón,Choque,Vehículo,N/A,Solo Daños,0,0,0,0,0,0,0,0,0,0,1,0,1,0,1,0,0,0,0,0,0,0
166142,10498795,-74.103298541,4.653672675,AK 68-CL 26 02,2019,Octubre,3,jueves,12,53,Teusaquillo,Choque,Vehículo,N/A,Solo Daños,0,0,0,0,0,0,0,0,0,0,0,0,0,0,0,0,0,0,0,0,0,0
166143,10498796,-74.1577,4.58679999999998,TR 73-CL 60 S 02,2019,Octubre,3,jueves,7,0,Ciudad Bolívar,Choque,Vehículo,N/A,Solo Daños,1,0,0,0,0,0,0,0,0,1,0,0,0,0,0,0,0,0,0,0,0,1
166144,10498797,-74.074550868,4.69809547199998,DG 115A-AK 70D 33,2019,Octubre,3,jueves,16,15,Suba,Choque,Objeto Fijo,Tren,Solo Daños,0,0,0,0,0,0,0,0,0,0,0,0,0,0,0,0,0,0,0,0,0,0
166145,10498799,-74.077066182,4.76134823500001,CL 170-KR 92 2,2019,Octubre,3,jueves,8,30,Suba,Choque,Vehículo,N/A,Solo Daños,0,0,0,0,0,0,0,0,0,0,1,0,0,0,0,0,0,0,0,0,1,0
166146,10498800,-74.073047844,4.67745141299997,CL 80-KR 56 02,2019,Octubre,3,jueves,6,40,Barrios Unidos,Choque,Vehículo,N/A,Solo Daños,0,0,0,0,0,0,0,0,0,0,0,0,0,0,0,0,0,0,0,0,0,0
166147,10498801,-74.126395619,4.61811944499999,KR 68-CL 4 S 02,2019,Octubre,3,jueves,20,0,Puente Aranda,Choque,Vehículo,N/A,Solo Daños,0,0,0,0,0,0,0,0,0,0,0,0,0,0,0,0,0,0,0,0,0,0
166148,10498802,-74.026344823,4.760396808,KR 7-CL 183 02,2019,Octubre,3,jueves,8,46,Usaquén,Choque,Vehículo,N/A,Solo Daños,0,1,0,0,0,0,0,0,0,0,0,0,0,0,0,0,0,0,0,0,0,0
166149,10498803,-74.126240027,4.60662340599998,CL 26-KR 52A S 2,2019,Octubre,3,jueves,11,30,Puente Aranda,Choque,Vehículo,N/A,Solo Daños,0,0,0,0,0,0,0,1,0,0,1,0,1,0,0,1,0,0,0,0,0,0
166150,10499169,-74.15312305,4.64702046100001,KR 87B-CL 6D 2,2019,Octubre,5,sábado,13,40,Kennedy,Choque,Vehículo,N/A,Solo Daños,0,0,0,0,0,0,0,0,0,0,0,0,0,0,0,0,0,0,0,0,0,0
166151,10499170,-74.097525819,4.60605159599999,AC 6-KR 29 02,2019,Octubre,7,lunes,20,30,Los Mártires,Choque,Vehículo,N/A,Solo Daños,0,1,0,0,0,0,0,0,0,0,0,0,0,0,0,0,0,0,0,0,0,0
166152,10499171,-74.059127725,4.74969175799998,CL 167-KR 58 2,2019,Octubre,5,sábado,16,30,Suba,Choque,Vehículo,N/A,Solo Daños,0,0,0,0,0,0,0,0,0,0,0,0,0,0,0,0,0,0,0,0,0,0
166153,10499172,-74.189423265,4.62148761399999,CL 61A-KR 87BBIS S 02,2019,Octubre,7,lunes,14,50,Bosa,Choque,Vehículo,N/A,Solo Daños,0,0,0,0,0,0,0,0,0,1,0,0,0,0,0,0,0,0,0,0,1,0
166154,10499173,-74.117657981,4.675294775,CL 26-KR 84 2,2019,Octubre,7,lunes,13,40,Fontibón,Choque,Vehículo,N/A,Solo Daños,0,0,0,0,0,1,0,0,0,0,0,0,0,0,0,0,0,0,0,0,0,0
166155,10499174,N/A,N/A,KR 94F-CL 139 2,2019,Octubre,5,sábado,17,45,Suba,Choque,Vehículo,N/A,Solo Daños,1,0,0,0,0,0,0,0,0,0,0,0,0,0,0,0,0,0,0,0,0,0
166156,10499175,-74.072379591,4.651108115,KR 24-CL 63 02,2019,Octubre,7,lunes,14,40,Teusaquillo,Choque,Vehículo,N/A,Solo Daños,0,0,0,0,0,0,0,0,0,1,0,0,0,0,0,0,0,0,0,0,0,1
166157,10499176,-74.113586726,4.71155608599997,CL 80-KR 102 2,2019,Octubre,7,lunes,10,48,Engativá,Choque,Vehículo,N/A,Solo Daños,0,0,0,0,0,0,0,0,0,0,0,0,0,0,0,0,0,0,0,0,1,0
166158,10499177,-74.043411211,4.76277876500001,CL 187-KR 23BIS 2,2019,Octubre,5,sábado,6,40,Usaquén,Choque,Vehículo,N/A,Solo Daños,0,0,0,0,0,0,0,0,0,0,0,0,0,0,0,0,0,0,0,0,0,0
166159,10499178,-74.194211348,4.60562678100001,CL 71-KR 80 S 25,2019,Octubre,7,lunes,18,30,Bosa,Choque,Vehículo,N/A,Solo Daños,0,1,0,0,0,0,0,0,0,0,0,0,0,0,0,0,0,0,0,0,0,0
166160,10499179,-74.108011436,4.71756767300002,DG 86A-KR 102 2,2019,Octubre,7,lunes,12,29,Engativá,Choque,Vehículo,N/A,Solo Daños,0,0,0,0,0,0,0,0,0,0,0,0,0,0,0,0,0,0,0,0,0,0
166161,10499180,-74.166881102,4.631098812,AK 86-CL 41 S 2,2019,Octubre,5,sábado,19,30,Kennedy,Choque,Vehículo,N/A,Solo Daños,0,0,0,0,0,0,0,0,0,0,1,0,1,0,1,0,0,0,0,0,0,0
166162,10499181,-74.083973634,4.63047401799997,CL 25F-KR 33A 02,2019,Octubre,7,lunes,14,0,Teusaquillo,Choque,Vehículo,N/A,Solo Daños,0,0,0,0,0,0,0,1,0,1,0,0,0,0,0,0,0,0,0,0,0,1
166163,10499182,-74.023289635,4.736909728,KR 7-CL 162 2,2019,Octubre,5,sábado,15,0,Usaquén,Choque,Vehículo,N/A,Solo Daños,0,0,0,0,0,0,0,1,0,0,0,0,0,0,0,0,0,0,0,0,0,0
166164,10499183,-74.090591399,4.68302111899999,CL 72-KR 69K 02,2019,Octubre,7,lunes,13,40,Engativá,Choque,Vehículo,N/A,Solo Daños,0,0,0,0,0,0,0,0,0,0,1,0,1,0,0,1,0,0,0,0,0,0
166165,10499184,-74.179336453,4.59677656299999,CL 63-KR 77G S 2,2019,Octubre,7,lunes,12,10,Bosa,Choque,Vehículo,N/A,Solo Daños,0,0,0,0,0,0,0,1,0,1,1,0,1,0,1,0,0,0,0,0,0,1
166166,10499185,-74.160231242,4.68636109699997,CL 17-KR 120 70,2019,Octubre,8,martes,16,43,Fontibón,Choque,Vehículo,N/A,Con Muertos,1,1,0,0,1,0,0,0,0,0,0,0,0,0,0,0,0,0,0,0,0,0
166167,10499186,-74.142870379,4.65314051299998,KR 86-CL 12 02,2019,Octubre,7,lunes,14,16,Kennedy,Choque,Vehículo,N/A,Solo Daños,0,1,0,0,0,0,0,0,0,0,0,0,0,0,0,0,0,0,0,0,0,0
166168,10499187,-74.043416507,4.69551156799997,CL 114A-KR 15 2,2019,Octubre,7,lunes,7,54,Usaquén,Choque,Vehículo,N/A,Solo Daños,0,0,0,0,0,0,0,0,0,0,1,0,1,0,0,1,0,0,0,0,0,0
166169,10499188,-74.054581276,4.68641634199997,CL 100-KR 21 2,2019,Octubre,7,lunes,12,1,Usaquén,Choque,Vehículo,N/A,Solo Daños,0,0,0,0,0,0,0,1,0,0,0,0,0,0,0,0,0,0,0,0,0,0
166170,10499189,-74.092909817,4.66606886099999,KR 68-CL 63 2,2019,Octubre,7,lunes,7,32,Barrios Unidos,Choque,Vehículo,N/A,Solo Daños,0,0,0,0,0,0,0,0,0,0,0,0,0,0,0,0,0,0,0,0,0,0
166171,10499190,-74.119431456,4.63833879499998,CL 13-KR 68A 35,2019,Octubre,7,lunes,16,20,Fontibón,Choque,Objeto Fijo,Semaforo,Solo Daños,0,1,0,0,0,1,0,0,0,0,0,0,0,0,0,0,0,0,0,0,0,0
166173,10499192,-74.099027175,4.64576198399999,CL 26-KR 59 2,2019,Octubre,7,lunes,12,40,Teusaquillo,Choque,Vehículo,N/A,Solo Daños,0,0,0,0,0,0,0,0,0,0,1,0,1,0,0,1,0,0,0,0,0,0
166174,10499193,-74.108594664,4.669340304,AV AVENIDA BOYACA-CL 51 88,2019,Octubre,2,miércoles,18,47,Engativá,Choque,Vehículo,N/A,Solo Daños,0,0,0,0,0,0,0,0,0,0,0,0,0,0,0,0,0,0,0,0,0,0
166175,10499565,-74.108850683,4.68963747800001,CL 66A-KR 84A 2,2019,Octubre,10,jueves,18,10,Engativá,Choque,Vehículo,N/A,Solo Daños,0,0,0,0,0,0,0,0,0,0,0,0,0,0,0,0,0,0,0,0,0,0
166176,10499566,-74.051162824,4.66464445499997,KR 9-CL 82 02,2019,Octubre,10,jueves,20,7,Chapinero,Choque,Vehículo,N/A,Solo Daños,0,0,0,0,0,0,0,0,0,0,0,0,0,0,0,0,0,0,0,0,0,0
166177,10499567,-74.105313751,4.62298989200002,CL 12-KR 46 2,2019,Octubre,8,martes,13,30,Puente Aranda,Choque,Vehículo,N/A,Solo Daños,0,0,0,0,0,0,0,0,0,0,0,0,0,0,0,0,0,0,0,0,0,0
166178,10499568,-74.074729597,4.60519970000001,KR 10-CL 17 02,2019,Octubre,10,jueves,13,55,Santa Fe,Atropello,N/A,N/A,Con Heridos,0,0,0,0,0,1,1,1,0,0,0,0,0,0,0,0,0,0,0,0,0,0
166179,10499569,-74.042893756,4.75556550099998,CL 175-KR 20 02,2019,Octubre,10,jueves,11,30,Usaquén,Choque,Vehículo,N/A,Solo Daños,0,0,0,0,0,0,0,1,0,0,1,0,1,0,0,1,0,0,0,0,0,0
166180,10499570,-74.045598932,4.75484489000002,KR 45-CL 174 2,2019,Octubre,9,miércoles,9,30,Usaquén,Choque,Vehículo,N/A,Solo Daños,0,0,0,0,0,0,0,0,0,0,1,0,0,0,0,0,0,0,0,0,0,0
166181,10499571,-74.144499477,4.60028505700001,AV AVENIDA BOYACA-CL 43C S 43,2019,Octubre,10,jueves,17,30,Kennedy,Atropello,N/A,N/A,Con Heridos,0,0,0,0,0,0,1,0,0,0,1,0,1,0,0,1,0,0,0,0,0,0
166182,10499573,-74.162060551,4.59959525400001,CL 57B-KR 71D S 76,2019,Octubre,10,jueves,14,50,Bosa,Choque,Vehículo,N/A,Solo Daños,0,0,0,0,0,1,0,0,0,0,0,0,0,0,0,0,0,0,0,0,0,0
166183,10499574,-74.143366725,4.61918700400003,AV AVENIDA PRIMERO DE MAYO-CL 35 S 02,2019,Octubre,9,miércoles,6,44,Kennedy,Choque,Vehículo,N/A,Solo Daños,0,0,0,0,0,0,0,0,0,0,1,0,1,0,0,1,0,0,0,0,0,0
166184,10499575,-74.089529149,4.69573941700003,CL 80-KR 72 2,2019,Octubre,9,miércoles,7,40,Engativá,Choque,Vehículo,N/A,Solo Daños,0,0,0,0,0,0,0,0,0,0,0,0,0,0,0,0,0,0,0,0,0,0
166185,10499576,-74.090662895,4.60437110999999,CL 8-KR 22 02,2019,Octubre,9,miércoles,13,10,Los Mártires,Choque,Vehículo,N/A,Solo Daños,0,0,0,0,0,0,0,0,0,0,0,0,0,0,0,0,0,0,0,0,0,0
166186,10499577,-74.081479811,4.70167354500001,AV AVENIDA BOYACA-CL 116 02,2019,Octubre,9,miércoles,7,0,Suba,Choque,Vehículo,N/A,Solo Daños,0,0,0,0,0,0,0,0,0,0,1,0,0,0,0,0,0,0,0,0,0,0
166187,10499578,-74.126169103,4.58109022299999,CL 44-KR 25 S 02,2019,Octubre,10,jueves,10,10,Rafael Uribe Uribe,Choque,Vehículo,N/A,Solo Daños,0,0,0,0,0,0,0,0,0,0,0,0,0,0,0,0,0,0,0,0,0,0
166188,10499579,-74.126353131,4.64909959400001,AV AVENIDA BOYACA-CL 13 02,2019,Octubre,12,sábado,0,1,Fontibón,Choque,Vehículo,N/A,Solo Daños,0,0,0,0,0,0,0,0,0,1,0,0,0,0,0,0,0,0,0,0,0,1
166189,10499580,-74.092545409,4.667773474,KR 68-CL 64 02,2019,Octubre,10,jueves,11,15,Barrios Unidos,Choque,Vehículo,N/A,Solo Daños,0,0,0,0,0,0,0,0,0,0,1,0,0,0,0,0,0,0,0,0,0,0
166190,10499581,-74.111003833,4.68761265400002,KR 86-CL 65 02,2019,Octubre,11,viernes,10,0,Engativá,Choque,Vehículo,N/A,Solo Daños,0,0,0,0,0,0,0,1,0,0,1,0,1,0,0,1,0,0,0,0,0,0
166191,10499582,-74.121259184,4.55822194299998,CL 50-KR 9 S 02,2019,Octubre,11,viernes,17,15,Rafael Uribe Uribe,Choque,Vehículo,N/A,Solo Daños,0,0,0,0,0,0,0,1,0,0,1,0,1,0,0,1,0,0,0,0,0,0
166192,10499583,-74.041994902,4.736864916,KR 17-CL 154 02,2019,Octubre,11,viernes,13,30,Usaquén,Choque,Vehículo,N/A,Solo Daños,0,0,0,0,0,0,0,0,0,0,0,0,0,0,0,0,0,0,0,0,0,0
166193,10499584,-74.05658433,4.667445902,CL 82-KR 15 2,2019,Octubre,11,viernes,10,0,Chapinero,Choque,Vehículo,N/A,Solo Daños,0,1,0,0,0,0,0,0,0,0,0,0,0,0,0,0,0,0,0,0,0,0
166194,10499585,-74.084447765,4.597174413,AV AVENIDA CARACAS-CL 6 02,2019,Octubre,11,viernes,16,47,Santa Fe,Choque,Vehículo,N/A,Solo Daños,1,0,0,0,0,0,0,0,0,0,0,0,0,0,0,0,0,0,0,0,0,0
166195,10499586,-74.135947111,4.63943481400003,AV AVENIDA BOYACA-CL 9 02,2019,Octubre,11,viernes,7,40,Kennedy,Choque,Vehículo,N/A,Solo Daños,0,0,0,0,0,0,0,0,0,0,0,0,0,0,0,0,0,0,0,0,0,0
166196,10499587,-74.114065819,4.66485535800001,KR 72BIS-CL 25B 2,2019,Octubre,11,viernes,10,20,Fontibón,Choque,Vehículo,N/A,Solo Daños,0,0,0,0,0,0,0,0,0,0,0,0,0,0,0,0,0,0,0,0,0,0
166197,10499588,-74.110351926,4.51059737899999,CL 78-KR 7 S 02,2019,Octubre,11,viernes,21,48,Usme,Choque,Vehículo,N/A,Solo Daños,0,1,0,0,0,0,0,0,0,0,0,0,0,0,0,0,0,0,0,0,0,0
166198,10499589,-74.090720005,4.62071081900001,CL 19-KR 33 02,2019,Octubre,11,viernes,13,50,Puente Aranda,Choque,Vehículo,N/A,Solo Daños,0,0,0,0,0,0,0,0,0,1,1,0,1,0,0,0,1,0,0,0,0,1
166199,10499590,-74.099027175,4.64576198399999,CL 26-KR 59 2,2019,Octubre,11,viernes,12,40,Teusaquillo,Choque,Vehículo,N/A,Solo Daños,0,0,0,0,0,0,0,0,0,1,0,0,0,0,0,0,0,0,0,0,1,1
166200,10499955,-74.070967743,4.62071047799998,CL 32-KR 15 2,2019,Octubre,15,martes,16,20,Teusaquillo,Choque,Vehículo,N/A,Solo Daños,0,0,0,0,0,0,0,0,0,1,1,0,1,0,0,1,0,0,0,0,0,1
166201,10499956,-74.117587785,4.68081413200002,AV AVENIDA CIUDAD DE CALI-CL 51 02,2019,Octubre,15,martes,6,23,Engativá,Choque,Vehículo,N/A,Solo Daños,0,0,0,0,0,0,0,0,0,1,0,0,0,0,0,0,0,0,0,0,0,1
166202,10499957,-74.12669762,4.61719021499999,KR 68-CL 12 S 64,2019,Octubre,15,martes,13,0,Puente Aranda,Choque,Vehículo,N/A,Solo Daños,0,0,0,0,0,0,0,1,0,0,0,0,0,0,0,0,0,0,0,0,0,0
166203,10499958,-74.092160174,4.619033226,KR 33-CL 17A 02,2019,Octubre,15,martes,15,44,Puente Aranda,Choque,Vehículo,N/A,Solo Daños,0,0,0,0,0,0,0,1,0,1,0,0,0,0,0,0,0,0,0,0,0,1
166204,10499959,-74.138017493,4.56690125599999,AV AVENIDA BOYACA-KR 19C 02,2019,Octubre,9,miércoles,6,9,Tunjuelito,Choque,Vehículo,N/A,Solo Daños,0,1,0,0,0,0,0,0,0,0,0,0,0,0,0,0,0,0,0,0,0,0
166205,10499960,-74.065266128,4.67603450299998,CL 86A-KR 49A 2,2019,Octubre,15,martes,18,13,Barrios Unidos,Choque,Vehículo,N/A,Solo Daños,0,0,0,0,0,0,0,0,0,0,0,0,0,0,0,0,0,0,0,0,0,0
166206,10499961,-74.139251694,4.66306784599999,CL 13-KR 90 2,2019,Octubre,15,martes,16,42,Fontibón,Choque,Vehículo,N/A,Solo Daños,0,0,0,0,0,0,0,0,0,1,1,0,0,0,0,0,0,0,0,0,0,1
166207,10499962,-74.10092729,4.617979467,KR 38-CL 11A 02,2019,Octubre,15,martes,14,40,Puente Aranda,Choque,Vehículo,N/A,Solo Daños,0,1,0,0,0,0,0,0,0,0,0,0,0,0,0,0,0,0,0,0,0,0
166208,10499963,-74.071664039,4.69844906999998,CL 112-KR 70B 02,2019,Octubre,11,viernes,15,18,Suba,Choque,Vehículo,N/A,Solo Daños,0,0,0,0,0,0,0,1,0,0,0,0,0,0,0,0,0,0,0,0,0,0
166209,10499964,-74.048866519,4.68639639899999,CL 101-KR 16 2,2019,Octubre,15,martes,18,23,Usaquén,Choque,Vehículo,N/A,Solo Daños,0,0,0,0,0,0,0,0,0,0,0,0,0,0,0,0,0,0,0,0,0,0
166210,10499965,-74.123203388,4.68318968,CL 26-KR 92 02,2019,Octubre,15,martes,20,20,Engativá,Choque,Vehículo,N/A,Solo Daños,0,0,0,0,0,0,0,0,0,0,0,0,0,0,0,0,0,0,0,0,0,0
166211,10499966,-74.125509922,4.593116495,DG 39A-TR 34BIS S 2,2019,Octubre,15,martes,17,3,Antonio Nariño,Choque,Vehículo,N/A,Solo Daños,0,0,0,0,0,0,0,1,0,1,0,0,0,0,0,0,0,0,0,0,0,1
166212,10499967,N/A,N/A,KR 68-CL 29 2,2019,Octubre,15,martes,14,30,Kennedy,Choque,Vehículo,N/A,Solo Daños,0,0,0,0,1,0,0,0,0,0,1,0,1,0,0,1,0,0,0,0,0,0
166213,10499968,-74.123945689,4.66813213199998,KR 82-CL 23D 02,2019,Octubre,15,martes,18,30,Fontibón,Choque,Vehículo,N/A,Solo Daños,0,0,0,0,0,1,0,0,0,0,0,0,0,0,0,0,0,0,0,0,0,0
166214,10499969,-74.04720582,4.74950137500002,AK 45-CL 168 2,2019,Octubre,15,martes,6,13,Usaquén,Choque,Vehículo,N/A,Solo Daños,0,0,0,0,0,0,0,0,0,0,0,0,0,0,0,0,0,0,0,0,0,0
166215,10499970,-74.060265327,4.74989813799999,CL 167-KR 58B 02,2019,Octubre,15,martes,17,0,Suba,Choque,Vehículo,N/A,Solo Daños,0,0,0,0,0,1,0,0,0,0,0,0,0,0,0,0,0,0,0,0,0,0
166216,10499971,-74.100488182,4.641984106,CL 24-KR 56 02,2019,Octubre,15,martes,22,51,Barrios Unidos,Choque,Vehículo,N/A,Solo Daños,0,0,0,0,0,1,0,1,0,0,0,0,0,0,0,0,0,0,0,0,0,0
166217,10499972,-74.044535107,4.76498495599998,AK 45-CL 185 2,2019,Octubre,15,martes,7,26,Usaquén,Choque,Vehículo,N/A,Solo Daños,0,0,0,0,0,0,0,0,0,0,1,0,1,0,0,1,0,0,0,0,0,0
166218,10499973,-74.153285018,4.61711832100002,AV AVENIDA PRIMERA DE MAYO-CL 40B 54,2019,Octubre,15,martes,22,50,Kennedy,Choque,Vehículo,N/A,Solo Daños,0,0,0,0,0,0,0,0,0,0,1,0,1,0,0,1,0,0,0,0,0,0
166219,10499974,-74.064136881,4.75530303099998,KR 68-CL 169B 02,2019,Octubre,15,martes,15,40,Suba,Choque,Vehículo,N/A,Solo Daños,0,0,0,0,0,0,0,0,0,0,1,0,0,0,0,0,0,0,0,0,0,0
166220,10499975,-74.078929262,4.62429702399999,CL 26-KR 29 02,2019,Octubre,16,miércoles,10,45,Teusaquillo,Choque,Vehículo,N/A,Solo Daños,0,0,0,0,0,0,0,0,0,0,0,0,0,0,0,0,0,0,0,0,0,0
166221,10499976,-74.077238285,4.66177296900003,AK 30-CL 65 02,2019,Octubre,15,martes,15,30,Barrios Unidos,Choque,Vehículo,N/A,Solo Daños,0,0,0,0,0,0,0,0,0,1,0,0,0,0,0,0,0,0,0,0,0,1
166222,10499977,-74.120666663,4.65615802299999,AV AVENIDA BOYACA-CL 22 02,2019,Octubre,16,miércoles,12,10,Fontibón,Volcamiento,N/A,N/A,Con Heridos,0,0,0,0,0,1,0,0,0,0,0,0,0,0,0,0,0,0,0,0,0,0
166223,10499978,-74.097581919,4.63782416700002,KR 50-CL 24 40,2019,Octubre,15,martes,11,30,Teusaquillo,Choque,Vehículo,N/A,Solo Daños,0,1,0,0,0,0,0,0,0,1,0,0,0,0,0,0,0,0,0,0,0,1
166224,10499979,-74.054092814,4.69447549799997,KR 22-CL 106B 02,2019,Octubre,16,miércoles,17,30,Usaquén,Choque,Vehículo,N/A,Solo Daños,0,0,0,0,0,0,0,0,0,0,0,0,0,0,0,0,0,0,0,0,0,0
166225,10500350,-74.064414662,4.65147848399999,AV AVENIDA CARACAS-CL 64 2,2019,Octubre,18,viernes,21,45,Teusaquillo,Choque,Vehículo,N/A,Con Heridos,1,0,0,0,0,0,0,0,0,0,1,0,1,1,0,0,0,0,1,0,0,0
166226,10500351,-74.166670993,4.60926801599999,CL 50-KR 77T S 2,2019,Octubre,20,domingo,19,0,Kennedy,Choque,Vehículo,N/A,Solo Daños,0,0,0,0,0,0,0,0,0,1,0,0,0,0,0,0,0,0,0,0,0,1
166227,10500352,-74.061854079,4.64359231200001,KR 7-CL 58 02,2019,Octubre,19,sábado,14,50,Chapinero,Choque,Vehículo,N/A,Solo Daños,0,0,0,0,0,0,0,1,0,1,0,0,0,0,0,0,0,0,0,0,0,1
166228,10500353,-74.048610009,4.70562286400002,KR 19-CL 127 2,2019,Octubre,19,sábado,14,12,Usaquén,Choque,Vehículo,N/A,Solo Daños,0,0,0,0,1,0,0,1,0,0,0,0,0,0,0,0,0,0,0,0,0,0
166229,10500354,-74.0666843,4.71029512600001,CL 127-KR 56B 02,2019,Octubre,19,sábado,14,48,Suba,Choque,Vehículo,N/A,Solo Daños,0,0,0,0,0,0,0,0,0,0,0,0,0,0,0,0,0,0,0,0,0,0
166230,10500355,-74.156463416,4.64391914100003,CL 6A-KR 87A 2,2019,Octubre,20,domingo,7,0,Kennedy,Choque,Vehículo,N/A,Solo Daños,0,0,0,0,0,0,0,0,0,1,0,0,0,0,0,0,0,0,0,0,0,1
166231,10500356,-74.09112954,4.74655013099999,CL 148-KR 101 2,2019,Octubre,19,sábado,7,50,Suba,Choque,Vehículo,N/A,Solo Daños,0,0,0,0,0,0,0,1,0,0,0,0,0,0,0,0,0,0,0,0,0,0
166232,10500357,-74.056848745,4.68971576899997,KR 45-CL 103 02,2019,Octubre,19,sábado,19,10,Usaquén,Choque,Vehículo,N/A,Solo Daños,0,0,0,0,0,0,0,0,0,0,0,0,0,0,0,0,0,0,0,0,0,0
166233,10500358,-74.030587742,4.74025291700002,CL 163A-KR 8G 02,2019,Octubre,19,sábado,16,13,Usaquén,Choque,Vehículo,N/A,Solo Daños,0,0,0,0,0,0,0,0,0,0,1,0,1,0,0,1,1,0,0,0,0,0
166234,10500359,-74.125225866,4.62089273499998,CL 1-KR 68 2,2019,Octubre,20,domingo,18,4,Puente Aranda,Choque,Vehículo,N/A,Solo Daños,0,0,0,0,0,0,0,0,0,0,1,0,0,0,0,0,0,0,0,0,0,0
166236,10500361,-74.129264169,4.688662776,AC 26-KR 100 2,2019,Octubre,20,domingo,14,30,Fontibón,Choque,Vehículo,N/A,Solo Daños,0,0,0,0,0,0,0,0,0,0,1,0,1,0,0,0,1,0,0,0,0,0
166237,10500362,-74.121077196,4.69254575299999,CL 63-KR 97 10,2019,Octubre,19,sábado,21,30,Engativá,Choque,Vehículo,N/A,Solo Daños,0,0,0,0,0,1,0,1,0,0,0,0,0,0,0,0,0,0,0,0,0,0
166238,10500363,-74.163424645,4.635163186,CL 38-KR 86C S 2,2019,Octubre,21,lunes,9,46,Kennedy,Choque,Vehículo,N/A,Con Heridos,1,0,0,0,0,1,0,0,0,0,0,0,0,0,0,0,0,0,0,0,0,0
166239,10500364,-74.194479876,4.604385987,KR 79-CL 71 S 2,2019,Octubre,21,lunes,22,0,Bosa,Choque,Vehículo,N/A,Con Heridos,1,0,0,0,0,0,0,1,0,0,1,0,0,0,0,0,0,0,0,0,0,0
166240,10500365,-74.074262548,4.81874807499997,CL 235-KR 116 02,2019,Octubre,19,sábado,7,4,Suba,Choque,Vehículo,N/A,Solo Daños,0,1,0,0,0,0,0,0,0,0,0,0,0,0,0,0,0,0,0,0,0,0
166241,10500366,-74.099400153,4.60453565199998,KR 30-CL 4A 68,2019,Octubre,21,lunes,5,44,Los Mártires,Choque,Vehículo,N/A,Con Heridos,0,0,0,0,0,1,0,0,0,0,0,0,0,0,0,0,0,0,0,0,0,0
166242,10500367,-74.024211218,4.769128599,CL 192C-KR 4A 02,2019,Octubre,21,lunes,18,53,Usaquén,Choque,Vehículo,N/A,Con Heridos,0,0,0,0,0,1,1,0,0,0,1,0,0,0,0,0,0,0,0,0,1,0
166243,10500368,-74.157763489,4.645688732,CL 6A-KR 88 51,2019,Octubre,21,lunes,8,0,Kennedy,Choque,Vehículo,N/A,Con Heridos,1,0,0,0,0,0,0,0,0,0,0,0,0,0,0,0,0,0,0,0,0,0
166244,10500369,-74.085400122,4.61414325300001,KR 25-CL 18 2,2019,Octubre,10,jueves,7,14,Los Mártires,Choque,Vehículo,N/A,Con Heridos,0,1,0,0,0,1,1,0,0,0,0,0,0,0,0,0,0,0,0,0,0,0
166245,10500370,-74.137636759,4.59578066799997,KR 68-CL 44 S 2,2019,Octubre,21,lunes,7,32,Puente Aranda,Choque,Vehículo,N/A,Con Heridos,1,0,0,0,0,0,0,0,0,0,0,0,0,0,0,0,0,0,0,0,0,0
166246,10500371,-74.112357605,4.54757568999997,KR 5B-CL 49A S 02,2019,Octubre,21,lunes,19,15,Rafael Uribe Uribe,Choque,Vehículo,N/A,Con Heridos,0,0,0,0,0,1,0,0,0,0,0,0,0,0,0,0,0,0,0,0,0,0
166247,10500372,-74.079350116,4.75682248999999,KR 92-CL 162 40,2019,Octubre,21,lunes,12,10,Suba,Choque,Vehículo,N/A,Con Heridos,1,0,0,0,0,0,0,0,0,1,0,0,0,0,0,0,0,0,0,0,0,1
166248,10500373,-74.074003499,4.69895427900002,CL 116-KR 70F 2,2019,Octubre,21,lunes,11,30,Suba,Atropello,N/A,N/A,Con Heridos,0,0,0,0,1,0,1,1,0,0,0,0,0,0,0,0,0,0,0,0,0,0
166249,10500374,-74.200727437,4.62902156400003,KR 93D-CL 71 S 02,2019,Octubre,21,lunes,11,30,Bosa,Choque,Vehículo,N/A,Con Heridos,1,0,0,0,0,0,0,0,0,0,0,0,0,0,0,0,0,0,0,0,0,0
166250,10500752,-74.091101596,4.587172259,CL 5-KR 12A S 37,2019,Octubre,24,jueves,8,44,Antonio Nariño,Atropello,N/A,N/A,Con Heridos,0,0,0,0,0,1,1,0,0,0,0,0,0,0,0,0,0,0,0,0,0,0
166251,10500753,-74.120428764,4.59507209999998,KR 35-CL 32B S 10,2019,Octubre,24,jueves,8,25,Antonio Nariño,Volcamiento,N/A,N/A,Con Heridos,1,0,0,0,0,0,0,0,0,0,0,0,0,0,0,0,0,0,0,0,0,0
166252,10500754,-74.026196304,4.72123017899997,KR 7-CL 146 2,2019,Octubre,23,miércoles,18,20,Usaquén,Caida de ocupante,N/A,N/A,Con Heridos,0,0,0,0,0,0,0,1,0,0,1,0,1,0,0,1,0,0,0,0,0,0
166253,10500755,-74.098068383,4.63858947300002,CL 24-KR 51 02,2019,Octubre,24,jueves,9,30,Teusaquillo,Choque,Vehículo,N/A,Solo Daños,0,0,0,0,0,0,0,0,0,0,1,0,1,0,0,1,0,0,0,0,0,0
166254,10500756,-74.192703943,4.62852035200001,KR 89BISA-CL 59C S 15,2019,Octubre,24,jueves,9,58,Bosa,Choque,Vehículo,N/A,Solo Daños,0,0,0,0,0,0,0,0,0,0,1,0,1,0,0,1,0,0,0,0,0,0
166255,10500757,-74.101877364,4.69213425300001,CL 71D-KR 80 2,2019,Octubre,23,miércoles,16,10,Engativá,Atropello,N/A,N/A,Con Heridos,0,0,0,0,0,1,1,0,0,0,0,0,0,0,0,0,0,0,0,0,0,0
166256,10500758,-74.109192407,4.58111589700002,CL 28-KR 20 S 02,2019,Octubre,24,jueves,20,16,Rafael Uribe Uribe,Choque,Vehículo,N/A,Solo Daños,0,1,0,0,0,1,0,0,0,0,0,0,0,0,0,0,0,0,0,0,0,0
166257,10500759,-74.135881464,4.68314723499998,CL 24-KR 103 2,2019,Octubre,24,jueves,8,43,Fontibón,Choque,Vehículo,N/A,Solo Daños,0,1,0,0,0,0,0,0,0,0,0,0,0,0,0,0,0,0,0,0,0,0
166258,10500760,-74.121074508,4.60208152199999,KR 50-CL 26 S 2,2019,Octubre,24,jueves,15,15,Puente Aranda,Choque,Vehículo,N/A,Solo Daños,0,0,0,0,0,0,0,0,0,0,1,0,1,0,0,1,0,0,0,0,0,0
166259,10500761,-74.089375649,4.671960662,KR 68-CL 66 02,2019,Octubre,24,jueves,19,45,Barrios Unidos,Choque,Vehículo,N/A,Solo Daños,0,1,0,0,0,0,0,0,0,0,0,0,0,0,0,0,0,0,0,0,0,0
166260,10500762,-74.111895571,4.53537044299998,CL 64-KR 0 SE 11,2019,Octubre,24,jueves,13,0,Usme,Choque,Vehículo,N/A,Solo Daños,0,0,0,0,0,1,0,0,0,0,1,0,0,0,0,0,0,0,0,0,1,0
166261,10500763,-74.172642928,4.67777542800002,CL 13-KR 123 02,2019,Octubre,24,jueves,21,20,Fontibón,Choque,Vehículo,N/A,Solo Daños,0,1,0,0,0,0,0,1,0,0,0,0,0,0,0,0,0,0,0,0,0,0
166262,10500764,-74.087949775,4.60139450200001,CL 7BIS-KR 18B 2,2019,Octubre,24,jueves,15,0,Los Mártires,Choque,Vehículo,N/A,Solo Daños,0,0,0,0,0,0,0,0,0,0,0,0,0,0,0,0,0,0,0,0,0,0
166263,10500765,-74.118325923,4.688567767,TR 93-CL 53 46,2019,Octubre,24,jueves,9,36,Engativá,Choque,Vehículo,N/A,Solo Daños,0,0,0,0,0,0,0,0,0,0,0,0,0,0,0,0,0,0,0,0,0,0
166264,10500766,-74.072089662,4.668944641,KR 30-CL 74 02,2019,Octubre,21,lunes,15,5,Barrios Unidos,Choque,Vehículo,N/A,Solo Daños,0,0,0,0,0,0,0,1,0,0,0,0,0,0,0,0,0,0,0,0,0,0
166265,10500767,-74.133705689,4.615860677,KR 69C-CL 24 S 2,2019,Octubre,24,jueves,16,0,Kennedy,Choque,Vehículo,N/A,Solo Daños,0,0,0,0,0,0,0,1,0,0,0,0,0,0,0,0,0,0,0,0,0,0
166266,10500768,-74.049501698,4.66038482599998,CL 79B-KR 5 72,2019,Octubre,24,jueves,8,20,Chapinero,Choque,Vehículo,N/A,Solo Daños,0,0,0,0,0,0,0,1,0,0,0,0,0,0,0,0,0,0,0,0,0,0
166267,10500769,-74.084933121,4.69658357600002,AV AVENIDA BOYACA-CL 93 02,2019,Octubre,24,jueves,19,0,Suba,Choque,Vehículo,N/A,Solo Daños,0,0,0,0,0,0,0,0,0,0,1,0,0,0,0,0,0,0,0,0,1,0
166268,10500770,-74.066818136,4.74022428000001,CL 152B-KR 72 91,2019,Octubre,24,jueves,14,10,Suba,Choque,Vehículo,N/A,Solo Daños,0,0,0,0,0,1,0,0,0,0,0,0,0,0,0,0,0,0,0,0,0,0
166269,10500771,-74.09338925,4.61237335700002,AK 30-CL 12 2,2019,Octubre,24,jueves,18,10,Los Mártires,Choque,Vehículo,N/A,Solo Daños,0,0,0,0,0,0,0,0,0,0,0,0,0,0,0,0,0,0,0,0,0,0
166270,10500772,-74.096409361,4.69960800699999,CL 80-KR 78A 2,2019,Octubre,24,jueves,14,0,Engativá,Choque,Vehículo,N/A,Solo Daños,0,0,0,0,0,0,0,0,0,1,0,0,0,0,0,0,0,0,0,0,0,1
166271,10500773,-74.086277608,4.67728500999999,KR 68-CL 71 2,2019,Octubre,24,jueves,19,20,Barrios Unidos,Choque,Vehículo,N/A,Solo Daños,0,0,0,0,0,0,0,0,0,0,0,0,0,0,0,0,0,0,0,0,0,0
166272,10500774,-74.101426115,4.59915758699998,CL 1F-KR 28 2,2019,Octubre,24,jueves,7,39,Los Mártires,Choque,Vehículo,N/A,Solo Daños,0,0,0,0,0,0,0,0,0,0,0,0,0,0,0,0,0,0,0,0,0,0
166273,10500775,-74.019703871,4.669570529,CL 100-KR 9 E 40,2019,Octubre,24,jueves,20,35,Chapinero,Choque,Objeto Fijo,Tren,Con Heridos,0,0,0,0,0,0,0,0,0,0,1,0,1,0,0,1,0,0,0,0,0,0
166274,10500776,-74.120034884,4.67893693100001,CL 26-KR 86 2,2019,Octubre,24,jueves,23,29,Fontibón,Choque,Vehículo,N/A,Solo Daños,0,0,0,0,0,0,0,0,0,1,0,0,0,0,0,0,0,0,0,0,0,1
166275,10501161,-74.123130727,4.586165322,CL 39-KR 29 S 02,2019,Octubre,29,martes,18,57,Rafael Uribe Uribe,Atropello,N/A,N/A,Con Heridos,0,0,0,0,0,1,1,1,0,0,0,0,0,0,0,0,0,0,0,0,0,0
166276,10501162,-74.094847025,4.687374815,AK 72-CL 72 15,2019,Octubre,28,lunes,14,24,Engativá,Atropello,N/A,N/A,Con Heridos,0,0,0,0,0,0,1,0,0,0,0,0,0,0,0,0,0,0,0,0,0,0
166277,10501163,-74.069810482,4.60532080000002,KR 5-CL 20 02,2019,Octubre,29,martes,19,30,Santa Fe,Choque,Vehículo,N/A,Con Heridos,0,0,0,0,0,1,0,1,0,0,0,0,0,0,0,0,0,0,0,0,0,0
166278,10501164,-74.099750555,4.70184675799999,CL 80-KR 84A 2,2019,Octubre,28,lunes,14,0,Engativá,Atropello,N/A,N/A,Con Heridos,0,0,0,0,0,1,1,1,0,0,0,0,0,0,0,0,0,0,0,0,0,0
166279,10501165,-74.196404812,4.641545662,CL 57-KR 103A S 02,2019,Octubre,29,martes,4,35,Bosa,Choque,Vehículo,N/A,Con Heridos,0,0,0,0,0,1,0,0,0,1,0,0,0,0,0,0,0,0,0,0,0,1
166280,10501166,-74.110799443,4.59157361799998,KR 29A-CL 22 S 02,2019,Octubre,28,lunes,15,40,Antonio Nariño,Atropello,N/A,N/A,Con Heridos,0,0,0,0,0,0,1,1,0,0,1,0,0,0,0,0,0,0,0,0,1,0
166281,10501167,N/A,N/A,CL 26-KR 128 00,2019,Octubre,29,martes,6,45,Fontibón,Atropello,N/A,N/A,Con Heridos,0,0,0,0,0,0,1,0,0,0,0,0,0,0,0,0,0,0,0,0,0,0
166282,10501168,-74.090909662,4.555816617,KR 4-CL 36H ES 11,2019,Octubre,28,lunes,11,25,San Cristóbal,Caida de ocupante,N/A,N/A,Con Heridos,0,0,0,0,0,0,0,0,0,0,1,0,1,0,0,1,0,0,0,0,0,0
166283,10501169,-74.06413018,4.64577871900002,KR 13-CL 58 85,2019,Octubre,29,martes,19,35,Chapinero,Atropello,N/A,N/A,Con Heridos,0,0,0,0,0,0,1,0,0,1,0,0,0,0,0,0,0,0,0,0,0,1
166284,10501170,-74.106969288,4.55720263199998,CL 48P-KR 5ABIS S 02,2019,Octubre,28,lunes,17,26,San Cristóbal,Atropello,N/A,N/A,Con Heridos,0,0,0,0,1,1,1,0,0,0,0,0,0,0,0,0,0,0,0,0,0,0
166285,10501171,-74.076240371,4.60861967400001,CL 19-KR 13A 43,2019,Octubre,28,lunes,13,50,Santa Fe,Caida de ocupante,N/A,N/A,Con Heridos,0,0,1,0,0,0,0,0,0,0,1,0,1,0,0,1,0,0,0,0,0,0
166286,10501172,-74.09952593,4.58558295799997,KR 17-CL 16 S 02,2019,Octubre,29,martes,11,5,Antonio Nariño,Atropello,N/A,N/A,Con Heridos,0,0,0,0,0,0,1,0,0,0,0,0,0,0,0,0,0,0,0,0,0,0
166287,10501173,-74.115770048,4.63973929600002,KR 68-CL 13 02,2019,Octubre,29,martes,14,5,Puente Aranda,Atropello,N/A,N/A,Con Heridos,0,0,0,0,0,1,1,0,0,0,0,0,0,0,0,0,0,0,0,0,0,0
166288,10501174,-74.07394125,4.60694021500001,KR 10-CL 19 2,2019,Octubre,29,martes,18,20,Santa Fe,Atropello,N/A,N/A,Con Heridos,0,0,0,0,0,1,1,0,0,0,0,0,0,0,0,0,0,0,0,0,0,0
166289,10501175,-74.115708143,4.51246598900002,CL 76A-KR 14 S 02,2019,Octubre,28,lunes,16,20,Usme,Atropello,N/A,N/A,Con Heridos,0,0,0,0,1,0,1,0,0,0,1,0,1,0,1,0,0,0,0,0,0,0
166290,10501176,-74.082299027,4.593388258,KR 10-CL 4 02,2019,Octubre,26,sábado,11,50,Santa Fe,Choque,Objeto Fijo,Tren,Solo Daños,0,0,0,0,0,1,0,0,0,0,0,0,0,0,0,0,0,0,0,0,0,0
166291,10501177,-74.087873138,4.67990660599997,CL 72-KR 68G 02,2019,Octubre,28,lunes,11,0,Engativá,Choque,Vehículo,N/A,Solo Daños,0,0,0,0,0,0,0,0,0,1,1,0,1,0,0,1,0,0,0,0,0,1
166292,10501178,-74.153948335,4.67790511800001,CL 13-KR 111 02,2019,Octubre,28,lunes,16,50,Fontibón,Choque,Vehículo,N/A,Solo Daños,0,0,0,0,0,0,0,1,0,0,1,0,1,0,0,1,0,0,0,0,0,0
166293,10501179,-74.102219578,4.61654352900001,KR 38A-CL 10 2,2019,Octubre,27,domingo,15,40,Puente Aranda,Choque,Vehículo,N/A,Solo Daños,0,0,0,0,0,0,0,0,0,0,0,0,0,0,0,0,0,0,0,0,0,0
166294,10501180,-74.050485124,4.72485431500002,AV AVENIDA PASEO DE LOS LIBERTADORES-CL 142 02,2019,Octubre,26,sábado,15,43,Usaquén,Choque,Vehículo,N/A,Solo Daños,0,1,0,0,0,0,0,0,0,0,0,0,0,0,0,0,0,0,0,0,0,0
166295,10501181,-74.032391349,4.69543784400003,KR 7-CL 118 2,2019,Octubre,27,domingo,12,55,Usaquén,Choque,Vehículo,N/A,Solo Daños,0,0,0,0,0,0,0,0,0,0,0,0,0,0,0,0,0,0,0,0,0,0
166296,10501182,-74.048339666,4.73770694900003,AV AVENIDA PASEO DE LOS LIBERTADORES-CL 153 02,2019,Octubre,26,sábado,9,35,Usaquén,Choque,Vehículo,N/A,Solo Daños,0,0,0,0,0,1,0,1,0,0,0,0,0,0,0,0,0,0,0,0,0,0
166297,10501183,-74.063405031,4.676444715,KR 30-CL 87 2,2019,Octubre,27,domingo,7,10,Barrios Unidos,Choque,Vehículo,N/A,Solo Daños,0,0,0,0,0,0,0,0,0,1,0,0,0,0,0,0,0,0,0,0,0,1
166298,10501184,-74.034700401,4.68871774799999,KR 7-CL 110 02,2019,Octubre,22,martes,9,20,Usaquén,Choque,Vehículo,N/A,Solo Daños,0,0,0,0,0,0,0,0,0,0,0,0,0,0,0,0,0,0,0,0,0,0
166299,10501558,-74.034383451,4.82442931999998,AV AVENIDA PASEO DE LOS LIBERTADORES-CL 252 02,2019,Octubre,31,jueves,9,48,Usaquén,Choque,Vehículo,N/A,Solo Daños,0,0,0,0,0,0,0,0,0,0,1,0,1,0,0,1,0,0,0,0,0,0
166300,10501559,-74.054938146,4.70704897399997,CL 127-KR 45 02,2019,Octubre,31,jueves,10,30,Usaquén,Choque,Vehículo,N/A,Solo Daños,0,1,0,0,0,0,0,1,0,0,0,0,0,0,0,0,0,0,0,0,0,0
166301,10501560,-74.022672289,4.73824980099999,KR 7-CL 163A 02,2019,Octubre,31,jueves,9,7,Usaquén,Choque,Vehículo,N/A,Solo Daños,0,0,0,0,0,0,0,1,0,0,0,0,0,0,0,0,0,0,0,0,0,0
166302,10501561,-74.126677706,4.56679630899998,AV AVENIDA CARACAS-AC 51 S 2,2019,Octubre,31,jueves,4,50,Tunjuelito,Choque,Objeto Fijo,Semaforo,Con Muertos,0,0,0,0,0,1,1,1,0,0,1,1,1,0,0,0,1,0,0,0,0,0
166307,10501566,-74.118361081,4.588946701,KR 27-CL 32 S 2,2019,Octubre,31,jueves,13,40,Antonio Nariño,Choque,Vehículo,N/A,Con Heridos,0,1,0,0,0,1,0,0,0,0,0,0,0,0,0,0,0,0,0,0,0,0
166313,10501572,-74.071635487,4.598304719,KR 4-CL 12B 2,2019,Octubre,31,jueves,23,30,Candelaria,Choque,Vehículo,N/A,Con Heridos,0,0,0,0,1,1,0,0,0,0,0,0,0,0,0,0,0,0,0,0,0,0
166316,10501575,-74.072601712,4.61555162500002,AV AVENIDA CARACAS-CL 26 2,2019,Octubre,31,jueves,18,10,Santa Fe,Atropello,N/A,N/A,Con Heridos,0,0,0,0,0,0,1,0,0,0,0,0,0,0,0,0,0,0,0,0,0,0
166318,10501577,-74.134395546,4.66368333000003,CL 19A-KR 87B 02,2019,Octubre,31,jueves,12,0,Fontibón,Choque,Vehículo,N/A,Solo Daños,0,0,0,0,0,0,0,0,0,0,0,0,0,0,0,0,0,0,0,0,0,0
166323,10501582,-74.075755089,4.60847972699997,KR 13A-CL 19 02,2019,Octubre,31,jueves,16,16,Santa Fe,Choque,Vehículo,N/A,Solo Daños,0,1,0,0,0,0,0,0,0,0,0,0,0,0,0,0,0,0,0,0,0,0
166514,10498804,-74.119544579,4.63622036800001,KR 68-CL 12A 02,2019,Octubre,3,jueves,8,10,Puente Aranda,Choque,Vehículo,N/A,Solo Daños,0,0,0,0,0,0,0,0,0,0,1,0,0,0,0,0,0,0,0,0,1,0
166515,10498805,-74.045147051,4.74391210599998,CL 163A-KR 21 02,2019,Octubre,3,jueves,6,31,Usaquén,Choque,Vehículo,N/A,Solo Daños,0,0,0,0,0,0,0,0,0,0,0,0,0,0,0,0,0,0,0,0,0,0
166516,10498806,-74.095898764,4.69489577100001,CL 76-KR 76 02,2019,Octubre,3,jueves,8,22,Engativá,Choque,Vehículo,N/A,Solo Daños,1,0,0,0,0,0,0,0,0,0,0,0,0,0,0,0,0,0,0,0,0,0
166517,10498807,-74.069920122,4.60755923599999,CL 22-KR 5 98,2019,Octubre,3,jueves,12,29,Candelaria,Choque,Vehículo,N/A,Solo Daños,0,0,0,0,0,0,0,0,0,0,0,0,0,0,0,0,0,0,0,0,0,0
166518,10498809,-74.115016065,4.614603241,CL 3-KR 50 02,2019,Octubre,3,jueves,15,0,Puente Aranda,Choque,Vehículo,N/A,Solo Daños,0,0,0,0,0,0,0,0,0,1,0,0,0,0,0,0,0,0,0,0,0,1
166519,10498810,-74.070175128,4.60450401899999,CL 19-KR 5 2,2019,Octubre,3,jueves,12,34,Candelaria,Choque,Vehículo,N/A,Solo Daños,0,0,0,0,0,0,0,0,0,0,1,0,0,0,0,0,0,0,0,0,0,0
166520,10498811,-74.086345607,4.630503476,CL 25B-KR 36 02,2019,Octubre,3,jueves,12,55,Teusaquillo,Choque,Vehículo,N/A,Solo Daños,0,0,0,0,0,0,0,0,0,0,1,0,1,0,0,1,0,0,0,0,0,0
166521,10498812,-74.188843295,4.631215123,KR 89B-CL 56F S 02,2019,Octubre,3,jueves,14,11,Bosa,Choque,Vehículo,N/A,Solo Daños,0,0,0,0,0,0,0,0,0,0,1,0,1,0,1,0,0,0,0,0,0,0
166522,10498813,-74.093165437,4.697728235,CL 80-KR 76 2,2019,Octubre,3,jueves,8,50,Engativá,Choque,Vehículo,N/A,Solo Daños,0,1,0,0,0,0,0,0,0,0,0,0,0,0,0,0,0,0,0,0,0,0
166523,10498814,-74.049169283,4.73282430699999,KR 45-CL 151 02,2019,Octubre,3,jueves,14,10,Usaquén,Choque,Vehículo,N/A,Solo Daños,0,0,0,0,0,0,0,0,0,0,0,0,0,0,0,0,0,0,0,0,0,0
166524,10498815,-74.04590966,4.667161507,KR 7-CL 86 02,2019,Octubre,3,jueves,14,20,Chapinero,Choque,Vehículo,N/A,Solo Daños,0,0,0,0,0,0,0,1,0,1,0,0,0,0,0,0,0,0,0,0,0,1
166525,10498816,-74.093448253,4.69752198899999,CL 80-KR 76 2,2019,Octubre,3,jueves,13,10,Engativá,Choque,Vehículo,N/A,Solo Daños,0,0,0,0,0,0,0,0,0,0,1,0,0,0,0,0,0,0,0,0,0,0
166526,10498817,-74.033564203,4.71288661900002,CL 134-KR 9 02,2019,Octubre,3,jueves,16,50,Usaquén,Choque,Vehículo,N/A,Solo Daños,0,1,0,0,0,0,0,1,0,0,0,0,0,0,0,0,0,0,0,0,0,0
166528,10498819,-74.103298541,4.653672675,AK 68-CL 26 2,2019,Octubre,4,viernes,21,45,Teusaquillo,Atropello,N/A,N/A,Con Muertos,0,0,0,0,0,1,1,0,0,0,0,0,0,0,0,0,0,0,0,0,0,0
166529,10498820,-74.059415689,4.707500616,CL 127-KR 51 02,2019,Octubre,1,martes,5,40,Suba,Choque,Vehículo,N/A,Solo Daños,0,0,0,0,0,1,0,0,0,1,0,0,0,0,0,0,0,0,0,0,0,1
166530,10498821,-74.065298027,4.742532364,AV AVENIDA BOYACA-CL 153 02,2019,Octubre,2,miércoles,7,0,Suba,Choque,Vehículo,N/A,Solo Daños,0,0,0,0,0,0,0,0,0,0,1,0,0,0,0,0,0,0,0,0,1,0
166531,10498822,-74.037600576,4.76456273100001,CL 187-KR 16 2,2019,Octubre,2,miércoles,11,28,Usaquén,Choque,Vehículo,N/A,Solo Daños,0,0,0,0,0,0,0,0,0,0,1,0,1,0,0,1,0,0,0,0,1,0
166532,10498823,-74.104314414,4.62555753599997,CL 13-KR 47 14,2019,Octubre,2,miércoles,11,30,Puente Aranda,Choque,Vehículo,N/A,Solo Daños,0,0,0,0,0,0,0,1,0,1,0,0,0,0,0,0,0,0,0,0,0,1
166533,10498824,-74.113471037,4.59372529299998,AK 30-CL 27A S 03,2019,Octubre,2,miércoles,16,20,Puente Aranda,Volcamiento,N/A,N/A,Solo Daños,0,0,0,0,0,1,0,0,0,0,0,0,0,0,0,0,0,0,0,0,0,0
166534,10498825,-74.133502441,4.64927047200001,CL 13-KR 78 2,2019,Octubre,2,miércoles,7,15,Fontibón,Choque,Vehículo,N/A,Solo Daños,0,0,0,0,0,0,0,0,0,0,0,0,0,0,0,0,0,0,0,0,0,0
166536,10498827,-74.13646183,4.61512807100002,AV AVENIDA PRIMERO DE MAYO-KR 70 2,2019,Octubre,3,jueves,12,10,Kennedy,Choque,Vehículo,N/A,Solo Daños,0,0,0,0,0,0,0,1,0,0,1,0,1,0,0,1,0,0,0,0,0,0
166537,10498828,-74.073888895,4.60682303200002,CL 19-KR 10 2,2019,Octubre,3,jueves,16,30,Santa Fe,Choque,Vehículo,N/A,Solo Daños,0,0,0,0,0,0,0,1,0,0,0,0,0,0,0,0,0,0,0,0,0,0
166538,10498829,-74.106772543,4.579062695,AV AVENIDA CARACAS-CL 27 S 02,2019,Octubre,3,jueves,11,32,Antonio Nariño,Choque,Vehículo,N/A,Solo Daños,0,0,0,0,0,1,0,0,0,0,0,0,0,0,0,0,0,0,0,0,0,0
166539,10499194,-74.131423409,4.53822763300002,AV AVENIDA BOYACA-CL 72 04,2019,Octubre,7,lunes,11,30,Ciudad Bolívar,Choque,Vehículo,N/A,Solo Daños,0,1,0,0,0,0,0,0,0,0,0,0,0,0,0,0,0,0,0,0,0,0
166540,10499195,-74.124522924,4.65186188799998,AV AVENIDA BOYACA-CL 19 02,2019,Octubre,7,lunes,19,30,Fontibón,Choque,Vehículo,N/A,Solo Daños,0,1,0,0,0,0,0,0,0,0,1,0,0,0,0,0,0,0,0,0,0,0
166541,10499196,-74.14427671,4.604221757,TR 72F-CL 40 S 2,2019,Octubre,7,lunes,7,27,Kennedy,Choque,Vehículo,N/A,Solo Daños,0,0,0,0,0,1,0,0,0,0,0,0,0,0,0,0,0,0,0,0,0,0
166542,10499197,-74.046262202,4.75672683699997,AK 45-CL 176 2,2019,Octubre,3,jueves,4,30,Usaquén,Choque,Vehículo,N/A,Solo Daños,0,1,0,0,0,0,0,0,0,0,1,0,1,0,1,0,0,0,0,0,0,0
166543,10499198,-74.072122822,4.608220813,KR 9-CL 21 38,2019,Octubre,7,lunes,16,20,Santa Fe,Choque,Vehículo,N/A,Solo Daños,0,0,0,0,0,0,0,0,0,1,0,0,0,0,0,0,0,0,0,0,0,1
166544,10499199,-74.102897667,4.74887749999999,KR 113C-CL 143A 2,2019,Octubre,7,lunes,9,40,Suba,Choque,Vehículo,N/A,Solo Daños,0,0,0,0,0,1,0,0,0,0,0,0,0,0,0,0,0,0,0,0,0,0
166545,10499200,-74.033641275,4.69369030500002,CL 116-KR 7 02,2019,Octubre,7,lunes,19,18,Usaquén,Choque,Vehículo,N/A,Solo Daños,0,0,0,0,0,0,0,0,0,1,0,0,0,0,0,0,0,0,0,0,0,1
166546,10499201,-74.123160682,4.59401331700002,AV AVENIDA DEL SUR-CL 38A S 2,2019,Octubre,4,viernes,18,0,Puente Aranda,Volcamiento,N/A,N/A,Solo Daños,0,0,0,0,0,0,0,0,0,0,0,0,0,0,0,0,0,0,0,0,0,0
166547,10499202,-74.089290199,4.72413941500002,CL 129ABIS-KR 91 2,2019,Octubre,7,lunes,5,50,Suba,Choque,Objeto Fijo,Semaforo,Solo Daños,0,1,0,0,0,0,0,0,0,0,0,0,0,0,0,0,0,0,0,0,0,0
166548,10499203,-74.0542452,4.68124180299998,KR 30-CL 94 2,2019,Octubre,7,lunes,8,0,Chapinero,Choque,Vehículo,N/A,Solo Daños,0,1,0,0,0,0,0,1,0,0,0,0,0,0,0,0,0,0,0,0,0,0
166549,10499204,-74.11219271,4.64348636800003,KR 68-CL 19 02,2019,Octubre,7,lunes,15,6,Puente Aranda,Choque,Vehículo,N/A,Solo Daños,0,1,0,0,0,0,0,0,0,0,0,0,0,0,0,0,0,0,0,0,0,0
166550,10499205,-74.143768549,4.62860517000001,CL 5-KR 74 2,2019,Octubre,4,viernes,8,11,Kennedy,Choque,Vehículo,N/A,Solo Daños,0,0,0,0,0,0,0,0,0,0,0,0,0,0,0,0,0,0,0,0,0,0
166551,10499206,-74.103298541,4.653672675,KR 68-CL 26 2,2019,Octubre,1,martes,10,30,Teusaquillo,Choque,Vehículo,N/A,Solo Daños,0,0,0,0,0,0,0,1,0,0,0,0,0,0,0,0,0,0,0,0,0,0
166552,10499207,-74.064575268,4.605197003,CL 26-KR 3 E 02,2019,Octubre,7,lunes,8,7,Santa Fe,Choque,Vehículo,N/A,Solo Daños,0,0,0,0,0,0,0,0,0,1,0,0,0,0,0,0,0,0,0,0,0,1
166553,10499208,-74.154053059,4.63236137299998,KR 80-CL 2 51,2019,Octubre,8,martes,1,30,Kennedy,Choque,Vehículo,N/A,Solo Daños,0,1,0,0,0,0,0,0,0,0,0,0,0,0,0,0,0,0,0,0,0,0
166554,10499209,-74.054285511,4.68119817199999,KR 30-CL 94 2,2019,Octubre,7,lunes,12,11,Chapinero,Choque,Vehículo,N/A,Solo Daños,0,0,0,0,0,0,0,0,0,0,0,0,0,0,0,0,0,0,0,0,0,0
166555,10499210,-74.056667762,4.67083376900001,CL 85-KR 17 02,2019,Octubre,7,lunes,17,10,Chapinero,Choque,Vehículo,N/A,Solo Daños,0,0,0,0,0,0,0,1,0,1,0,0,0,0,0,0,0,0,0,0,0,1
166556,10499211,-74.069637622,4.59349524800001,AV AVENIDA CIRCUNVALAR-CL 10 2,2019,Octubre,7,lunes,7,30,Santa Fe,Choque,Vehículo,N/A,Solo Daños,0,0,0,0,0,0,0,0,0,1,1,0,1,0,0,1,0,0,0,0,0,1
166557,10499212,-74.089375649,4.671960662,KR 68-CL 66 2,2019,Octubre,5,sábado,17,10,Barrios Unidos,Choque,Vehículo,N/A,Solo Daños,0,0,0,0,0,0,0,1,0,0,0,0,0,0,0,0,0,0,0,0,0,0
166558,10499213,-74.099998611,4.58608541000001,KR 18-CL 16 S 02,2019,Octubre,7,lunes,21,18,Antonio Nariño,Choque,Vehículo,N/A,Solo Daños,0,0,0,0,0,0,0,0,0,0,1,0,1,0,0,1,0,0,0,0,0,0
166559,10499214,-74.081140367,4.627151357,AK 30-CL 26 02,2019,Octubre,7,lunes,13,5,Teusaquillo,Choque,Vehículo,N/A,Solo Daños,0,0,0,0,0,0,0,0,0,1,0,0,0,0,0,0,0,0,0,0,0,1
166560,10499215,-74.074543576,4.696393946,CL 102A-KR 70B 2,2019,Octubre,7,lunes,10,53,Suba,Choque,Vehículo,N/A,Solo Daños,0,0,0,0,0,0,0,0,0,0,0,0,0,0,0,0,0,0,0,0,0,0
166561,10499216,-74.053192926,4.665833792,CL 82-KR 11 18,2019,Octubre,6,domingo,11,40,Chapinero,Choque,Vehículo,N/A,Solo Daños,0,0,0,0,0,0,0,0,0,0,0,0,0,0,0,0,0,0,0,0,0,0
166562,10499217,-74.101960804,4.63384113500001,KR 50-CL 20 02,2019,Octubre,7,lunes,9,10,Puente Aranda,Choque,Vehículo,N/A,Solo Daños,0,0,0,0,0,0,0,0,0,1,0,0,0,0,0,0,0,0,0,0,0,1
166563,10499218,-74.164731255,4.59602534499999,AV AVENIDA DEL SUR-KR 72 2,2019,Octubre,6,domingo,0,40,Bosa,Choque,Vehículo,N/A,Solo Daños,0,0,0,0,0,1,0,0,0,0,0,0,0,0,0,0,0,0,0,0,0,0
166564,10499591,-74.124299738,4.67323056499998,AV AVENIDA CIUDAD DE CALI-CL 24C 02,2019,Octubre,11,viernes,9,31,Fontibón,Choque,Vehículo,N/A,Solo Daños,0,0,0,0,0,0,0,0,0,0,0,0,0,0,0,0,0,0,0,0,0,0
166565,10499592,-74.07875635,4.59020154299998,CL 6-KR 6 02,2019,Octubre,11,viernes,15,15,Candelaria,Choque,Vehículo,N/A,Solo Daños,0,0,0,0,0,0,0,0,0,0,0,0,0,0,0,0,0,0,0,0,0,0
166566,10499593,-74.097566538,4.60671217700002,KR 30-CL 6A 2,2019,Octubre,11,viernes,16,45,Los Mártires,Choque,Vehículo,N/A,Solo Daños,0,0,0,0,0,1,0,0,0,0,0,0,0,0,0,0,0,0,0,0,0,0
166567,10499594,-74.104128251,4.64650416199999,CL 24-KR 64 02,2019,Octubre,11,viernes,20,30,Teusaquillo,Choque,Vehículo,N/A,Solo Daños,0,1,0,0,0,0,0,0,0,1,0,0,0,0,0,0,0,0,0,0,0,1
166568,10499595,-74.072379591,4.651108115,KR 24-CL 63 02,2019,Octubre,11,viernes,6,15,Barrios Unidos,Choque,Vehículo,N/A,Solo Daños,0,0,0,0,0,0,0,0,0,0,0,0,0,0,0,0,0,0,0,0,0,0
166569,10499596,-74.128656111,4.60876911700001,AK 68-CL 26 S 2,2019,Octubre,11,viernes,16,5,Puente Aranda,Choque,Vehículo,N/A,Solo Daños,0,0,0,0,0,0,0,0,0,0,1,0,1,0,0,1,0,0,0,0,0,0
166570,10499597,-74.047040881,4.71912313500002,CL 134A-KR 19 02,2019,Octubre,11,viernes,19,21,Usaquén,Choque,Vehículo,N/A,Solo Daños,0,0,0,0,0,0,0,0,0,0,0,0,0,0,0,0,0,0,0,0,0,0
166571,10499598,-74.171797045,4.61347708300002,AV AVENIDA PRIMERO DE MAYO-KR 79 02,2019,Octubre,11,viernes,20,10,Kennedy,Choque,Vehículo,N/A,Solo Daños,0,0,0,0,0,0,0,0,0,1,0,0,0,0,0,0,0,0,0,0,0,1
166572,10499599,N/A,N/A,KR 96-CL 195 02,2019,Octubre,11,viernes,20,24,Suba,Choque,Vehículo,N/A,Solo Daños,0,0,0,0,0,0,0,0,0,1,0,0,0,0,0,0,0,0,0,0,0,1
166573,10499600,-74.097684815,4.60729177100001,KR 30-CL 6 2,2019,Octubre,11,viernes,14,0,Puente Aranda,Choque,Vehículo,N/A,Solo Daños,0,0,0,0,0,0,0,0,0,0,1,0,1,0,0,1,1,0,0,0,0,0
166574,10499601,-74.112088652,4.51524656599997,KR 8D-CL 75 S 02,2019,Octubre,11,viernes,9,47,Usme,Choque,Vehículo,N/A,Solo Daños,0,1,0,0,0,0,0,0,0,0,0,0,0,0,0,0,0,0,0,0,0,0
166575,10499602,-74.116862412,4.61070994599999,KR 50-CL 1G 02,2019,Octubre,12,sábado,20,35,Puente Aranda,Atropello,N/A,N/A,Con Muertos,0,0,0,0,0,1,1,1,0,0,0,0,0,0,0,0,0,0,0,0,0,0
166576,10499603,-74.101493004,4.54782772700003,CL 48-KR 1 S 14,2019,Octubre,14,lunes,13,15,San Cristóbal,Atropello,N/A,N/A,Con Muertos,0,0,0,0,0,0,1,1,0,0,1,0,1,0,1,0,0,0,0,0,0,0
166577,10499604,-74.122431761,4.72348310000001,AC 80-KR 114 63,2019,Octubre,14,lunes,21,15,Engativá,Volcamiento,N/A,N/A,Con Muertos,0,0,0,0,0,1,0,0,0,0,0,0,0,0,0,0,0,0,0,0,0,0
166578,10499605,-74.08040867,4.61485970699999,CL 22-KR 19 2,2019,Octubre,11,viernes,18,2,Los Mártires,Choque,Vehículo,N/A,Solo Daños,0,0,0,0,0,0,0,0,0,0,0,0,0,0,0,0,0,0,0,0,0,0
166579,10499606,-74.079508013,4.63859772699999,AK 30-CL 48 30,2019,Octubre,13,domingo,5,18,Teusaquillo,Choque,Vehículo,N/A,Con Muertos,0,0,0,0,0,1,0,0,0,0,0,0,0,0,0,0,0,0,0,0,0,0
166580,10499607,-74.091649322,4.65054938899999,CL 53-KR 58 02,2019,Octubre,11,viernes,17,41,Teusaquillo,Choque,Vehículo,N/A,Con Heridos,0,0,0,0,0,1,0,0,0,0,0,0,0,0,0,0,0,0,0,0,0,0
166581,10499608,-74.111302331,4.602426847,KR 36-CL 8 02,2019,Octubre,11,viernes,17,30,Puente Aranda,Choque,Vehículo,N/A,Con Heridos,0,0,0,0,0,1,0,0,0,0,0,0,0,0,0,0,0,0,0,0,0,0
166582,10499609,-74.119841447,4.64310846400002,CL 17-KR 68D 2,2019,Octubre,11,viernes,12,55,Fontibón,Choque,Vehículo,N/A,Con Heridos,0,0,0,0,0,1,0,1,0,0,0,0,0,0,0,0,0,0,0,0,0,0
166583,10499610,-74.129136101,4.62696338299997,KR 69B-CL 5 2,2019,Octubre,11,viernes,17,35,Kennedy,Choque,Vehículo,N/A,Con Heridos,0,0,0,0,0,1,0,0,0,1,0,0,0,0,0,0,0,0,0,0,0,1
166584,10499611,-74.156042268,4.61660903799998,AV AVENIDA PRIMERO DE MAYO-CL 41 S 02,2019,Octubre,11,viernes,14,30,Kennedy,Choque,Vehículo,N/A,Con Heridos,0,1,0,0,0,0,0,1,0,0,0,0,0,0,0,0,0,0,0,0,0,0
166585,10499612,-74.140040087,4.71113287600002,CL 64-KR 116C 02,2019,Octubre,11,viernes,5,40,Engativá,Choque,Vehículo,N/A,Solo Daños,0,0,0,0,0,0,0,0,0,0,1,0,1,0,0,1,0,0,0,0,0,0
166586,10499613,-74.102139892,4.65508765999999,KR 68-CL 44 2,2019,Octubre,11,viernes,18,45,Barrios Unidos,Choque,Vehículo,N/A,Solo Daños,0,0,0,0,0,0,0,0,0,0,1,0,1,0,0,1,0,0,0,0,0,0
166587,10499614,-74.115161913,4.713357336,CL 80-KR 104 02,2019,Octubre,11,viernes,10,55,Engativá,Choque,Vehículo,N/A,Solo Daños,0,0,0,0,0,0,0,0,0,0,1,0,1,0,1,0,0,0,0,0,0,0
166588,10499615,-74.126837056,4.71207955800003,CL 71C-KR 111 02,2019,Octubre,11,viernes,14,8,Engativá,Choque,Vehículo,N/A,Con Heridos,0,0,0,0,0,1,0,1,0,0,1,0,1,0,1,0,0,0,0,0,0,0
166589,10499980,-74.123108099,4.641324338,CL 13-KR 68D 40,2019,Octubre,15,martes,14,55,Fontibón,Choque,Vehículo,N/A,Solo Daños,0,0,0,0,0,0,0,0,0,1,1,0,0,0,0,0,0,0,0,0,0,1
166590,10499981,-74.075161862,4.61061107900002,CL 22-KR 13A 55,2019,Octubre,15,martes,9,50,Santa Fe,Choque,Vehículo,N/A,Solo Daños,0,0,0,0,0,0,0,0,0,1,0,0,0,0,0,0,0,0,0,0,0,1
166591,10499982,-74.108599486,4.75282856699999,KR 128-CL 144 02,2019,Octubre,16,miércoles,15,0,Suba,Choque,Vehículo,N/A,Solo Daños,0,0,0,0,0,0,0,0,0,1,0,0,0,0,0,0,0,0,0,0,0,1
166592,10499983,-74.071171379,4.70601898899997,AV AVENIDA SUBA-CL 120 02,2019,Octubre,15,martes,21,0,Suba,Choque,Vehículo,N/A,Solo Daños,0,0,0,0,0,0,0,0,0,1,0,0,0,0,0,0,0,0,0,0,0,1
166593,10499984,-74.059135781,4.657579048,CL 72-KR 11 41,2019,Octubre,15,martes,9,0,Chapinero,Choque,Vehículo,N/A,Solo Daños,0,0,0,0,0,0,0,1,0,0,0,0,0,0,0,0,0,0,0,0,0,0
166594,10499985,-74.079915344,4.75571771199998,KR 92-CL 159A 02,2019,Octubre,16,miércoles,18,40,Suba,Choque,Vehículo,N/A,Solo Daños,0,0,0,0,0,1,0,0,0,0,0,0,0,0,0,0,0,0,0,0,0,0
166595,10499986,-74.125808812,4.64517150500001,KR 71D-CL 12C 60,2019,Octubre,15,martes,21,11,Kennedy,Choque,Vehículo,N/A,Solo Daños,0,0,0,0,0,0,0,0,0,0,0,0,0,0,0,0,0,0,0,0,0,0
166596,10499987,-74.1055,4.65879999999999,KR 69-CL 44 35,2019,Octubre,15,martes,11,40,Engativá,Choque,Vehículo,N/A,Solo Daños,0,0,0,0,0,0,0,0,0,0,0,0,0,0,0,0,0,0,0,0,0,0
166597,10499988,-74.086270194,4.58301682000001,KR 8-CL 7 S 02,2019,Octubre,16,miércoles,14,0,San Cristóbal,Choque,Vehículo,N/A,Solo Daños,0,0,0,0,0,0,0,0,0,0,0,0,0,0,0,0,0,0,0,0,0,0
166598,10499989,-74.15856187,4.58283247600002,CL 68-KR 51 S 02,2019,Octubre,15,martes,19,30,Ciudad Bolívar,Choque,Vehículo,N/A,Solo Daños,0,1,0,0,0,0,0,1,0,0,0,0,0,0,0,0,0,0,0,0,0,0
166599,10499990,-74.12898555,4.611752147,KR 68C-CL 22 S 02,2019,Octubre,16,miércoles,15,22,Kennedy,Choque,Vehículo,N/A,Solo Daños,0,0,0,0,0,1,0,0,0,0,0,0,0,0,0,0,0,0,0,0,0,0
166600,10499991,-74.177470988,4.59708734999998,AV AVENIDA DEL SUR-CL 59 S 02,2019,Octubre,16,miércoles,13,50,Bosa,Choque,Vehículo,N/A,Solo Daños,0,0,0,0,0,0,0,1,0,0,1,0,0,0,0,0,0,0,0,0,0,0
166601,10499992,-74.078587745,4.64796789799999,KR 30-CL 58 02,2019,Octubre,15,martes,17,45,Teusaquillo,Choque,Vehículo,N/A,Solo Daños,0,0,0,0,0,1,0,0,0,0,0,0,0,0,0,0,0,0,0,0,0,0
166602,10499993,-74.11566506,4.67251712500001,CL 26-KR 75 02,2019,Octubre,16,miércoles,7,33,Fontibón,Choque,Vehículo,N/A,Solo Daños,0,0,0,0,0,0,0,0,0,1,1,0,1,0,0,1,0,0,0,0,0,1
166603,10499994,-74.08191009,4.62570875,KR 30-CL 25 2,2019,Octubre,15,martes,10,30,Los Mártires,Choque,Vehículo,N/A,Solo Daños,0,0,0,0,0,1,0,0,0,0,0,0,0,0,0,0,0,0,0,0,0,0
166604,10499995,-74.072883779,4.66139293499998,CL 68-KR 28 02,2019,Octubre,15,martes,17,35,Barrios Unidos,Choque,Objeto Fijo,Semaforo,Solo Daños,0,0,0,0,1,0,0,1,0,0,0,0,0,0,0,0,0,0,0,0,0,0
166605,10499996,-74.05786853,4.67971392800001,DG 92-TR 23 02,2019,Octubre,16,miércoles,19,50,Chapinero,Choque,Vehículo,N/A,Solo Daños,0,0,0,0,0,0,0,0,0,1,0,0,0,0,0,0,0,0,0,0,0,1
166606,10499997,-74.103298541,4.653672675,KR 68-CL 26 2,2019,Octubre,15,martes,10,46,Teusaquillo,Choque,Vehículo,N/A,Solo Daños,0,0,0,0,0,0,0,0,0,0,0,0,0,0,0,0,0,0,0,0,0,0
166607,10499998,-74.151,4.68369999999999,CL 26-KR 113 02,2019,Octubre,16,miércoles,16,58,Fontibón,Choque,Vehículo,N/A,Solo Daños,0,0,0,0,0,0,0,0,0,0,0,0,0,0,0,0,0,0,0,0,0,0
166608,10499999,-74.068232388,4.603223684,CL 19-KR 3 02,2019,Octubre,15,martes,18,36,Santa Fe,Choque,Vehículo,N/A,Solo Daños,0,0,0,0,0,0,0,0,0,0,1,0,1,0,0,1,0,0,0,0,0,0
166609,10500000,-74.105841412,4.68583657400001,CL 66-KR 78 10,2019,Octubre,16,miércoles,23,20,Engativá,Choque,Vehículo,N/A,Solo Daños,0,0,0,0,0,0,0,0,0,1,0,0,0,0,0,0,0,0,0,0,1,1
166610,10500001,-74.041430899,4.67450073200001,KR 7-CL 94 02,2019,Octubre,15,martes,12,0,Chapinero,Choque,Vehículo,N/A,Solo Daños,0,0,0,0,0,0,0,1,0,0,0,0,0,0,0,0,0,0,0,0,0,0
166611,10500002,-74.078287652,4.59091556099997,KR 6-CL 6 2,2019,Octubre,16,miércoles,0,50,Candelaria,Choque,Vehículo,N/A,Solo Daños,0,0,0,0,0,1,0,0,0,0,0,0,0,0,0,0,0,0,0,0,0,0
166612,10500003,-74.109121277,4.52897146499998,CL 68A-KR 1A SE 02,2019,Octubre,16,miércoles,15,10,Usme,Choque,Vehículo,N/A,Solo Daños,0,0,0,0,0,0,0,1,0,1,0,0,0,0,0,0,0,0,0,0,0,1
166613,10500004,-74.143328512,4.55286206900001,DG 65A-KR 18 S 02,2019,Octubre,15,martes,13,6,Ciudad Bolívar,Choque,Vehículo,N/A,Solo Daños,0,0,0,0,0,0,0,0,0,0,1,0,1,0,0,1,0,0,0,0,0,0
166614,10500375,-74.057214005,4.68739177499998,KR 45-CL 100 2,2019,Octubre,21,lunes,20,50,Usaquén,Otro,N/A,N/A,Con Heridos,0,0,0,0,0,0,0,0,0,0,1,0,1,1,0,0,0,1,0,0,0,0
166615,10500376,-74.092389106,4.743727675,CL 145-KR 101 2,2019,Octubre,20,domingo,14,59,Suba,Caida de ocupante,N/A,N/A,Con Heridos,0,0,0,0,0,0,0,0,0,0,1,0,1,1,0,0,0,1,0,0,0,0
166616,10500377,-74.0991639,4.74193736199999,CL 139-KR 106 2,2019,Octubre,21,lunes,16,20,Suba,Atropello,N/A,N/A,Con Heridos,0,0,0,0,0,0,1,0,0,0,0,0,0,0,0,0,0,0,0,0,0,0
166617,10500378,-74.160491222,4.57003682300001,KR 45-CL 70C S 02,2019,Octubre,21,lunes,9,25,Ciudad Bolívar,Atropello,N/A,N/A,Con Heridos,0,0,0,0,0,1,1,0,0,0,0,0,0,0,0,0,0,0,0,0,0,0
166618,10500379,-74.101454607,4.57766726300002,KR 12DBIS-CL 24 S 2,2019,Octubre,18,viernes,22,55,San Cristóbal,Volcamiento,N/A,N/A,Con Heridos,0,0,0,0,0,1,0,0,0,0,0,0,0,0,0,0,0,0,0,0,0,0
166619,10500380,-74.054000279,4.67785134299999,CL 93-KR 18 25,2019,Octubre,18,viernes,12,35,Chapinero,Choque,Vehículo,N/A,Solo Daños,0,0,0,0,0,0,0,1,0,0,0,0,0,0,0,0,0,0,0,0,0,0
166620,10500381,-74.151,4.68369999999999,CL 26-KR 113 02,2019,Octubre,21,lunes,10,40,Fontibón,Volcamiento,N/A,N/A,Con Heridos,0,0,0,0,0,0,0,0,0,0,0,0,0,0,0,0,0,0,0,0,0,0
166621,10500382,-74.042703759,4.77184770999997,KR 45-CL 192 02,2019,Octubre,19,sábado,11,10,Usaquén,Choque,Vehículo,N/A,Solo Daños,0,1,0,0,0,0,0,1,0,0,0,0,0,0,0,0,0,0,0,0,0,0
166622,10500383,-74.073961847,4.67864616100002,KR 58-CL 80 2,2019,Octubre,18,viernes,23,58,Barrios Unidos,Choque,Vehículo,N/A,Solo Daños,0,0,0,0,0,0,0,0,0,0,1,0,1,0,0,1,0,0,0,0,0,0
166623,10500384,-74.0745279,4.660049087,KR 28A-CL 66 2,2019,Octubre,20,domingo,6,50,Barrios Unidos,Choque,Vehículo,N/A,Solo Daños,0,0,0,0,0,0,0,0,0,1,0,0,0,0,0,0,0,0,0,0,0,1
166624,10500385,-74.178899135,4.63152873899998,KR 88C-CL 49A S 2,2019,Octubre,20,domingo,21,0,Bosa,Choque,Vehículo,N/A,Solo Daños,0,0,0,0,0,0,0,0,0,0,1,0,1,0,0,1,0,0,0,0,0,0
166625,10500386,-74.028135438,4.73723275100002,KR 8B-CL 161 02,2019,Octubre,19,sábado,21,10,Usaquén,Choque,Vehículo,N/A,Solo Daños,0,0,0,0,0,1,0,0,0,0,0,0,0,0,0,0,0,0,0,0,0,0
166626,10500387,-74.141001305,4.67681694999999,CL 22-KR 100 2,2019,Octubre,18,viernes,6,50,Fontibón,Choque,Vehículo,N/A,Solo Daños,0,0,0,0,0,0,0,0,0,0,1,0,1,0,1,0,0,0,0,0,1,0
166627,10500388,-74.105583164,4.66999432300003,CL 53-KR 71A 02,2019,Octubre,19,sábado,23,30,Engativá,Choque,Vehículo,N/A,Solo Daños,0,0,0,0,0,0,0,0,0,0,0,0,0,0,0,0,0,0,0,0,0,0
166628,10500389,-74.140000652,4.537490918,KR 17-CL 79 S 02,2019,Octubre,19,sábado,19,10,Ciudad Bolívar,Choque,Vehículo,N/A,Solo Daños,0,0,0,0,0,0,0,0,0,0,1,0,1,0,1,0,0,0,0,0,0,0
166629,10500390,N/A,N/A,KR 68-CL 56 2,2019,Octubre,20,domingo,15,55,Teusaquillo,Choque,Vehículo,N/A,Solo Daños,0,0,0,0,0,0,0,0,0,0,1,0,1,0,0,1,0,0,0,0,0,0
166630,10500391,-74.077526499,4.60322139499999,CL 14-KR 12 2,2019,Octubre,18,viernes,9,37,Santa Fe,Choque,Vehículo,N/A,Solo Daños,0,0,0,0,0,0,0,0,0,1,1,0,1,0,0,1,0,0,0,0,0,1
166631,10500392,-74.161255611,4.58850358400002,KR 70C-CL 63 S 2,2019,Octubre,20,domingo,15,15,Ciudad Bolívar,Choque,Vehículo,N/A,Solo Daños,0,0,0,0,0,0,0,0,0,0,1,0,1,0,0,1,0,0,0,0,1,0
166632,10500393,-74.140850588,4.57652667299999,AV AVENIDA BOYACA-KR 25 02,2019,Octubre,19,sábado,9,0,Tunjuelito,Choque,Vehículo,N/A,Solo Daños,0,0,0,0,0,0,0,1,0,1,0,0,0,0,0,0,0,0,0,0,0,1
166633,10500394,-74.130318408,4.68262879100001,KR 97-CL 24C 23,2019,Octubre,18,viernes,7,40,Fontibón,Choque,Vehículo,N/A,Solo Daños,0,1,0,0,0,0,0,0,0,0,0,0,0,0,0,0,0,0,0,0,0,0
166634,10500395,-74.093285489,4.63250527399998,CL 24A-KR 43A 02,2019,Octubre,19,sábado,7,3,Teusaquillo,Choque,Vehículo,N/A,Solo Daños,0,0,0,0,0,0,0,0,0,1,0,0,0,0,0,0,0,0,0,0,0,1
166635,10500396,-74.115770048,4.63973929600002,KR 68-CL 13 2,2019,Octubre,18,viernes,13,20,Puente Aranda,Choque,Vehículo,N/A,Solo Daños,0,0,0,0,0,1,0,0,0,0,0,0,0,0,0,0,0,0,0,0,0,0
166636,10500397,N/A,N/A,KR 85-CL 52 S 02,2019,Octubre,19,sábado,22,50,Kennedy,Choque,Vehículo,N/A,Solo Daños,0,0,0,0,0,0,0,0,0,0,0,0,0,0,0,0,0,0,0,0,0,0
166637,10500398,-74.109192407,4.58111589700002,CL 28-KR 20 S 2,2019,Octubre,19,sábado,0,19,San Cristóbal,Choque,Vehículo,N/A,Solo Daños,0,0,0,0,0,0,0,0,0,0,1,0,0,0,0,0,0,0,0,0,1,0
166638,10500399,-74.078833183,4.64142414499997,KR 30-CL 52 02,2019,Octubre,20,domingo,7,55,Teusaquillo,Choque,Vehículo,N/A,Solo Daños,0,0,0,0,0,0,0,1,0,0,0,0,0,0,0,0,0,0,0,0,0,0
166639,10500777,-74.111291643,4.63166472699999,CL 13-KR 58 54,2019,Octubre,24,jueves,6,11,Puente Aranda,Choque,Vehículo,N/A,Solo Daños,0,0,0,0,0,1,0,0,0,0,0,0,0,0,0,0,0,0,0,0,0,0
166640,10500778,-74.081074371,4.59512095299999,KR 10-CL 6 2,2019,Octubre,24,jueves,10,30,Santa Fe,Choque,Vehículo,N/A,Solo Daños,0,0,0,0,0,0,0,0,0,0,1,0,0,0,0,0,0,0,0,0,0,0
166641,10500779,-74.099999458,4.68063646799999,AV AVENIDA BOYACA-CL 66 30,2019,Octubre,24,jueves,0,26,Engativá,Choque,Vehículo,N/A,Solo Daños,0,0,1,0,0,0,0,0,0,0,0,0,0,0,0,0,0,0,0,0,0,0
166642,10500780,-74.139057517,4.5624186,AV AVENIDA BOYACA-CL 60 S 02,2019,Octubre,24,jueves,11,34,Ciudad Bolívar,Choque,Vehículo,N/A,Solo Daños,0,0,0,0,0,0,0,0,0,0,0,0,0,0,0,0,0,0,0,0,0,0
166643,10500781,-74.036294462,4.69645160099998,KR 11-CL 118 2,2019,Octubre,24,jueves,7,30,Usaquén,Choque,Vehículo,N/A,Solo Daños,0,0,0,0,0,0,0,0,0,0,0,0,0,0,0,0,0,0,0,0,0,0
166644,10500782,-74.062756121,4.733691308,KR 58-CL 147 02,2019,Octubre,24,jueves,9,50,Suba,Choque,Vehículo,N/A,Solo Daños,0,0,0,0,0,0,0,1,0,0,0,0,0,0,0,0,0,0,0,0,0,0
166645,10500783,-74.038045831,4.742269136,CL 163A-KR 16 2,2019,Octubre,24,jueves,11,10,Usaquén,Choque,Vehículo,N/A,Solo Daños,0,0,0,0,0,0,0,0,0,0,0,0,0,0,0,0,0,0,0,0,0,0
166646,10500784,-74.124908877,4.56203615099997,KR 12C-CL 51 S 2,2019,Octubre,24,jueves,7,30,Rafael Uribe Uribe,Choque,Vehículo,N/A,Solo Daños,0,1,0,0,0,0,0,0,0,0,1,0,0,0,0,0,0,0,0,0,0,0
166647,10500785,-74.075714955,4.63596540899999,CL 45C-KR 25 02,2019,Octubre,24,jueves,10,0,Teusaquillo,Choque,Vehículo,N/A,Solo Daños,0,0,0,0,0,0,0,0,0,0,0,0,0,0,0,0,0,0,0,0,0,0
166648,10500786,-74.142870379,4.65314051299998,KR 86-CL 12 2,2019,Octubre,24,jueves,4,0,Kennedy,Volcamiento,N/A,N/A,Solo Daños,0,0,0,0,0,0,0,0,0,0,0,0,0,0,0,0,0,0,0,0,0,0
166649,10500787,-74.126769497,4.56462740400002,CL 52-KR 13C S 2,2019,Octubre,24,jueves,23,10,Tunjuelito,Choque,Vehículo,N/A,Solo Daños,0,0,0,0,0,0,0,0,0,1,0,0,0,0,0,0,0,0,0,0,0,1
166650,10500788,-74.169197716,4.64269118099998,KR 91A-CL 38 S 02,2019,Octubre,24,jueves,7,3,Kennedy,Choque,Vehículo,N/A,Solo Daños,0,0,0,0,0,0,0,0,0,0,1,0,1,0,0,1,0,0,0,0,0,0
166651,10500789,-74.113545743,4.65766425300001,CL 24-KR 69D 2,2019,Octubre,24,jueves,22,50,Fontibón,Choque,Vehículo,N/A,Solo Daños,0,0,0,0,0,0,0,0,0,1,1,0,0,0,0,0,0,0,0,0,0,1
166652,10500790,-74.161430095,4.60980646600001,DG 44-KR 77W S 02,2019,Octubre,24,jueves,12,30,Kennedy,Choque,Vehículo,N/A,Solo Daños,0,1,0,0,0,0,0,0,0,0,0,0,0,0,0,0,0,0,0,0,0,0
166653,10500791,-74.032016392,4.71251664099998,CL 134-KR 7B 2,2019,Octubre,24,jueves,13,0,Usaquén,Choque,Vehículo,N/A,Solo Daños,0,0,0,0,0,0,0,0,0,1,0,0,0,0,0,0,0,0,0,0,0,1
166654,10500792,-74.099567972,4.64745945700002,AC 26-KR 60 2,2019,Octubre,24,jueves,21,30,Barrios Unidos,Choque,Vehículo,N/A,Solo Daños,0,0,0,0,0,0,0,0,0,0,0,0,0,0,0,0,0,0,0,0,1,0
166655,10500793,-74.052483533,4.705138385,CL 125-KR 21A 63,2019,Octubre,25,viernes,1,40,Usaquén,Choque,Vehículo,N/A,Solo Daños,0,0,0,0,0,0,0,0,0,0,0,0,0,0,0,0,0,0,0,0,0,0
166656,10500794,-74.053295102,4.71228344100001,KR 45-CL 128 2,2019,Octubre,24,jueves,20,40,Usaquén,Choque,Vehículo,N/A,Solo Daños,0,0,0,0,0,0,0,1,0,1,0,0,0,0,0,0,0,0,0,0,0,1
166657,10500796,-74.084151602,4.556174204,CL 32B-KR 9B SE 2,2019,Octubre,24,jueves,23,54,San Cristóbal,Choque,Vehículo,N/A,Solo Daños,0,0,0,0,0,0,0,0,0,1,1,0,1,0,0,1,0,0,0,0,0,1
166659,10500798,-74.119199968,4.532934619,KR 14-CL 65C S 2,2019,Octubre,24,jueves,23,7,Usme,Choque,Vehículo,N/A,Solo Daños,0,0,0,0,0,0,0,0,0,0,1,0,1,0,1,0,0,0,0,0,0,0
166660,10500799,-74.111255258,4.60158030999997,CL 9-KR 35A S 38,2019,Octubre,24,jueves,6,50,Puente Aranda,Choque,Objeto Fijo,Tren,Solo Daños,0,0,0,0,0,0,0,0,0,0,0,0,0,0,0,0,0,0,0,0,0,0
166661,10500800,-74.05132325,4.72408214000001,AK 45-CL 138 49,2019,Octubre,25,viernes,0,40,Usaquén,Choque,Objeto Fijo,Arbol,Con Heridos,0,0,0,0,0,1,0,0,0,0,0,0,0,0,0,0,0,0,0,0,0,0
166663,10501185,-74.105654598,4.69595418099999,AV AVENIDA CIUDAD DE CALI-CL 72 02,2019,Octubre,24,jueves,7,0,Engativá,Choque,Vehículo,N/A,Solo Daños,0,1,0,0,0,0,0,0,0,0,0,0,0,0,0,0,0,0,0,0,0,0
166664,10501186,-74.046500979,4.75160983299997,KR 45-CL 170 02,2019,Octubre,26,sábado,14,42,Usaquén,Choque,Vehículo,N/A,Solo Daños,0,1,0,0,0,0,0,0,0,0,0,0,0,0,0,0,0,0,0,0,0,0
166665,10501187,-74.076125053,4.68639996500002,AK 68-CL 95 2,2019,Octubre,27,domingo,19,45,Barrios Unidos,Choque,Vehículo,N/A,Solo Daños,0,0,0,0,0,1,0,0,0,0,0,0,0,0,0,0,0,0,0,0,0,0
166666,10501188,-74.087647368,4.67435908700003,KR 68-CL 67C 02,2019,Octubre,26,sábado,9,40,Barrios Unidos,Choque,Vehículo,N/A,Solo Daños,0,0,0,0,0,0,0,0,0,0,0,0,0,0,0,0,0,0,0,0,0,0
166667,10501189,-74.024227456,4.766990771,KR 4-CL 190 2,2019,Octubre,27,domingo,15,10,Usaquén,Choque,Vehículo,N/A,Solo Daños,0,0,1,0,0,0,0,0,0,1,0,0,0,0,0,0,0,0,0,0,0,1
166668,10501190,-74.09404082,4.64823264,CL 44-KR 58 02,2019,Octubre,26,sábado,11,55,Teusaquillo,Choque,Vehículo,N/A,Solo Daños,0,0,0,0,0,0,0,1,0,1,0,0,0,0,0,0,0,0,0,0,0,1
166669,10501191,-74.105073826,4.60566476100001,KR 32C-CL 2B 02,2019,Octubre,28,lunes,15,40,Puente Aranda,Choque,Objeto Fijo,Tren,Solo Daños,0,1,0,0,0,0,0,0,0,0,0,0,0,0,0,0,0,0,0,0,0,0
166670,10501192,-74.051644061,4.698849688,CL 116-KR 20 2,2019,Octubre,27,domingo,15,33,Usaquén,Choque,Vehículo,N/A,Solo Daños,0,0,0,0,0,0,0,0,0,0,0,0,0,0,0,0,0,0,0,0,0,0
166671,10501193,-74.066311536,4.64339702400002,CL 56-KR 14 40,2019,Octubre,26,sábado,10,0,Teusaquillo,Choque,Vehículo,N/A,Solo Daños,0,0,0,0,0,0,0,0,0,0,0,0,0,0,0,0,0,0,0,0,0,0
166672,10501194,-74.090978832,4.62559999299998,AV AVENIDA DE LAS AMERICAS-KR 36 02,2019,Octubre,28,lunes,8,30,Teusaquillo,Choque,Vehículo,N/A,Solo Daños,0,0,0,0,0,0,0,0,0,0,0,0,0,0,0,0,0,0,0,0,0,0
166673,10501195,-74.102138259,4.75110790000002,CL 147A-KR 114 2,2019,Octubre,27,domingo,14,40,Suba,Choque,Vehículo,N/A,Solo Daños,0,0,0,0,0,0,0,0,0,0,0,0,0,0,0,0,0,0,0,0,0,0
166674,10501196,-74.079872611,4.60371211500001,AK 14-CL 13 02,2019,Octubre,28,lunes,16,0,Los Mártires,Choque,Vehículo,N/A,Solo Daños,0,0,0,0,0,0,0,0,0,0,0,0,0,0,0,0,0,0,0,0,0,0
166675,10501197,-74.047475875,4.74697333,KR 45-CL 165 02,2019,Octubre,28,lunes,19,20,Usaquén,Choque,Vehículo,N/A,Solo Daños,0,0,0,0,0,0,0,0,0,1,0,0,0,0,0,0,0,0,0,0,0,1
166676,10501198,-74.069124035,4.672726501,AK 30-CL 79 02,2019,Octubre,28,lunes,10,40,Barrios Unidos,Choque,Vehículo,N/A,Solo Daños,0,0,0,0,0,0,0,0,0,0,0,0,0,0,0,0,0,0,0,0,0,0
166677,10501199,-74.126409213,4.67090020400002,AK 86-CL 23D 02,2019,Octubre,29,martes,6,50,Fontibón,Choque,Vehículo,N/A,Solo Daños,0,1,0,0,0,0,0,0,0,0,0,0,0,0,0,0,0,0,0,0,0,0
166678,10501200,-74.193583997,4.625178248,KR 88C-CL 63 S 02,2019,Octubre,29,martes,17,30,Bosa,Choque,Vehículo,N/A,Solo Daños,0,0,0,0,0,1,0,0,0,0,1,0,1,0,0,1,0,0,0,0,0,0
166679,10501201,-74.09338925,4.61237335700002,KR 30-CL 12 02,2019,Octubre,29,martes,8,0,Los Mártires,Choque,Vehículo,N/A,Solo Daños,0,0,0,0,0,1,0,0,0,0,0,0,0,0,0,0,0,0,0,0,0,0
166680,10501202,-74.0849,4.55349999999999,KR 9-CL 36G ES 2,2019,Octubre,27,domingo,7,50,San Cristóbal,Choque,Vehículo,N/A,Solo Daños,0,0,0,0,0,0,0,1,0,0,0,0,0,0,0,0,0,0,0,0,0,0
166681,10501203,-74.077332632,4.642433697,CL 53-KR 28 02,2019,Octubre,26,sábado,17,30,Teusaquillo,Choque,Vehículo,N/A,Solo Daños,0,1,0,0,0,0,0,1,0,0,0,0,0,0,0,0,0,0,0,0,0,0
166682,10501204,-74.089584801,4.616795465,KR 30-CL 18 02,2019,Octubre,29,martes,15,45,Los Mártires,Choque,Vehículo,N/A,Solo Daños,0,0,0,0,0,1,0,0,0,0,0,0,0,0,0,0,0,0,0,0,0,0
166683,10501205,-74.081074371,4.59512095299999,KR 10-CL 6 2,2019,Octubre,27,domingo,20,45,Santa Fe,Choque,Vehículo,N/A,Solo Daños,0,0,0,0,0,0,0,1,0,1,0,0,0,0,0,0,0,0,0,0,0,1
166684,10501206,-74.120317332,4.53369423700002,AV AVENIDA CARACAS-CL 65 S 02,2019,Octubre,26,sábado,14,0,Usme,Choque,Vehículo,N/A,Solo Daños,0,0,0,0,0,0,0,0,0,0,1,0,1,1,0,0,0,1,0,0,0,0
166685,10501207,-74.067866699,4.69426540000001,TR 60-CL 106B 02,2019,Octubre,29,martes,15,10,Suba,Choque,Vehículo,N/A,Solo Daños,0,0,0,0,0,0,0,1,0,0,1,0,0,0,0,0,0,0,0,0,0,0
166686,10501208,-74.158259699,4.63900921700002,AK 86-CL 1B 02,2019,Octubre,26,sábado,9,21,Kennedy,Choque,Vehículo,N/A,Solo Daños,0,0,0,0,0,0,0,0,0,0,0,0,0,0,0,0,0,0,0,0,0,0
166687,10501209,-74.084159562,4.57893203200001,KR 5-CL 9 S 2,2019,Octubre,27,domingo,10,53,San Cristóbal,Choque,Vehículo,N/A,Solo Daños,0,0,0,0,0,0,0,0,0,1,0,0,0,0,0,0,0,0,0,0,0,1
166688,10501210,-74.091607766,4.68727289600002,KR 70F-CL 73A 02,2019,Octubre,29,martes,20,0,Engativá,Choque,Vehículo,N/A,Solo Daños,0,0,0,0,0,0,0,0,0,0,0,0,0,0,0,0,0,0,0,0,0,0
166689,10501583,-74.120879367,4.696505527,KR 98A-CL 65 02,2019,Octubre,1,martes,11,3,Engativá,Choque,Vehículo,N/A,Solo Daños,0,0,0,0,0,1,0,1,0,1,0,0,0,0,0,0,0,0,0,0,0,1
166698,10501592,-74.041775053,4.778160254,KR 45-CL 200 2,2019,Octubre,30,miércoles,8,50,Usaquén,Choque,Vehículo,N/A,Solo Daños,0,0,0,0,0,1,0,0,0,0,0,0,0,0,0,0,0,0,0,0,0,0
166720,10501967,N/A,N/A,KR 7-CL 136 2,2019,Octubre,31,jueves,6,45,Usaquén,Choque,Vehículo,N/A,Solo Daños,0,0,0,0,0,0,0,1,0,0,0,0,0,0,0,0,0,0,0,0,0,0
166745,10502355,-74.105637088,4.701703092,KR 89A-CL 75B 2,2019,Octubre,26,sábado,8,50,Engativá,Choque,Vehículo,N/A,Con Heridos,0,0,0,0,0,1,0,0,0,1,0,0,0,0,0,0,0,0,0,0,0,1
166752,10502362,-74.060548423,4.70806711199998,CL 127-KR 52A 2,2019,Octubre,26,sábado,8,26,Suba,Choque,Vehículo,N/A,Con Heridos,0,0,0,0,0,1,0,0,0,0,0,0,0,0,0,0,0,0,0,0,0,0
166908,10498830,N/A,N/A,KR 78-CL 31 52,2019,Octubre,3,jueves,9,33,Kennedy,Choque,Vehículo,N/A,Solo Daños,0,0,0,0,0,0,0,0,0,0,1,0,1,0,0,1,0,0,0,0,0,0
166909,10498831,-74.06048025,4.75669107800002,CL 170-KR 65 02,2019,Octubre,3,jueves,5,40,Suba,Choque,Objeto Fijo,Tren,Solo Daños,0,1,0,0,0,0,0,1,0,0,0,0,0,0,0,0,0,0,0,0,0,0
166910,10498832,-74.127250368,4.64984566800001,CL 13-KR 72 2,2019,Octubre,3,jueves,21,30,Fontibón,Choque,Vehículo,N/A,Solo Daños,0,1,0,0,0,0,0,0,0,0,0,0,0,0,0,0,0,0,0,0,0,0
166911,10498833,-74.054506813,4.75554564800001,CL 173-KR 55 02,2019,Octubre,3,jueves,8,30,Suba,Choque,Vehículo,N/A,Solo Daños,0,0,0,0,0,0,0,0,0,0,1,0,0,0,0,0,0,0,0,0,1,0
166912,10498834,-74.128709778,4.56247333200002,CL 55A-KR 13A S 11,2019,Octubre,3,jueves,9,30,Tunjuelito,Choque,Vehículo,N/A,Solo Daños,0,1,0,0,0,0,0,1,0,0,0,0,0,0,0,0,0,0,0,0,0,0
166913,10498835,-74.181023374,4.609348517,CL 59-KR 80 S 02,2019,Octubre,3,jueves,21,20,Bosa,Choque,Vehículo,N/A,Solo Daños,0,0,0,0,0,0,0,0,0,0,1,0,1,0,0,1,0,0,0,0,0,0
166914,10498836,-74.138323845,4.63039845200001,AV AVENIDA DE LAS AMERICAS-KR 72 02,2019,Octubre,3,jueves,22,40,Kennedy,Choque,Vehículo,N/A,Solo Daños,0,0,0,0,0,0,0,0,0,1,0,0,0,0,0,0,0,0,0,0,0,1
166915,10498837,-74.08592734,4.62124985000003,KR 30-CL 22 02,2019,Octubre,4,viernes,9,40,Puente Aranda,Choque,Vehículo,N/A,Solo Daños,0,0,0,0,0,0,0,1,0,1,0,0,0,0,0,0,0,0,0,0,0,1
166916,10498838,-74.122783939,4.55844344799999,CL 51-KR 10 S 2,2019,Octubre,2,miércoles,11,30,Tunjuelito,Choque,Vehículo,N/A,Solo Daños,0,0,0,0,0,0,0,0,0,1,1,0,1,1,0,0,0,0,0,1,0,1
166917,10498839,-74.154687071,4.64496968100002,KR 87A-CL 6A 02,2019,Octubre,4,viernes,18,20,Kennedy,Choque,Vehículo,N/A,Solo Daños,0,1,0,0,0,0,0,0,0,0,0,0,0,0,0,0,0,0,0,0,0,0
166918,10498840,-74.093354531,4.57729623099999,KR 10-CL 18 S 2,2019,Octubre,3,jueves,15,30,Antonio Nariño,Choque,Vehículo,N/A,Solo Daños,0,0,0,0,0,1,0,1,0,0,0,0,0,0,0,0,0,0,0,0,0,0
166920,10498842,-74.03229359,4.72143530099999,KR 9-CL 144 2,2019,Octubre,4,viernes,10,30,Usaquén,Choque,Vehículo,N/A,Solo Daños,0,0,0,0,0,1,0,0,0,0,0,0,0,0,0,0,0,0,0,0,0,0
166921,10498843,-74.080774593,4.64304714399998,CL 53-KR 36 02,2019,Octubre,4,viernes,14,0,Teusaquillo,Choque,Vehículo,N/A,Solo Daños,0,0,0,0,0,0,0,0,0,0,1,0,1,0,0,0,1,0,0,0,0,0
166922,10498844,-74.117709425,4.714075729,KR 107-DG 78D 2,2019,Octubre,4,viernes,16,56,Engativá,Choque,Vehículo,N/A,Solo Daños,0,0,0,0,0,0,0,0,0,0,1,0,1,0,0,1,0,0,0,0,0,0
166923,10498845,-74.081153327,4.70157248599998,AV AVENIDA BOYACA-CL 116 02,2019,Octubre,4,viernes,13,40,Suba,Choque,Vehículo,N/A,Solo Daños,0,0,0,0,0,0,0,0,0,1,0,0,0,0,0,0,0,0,0,0,0,1
166924,10498846,-74.103826689,4.66851601899998,KR 70-CL 53 2,2019,Octubre,4,viernes,11,15,Engativá,Choque,Vehículo,N/A,Solo Daños,0,0,0,0,0,0,0,1,0,0,0,0,0,0,0,0,0,0,0,0,0,0
166925,10498847,-74.110626184,4.66727389099998,AV AVENIDA BOYACA-CL 48 02,2019,Octubre,4,viernes,18,15,Engativá,Choque,Vehículo,N/A,Solo Daños,0,0,0,0,0,0,0,0,0,0,1,0,0,0,0,0,0,0,0,0,0,0
166926,10498848,-74.1065,4.745,TR 127-AC 139 2,2019,Octubre,4,viernes,11,45,Suba,Choque,Vehículo,N/A,Solo Daños,0,0,0,0,0,0,0,0,0,1,0,0,0,0,0,0,0,0,0,0,0,1
166927,10498849,-74.1263,4.649,KR 72-CL 13 02,2019,Octubre,4,viernes,16,20,Fontibón,Choque,Vehículo,N/A,Solo Daños,0,0,0,0,0,0,0,0,0,0,0,0,0,0,0,0,0,0,0,0,0,0
166928,10498850,-74.06979547,4.72764847100001,AV AVENIDA BOYACA-CL 136 02,2019,Octubre,4,viernes,21,0,Suba,Choque,Vehículo,N/A,Solo Daños,0,0,0,0,0,0,0,0,0,0,0,0,0,0,0,0,0,0,0,0,0,0
166929,10498851,-74.029992204,4.72995814799998,CL 153-KR 8 2,2019,Octubre,2,miércoles,21,15,Usaquén,Choque,Vehículo,N/A,Con Heridos,1,0,0,0,0,0,0,1,0,0,0,0,0,0,0,0,0,0,0,0,0,0
166930,10498852,-74.103737796,4.69954813200002,KR 86-CL 75 02,2019,Octubre,4,viernes,7,18,Engativá,Choque,Vehículo,N/A,Con Heridos,1,0,0,0,0,1,0,0,0,0,0,0,0,0,0,0,0,0,0,0,0,0
166931,10498853,-74.135083405,4.70276650199997,CL 63-KR 112 2,2019,Octubre,3,jueves,20,0,Engativá,Choque,Vehículo,N/A,Con Heridos,0,0,0,0,0,1,0,0,0,0,0,0,0,0,0,0,0,0,0,0,0,0
166932,10499219,-74.141221738,4.68223869899998,CL 23-KR 104B 2,2019,Octubre,7,lunes,15,45,Fontibón,Choque,Vehículo,N/A,Con Heridos,0,0,0,0,0,1,0,0,0,0,0,0,0,0,0,0,0,0,0,0,0,0
166933,10499220,-74.126324813,4.60648838899999,AV AVENIDA PRIMERA DE MAYO-KR 52A 02,2019,Octubre,8,martes,11,30,Puente Aranda,Choque,Vehículo,N/A,Con Heridos,0,0,0,0,0,0,0,1,0,1,1,0,1,0,0,1,0,0,0,0,0,1
166934,10499221,N/A,N/A,TR 23-CL 23 02,2019,Octubre,5,sábado,13,0,Rafael Uribe Uribe,Choque,Vehículo,N/A,Con Heridos,0,0,0,0,0,1,0,0,0,0,0,0,0,0,0,0,0,0,0,0,0,0
166935,10499222,-74.039097306,4.79755974900002,AK 45-CL 222 2,2019,Octubre,6,domingo,20,20,Usaquén,Choque,Vehículo,N/A,Solo Daños,0,0,0,0,0,0,0,0,0,0,0,0,0,0,0,0,0,0,0,0,0,0
166936,10499223,-74.126418277,4.69772153600002,KR 105C-CL 64B 02,2019,Octubre,8,martes,6,23,Engativá,Choque,Vehículo,N/A,Con Heridos,0,0,0,0,0,1,0,0,0,1,0,0,0,0,0,0,0,0,0,0,0,1
166937,10499224,-74.077722097,4.66565844100001,CL 68-KR 52 2,2019,Octubre,6,domingo,21,30,Barrios Unidos,Choque,Vehículo,N/A,Solo Daños,0,0,0,0,0,1,0,0,0,0,0,0,0,0,0,0,0,0,0,0,0,0
166938,10499225,-74.084514058,4.645557166,CL 53-KR 45 2,2019,Octubre,7,lunes,14,30,Teusaquillo,Choque,Vehículo,N/A,Solo Daños,0,0,0,0,0,0,0,1,0,0,0,0,0,0,0,0,0,0,0,0,0,0
166939,10499226,-74.132449261,4.58263869199999,CL 48C-KR 28 S 2,2019,Octubre,5,sábado,10,30,Tunjuelito,Choque,Vehículo,N/A,Con Heridos,0,0,0,0,1,1,0,0,0,0,1,0,0,0,0,0,0,0,0,0,0,0
166940,10499227,-74.081140367,4.627151357,KR 30-CL 26 02,2019,Octubre,7,lunes,21,10,Teusaquillo,Choque,Vehículo,N/A,Con Heridos,0,0,0,0,0,1,0,0,0,0,0,0,0,0,0,0,0,0,0,0,0,0
166941,10499228,-74.041905775,4.780118093,KR 45-CL 205 2,2019,Octubre,7,lunes,16,30,Usaquén,Choque,Vehículo,N/A,Con Heridos,0,0,0,0,0,1,0,0,0,0,0,0,0,0,0,0,0,0,0,0,0,0
166942,10499229,-74.111558972,4.670661951,KR 73A-CL 49A 2,2019,Octubre,7,lunes,16,30,Engativá,Choque,Vehículo,N/A,Solo Daños,0,0,0,0,0,1,0,1,0,1,0,0,0,0,0,0,0,0,0,0,0,1
166943,10499230,-74.056938582,4.65585257700002,CL 72-KR 7 96,2019,Octubre,7,lunes,19,10,Chapinero,Choque,Vehículo,N/A,Solo Daños,0,0,0,0,0,0,0,0,0,0,0,0,0,0,0,0,0,0,0,0,0,0
166944,10499231,-74.065767472,4.66529434,KR 24-CL 74A 02,2019,Octubre,8,martes,19,0,Barrios Unidos,Choque,Vehículo,N/A,Con Heridos,0,0,0,0,0,1,0,0,0,0,0,0,0,0,0,0,0,0,0,0,0,0
166945,10499232,-74.09874962,4.72445846099998,AV AVENIDA CIUDAD DE CALI-CL 97 2,2019,Octubre,7,lunes,2,9,Suba,Choque,Vehículo,N/A,Solo Daños,0,0,0,0,0,0,0,0,0,1,0,0,0,0,0,0,0,0,0,0,0,1
166946,10499233,-74.161209176,4.61184177400003,AV AVENIDA CIUDAD DE VILLAVICENCIO-KR 78 02,2019,Octubre,8,martes,21,11,Kennedy,Choque,Vehículo,N/A,Con Heridos,0,0,0,0,0,1,0,0,0,0,0,0,0,0,0,0,0,0,0,0,0,0
166947,10499234,-74.055822115,4.70726018900001,CL 127-KR 46 2,2019,Octubre,6,domingo,13,35,Suba,Choque,Vehículo,N/A,Con Heridos,1,0,0,0,0,1,0,0,0,0,0,0,0,0,0,0,0,0,0,0,0,0
166948,10499235,-74.111439603,4.70941869699999,AC 80-KR 99 2,2019,Octubre,6,domingo,11,45,Engativá,Choque,Vehículo,N/A,Solo Daños,0,0,0,0,0,0,0,0,0,0,0,0,0,0,0,0,0,0,0,0,0,0
166949,10499236,-74.122043795,4.57105732700001,DG 45A-TR 13I S 2,2019,Octubre,5,sábado,11,20,Rafael Uribe Uribe,Choque,Vehículo,N/A,Con Heridos,1,0,0,0,0,0,0,0,0,0,0,0,0,0,0,0,0,0,0,0,0,0
166950,10499237,-74.184639099,4.621228524,KR 86A-CL 57B S 02,2019,Octubre,8,martes,7,30,Bosa,Choque,Vehículo,N/A,Con Heridos,1,0,0,0,1,0,0,0,0,0,0,0,0,0,0,0,0,0,0,0,0,0
166951,10499238,-74.0876,4.54840000000002,KR 8B-CL 41 ES 2,2019,Octubre,8,martes,19,45,San Cristóbal,Choque,Vehículo,N/A,Con Heridos,0,0,0,0,0,1,0,0,0,0,0,0,0,0,0,0,0,0,0,0,0,0
166952,10499239,-74.115770048,4.63973929600002,KR 68-CL 13 2,2019,Octubre,8,martes,7,20,Fontibón,Choque,Objeto Fijo,Semaforo,Con Heridos,0,0,0,0,0,1,0,0,0,0,0,0,0,0,0,0,0,0,0,0,0,0
166953,10499240,-74.154088995,4.67785272499998,DG 16-KR 111A 2,2019,Octubre,8,martes,8,6,Fontibón,Choque,Vehículo,N/A,Con Heridos,0,1,0,0,0,1,0,0,0,0,0,0,0,0,0,0,0,0,0,0,0,0
166954,10499241,-74.083487989,4.65296610000001,KR 50-CL 63 02,2019,Octubre,7,lunes,13,30,Teusaquillo,Choque,Vehículo,N/A,Con Heridos,1,0,0,0,0,0,0,0,0,0,0,0,0,0,0,0,0,0,0,0,0,0
166955,10499242,-74.0832142,4.60677368799998,CL 13-KR 17 2,2019,Octubre,8,martes,6,49,Los Mártires,Choque,Vehículo,N/A,Con Heridos,0,0,0,0,0,0,0,0,0,0,1,0,1,1,0,0,0,1,0,0,0,0
166956,10499243,-74.152816379,4.61719998699999,AV AVENIDA PRIMERA DE MAYO-CL 40 S 02,2019,Octubre,8,martes,22,35,Kennedy,Choque,Vehículo,N/A,Con Heridos,0,0,0,0,0,0,0,1,0,1,0,0,0,0,0,0,0,0,0,0,0,1
166957,10499616,-74.126603148,4.56650563699998,CL 51-KR 13F S 29,2019,Octubre,12,sábado,2,0,Tunjuelito,Choque,Vehículo,N/A,Con Heridos,0,0,1,0,0,1,0,0,0,1,0,0,0,0,0,0,0,0,0,0,0,1
166958,10499617,-74.10558885,4.59069885500003,CL 17-KR 25 S 02,2019,Octubre,12,sábado,16,51,Antonio Nariño,Choque,Objeto Fijo,Semaforo,Con Heridos,0,0,0,0,0,0,0,1,0,1,0,0,0,0,0,0,0,0,0,0,0,1
166959,10499618,-74.079036904,4.638748991,AK 30-CL 49 02,2019,Octubre,13,domingo,6,10,Teusaquillo,Choque,Vehículo,N/A,Con Heridos,0,0,0,0,0,1,0,0,0,0,0,0,0,0,0,0,0,0,0,0,0,0
166960,10499619,-74.16212387,4.59944871300002,KR 71B-CL 57B S 02,2019,Octubre,12,sábado,14,15,Bosa,Choque,Vehículo,N/A,Con Heridos,0,0,0,0,0,1,0,0,0,0,0,0,0,0,0,0,0,0,0,0,0,0
166961,10499620,-74.086109196,4.56927874899998,CL 22-KR 2 SE 2,2019,Octubre,12,sábado,17,20,San Cristóbal,Choque,Vehículo,N/A,Con Heridos,0,0,0,0,0,1,0,0,0,1,0,0,0,0,0,0,0,0,0,0,0,1
166962,10499621,-74.071136111,4.66012841399998,CL 68-KR 27 02,2019,Octubre,13,domingo,15,9,Barrios Unidos,Choque,Vehículo,N/A,Con Heridos,0,0,0,0,0,1,0,0,0,0,0,0,0,0,0,0,0,0,0,0,0,0
166963,10499622,-74.137368355,4.63553958199998,AV AVENIDA BOYACA-CL 7C 65,2019,Octubre,12,sábado,8,20,Kennedy,Choque,Vehículo,N/A,Con Heridos,0,0,0,0,0,1,0,0,0,0,0,0,0,0,0,0,0,0,0,0,0,0
166964,10499623,-74.074411969,4.61978158199997,KR 19-CL 29 02,2019,Octubre,13,domingo,16,50,Teusaquillo,Choque,Vehículo,N/A,Con Heridos,0,0,0,0,0,1,0,0,0,1,0,0,0,0,0,0,0,0,0,0,0,1
166965,10499624,-74.081449152,4.57448068500003,CL 11-KR 1A SE 02,2019,Octubre,12,sábado,6,50,San Cristóbal,Choque,Vehículo,N/A,Con Heridos,0,0,0,0,0,1,0,0,0,0,0,0,0,0,0,0,0,0,0,0,0,0
166966,10499625,-74.144914247,4.56779556999999,AV AVENIDA CIUDAD DE VILLAVICENCIO-KR 22B 02,2019,Octubre,12,sábado,6,42,Ciudad Bolívar,Choque,Vehículo,N/A,Con Heridos,0,0,0,0,0,1,0,0,0,0,1,0,0,0,0,0,0,0,0,0,1,0
166967,10499626,-74.1514,4.64490000000001,KR 86-CL 7C 2,2019,Octubre,13,domingo,19,22,Kennedy,Choque,Vehículo,N/A,Con Heridos,0,0,0,0,0,1,0,0,0,0,0,0,0,0,0,0,0,0,0,0,0,0
166968,10499627,-74.167896825,4.62423079899997,AV AVENIDA CIUDAD DE VILLAVICENCIO-KR 81B 02,2019,Octubre,14,lunes,7,30,Kennedy,Choque,Vehículo,N/A,Con Heridos,0,0,1,0,0,1,0,0,0,0,1,0,1,0,0,1,0,0,0,0,0,0
166969,10499628,-74.15856187,4.58283247600002,CL 68-KR 51 S 2,2019,Octubre,13,domingo,21,50,Ciudad Bolívar,Choque,Vehículo,N/A,Con Heridos,0,0,0,0,0,1,0,0,0,0,0,0,0,0,0,0,0,0,0,0,0,0
166970,10499629,-74.146974051,4.569216036,AV AVENIDA CUIDAD DE VILLAVICENCIO-KR 23 02,2019,Octubre,11,viernes,12,0,Ciudad Bolívar,Choque,Vehículo,N/A,Con Heridos,0,1,0,0,0,1,0,0,0,0,0,0,0,0,0,0,0,0,0,0,0,0
166971,10499630,-74.057697866,4.62308101000002,AV AVENIDA CIRCUNVALAR-CL 38 12,2019,Octubre,12,sábado,14,22,Santa Fe,Choque,Vehículo,N/A,Con Heridos,0,0,0,0,0,1,0,0,0,0,0,0,0,0,0,0,0,0,0,0,0,0
166972,10499631,-74.197291901,4.61689870200001,AV AVENIDA CIUDAD DE CALI-CL 73B S 02,2019,Octubre,12,sábado,1,50,Bosa,Choque,Vehículo,N/A,Con Heridos,0,0,0,0,0,1,0,0,0,0,0,0,0,0,0,0,0,0,0,0,0,0
166973,10499632,-74.15802049,4.602029673,CL 53R-KR 67 S 80,2019,Octubre,13,domingo,8,40,Bosa,Choque,Vehículo,N/A,Con Heridos,0,0,0,0,0,1,0,0,0,0,0,0,0,0,0,0,0,0,0,0,0,0
166974,10499633,-74.110051425,4.71620277,CL 83-KR 103 02,2019,Octubre,13,domingo,19,35,Engativá,Choque,Vehículo,N/A,Con Heridos,0,0,0,0,0,0,0,0,0,1,0,0,0,0,0,0,0,0,0,0,0,1
166975,10499634,-74.123391112,4.57463576499998,AV AVENIDA CARACAS-CL 44 S 2,2019,Octubre,12,sábado,17,6,Rafael Uribe Uribe,Choque,Vehículo,N/A,Con Heridos,0,0,0,0,0,0,0,1,0,1,1,0,1,1,0,0,0,1,0,0,0,1
166976,10499635,-74.145926195,4.64571468100002,CL 8D-KR 81B 02,2019,Octubre,12,sábado,8,55,Kennedy,Choque,Vehículo,N/A,Con Heridos,0,0,0,0,0,1,0,0,0,0,0,0,0,0,0,0,0,0,0,0,0,0
166977,10499636,-74.139391497,4.630430703,AV AVENIDA DE LAS AMERICAS-KR 72B 02,2019,Octubre,13,domingo,14,30,Kennedy,Choque,Vehículo,N/A,Con Heridos,0,0,0,0,0,1,0,0,0,0,0,0,0,0,0,0,0,0,0,0,0,0
166978,10499637,-74.022987681,4.73763075900001,KR 7-CL 163 2,2019,Octubre,12,sábado,9,59,Usaquén,Choque,Vehículo,N/A,Con Heridos,0,0,0,0,0,1,0,0,0,0,1,0,1,0,0,1,0,0,0,0,0,0
166979,10499638,-74.063998547,4.66082156099998,KR 19-CL 72 02,2019,Octubre,11,viernes,22,20,Barrios Unidos,Choque,Vehículo,N/A,Solo Daños,0,0,0,0,0,1,0,0,0,0,0,0,0,0,0,0,0,0,0,0,0,0
166980,10499639,-74.110770002,4.51069767000001,CL 78-KR 8B S 02,2019,Octubre,14,lunes,17,0,Usme,Choque,Vehículo,N/A,Con Heridos,1,0,0,0,1,0,0,0,0,1,0,0,0,0,0,0,0,0,0,0,0,1
166981,10500005,-74.106633357,4.74507840699999,KR 118-CL 139 2,2019,Octubre,15,martes,23,50,Suba,Choque,Vehículo,N/A,Solo Daños,0,0,0,0,0,0,0,0,0,0,0,0,0,0,0,0,0,0,0,0,0,0
166982,10500006,-74.110637372,4.70820731499998,CL 80-KR 98 02,2019,Octubre,16,miércoles,19,27,Engativá,Choque,Vehículo,N/A,Solo Daños,0,0,0,0,0,0,0,0,0,0,1,0,1,0,1,0,0,0,0,0,0,0
166983,10500007,-74.0842,4.5591,KR 9-CL 30A ES 2,2019,Octubre,15,martes,16,0,San Cristóbal,Choque,Vehículo,N/A,Solo Daños,0,0,0,0,0,1,0,0,0,0,0,0,0,0,0,0,0,0,0,0,0,0
166984,10500008,-74.059731824,4.655810336,KR 11-CL 70A 18,2019,Octubre,15,martes,13,0,Chapinero,Choque,Vehículo,N/A,Solo Daños,0,0,0,0,0,0,0,1,0,1,0,0,0,0,0,0,0,0,0,0,0,1
166985,10500009,-74.113255075,4.68543718400002,AK 86-CL 64B 02,2019,Octubre,16,miércoles,13,50,Engativá,Choque,Vehículo,N/A,Solo Daños,0,0,0,0,0,0,0,0,0,0,1,0,1,0,0,1,0,0,0,0,0,0
166986,10500010,-74.112411142,4.667659474,CL 26-KR 72 2,2019,Octubre,15,martes,17,20,Fontibón,Choque,Vehículo,N/A,Solo Daños,0,0,0,0,0,0,0,0,0,0,0,0,0,0,0,0,0,0,0,0,0,0
166987,10500011,-74.065574481,4.63724024700002,KR 13-CL 50 02,2019,Octubre,15,martes,7,30,Chapinero,Choque,Vehículo,N/A,Solo Daños,0,0,0,0,0,0,0,0,0,1,0,0,0,0,0,0,0,0,0,0,0,1
166988,10500012,-74.125045852,4.69649608899999,CL 64B-KR 104 2,2019,Octubre,16,miércoles,17,8,Engativá,Choque,Vehículo,N/A,Solo Daños,0,0,0,0,0,0,0,0,0,0,0,0,0,0,0,0,0,0,0,0,0,0
166989,10500013,-74.048628064,4.68500051799998,CL 100-KR 15 02,2019,Octubre,16,miércoles,20,35,Usaquén,Choque,Vehículo,N/A,Solo Daños,0,0,0,0,0,0,0,0,0,1,0,0,0,0,0,0,0,0,0,0,0,1
166990,10500014,-74.16212387,4.59944871300002,KR 71B-CL 57B S 02,2019,Octubre,15,martes,7,20,Bosa,Choque,Vehículo,N/A,Solo Daños,0,0,0,0,0,0,0,0,0,0,1,0,0,0,0,0,0,0,0,0,0,0
166991,10500015,-74.111500079,4.51237684500001,CL 76A-KR 8B S 02,2019,Octubre,16,miércoles,14,30,Usme,Choque,Vehículo,N/A,Solo Daños,0,0,0,0,0,1,0,0,0,0,0,0,0,0,0,0,0,0,0,0,0,0
166992,10500016,-74.137721823,4.707136865,KR 113-CL 64C 2,2019,Octubre,16,miércoles,14,30,Engativá,Choque,Objeto Fijo,Semaforo,Solo Daños,0,1,0,0,0,0,0,0,0,0,0,0,0,0,0,0,0,0,0,0,0,0
166993,10500017,-74.089325173,4.67189324100002,KR 68-CL 64C 02,2019,Octubre,16,miércoles,8,7,Barrios Unidos,Choque,Vehículo,N/A,Solo Daños,0,0,0,0,0,1,0,0,0,0,0,0,0,0,0,0,0,0,0,0,0,0
166994,10500018,-74.059208913,4.68722113699999,CL 100-KR 47 02,2019,Octubre,16,miércoles,14,30,Barrios Unidos,Choque,Vehículo,N/A,Solo Daños,0,1,0,0,0,0,0,0,0,0,0,0,0,0,0,0,0,0,0,0,0,0
166995,10500019,-74.137526704,4.63370277799999,AV AVENIDA BOYACA-CL 7ABIS 2,2019,Octubre,16,miércoles,16,0,Kennedy,Choque,Vehículo,N/A,Solo Daños,0,0,0,0,0,0,0,0,0,0,1,0,0,0,0,0,0,0,0,0,0,0
166996,10500020,-74.040517017,4.77215460000002,CL 194-KR 20 02,2019,Octubre,16,miércoles,16,30,Usaquén,Choque,Vehículo,N/A,Solo Daños,0,0,0,0,0,0,0,0,0,1,0,0,0,0,0,0,0,0,0,0,0,1
166997,10500021,-74.122210745,4.72536313900002,CL 80A-KR 116 02,2019,Octubre,16,miércoles,10,0,Engativá,Choque,Vehículo,N/A,Solo Daños,0,0,0,0,0,0,0,0,0,0,0,0,0,0,0,0,0,0,0,0,0,0
166998,10500022,-74.153787492,4.63542272400002,AV AVENIDA DE LAS AMERICAS-KR 80 2,2019,Octubre,16,miércoles,15,22,Kennedy,Choque,Vehículo,N/A,Solo Daños,0,0,0,0,0,0,0,0,0,0,0,0,0,0,0,0,0,0,0,0,0,0
166999,10500023,-74.137515654,4.55523346799998,AV AVENIDA BOYACA-CL 64 S 02,2019,Octubre,16,miércoles,13,30,Ciudad Bolívar,Choque,Vehículo,N/A,Solo Daños,0,0,0,0,0,0,0,0,0,1,1,0,0,0,0,0,0,0,0,0,1,1
167000,10500024,-74.089322712,4.60500304700003,KR 21-CL 9BIS 02,2019,Octubre,16,miércoles,12,25,Los Mártires,Choque,Vehículo,N/A,Solo Daños,0,0,0,0,0,0,0,0,0,0,0,0,0,0,0,0,0,0,0,0,0,0
167001,10500025,-74.092090874,4.754266298,AV AVENIDA CIUDAD DE CALI-CL 163 2,2019,Octubre,16,miércoles,17,20,Suba,Choque,Vehículo,N/A,Solo Daños,0,0,0,0,0,1,0,0,0,0,0,0,0,0,0,0,0,0,0,0,0,0
167002,10500026,-74.120046866,4.67864552200001,AV AVENIDA CIUDAD DE CALI-CL 26 02,2019,Octubre,16,miércoles,16,44,Fontibón,Choque,Vehículo,N/A,Solo Daños,0,1,0,0,0,0,0,0,0,0,0,0,0,0,0,0,0,0,0,0,0,0
167003,10500027,-74.118679836,4.62707388000001,KR 64-CL 5A 34,2019,Octubre,16,miércoles,11,27,Puente Aranda,Choque,Vehículo,N/A,Solo Daños,0,0,0,0,0,1,0,0,0,1,0,0,0,0,0,0,0,0,0,0,0,1
167005,10500400,-74.108722672,4.66951871800001,AV AVENIDA BOYACA-CL 51 2,2019,Octubre,19,sábado,15,0,Engativá,Choque,Vehículo,N/A,Solo Daños,0,0,0,0,0,0,0,0,0,0,1,0,0,0,0,0,0,0,0,0,0,0
167006,10500401,-74.042001467,4.77659933899997,CL 198-KR 45 2,2019,Octubre,20,domingo,12,40,Usaquén,Choque,Vehículo,N/A,Solo Daños,0,0,0,0,0,0,0,0,0,0,0,0,0,0,0,0,0,0,0,0,0,0
167007,10500402,-74.043381034,4.767663959,AK 45-CL 190 2,2019,Octubre,20,domingo,8,0,Usaquén,Choque,Vehículo,N/A,Solo Daños,0,1,0,0,0,0,0,0,0,0,0,0,0,0,0,0,0,0,0,0,0,0
167008,10500403,-74.100835836,4.60774761800002,CL 5C-KR 31C 02,2019,Octubre,20,domingo,13,50,Puente Aranda,Choque,Vehículo,N/A,Solo Daños,0,0,1,0,0,0,0,0,0,0,0,0,0,0,0,0,0,0,0,0,0,0
167009,10500404,-74.079173474,4.63674000100002,KR 30-CL 46A 2,2019,Octubre,19,sábado,9,0,Teusaquillo,Choque,Vehículo,N/A,Solo Daños,0,0,0,0,0,0,0,0,0,1,0,0,0,0,0,0,0,0,0,0,0,1
167010,10500405,-74.146826017,4.56816870300003,KR 22G-CL 62 S 02,2019,Octubre,20,domingo,23,30,Ciudad Bolívar,Choque,Objeto Fijo,Semaforo,Solo Daños,0,0,0,0,0,0,0,0,0,0,0,0,0,0,0,0,0,0,0,0,0,0
167011,10500406,-74.13318664,4.67959686699999,KR 97-CL 23J 02,2019,Octubre,20,domingo,19,0,Fontibón,Choque,Vehículo,N/A,Solo Daños,0,0,0,0,0,1,0,0,0,0,0,0,0,0,0,0,0,0,0,0,0,0
167012,10500407,-74.082918516,4.62436257600001,KR 30-CL 24 2,2019,Octubre,19,sábado,7,27,Los Mártires,Choque,Vehículo,N/A,Solo Daños,0,1,0,0,0,0,0,0,0,0,0,0,0,0,0,0,0,0,0,0,0,0
167013,10500408,-74.045297464,4.75809786899998,AK 45-CL 182 2,2019,Octubre,20,domingo,10,30,Usaquén,Choque,Vehículo,N/A,Solo Daños,0,0,0,0,0,0,0,0,0,0,0,0,0,0,0,0,0,0,0,0,0,0
167014,10500409,-74.147054732,4.64923761400001,AV AVENIDA CIUDAD DE CALI-AC 10 2,2019,Octubre,19,sábado,14,20,Kennedy,Choque,Vehículo,N/A,Solo Daños,0,1,0,0,0,0,0,0,0,0,0,0,0,0,0,0,0,0,0,0,0,0
167015,10500410,-74.047355365,4.74800469000002,CL 167-KR 45 02,2019,Octubre,20,domingo,12,35,Suba,Choque,Vehículo,N/A,Solo Daños,0,0,0,0,0,0,0,0,0,0,0,0,0,0,0,0,0,0,0,0,0,0
167016,10500411,-74.060937411,4.66405906199998,AV AVENIDA CARACAS-CL 76 2,2019,Octubre,20,domingo,18,15,Chapinero,Choque,Vehículo,N/A,Solo Daños,0,0,0,0,0,0,0,1,0,0,0,0,0,0,0,0,0,0,0,0,0,0
167017,10500412,-74.073806738,4.64541534199998,AC 57-TR 26 2,2019,Octubre,19,sábado,20,0,Teusaquillo,Choque,Vehículo,N/A,Solo Daños,0,0,0,0,0,0,0,0,0,1,0,0,0,0,0,0,0,0,0,0,0,1
167018,10500413,-74.106539684,4.58759204799998,KR 24G-CL 20 S 02,2019,Octubre,20,domingo,21,15,Antonio Nariño,Choque,Vehículo,N/A,Solo Daños,0,0,0,0,0,0,0,1,0,0,0,0,0,0,0,0,0,0,0,0,0,0
167019,10500414,-74.095829564,4.64117491000002,CL 26-KR 51 2,2019,Octubre,20,domingo,16,45,Teusaquillo,Choque,Vehículo,N/A,Solo Daños,0,0,0,0,0,0,0,0,0,0,0,0,0,0,0,0,0,0,0,0,0,0
167020,10500415,-74.174662898,4.59678593299998,AV AVENIDA DEL SUR-KR 75A 02,2019,Octubre,20,domingo,0,30,Bosa,Choque,Vehículo,N/A,Solo Daños,0,0,0,0,0,1,0,0,0,0,0,0,0,0,0,0,0,0,0,0,0,0
167021,10500416,-74.0954,4.6635,KR 68-CL 55 2,2019,Octubre,20,domingo,14,50,Teusaquillo,Choque,Vehículo,N/A,Solo Daños,0,0,0,0,0,0,0,0,0,0,0,0,0,0,0,0,0,0,0,0,0,0
167022,10500418,-74.061320925,4.66425454300003,CL 76-KR 20 23,2019,Octubre,19,sábado,17,0,Barrios Unidos,Choque,Vehículo,N/A,Solo Daños,0,0,0,0,0,1,0,0,0,0,0,0,0,0,0,0,0,0,0,0,0,0
167023,10500419,-74.091471351,4.635786317,CL 26-KR 44A 2,2019,Octubre,20,domingo,15,48,Teusaquillo,Choque,Vehículo,N/A,Solo Daños,0,0,0,0,0,0,0,1,0,0,0,0,0,0,0,0,0,0,0,0,0,0
167024,10500420,-74.11566506,4.67251712500001,CL 26-KR 75 02,2019,Octubre,20,domingo,15,0,Fontibón,Choque,Vehículo,N/A,Solo Daños,0,0,0,0,0,0,0,0,0,0,0,0,0,0,0,0,0,0,0,0,0,0
167025,10500421,-74.121654369,4.51771213199999,AV AVENIDA BOYACA-CL 73A S 02,2019,Octubre,20,domingo,20,30,Usme,Choque,Vehículo,N/A,Solo Daños,0,0,0,0,0,0,0,0,0,0,0,0,0,0,0,0,0,0,0,0,0,0
167026,10500422,-74.096762906,4.61881481099999,CL 13-KR 36 02,2019,Octubre,17,jueves,13,50,Puente Aranda,Choque,Vehículo,N/A,Solo Daños,0,0,0,0,0,0,0,0,0,0,0,0,0,0,0,0,0,0,0,0,0,0
167027,10500423,-74.136777584,4.59499329599998,KR 53-CL 45 S 2,2019,Octubre,20,domingo,23,10,Tunjuelito,Choque,Vehículo,N/A,Solo Daños,0,0,0,0,0,0,0,0,0,0,1,0,1,0,0,1,0,0,0,0,0,0
167028,10500424,-74.118256106,4.60938845700002,CL 1B-KR 51A 2,2019,Octubre,19,sábado,16,2,Puente Aranda,Choque,Vehículo,N/A,Solo Daños,0,0,0,0,0,0,0,0,0,1,0,0,0,0,0,0,0,0,0,0,0,0
167029,10500425,-74.138373675,4.63040361399999,AV AVENIDA DE LAS AMERICAS-KR 72 2,2019,Octubre,19,sábado,15,40,Kennedy,Choque,Vehículo,N/A,Solo Daños,0,0,0,0,0,1,0,0,0,0,0,0,0,0,0,0,0,0,0,0,0,0
167030,10500802,-74.153966313,4.677883802,AC 13-KR 111A 2,2019,Octubre,25,viernes,3,5,Fontibón,Choque,Objeto Fijo,Arbol,Con Muertos,0,0,0,0,0,1,0,0,0,0,0,1,0,0,0,0,0,0,0,0,0,0
167031,10500803,-74.126986638,4.593395289,KR 50-CL 45A S 02,2019,Octubre,23,miércoles,13,4,Puente Aranda,Choque,Vehículo,N/A,Solo Daños,0,0,0,0,0,1,0,0,0,0,0,0,0,0,0,0,0,0,0,0,0,0
167032,10500804,-74.126502539,4.64927996900002,AV AVENIDA BOYACA-CL 13 2,2019,Octubre,22,martes,21,30,Fontibón,Choque,Vehículo,N/A,Solo Daños,0,0,0,0,0,0,0,0,0,0,1,0,1,0,0,1,0,0,0,0,0,0
167033,10500805,-74.14790135,4.56774903299998,CL 64-KR 23A S 02,2019,Octubre,23,miércoles,17,40,Ciudad Bolívar,Volcamiento,N/A,N/A,Con Heridos,0,0,0,1,0,1,0,0,0,0,0,0,0,0,0,0,0,0,0,0,0,0
167034,10500806,-74.084514058,4.645557166,CL 53-KR 45 02,2019,Octubre,24,jueves,9,30,Teusaquillo,Choque,Vehículo,N/A,Solo Daños,0,0,0,0,0,0,0,0,0,0,0,0,0,0,0,0,0,0,0,0,0,0
167035,10500807,-74.068672641,4.59635368199997,CL 12B-KR 1 E 2,2019,Octubre,24,jueves,13,50,Candelaria,Choque,Vehículo,N/A,Solo Daños,0,0,0,0,0,0,0,0,0,1,0,0,0,0,0,0,0,0,0,0,0,1
167036,10500808,-74.127911911,4.608410757,CL 26-KR 52D S 02,2019,Octubre,24,jueves,7,18,Puente Aranda,Choque,Vehículo,N/A,Solo Daños,0,0,0,0,0,0,0,0,0,0,1,0,0,0,0,0,0,0,0,0,0,0
167037,10500809,-74.107615358,4.70591548200002,CL 80-KR 93A 02,2019,Octubre,24,jueves,15,30,Engativá,Choque,Vehículo,N/A,Solo Daños,0,1,0,0,0,0,0,0,0,0,0,0,0,0,0,0,0,0,0,0,0,0
167038,10500811,-74.122185424,4.70862810300002,KR 106A-CL 72 02,2019,Octubre,24,jueves,18,20,Engativá,Choque,Vehículo,N/A,Solo Daños,0,0,0,0,0,0,0,0,0,0,1,0,1,0,0,1,0,0,0,0,0,0
167039,10500812,-74.078025244,4.65233818500002,KR 30-CL 63 2,2019,Octubre,24,jueves,12,30,Barrios Unidos,Choque,Vehículo,N/A,Solo Daños,0,0,0,0,0,0,0,0,0,0,0,0,0,0,0,0,0,0,0,0,0,0
167040,10500813,-74.108986045,4.65287918500002,CL 24A-KR 68B 02,2019,Octubre,24,jueves,7,0,Fontibón,Choque,Objeto Fijo,Semoviente,Solo Daños,0,0,0,0,0,0,0,0,0,1,0,0,0,0,0,0,0,0,0,0,0,1
167041,10500814,-74.05657584,4.71766291199998,CL 131-KR 50 2,2019,Octubre,24,jueves,21,20,Suba,Choque,Vehículo,N/A,Con Heridos,0,0,0,0,0,1,0,0,0,0,0,0,0,0,0,0,0,0,0,0,0,0
167042,10500815,-74.153857073,4.57379898699998,CL 62-KR 44C 2,2019,Octubre,23,miércoles,13,50,Ciudad Bolívar,Choque,Vehículo,N/A,Con Heridos,0,0,0,0,0,1,0,0,0,0,0,0,0,0,0,0,0,0,0,0,0,0
167043,10500816,-74.105939902,4.62729311999999,CL 13-KR 50 02,2019,Octubre,24,jueves,18,0,Puente Aranda,Choque,Vehículo,N/A,Con Heridos,1,0,0,0,0,0,0,0,0,0,0,0,0,0,0,0,0,0,0,0,0,0
167044,10500817,-74.095772297,4.57460183900002,KR 10-CL 22B S 02,2019,Octubre,25,viernes,2,0,San Cristóbal,Choque,Vehículo,N/A,Con Heridos,0,1,0,0,0,0,0,0,0,1,0,0,0,0,0,0,0,0,0,0,0,1
167045,10500818,N/A,N/A,TR 7-AC 99 ES 45,2019,Octubre,24,jueves,17,50,San Cristóbal,Choque,Vehículo,N/A,Con Heridos,1,0,0,0,0,1,0,0,0,0,0,0,0,0,0,0,0,0,0,0,0,0
167046,10500819,-74.095395743,4.58531270399999,AV AVENIDA CARACAS-CL 12C S 37,2019,Octubre,25,viernes,9,20,Tunjuelito,Choque,Objeto Fijo,Semaforo,Con Heridos,0,0,0,0,0,1,0,0,0,0,0,0,0,0,0,0,0,0,0,0,0,0
167047,10500820,-74.087369137,4.73031940599998,CL 131F-KR 91 2,2019,Octubre,24,jueves,16,25,Suba,Choque,Objeto Fijo,Tren,Con Heridos,0,1,0,0,0,0,1,1,0,0,0,0,0,0,0,0,0,0,0,0,0,0
167048,10500821,-74.088588972,4.62381791299998,TR 32C-CL 22B 02,2019,Octubre,25,viernes,10,50,Antonio Nariño,Choque,Vehículo,N/A,Con Heridos,0,0,0,0,0,1,0,1,0,0,0,0,0,0,0,0,0,0,0,0,0,0
167049,10500822,-74.116033679,4.56732723099998,TR 12F-DG 46 S 2,2019,Octubre,24,jueves,14,0,Rafael Uribe Uribe,Choque,Vehículo,N/A,Con Heridos,0,1,0,0,0,1,0,0,0,0,0,0,0,0,0,0,0,0,0,0,0,0
167050,10500823,-74.091084731,4.68801174800001,KR 70F-CL 74B 2,2019,Octubre,24,jueves,13,39,Engativá,Choque,Vehículo,N/A,Con Heridos,0,0,0,0,0,1,0,0,0,0,0,0,0,0,0,0,0,0,0,0,0,0
167051,10500824,-74.064707491,4.75068178700002,CL 167-KR 67 02,2019,Octubre,24,jueves,16,0,Suba,Choque,Vehículo,N/A,Con Heridos,0,0,0,0,0,1,0,0,0,0,1,0,0,0,0,0,0,0,0,0,0,0
167052,10500825,-74.098504861,4.68251486399998,AV AVENIDA BOYACA-CL 68 02,2019,Octubre,24,jueves,17,16,Engativá,Caida de ocupante,N/A,N/A,Con Heridos,0,0,0,0,0,0,0,1,0,0,1,0,1,0,0,0,1,0,0,0,0,0
167053,10500826,-74.078277788,4.655749394,KR 30-CL 63D 1,2019,Octubre,25,viernes,6,0,Barrios Unidos,Choque,Vehículo,N/A,Con Heridos,0,1,0,0,0,1,0,0,0,0,0,0,0,0,0,0,0,0,0,0,0,0
167054,10500827,-74.131649044,4.70305274100002,CL 64F-KR 111 02,2019,Octubre,24,jueves,13,28,Engativá,Atropello,N/A,N/A,Con Heridos,0,1,0,0,0,0,1,1,0,0,0,0,0,0,0,0,0,0,0,0,0,0
167055,10501211,-74.085718611,4.61617158799999,CL 19-KR 25 02,2019,Octubre,26,sábado,6,49,Los Mártires,Choque,Vehículo,N/A,Solo Daños,0,1,0,0,0,0,0,0,0,0,0,0,0,0,0,0,0,0,0,0,0,0
167056,10501212,-74.152829194,4.61716902400002,TR 74F-CL 40 S 2,2019,Octubre,27,domingo,16,30,Kennedy,Choque,Vehículo,N/A,Solo Daños,0,0,0,0,0,0,0,0,0,1,0,0,0,0,0,0,0,0,0,0,0,1
167057,10501213,-74.112423982,4.59172503100001,KR 29B-CL 27 S 02,2019,Octubre,29,martes,22,39,Antonio Nariño,Choque,Vehículo,N/A,Solo Daños,0,0,0,0,0,1,0,0,0,0,0,0,0,0,0,0,0,0,0,0,0,0
167058,10501214,-74.123791045,4.60435996400003,AV AVENIDA PRIMERA DE MAYO-KR 51B 24,2019,Octubre,26,sábado,18,40,Puente Aranda,Choque,Vehículo,N/A,Solo Daños,0,0,0,0,0,0,0,0,0,1,1,0,1,0,0,1,0,0,0,0,0,1
167059,10501215,-74.075376901,4.75660317000001,CL 161-KR 89 2,2019,Octubre,27,domingo,17,39,Usaquén,Choque,Vehículo,N/A,Solo Daños,0,0,0,0,0,0,0,0,0,0,1,0,1,0,0,1,0,0,0,0,0,0
167060,10501216,-74.119629516,4.71947543700003,CL 80-KR 112A 02,2019,Octubre,29,martes,14,25,Engativá,Choque,Vehículo,N/A,Solo Daños,0,0,0,0,0,0,0,0,0,0,1,0,0,0,0,0,0,0,0,0,1,0
167061,10501217,-74.126598348,4.616850489,KR 68-CL 10 S 02,2019,Octubre,26,sábado,21,5,Puente Aranda,Choque,Vehículo,N/A,Solo Daños,0,0,0,0,0,0,0,0,0,1,0,0,0,0,0,0,0,0,0,0,0,1
167062,10501218,-74.104008664,4.71664963900002,KR 95G-CL 88 02,2019,Octubre,29,martes,21,20,Engativá,Choque,Vehículo,N/A,Solo Daños,0,0,0,0,0,1,0,0,0,0,0,0,0,0,0,0,0,0,0,0,0,0
167063,10501219,-74.124276708,4.69591258600002,CL 64B-KR 103A 02,2019,Octubre,29,martes,16,42,Engativá,Choque,Vehículo,N/A,Solo Daños,0,0,0,0,0,0,0,1,0,1,0,0,0,0,0,0,0,0,0,0,0,1
167064,10501220,-74.096286976,4.630897667,CL 22-KR 43A 2,2019,Octubre,27,domingo,10,40,Barrios Unidos,Choque,Vehículo,N/A,Solo Daños,0,0,0,0,0,1,0,0,0,0,0,0,0,0,0,0,0,0,0,0,0,0
167065,10501221,-74.167290588,4.59402831199998,KR 72-CL 57R S 02,2019,Octubre,26,sábado,9,40,Ciudad Bolívar,Choque,Vehículo,N/A,Solo Daños,0,1,0,0,0,0,0,0,0,0,0,0,0,0,0,0,0,0,0,0,0,0
167066,10501222,-74.126078907,4.69906709600002,CL 65-KR 105D 02,2019,Octubre,26,sábado,17,17,Engativá,Choque,Vehículo,N/A,Solo Daños,0,0,0,0,0,0,0,0,0,0,0,0,0,0,0,0,0,0,0,0,0,0
167067,10501223,-74.05210517,4.66685103399999,CL 82-KR 10 2,2019,Octubre,27,domingo,15,42,Chapinero,Choque,Vehículo,N/A,Solo Daños,0,0,0,0,1,0,0,0,0,0,0,0,0,0,0,0,0,0,0,0,0,0
167068,10501224,-74.106487227,4.694803439,KR 86-CL 71A 02,2019,Octubre,29,martes,14,50,Engativá,Choque,Vehículo,N/A,Solo Daños,0,1,0,0,0,0,0,0,0,0,0,0,0,0,0,0,0,0,0,0,0,0
167069,10501225,-74.13869327,4.56236041400001,AV AVENIDA BOYACA-CL 60 S 02,2019,Octubre,26,sábado,16,19,Ciudad Bolívar,Choque,Vehículo,N/A,Solo Daños,0,0,0,0,0,0,0,0,0,0,1,0,1,0,1,0,0,0,0,0,0,0
167070,10501226,-74.129264169,4.688662776,CL 26-KR 100 2,2019,Octubre,27,domingo,10,5,Fontibón,Choque,Vehículo,N/A,Solo Daños,0,0,0,0,0,0,0,0,0,1,0,0,0,0,0,0,0,0,0,0,0,1
167071,10501227,-74.093124583,4.57425685800001,CL 22-KR 8 S 02,2019,Octubre,29,martes,21,0,San Cristóbal,Choque,Vehículo,N/A,Solo Daños,0,1,0,0,0,0,0,0,0,0,0,0,0,0,0,0,0,0,0,0,0,0
167072,10501228,-74.032394724,4.71775940800001,KR 9-CL 140 02,2019,Octubre,26,sábado,11,58,Usaquén,Choque,Vehículo,N/A,Solo Daños,0,0,0,0,0,0,0,0,0,0,0,0,0,0,0,0,0,0,0,0,0,0
167073,10501229,-74.146467933,4.56228110799998,CL 65-KR 20 S 2,2019,Octubre,27,domingo,18,30,Ciudad Bolívar,Choque,Vehículo,N/A,Solo Daños,0,0,0,0,0,0,0,0,0,0,0,0,0,0,0,0,0,0,0,0,0,0
167074,10501230,-74.066695547,4.73542880100001,AV AVENIDA BOYACA-CL 147 02,2019,Octubre,29,martes,15,30,Suba,Choque,Vehículo,N/A,Solo Daños,1,0,0,0,0,0,0,0,0,0,0,0,0,0,0,0,0,0,0,0,0,0
167075,10501231,-74.062106332,4.694850266,CL 106-KR 52 02,2019,Octubre,29,martes,16,50,Suba,Choque,Vehículo,N/A,Solo Daños,0,0,0,0,0,1,0,0,0,0,0,0,0,0,0,0,0,0,0,0,0,0
167076,10501232,-74.047040881,4.71912313500002,CL 134A-KR 19 02,2019,Octubre,26,sábado,17,42,Usaquén,Choque,Vehículo,N/A,Solo Daños,0,0,0,0,0,0,0,0,0,0,0,0,0,0,0,0,0,0,0,0,0,0
167077,10501233,-74.079335529,4.64172128199999,KR 30-CL 53 2,2019,Octubre,27,domingo,7,40,Teusaquillo,Choque,Vehículo,N/A,Solo Daños,0,0,0,0,1,0,0,0,0,0,0,0,0,0,0,0,0,0,0,0,0,0
167085,10501616,-74.065028324,4.647145857,KR 14-CL 60 2,2019,Octubre,31,jueves,21,0,Chapinero,Choque,Vehículo,N/A,Con Heridos,0,0,0,0,0,1,0,0,0,0,0,0,0,0,0,0,0,0,0,0,0,0
167101,10501632,-74.049552546,4.66206191800001,KR 7-CL 80A 2,2019,Octubre,31,jueves,10,30,Chapinero,Choque,Vehículo,N/A,Con Heridos,0,0,0,0,0,1,0,0,0,0,0,0,0,0,0,0,0,0,0,0,0,0
167201,10503591,-74.09186767,4.69240486899997,KR 72-CL 76 02,2019,Octubre,23,miércoles,16,45,Engativá,Choque,Vehículo,N/A,Solo Daños,0,0,0,0,0,0,0,1,0,1,0,0,0,0,0,0,0,0,0,0,0,1
167299,10498854,-74.104079126,4.67892920499997,CL 64C-KR 73ABIS 02,2019,Octubre,4,viernes,7,50,Engativá,Choque,Vehículo,N/A,Con Heridos,0,0,0,0,0,1,0,0,0,0,0,0,0,0,0,0,0,0,0,0,0,0
167300,10498855,-74.114805767,4.597787493,AV AVENIDA PRIMERA DE MAYO-KR 36 02,2019,Octubre,4,viernes,6,26,Puente Aranda,Choque,Vehículo,N/A,Con Heridos,1,0,0,0,0,1,0,0,0,0,0,0,0,0,0,0,0,0,0,0,0,0
167301,10498856,-74.091564725,4.63363353300002,KR 43A-CL 29D 2,2019,Octubre,3,jueves,14,27,Teusaquillo,Choque,Vehículo,N/A,Con Heridos,0,0,0,0,0,1,0,1,0,0,0,0,0,0,0,0,0,0,0,0,0,0
167302,10498857,-74.104778847,4.620432833,CL 10A-KR 43 02,2019,Octubre,4,viernes,6,0,Antonio Nariño,Choque,Vehículo,N/A,Con Heridos,0,0,0,0,0,1,0,0,0,0,0,0,0,0,0,0,0,0,0,0,0,0
167303,10498858,-74.10680048,4.67125285600002,AV AVENIDA BOYACA-CL 53 S 2,2019,Octubre,3,jueves,3,7,Engativá,Choque,Vehículo,N/A,Con Heridos,0,0,0,0,0,1,0,0,0,1,0,0,0,0,0,0,0,0,0,0,0,1
167304,10498859,-74.135398184,4.54349190900001,AV AVENIDA BOYACA-KR 71 2,2019,Octubre,4,viernes,21,13,Ciudad Bolívar,Choque,Vehículo,N/A,Con Heridos,0,1,0,0,0,1,0,0,0,0,0,0,0,0,0,0,0,0,0,0,0,0
167305,10498860,-74.171817498,4.596054052,AC 57R-KR 73J S 07,2019,Octubre,4,viernes,5,5,Bosa,Choque,Vehículo,N/A,Con Heridos,1,0,0,0,0,0,0,0,0,0,1,0,0,0,0,0,0,0,0,0,0,0
167306,10498861,N/A,N/A,KR 7-CL 237 2,2019,Octubre,4,viernes,19,57,Usaquén,Choque,Vehículo,N/A,Con Heridos,0,0,0,0,0,0,0,0,0,0,0,0,0,0,0,0,0,0,0,0,0,0
167307,10498862,-74.16212387,4.59944871300002,KR 71B-CL 57B S 02,2019,Octubre,4,viernes,6,10,Bosa,Choque,Vehículo,N/A,Con Heridos,0,0,0,0,0,1,0,0,0,1,0,0,0,0,0,0,0,0,0,0,0,1
167308,10498863,-74.127947694,4.59092499500002,CL 48P-KR 5D S 2,2019,Octubre,4,viernes,7,58,Rafael Uribe Uribe,Choque,Vehículo,N/A,Con Heridos,0,0,0,0,0,1,0,0,0,1,0,0,0,0,0,0,0,0,0,0,0,1
167309,10498864,-74.071002566,4.73061161200002,KR 73-CL 138 02,2019,Octubre,4,viernes,8,20,Suba,Choque,Vehículo,N/A,Con Heridos,1,0,0,0,0,1,0,0,0,0,0,1,0,0,0,0,0,0,0,0,0,0
167310,10498865,-74.196470787,4.60359637400001,KR 78C-CL 71D S 2,2019,Octubre,4,viernes,23,30,Bosa,Choque,Vehículo,N/A,Con Heridos,1,0,1,0,0,1,0,0,0,0,0,0,0,0,0,0,0,0,0,0,0,0
167311,10498866,-74.109635465,4.74427754800001,TR 127-CL 136A 02,2019,Octubre,4,viernes,6,45,Suba,Choque,Vehículo,N/A,Con Heridos,1,0,0,0,1,0,0,0,0,0,1,0,1,0,0,1,0,0,0,0,0,0
167312,10498867,-74.125255833,4.672083547,AV AVENIDA CIUDAD DE CALI-CL 24 2,2019,Octubre,4,viernes,5,50,Fontibón,Choque,Vehículo,N/A,Con Heridos,1,0,0,0,0,0,0,0,0,0,1,0,1,0,0,1,0,0,0,0,0,0
167313,10498868,-74.078829758,4.64142431099998,AV AVENIDA CIUDAD DE QUITO-CL 52 02,2019,Octubre,4,viernes,8,10,Teusaquillo,Choque,Vehículo,N/A,Con Heridos,0,0,0,0,0,1,0,0,0,0,0,0,0,0,0,0,0,0,0,0,0,0
167314,10498869,-74.110575136,4.62804604500002,AV AVENIDA DE LAS AMERICAS-KR 54 02,2019,Octubre,5,sábado,0,0,Puente Aranda,Choque,Vehículo,N/A,Con Heridos,0,0,1,0,0,1,0,0,0,0,0,0,0,0,0,0,0,0,0,0,0,0
167315,10498870,-74.117811655,4.68771732200003,CL 63-KR 90 2,2019,Octubre,2,miércoles,15,50,Engativá,Choque,Vehículo,N/A,Con Heridos,0,0,0,0,1,1,0,0,0,0,0,0,0,0,0,0,0,0,0,0,0,0
167316,10498871,-74.075661017,4.60971907200002,KR 14-CL 20 28,2019,Octubre,4,viernes,8,35,Santa Fe,Atropello,N/A,N/A,Con Heridos,0,0,0,0,0,1,1,0,0,0,0,0,0,0,0,0,0,0,0,0,0,0
167317,10498872,-74.072976273,4.65574822299999,CL 63F-KR 26 2,2019,Octubre,4,viernes,9,45,Barrios Unidos,Atropello,N/A,N/A,Con Heridos,0,0,0,0,0,1,1,0,0,0,0,0,0,0,0,0,0,0,0,0,0,0
167318,10498873,-74.101942519,4.60215340000002,AK 30-CL 2 02,2019,Octubre,2,miércoles,15,11,Puente Aranda,Atropello,N/A,N/A,Con Heridos,0,0,0,0,0,0,1,0,0,0,1,0,1,1,0,0,0,0,1,0,0,0
167319,10498874,-74.15761318,4.65078873200002,CL 6H-KR 90C 2,2019,Octubre,3,jueves,18,47,Kennedy,Atropello,N/A,N/A,Con Heridos,0,0,0,0,1,0,1,0,0,0,1,0,0,0,0,0,0,0,0,0,1,0
167320,10498875,-74.190373069,4.622553815,KR 87C-CL 62 S 03,2019,Octubre,4,viernes,10,30,Bosa,Atropello,N/A,N/A,Con Heridos,0,1,0,0,1,0,1,0,0,0,0,0,0,0,0,0,0,0,0,0,0,0
167321,10498876,-74.08979806,4.60787461899997,KR 24-CL 11 02,2019,Octubre,2,miércoles,16,0,Los Mártires,Atropello,N/A,N/A,Con Heridos,0,0,0,0,0,1,1,0,0,0,0,0,0,0,0,0,0,0,0,0,0,0
167322,10498877,-74.138063298,4.625813467,AV AVENIDA BOYACA-CL 3 2,2019,Octubre,3,jueves,16,0,Kennedy,Atropello,N/A,N/A,Con Heridos,1,0,0,0,0,0,1,1,0,0,0,0,0,0,0,0,0,0,0,0,0,0
167323,10498878,-74.112823314,4.65189788499998,CL 22C-KR 68F 2,2019,Octubre,4,viernes,5,10,Fontibón,Atropello,N/A,N/A,Con Heridos,0,0,0,0,0,0,1,0,0,0,1,0,1,0,0,1,0,0,0,0,0,0
167324,10499244,-74.071584097,4.66234716500003,CL 70-KR 27C 2,2019,Octubre,8,martes,11,40,Barrios Unidos,Choque,Vehículo,N/A,Con Heridos,0,0,0,0,0,0,0,1,0,1,0,0,0,0,0,0,0,0,0,0,0,1
167325,10499245,-74.095411249,4.63476442799998,CL 24-KR 45A 72,2019,Octubre,7,lunes,12,53,Teusaquillo,Atropello,N/A,N/A,Con Heridos,0,0,0,0,0,1,1,1,0,0,0,0,0,0,0,0,0,0,0,0,0,0
167327,10499247,-74.075671018,4.63999120199998,CL 51-KR 26 02,2019,Octubre,7,lunes,19,48,Teusaquillo,Atropello,N/A,N/A,Con Heridos,0,0,0,0,0,0,1,1,0,0,0,0,0,0,0,0,0,0,0,0,0,0
167328,10499248,-74.086553372,4.68731653100002,CL 77-KR 69P 2,2019,Octubre,7,lunes,18,10,Engativá,Otro,N/A,N/A,Con Heridos,0,0,0,0,0,0,1,0,0,0,0,0,0,0,0,0,0,0,0,0,0,0
167329,10499249,-74.062037822,4.66410100399997,CL 75A-KR 20B 2,2019,Octubre,7,lunes,18,20,Barrios Unidos,Atropello,N/A,N/A,Con Heridos,0,0,0,0,0,1,1,0,0,0,0,0,0,0,0,0,0,0,0,0,0,0
167330,10499250,-74.125364809,4.59045389400001,DG 40-TR 34BIS S 02,2019,Octubre,8,martes,13,20,Antonio Nariño,Atropello,N/A,N/A,Con Heridos,0,0,0,0,0,0,1,1,0,1,0,0,0,0,0,0,0,0,0,0,0,1
167331,10499251,-74.063408541,4.66042522200001,CL 72-KR 20A 19,2019,Octubre,7,lunes,15,30,Barrios Unidos,Caida de ocupante,N/A,N/A,Con Heridos,0,0,0,0,0,0,0,1,0,0,1,0,1,1,0,0,0,0,0,1,0,0
167332,10499252,-74.140623584,4.57664248899999,AV AVENIDA BOYACA-KR 25 2,2019,Octubre,8,martes,19,30,Tunjuelito,Choque,Vehículo,N/A,Con Heridos,0,0,0,0,0,1,0,0,0,0,0,0,0,0,0,0,0,0,0,0,0,0
167333,10499253,-74.077267131,4.57179243299998,CL 11-KR 6 SE 02,2019,Octubre,8,martes,19,28,San Cristóbal,Atropello,N/A,N/A,Con Heridos,0,0,0,0,0,0,1,0,0,1,0,0,0,0,0,0,0,0,0,0,0,1
167334,10499254,-74.172647962,4.59220235399999,CL 60-KR 74 S 2,2019,Octubre,8,martes,11,0,Ciudad Bolívar,Choque,Vehículo,N/A,Con Heridos,1,0,0,0,0,0,0,0,0,0,0,0,0,0,0,0,0,0,0,0,0,0
167335,10499255,-74.098068383,4.63858947300002,CL 24-KR 51 2,2019,Octubre,7,lunes,8,50,Teusaquillo,Choque,Vehículo,N/A,Solo Daños,0,0,0,0,0,0,0,0,0,0,1,0,1,0,0,1,0,0,0,0,0,0
167336,10499256,-74.140905845,4.67673256099999,KR 100-CL 22 2,2019,Octubre,7,lunes,9,39,Fontibón,Choque,Vehículo,N/A,Solo Daños,0,0,0,0,0,0,0,0,0,0,1,0,1,0,0,1,0,0,0,0,0,0
167337,10499257,-74.132297605,4.68347123900003,KR 100-CL 24F 2,2019,Octubre,8,martes,10,50,Fontibón,Choque,Vehículo,N/A,Con Heridos,1,0,0,0,0,0,0,1,0,0,1,0,1,0,0,0,1,0,0,0,0,0
167338,10499258,-74.11921144,4.61331510000002,TR 53-AC 2 2,2019,Octubre,7,lunes,14,20,Puente Aranda,Choque,Vehículo,N/A,Con Heridos,0,0,0,0,0,0,0,1,0,1,0,0,0,0,0,0,0,0,0,0,0,1
167339,10499259,-74.136731799,4.61570723099999,AV AVENIDA PRIMERA DE MAYO-KR 70B 29,2019,Octubre,7,lunes,14,0,Kennedy,Caida de ocupante,N/A,N/A,Con Heridos,0,0,0,0,1,0,0,0,0,0,1,0,1,0,0,1,0,0,0,0,0,0
167340,10499260,-74.028529789,4.73378279999997,CL 156B-KR 8 27,2019,Octubre,7,lunes,15,12,Usaquén,Atropello,N/A,N/A,Con Heridos,0,0,0,0,1,1,1,0,0,0,0,0,0,0,0,0,0,0,0,0,0,0
167341,10499261,-74.136890011,4.58797718400001,CL 50A-KR 36 S 78,2019,Octubre,3,jueves,15,26,Tunjuelito,Atropello,N/A,N/A,Con Heridos,0,0,0,0,0,0,1,1,0,1,0,0,0,0,0,0,0,0,0,0,0,1
167342,10499262,-74.135615342,4.57497967299997,CL 54-KR 24 S 44,2019,Octubre,8,martes,19,40,Tunjuelito,Choque,Vehículo,N/A,Con Heridos,0,0,0,0,0,1,0,0,0,0,0,0,0,0,0,0,0,0,0,0,0,0
167343,10499263,-74.1263,4.61419999999998,KR 68-CL 16 S 2,2019,Octubre,7,lunes,10,10,Puente Aranda,Choque,Vehículo,N/A,Solo Daños,0,0,0,0,0,0,0,0,0,1,0,0,0,0,0,0,0,0,0,0,0,1
167344,10499264,-74.1043,4.6968,KR 72-CL 85 2,2019,Octubre,7,lunes,8,30,Engativá,Choque,Vehículo,N/A,Solo Daños,0,0,0,0,0,1,0,0,0,0,0,0,0,0,0,0,0,0,0,0,0,0
167345,10499265,-74.070121019,4.70001699599999,CL 116-KR 60 02,2019,Octubre,7,lunes,9,50,Suba,Choque,Vehículo,N/A,Solo Daños,0,0,0,0,0,0,0,0,0,1,0,0,0,0,0,0,0,0,0,0,0,1
167346,10499266,-74.059654003,4.69298891400001,CL 104B-KR 49 02,2019,Octubre,7,lunes,9,0,Suba,Choque,Vehículo,N/A,Solo Daños,0,1,0,0,0,0,0,0,0,0,0,0,0,0,0,0,0,0,0,0,1,0
167347,10499267,-74.110688142,4.71447389100001,KR 102-CL 82 2,2019,Octubre,7,lunes,23,0,Engativá,Choque,Vehículo,N/A,Solo Daños,0,0,0,0,0,1,0,0,0,0,0,0,0,0,0,0,0,0,0,0,0,0
167348,10499640,-74.097684815,4.60729177100001,KR 30-CL 6 2,2019,Octubre,11,viernes,18,40,Los Mártires,Choque,Vehículo,N/A,Solo Daños,0,0,0,0,0,0,0,0,0,1,0,0,0,0,0,0,0,0,0,0,0,1
167349,10499641,-74.110704839,4.70872872500001,CL 80-KR 100 2,2019,Octubre,12,sábado,19,16,Engativá,Choque,Vehículo,N/A,Con Heridos,0,0,0,0,0,0,0,0,0,0,1,0,1,1,0,0,0,1,0,0,0,0
167350,10499642,N/A,N/A,TR 56-DG 54 S 02,2019,Octubre,14,lunes,14,10,Ciudad Bolívar,Choque,Vehículo,N/A,Con Heridos,0,0,0,0,1,1,0,0,0,0,0,0,0,0,0,0,0,0,0,0,1,0
167351,10499643,-74.065765071,4.71689914400002,CL 129-KR 56B 02,2019,Octubre,12,sábado,7,45,Suba,Choque,Vehículo,N/A,Con Heridos,1,1,0,0,0,0,0,0,0,0,0,0,0,0,0,0,0,0,0,0,0,0
167352,10499644,-74.165077072,4.62967348299998,CL 41-KR 81K S 19,2019,Octubre,12,sábado,21,5,Kennedy,Atropello,N/A,N/A,Con Heridos,0,0,0,0,0,0,1,0,0,0,0,0,0,0,0,0,0,0,0,0,0,0
167353,10499645,-74.113053376,4.62470944699999,KR 53F-CL 5C 02,2019,Octubre,13,domingo,11,0,Puente Aranda,Atropello,N/A,N/A,Con Heridos,0,0,0,0,0,1,1,0,0,0,0,0,0,0,0,0,0,0,0,0,0,0
167354,10499646,-74.108892415,4.58928368300002,AV AVENIDA PRIMERA DE MAYO-KR 27 02,2019,Octubre,12,sábado,20,55,Antonio Nariño,Choque,Vehículo,N/A,Con Heridos,0,0,0,0,1,0,0,0,0,0,0,0,0,0,0,0,0,0,0,0,0,0
167355,10499647,-74.115801413,4.67272954499998,CL 26-KR 75 25,2019,Octubre,12,sábado,18,20,Fontibón,Choque,Vehículo,N/A,Con Heridos,0,0,0,0,0,0,0,1,0,0,1,0,0,0,0,0,0,0,0,0,1,0
167356,10499648,-74.15574495,4.54124260399999,KR 26-CL 76 S 02,2019,Octubre,14,lunes,3,0,Ciudad Bolívar,Choque,Objeto Fijo,Inmueble,Con Heridos,0,0,1,0,1,1,1,0,0,0,0,0,0,0,0,0,0,0,0,0,0,0
167357,10499649,-74.09748816,4.74386768699998,KR 104-CL 140B 2,2019,Octubre,14,lunes,20,40,Suba,Choque,Vehículo,N/A,Con Heridos,0,0,0,0,0,0,0,0,0,0,0,0,0,0,0,0,0,0,0,0,0,0
167358,10499650,-74.14851604,4.60748511999998,DG 40C-KR 72J S 80,2019,Octubre,14,lunes,22,40,Kennedy,Choque,Objeto Fijo,Semaforo,Con Heridos,0,0,0,0,0,0,0,1,0,0,0,0,0,0,0,0,0,0,0,0,0,0
167359,10499651,-74.066255102,4.67271087400002,CL 80-KR 29 02,2019,Octubre,12,sábado,18,0,Barrios Unidos,Choque,Vehículo,N/A,Con Heridos,1,0,0,0,0,1,0,0,0,0,0,0,0,0,0,0,0,0,0,0,0,0
167360,10499652,-74.126437364,4.57509111500002,CL 46-KR 22A S 38,2019,Octubre,12,sábado,10,46,Rafael Uribe Uribe,Atropello,N/A,N/A,Con Muertos,0,0,0,0,0,1,1,1,0,0,0,0,0,0,0,0,0,0,0,0,0,0
167361,10499653,-74.093548659,4.61240865500002,CL 12-KR 30 02,2019,Octubre,11,viernes,14,30,Puente Aranda,Choque,Vehículo,N/A,Con Heridos,0,0,0,0,0,1,0,1,0,0,0,0,0,0,0,0,0,0,0,0,0,0
167362,10499654,-74.103409042,4.65383681999998,CL 26-KR 68 2,2019,Octubre,14,lunes,3,45,Fontibón,Atropello,N/A,N/A,Con Muertos,0,0,0,0,0,0,1,0,0,1,0,0,0,0,0,0,0,0,0,0,0,1
167363,10499655,-74.116753352,4.63576646400003,KR 65B-CL 12 93,2019,Octubre,12,sábado,8,0,Puente Aranda,Choque,Vehículo,N/A,Con Heridos,1,0,0,0,0,1,0,0,0,0,0,0,0,0,0,0,0,0,0,0,0,0
167364,10499656,-74.056876126,4.68712923999999,AV AVENIDA PASEO DE LOS LIBERTADORES-CL 100 02,2019,Octubre,12,sábado,3,10,Usaquén,Choque,Vehículo,N/A,Con Heridos,0,0,0,0,0,0,0,0,0,1,0,0,0,0,0,0,0,0,0,0,0,1
167365,10499657,-74.138633999,4.65664688700002,CL 15A-KR 86 02,2019,Octubre,12,sábado,7,48,Kennedy,Choque,Vehículo,N/A,Con Heridos,1,0,0,0,0,0,0,0,0,0,0,0,0,0,0,0,0,0,0,0,0,0
167366,10499658,-74.089325173,4.67189324100002,KR 68-CL 64C 02,2019,Octubre,13,domingo,23,50,Barrios Unidos,Choque,Vehículo,N/A,Con Heridos,0,0,0,0,0,0,0,1,0,1,0,0,0,0,0,0,0,0,0,0,0,1
167367,10499659,-74.07993944,4.62930371900001,AK 30-CL 39A 36,2019,Octubre,14,lunes,21,55,Teusaquillo,Volcamiento,N/A,N/A,Con Heridos,0,0,0,0,0,1,0,0,0,0,0,0,0,0,0,0,0,0,0,0,0,0
167368,10499660,-74.121511104,4.60301745300001,KR 50-CL 26 S 02,2019,Octubre,11,viernes,14,10,Puente Aranda,Choque,Vehículo,N/A,Con Heridos,1,0,0,0,0,0,0,0,0,0,0,0,0,0,0,0,0,0,0,0,0,0
167369,10499661,-74.084923809,4.737756864,AV AVENIDA SUBA-KR 91 2,2019,Octubre,12,sábado,8,0,Suba,Choque,Vehículo,N/A,Con Heridos,1,0,0,0,0,0,0,0,0,0,1,0,1,0,0,0,1,0,0,0,0,0
167370,10499662,-74.20962268,4.62814273800001,CL 81-KR 96 S 02,2019,Octubre,12,sábado,19,45,Bosa,Volcamiento,N/A,N/A,Con Heridos,1,0,0,0,0,0,0,0,0,0,0,0,0,0,0,0,0,0,0,0,0,0
167371,10499663,-74.181580472,4.60362165999999,CL 63-KR 78D S 10,2019,Octubre,13,domingo,14,8,Bosa,Choque,Vehículo,N/A,Con Heridos,1,0,0,0,0,0,0,0,0,0,0,0,0,0,0,0,0,0,0,0,0,0
167372,10500029,-74.12438952,4.70633210699998,KR 107A-CL 70C 02,2019,Octubre,16,miércoles,21,53,Engativá,Choque,Vehículo,N/A,Solo Daños,0,0,0,0,0,0,0,0,0,1,0,0,0,0,0,0,0,0,0,0,0,1
167373,10500030,-74.094979973,4.62934997899998,KR 40-CL 22 34,2019,Octubre,16,miércoles,9,15,Teusaquillo,Choque,Vehículo,N/A,Solo Daños,0,0,0,0,0,0,0,0,0,1,0,0,0,0,0,0,0,0,0,0,0,1
167374,10500031,-74.158155339,4.68533971199997,CL 13-KR 120 2,2019,Octubre,16,miércoles,10,20,Fontibón,Choque,Vehículo,N/A,Solo Daños,0,1,0,0,0,0,0,0,0,0,0,0,0,0,0,0,0,0,0,0,0,0
167375,10500032,-74.145555583,4.67974038900002,KR 106-CL 20C 02,2019,Octubre,16,miércoles,14,59,Fontibón,Choque,Vehículo,N/A,Solo Daños,0,0,0,0,0,0,0,0,0,0,0,0,0,0,0,0,0,0,0,0,0,0
167376,10500033,-74.135757768,4.65189900299998,KR 80-CL 14 02,2019,Octubre,16,miércoles,6,56,Kennedy,Choque,Vehículo,N/A,Solo Daños,0,0,0,0,0,0,0,0,0,0,0,0,0,0,0,0,0,0,0,0,0,0
167377,10500034,-74.119851574,4.67904474599999,CL 26-KR 86 2,2019,Octubre,16,miércoles,5,45,Fontibón,Choque,Vehículo,N/A,Solo Daños,0,1,0,0,0,0,0,0,0,0,0,0,0,0,0,0,0,0,0,0,0,0
167378,10500035,-74.119908867,4.67913712299998,CL 26-KR 86 02,2019,Octubre,16,miércoles,18,56,Fontibón,Choque,Vehículo,N/A,Solo Daños,0,0,0,0,0,0,0,0,0,1,0,0,0,0,0,0,0,0,0,0,0,1
167379,10500036,-74.04337403,4.68960602200002,KR 13A-CL 106A 2,2019,Octubre,16,miércoles,10,58,Usaquén,Choque,Vehículo,N/A,Solo Daños,0,0,0,0,0,0,0,0,0,1,0,0,0,0,0,0,0,0,0,0,0,1
167380,10500037,-74.092410307,4.60276071700002,KR 23-CL 6 10,2019,Octubre,16,miércoles,9,20,Los Mártires,Choque,Vehículo,N/A,Solo Daños,0,0,0,0,0,0,0,0,0,1,0,0,0,0,0,0,0,0,0,0,0,1
167381,10500038,-74.111703507,4.63663939399999,CL 17A-KR 64 2,2019,Octubre,16,miércoles,9,0,Fontibón,Choque,Vehículo,N/A,Solo Daños,0,0,0,0,0,0,0,1,0,0,0,0,0,0,0,0,0,0,0,0,0,0
167382,10500039,-74.092545409,4.667773474,KR 68-CL 64 02,2019,Octubre,16,miércoles,8,48,Barrios Unidos,Choque,Vehículo,N/A,Solo Daños,0,0,0,0,0,0,0,1,0,0,0,0,0,0,0,0,0,0,0,0,0,0
167383,10500040,-74.09110151,4.62561679200002,AV AVENIDA DE LAS AMERICAS-KR 36 2,2019,Octubre,16,miércoles,15,30,Teusaquillo,Choque,Vehículo,N/A,Solo Daños,0,0,0,0,0,0,0,0,0,0,0,0,0,0,0,0,0,0,0,0,0,0
167384,10500041,-74.16374437,4.69001539700002,CL 17-KR 128 02,2019,Octubre,16,miércoles,9,0,Fontibón,Choque,Vehículo,N/A,Solo Daños,0,0,0,0,0,1,0,0,0,0,1,0,0,0,0,0,0,0,0,0,0,0
167385,10500042,-74.114489058,4.61554113699998,KR 50-CL 3 2,2019,Octubre,16,miércoles,13,15,Puente Aranda,Choque,Vehículo,N/A,Solo Daños,0,1,0,0,0,0,0,0,0,0,0,0,0,0,0,0,0,0,0,0,0,0
167386,10500043,-74.079736631,4.63077884400002,KR 30-CL 40A 02,2019,Octubre,16,miércoles,6,45,Teusaquillo,Choque,Vehículo,N/A,Solo Daños,0,0,0,0,0,1,0,0,0,0,0,0,0,0,0,0,0,0,0,0,0,0
167387,10500044,-74.079736631,4.63077884400002,AK 30-CL 40A 2,2019,Octubre,16,miércoles,16,0,Teusaquillo,Choque,Vehículo,N/A,Solo Daños,0,1,0,0,0,0,0,0,0,0,0,0,0,0,0,0,0,0,0,0,0,0
167388,10500045,-74.107169231,4.59813142299998,KR 30-CL 8 S 02,2019,Octubre,16,miércoles,6,30,Los Mártires,Choque,Vehículo,N/A,Solo Daños,0,0,0,0,0,0,0,0,0,0,1,0,0,0,0,0,0,0,0,0,1,0
167389,10500046,-74.137777267,4.54701025600002,CL 70C-KR 17A S 19,2019,Octubre,16,miércoles,16,30,Ciudad Bolívar,Choque,Vehículo,N/A,Solo Daños,0,1,0,0,0,0,0,0,0,0,0,0,0,0,0,0,0,0,0,0,0,0
167390,10500047,-74.07865753,4.62396505800001,CL 26-KR 28 02,2019,Octubre,16,miércoles,9,15,Teusaquillo,Choque,Vehículo,N/A,Solo Daños,0,0,0,0,0,0,0,1,0,0,0,0,0,0,0,0,0,0,0,0,0,0
167391,10500048,-74.137095461,4.62052639799998,KR 71D-CL 3 S 02,2019,Octubre,16,miércoles,9,40,Kennedy,Choque,Vehículo,N/A,Solo Daños,0,0,0,0,0,0,0,0,0,0,0,0,0,0,0,0,0,0,0,0,0,0
167392,10500049,-74.059792767,4.66943481599998,AV AVENIDA PASEO DE LOS LIBERTADORES-CL 82 02,2019,Octubre,16,miércoles,11,35,Chapinero,Choque,Vehículo,N/A,Solo Daños,0,0,0,0,0,0,0,1,0,0,0,0,0,0,0,0,0,0,0,0,0,0
167393,10500050,-74.101507569,4.56685248700001,CL 33-KR 9 S 02,2019,Octubre,16,miércoles,11,0,San Cristóbal,Choque,Vehículo,N/A,Solo Daños,0,0,0,0,0,1,0,0,0,0,0,0,0,0,0,0,0,0,0,0,0,0
167394,10500051,-74.048303354,4.71084242400002,KR 19-CL 127D 2,2019,Octubre,16,miércoles,8,10,Usaquén,Choque,Vehículo,N/A,Solo Daños,0,0,0,0,0,0,0,1,0,0,0,0,0,0,0,0,0,0,0,0,0,0
167395,10500052,-74.092477448,4.69736597000002,CL 80-KR 75 04,2019,Octubre,15,martes,19,0,Engativá,Choque,Vehículo,N/A,Solo Daños,0,0,0,0,0,0,0,0,0,0,1,0,1,0,0,1,0,0,0,0,0,0
167396,10500053,-74.053876311,4.66434398500002,KR 11-CL 80 02,2019,Octubre,16,miércoles,11,25,Chapinero,Choque,Vehículo,N/A,Solo Daños,0,0,0,0,0,1,0,1,0,1,0,0,0,0,0,0,0,0,0,0,0,1
167397,10500426,-74.068475572,4.63981215699999,KR 16-CL 52 2,2019,Octubre,20,domingo,9,10,Teusaquillo,Choque,Vehículo,N/A,Solo Daños,0,0,0,0,0,0,0,0,0,1,0,0,0,0,0,0,0,0,0,0,0,1
167398,10500427,-74.185089143,4.63267855999999,KR 89B-CL 54 S 2,2019,Octubre,20,domingo,0,15,Bosa,Choque,Vehículo,N/A,Solo Daños,0,0,1,0,0,0,0,0,0,0,0,0,0,0,0,0,0,0,0,0,0,0
167399,10500428,-74.075563988,4.66317562500001,CL 68-KR 29B 02,2019,Octubre,21,lunes,19,49,Barrios Unidos,Choque,Vehículo,N/A,Solo Daños,0,0,0,0,0,0,0,0,0,0,0,0,0,0,0,0,0,0,0,0,0,0
167400,10500429,-74.166030586,4.620940717,AV AVENIDA CIUDAD DE VILLAVICENCIO-KR 80 2,2019,Octubre,19,sábado,9,30,Kennedy,Choque,Vehículo,N/A,Solo Daños,0,1,0,0,0,0,0,0,0,0,0,0,0,0,0,0,0,0,0,0,0,0
167401,10500430,-74.054884585,4.66704267599999,KR 13-CL 82 11,2019,Octubre,21,lunes,2,50,Chapinero,Choque,Vehículo,N/A,Solo Daños,0,0,1,0,0,0,0,0,0,1,0,0,0,0,0,0,0,0,0,0,0,1
167402,10500431,-74.123369917,4.64843998399999,CL 18-KR 69F 02,2019,Octubre,21,lunes,20,20,Fontibón,Choque,Vehículo,N/A,Solo Daños,0,0,0,0,0,0,0,0,0,0,0,0,0,0,0,0,0,0,0,0,0,0
167403,10500432,-74.137454067,4.54201436199997,CL 75A-KR 16Q S 2,2019,Octubre,19,sábado,14,15,Ciudad Bolívar,Choque,Objeto Fijo,Vehiculo,Solo Daños,0,1,0,0,0,0,0,0,0,0,0,0,0,0,0,0,0,0,0,0,0,0
167404,10500433,-74.132052438,4.66047059300001,KR 82-CL 19 02,2019,Octubre,21,lunes,17,36,Fontibón,Choque,Vehículo,N/A,Solo Daños,0,0,0,0,0,0,0,1,0,1,0,0,0,0,0,0,0,0,0,0,0,1
167405,10500434,-74.126433655,4.59342736500003,DG 39A-AK 50 S 2,2019,Octubre,19,sábado,14,33,Tunjuelito,Choque,Vehículo,N/A,Solo Daños,0,0,0,0,0,0,0,0,0,0,1,0,0,0,0,0,0,0,0,0,1,0
167406,10500435,-74.112823314,4.65189788499998,CL 22C-KR 68F 2,2019,Octubre,21,lunes,4,45,Fontibón,Choque,Objeto Fijo,Vehiculo,Solo Daños,0,0,0,0,0,0,0,0,0,1,0,0,0,0,0,0,0,0,0,0,0,1
167407,10500436,-74.048775253,4.672283628,KR 11-CL 90 07,2019,Octubre,21,lunes,22,37,Chapinero,Choque,Vehículo,N/A,Solo Daños,0,0,0,0,0,0,0,0,0,0,0,0,0,0,0,0,0,0,0,0,0,0
167408,10500437,-74.164103542,4.596049967,AV AVENIDA DEL SUR-KR 71 2,2019,Octubre,21,lunes,16,0,Bosa,Choque,Vehículo,N/A,Solo Daños,0,1,0,0,0,0,0,1,0,0,0,0,0,0,0,0,0,0,0,0,0,0
167409,10500438,-74.15570545,4.63991848000001,KR 86-CL 6 2,2019,Octubre,19,sábado,12,40,Kennedy,Choque,Vehículo,N/A,Solo Daños,0,0,0,0,0,0,0,0,0,0,1,0,1,0,0,1,0,0,0,0,0,0
167410,10500439,-74.141677683,4.60796381099999,AV AVENIDA BOYACA-CL 39 S 02,2019,Octubre,21,lunes,14,6,Kennedy,Choque,Vehículo,N/A,Solo Daños,0,0,0,0,0,0,0,0,0,1,0,0,0,0,0,0,0,0,0,0,0,1
167411,10500440,-74.124444346,4.65179366900003,AV AVENIDA BOYACA-CL 19 2,2019,Octubre,21,lunes,14,30,Fontibón,Choque,Vehículo,N/A,Solo Daños,0,1,0,0,0,0,0,0,0,0,0,0,0,0,0,0,0,0,0,0,0,0
167412,10500441,-74.03077402,4.73793444699999,KR 8G-CL 161 2,2019,Octubre,19,sábado,8,16,Usaquén,Choque,Vehículo,N/A,Solo Daños,0,1,0,0,0,0,0,0,0,0,0,0,0,0,0,0,0,0,0,0,0,0
167413,10500442,-74.161551463,4.68544554800002,CL 17-KR 120 02,2019,Octubre,21,lunes,15,45,Fontibón,Choque,Vehículo,N/A,Solo Daños,0,1,0,0,0,0,0,0,0,0,1,0,0,0,0,0,0,0,0,0,1,0
167414,10500443,-74.032035739,4.73037758100003,KR 9-CL 152A 2,2019,Octubre,19,sábado,10,6,Usaquén,Choque,Vehículo,N/A,Solo Daños,0,0,0,0,0,0,0,1,0,1,0,0,0,0,0,0,0,0,0,0,0,1
167415,10500444,-74.101732995,4.678245694,AV AVENIDA BOYACA-CL 64F 02,2019,Octubre,21,lunes,15,29,Engativá,Choque,Vehículo,N/A,Solo Daños,0,0,0,0,0,0,0,0,0,0,0,0,0,0,0,0,0,0,0,0,0,0
167416,10500445,-74.038604634,4.67954705300002,CL 100-KR 7 2,2019,Octubre,21,lunes,15,6,Usaquén,Choque,Vehículo,N/A,Solo Daños,0,0,0,0,0,0,0,0,0,0,1,0,1,1,0,0,0,0,0,1,0,0
167417,10500446,-74.066395128,4.63236271,KR 13-CL 45 2,2019,Octubre,19,sábado,18,55,Chapinero,Choque,Vehículo,N/A,Solo Daños,0,0,0,0,0,0,0,0,0,0,1,0,1,0,0,1,0,0,0,0,0,0
167418,10500447,-74.183910592,4.61917544200003,DG 57C-KR 68C S 02,2019,Octubre,21,lunes,16,0,Bosa,Choque,Objeto Fijo,Semaforo,Solo Daños,0,1,0,0,0,0,0,0,0,0,0,0,0,0,0,0,0,0,0,0,0,0
167419,10500448,-74.1512,4.68380000000002,CL 26-KR 113 85,2019,Octubre,19,sábado,16,0,Fontibón,Choque,Vehículo,N/A,Solo Daños,0,0,0,0,0,0,0,0,0,0,0,0,0,0,0,0,0,0,0,0,0,0
167420,10500449,-74.135736069,4.65944898399999,AV AVENIDA CIUDAD DE CALI-CL 13 02,2019,Octubre,21,lunes,19,20,Fontibón,Choque,Vehículo,N/A,Solo Daños,0,0,0,0,0,0,0,0,0,0,1,0,1,0,0,1,0,0,0,0,0,0
167421,10500828,-74.131611136,4.68084185999999,KR 97-CL 24B 02,2019,Octubre,24,jueves,11,49,Fontibón,Atropello,N/A,N/A,Con Heridos,0,0,0,0,0,0,1,0,0,0,0,0,0,0,0,0,0,0,0,0,0,0
167422,10500829,-74.092901767,4.63084024,CL 24-KR 40 2,2019,Octubre,22,martes,8,30,Teusaquillo,Atropello,N/A,N/A,Con Heridos,0,0,0,0,0,0,1,1,0,0,0,0,0,0,0,0,0,0,0,0,0,0
167423,10500830,-74.154056828,4.58100591800002,KR 51-CL 58D S 17,2019,Octubre,23,miércoles,19,5,Ciudad Bolívar,Atropello,N/A,N/A,Con Heridos,0,0,0,0,0,0,1,0,0,0,0,0,0,0,0,0,0,0,0,0,0,0
167424,10500831,-74.142553247,4.57987999599999,KR 33-CL 56A S 51,2019,Octubre,25,viernes,17,10,Tunjuelito,Atropello,N/A,N/A,Con Heridos,1,0,0,0,0,0,1,1,0,0,0,0,0,0,0,0,0,0,0,0,0,0
167425,10500832,-74.088126062,4.54421876700002,CL 43B-KR 11 SE 2,2019,Octubre,24,jueves,8,15,San Cristóbal,Atropello,N/A,N/A,Con Heridos,0,0,0,0,1,0,1,0,0,0,0,0,0,0,0,0,0,0,0,0,0,0
167426,10500833,-74.147329927,4.56294432499999,KR 20B-CL 65 S 60,2019,Octubre,25,viernes,11,30,Ciudad Bolívar,Atropello,N/A,N/A,Con Heridos,0,0,0,0,0,0,1,1,0,1,0,0,0,0,0,0,0,0,0,0,0,1
167427,10500834,-74.124951406,4.64720776000001,CL 13-KR 69F 2,2019,Octubre,24,jueves,15,0,Fontibón,Caida de ocupante,N/A,N/A,Con Heridos,0,0,0,0,0,0,0,1,0,0,1,0,1,0,0,1,0,0,0,0,0,0
167428,10500836,-74.072419401,4.615907273,AV AVENIDA CARACAS-CL 28 2,2019,Octubre,24,jueves,13,55,Santa Fe,Atropello,N/A,N/A,Con Heridos,0,0,0,0,1,0,1,0,0,0,1,0,1,1,0,0,0,1,0,0,0,0
167429,10500837,-74.153074951,4.680690357,KR 112B-CL 17 02,2019,Octubre,24,jueves,12,21,Fontibón,Choque,Vehículo,N/A,Solo Daños,0,0,0,0,0,0,0,0,0,0,1,0,0,0,0,0,0,0,0,0,0,0
167430,10500838,-74.0775169,4.62207690999998,CL 26-KR 24 02,2019,Octubre,24,jueves,20,10,Teusaquillo,Choque,Vehículo,N/A,Solo Daños,0,1,0,0,0,0,0,0,0,0,0,0,0,0,0,0,0,0,0,0,0,0
167431,10500839,-74.088830374,4.59186975599999,AV AVENIDA CARACAS-CL 1 02,2019,Octubre,24,jueves,7,0,Santa Fe,Choque,Vehículo,N/A,Solo Daños,0,0,0,0,0,0,0,1,0,0,0,0,0,0,0,0,0,0,0,0,0,0
167432,10500840,-74.060285825,4.721246576,CL 134-KR 54 2,2019,Octubre,24,jueves,21,26,Suba,Choque,Vehículo,N/A,Solo Daños,0,0,0,0,0,0,0,0,0,0,0,0,0,0,0,0,0,0,0,0,0,0
167433,10500841,-74.07162134,4.634405668,DG 45F-AK 19 2,2019,Octubre,24,jueves,18,45,Teusaquillo,Choque,Vehículo,N/A,Solo Daños,0,0,0,0,0,0,0,0,0,0,1,0,0,0,0,0,0,0,0,0,1,0
167434,10500842,-74.131984664,4.663952069,AV AVENIDA CIUDAD DE CALI-CL 20 2,2019,Octubre,24,jueves,10,50,Fontibón,Choque,Vehículo,N/A,Solo Daños,0,1,0,0,0,0,0,0,0,0,0,0,0,0,0,0,0,0,0,0,0,0
167435,10500843,-74.149185343,4.67686954200002,CL 17-KR 106 2,2019,Octubre,24,jueves,12,50,Fontibón,Choque,Vehículo,N/A,Solo Daños,0,1,0,0,0,0,0,0,0,0,0,0,0,0,0,0,0,0,0,0,0,0
167436,10500844,-74.113827904,4.65417902799999,CL 23A-TR 69 02,2019,Octubre,24,jueves,17,20,Fontibón,Choque,Vehículo,N/A,Solo Daños,0,0,0,0,0,0,0,0,0,0,0,0,0,0,0,0,0,0,0,0,0,0
167438,10500846,-74.092,4.7407,KR 98-CL 140B 02,2019,Octubre,25,viernes,17,45,Suba,Choque,Vehículo,N/A,Solo Daños,0,0,0,0,0,0,0,0,0,1,1,0,0,0,0,0,0,0,0,0,1,1
167439,10500847,-74.094320462,4.62711534300001,CL 20-TR 39ABIS 02,2019,Octubre,25,viernes,9,15,Puente Aranda,Choque,Vehículo,N/A,Con Heridos,0,0,0,0,0,1,0,0,0,0,0,0,0,0,0,0,0,0,0,0,0,0
167440,10500848,-74.194937036,4.61283018500001,CL 71A-KR 82A S 2,2019,Octubre,25,viernes,7,10,Bosa,Choque,Vehículo,N/A,Solo Daños,0,0,0,0,0,0,0,0,0,1,1,0,1,0,0,1,0,0,0,0,0,1
167441,10500849,-74.062903034,4.72282705100002,CL 134-KR 55A 02,2019,Octubre,25,viernes,15,10,Suba,Choque,Vehículo,N/A,Solo Daños,0,0,0,0,0,0,0,0,0,0,1,0,0,0,0,0,0,0,0,0,1,0
167442,10500850,-74.154171594,4.66585259099998,DG 15A-KR 98A 02,2019,Octubre,25,viernes,22,0,Fontibón,Choque,Vehículo,N/A,Con Heridos,1,0,0,0,0,0,0,0,0,0,0,0,0,0,0,0,0,0,0,0,0,0
167443,10500851,-74.1423794,4.58046720300001,KR 33-CL 56 S 2,2019,Octubre,25,viernes,13,45,Tunjuelito,Choque,Vehículo,N/A,Solo Daños,0,1,0,0,0,0,0,1,0,0,0,0,0,0,0,0,0,0,0,0,0,0
167444,10500852,-74.134302924,4.64192397699998,AV AVENIDA BOYACA-CL 11A 02,2019,Octubre,25,viernes,5,40,Kennedy,Choque,Vehículo,N/A,Con Heridos,1,1,0,0,0,0,0,0,0,0,0,0,0,0,0,0,0,0,0,0,0,0
167445,10500853,-74.071931275,4.71091766199999,AV AVENIDA SUBA-CL 127 2,2019,Octubre,25,viernes,8,20,Suba,Choque,Vehículo,N/A,Solo Daños,0,0,0,0,0,0,0,0,0,0,0,0,0,0,0,0,0,0,0,0,0,0
167446,10501234,-74.069893506,4.62081853400002,AV AVENIDA CARACAS-CL 32B 02,2019,Octubre,29,martes,13,20,Santa Fe,Choque,Vehículo,N/A,Solo Daños,0,0,0,0,0,0,0,0,0,0,0,0,0,0,0,0,0,0,0,0,0,0
167447,10501235,-74.087229262,4.64476339999999,KR 50-CL 44F 02,2019,Octubre,29,martes,14,40,Teusaquillo,Choque,Vehículo,N/A,Solo Daños,0,0,0,0,0,0,0,0,0,1,0,0,0,0,0,0,0,0,0,0,0,1
167448,10501236,-74.093688497,4.686134638,CL 72-KR 71A 02,2019,Octubre,26,sábado,12,40,Engativá,Choque,Vehículo,N/A,Solo Daños,0,0,0,0,0,0,0,0,0,0,1,0,1,0,0,1,0,0,0,0,0,0
167449,10501237,-74.188076933,4.60162733300001,KR 78C-CL 68 S 2,2019,Octubre,27,domingo,12,50,Bosa,Choque,Vehículo,N/A,Solo Daños,0,0,0,0,0,1,0,0,0,0,0,0,0,0,0,0,0,0,0,0,0,0
167450,10501238,N/A,N/A,KR 76A-CL 145 02,2019,Octubre,26,sábado,10,31,Suba,Choque,Vehículo,N/A,Solo Daños,0,0,0,0,0,0,0,0,0,0,0,0,0,0,0,0,0,0,0,0,0,0
167451,10501239,-74.094986284,4.66424327700003,KR 68-CL 53 02,2019,Octubre,29,martes,9,0,Teusaquillo,Choque,Vehículo,N/A,Solo Daños,0,0,0,0,0,0,0,0,0,0,1,0,1,0,0,1,0,0,0,0,0,0
167452,10501240,-74.119880149,4.60500952299998,KR 50-CL 17 S 59,2019,Octubre,26,sábado,20,0,Puente Aranda,Choque,Vehículo,N/A,Solo Daños,0,1,1,0,0,0,0,0,0,0,0,0,0,0,0,0,0,0,0,0,0,0
167453,10501241,-74.111931755,4.74093455600001,TR 126B-AC 132B 2,2019,Octubre,27,domingo,18,30,Suba,Choque,Vehículo,N/A,Solo Daños,0,0,0,0,0,0,0,0,0,0,1,0,1,0,0,0,1,0,0,0,0,0
167454,10501242,-74.069641395,4.63201920799997,DG 43BIS-KR 15 02,2019,Octubre,26,sábado,17,28,Teusaquillo,Choque,Vehículo,N/A,Solo Daños,0,0,0,0,0,0,0,1,0,1,0,0,0,0,0,0,0,0,0,0,0,1
167455,10501243,-74.04318458,4.67253252799998,KR 7-CL 93 2,2019,Octubre,27,domingo,17,0,Chapinero,Choque,Vehículo,N/A,Solo Daños,0,0,0,0,0,1,0,0,0,0,0,0,0,0,0,0,0,0,0,0,0,0
167456,10501244,-74.064968577,4.64710382700002,AV AVENIDA CARACAS-CL 60 2,2019,Octubre,27,domingo,21,20,Chapinero,Choque,Vehículo,N/A,Solo Daños,0,0,0,0,0,0,0,0,0,0,0,0,0,0,0,0,0,0,0,0,0,0
167457,10501245,-74.161255611,4.58850358400002,KR 70C-CL 63 S 02,2019,Octubre,26,sábado,18,40,Ciudad Bolívar,Choque,Vehículo,N/A,Solo Daños,0,0,0,1,0,0,0,0,0,0,1,0,0,0,0,0,0,0,0,0,0,0
167458,10501246,-74.19549911,4.64106676599999,KR 102A-CL 56F S 59,2019,Octubre,27,domingo,7,0,Bosa,Choque,Vehículo,N/A,Solo Daños,0,1,0,0,0,0,0,0,0,0,0,0,0,0,0,0,0,0,0,0,0,0
167459,10501247,-74.146213434,4.66599219400001,DG 16-KR 96G 05,2019,Octubre,26,sábado,13,40,Fontibón,Choque,Vehículo,N/A,Solo Daños,0,0,0,0,0,0,0,0,0,0,1,0,0,0,0,0,0,0,0,0,0,0
167460,10501248,N/A,N/A,KR 73-CL 62A S 2,2019,Octubre,27,domingo,16,20,Ciudad Bolívar,Choque,Vehículo,N/A,Solo Daños,0,0,0,0,0,0,0,0,0,1,0,0,0,0,0,0,0,0,0,0,0,1
167461,10501249,-74.111489035,4.66141155100001,KR 70-CL 25 02,2019,Octubre,26,sábado,13,20,Fontibón,Choque,Vehículo,N/A,Solo Daños,0,0,0,0,1,0,0,0,0,0,0,0,0,0,0,0,0,0,0,0,0,0
167462,10501250,-74.115489055,4.56989303799998,CL 40C-KR 12 S 90,2019,Octubre,27,domingo,19,35,Rafael Uribe Uribe,Choque,Vehículo,N/A,Solo Daños,0,0,0,0,0,0,0,0,0,0,0,0,0,0,0,0,0,0,0,0,0,0
167463,10501251,-74.11566506,4.67251712500001,CL 26-KR 75 02,2019,Octubre,26,sábado,18,30,Fontibón,Choque,Vehículo,N/A,Solo Daños,0,0,0,0,0,0,0,0,0,0,0,0,0,0,0,0,0,0,0,0,0,0
167464,10501252,-74.107167268,4.55811280299997,CL 47-KR 7A S 2,2019,Octubre,27,domingo,18,0,San Cristóbal,Choque,Vehículo,N/A,Solo Daños,0,0,0,0,0,0,0,0,0,1,0,0,0,0,0,0,0,0,0,0,0,1
167465,10501253,-74.047008279,4.67546055600002,KR 11-CL 93 92,2019,Octubre,26,sábado,14,14,Chapinero,Choque,Vehículo,N/A,Solo Daños,0,0,0,0,0,0,0,0,0,0,1,0,1,0,0,0,1,0,0,0,0,0
167466,10501254,-74.050506855,4.66692919299999,KR 10-CL 84B 47,2019,Octubre,26,sábado,16,21,Chapinero,Choque,Vehículo,N/A,Solo Daños,0,0,0,0,0,0,0,0,0,0,1,0,0,0,0,0,0,0,0,0,0,0
167467,10501255,-74.071896024,4.653838925,KR 24-CL 63C 28,2019,Octubre,26,sábado,11,30,Barrios Unidos,Choque,Vehículo,N/A,Solo Daños,0,0,0,0,0,0,0,1,0,0,0,0,0,0,0,0,0,0,0,0,0,0
167468,10501256,-74.12335151,4.57579203199998,DG 43-AK 20 S 2,2019,Octubre,27,domingo,12,10,Rafael Uribe Uribe,Choque,Vehículo,N/A,Solo Daños,0,0,0,0,0,0,0,0,0,0,0,0,0,0,0,0,0,0,0,0,0,0
167469,10501257,-74.0656,4.62700000000001,KR 7-CL 39 45,2019,Octubre,26,sábado,16,2,Chapinero,Choque,Objeto Fijo,Muro,Solo Daños,0,0,0,0,0,0,0,0,0,0,0,0,0,0,0,0,0,0,0,0,0,0
167470,10501258,-74.03950418,4.74259353399998,CL 163A-KR 16C 2,2019,Octubre,27,domingo,19,16,Usaquén,Choque,Vehículo,N/A,Solo Daños,0,0,0,0,0,1,0,0,0,0,0,0,0,0,0,0,0,0,0,0,0,0
167486,10501648,-74.116300337,4.61406250700003,TR 53-AC 2B 2,2019,Octubre,31,jueves,6,10,Puente Aranda,Choque,Vehículo,N/A,Con Heridos,1,0,0,0,0,0,0,0,0,0,0,0,0,0,0,0,0,0,0,0,0,0
167678,10498496,-74.086266681,4.72262003499998,KR 87B-CL 128F 02,2019,Octubre,1,martes,6,55,Suba,Choque,Objeto Fijo,Vehiculo,Con Muertos,1,0,0,1,0,0,0,0,0,0,0,1,0,0,0,0,0,0,0,0,0,0
167679,10498497,-74.145190381,4.56975295500001,KR 22G-CL 59A S 96,2019,Octubre,1,martes,17,50,Ciudad Bolívar,Atropello,N/A,N/A,Con Muertos,0,0,1,0,0,0,1,0,0,0,0,0,0,0,0,0,0,0,0,0,0,0
167683,10498501,-74.099484889,4.62119834600003,CL 13-KR 42 2,2019,Octubre,1,martes,7,20,Puente Aranda,Choque,Vehículo,N/A,Solo Daños,1,0,0,0,0,0,0,1,0,1,0,0,0,0,0,0,0,0,0,0,0,1
167689,10498879,-74.045460527,4.67867442599999,KR 11-CL 95 02,2019,Octubre,2,miércoles,11,25,Chapinero,Atropello,N/A,N/A,Con Heridos,0,0,0,0,0,0,1,0,0,0,0,0,0,0,0,0,0,0,0,0,0,0
167690,10498880,-74.040446197,4.78908105099998,KR 45-CL 209 2,2019,Octubre,3,jueves,16,10,Suba,Atropello,N/A,N/A,Con Heridos,0,0,0,0,0,0,1,1,0,0,0,0,0,0,0,0,0,0,0,0,0,0
167691,10498881,-74.027403794,4.719409853,KR 7-CL 144 2,2019,Octubre,4,viernes,8,15,Usaquén,Atropello,N/A,N/A,Con Heridos,0,0,0,0,0,1,1,1,0,0,0,0,0,0,0,0,0,0,0,0,0,0
167692,10498882,-74.130476453,4.666144847,CL 22-KR 86 02,2019,Octubre,3,jueves,18,20,Fontibón,Caida de ocupante,N/A,N/A,Con Heridos,0,0,0,0,0,0,0,0,0,0,1,0,1,0,0,1,0,0,0,0,0,0
167693,10498883,-74.070690561,4.65737348499999,CL 66-KR 24 2,2019,Octubre,3,jueves,17,50,Barrios Unidos,Atropello,N/A,N/A,Con Heridos,0,0,0,0,0,1,1,0,0,0,0,0,0,0,0,0,0,0,0,0,0,0
167694,10498884,-74.114055297,4.507452199,CL 84-KR 14P 2,2019,Octubre,3,jueves,13,50,Usme,Atropello,N/A,N/A,Con Heridos,0,0,0,0,0,1,1,1,0,0,0,0,0,0,0,0,0,0,0,0,0,0
167695,10498885,-74.138802992,4.56153893999999,KR 19-CL 60BBIS S 02,2019,Octubre,3,jueves,4,0,Ciudad Bolívar,Atropello,N/A,N/A,Con Heridos,0,0,0,0,1,1,1,0,0,0,0,0,0,0,0,0,0,0,0,0,0,0
167696,10498886,-74.133799515,4.54026952300001,CL 73-KR 15 S 02,2019,Octubre,4,viernes,20,30,Ciudad Bolívar,Otro,N/A,N/A,Con Heridos,0,0,0,0,1,0,0,0,0,0,1,0,1,0,0,1,0,0,0,0,0,0
167697,10498887,-74.198280507,4.60134900100002,CL 72B-KR 77K S 2,2019,Octubre,3,jueves,13,20,Bosa,Atropello,N/A,N/A,Con Heridos,0,0,0,0,1,1,1,0,0,0,0,0,0,0,0,0,0,0,0,0,0,0
167698,10498888,-74.135813619,4.65956413800001,AV AVENIDA CIUDAD DE CALI-CL 13 2,2019,Octubre,2,miércoles,16,24,Fontibón,Choque,Vehículo,N/A,Con Heridos,0,0,0,0,0,1,0,0,0,0,0,0,0,0,0,0,0,0,0,0,0,0
167699,10498889,-74.055919946,4.69967359700001,CL 116-KR 45A 02,2019,Octubre,4,viernes,18,0,Suba,Choque,Vehículo,N/A,Solo Daños,0,1,0,0,0,0,0,0,0,0,0,0,0,0,0,0,0,0,0,0,0,0
167700,10498890,-74.151372633,4.632937981,KR 79A-DG 2 2,2019,Octubre,4,viernes,23,14,Kennedy,Choque,Vehículo,N/A,Solo Daños,0,0,0,0,0,0,0,0,0,1,0,0,0,0,0,0,0,0,0,0,1,1
167701,10498891,-74.042440856,4.70875995400002,KR 15-CL 127C 0,2019,Octubre,4,viernes,15,35,Usaquén,Choque,Objeto Fijo,Semaforo,Solo Daños,0,1,0,0,0,0,0,0,0,0,0,0,0,0,0,0,0,0,0,0,0,0
167702,10498892,-74.078549702,4.646602019,KR 30-CL 57 2,2019,Octubre,4,viernes,23,23,Barrios Unidos,Choque,Objeto Fijo,Objeto Fijo,Con Heridos,0,0,1,0,0,1,0,0,0,0,0,0,0,0,0,0,0,0,0,0,0,0
167703,10498893,-74.101541304,4.59664555699999,CL 1B-KR 26A 2,2019,Octubre,2,miércoles,13,40,Los Mártires,Choque,Vehículo,N/A,Con Heridos,0,0,0,0,0,0,0,0,0,0,0,0,0,0,0,0,0,0,0,0,0,0
167704,10498894,-74.090939237,4.61509314699998,AK 30-CL 15 2,2019,Octubre,4,viernes,13,55,Los Mártires,Choque,Vehículo,N/A,Solo Daños,0,0,0,0,0,1,0,0,0,0,0,0,0,0,0,0,0,0,0,0,0,0
167705,10498895,-74.089612002,4.62543146899998,AV AVENIDA DE LAS AMERICAS-KR 33 02,2019,Octubre,4,viernes,16,7,Teusaquillo,Choque,Vehículo,N/A,Solo Daños,0,0,0,0,0,0,0,0,0,0,1,0,1,0,0,1,0,0,0,0,0,0
167706,10498896,-74.120213282,4.67918584300003,CL 26-KR 86 2,2019,Octubre,4,viernes,19,36,Fontibón,Choque,Vehículo,N/A,Solo Daños,0,1,0,0,0,0,0,0,0,0,0,0,0,0,0,0,0,0,0,0,0,0
167707,10498897,-74.135874758,4.58497247399998,KR 33-CL 50B 44,2019,Octubre,2,miércoles,14,30,Tunjuelito,Choque,Vehículo,N/A,Con Heridos,0,0,0,0,0,1,0,0,0,0,0,0,0,0,0,0,0,0,0,0,0,0
167708,10498898,-74.062747818,4.662881072,KR 20B-CL 74 22,2019,Octubre,4,viernes,18,30,Barrios Unidos,Choque,Vehículo,N/A,Solo Daños,0,0,0,0,0,0,0,0,0,1,0,0,0,0,0,0,0,0,0,0,0,1
167709,10498899,-74.03771249,4.69064305500001,KR 9-CL 110 2,2019,Octubre,4,viernes,12,20,Usaquén,Choque,Vehículo,N/A,Solo Daños,0,0,0,0,0,0,0,0,0,0,1,0,1,0,0,1,0,0,0,0,0,0
167710,10498900,-74.16895109,4.62941142199998,AV AVENIDA CIUDAD DE CALI-CL 42C S 02,2019,Octubre,4,viernes,14,45,Kennedy,Choque,Vehículo,N/A,Solo Daños,0,0,0,0,0,0,0,0,0,0,1,0,1,0,0,1,0,0,0,0,0,0
167711,10498901,-74.124870079,4.57364346399999,KR 20-DG 45 S 2,2019,Octubre,2,miércoles,17,10,Rafael Uribe Uribe,Choque,Vehículo,N/A,Con Heridos,0,0,0,0,0,1,0,0,0,0,0,0,0,0,0,0,0,0,0,0,0,0
167712,10498902,-74.070949177,4.61225057299998,CL 26-KR 10 2,2019,Octubre,4,viernes,12,0,Santa Fe,Choque,Vehículo,N/A,Solo Daños,0,0,0,0,0,1,0,1,0,1,0,0,0,0,0,0,0,0,0,0,0,1
167713,10499268,-74.1941,4.61250000000001,KR 80BBIS-CL 70B S 02,2019,Octubre,8,martes,8,16,Bosa,Atropello,N/A,N/A,Con Heridos,0,0,0,0,0,1,1,1,0,0,0,0,0,0,0,0,0,0,0,0,0,0
167714,10499269,-74.159072008,4.68659273499998,CL 17-KR 121 02,2019,Octubre,7,lunes,9,39,Fontibón,Choque,Vehículo,N/A,Solo Daños,0,0,0,0,0,0,0,0,0,0,0,0,0,0,0,0,0,0,0,0,0,0
167715,10499270,-74.124385402,4.57157036699999,DG 45B-TR 13M S 2,2019,Octubre,7,lunes,6,10,Rafael Uribe Uribe,Choque,Vehículo,N/A,Solo Daños,0,0,0,0,0,0,0,0,0,1,0,0,0,0,0,0,0,0,0,0,0,1
167716,10499272,-74.13777504,4.63225136400001,KR 72-CL 6D 02,2019,Octubre,8,martes,5,30,Kennedy,Choque,Vehículo,N/A,Solo Daños,0,1,0,0,0,0,0,0,0,1,0,0,0,0,0,0,0,0,0,0,0,1
167717,10499273,-74.059798034,4.647936684,KR 7-CL 63 2,2019,Octubre,4,viernes,12,30,Chapinero,Choque,Vehículo,N/A,Solo Daños,0,0,0,0,0,1,0,0,0,0,0,0,0,0,0,0,0,0,0,0,0,0
167718,10499274,-74.060828145,4.68764581699998,CL 100-KR 49 2,2019,Octubre,8,martes,17,59,Barrios Unidos,Atropello,N/A,N/A,Con Heridos,0,0,0,0,0,1,1,0,0,0,0,0,0,0,0,0,0,0,0,0,0,0
167719,10499275,-74.097148133,4.62376915700003,KR 42-CL 17A 2,2019,Octubre,8,martes,13,39,Puente Aranda,Atropello,N/A,N/A,Con Muertos,0,0,0,0,0,0,1,1,0,0,0,0,0,0,0,0,0,0,0,0,0,0
167720,10499276,-74.057617977,4.64736609699997,KR 4-CL 64 02,2019,Octubre,8,martes,9,44,Chapinero,Choque,Vehículo,N/A,Solo Daños,0,0,0,0,0,0,0,0,0,1,0,0,0,0,0,0,0,0,0,0,0,1
167721,10499277,-74.046043141,4.72980821300001,CL 147-KR 19 2,2019,Octubre,8,martes,11,28,Usaquén,Choque,Vehículo,N/A,Solo Daños,0,0,0,0,0,0,0,1,0,0,0,0,0,0,0,0,0,0,0,0,0,0
167722,10499278,-74.127486941,4.65014832899999,CL 13-KR 72 2,2019,Octubre,2,miércoles,9,50,Fontibón,Choque,Vehículo,N/A,Solo Daños,0,0,0,0,0,0,0,0,0,0,0,0,0,0,0,0,0,0,0,0,0,0
167723,10499279,-74.124280118,4.64512263300003,CL 13-KR 69D 2,2019,Octubre,8,martes,15,20,Fontibón,Choque,Vehículo,N/A,Solo Daños,0,1,0,0,0,0,0,0,0,0,1,0,0,0,0,0,0,0,0,0,0,0
167724,10499280,-74.112702916,4.73956169299998,CL 131C-KR 126 02,2019,Octubre,8,martes,12,5,Suba,Choque,Vehículo,N/A,Solo Daños,0,0,0,0,0,0,0,0,0,0,1,0,0,0,0,0,0,0,0,0,0,0
167725,10499281,-74.131346898,4.64575183599999,AV AVENIDA BOYACA-CL 12BIS 2,2019,Octubre,6,domingo,9,45,Kennedy,Choque,Vehículo,N/A,Solo Daños,0,0,0,0,0,1,0,0,0,0,0,0,0,0,0,0,0,0,0,0,0,0
167726,10499282,-74.140888191,4.61324285900002,AV AVENIDA BOYACA-CL 37B S 2,2019,Octubre,8,martes,13,30,Kennedy,Choque,Vehículo,N/A,Solo Daños,0,0,0,0,0,0,0,1,0,0,1,0,1,0,0,0,1,0,0,0,0,0
167727,10499283,-74.081542768,4.62350051200002,CL 24-KR 29 02,2019,Octubre,8,martes,10,45,Los Mártires,Choque,Vehículo,N/A,Solo Daños,0,0,0,0,0,0,0,1,0,0,0,0,0,0,0,0,0,0,0,0,0,0
167728,10499284,-74.038139065,4.67989819799999,KR 7-CL 100 2,2019,Octubre,4,viernes,12,40,Usaquén,Choque,Vehículo,N/A,Solo Daños,0,0,0,1,0,1,0,0,0,0,0,0,0,0,0,0,0,0,0,0,0,0
167729,10499285,-74.130434088,4.60409930999998,KR 52C-CL 35 S 2,2019,Octubre,8,martes,16,45,Puente Aranda,Choque,Vehículo,N/A,Solo Daños,0,1,0,0,0,0,0,1,0,0,0,0,0,0,0,0,0,0,0,0,0,0
167730,10499286,-74.1352,4.63990000000001,TR 72-CL 9 02,2019,Octubre,8,martes,11,0,Kennedy,Choque,Vehículo,N/A,Solo Daños,0,1,0,0,0,1,0,1,0,0,0,0,0,0,0,0,0,0,0,0,0,0
167731,10499287,-74.078929262,4.62429702399999,CL 26-KR 29 2,2019,Octubre,8,martes,12,40,Teusaquillo,Choque,Vehículo,N/A,Solo Daños,0,0,0,0,0,0,0,0,0,0,0,0,0,0,0,0,0,0,0,0,0,0
167732,10499288,-74.12232828,4.65399014399998,AV AVENIDA BOYACA-CL 21 02,2019,Octubre,8,martes,11,45,Fontibón,Choque,Vehículo,N/A,Solo Daños,0,1,0,0,0,0,0,0,0,0,0,0,0,0,0,0,0,0,0,0,0,0
167733,10499289,N/A,N/A,KR 82-CL 36C S 2,2019,Octubre,8,martes,7,30,Kennedy,Choque,Vehículo,N/A,Solo Daños,0,0,0,0,0,0,0,0,0,0,0,0,0,0,0,0,0,0,0,0,1,0
167734,10499290,-74.042857159,4.70427328099998,CL 127-KR 15 2,2019,Octubre,8,martes,17,13,Usaquén,Choque,Objeto Fijo,Semaforo,Solo Daños,0,0,0,0,0,0,0,1,0,0,0,0,0,0,0,0,0,0,0,0,0,0
167735,10499291,-74.084767097,4.66742412600001,KR 60-CL 66 2,2019,Octubre,8,martes,15,43,Barrios Unidos,Choque,Vehículo,N/A,Solo Daños,0,0,0,0,0,0,0,0,0,0,0,0,0,0,0,0,0,0,0,0,0,0
167736,10499292,-74.042022301,4.68834088300002,KR 9-CL 104 02,2019,Octubre,8,martes,7,39,Usaquén,Choque,Vehículo,N/A,Solo Daños,0,0,0,0,0,0,0,0,0,1,0,0,0,0,0,0,0,0,0,0,0,1
167737,10499664,-74.176387138,4.61307298899999,KR 80-CL 57A S 02,2019,Octubre,13,domingo,2,35,Kennedy,Choque,Vehículo,N/A,Con Heridos,1,0,1,0,0,0,0,0,0,0,0,0,0,0,0,0,0,0,0,0,0,0
167738,10499665,-74.096469848,4.74695306699999,CL 145-KR 104 02,2019,Octubre,11,viernes,17,30,Suba,Caida de ocupante,N/A,N/A,Con Heridos,0,0,0,0,0,0,0,0,0,0,1,0,1,1,0,0,0,0,1,0,0,0
167739,10499667,-74.100916547,4.57431558100001,KR 12-CL 27 2,2019,Octubre,13,domingo,4,15,Rafael Uribe Uribe,Atropello,N/A,N/A,Con Heridos,0,0,0,0,0,0,1,0,0,0,0,0,0,0,0,0,0,0,0,0,0,0
167740,10499668,-74.166769962,4.62250266799998,AV AVENIDA CIUDAD DE VILLAVICENCIO-KR 80G 02,2019,Octubre,11,viernes,9,20,Kennedy,Otro,N/A,N/A,Con Heridos,0,0,0,0,0,0,0,0,0,0,1,0,1,0,1,0,0,0,0,0,0,0
167741,10499669,-74.112965391,4.51361540400001,KR 9B-CL 75B S 26,2019,Octubre,12,sábado,18,5,Usme,Atropello,N/A,N/A,Con Heridos,0,0,0,0,0,0,1,0,0,0,0,0,0,0,0,0,0,0,0,0,0,0
167742,10499670,-74.166690986,4.63126210399997,KR 86-CL 40B S 18,2019,Octubre,13,domingo,11,0,Kennedy,Choque,Vehículo,N/A,Con Heridos,1,0,0,0,0,0,0,0,0,0,1,0,1,1,0,0,0,1,0,0,0,0
167743,10499671,-74.095090282,4.53834190700002,KR 4-CL 49FBIS S 02,2019,Octubre,11,viernes,13,40,San Cristóbal,Atropello,N/A,N/A,Con Heridos,0,0,0,0,0,0,1,0,0,0,0,0,0,0,0,0,0,0,0,0,0,0
167744,10499672,-74.136320456,4.55859865999997,CL 60G-KR 17 S 2,2019,Octubre,12,sábado,17,10,Ciudad Bolívar,Atropello,N/A,N/A,Con Muertos,0,0,0,0,0,0,1,1,0,1,0,0,0,0,0,0,0,0,0,0,0,1
167745,10499673,-74.143900065,4.53658868600002,KR 18BBISA-CL 80B S 16,2019,Octubre,12,sábado,14,40,Ciudad Bolívar,Atropello,N/A,N/A,Con Heridos,0,1,0,0,0,0,1,1,0,0,0,0,0,0,0,0,0,0,0,0,0,0
167746,10499674,-74.08374546,4.60099408399998,CL 9-KR 15 15,2019,Octubre,11,viernes,16,50,Los Mártires,Atropello,N/A,N/A,Con Heridos,0,0,0,0,0,1,1,1,0,0,0,0,0,0,0,0,0,0,0,0,0,0
167747,10499675,-74.109062996,4.74868067699998,CL 143-KR 127D 02,2019,Octubre,11,viernes,13,20,Suba,Atropello,N/A,N/A,Con Heridos,0,0,0,0,0,1,1,0,0,0,0,0,0,0,0,0,0,0,0,0,0,0
167748,10499676,-74.128358509,4.70868275200002,CL 70D-KR 111A 02,2019,Octubre,12,sábado,17,14,Engativá,Atropello,N/A,N/A,Con Heridos,0,0,0,0,1,1,1,0,0,0,0,0,0,0,0,0,0,0,0,0,0,0
167749,10499677,-74.056198377,4.750742898,CL 167C-KR 55A 02,2019,Octubre,11,viernes,15,0,Suba,Atropello,N/A,N/A,Con Heridos,0,0,0,0,0,0,1,1,0,0,0,0,0,0,0,0,0,0,0,0,0,0
167750,10499678,-74.103574258,4.73989469600002,CL 134A-KR 111 02,2019,Octubre,11,viernes,16,30,Suba,Atropello,N/A,N/A,Con Heridos,0,0,0,0,0,0,1,1,0,1,0,0,0,0,0,0,0,0,0,0,0,1
167751,10499679,-74.112985107,4.58026984499998,CL 31B-KR 21B S 02,2019,Octubre,13,domingo,12,16,Rafael Uribe Uribe,Atropello,N/A,N/A,Con Heridos,0,0,0,0,0,1,1,0,0,0,0,0,0,0,0,0,0,0,0,0,0,0
167752,10499680,-74.029431381,4.73941828599999,CL 163-KR 8F 2,2019,Octubre,12,sábado,22,15,Usaquén,Volcamiento,N/A,N/A,Con Heridos,0,0,0,1,0,1,0,0,0,0,0,0,0,0,0,0,0,0,0,0,0,0
167753,10499681,-74.080154149,4.61374313499999,CL 21-KR 18B 02,2019,Octubre,11,viernes,19,37,Los Mártires,Choque,Vehículo,N/A,Solo Daños,0,0,0,0,0,0,0,0,0,0,0,0,0,0,0,0,0,0,0,0,0,0
167754,10499682,-74.13531651,4.65855511000001,CL 13-KR 83 02,2019,Octubre,13,domingo,6,20,Fontibón,Atropello,N/A,N/A,Con Heridos,0,0,0,0,0,1,1,0,0,0,0,0,0,0,0,0,0,0,0,0,0,0
167755,10499683,-74.140753003,4.63047868799998,AV AVENIDA DE LAS AMERICAS-KR 73 2,2019,Octubre,12,sábado,8,26,Kennedy,Atropello,N/A,N/A,Con Heridos,0,0,0,0,0,1,1,0,0,0,0,0,0,0,0,0,0,0,0,0,0,0
167756,10499684,-74.19425926,4.63814667299999,KR 98C-CL 56I S 22,2019,Octubre,13,domingo,20,20,Bosa,Atropello,N/A,N/A,Con Heridos,0,0,0,0,1,1,1,0,0,0,0,0,0,0,0,0,0,0,0,0,0,0
167757,10499685,-74.092692853,4.60237128900002,CL 6-KR 23 02,2019,Octubre,11,viernes,17,43,Los Mártires,Choque,Vehículo,N/A,Solo Daños,0,0,0,0,1,0,0,0,0,0,0,0,0,0,0,0,0,0,0,0,0,0
167758,10499686,-74.139605851,4.57316496599998,AV AVENIDA BOYACA-KR 24 2,2019,Octubre,12,sábado,6,0,Tunjuelito,Caida de ocupante,N/A,N/A,Con Heridos,0,0,0,0,0,0,0,0,0,0,1,0,1,1,0,0,0,1,0,0,0,0
167759,10499687,-74.055422954,4.64219806199998,AV AVENIDA CIRCUNVALAR-CL 60 02,2019,Octubre,11,viernes,9,25,Chapinero,Choque,Vehículo,N/A,Solo Daños,0,0,0,0,0,0,0,0,0,0,0,0,0,0,0,0,0,0,0,0,0,0
167760,10500054,-74.0912894,4.75579383500002,KR 104-CL 154A 2,2019,Octubre,16,miércoles,5,50,Suba,Choque,Vehículo,N/A,Solo Daños,0,1,0,0,0,0,0,0,0,0,0,0,0,0,0,0,0,0,0,0,0,0
167761,10500055,-74.112823314,4.65189788499998,CL 22C-KR 68F 02,2019,Octubre,16,miércoles,20,30,Fontibón,Choque,Vehículo,N/A,Solo Daños,0,0,0,0,0,0,0,0,0,0,1,0,0,0,0,0,0,0,0,0,1,0
167762,10500056,-74.154996167,4.57577571299998,CL 68-KR 47 S 2,2019,Octubre,1,martes,6,51,Ciudad Bolívar,Choque,Vehículo,N/A,Solo Daños,0,0,0,0,0,0,0,0,0,0,0,0,0,0,0,0,0,0,0,0,0,0
167763,10500057,-74.071385391,4.61307454600001,CL 26-KR 13 02,2019,Octubre,16,miércoles,10,16,Santa Fe,Choque,Vehículo,N/A,Solo Daños,0,0,0,0,0,0,0,1,0,0,0,0,0,0,0,0,0,0,0,0,0,0
167764,10500058,-74.1643,4.59739999999999,KR 72-CL 57H S 2,2019,Octubre,12,sábado,22,0,Bosa,Choque,Vehículo,N/A,Solo Daños,0,0,0,0,0,0,0,0,0,0,1,0,0,0,0,0,0,0,0,0,1,0
167765,10500059,-74.078480159,4.59495445800002,CL 7-KR 8 02,2019,Octubre,17,jueves,9,30,Candelaria,Volcamiento,N/A,N/A,Solo Daños,0,0,0,0,0,1,0,0,0,0,0,0,0,0,0,0,0,0,0,0,0,0
167766,10500060,-74.089112531,4.65993107200001,CL 63-KR 60 02,2019,Octubre,17,jueves,17,20,Teusaquillo,Choque,Vehículo,N/A,Solo Daños,0,0,0,0,0,0,0,0,0,0,0,0,0,0,0,0,0,0,0,0,0,0
167767,10500061,-74.127904705,4.65082879599998,AC 13-KR 73 02,2019,Octubre,17,jueves,8,0,Fontibón,Choque,Vehículo,N/A,Solo Daños,0,0,0,0,0,0,0,0,0,0,0,0,0,0,0,0,0,0,0,0,0,0
167768,10500062,-74.143781035,4.60196642900002,KR 72-CL 40 S 2,2019,Octubre,17,jueves,20,0,Kennedy,Choque,Vehículo,N/A,Solo Daños,0,0,0,0,0,0,0,0,0,0,0,0,0,0,0,0,0,0,0,0,0,0
167769,10500063,-74.070175128,4.60450401899999,CL 19-KR 5 02,2019,Octubre,17,jueves,9,52,Santa Fe,Choque,Vehículo,N/A,Solo Daños,0,0,0,0,0,0,0,0,0,1,1,0,1,0,0,1,0,0,0,0,0,1
167770,10500064,-74.089547108,4.63284377700001,KR 40-CL 25 05,2019,Octubre,17,jueves,11,20,Teusaquillo,Choque,Vehículo,N/A,Solo Daños,0,1,0,0,0,0,0,0,0,0,0,0,0,0,0,0,0,0,0,0,0,0
167771,10500065,-74.061544816,4.66073762100001,AV AVENIDA CARACAS-CL 73 2,2019,Octubre,17,jueves,20,5,Chapinero,Choque,Vehículo,N/A,Solo Daños,0,1,0,0,0,0,0,0,0,0,0,0,0,0,0,0,0,0,0,0,0,0
167772,10500066,-74.102633958,4.644970543,CL 24-KR 60 02,2019,Octubre,17,jueves,10,49,Teusaquillo,Choque,Vehículo,N/A,Solo Daños,0,0,0,0,0,0,0,0,0,0,0,0,0,0,0,0,0,0,0,0,0,0
167773,10500067,-74.108437943,4.69130939500002,AV AVENIDA CIUDAD DE CALI-CL 68A 02,2019,Octubre,17,jueves,8,40,Engativá,Choque,Vehículo,N/A,Solo Daños,0,1,0,0,0,1,0,0,0,0,0,0,0,0,0,0,0,0,0,0,0,0
167774,10500068,-74.077749446,4.59820265600001,KR 9-CL 9 69,2019,Octubre,17,jueves,7,0,Candelaria,Choque,Vehículo,N/A,Solo Daños,0,0,0,0,0,0,0,0,0,1,0,0,0,0,0,0,0,0,0,0,0,1
167775,10500069,-74.079736631,4.63077884400002,KR 30-CL 40A 02,2019,Octubre,17,jueves,14,20,Teusaquillo,Choque,Vehículo,N/A,Solo Daños,0,0,0,0,0,0,0,0,0,1,0,0,0,0,0,0,0,0,0,0,0,1
167776,10500070,-74.105938416,4.70407731500001,CL 76A-KR 90A 02,2019,Octubre,17,jueves,11,30,Engativá,Choque,Vehículo,N/A,Solo Daños,0,0,0,0,0,0,0,0,0,0,1,0,0,0,0,0,0,0,0,0,0,0
167777,10500071,-74.074540747,4.60732294399997,CL 19-KR 12 2,2019,Octubre,17,jueves,17,20,Santa Fe,Choque,Vehículo,N/A,Solo Daños,0,0,0,0,0,1,0,0,0,0,0,0,0,0,0,0,0,0,0,0,0,0
167778,10500072,-74.078989986,4.62388837399999,CL 26-KR 28 02,2019,Octubre,17,jueves,9,13,Teusaquillo,Choque,Vehículo,N/A,Solo Daños,0,0,0,0,0,0,0,0,0,1,0,0,0,0,0,0,0,0,0,0,0,1
167779,10500073,-74.106646081,4.58645692800002,AV AVENIDA PRIMERA DE MAYO-KR 24F 02,2019,Octubre,17,jueves,9,0,Antonio Nariño,Choque,Vehículo,N/A,Con Heridos,0,0,0,0,0,1,0,1,0,0,0,0,0,0,0,0,0,0,0,0,0,0
167780,10500074,-74.065824599,4.59920763299999,AV AVENIDA CIRCUNVALAR-CL 17 02,2019,Octubre,15,martes,12,45,Santa Fe,Choque,Vehículo,N/A,Con Heridos,0,0,0,0,0,1,0,1,0,0,0,0,0,0,0,0,0,0,0,0,0,0
167781,10500075,-74.032017805,4.73116247899998,KR 9-CL 153 02,2019,Octubre,17,jueves,12,50,Usaquén,Choque,Vehículo,N/A,Con Heridos,0,0,1,0,0,1,0,0,0,0,0,0,0,0,0,0,0,0,0,0,0,0
167782,10500076,-74.111153822,4.54706331900002,CL 49BIS-KR 5 S 02,2019,Octubre,17,jueves,4,15,Rafael Uribe Uribe,Choque,Vehículo,N/A,Con Heridos,0,0,0,0,0,1,0,0,0,0,0,0,0,0,0,0,0,0,0,0,0,0
167783,10500077,-74.080518983,4.71228224999999,CL 127A-KR 78 44,2019,Octubre,17,jueves,11,30,Suba,Choque,Vehículo,N/A,Solo Daños,0,1,0,0,0,0,0,0,0,0,0,0,0,0,0,0,0,0,0,0,0,0
167784,10500078,-74.108728895,4.661777669,AC 26-KR 69D 91,2019,Octubre,17,jueves,8,59,Fontibón,Choque,Vehículo,N/A,Solo Daños,0,0,0,0,0,0,0,0,0,1,0,0,0,0,0,0,0,0,0,0,0,1
167785,10500450,-74.078997953,4.684059171,CL 80-KR 68 2,2019,Octubre,19,sábado,11,5,Barrios Unidos,Choque,Vehículo,N/A,Solo Daños,0,0,0,0,0,0,0,0,0,1,0,0,0,0,0,0,0,0,0,0,0,1
167786,10500451,-74.102103153,4.62711005800003,CL 20-KR 44 2,2019,Octubre,21,lunes,19,0,Puente Aranda,Choque,Vehículo,N/A,Solo Daños,0,0,0,0,0,0,0,0,0,0,0,0,0,0,0,0,0,0,0,0,0,0
167787,10500452,-74.054572533,4.70809485299998,KR 45A-CL 127 02,2019,Octubre,21,lunes,14,30,Suba,Choque,Vehículo,N/A,Solo Daños,0,0,0,0,0,0,0,0,0,0,0,0,0,0,0,0,0,0,0,0,0,0
167788,10500453,-74.086024919,4.67769288300002,AK 68-CL 72 2,2019,Octubre,21,lunes,18,0,Barrios Unidos,Choque,Vehículo,N/A,Solo Daños,0,0,0,0,0,0,0,0,0,0,0,0,0,0,0,0,0,0,0,0,0,0
167789,10500454,-74.068292133,4.72962632000002,CL 138-KR 59A 2,2019,Octubre,21,lunes,15,10,Suba,Choque,Vehículo,N/A,Solo Daños,0,0,0,0,0,0,0,0,0,0,1,0,1,0,0,0,1,0,0,0,0,0
167790,10500455,-74.107857954,4.59847333900001,AK 30-CL 11 S 02,2019,Octubre,21,lunes,5,55,Puente Aranda,Choque,Vehículo,N/A,Solo Daños,0,0,0,0,0,0,0,0,0,0,1,0,1,0,0,0,1,0,0,0,0,0
167791,10500456,-74.095242366,4.74831509199998,KR 104-CL 148 2,2019,Octubre,21,lunes,19,0,Suba,Choque,Vehículo,N/A,Solo Daños,0,0,0,0,0,0,0,0,0,0,0,0,0,0,0,0,0,0,0,0,0,0
167792,10500457,-74.068479346,4.60452952999998,KR 4-CL 20 2,2019,Octubre,21,lunes,9,48,Santa Fe,Choque,Vehículo,N/A,Solo Daños,0,0,0,0,0,1,0,0,0,0,0,0,0,0,0,0,0,0,0,0,0,0
167793,10500459,-74.141700102,4.69713399800003,AC 26-KR 113 85,2019,Octubre,21,lunes,10,45,Fontibón,Choque,Vehículo,N/A,Solo Daños,0,0,0,0,0,0,0,1,0,0,0,0,0,0,0,0,0,0,0,0,0,0
167794,10500460,-74.066242648,4.709836193,CL 127-KR 56A 2,2019,Octubre,21,lunes,18,37,Suba,Choque,Vehículo,N/A,Solo Daños,0,0,0,0,0,0,0,0,0,0,0,0,0,0,0,0,0,0,0,0,0,0
167795,10500461,-74.052625203,4.75063617900003,CL 168A-KR 53 2,2019,Octubre,21,lunes,13,56,Suba,Choque,Vehículo,N/A,Solo Daños,1,0,0,0,0,0,0,0,0,0,0,0,0,0,0,0,0,0,0,0,0,0
167796,10500462,-74.126620959,4.64951339300001,AV AVENIDA BOYACA-CL 17 2,2019,Octubre,21,lunes,4,0,Fontibón,Volcamiento,N/A,N/A,Con Heridos,0,0,0,0,0,1,0,0,0,0,0,0,0,0,0,0,0,0,0,0,0,0
167797,10500463,-74.084164328,4.65367846599997,CL 63-KR 50 2,2019,Octubre,21,lunes,6,40,Barrios Unidos,Choque,Vehículo,N/A,Solo Daños,0,0,0,0,0,1,0,0,0,0,0,0,0,0,0,0,0,0,0,0,0,0
167798,10500464,-74.138160297,4.63038048700002,AV AVENIDA DE LAS AMERICAS-AV AVENIDA BOYACA 2,2019,Octubre,21,lunes,22,27,Kennedy,Volcamiento,N/A,N/A,Solo Daños,0,0,0,0,0,0,0,0,0,0,1,0,0,0,0,0,0,0,0,0,0,0
167799,10500465,-74.168832196,4.59581581100002,AV AVENIDA DEL SUR-KR 73 2,2019,Octubre,21,lunes,11,30,Bosa,Choque,Vehículo,N/A,Solo Daños,0,1,0,0,0,0,0,0,0,0,1,0,0,0,0,0,0,0,0,0,0,0
167800,10500466,-74.09269325,4.63071005299997,KR 40-CL 24 2,2019,Octubre,21,lunes,8,30,Teusaquillo,Choque,Vehículo,N/A,Solo Daños,0,0,0,0,0,0,0,0,0,0,1,0,1,0,0,1,0,0,0,0,0,0
167801,10500467,-74.03771249,4.69064305500001,KR 9-CL 110 2,2019,Octubre,21,lunes,10,30,Usaquén,Choque,Vehículo,N/A,Solo Daños,0,0,0,0,0,0,0,0,0,0,1,0,1,0,0,1,0,0,0,0,0,0
167802,10500468,-74.172707574,4.59617296200003,AV AVENIDA DEL SUR-CL 74 S 2,2019,Octubre,21,lunes,6,30,Bosa,Choque,Vehículo,N/A,Solo Daños,0,1,0,0,0,0,0,0,0,0,0,0,0,0,0,0,0,0,0,0,0,0
167803,10500469,-74.02830223,4.76381594100002,KR 7A-CL 187A 2,2019,Octubre,21,lunes,6,22,Usaquén,Choque,Vehículo,N/A,Solo Daños,0,0,0,0,0,0,0,0,0,0,0,0,0,0,0,0,0,0,0,0,0,0
167804,10500470,-74.126279518,4.72776434399998,CL 80-KR 120 2,2019,Octubre,21,lunes,7,25,Engativá,Choque,Vehículo,N/A,Solo Daños,0,0,0,0,0,1,0,0,0,1,0,0,0,0,0,0,0,0,0,0,0,1
167805,10500471,-74.167226339,4.63105352500003,AV AVENIDA CIUDAD DE CALI-CL 42 S 02,2019,Octubre,21,lunes,7,30,Kennedy,Choque,Vehículo,N/A,Solo Daños,0,1,0,0,0,0,0,0,0,0,1,0,1,0,0,1,0,0,0,0,0,0
167806,10500472,-74.12691136,4.71436251099999,CL 72F-KR 112B 2,2019,Octubre,21,lunes,10,30,Engativá,Choque,Vehículo,N/A,Solo Daños,0,1,0,0,0,0,0,0,0,0,0,0,0,0,0,0,0,0,0,0,0,0
167807,10500473,-74.142964894,4.653188801,AV AVENIDA CIUDAD DE CALI-CL 12 02,2019,Octubre,21,lunes,9,15,Kennedy,Choque,Vehículo,N/A,Solo Daños,0,1,0,0,0,0,0,0,0,0,0,0,0,0,0,0,0,0,0,0,0,0
167808,10500474,-74.119629516,4.71947543700003,CL 80-KR 112A 2,2019,Octubre,21,lunes,12,30,Engativá,Choque,Vehículo,N/A,Solo Daños,0,1,0,0,0,0,0,0,0,0,0,0,0,0,0,0,0,0,0,0,0,0
167809,10500854,-74.069347513,4.69819277400001,AV AVENIDA SUBA-CL 115 02,2019,Octubre,25,viernes,15,40,Suba,Choque,Vehículo,N/A,Solo Daños,0,0,0,0,0,0,0,0,0,1,0,0,0,0,0,0,0,0,0,0,0,1
167810,10500855,-74.05866774,4.75513703799999,CL 170-KR 59 2,2019,Octubre,25,viernes,11,30,Suba,Choque,Vehículo,N/A,Solo Daños,0,0,0,0,0,0,0,0,0,0,1,0,0,0,0,0,0,0,0,0,1,0
167811,10500856,-74.171830927,4.61328493100001,AV AVENIDA PRIMERA DE MAYO-KR 79 02,2019,Octubre,25,viernes,7,52,Kennedy,Choque,Vehículo,N/A,Con Heridos,0,0,0,0,0,1,0,0,0,0,0,0,0,0,0,0,0,0,0,0,0,0
167812,10500857,-74.07895002,4.66725620300002,CL 68-KR 55 02,2019,Octubre,25,viernes,14,50,Barrios Unidos,Choque,Vehículo,N/A,Solo Daños,0,0,0,0,0,0,0,0,0,0,0,0,0,0,0,0,0,0,0,0,0,0
167813,10500858,-74.101655758,4.65152014199998,CL 26-KR 66C 2,2019,Octubre,25,viernes,12,15,Teusaquillo,Choque,Vehículo,N/A,Solo Daños,0,0,0,0,0,0,0,0,0,0,0,0,0,0,0,0,0,0,0,0,0,0
167814,10500859,-74.084982144,4.69673719000002,AV AVENIDA BOYACA-CL 93 02,2019,Octubre,25,viernes,15,20,Suba,Choque,Vehículo,N/A,Solo Daños,0,0,0,0,0,0,0,0,0,0,1,0,1,0,0,1,0,0,0,0,0,0
167815,10500860,-74.045718942,4.68362551299998,CL 100-KR 13 02,2019,Octubre,25,viernes,19,30,Usaquén,Choque,Vehículo,N/A,Con Heridos,0,0,0,0,0,1,0,0,0,0,0,0,0,0,0,0,0,0,0,0,0,0
167816,10500861,-74.138455579,4.55798752200002,AV AVENIDA BOYACA-KR 18BIS 2,2019,Octubre,25,viernes,20,20,Ciudad Bolívar,Choque,Vehículo,N/A,Solo Daños,0,0,0,0,0,0,0,0,0,0,1,0,0,0,0,0,0,0,0,0,1,0
167817,10500862,-74.095096515,4.69058291900001,CL 74-KR 73A 02,2019,Octubre,26,sábado,9,50,Engativá,Choque,Vehículo,N/A,Con Heridos,0,0,0,0,0,1,0,0,0,0,0,0,0,0,0,0,0,0,0,0,0,0
167818,10500863,-74.072807637,4.60696331600002,KR 9-CL 19 59,2019,Octubre,25,viernes,18,33,Santa Fe,Choque,Vehículo,N/A,Con Heridos,0,0,0,0,0,1,0,0,0,0,0,0,0,0,0,0,0,0,0,0,0,0
167819,10500864,-74.054867846,4.70747956700001,KR 45-CL 127 60,2019,Octubre,25,viernes,14,30,Usaquén,Choque,Vehículo,N/A,Con Heridos,1,0,0,0,0,0,0,1,0,0,0,0,0,0,0,0,0,0,0,0,0,0
167820,10500866,-74.028678186,4.70210321799999,KR 7-CL 127 02,2019,Octubre,25,viernes,5,50,Usaquén,Atropello,N/A,N/A,Con Heridos,1,0,0,0,0,1,1,1,0,0,0,0,0,0,0,0,0,0,0,0,0,0
167821,10500867,-74.0640021,4.646813162,CL 60-KR 13 2,2019,Octubre,25,viernes,18,38,Chapinero,Choque,Vehículo,N/A,Con Heridos,0,0,0,0,0,1,0,0,0,0,0,0,0,0,0,0,0,0,0,0,0,0
167822,10500868,-74.136082193,4.61499688200001,AC 26-KR 69CBIS S 02,2019,Octubre,25,viernes,9,59,Kennedy,Atropello,N/A,N/A,Con Heridos,0,0,0,0,0,0,1,0,0,0,1,0,1,0,0,1,0,0,0,0,0,0
167823,10500869,-74.079733253,4.66856511200001,CL 68-KR 57 2,2019,Octubre,25,viernes,13,26,Barrios Unidos,Choque,Vehículo,N/A,Con Heridos,1,0,0,0,0,1,0,0,0,0,0,0,0,0,0,0,0,0,0,0,0,0
167824,10500870,-74.110704145,4.56036308099999,DG 48A-TR 5J S 2,2019,Octubre,25,viernes,11,45,Rafael Uribe Uribe,Choque,Vehículo,N/A,Con Heridos,0,0,0,0,0,0,0,0,0,0,0,0,0,0,0,0,0,0,0,0,0,0
167825,10500871,-74.089183838,4.75067930199998,CL 152A-KR 99 60,2019,Octubre,25,viernes,23,30,Suba,Atropello,N/A,N/A,Con Heridos,0,0,0,0,0,0,1,0,0,0,0,0,0,0,0,0,0,0,0,0,0,0
167826,10500872,-74.066430871,4.58798836300002,KR 7-CL 6 E 19,2019,Octubre,25,viernes,6,40,Santa Fe,Caida de ocupante,N/A,N/A,Con Heridos,0,0,0,0,1,0,0,0,0,0,1,0,0,0,0,0,0,0,0,0,0,0
167827,10500874,-74.100307201,4.73603019500001,CL 132-KR 104 02,2019,Octubre,26,sábado,18,41,Suba,Choque,Vehículo,N/A,Con Heridos,0,0,1,0,0,1,0,0,0,0,0,0,0,0,0,0,0,0,0,0,0,0
167828,10500875,N/A,N/A,KR 72B-CL 53 2,2019,Octubre,25,viernes,14,42,Engativá,Choque,Vehículo,N/A,Con Heridos,1,0,0,0,0,0,0,0,0,0,0,0,0,0,0,0,0,0,0,0,0,0
167829,10500876,-74.096533744,4.67674941600001,KR 70-CL 65 2,2019,Octubre,25,viernes,15,30,Engativá,Choque,Vehículo,N/A,Con Heridos,1,0,0,0,0,0,0,0,0,0,0,0,0,0,0,0,0,0,0,0,0,0
167830,10500877,-74.163970508,4.585141464,CL 68-KR 70C S 2,2019,Octubre,25,viernes,16,0,Ciudad Bolívar,Atropello,N/A,N/A,Con Heridos,0,0,0,0,1,1,1,0,0,0,0,0,0,0,0,0,0,0,0,0,0,0
167831,10500878,-74.100412708,4.582265017,AV AVENIDA CARACAS-CL 19 S 14,2019,Octubre,26,sábado,7,46,Antonio Nariño,Choque,Vehículo,N/A,Con Heridos,0,0,0,0,0,1,0,0,0,0,0,0,0,0,0,0,0,0,0,0,0,0
167832,10500879,-74.105770158,4.50667868300002,CL 84-KR 1 S 02,2019,Octubre,24,jueves,12,55,Usme,Choque,Vehículo,N/A,Con Heridos,0,0,0,0,0,1,0,0,0,0,0,0,0,0,0,0,0,0,0,0,0,0
167833,10500880,-74.139088588,4.54488711900001,KR 17F-CL 73 S 2,2019,Octubre,26,sábado,12,10,Ciudad Bolívar,Atropello,N/A,N/A,Con Heridos,0,0,0,0,0,1,1,1,0,0,0,0,0,0,0,0,0,0,0,0,0,0
167834,10501259,-74.125027554,4.72603610499999,CL 80-KR 119 02,2019,Octubre,26,sábado,8,25,Engativá,Choque,Vehículo,N/A,Solo Daños,0,1,0,0,0,0,0,0,0,0,0,0,0,0,0,0,0,0,0,0,0,0
167835,10501260,-74.094986284,4.66424327700003,KR 68-CL 53 2,2019,Octubre,27,domingo,9,40,Teusaquillo,Choque,Vehículo,N/A,Solo Daños,0,1,0,0,0,0,0,0,0,0,0,0,0,0,0,0,0,0,0,0,0,0
167836,10501261,-74.090815422,4.68327084800001,CL 72-KR 69M 02,2019,Octubre,26,sábado,18,40,Engativá,Choque,Vehículo,N/A,Solo Daños,0,0,0,0,0,0,0,0,0,0,1,0,1,0,0,1,0,0,0,0,0,0
167837,10501262,-74.163606629,4.614934764,AV AVENIDA PRIMERA DE MAYO-CL 44A S 30,2019,Octubre,26,sábado,11,45,Kennedy,Choque,Vehículo,N/A,Solo Daños,0,0,0,0,0,0,0,0,0,0,1,0,1,0,0,1,0,0,0,0,0,0
167838,10501263,-74.121853264,4.72129296000003,KR 114-CL 79 2,2019,Octubre,27,domingo,14,5,Engativá,Choque,Vehículo,N/A,Solo Daños,1,0,0,0,0,0,0,0,0,0,0,0,0,0,0,0,0,0,0,0,0,0
167839,10501264,-74.091352746,4.69664117799999,CL 80-KR 73B 2,2019,Octubre,27,domingo,16,50,Engativá,Choque,Vehículo,N/A,Solo Daños,0,0,0,0,0,0,0,0,0,0,1,0,1,0,0,1,0,0,0,0,0,0
167840,10501265,-74.115851448,4.66184349700001,AV AVENIDA BOYACA-CL 24 02,2019,Octubre,29,martes,22,0,Fontibón,Choque,Vehículo,N/A,Solo Daños,0,0,0,0,0,0,0,0,0,1,0,0,0,0,0,0,0,0,0,0,0,1
167841,10501266,-74.124154975,4.716899549,KR 112C-CL 77 2,2019,Octubre,27,domingo,9,51,Engativá,Choque,Vehículo,N/A,Solo Daños,0,0,0,0,0,0,0,0,0,0,0,0,0,0,0,0,0,0,0,0,1,0
167842,10501267,-74.057117743,4.719377108,CL 134-KR 51 02,2019,Octubre,29,martes,6,20,Suba,Choque,Vehículo,N/A,Solo Daños,0,0,0,0,0,0,0,0,0,0,1,0,0,0,0,0,0,0,0,0,1,0
167843,10501268,-74.164203638,4.63728146300002,KR 87C-CL 35B S 46,2019,Octubre,27,domingo,14,43,Kennedy,Choque,Vehículo,N/A,Solo Daños,0,0,0,0,0,0,0,0,0,0,0,0,0,0,0,0,0,0,0,0,0,0
167844,10501269,-74.139964668,4.61754215899998,AK 72-CL 31 S 93,2019,Octubre,27,domingo,10,0,Kennedy,Choque,Vehículo,N/A,Solo Daños,0,0,0,0,0,0,0,0,0,0,1,0,0,0,0,0,0,0,0,0,0,0
167845,10501270,-74.044375725,4.76158526099999,AV AVENIDA PASEO DE LOS LIBERTADORES-CL 184 02,2019,Octubre,29,martes,10,12,Usaquén,Choque,Vehículo,N/A,Solo Daños,0,1,0,0,0,0,0,0,0,1,0,0,0,0,0,0,0,0,0,0,0,1
167846,10501271,-74.0487,4.66539999999998,KR 8-CL 84C 02,2019,Octubre,29,martes,12,18,Chapinero,Choque,Vehículo,N/A,Solo Daños,0,1,0,0,0,0,0,0,0,0,0,0,0,0,0,0,0,0,0,0,0,0
167847,10501272,-74.103445011,4.50066496300002,KR 5-CL 89C ES 2,2019,Octubre,27,domingo,1,0,Usme,Choque,Vehículo,N/A,Solo Daños,0,0,1,0,0,0,0,0,0,0,0,0,0,0,0,0,0,0,0,0,0,0
167848,10501273,-74.121254073,4.53190723400002,AV AVENIDA CARACAS-AC 65 S 2,2019,Octubre,30,miércoles,6,5,Usme,Volcamiento,N/A,N/A,Con Muertos,0,0,0,0,0,1,0,0,0,0,1,0,1,1,0,0,0,0,0,1,0,0
167849,10501274,-74.083443973,4.62397412500002,KR 30-CL 23A 47,2019,Octubre,29,martes,10,16,Teusaquillo,Choque,Vehículo,N/A,Solo Daños,0,0,0,0,0,0,0,1,0,0,0,0,0,0,0,0,0,0,0,0,0,0
167850,10501275,-74.104498926,4.75104613500002,KR 145-CL 116 2,2019,Octubre,28,lunes,0,16,Usaquén,Choque,Vehículo,N/A,Solo Daños,0,0,0,0,0,0,0,0,0,0,0,0,0,0,0,0,0,0,0,0,0,0
167851,10501276,-74.0723006,4.65845526999999,CL 66-KR 27 02,2019,Octubre,29,martes,11,15,Barrios Unidos,Choque,Vehículo,N/A,Solo Daños,0,0,0,0,0,0,0,0,0,0,1,0,1,0,0,1,0,0,0,0,0,0
167852,10501277,-74.107169231,4.59813142299998,KR 30-CL 8 S 2,2019,Octubre,28,lunes,1,55,Puente Aranda,Choque,Vehículo,N/A,Solo Daños,0,0,0,0,0,0,0,0,0,0,1,0,0,0,0,0,0,0,0,0,0,0
167853,10501278,-74.147745289,4.69213638000002,CL 24-KR 118B 02,2019,Octubre,29,martes,10,55,Fontibón,Choque,Vehículo,N/A,Solo Daños,0,1,0,0,0,0,0,1,0,0,0,0,0,0,0,0,0,0,0,0,0,0
167854,10501279,-74.069666468,4.67195906000001,KR 30-CL 78 2,2019,Octubre,28,lunes,4,50,Barrios Unidos,Volcamiento,N/A,N/A,Solo Daños,0,0,0,0,0,0,0,0,0,0,0,0,0,0,0,0,0,0,0,0,0,0
167855,10501280,-74.087543226,4.61946826899998,KR 30-CL 19 02,2019,Octubre,29,martes,15,0,Puente Aranda,Choque,Vehículo,N/A,Solo Daños,0,0,0,0,0,0,0,1,0,0,0,0,0,0,0,0,0,0,0,0,0,0
167856,10501281,-74.052132017,4.71502260400001,CL 128D-KR 45 02,2019,Octubre,29,martes,22,3,Usaquén,Choque,Vehículo,N/A,Solo Daños,0,0,0,0,0,1,0,0,0,0,0,0,0,0,0,0,0,0,0,0,0,0
167857,10501282,-74.060285825,4.721246576,CL 134-KR 54 2,2019,Octubre,29,martes,17,0,Suba,Choque,Vehículo,N/A,Solo Daños,0,0,1,0,0,0,0,0,0,0,0,0,0,0,0,0,0,0,0,0,0,0
167859,10501657,-74.056085227,4.65361539499997,KR 7-CL 70A 2,2019,Octubre,30,miércoles,23,0,Chapinero,Atropello,N/A,N/A,Con Heridos,0,0,0,0,0,0,1,0,0,0,0,0,0,0,0,0,0,0,0,0,0,0
167879,10501678,-74.116971844,4.59496499300002,TR 35-CL 30 S 02,2019,Octubre,31,jueves,23,20,Antonio Nariño,Atropello,N/A,N/A,Con Heridos,0,0,0,0,0,0,1,0,0,0,0,0,0,0,0,0,0,0,0,0,0,0
167933,10502818,-74.0857,4.56799999999998,KR 9B-CL 22B ES 2,2019,Octubre,22,martes,6,45,San Cristóbal,Choque,Vehículo,N/A,Con Heridos,0,0,0,0,0,1,0,0,0,1,0,0,0,0,0,0,0,0,0,0,0,1
167941,10502826,-74.093516921,4.55021391499997,CL 41-KR 3C SE 2,2019,Octubre,8,martes,7,30,San Cristóbal,Choque,Vehículo,N/A,Con Heridos,0,0,0,0,0,1,0,0,0,1,0,0,0,0,0,0,0,0,0,0,0,1
168062,10498515,-74.125208532,4.68505297500002,CL 26-KR 95 2,2019,Octubre,1,martes,22,0,Fontibón,Choque,Vehículo,N/A,Solo Daños,0,0,0,0,0,0,0,0,0,0,1,0,1,0,1,0,0,0,0,0,0,0
168066,10498519,-74.043706403,4.76582847399999,KR 45-CL 188 2,2019,Octubre,1,martes,16,0,Usaquén,Choque,Vehículo,N/A,Solo Daños,0,1,0,0,0,0,0,0,0,0,0,0,0,0,0,0,0,0,0,0,0,0
168068,10498521,-74.10221108,4.62331920700001,KR 43-CL 12B 06,2019,Octubre,1,martes,22,10,Puente Aranda,Choque,Vehículo,N/A,Solo Daños,0,0,0,0,0,0,0,0,0,0,0,0,0,0,0,0,0,0,0,0,0,0
168069,10498522,-74.075338899,4.66504713500001,AK 30-CL 70 99,2019,Octubre,1,martes,13,30,Barrios Unidos,Choque,Vehículo,N/A,Solo Daños,0,0,0,0,0,0,0,0,0,1,0,0,0,0,0,0,0,0,0,0,0,1
168070,10498523,-74.12051539,4.71878874200002,KR 112A-CL 79 2,2019,Octubre,1,martes,7,0,Engativá,Choque,Vehículo,N/A,Solo Daños,0,0,0,0,0,1,0,0,0,0,0,0,0,0,0,0,0,0,0,0,0,0
168071,10498524,-74.084047777,4.61480489399997,CL 19-KR 24A 26,2019,Octubre,1,martes,12,37,Los Mártires,Choque,Vehículo,N/A,Solo Daños,0,0,0,0,0,0,0,1,0,0,0,0,0,0,0,0,0,0,0,0,0,0
168072,10498525,-74.10264602,4.69337782899999,CL 72-KR 80C 45,2019,Octubre,1,martes,16,45,Engativá,Choque,Vehículo,N/A,Solo Daños,0,0,0,0,0,0,0,0,0,0,1,0,1,0,0,1,0,0,0,0,0,0
168075,10498528,N/A,N/A,KR 7G-CL 69A 02,2019,Octubre,1,martes,14,15,Chapinero,Choque,Vehículo,N/A,Solo Daños,0,0,0,0,0,0,0,0,0,0,0,0,0,0,0,0,0,0,0,0,1,0
168076,10498529,-74.1843,4.63249999999999,KR 86A-CL 53 S 2,2019,Octubre,1,martes,17,25,Bosa,Choque,Vehículo,N/A,Solo Daños,0,1,0,0,0,0,0,0,0,0,0,0,0,0,0,0,0,0,0,0,0,0
168078,10498531,-74.079314712,4.61593271200002,KR 19-CL 22C 2,2019,Octubre,1,martes,7,40,Los Mártires,Choque,Vehículo,N/A,Solo Daños,0,0,0,0,0,0,0,0,0,0,1,0,1,0,0,1,0,0,0,0,0,0
168079,10498903,-74.030098134,4.70795004199999,CL 129-KR 7BBIS 02,2019,Octubre,4,viernes,11,10,Usaquén,Choque,Vehículo,N/A,Solo Daños,0,0,0,0,0,0,0,1,0,0,0,0,0,0,0,0,0,0,0,0,0,0
168080,10498904,-74.065282823,4.59993359999999,AV AVENIDA CIRCUNVALAR-CL 18 55,2019,Octubre,4,viernes,16,15,Santa Fe,Choque,Vehículo,N/A,Solo Daños,0,0,0,0,0,0,0,0,0,0,0,0,0,0,0,0,0,0,0,0,0,0
168081,10498905,-74.186916851,4.61975231999998,KR 86-CL 59A S 2,2019,Octubre,5,sábado,0,48,Bosa,Choque,Vehículo,N/A,Con Heridos,0,0,0,0,0,0,0,0,0,0,0,0,0,0,0,0,0,0,0,0,0,0
168082,10498906,-74.045718942,4.68362551299998,CL 100-KR 13 02,2019,Octubre,4,viernes,11,0,Usaquén,Choque,Vehículo,N/A,Solo Daños,0,1,0,0,0,0,0,0,0,0,0,0,0,0,0,0,0,0,0,0,1,0
168083,10498907,-74.102742852,4.48595405399999,KR 7C-CL 111 ES 2,2019,Octubre,5,sábado,6,20,Usme,Choque,Vehículo,N/A,Con Muertos,1,0,0,0,0,1,0,1,0,0,0,1,0,0,0,0,0,0,0,0,0,0
168084,10498908,-74.2046,4.62220000000002,KR 80G-CL 78 S 02,2019,Octubre,4,viernes,13,30,Bosa,Choque,Vehículo,N/A,Con Heridos,0,0,0,0,0,1,0,0,0,0,1,0,1,0,0,1,0,0,0,0,0,0
168085,10498909,-74.12668578,4.61722820199998,AK 68-CL 12 S 58,2019,Octubre,4,viernes,14,9,Puente Aranda,Choque,Vehículo,N/A,Con Heridos,0,1,0,0,0,1,0,0,0,0,0,0,0,0,0,0,0,0,0,0,0,0
168087,10498912,-74.127827264,4.66901056199998,AV AVENIDA CIUDAD DE CALI-CL 23 2,2019,Octubre,4,viernes,15,30,Fontibón,Choque,Vehículo,N/A,Con Heridos,0,1,0,0,0,0,0,0,0,0,0,0,0,0,0,0,0,0,0,0,0,0
168088,10498913,-74.090345427,4.57678170100002,CL 17-KR 7B S 02,2019,Octubre,4,viernes,6,0,San Cristóbal,Choque,Vehículo,N/A,Solo Daños,0,1,0,0,0,0,0,0,0,0,0,0,0,0,0,0,0,0,0,0,0,0
168089,10498914,-74.125807175,4.62946473,AV AVENIDA DE LAS AMERICAS-CL 6A 2,2019,Octubre,4,viernes,18,50,Kennedy,Choque,Vehículo,N/A,Solo Daños,0,0,0,0,0,0,0,0,0,0,1,0,0,0,0,0,0,0,0,0,1,0
168090,10498915,-74.074,4.73809999999997,KR 76-CL 146BBIS 02,2019,Octubre,4,viernes,7,0,Suba,Choque,Vehículo,N/A,Solo Daños,0,1,0,0,0,0,0,0,0,0,0,0,0,0,0,0,0,0,0,0,0,0
168091,10498916,-74.065526816,4.64408177899998,AV AVENIDA CARACAS-CL 57 2,2019,Octubre,4,viernes,5,45,Chapinero,Choque,Vehículo,N/A,Con Heridos,0,0,0,0,0,1,0,0,0,0,0,0,0,0,0,0,0,0,0,0,0,0
168092,10498917,-74.116728211,4.68629876900002,CL 63-KR 86 2,2019,Octubre,6,domingo,20,2,Engativá,Choque,Vehículo,N/A,Con Heridos,0,0,0,0,0,0,0,0,0,1,0,0,0,0,0,0,0,0,0,0,0,1
168093,10498918,-74.097960312,4.734146055,KR 102A-CL 131 02,2019,Octubre,6,domingo,5,0,Suba,Choque,Vehículo,N/A,Con Heridos,0,0,0,0,0,1,0,0,0,0,1,0,0,0,0,0,0,0,0,0,0,0
168094,10498919,-74.108511315,4.62004390499999,TR 43B-DG 5F 2,2019,Octubre,6,domingo,19,18,Puente Aranda,Choque,Vehículo,N/A,Con Heridos,0,0,0,0,0,1,0,0,0,0,0,0,0,0,0,0,0,0,0,0,0,0
168095,10498920,-74.043504801,4.68255125399997,CL 100-KR 11 2,2019,Octubre,3,jueves,17,40,Usaquén,Choque,Vehículo,N/A,Con Heridos,0,0,0,0,0,1,0,0,0,1,1,0,1,0,0,1,0,0,0,0,0,1
168096,10498921,-74.089706191,4.59131846399998,AV AVENIDA CARACAS-CL 0 1,2019,Octubre,5,sábado,14,30,Antonio Nariño,Choque,Vehículo,N/A,Con Heridos,0,0,0,0,0,1,0,0,0,0,0,0,0,0,0,0,0,0,0,0,0,0
168097,10498922,-74.071764209,4.62089605300002,CL 32-KR 16 2,2019,Octubre,6,domingo,2,58,Chapinero,Choque,Vehículo,N/A,Con Heridos,0,0,0,0,0,0,0,0,0,0,0,0,0,0,0,0,0,0,0,0,0,0
168098,10498923,-74.125911167,4.61966310000003,KR 68-CL 3 S 2,2019,Octubre,3,jueves,13,3,Puente Aranda,Choque,Vehículo,N/A,Con Heridos,0,0,0,0,0,0,0,1,0,0,0,0,0,0,0,0,0,0,0,0,0,0
168099,10498924,-74.119949045,4.51677876000002,KR 14L-CL 73C S 2,2019,Octubre,6,domingo,4,0,Usme,Choque,Vehículo,N/A,Con Muertos,0,0,1,0,0,1,0,0,0,1,0,0,0,0,0,0,0,0,0,0,0,1
168100,10498925,-74.100213683,4.58493182699999,KR 17-CL 17 S 02,2019,Octubre,5,sábado,5,55,Antonio Nariño,Choque,Vehículo,N/A,Con Heridos,0,0,0,0,0,1,0,0,0,0,0,0,0,0,0,0,0,0,0,0,0,0
168101,10498926,-74.077408183,4.63954481100001,AC 80-KR 28 10,2019,Octubre,6,domingo,6,30,Barrios Unidos,Choque,Vehículo,N/A,Con Heridos,0,0,0,0,0,1,0,0,0,0,0,0,0,0,0,0,0,0,0,0,0,0
168102,10498927,-74.134300988,4.61252901400002,AV AVENIDA PRIMERA DE MAYO-KR 69 02,2019,Octubre,5,sábado,16,30,Kennedy,Choque,Vehículo,N/A,Con Heridos,0,1,0,0,0,1,0,0,0,0,0,0,0,0,0,0,0,0,0,0,0,0
168103,10498928,-74.132467677,4.70491007200002,CL 65B-KR 111C 2,2019,Octubre,3,jueves,13,5,Engativá,Choque,Vehículo,N/A,Con Heridos,0,0,0,0,1,0,0,0,0,1,0,0,0,0,0,0,0,0,0,0,0,1
168104,10499293,-74.1292,4.64659999999998,KR 72-CL 12B 2,2019,Octubre,8,martes,16,52,Kennedy,Choque,Vehículo,N/A,Solo Daños,0,0,0,0,0,0,0,0,0,0,0,0,0,0,0,0,0,0,0,0,0,0
168105,10499294,-74.101701681,4.70345438099997,CL 80-KR 86 2,2019,Octubre,8,martes,1,45,Engativá,Choque,Vehículo,N/A,Solo Daños,0,0,0,0,0,0,0,1,0,0,0,0,0,0,0,0,0,0,0,0,0,0
168106,10499296,-74.070695239,4.63712229399999,CL 49-KR 18 2,2019,Octubre,8,martes,17,15,Teusaquillo,Choque,Vehículo,N/A,Solo Daños,0,0,0,0,0,0,0,0,0,0,0,0,0,0,0,0,0,0,0,0,0,0
168107,10499297,-74.09116623,4.59741745500003,DG 4A-KR 19 02,2019,Octubre,8,martes,6,13,Los Mártires,Choque,Vehículo,N/A,Solo Daños,0,1,0,0,0,1,0,1,0,0,0,0,0,0,0,0,0,0,0,0,0,0
168108,10499298,-74.064909005,4.62950937699998,KR 7-CL 42 02,2019,Octubre,8,martes,7,25,Chapinero,Choque,Vehículo,N/A,Solo Daños,0,0,0,0,0,0,0,0,0,0,1,0,0,0,0,0,0,0,0,0,0,0
168109,10499299,-74.124813819,4.64702886499998,CL 13-KR 69F 2,2019,Octubre,8,martes,20,48,Fontibón,Choque,Vehículo,N/A,Solo Daños,0,0,0,0,0,0,0,0,0,0,1,0,0,0,0,0,0,0,0,0,0,0
168110,10499300,-74.045311207,4.76052284799999,AK 45-CL 183 2,2019,Octubre,7,lunes,18,10,Usaquén,Choque,Vehículo,N/A,Solo Daños,0,1,0,0,0,0,0,0,0,0,0,0,0,0,0,0,0,0,0,0,0,0
168111,10499301,-74.164609957,4.59602811799999,AV AVENIDA DEL SUR-KR 72 2,2019,Octubre,8,martes,18,0,Bosa,Choque,Vehículo,N/A,Solo Daños,0,0,0,0,0,0,0,0,0,0,1,0,1,0,0,0,1,0,0,0,0,0
168112,10499302,-74.063653546,4.66144346900001,CL 72A-KR 20B 02,2019,Octubre,8,martes,8,15,Barrios Unidos,Choque,Vehículo,N/A,Solo Daños,0,0,0,0,0,0,0,0,0,1,0,0,0,0,0,0,0,0,0,0,0,1
168113,10499303,-74.124475828,4.64688032200002,KR 69F-CL 17 2,2019,Octubre,8,martes,14,30,Fontibón,Choque,Vehículo,N/A,Solo Daños,0,1,0,0,0,0,0,0,0,0,0,0,0,0,0,0,0,0,0,0,0,0
168114,10499304,-74.103530253,4.48862280899999,CL 105-KR 7 SE 2,2019,Octubre,8,martes,12,0,Usme,Choque,Vehículo,N/A,Solo Daños,0,0,0,0,0,0,0,0,0,0,1,0,1,0,0,1,0,0,0,0,0,0
168115,10499305,-74.040410065,4.760297579,CL 183-KR 19A 2,2019,Octubre,7,lunes,15,36,Usaquén,Choque,Vehículo,N/A,Solo Daños,0,1,0,0,0,0,0,0,0,0,0,0,0,0,0,0,0,0,0,0,0,0
168116,10499306,-74.044345,4.68966297999998,CL 106-KR 14 02,2019,Octubre,8,martes,8,1,Usaquén,Choque,Vehículo,N/A,Solo Daños,0,0,0,0,0,0,0,0,0,1,0,0,0,0,0,0,0,0,0,0,0,1
168117,10499307,-74.129442875,4.64730071600002,AV AVENIDA BOYACA-CL 16 2,2019,Octubre,7,lunes,13,30,Kennedy,Choque,Vehículo,N/A,Solo Daños,0,1,0,0,0,0,0,0,0,0,0,0,0,0,0,0,0,0,0,0,0,0
168118,10499308,-74.095778289,4.64109067800001,CL 26-KR 51 80,2019,Octubre,8,martes,14,17,Teusaquillo,Choque,Vehículo,N/A,Solo Daños,0,0,0,0,0,1,0,0,0,0,0,0,0,0,0,0,0,0,0,0,0,0
168119,10499309,-74.153304159,4.63590288300003,AV AVENIDA DE LAS AMERICAS-KR 80 02,2019,Octubre,8,martes,12,50,Kennedy,Choque,Vehículo,N/A,Solo Daños,0,1,0,0,0,0,0,0,0,0,0,0,0,0,0,0,0,0,0,0,0,0
168120,10499310,-74.109343612,4.65237615199999,KR 68B-CL 24 32,2019,Octubre,8,martes,5,15,Fontibón,Choque,Vehículo,N/A,Solo Daños,0,0,0,0,0,0,0,0,0,1,0,0,0,0,0,0,0,0,0,0,0,1
168121,10499311,-74.107874426,4.59026235300001,KR 27-CL 18 S 2,2019,Octubre,8,martes,14,0,Antonio Nariño,Choque,Vehículo,N/A,Solo Daños,0,0,0,0,0,0,0,0,0,1,0,0,0,0,0,0,0,0,0,0,0,1
168122,10499312,-74.136077817,4.65971863599998,CL 13-KR 86 02,2019,Octubre,8,martes,12,0,Fontibón,Choque,Vehículo,N/A,Solo Daños,0,1,0,0,0,0,0,0,0,0,1,0,0,0,0,0,0,0,0,0,0,0
168123,10499313,-74.096909271,4.61430736300002,CL 11A-KR 33 2,2019,Octubre,7,lunes,18,0,Puente Aranda,Choque,Vehículo,N/A,Solo Daños,0,1,0,0,0,0,0,1,0,0,0,0,0,0,0,0,0,0,0,0,0,0
168124,10499314,-74.054498713,4.65986501200001,CL 76-KR 9 2,2019,Octubre,7,lunes,22,30,Chapinero,Choque,Vehículo,N/A,Solo Daños,0,0,0,0,0,0,0,0,0,1,1,0,1,1,0,0,0,0,0,1,0,1
168125,10499315,-74.136066202,4.65945564200001,CL 13-KR 86 02,2019,Octubre,8,martes,12,30,Fontibón,Choque,Vehículo,N/A,Solo Daños,0,1,0,0,0,0,0,0,0,0,0,0,0,0,0,0,0,0,0,0,0,0
168126,10499316,-74.181152646,4.59703583700002,AV AVENIDA DEL SUR-CL 65A S 2,2019,Octubre,7,lunes,16,30,Bosa,Choque,Vehículo,N/A,Solo Daños,0,1,0,0,0,0,0,0,0,0,0,0,0,0,0,0,0,0,0,0,0,0
168127,10499317,-74.10101746,4.69509035300001,CL 74-KR 80C 02,2019,Octubre,8,martes,7,20,Engativá,Choque,Vehículo,N/A,Solo Daños,0,0,0,0,0,0,0,0,0,0,0,0,0,0,0,0,0,0,0,0,0,0
168128,10499318,-74.068630094,4.60805794200002,KR 5-CL 23 2,2019,Octubre,7,lunes,17,35,Santa Fe,Choque,Vehículo,N/A,Solo Daños,0,0,0,0,0,1,0,0,0,0,0,0,0,0,0,0,0,0,0,0,0,0
168129,10499319,-74.107259224,4.603403383,CL 1F-KR 33 2,2019,Octubre,8,martes,6,30,Puente Aranda,Choque,Vehículo,N/A,Solo Daños,0,0,0,0,0,0,0,1,0,1,0,0,0,0,0,0,0,0,0,0,0,1
168130,10499688,-74.201855178,4.63599582699999,KR 100-CL 69 S 48,2019,Octubre,13,domingo,17,11,Bosa,Atropello,N/A,N/A,Con Heridos,0,0,0,0,1,1,1,0,0,0,0,0,0,0,0,0,0,0,0,0,0,0
168131,10499689,-74.116669132,4.71569849500003,CL 80-KR 107 2,2019,Octubre,12,sábado,20,36,Engativá,Atropello,N/A,N/A,Con Muertos,0,0,0,0,0,1,1,0,0,0,0,0,0,0,0,0,0,0,0,0,0,0
168132,10499690,-74.086024919,4.67769288300002,KR 68-CL 72 02,2019,Octubre,11,viernes,17,45,Barrios Unidos,Choque,Vehículo,N/A,Solo Daños,0,0,0,0,0,0,0,0,0,0,0,0,0,0,0,0,0,0,0,0,0,0
168133,10499691,-74.086555292,4.50216268499997,KR 15-CL 89 ES 02,2019,Octubre,14,lunes,15,57,Usme,Atropello,N/A,N/A,Con Muertos,0,0,0,0,0,1,1,1,0,0,0,0,0,0,0,0,0,0,0,0,0,0
168134,10499692,-74.108669521,4.67974617599998,CL 63B-KR 77A 2,2019,Octubre,12,sábado,9,46,Engativá,Caida de ocupante,N/A,N/A,Con Heridos,0,0,0,0,0,0,0,0,0,0,1,0,1,0,0,0,1,0,0,0,0,0
168135,10499693,-74.081566958,4.60108176900002,AV AVENIDA CARACAS-CL 10 02,2019,Octubre,11,viernes,15,6,Santa Fe,Choque,Vehículo,N/A,Solo Daños,0,0,0,0,0,0,0,0,0,0,0,0,0,0,0,0,0,0,0,0,0,0
168136,10499694,-74.148099457,4.54720392799999,DG 70-TR 18IBIS S 02,2019,Octubre,14,lunes,15,10,Ciudad Bolívar,Atropello,N/A,N/A,Con Heridos,0,0,0,0,0,1,1,1,0,0,0,0,0,0,0,0,0,0,0,0,0,0
168137,10499695,-74.135280117,4.58687556000001,CL 49B-KR 35 S 2,2019,Octubre,14,lunes,6,15,Tunjuelito,Atropello,N/A,N/A,Con Heridos,0,0,0,0,0,1,1,0,0,0,0,0,0,0,0,0,0,0,0,0,0,0
168138,10499696,-74.14212723,4.65403414299999,AV AVENIDA CIUDAD DE CALI-CL 13A 02,2019,Octubre,11,viernes,13,35,Kennedy,Choque,Vehículo,N/A,Solo Daños,0,1,0,0,0,0,0,0,0,0,0,0,0,0,0,0,0,0,0,0,0,0
168139,10499697,-74.1442851,4.64265190600003,KR 80-CL 8B 37,2019,Octubre,11,viernes,19,20,Kennedy,Choque,Vehículo,N/A,Solo Daños,0,0,0,0,0,0,0,0,0,0,0,0,0,0,0,0,0,0,0,0,0,0
168140,10499698,-74.158141417,4.63911406699998,AK 86-CL 2 03,2019,Octubre,11,viernes,20,42,Kennedy,Choque,Vehículo,N/A,Solo Daños,0,0,0,0,0,0,0,0,0,1,0,0,0,0,0,0,0,0,0,0,0,1
168141,10499699,-74.032816502,4.701326177,KR 9-CL 125 2,2019,Octubre,11,viernes,13,25,Usaquén,Choque,Vehículo,N/A,Solo Daños,0,1,0,0,0,0,0,0,0,0,0,0,0,0,0,0,0,0,0,0,0,0
168142,10499700,-74.112823314,4.65189788499998,CL 22C-KR 68F 02,2019,Octubre,11,viernes,10,0,Fontibón,Choque,Vehículo,N/A,Solo Daños,0,0,0,0,0,0,0,0,0,0,1,0,0,0,0,0,0,0,0,0,0,0
168143,10499701,-74.130439226,4.57597958399998,CL 48C-KR 23C S 02,2019,Octubre,11,viernes,8,0,Tunjuelito,Choque,Vehículo,N/A,Solo Daños,0,0,1,0,0,0,0,0,0,1,0,0,0,0,0,0,0,0,0,0,0,1
168144,10499702,-74.0645,4.63690899400001,CL 50-KR 9 S 2,2019,Octubre,11,viernes,16,50,San Cristóbal,Choque,Vehículo,N/A,Solo Daños,0,0,0,0,0,0,0,1,0,0,0,0,0,0,0,0,0,0,0,0,0,0
168145,10499704,-74.043451764,4.74089762300002,CL 161-KR 19A 02,2019,Octubre,11,viernes,12,20,Usaquén,Choque,Vehículo,N/A,Solo Daños,0,0,0,0,0,1,0,1,0,0,0,0,0,0,0,0,0,0,0,0,0,0
168146,10499705,-74.098954833,4.69224012500001,CL 73-KR 77A 2,2019,Octubre,11,viernes,14,40,Engativá,Choque,Vehículo,N/A,Solo Daños,0,0,0,0,0,0,0,0,0,0,0,0,0,0,0,0,0,0,0,0,0,0
168147,10499706,-74.077386368,4.62918118699997,CL 39A-KR 26A 02,2019,Octubre,11,viernes,19,30,Teusaquillo,Choque,Vehículo,N/A,Solo Daños,0,0,0,0,0,0,0,0,0,1,0,0,0,0,0,0,0,0,0,0,0,1
168148,10499707,-74.064173663,4.68439460899998,CL 94C-KR 57 02,2019,Octubre,11,viernes,7,40,Barrios Unidos,Choque,Vehículo,N/A,Solo Daños,0,0,0,0,1,0,0,0,0,1,0,0,0,0,0,0,0,0,0,0,0,1
168149,10499708,-74.13974188,4.70887527100001,KR 113B-CL 63I 2,2019,Octubre,11,viernes,20,13,Engativá,Choque,Vehículo,N/A,Solo Daños,0,0,0,0,0,0,0,0,0,0,0,0,0,0,0,0,0,0,0,0,0,0
168150,10499709,-74.138775013,4.56412352900003,AV AVENIDA BOYACA-CL 59A S 02,2019,Octubre,11,viernes,18,5,Ciudad Bolívar,Choque,Vehículo,N/A,Solo Daños,0,1,0,0,0,0,0,0,0,0,0,0,0,0,0,0,0,0,0,0,0,0
168151,10499710,-74.072574775,4.65099146,CL 63-KR 24 02,2019,Octubre,11,viernes,9,30,Teusaquillo,Choque,Vehículo,N/A,Solo Daños,0,0,0,0,0,0,0,0,0,0,1,0,1,0,0,1,0,0,0,0,0,0
168152,10499711,-74.138219432,4.63039453800002,AV AVENIDA DE LAS AMERICAS-AV AVENIDA BOYACA 2,2019,Octubre,11,viernes,19,48,Kennedy,Choque,Vehículo,N/A,Solo Daños,0,1,0,0,0,0,0,1,0,0,0,0,0,0,0,0,0,0,0,0,0,0
168153,10499712,-74.082084354,4.63082459100002,CL 27A-KR 33 02,2019,Octubre,11,viernes,16,30,Teusaquillo,Choque,Vehículo,N/A,Solo Daños,0,0,0,0,0,0,0,0,0,0,1,0,1,0,0,1,0,0,0,0,0,0
168154,10499713,-74.113099098,4.66032744900002,KR 70-CL 24 2,2019,Octubre,11,viernes,18,44,Fontibón,Choque,Vehículo,N/A,Solo Daños,0,1,0,0,0,0,0,0,0,0,0,0,0,0,0,0,0,0,0,0,0,0
168155,10500079,-74.103250828,4.57041786799999,CL 31-KR 11A S 02,2019,Octubre,17,jueves,20,55,Rafael Uribe Uribe,Choque,Vehículo,N/A,Con Heridos,0,0,0,0,0,1,0,0,0,0,0,0,0,0,0,0,0,0,0,0,0,0
168156,10500080,-74.06677802,4.60552235599999,KR 3-CL 22 ES 02,2019,Octubre,17,jueves,8,35,San Cristóbal,Choque,Vehículo,N/A,Con Heridos,0,0,0,0,0,1,0,0,0,0,0,0,0,0,0,0,0,0,0,0,0,0
168157,10500081,-74.045280313,4.76050254400002,CL 183-KR 45 2,2019,Octubre,17,jueves,12,30,Usaquén,Choque,Vehículo,N/A,Solo Daños,0,0,0,0,0,0,0,1,0,0,1,0,0,0,0,0,0,0,0,0,1,0
168158,10500082,-74.069012284,4.72985114900001,CL 138-KR 72 2,2019,Octubre,17,jueves,10,35,Suba,Choque,Vehículo,N/A,Solo Daños,0,0,0,0,0,0,0,0,0,0,1,0,0,0,0,0,0,0,0,0,1,0
168159,10500083,-74.136714996,4.55023881199998,AV AVENIDA BOYACA-CL 68A S 02,2019,Octubre,17,jueves,4,50,Usme,Choque,Vehículo,N/A,Con Heridos,0,0,0,0,0,1,0,0,0,1,0,0,0,0,0,0,0,0,0,0,0,1
168160,10500084,N/A,N/A,KR 9-CL 132 02,2019,Octubre,17,jueves,8,8,Usaquén,Choque,Vehículo,N/A,Con Heridos,0,0,0,0,0,1,0,0,0,1,0,0,0,0,0,0,0,0,0,0,0,1
168161,10500085,-74.092160174,4.619033226,KR 33-CL 17A 2,2019,Octubre,17,jueves,10,7,Puente Aranda,Choque,Vehículo,N/A,Solo Daños,0,0,0,0,0,0,0,1,0,1,0,0,0,0,0,0,0,0,0,0,0,1
168162,10500086,-74.118423076,4.52559739999998,CL 69-KR 14 S 02,2019,Octubre,16,miércoles,11,40,Usme,Choque,Vehículo,N/A,Con Heridos,0,0,0,0,0,0,1,0,0,0,1,0,1,0,0,1,0,0,0,0,0,0
168163,10500087,-74.18022426,4.59673484699999,AV AVENIDA DEL SUR-CL 76A S 02,2019,Octubre,16,miércoles,12,30,Bosa,Choque,Vehículo,N/A,Con Heridos,0,1,0,0,0,1,0,0,0,0,0,0,0,0,0,0,0,0,0,0,0,0
168164,10500088,-74.102733893,4.61593931300001,KR 38-CL 9 2,2019,Octubre,17,jueves,23,40,Puente Aranda,Choque,Vehículo,N/A,Solo Daños,0,0,1,0,0,0,0,0,0,0,0,0,0,0,0,0,0,0,0,0,0,0
168165,10500089,-74.171753213,4.61347901900001,AV AVENIDA PRIMERA DE MAYO-KR 79 02,2019,Octubre,16,miércoles,6,30,Kennedy,Choque,Vehículo,N/A,Con Heridos,1,0,0,0,0,0,0,0,0,0,1,0,0,0,0,0,0,0,0,0,0,0
168166,10500090,N/A,N/A,KR 78D-CL 73 S 02,2019,Octubre,17,jueves,20,4,Ciudad Bolívar,Choque,Vehículo,N/A,Con Heridos,0,0,0,0,0,1,0,0,0,0,0,0,0,0,0,0,0,0,0,0,0,0
168167,10500091,-74.082707269,4.59571670299999,CL 6-KR 11A 2,2019,Octubre,17,jueves,6,15,Candelaria,Choque,Vehículo,N/A,Solo Daños,1,0,0,0,0,0,0,0,0,0,1,0,1,1,0,0,0,1,0,0,0,0
168168,10500092,-74.132783017,4.61329253100001,KR 69-CL 24 S 72,2019,Octubre,15,martes,14,5,Kennedy,Atropello,N/A,N/A,Con Heridos,0,0,0,0,0,1,1,0,0,0,0,0,0,0,0,0,0,0,0,0,0,0
168169,10500093,-74.179262885,4.597065047,AV AVENIDA DEL SUR-CL 63 S 02,2019,Octubre,15,martes,18,30,Bosa,Atropello,N/A,N/A,Con Heridos,0,0,0,0,0,0,1,0,0,0,0,0,0,0,0,0,0,0,0,0,0,0
168170,10500094,-74.106608799,4.694571252,AV AVENIDA CIUDAD DE CALI-CL 71A 2,2019,Octubre,17,jueves,9,30,Engativá,Choque,Vehículo,N/A,Solo Daños,0,1,0,0,0,0,0,0,0,0,0,0,0,0,0,0,0,0,0,0,0,0
168171,10500095,-74.093207771,4.63252631199998,KR 43A-CL 24A 2,2019,Octubre,16,miércoles,16,20,Teusaquillo,Choque,Vehículo,N/A,Con Heridos,0,0,0,0,0,1,0,1,0,0,1,0,0,0,0,0,0,0,0,0,0,0
168172,10500096,-74.074647681,4.611545267,AV AVENIDA CARACAS-CL 23 02,2019,Octubre,15,martes,19,52,Santa Fe,Atropello,N/A,N/A,Con Heridos,0,0,0,0,0,0,1,0,0,0,1,0,1,1,0,0,0,0,1,0,0,0
168173,10500097,-74.159297339,4.640404391,CL 2-KR 87 S 70,2019,Octubre,17,jueves,19,0,Kennedy,Choque,Vehículo,N/A,Con Heridos,1,0,0,0,0,0,0,0,0,0,0,0,0,0,0,0,0,0,0,0,0,0
168174,10500098,-74.064321608,4.68868147799998,CL 100-KR 57 02,2019,Octubre,16,miércoles,18,45,Barrios Unidos,Atropello,N/A,N/A,Con Heridos,0,0,0,0,0,1,1,0,0,0,0,0,0,0,0,0,0,0,0,0,0,0
168175,10500099,-74.176571311,4.63551689899998,KR 89B-CL 45A S 02,2019,Octubre,16,miércoles,12,40,Kennedy,Atropello,N/A,N/A,Con Heridos,0,0,0,0,1,1,1,0,0,0,0,0,0,0,0,0,0,0,0,0,0,0
168176,10500100,-74.057127716,4.68567269699997,KR 45-CL 98 02,2019,Octubre,17,jueves,13,20,Chapinero,Choque,Vehículo,N/A,Solo Daños,0,1,0,0,0,0,0,0,0,0,0,0,0,0,0,0,0,0,0,0,0,0
168177,10500101,-74.107110799,4.55789161299998,CL 49C-TR 3D S 2,2019,Octubre,17,jueves,7,40,Rafael Uribe Uribe,Choque,Vehículo,N/A,Con Heridos,0,0,0,0,0,1,0,0,0,0,1,0,1,0,0,1,0,0,0,0,0,0
168178,10500102,-74.058239927,4.65477437099997,CL 70A-KR 9 24,2019,Octubre,17,jueves,7,30,Chapinero,Choque,Vehículo,N/A,Solo Daños,0,0,0,0,0,1,0,0,0,0,0,0,0,0,0,0,0,0,0,0,0,0
168179,10500103,-74.10094719,4.70325990600003,AV AVENIDA CIUDAD DE CALI-CL 80 02,2019,Octubre,17,jueves,11,5,Engativá,Choque,Vehículo,N/A,Solo Daños,0,0,0,0,0,1,0,0,0,0,0,0,0,0,0,0,0,0,0,0,0,0
168180,10500475,-74.05755676,4.68375147500001,KR 45-CL 95 02,2019,Octubre,21,lunes,10,0,Chapinero,Choque,Vehículo,N/A,Solo Daños,0,0,0,0,0,0,0,0,0,1,0,0,0,0,0,0,0,0,0,0,0,1
168181,10500476,-74.087465684,4.63048796300001,CL 25A-KR 37 2,2019,Octubre,21,lunes,7,5,Teusaquillo,Choque,Vehículo,N/A,Solo Daños,0,0,0,0,0,0,0,1,0,1,0,0,0,0,0,0,0,0,0,0,0,1
168182,10500477,-74.113351228,4.68534163999999,KR 86-CL 63F 2,2019,Octubre,21,lunes,10,30,Engativá,Choque,Vehículo,N/A,Solo Daños,0,1,0,0,0,0,0,1,0,0,0,0,0,0,0,0,0,0,0,0,0,0
168183,10500478,-74.159849724,4.637617455,AV AVENIDA CIUDAD DE CALI-CL 33 02,2019,Octubre,21,lunes,11,30,Kennedy,Choque,Vehículo,N/A,Solo Daños,0,1,0,0,0,0,0,0,0,0,0,0,0,0,0,0,0,0,0,0,0,0
168184,10500479,-74.063,4.6293,TR 4-AC 42A 27,2019,Octubre,21,lunes,9,0,Chapinero,Choque,Vehículo,N/A,Solo Daños,0,0,0,0,0,0,0,0,0,0,0,0,0,0,0,0,0,0,0,0,0,0
168185,10500480,-74.089529149,4.69573941700003,CL 80-KR 72 2,2019,Octubre,21,lunes,9,40,Engativá,Choque,Vehículo,N/A,Solo Daños,0,0,0,0,0,0,0,0,0,0,0,0,0,0,0,0,0,0,0,0,0,0
168186,10500481,-74.074419243,4.62382520800003,KR 20-CL 33A 2,2019,Octubre,21,lunes,6,10,Teusaquillo,Choque,Vehículo,N/A,Solo Daños,0,0,0,0,0,0,0,0,0,0,1,0,0,0,0,0,0,0,0,0,0,0
168187,10500482,-74.160370898,4.63716933900002,KR 78P-CL 57A S 2,2019,Octubre,21,lunes,6,0,Kennedy,Choque,Vehículo,N/A,Solo Daños,0,1,0,0,0,0,0,0,0,0,0,0,0,0,0,0,0,0,0,0,0,0
168188,10500483,-74.044065998,4.70092405000003,CL 122-KR 15A 20,2019,Octubre,21,lunes,10,15,Usaquén,Choque,Vehículo,N/A,Solo Daños,0,1,0,0,0,0,0,0,0,1,0,0,0,0,0,0,0,0,0,0,0,1
168189,10500484,-74.08327461,4.624153546,AK 30-CL 23 2,2019,Octubre,11,viernes,7,30,Los Mártires,Choque,Vehículo,N/A,Solo Daños,0,0,0,0,0,0,0,0,0,1,0,0,0,0,0,0,0,0,0,0,0,1
168190,10500485,-74.139333678,4.64612018899999,KR 79A-CL 11A 02,2019,Octubre,21,lunes,7,0,Kennedy,Choque,Vehículo,N/A,Solo Daños,0,0,0,0,0,0,0,1,0,1,0,0,0,0,0,0,0,0,0,0,0,1
168191,10500486,-74.027311818,4.76285982600001,KR 7-CL 186 2,2019,Octubre,13,domingo,14,30,Usaquén,Choque,Vehículo,N/A,Solo Daños,0,0,0,0,0,0,0,0,0,0,0,0,0,0,0,0,0,0,0,0,0,0
168192,10500487,-74.035573949,4.71898471700001,CL 140-KR 11 46,2019,Octubre,20,domingo,11,16,Usaquén,Choque,Vehículo,N/A,Solo Daños,0,0,0,0,0,1,0,0,0,0,0,0,0,0,0,0,0,0,0,0,0,0
168193,10500488,-74.045587399,4.701179594,CL 122-KR 17 02,2019,Octubre,21,lunes,11,59,Usaquén,Choque,Vehículo,N/A,Solo Daños,0,0,0,0,0,0,0,1,0,0,0,0,0,0,0,0,0,0,0,0,0,0
168194,10500489,-74.059680988,4.66444374000002,CL 77-KR 16A 2,2019,Octubre,21,lunes,9,0,Chapinero,Choque,Vehículo,N/A,Solo Daños,0,0,0,0,0,0,0,0,0,0,0,0,0,0,0,0,0,0,0,0,0,0
168195,10500490,-74.154740475,4.63717093399998,AV AVENIDA DE LAS AMERICAS-KR 81C 2,2019,Octubre,21,lunes,9,10,Kennedy,Choque,Vehículo,N/A,Solo Daños,0,0,0,0,0,0,0,1,0,0,0,0,0,0,0,0,0,0,0,0,0,0
168196,10500491,-74.039097306,4.79755974900002,KR 45-CL 222 02,2019,Octubre,21,lunes,8,30,Usaquén,Choque,Vehículo,N/A,Solo Daños,0,0,0,0,0,0,0,0,0,0,1,0,1,0,0,1,0,0,0,0,0,0
168197,10500492,-74.12021129,4.67917595099999,CL 26-KR 86 2,2019,Octubre,21,lunes,9,7,Fontibón,Choque,Vehículo,N/A,Solo Daños,0,0,0,0,0,0,0,1,0,0,0,0,0,0,0,0,0,0,0,0,0,0
168198,10500493,-74.065846965,4.60774745399999,KR 3-CL 26 2,2019,Octubre,21,lunes,10,21,Santa Fe,Choque,Vehículo,N/A,Solo Daños,0,0,0,0,0,0,0,0,0,1,0,0,0,0,0,0,0,0,0,0,0,1
168199,10500494,-74.168820122,4.694134249,CL 17-KR 135 02,2019,Octubre,21,lunes,8,19,Fontibón,Choque,Vehículo,N/A,Solo Daños,0,1,0,0,0,0,0,0,0,0,0,0,0,0,0,0,0,0,0,0,0,0
168200,10500495,-74.131823555,4.64533045399997,CL 12-KR 72 2,2019,Octubre,21,lunes,10,23,Kennedy,Choque,Vehículo,N/A,Solo Daños,0,1,0,0,0,0,0,0,0,1,0,0,0,0,0,0,0,0,0,0,0,0
168201,10500496,-74.151877219,4.59569659800002,AV AVENIDA DEL SUR-KR 62F 2,2019,Octubre,21,lunes,21,50,Tunjuelito,Choque,Vehículo,N/A,Solo Daños,0,0,0,0,0,0,0,0,0,0,0,0,0,0,0,0,0,0,0,0,0,0
168202,10500497,-74.127201326,4.70640732300001,KR 110B-CL 70A 02,2019,Octubre,21,lunes,13,10,Engativá,Choque,Vehículo,N/A,Solo Daños,0,0,0,0,0,0,0,0,0,0,1,0,1,0,0,1,0,0,0,0,0,0
168203,10500498,-74.150311752,4.63344833899998,CL 6-KR 79 2,2019,Octubre,21,lunes,8,10,Kennedy,Choque,Vehículo,N/A,Solo Daños,0,0,0,0,0,0,0,0,0,0,0,0,0,0,0,0,0,0,0,0,0,0
168204,10500499,-74.166129897,4.62142575600001,AV AVENIDA CIUDAD DE VILLAVICENCIO-KR 80B 2,2019,Octubre,22,martes,17,30,Kennedy,Choque,Vehículo,N/A,Solo Daños,0,1,0,0,0,0,0,1,0,0,1,0,1,0,0,1,0,0,0,0,0,0
168205,10500881,-74.091943421,4.683305378,CL 71A-KR 70 2,2019,Octubre,26,sábado,8,30,Engativá,Choque,Vehículo,N/A,Con Heridos,0,0,0,0,0,1,0,0,0,0,0,0,0,0,0,0,0,0,0,0,0,0
168206,10500882,-74.132263151,4.576063261,KR 24-CL 52B S 02,2019,Octubre,24,jueves,23,1,Tunjuelito,Choque,Vehículo,N/A,Con Heridos,0,0,0,0,0,1,0,0,0,0,1,0,1,0,1,0,0,0,0,0,0,0
168207,10500883,-74.095337815,4.56986207,CL 27-KR 7 S 02,2019,Octubre,25,viernes,14,45,San Cristóbal,Choque,Vehículo,N/A,Con Heridos,1,0,0,0,1,0,0,1,0,0,0,0,0,0,0,0,0,0,0,0,0,0
168208,10500884,-74.0851,4.5643,KR 9-CL 27A ES 2,2019,Octubre,26,sábado,9,10,San Cristóbal,Choque,Vehículo,N/A,Con Heridos,0,0,0,0,0,1,0,0,0,0,0,0,0,0,0,0,0,0,0,0,0,0
168209,10500885,-74.06713789,4.63648654600001,CL 49-KR 14 02,2019,Octubre,26,sábado,8,10,Chapinero,Atropello,N/A,N/A,Con Heridos,0,0,0,0,0,0,1,1,0,1,0,0,0,0,0,0,0,0,0,0,0,1
168210,10500886,-74.103924758,4.577391455,KR 12HBIS-CL 26B S 2,2019,Octubre,26,sábado,11,30,Rafael Uribe Uribe,Choque,Vehículo,N/A,Con Heridos,0,0,0,0,0,1,0,0,0,0,0,0,0,0,0,0,0,0,0,0,0,0
168211,10500887,-74.141608052,4.59264169300002,KR 54-DG 48 S 02,2019,Octubre,26,sábado,7,25,Tunjuelito,Choque,Vehículo,N/A,Con Heridos,0,0,0,0,0,1,0,0,0,0,0,0,0,0,0,0,0,0,0,0,0,0
168212,10500888,-74.120289416,4.53366756899999,AV AVENIDA CARACAS-KR 65 S 2,2019,Octubre,26,sábado,14,10,Usme,Volcamiento,N/A,N/A,Con Heridos,0,0,1,0,0,0,0,0,0,1,0,0,0,0,0,0,0,0,0,0,0,1
168213,10500889,-74.113261494,4.57037619699997,CL 33BIS-KR 12G S 02,2019,Octubre,24,jueves,13,8,Rafael Uribe Uribe,Atropello,N/A,N/A,Con Heridos,0,0,0,0,1,0,1,0,0,0,1,0,1,0,0,1,0,0,0,0,0,0
168214,10500890,-74.109624639,4.60086897899998,CL 8-KR 32D S 2,2019,Octubre,26,sábado,17,15,Puente Aranda,Caida de ocupante,N/A,N/A,Con Heridos,0,0,0,0,0,0,0,1,0,0,1,0,1,0,0,1,0,0,0,0,0,0
168215,10500891,-74.062239371,4.70077128499997,CL 116-KR 53 2,2019,Octubre,26,sábado,18,20,Suba,Atropello,N/A,N/A,Con Heridos,0,0,0,0,0,1,1,0,0,0,0,0,0,0,0,0,0,0,0,0,0,0
168216,10500892,-74.128424418,4.47291283700002,KR 14I-CL 138A S 2,2019,Octubre,26,sábado,14,0,Usme,Atropello,N/A,N/A,Con Heridos,0,0,0,0,1,1,1,0,0,0,0,0,0,0,0,0,0,0,0,0,0,0
168217,10500893,-74.065431071,4.62750888800002,KR 7-CL 40B 02,2019,Octubre,25,viernes,11,0,Chapinero,Caida de ocupante,N/A,N/A,Con Heridos,0,0,0,0,0,0,0,0,0,0,1,0,1,1,0,0,0,0,0,1,0,0
168218,10500894,-74.116728211,4.68629876900002,CL 63-KR 86 02,2019,Octubre,26,sábado,1,45,Engativá,Atropello,N/A,N/A,Con Heridos,0,0,0,0,0,0,1,0,0,1,0,0,0,0,0,0,0,0,0,0,0,1
168219,10500895,-74.117169542,4.51703678899997,CL 73D-KR 14 S 2,2019,Octubre,26,sábado,17,40,Usme,Caida de ocupante,N/A,N/A,Con Heridos,0,0,0,0,0,0,0,0,0,0,1,0,1,0,0,0,1,0,0,0,0,0
168220,10500896,-74.164499932,4.62265856499999,CL 42C-KR 80C S 22,2019,Octubre,26,sábado,13,10,Kennedy,Atropello,N/A,N/A,Con Heridos,0,0,0,0,0,0,1,1,0,0,0,0,0,0,0,0,0,0,0,0,0,0
168221,10500897,-74.117425697,4.716585372,CL 80-KR 109A 02,2019,Octubre,26,sábado,9,36,Engativá,Atropello,N/A,N/A,Con Heridos,0,0,0,0,0,0,1,0,0,0,0,0,0,0,0,0,0,0,0,0,0,0
168222,10500898,-74.082673162,4.77115107700001,CL 171-KR 111 02,2019,Octubre,26,sábado,8,50,Suba,Atropello,N/A,N/A,Con Heridos,0,0,0,0,0,1,1,0,0,0,0,0,0,0,0,0,0,0,0,0,0,0
168223,10500899,-74.180237634,4.597547228,CL 65-KR 77G S 2,2019,Octubre,26,sábado,4,15,Bosa,Choque,Objeto Fijo,Tren,Con Heridos,0,0,0,0,0,0,0,0,0,1,0,0,0,0,0,0,0,0,0,0,0,1
168224,10500900,-74.073373461,4.60149737900002,CL 13-KR 7 02,2019,Octubre,27,domingo,4,10,Candelaria,Volcamiento,N/A,N/A,Con Muertos,0,0,0,0,0,1,0,0,0,0,0,0,0,0,0,0,0,0,0,0,0,0
168225,10500901,-74.194254509,4.60540749900002,CL 71-KR 80 S 2,2019,Octubre,26,sábado,19,10,Bosa,Choque,Vehículo,N/A,Con Heridos,0,0,0,0,0,1,0,0,0,0,1,0,0,0,0,0,0,0,0,0,1,0
168226,10500902,-74.106596457,4.55498022500001,KR 3-CL 48J S 80,2019,Octubre,27,domingo,12,20,Rafael Uribe Uribe,Volcamiento,N/A,N/A,Con Heridos,0,0,0,0,1,0,0,0,0,0,0,0,0,0,0,0,0,0,0,0,0,0
168227,10500903,-74.158698938,4.65181134199997,CL 6D-KR 92 S 2,2019,Octubre,26,sábado,5,10,Kennedy,Choque,Vehículo,N/A,Con Heridos,1,0,0,0,0,0,0,0,0,0,0,0,0,0,0,0,0,0,0,0,0,0
168228,10500904,-74.134274725,4.61253281,KR 69-CL 26 S 02,2019,Octubre,26,sábado,8,23,Kennedy,Choque,Vehículo,N/A,Con Heridos,0,0,0,0,0,1,0,0,0,0,1,0,1,0,0,1,0,0,0,0,0,0
168229,10500905,-74.122012569,4.67608910199999,AV AVENIDA CIUDAD DE CALI-CL 25D 02,2019,Octubre,26,sábado,21,56,Fontibón,Choque,Vehículo,N/A,Con Heridos,0,0,0,0,0,1,0,0,0,0,0,0,0,0,0,0,0,0,0,0,0,0
168230,10501283,-74.070582529,4.68525035800002,KR 64-CL 94A 2,2019,Octubre,29,martes,7,50,Barrios Unidos,Choque,Vehículo,N/A,Solo Daños,0,0,0,0,0,0,0,0,0,0,0,0,0,0,0,0,0,0,0,0,0,0
168231,10501284,-74.079231875,4.60208284800001,KR 13-CL 12 02,2019,Octubre,29,martes,9,7,Santa Fe,Choque,Vehículo,N/A,Solo Daños,0,0,0,0,0,0,0,0,0,0,0,0,0,0,0,0,0,0,0,0,0,0
168232,10501285,-74.039680429,4.687183038,KR 8A-CL 106 02,2019,Octubre,29,martes,14,42,Usaquén,Choque,Vehículo,N/A,Solo Daños,0,1,0,0,0,0,0,0,0,0,0,0,0,0,0,0,0,0,0,0,0,0
168233,10501286,-74.141989823,4.59124261800002,KR 54-CL 50 S 2,2019,Octubre,28,lunes,15,0,Tunjuelito,Choque,Vehículo,N/A,Solo Daños,0,0,0,0,0,1,0,0,0,0,0,0,0,0,0,0,0,0,0,0,0,0
168234,10501287,-74.048628064,4.68500051799998,CL 100-KR 15 02,2019,Octubre,29,martes,14,45,Usaquén,Choque,Vehículo,N/A,Solo Daños,0,0,0,0,0,0,0,0,0,0,0,0,0,0,0,0,0,0,0,0,1,0
168235,10501288,-74.045188406,4.75752442599997,AV AVENIDA PASEO DE LOS LIBERTADORES-CL 181 02,2019,Octubre,29,martes,17,20,Usaquén,Choque,Vehículo,N/A,Solo Daños,0,1,0,0,0,0,0,0,0,0,0,0,0,0,0,0,0,0,0,0,0,0
168236,10501289,-74.085967047,4.75559094200003,CL 156B-KR 99 2,2019,Octubre,29,martes,6,10,Suba,Choque,Vehículo,N/A,Solo Daños,0,0,0,0,0,0,0,0,0,1,0,0,0,0,0,0,0,0,0,0,0,1
168237,10501290,-74.045147051,4.74391210599998,CL 163A-KR 21 2,2019,Octubre,29,martes,8,54,Usaquén,Choque,Vehículo,N/A,Solo Daños,0,0,0,0,0,0,0,0,0,0,0,0,0,0,0,0,0,0,0,0,0,0
168238,10501291,-74.06643104,4.62343484100001,KR 7-CL 36 02,2019,Octubre,29,martes,14,28,Santa Fe,Choque,Vehículo,N/A,Solo Daños,0,0,0,0,0,0,0,0,0,1,1,0,0,0,0,0,0,0,0,0,0,1
168239,10501292,-74.028680285,4.71619944600002,KR 7-CL 140 02,2019,Octubre,29,martes,14,53,Usaquén,Choque,Vehículo,N/A,Solo Daños,0,0,0,0,0,0,0,0,0,1,0,0,0,0,0,0,0,0,0,0,0,1
168240,10501293,-74.04273474,4.77574516099997,KR 45-CL 197 2,2019,Octubre,29,martes,9,10,Usaquén,Choque,Vehículo,N/A,Solo Daños,0,0,0,0,0,0,0,0,0,0,1,0,1,0,1,0,0,0,0,0,0,0
168241,10501294,-74.076497029,4.60363033300001,CL 15-KR 10 50,2019,Octubre,29,martes,9,41,Santa Fe,Choque,Vehículo,N/A,Solo Daños,0,0,0,0,0,1,0,0,0,0,0,0,0,0,0,0,0,0,0,0,0,0
168242,10501295,-74.139371552,4.57311980899999,CL 56-KR 24 S 2,2019,Octubre,29,martes,10,45,Ciudad Bolívar,Choque,Vehículo,N/A,Solo Daños,0,0,0,0,0,1,0,0,0,0,0,0,0,0,0,0,0,0,0,0,0,0
168243,10501296,-74.067177822,4.67382095099998,KR 30-CL 80 02,2019,Octubre,29,martes,8,17,Barrios Unidos,Choque,Vehículo,N/A,Solo Daños,0,0,0,0,0,1,0,0,0,0,0,0,0,0,0,0,0,0,0,0,0,0
168244,10501297,-74.047475875,4.74697333,KR 45-CL 165 2,2019,Octubre,29,martes,7,10,Usaquén,Choque,Vehículo,N/A,Solo Daños,0,0,0,0,0,1,0,0,0,0,0,0,0,0,0,0,0,0,0,0,0,0
168245,10501298,-74.054643011,4.65284781399998,CL 70A-KR 5 15,2019,Octubre,29,martes,18,18,Chapinero,Choque,Vehículo,N/A,Solo Daños,0,0,0,0,0,0,0,0,0,0,0,0,0,0,0,0,0,0,0,0,0,0
168246,10501299,-74.097559304,4.63779218000002,KR 50-CL 24 02,2019,Octubre,29,martes,18,0,Teusaquillo,Choque,Vehículo,N/A,Solo Daños,0,0,0,0,0,0,0,0,0,0,1,0,1,0,0,1,0,0,0,0,0,0
168247,10501300,-74.092000944,4.559814652,CL 31C-KR 3 SE 2,2019,Octubre,29,martes,7,40,San Cristóbal,Choque,Vehículo,N/A,Solo Daños,0,0,0,0,0,1,0,0,0,1,0,0,0,0,0,0,0,0,0,0,0,1
168248,10501301,-74.070352489,4.64670509000001,DG 59-KR 20 02,2019,Octubre,29,martes,14,10,Teusaquillo,Choque,Vehículo,N/A,Solo Daños,0,0,0,0,0,1,0,0,0,0,0,0,0,0,0,0,0,0,0,0,0,0
168249,10501302,-74.019440452,4.67035931300001,KR 8-CL 100B E 09,2019,Octubre,29,martes,22,40,Chapinero,Volcamiento,N/A,N/A,Solo Daños,0,1,0,0,0,0,0,0,0,0,0,0,0,0,0,0,0,0,0,0,0,0
168250,10501303,-74.105394605,4.59965772700002,KR 30-CL 1B 2,2019,Octubre,19,sábado,23,30,Puente Aranda,Choque,Vehículo,N/A,Con Heridos,0,0,0,0,1,0,0,0,0,1,0,0,0,0,0,0,0,0,0,0,0,1
168251,10501304,-74.065951537,4.67302281100001,CL 83-KR 29 02,2019,Octubre,29,martes,20,40,Barrios Unidos,Choque,Vehículo,N/A,Con Heridos,0,0,0,0,0,0,0,0,0,0,0,0,0,0,0,0,0,0,0,0,0,0
168252,10501306,-74.08603413,4.61647421599997,AC 19-KR 27 2,2019,Octubre,29,martes,14,15,Los Mártires,Atropello,N/A,N/A,Con Heridos,0,0,0,0,0,1,1,1,0,0,0,0,0,0,0,0,0,0,0,0,0,0
168253,10501307,-74.131094384,4.68916970800001,AC 26-KR 102 02,2019,Octubre,29,martes,13,26,Fontibón,Choque,Vehículo,N/A,Con Heridos,0,0,0,0,0,0,0,0,0,1,1,0,1,1,0,0,0,0,0,1,1,1
168254,10501308,-74.09003526,4.56151169100002,KR 3-CL 30A 2,2019,Octubre,30,miércoles,13,28,San Cristóbal,Atropello,N/A,N/A,Con Heridos,0,0,0,0,0,0,1,1,0,0,0,0,0,0,0,0,0,0,0,0,0,0
168256,10501682,-74.095770801,4.70603136800003,DG 84A-KR 81A 07,2019,Octubre,31,jueves,18,45,Engativá,Atropello,N/A,N/A,Con Heridos,0,0,0,0,1,0,1,0,0,0,0,0,0,0,0,0,0,0,0,0,0,0
168260,10501686,-74.079738012,4.64278704899999,CL 53-KR 32 02,2019,Octubre,31,jueves,20,30,Barrios Unidos,Atropello,N/A,N/A,Con Heridos,0,0,0,0,0,1,1,0,0,0,0,0,0,0,0,0,0,0,0,0,0,0
168270,10501696,-74.105916861,4.61979660899999,CL 6-KR 43 02,2019,Octubre,28,lunes,11,40,Puente Aranda,Choque,Vehículo,N/A,Solo Daños,0,0,0,0,0,0,0,0,0,1,0,0,0,0,0,0,0,0,0,0,0,1
168274,10501700,-74.141783233,4.58849772899998,KR 51-CL 54C S 02,2019,Octubre,22,martes,8,5,Ciudad Bolívar,Choque,Vehículo,N/A,Con Muertos,1,0,0,0,0,0,0,0,0,0,0,0,0,0,0,0,0,0,0,0,0,0
168318,10502465,-74.145558254,4.55386142100002,KR 18N-CL 66A S 02,2019,Octubre,9,miércoles,9,10,Ciudad Bolívar,Choque,Objeto Fijo,Tren,Solo Daños,0,1,0,0,0,0,0,0,0,0,0,0,0,0,0,0,0,0,0,0,0,0
168449,10498532,-74.121547697,4.602994911,KR 50-CL 26 S 02,2019,Octubre,1,martes,14,50,Puente Aranda,Choque,Vehículo,N/A,Solo Daños,0,0,0,0,0,0,0,0,0,1,0,0,0,0,0,0,0,0,0,0,0,1
168451,10498534,-74.068550036,4.63361658000002,KR 15-CL 46 2,2019,Octubre,1,martes,14,20,Teusaquillo,Choque,Vehículo,N/A,Solo Daños,0,1,0,0,0,0,0,0,0,0,0,0,0,0,0,0,0,0,0,0,0,0
168452,10498535,-74.090872128,4.62374535399999,CL 19C-KR 35 02,2019,Octubre,1,martes,16,5,Puente Aranda,Choque,Vehículo,N/A,Solo Daños,0,0,0,0,0,0,0,1,0,0,0,0,0,0,0,0,0,0,0,0,0,0
168454,10498537,-74.059798034,4.647936684,KR 7-CL 63 2,2019,Octubre,1,martes,19,29,Chapinero,Choque,Vehículo,N/A,Solo Daños,0,0,0,0,0,0,0,0,0,0,1,0,0,0,0,0,0,0,0,0,0,0
168455,10498538,-74.115770048,4.63973929600002,KR 68-CL 13 2,2019,Octubre,1,martes,8,10,Puente Aranda,Choque,Vehículo,N/A,Solo Daños,0,1,0,0,0,0,0,0,0,0,0,0,0,0,0,0,0,0,0,0,0,0
168456,10498539,-74.070438078,4.63306777399998,CL 45-KR 16 02,2019,Octubre,1,martes,8,0,Teusaquillo,Choque,Vehículo,N/A,Solo Daños,0,0,0,0,0,0,0,0,0,0,1,0,1,0,0,1,0,0,0,0,0,0
168458,10498541,-74.08956816,4.63282952399999,KR 40-CL 25 02,2019,Octubre,1,martes,14,20,Teusaquillo,Choque,Vehículo,N/A,Solo Daños,0,0,0,0,0,0,0,1,0,0,0,0,0,0,0,0,0,0,0,0,0,0
168460,10498543,-74.073496716,4.64174106299998,CL 53-KR 23 02,2019,Octubre,1,martes,13,50,Teusaquillo,Choque,Vehículo,N/A,Solo Daños,0,0,0,0,0,0,0,0,0,0,1,0,0,0,0,0,0,0,0,0,0,0
168461,10498544,-74.074706532,4.73083300600001,AV AVENIDA SUBA-CL 137 2,2019,Octubre,1,martes,7,0,Suba,Volcamiento,N/A,N/A,Con Heridos,1,0,0,0,0,0,0,0,0,0,0,0,0,0,0,0,0,0,0,0,0,0
168465,10498548,-74.09641897,4.638522626,KR 50-CL 24BIS 02,2019,Octubre,1,martes,10,0,Teusaquillo,Choque,Vehículo,N/A,Con Heridos,1,0,0,0,0,1,0,0,0,0,0,0,0,0,0,0,0,0,0,0,0,0
168467,10498550,-74.128438991,4.59941459599997,CL 38-KR 51B S 02,2019,Octubre,1,martes,15,15,Puente Aranda,Choque,Vehículo,N/A,Con Heridos,1,0,0,0,0,1,0,0,0,0,0,0,0,0,0,0,0,0,0,0,0,0
168471,10498554,-74.102544587,4.62396389200001,CL 13-KR 43 02,2019,Octubre,1,martes,21,23,Puente Aranda,Choque,Vehículo,N/A,Con Heridos,0,0,0,0,0,1,1,0,0,1,0,0,0,0,0,0,0,0,0,0,0,1
168474,10498557,-74.082248316,4.61603429600001,KR 22-CL 22 02,2019,Octubre,1,martes,18,15,Los Mártires,Choque,Vehículo,N/A,Con Heridos,1,0,0,0,0,1,0,0,0,0,0,0,0,0,0,0,0,0,0,0,0,0
168475,10498929,-74.138319489,4.59242222900002,KR 53-DG 47A S 2,2019,Octubre,5,sábado,15,13,Tunjuelito,Choque,Vehículo,N/A,Con Heridos,1,0,0,1,0,0,0,0,0,0,0,0,0,0,0,0,0,0,0,0,0,0
168476,10498930,-74.122680334,4.57086755300003,DG 45B-TR 13J S 02,2019,Octubre,6,domingo,21,30,Rafael Uribe Uribe,Choque,Vehículo,N/A,Con Muertos,0,0,0,0,0,1,0,0,0,0,0,0,0,0,0,0,0,0,0,0,0,0
168477,10498931,-74.114649671,4.614461318,CL 3-KR 50 2,2019,Octubre,3,jueves,10,10,Puente Aranda,Choque,Vehículo,N/A,Con Heridos,0,0,0,0,1,0,0,1,0,0,1,0,1,0,0,1,0,0,0,0,0,0
168478,10498932,-74.047353915,4.75692291399997,CL 176-KR 48 2,2019,Octubre,6,domingo,20,58,Suba,Choque,Vehículo,N/A,Con Heridos,1,0,0,0,0,0,0,0,0,0,0,0,0,0,0,0,0,0,0,0,0,0
168479,10498933,-74.161604531,4.59605389900003,AV AVENIDA DEL SUR-KR 70C 02,2019,Octubre,5,sábado,7,25,Bosa,Choque,Vehículo,N/A,Con Heridos,1,0,0,0,0,0,0,0,0,0,0,0,0,0,0,0,0,0,0,0,0,0
168480,10498934,-74.14682904,4.56935094800002,AV AVENIDA CIUDAD DE VILLAVICENCIO-KR 23 2,2019,Octubre,6,domingo,4,50,Ciudad Bolívar,Atropello,N/A,N/A,Con Heridos,1,0,0,0,0,0,0,0,0,0,0,0,0,0,0,0,0,0,0,0,0,0
168481,10498935,-74.059837058,4.71295377000001,KR 53-CL 128 2,2019,Octubre,4,viernes,14,0,Suba,Choque,Vehículo,N/A,Con Heridos,0,0,0,0,1,1,0,0,0,1,0,0,0,0,0,0,0,0,0,0,0,1
168482,10498936,-74.154860172,4.66788380499997,DG 15A-KR 100 02,2019,Octubre,5,sábado,14,0,Fontibón,Choque,Vehículo,N/A,Con Heridos,1,0,0,0,0,0,0,0,0,0,1,0,1,0,1,0,0,0,0,0,0,0
168483,10498937,-74.14244965,4.60579241099998,AV AVENIDA BOYACA-KR 39C S 2,2019,Octubre,6,domingo,11,50,Kennedy,Choque,Vehículo,N/A,Con Heridos,1,0,0,0,1,1,0,0,0,0,0,0,0,0,0,0,0,0,0,0,0,0
168484,10498938,-74.106583308,4.60291833799999,CL 1F-KR 32B 2,2019,Octubre,5,sábado,13,30,Puente Aranda,Choque,Vehículo,N/A,Con Heridos,0,0,0,0,0,1,0,0,0,0,0,0,0,0,0,0,0,0,0,0,0,0
168485,10498939,-74.117862993,4.624662978,CL 4G-KR 59 2,2019,Octubre,5,sábado,7,15,Puente Aranda,Choque,Vehículo,N/A,Con Heridos,1,0,0,0,0,1,0,0,0,0,0,0,0,0,0,0,0,0,0,0,0,0
168486,10498940,-74.109777866,4.62796345200002,AV AVENIDA DE LAS AMERICAS-KR 53 02,2019,Octubre,5,sábado,20,0,Puente Aranda,Choque,Vehículo,N/A,Con Heridos,0,0,0,0,0,0,0,0,0,1,0,0,0,0,0,0,0,0,0,0,0,1
168487,10498941,-74.064048312,4.63862899899999,CL 52-KR 9 2,2019,Octubre,3,jueves,0,7,Chapinero,Choque,Vehículo,N/A,Con Heridos,0,0,0,0,0,1,0,0,0,1,0,0,0,0,0,0,0,0,0,0,0,1
168488,10498942,-74.027052416,4.69623007199999,CL 122-KR 2 2,2019,Octubre,4,viernes,12,15,Usaquén,Choque,Vehículo,N/A,Con Heridos,1,0,0,0,0,0,0,0,0,0,0,0,0,0,0,0,0,0,0,0,0,0
168489,10498943,-74.145288888,4.58868216799999,AV AVENIDA BOYACA-DG 51B S 02,2019,Octubre,4,viernes,15,0,Tunjuelito,Choque,Vehículo,N/A,Con Heridos,0,0,0,0,0,1,0,0,0,0,0,0,0,0,0,0,0,0,0,0,0,0
168490,10498944,-74.059009021,4.660111712,CL 74-KR 11 93,2019,Octubre,4,viernes,15,30,Chapinero,Atropello,N/A,N/A,Con Heridos,0,0,0,0,0,0,1,0,0,0,0,0,0,0,0,0,0,0,0,0,0,0
168491,10498945,-74.094986284,4.66424327700003,AK 68-CL 53 2,2019,Octubre,4,viernes,18,0,Engativá,Atropello,N/A,N/A,Con Heridos,0,0,0,0,1,0,1,1,0,0,0,0,0,0,0,0,0,0,0,0,0,0
168492,10498946,-74.052038397,4.74891195399999,CL 167-KR 51A 2,2019,Octubre,4,viernes,12,59,Suba,Choque,Vehículo,N/A,Con Heridos,0,0,0,0,0,1,0,0,0,0,0,0,0,0,0,0,0,0,0,0,0,0
168493,10498947,-74.057716962,4.681618372,AV AVENIDA PASEO DE LOS LIBERTADORES-CL 94 02,2019,Octubre,5,sábado,19,5,Chapinero,Choque,Vehículo,N/A,Con Heridos,1,0,0,0,1,0,0,0,0,0,0,0,0,0,0,0,0,0,0,0,0,0
168494,10498948,-74.142977205,4.566649627,AV AVENIDA CIUDAD DE VILLAVICENCIO-KR 20F 2,2019,Octubre,5,sábado,18,30,Ciudad Bolívar,Atropello,N/A,N/A,Con Heridos,0,0,0,0,0,1,1,0,0,0,0,0,0,0,0,0,0,0,0,0,0,0
168495,10498949,-74.054771197,4.69932504100001,AK 45-CL 114 2,2019,Octubre,4,viernes,1,17,Usaquén,Choque,Vehículo,N/A,Con Heridos,0,0,0,0,0,1,0,0,0,0,0,0,0,0,0,0,0,0,0,0,0,0
168496,10498950,-74.083868989,4.53389038300003,KR 15A-CL 48 ES 02,2019,Octubre,6,domingo,2,10,San Cristóbal,Choque,Vehículo,N/A,Con Heridos,0,0,0,0,1,0,0,0,0,0,1,0,0,0,0,0,0,0,0,0,0,0
168497,10498951,-74.125806951,4.67138338900003,AV AVENIDA CIUDAD DE CALI-CL 23J 2,2019,Octubre,5,sábado,7,30,Fontibón,Atropello,N/A,N/A,Con Heridos,0,0,0,0,0,1,1,0,0,0,0,0,0,0,0,0,0,0,0,0,0,0
168498,10498952,-74.126681584,4.56666272899997,AV AVENIDA CARACAS-CL 51 S 2,2019,Octubre,6,domingo,18,40,Rafael Uribe Uribe,Atropello,N/A,N/A,Con Heridos,0,0,0,0,0,1,1,0,0,0,0,0,0,0,0,0,0,0,0,0,0,0
168499,10499320,-74.127086442,4.64917284900002,CL 17-KR 72 02,2019,Octubre,8,martes,7,50,Fontibón,Choque,Vehículo,N/A,Solo Daños,0,0,0,0,0,0,0,0,0,0,1,0,0,0,0,0,0,0,0,0,0,0
168500,10499321,-74.161552056,4.59635150000003,AV AVENIDA DEL SUR-CL 70 2,2019,Octubre,8,martes,7,30,Bosa,Choque,Vehículo,N/A,Solo Daños,0,0,0,0,0,0,0,0,0,0,1,0,0,0,0,0,0,0,0,0,1,0
168501,10499322,-74.085898063,4.64748207399998,KR 50-CL 53 02,2019,Octubre,8,martes,16,50,Teusaquillo,Choque,Vehículo,N/A,Solo Daños,0,0,0,0,0,0,0,1,0,1,0,0,0,0,0,0,0,0,0,0,0,1
168502,10499323,-74.127846973,4.608149137,AV AVENIDA PRIMERO DE MAYO-KR 53 2,2019,Octubre,8,martes,16,0,Puente Aranda,Choque,Vehículo,N/A,Solo Daños,0,0,0,0,0,0,0,0,0,0,0,0,0,0,0,0,0,0,0,0,0,0
168503,10499324,-74.043264508,4.73149900200002,CL 150-KR 17 2,2019,Octubre,8,martes,6,23,Usaquén,Choque,Vehículo,N/A,Solo Daños,0,0,0,0,0,1,0,1,0,0,0,0,0,0,0,0,0,0,0,0,0,0
168504,10499325,-74.142523165,4.58031899700001,AV AVENIDA BOYACA-KR 33 02,2019,Octubre,2,miércoles,22,50,Tunjuelito,Choque,Vehículo,N/A,Solo Daños,0,0,0,0,0,0,0,0,0,0,0,0,0,0,0,0,0,0,0,0,0,0
168505,10499326,-74.112279087,4.632455204,CL 13-KR 60 2,2019,Octubre,8,martes,7,40,Puente Aranda,Choque,Vehículo,N/A,Solo Daños,0,0,0,0,0,0,0,0,0,0,1,0,1,0,0,1,0,0,0,0,0,0
168506,10499328,-74.073848896,4.606791187,CL 19-KR 9 21,2019,Octubre,8,martes,8,30,Santa Fe,Choque,Vehículo,N/A,Solo Daños,0,0,0,0,0,0,0,0,0,0,1,0,1,0,0,1,0,0,0,0,0,0
168507,10499329,-74.154453231,4.64221049499997,AV AVENIDA CIUDAD DE CALI-CL 6B 2,2019,Octubre,8,martes,17,54,Kennedy,Choque,Vehículo,N/A,Solo Daños,0,0,0,0,0,0,0,0,0,0,0,0,0,0,0,0,0,0,0,0,0,0
168508,10499330,-74.170547418,4.62802068000002,AC 43-KR 85A S 2,2019,Octubre,8,martes,15,31,Kennedy,Choque,Vehículo,N/A,Solo Daños,1,0,0,0,0,0,0,0,0,0,0,0,0,0,0,0,0,0,0,0,0,0
168509,10499331,-74.161474362,4.59537802199998,AV AVENIDA CIUDAD DE VILLAVICENCIO-KR null 2,2019,Octubre,8,martes,5,0,Ciudad Bolívar,Choque,Vehículo,N/A,Solo Daños,0,0,0,0,0,0,0,0,0,0,1,0,1,1,0,0,0,0,1,0,0,0
168510,10499332,-74.121966497,4.62999251600002,AK 68-CL 9 2,2019,Octubre,8,martes,10,40,Puente Aranda,Choque,Vehículo,N/A,Solo Daños,0,0,0,0,0,0,0,1,0,0,1,0,1,0,0,0,1,0,0,0,0,0
168511,10499333,-74.113123681,4.60476622200002,CL 1-KR 38A 02,2019,Octubre,8,martes,15,0,Puente Aranda,Choque,Vehículo,N/A,Solo Daños,0,0,0,0,0,0,0,0,0,0,0,0,0,0,0,0,0,0,0,0,0,0
168512,10499334,-74.139679921,4.61855408700001,AV AVENIDA BOYACA-AV AVENIDA PRIMERA DE MAYO 2,2019,Octubre,8,martes,6,0,Kennedy,Choque,Vehículo,N/A,Solo Daños,0,0,0,0,0,1,0,0,0,0,0,0,0,0,0,0,0,0,0,0,0,0
168514,10499336,-74.122538575,4.65415407299997,AV AVENIDA BOYACA-CL 21 02,2019,Octubre,8,martes,4,5,Fontibón,Choque,Vehículo,N/A,Solo Daños,0,0,0,0,0,0,0,1,0,0,1,0,0,0,0,0,0,0,0,0,0,0
168515,10499337,-74.081140367,4.627151357,KR 30-CL 26 2,2019,Octubre,10,jueves,0,0,Teusaquillo,Choque,Vehículo,N/A,Solo Daños,0,0,0,0,0,0,0,0,0,0,0,0,0,0,0,0,0,0,0,0,0,0
168516,10499338,-74.034946333,4.68848956800002,KR 7-CL 109 2,2019,Octubre,8,martes,23,50,Usaquén,Choque,Vehículo,N/A,Solo Daños,0,0,0,0,0,0,0,0,0,1,1,0,0,0,0,0,0,0,0,0,0,1
168517,10499339,-74.138808177,4.567071666,AV AVENIDA CIUDAD DE VILLAVICENCIO-KR 19C 02,2019,Octubre,7,lunes,17,30,Ciudad Bolívar,Choque,Vehículo,N/A,Solo Daños,0,0,0,0,0,0,0,1,0,0,1,0,1,1,0,0,0,1,0,0,0,0
168518,10499340,-74.05694668,4.67959916799998,AK 30-CL 93 2,2019,Octubre,9,miércoles,18,30,Chapinero,Choque,Vehículo,N/A,Solo Daños,0,0,0,0,0,1,0,0,0,0,0,0,0,0,0,0,0,0,0,0,0,0
168519,10499341,-74.15544317,4.58077422899999,KR 51-CL 59C S 2,2019,Octubre,7,lunes,15,55,Ciudad Bolívar,Choque,Vehículo,N/A,Solo Daños,0,0,0,0,0,1,0,0,0,1,0,0,0,0,0,0,0,0,0,0,0,1
168520,10499342,-74.057141445,4.69405146600002,KR 45A-CL 106 2,2019,Octubre,9,miércoles,19,35,Suba,Choque,Vehículo,N/A,Solo Daños,0,0,0,0,0,0,0,0,0,0,0,0,0,0,0,0,0,0,0,0,1,0
168521,10499343,-74.125259637,4.64737808500001,CL 13-KR 71D 2,2019,Octubre,9,miércoles,19,0,Fontibón,Choque,Vehículo,N/A,Solo Daños,0,1,0,0,0,0,0,0,0,0,0,0,0,0,0,0,0,0,0,0,0,0
168522,10499344,-74.056714053,4.69196299499998,KR 45-CL 104A 02,2019,Octubre,9,miércoles,15,6,Usaquén,Choque,Vehículo,N/A,Solo Daños,0,0,0,0,0,0,0,0,0,0,0,0,0,0,0,0,0,0,0,0,0,0
168523,10499714,-74.088784271,4.591905118,AV AVENIDA CARACAS-CL 1 41,2019,Octubre,11,viernes,5,34,Santa Fe,Choque,Vehículo,N/A,Solo Daños,0,0,0,0,0,0,0,0,0,1,0,0,0,0,0,0,0,0,0,0,0,1
168524,10499715,-74.052802486,4.65881564199998,KR 7-CL 76 02,2019,Octubre,11,viernes,15,0,Chapinero,Choque,Vehículo,N/A,Solo Daños,0,0,0,0,0,0,0,0,0,0,0,0,0,0,0,0,0,0,0,0,0,0
168525,10499716,-74.079657291,4.63083079900002,KR 30-CL 40 2,2019,Octubre,11,viernes,12,6,Teusaquillo,Choque,Vehículo,N/A,Solo Daños,0,0,0,0,0,0,0,0,0,0,1,0,1,0,0,1,0,0,0,0,0,0
168526,10499717,-74.03501833,4.68711068499999,KR 7-CL 108B 02,2019,Octubre,11,viernes,11,4,Usaquén,Choque,Vehículo,N/A,Solo Daños,0,0,0,0,0,0,0,0,0,0,0,0,0,0,0,0,0,0,0,0,0,0
168527,10499718,N/A,N/A,KR 68-CL 75 02,2019,Octubre,11,viernes,19,20,Barrios Unidos,Choque,Vehículo,N/A,Solo Daños,0,1,0,0,0,0,0,0,0,0,0,0,0,0,0,0,0,0,0,0,0,0
168528,10499719,-74.132750688,4.68003839400001,CL 24-KR 97 2,2019,Octubre,11,viernes,19,51,Fontibón,Choque,Vehículo,N/A,Solo Daños,0,0,0,0,0,0,0,0,0,1,1,0,0,0,0,0,0,0,0,0,1,1
168529,10499720,-74.070764769,4.61239202100001,CL 26-KR 10 02,2019,Octubre,11,viernes,6,0,Santa Fe,Choque,Vehículo,N/A,Solo Daños,0,0,0,0,0,1,0,0,0,0,0,0,0,0,0,0,0,0,0,0,0,0
168530,10499721,-74.066886755,4.60556191900002,CL 22-KR 3 02,2019,Octubre,10,jueves,17,50,Santa Fe,Choque,Vehículo,N/A,Solo Daños,0,0,0,0,0,1,0,0,0,0,0,0,0,0,0,0,0,0,0,0,0,0
168531,10499722,-74.077446695,4.65907242899999,AK 30-CL 64 2,2019,Octubre,11,viernes,20,0,Barrios Unidos,Choque,Vehículo,N/A,Solo Daños,0,0,0,0,0,0,0,0,0,0,0,0,0,0,0,0,0,0,0,0,0,0
168532,10499723,-74.094316503,4.61305150700002,CL 12-KR 31 02,2019,Octubre,11,viernes,10,0,Puente Aranda,Choque,Vehículo,N/A,Solo Daños,0,0,0,0,0,0,0,1,0,0,0,0,0,0,0,0,0,0,0,0,0,0
168533,10499724,-74.124131539,4.60459396700003,AV AVENIDA PRIMERA DE MAYO-KR 51C 02,2019,Octubre,11,viernes,18,30,Puente Aranda,Choque,Vehículo,N/A,Solo Daños,0,0,0,0,0,0,0,0,0,0,1,0,1,0,0,1,0,0,0,0,0,0
168534,10499725,-74.188946955,4.60725487500002,DG 66A-TR 80H S 2,2019,Octubre,11,viernes,18,20,Bosa,Choque,Vehículo,N/A,Solo Daños,0,1,0,0,0,0,0,0,0,0,0,0,0,0,0,0,0,0,0,0,0,0
168535,10499726,-74.07400701,4.61714563200002,CL 26-KR 15 02,2019,Octubre,11,viernes,7,3,Teusaquillo,Choque,Vehículo,N/A,Solo Daños,0,0,0,0,0,0,0,0,0,0,1,0,0,0,0,0,0,0,0,0,0,0
168536,10499727,-74.054815465,4.656182108,KR 7-CL 73 02,2019,Octubre,11,viernes,14,27,Chapinero,Choque,Vehículo,N/A,Solo Daños,0,0,0,0,0,1,0,0,0,0,0,0,0,0,0,0,0,0,0,0,0,0
168537,10499728,-74.16452064,4.59604136299998,AV AVENIDA DEL SUR-KR 72 2,2019,Octubre,11,viernes,15,45,Bosa,Choque,Vehículo,N/A,Solo Daños,0,0,0,0,0,0,0,0,0,0,1,0,1,0,0,1,0,0,0,0,0,0
168538,10499729,-74.071474893,4.62245540599997,CL 33A-KR 16 02,2019,Octubre,11,viernes,7,40,Teusaquillo,Choque,Vehículo,N/A,Solo Daños,0,0,0,0,0,0,0,1,0,1,0,0,0,0,0,0,0,0,0,0,0,1
168539,10499730,-74.079893798,4.67404287699998,CL 73-KR 61 02,2019,Octubre,11,viernes,9,40,Barrios Unidos,Choque,Vehículo,N/A,Solo Daños,0,0,0,0,0,0,0,0,0,1,1,0,0,0,0,0,0,0,0,0,1,1
168540,10499731,-74.100349101,4.68892307700003,KR 77-CL 71 2,2019,Octubre,11,viernes,19,20,Engativá,Choque,Vehículo,N/A,Solo Daños,0,0,0,0,0,0,0,0,0,0,0,0,0,0,0,0,0,0,0,0,0,0
168541,10499732,-74.153732081,4.59646823499997,AV AVENIDA DEL SUR-KR 63 2,2019,Octubre,11,viernes,19,10,Bosa,Choque,Vehículo,N/A,Solo Daños,0,0,0,0,0,0,0,0,0,0,0,0,0,0,0,0,0,0,0,0,0,0
168542,10499733,-74.04796404,4.72371434399997,CL 140-KR 20 02,2019,Octubre,12,sábado,11,14,Usaquén,Choque,Vehículo,N/A,Solo Daños,0,0,0,0,0,0,0,0,0,0,0,0,0,0,0,0,0,0,0,0,0,0
168543,10499734,-74.107036429,4.611090225,DG 5A-KR 37B 60,2019,Octubre,11,viernes,10,50,Puente Aranda,Choque,Objeto Fijo,Muro,Solo Daños,0,1,0,0,0,0,0,0,0,0,0,0,0,0,0,0,0,0,0,0,0,0
168544,10499735,-74.038563314,4.72411928600002,CL 144-KR 13 02,2019,Octubre,12,sábado,22,50,Usaquén,Choque,Vehículo,N/A,Solo Daños,0,0,0,0,0,0,0,1,0,0,0,0,0,0,0,0,0,0,0,0,0,0
168545,10499736,-74.161828288,4.68872052199998,CL 17-KR 126 2,2019,Octubre,11,viernes,20,30,Fontibón,Choque,N/A,N/A,Solo Daños,0,0,0,0,0,0,0,1,0,0,1,0,0,0,0,0,0,0,0,0,0,0
168546,10499737,-74.111610418,4.65467776000003,AC 24-KR 69 02,2019,Octubre,11,viernes,6,19,Fontibón,Choque,Vehículo,N/A,Solo Daños,0,0,0,0,0,0,0,0,0,0,1,0,0,0,0,0,0,0,0,0,0,0
168547,10500104,-74.139403395,4.57718271800002,KR 25-CL 55 S 2,2019,Octubre,17,jueves,10,0,Tunjuelito,Choque,Vehículo,N/A,Con Heridos,0,0,0,0,0,1,0,0,0,0,0,0,0,0,0,0,0,0,0,0,0,0
168548,10500105,-74.045440256,4.67871452899999,KR 11-CL 95 10,2019,Octubre,16,miércoles,16,15,Chapinero,Atropello,N/A,N/A,Con Heridos,0,0,0,0,0,0,1,0,0,0,0,0,0,0,0,0,0,0,0,0,0,0
168549,10500106,-74.125645659,4.72765963299997,KR 120-CL 80 02,2019,Octubre,17,jueves,17,55,Engativá,Caida de ocupante,N/A,N/A,Con Heridos,0,0,0,0,0,0,0,0,0,0,1,0,1,0,0,1,0,0,0,0,0,0
168550,10500107,-74.149728242,4.53602452000001,CL 80-TR 18Q S 02,2019,Octubre,17,jueves,7,10,Ciudad Bolívar,Choque,Objeto Fijo,Tren,Solo Daños,0,0,0,0,0,0,0,1,0,0,1,0,0,0,0,0,0,0,0,0,1,0
168551,10500108,-74.138781444,4.65677125399998,AV AVENIDA CIUDAD DE CALI-CL 15A 91,2019,Octubre,18,viernes,4,15,Fontibón,Choque,Objeto Fijo,Tren,Solo Daños,0,1,0,0,0,0,0,0,0,0,0,1,0,0,0,0,0,0,0,0,0,0
168552,10500109,-74.102962006,4.62401297500003,CL 13-KR 44 2,2019,Octubre,16,miércoles,14,52,Puente Aranda,Choque,Vehículo,N/A,Con Heridos,0,0,0,0,0,1,0,1,0,1,0,0,0,0,0,0,0,0,0,0,0,1
168553,10500110,-74.192502329,4.629215966,CL 59C-KR 89A S 02,2019,Octubre,17,jueves,5,43,Bosa,Atropello,N/A,N/A,Con Heridos,0,0,0,0,0,0,1,1,0,0,1,0,1,0,0,1,0,0,0,0,0,0
168554,10500111,-74.070074097,4.67146604099997,AK 30-CL 77 40,2019,Octubre,17,jueves,5,25,Barrios Unidos,Choque,Vehículo,N/A,Solo Daños,0,0,0,0,0,1,0,0,0,0,0,0,0,0,0,0,0,0,0,0,0,0
168555,10500112,-74.162595726,4.615097139,AV AVENIDA PRIMERA DE MAYO-CL 43 S 2,2019,Octubre,15,martes,16,20,Kennedy,Choque,Vehículo,N/A,Con Heridos,0,0,0,0,1,1,1,0,0,0,0,0,0,0,0,0,0,0,0,0,0,0
168556,10500113,-74.110398724,4.57652756700003,CL 31A-KR 13A S 02,2019,Octubre,17,jueves,9,0,Rafael Uribe Uribe,Choque,Vehículo,N/A,Solo Daños,0,0,0,0,0,0,0,0,0,0,0,0,0,0,0,0,0,0,0,0,0,0
168557,10500114,-74.126676431,4.566774173,AV AVENIDA CARACAS-CL 51 S 02,2019,Octubre,17,jueves,14,8,Rafael Uribe Uribe,Choque,Vehículo,N/A,Solo Daños,0,1,0,0,0,0,0,1,0,0,0,0,0,0,0,0,0,0,0,0,0,0
168558,10500115,-74.162451278,4.615148987,AV AVENIDA PRIMERA DE MAYO-AV AVENIDA CIUDAD DE VILLAVICENCIO 2,2019,Octubre,17,jueves,5,25,Kennedy,Choque,Vehículo,N/A,Con Heridos,1,0,0,0,0,0,0,0,0,0,0,0,0,0,0,0,0,0,0,0,0,0
168559,10500116,-74.149437823,4.629077913,DG 2-KR 78L 2,2019,Octubre,17,jueves,8,0,Kennedy,Choque,Vehículo,N/A,Con Heridos,1,0,0,0,0,1,0,0,0,0,0,0,0,0,0,0,0,0,0,0,0,0
168560,10500117,-74.055903717,4.69236999399999,AV AVENIDA PASEO DE LOS LIBERTADORES-CL 104B 02,2019,Octubre,17,jueves,8,0,Usaquén,Choque,Vehículo,N/A,Solo Daños,0,0,0,0,0,0,0,0,0,0,0,0,0,0,0,0,0,0,0,0,0,0
168561,10500118,-74.1512,4.68380000000002,CL 26-KR 113 85,2019,Octubre,16,miércoles,17,53,Fontibón,Atropello,N/A,N/A,Con Heridos,0,0,0,0,0,0,1,0,0,1,0,0,0,0,0,0,0,0,0,0,0,1
168562,10500119,-74.052814077,4.71981153799999,KR 45A-CL 134A 02,2019,Octubre,17,jueves,6,5,Suba,Choque,Vehículo,N/A,Solo Daños,0,0,0,0,0,0,0,0,0,1,0,0,0,0,0,0,0,0,0,0,0,1
168563,10500120,-74.083852854,4.60398703999999,KR 17-CL 11 2,2019,Octubre,16,miércoles,14,30,Los Mártires,Atropello,N/A,N/A,Con Heridos,0,0,0,0,0,1,1,1,0,0,0,0,0,0,0,0,0,0,0,0,0,0
168564,10500121,-74.047012194,4.71785053500003,KR 19-CL 134 02,2019,Octubre,17,jueves,23,42,Usaquén,Choque,Vehículo,N/A,Solo Daños,0,1,0,0,0,0,0,0,0,0,1,0,1,0,0,1,0,0,0,0,0,0
168565,10500122,-74.13175177,4.60463791900003,KR 68-CL 38 S 2,2019,Octubre,16,miércoles,13,0,Puente Aranda,Otro,N/A,N/A,Con Heridos,0,0,0,0,0,0,0,0,0,0,1,0,0,0,0,0,0,0,0,0,0,0
168566,10500123,-74.177283006,4.62579202699999,AV AVENIDA CIUDAD DE CALI-DG 49 S 02,2019,Octubre,18,viernes,3,25,Kennedy,Choque,Vehículo,N/A,Solo Daños,0,1,0,0,0,0,0,0,0,0,0,0,0,0,0,0,0,0,0,0,0,0
168567,10500124,N/A,N/A,TR 80J-CL 80J S 2,2019,Octubre,16,miércoles,13,50,Bosa,Caida de ocupante,N/A,N/A,Con Heridos,0,0,0,0,0,0,0,1,0,0,1,0,0,0,0,0,0,0,0,0,0,0
168568,10500125,-74.143179128,4.582829269,AV AVENIDA BOYACA-CL 56 S 02,2019,Octubre,18,viernes,3,51,Ciudad Bolívar,Choque,Vehículo,N/A,Solo Daños,0,0,0,0,0,0,0,0,0,1,0,0,0,0,0,0,0,0,0,0,0,1
168569,10500126,-74.164934833,4.68307399000003,CL 15-KR 119A 07,2019,Octubre,18,viernes,12,34,Fontibón,Choque,Vehículo,N/A,Solo Daños,0,0,0,0,0,1,0,0,0,0,0,0,0,0,0,0,0,0,0,0,0,0
168570,10500500,-74.102449802,4.58377959799998,CL 19B-KR 18 S 2,2019,Octubre,21,lunes,11,40,Antonio Nariño,Choque,Vehículo,N/A,Solo Daños,0,0,0,0,0,0,0,0,0,1,1,0,0,0,0,0,0,0,0,0,0,1
168571,10500501,-74.032599648,4.76036609300002,CL 183-KR 10 02,2019,Octubre,21,lunes,13,16,Usaquén,Choque,Vehículo,N/A,Solo Daños,0,0,0,0,0,0,0,0,0,1,1,0,1,0,0,1,0,0,0,0,0,1
168572,10500502,-74.154027754,4.584010272,CL 59-KR 60 S 19,2019,Octubre,21,lunes,14,40,Ciudad Bolívar,Choque,Vehículo,N/A,Solo Daños,0,0,0,0,0,0,0,0,0,0,0,0,0,0,0,0,0,0,0,0,0,0
168573,10500503,-74.142859419,4.67035009300002,KR 96H-CL 17A 02,2019,Octubre,21,lunes,10,30,Fontibón,Choque,Vehículo,N/A,Solo Daños,0,0,0,0,0,0,0,0,0,0,0,0,0,0,0,0,0,0,0,0,0,0
168574,10500504,-74.088566603,4.69537243100001,AV AVENIDA BOYACA-CL 80 2,2019,Octubre,21,lunes,18,0,Engativá,Choque,Vehículo,N/A,Solo Daños,0,1,0,0,0,0,0,0,0,0,0,0,0,0,0,0,0,0,0,0,0,0
168575,10500505,-74.032348418,4.73299176500001,CL 155-KR 9 2,2019,Octubre,21,lunes,11,47,Usaquén,Choque,Vehículo,N/A,Solo Daños,0,0,0,0,0,0,0,1,0,0,0,0,0,0,0,0,0,0,0,0,0,0
168576,10500506,-74.116916813,4.51606427399997,AV AVENIDA CARACAS-CL 74A S 02,2019,Octubre,22,martes,10,50,Usme,Choque,Vehículo,N/A,Solo Daños,0,1,0,0,0,0,0,0,0,1,0,0,0,0,0,0,0,0,0,0,0,1
168577,10500507,-74.1371,4.61950000000002,TR 71D-AC 4 S 40,2019,Octubre,21,lunes,12,47,Kennedy,Choque,Vehículo,N/A,Solo Daños,0,0,0,0,0,0,0,0,0,0,0,0,0,0,0,0,0,0,0,0,0,0
168578,10500508,-74.103500805,4.60527507699999,CL 3-KR 31D 2,2019,Octubre,22,martes,15,41,Puente Aranda,Choque,Vehículo,N/A,Solo Daños,0,0,0,0,0,0,0,0,0,0,0,0,0,0,0,0,0,0,0,0,0,0
168579,10500509,-74.04350921,4.67183979599997,KR 7-CL 92A 04,2019,Octubre,22,martes,14,30,Chapinero,Choque,Vehículo,N/A,Solo Daños,0,0,0,0,0,0,0,0,0,0,0,0,0,0,0,0,0,0,0,0,0,0
168580,10500510,-74.097909145,4.63770537699997,KR 50-CL 22A 02,2019,Octubre,22,martes,14,45,Teusaquillo,Choque,Vehículo,N/A,Solo Daños,0,0,0,0,0,0,0,0,0,0,0,0,0,0,0,0,0,0,0,0,0,0
168581,10500511,-74.047819544,4.74260531700003,KR 45-CL 161A 2,2019,Octubre,21,lunes,15,35,Usaquén,Choque,Vehículo,N/A,Solo Daños,0,1,0,0,0,0,0,0,0,0,0,0,0,0,0,0,0,0,0,0,0,0
168582,10500512,-74.153681355,4.59645445899997,AV AVENIDA DEL SUR-KR 63 02,2019,Octubre,20,domingo,10,30,Bosa,Choque,Vehículo,N/A,Con Heridos,0,0,0,0,1,0,0,0,0,0,1,0,0,0,0,0,0,0,0,0,0,0
168583,10500513,-74.1684,4.62419999999997,KR 81G-CL 43 S 2,2019,Octubre,18,viernes,6,45,Kennedy,Choque,Vehículo,N/A,Con Heridos,1,0,0,0,0,0,0,0,0,1,0,0,0,0,0,0,0,0,0,0,0,1
168584,10500514,-74.039452531,4.704149911,CL 127-KR 13 02,2019,Octubre,22,martes,10,45,Usaquén,Choque,Vehículo,N/A,Con Heridos,0,0,0,0,0,1,0,1,0,0,0,0,0,0,0,0,0,0,0,0,0,0
168585,10500515,-74.068204191,4.61875183799998,KR 7-CL 32 2,2019,Octubre,21,lunes,16,31,Santa Fe,Choque,Vehículo,N/A,Con Heridos,0,0,0,0,0,1,1,1,0,1,0,0,0,0,0,0,0,0,0,0,0,1
168586,10500516,-74.071385391,4.61307454600001,CL 26-KR 13 2,2019,Octubre,12,sábado,19,10,Santa Fe,Choque,Vehículo,N/A,Con Heridos,0,0,0,0,0,1,0,0,0,0,0,0,0,0,0,0,0,0,0,0,0,0
168587,10500517,-74.164369719,4.68347451,KR 123-CL 15 83,2019,Octubre,22,martes,10,30,Fontibón,Choque,Objeto Fijo,Semaforo,Con Heridos,1,1,0,0,0,0,0,0,0,0,0,0,0,0,0,0,0,0,0,0,0,0
168588,10500518,-74.109519259,4.62388389799997,KR 50-CL 5D 24,2019,Octubre,22,martes,7,40,Puente Aranda,Choque,Vehículo,N/A,Con Heridos,1,0,0,0,0,0,0,0,0,0,1,0,0,0,0,0,0,0,0,0,0,0
168589,10500519,-74.088482035,4.66018822500001,KR 60-CL 63 2,2019,Octubre,21,lunes,15,20,Teusaquillo,Choque,Vehículo,N/A,Con Heridos,0,0,0,0,0,1,0,0,0,0,0,0,0,0,0,0,0,0,0,0,0,0
168590,10500520,-74.130674798,4.58307618600003,CL 47B-KR 28 S 2,2019,Octubre,21,lunes,16,25,Tunjuelito,Choque,Vehículo,N/A,Con Heridos,0,0,0,0,0,1,0,0,0,0,0,0,0,0,0,0,0,0,0,0,0,0
168591,10500521,-74.164694325,4.69093045900001,AC 17-KR 129 75,2019,Octubre,21,lunes,17,40,Fontibón,Choque,Vehículo,N/A,Con Heridos,0,1,0,0,0,1,0,0,0,0,0,0,0,0,0,0,0,0,0,0,0,0
168592,10500522,-74.067495461,4.67388290600002,CL 80-KR 30 02,2019,Octubre,21,lunes,17,0,Barrios Unidos,Choque,Vehículo,N/A,Con Heridos,1,0,0,0,0,0,0,1,0,0,0,0,0,0,0,0,0,0,0,0,0,0
168593,10500524,-74.10349501,4.57506343799997,KR 12D-CL 27A S 2,2019,Octubre,22,martes,7,10,Rafael Uribe Uribe,Choque,Vehículo,N/A,Con Heridos,0,0,0,0,0,1,0,0,0,0,0,0,0,0,0,0,0,0,0,0,0,0
168594,10500525,-74.107117949,4.55783391199998,CL 48-KR 5L S 2,2019,Octubre,20,domingo,18,0,San Cristóbal,Choque,Vehículo,N/A,Con Heridos,0,0,0,0,0,1,0,1,0,0,0,0,0,0,0,0,0,0,0,0,0,0
168595,10500526,-74.11539341,4.61329020599999,KR 50-CL 2C 02,2019,Octubre,21,lunes,17,0,Puente Aranda,Choque,Vehículo,N/A,Con Heridos,1,0,0,0,0,0,0,1,0,0,0,0,0,0,0,0,0,0,0,0,0,0
168596,10500906,-74.120665149,4.535107783,KR 14-CL 64 S 2,2019,Octubre,26,sábado,14,20,Usme,Choque,Vehículo,N/A,Con Heridos,1,0,0,0,0,0,0,0,0,0,0,0,0,0,0,0,0,0,0,0,0,0
168597,10500907,-74.158179833,4.59631985300001,AV AVENIDA DEL SUR-KR 67 02,2019,Octubre,27,domingo,1,20,Bosa,Choque,Vehículo,N/A,Con Heridos,0,0,0,0,0,0,0,0,0,0,0,0,0,0,0,0,0,0,0,0,0,0
168598,10500908,-74.089051621,4.59199212599998,AV AVENIDA CARACAS-AC 1 2,2019,Octubre,26,sábado,14,5,Los Mártires,Choque,Vehículo,N/A,Con Heridos,0,0,0,0,0,1,0,1,0,1,0,0,0,0,0,0,0,0,0,0,0,1
168599,10500909,-74.084945193,4.58933828200003,KR 10-CL 1 2,2019,Octubre,26,sábado,17,30,Santa Fe,Choque,Vehículo,N/A,Con Heridos,0,0,0,0,1,1,0,0,0,0,0,0,0,0,0,0,0,0,0,0,0,0
168600,10500910,-74.163965952,4.61353181300001,CL 45-KR 78F S 35,2019,Octubre,27,domingo,11,0,Kennedy,Atropello,N/A,N/A,Con Heridos,0,0,0,0,0,0,1,0,0,0,0,0,0,0,0,0,0,0,0,0,0,0
168601,10500911,-74.192600614,4.629485558,CL 59C-KR 89BISA S 02,2019,Octubre,27,domingo,11,0,Bosa,Atropello,N/A,N/A,Con Heridos,0,0,0,0,0,1,1,0,0,0,0,0,0,0,0,0,0,0,0,0,0,0
168602,10500912,-74.09852154,4.70971537000003,KR 89A-CL 87 02,2019,Octubre,27,domingo,7,25,Engativá,Atropello,N/A,N/A,Con Heridos,0,0,0,0,0,0,1,1,0,0,0,0,0,0,0,0,0,0,0,0,0,0
168603,10500913,-74.092712296,4.69087363300002,AV AVENIDA BOYACA-CL 75 02,2019,Octubre,27,domingo,10,45,Engativá,Caida de ocupante,N/A,N/A,Con Heridos,0,0,0,0,0,0,0,0,0,0,1,0,1,0,0,1,0,0,0,0,0,0
168604,10500914,-74.134407857,4.55594430299999,CL 63-KR 10A S 2,2019,Octubre,26,sábado,12,0,Ciudad Bolívar,Choque,Vehículo,N/A,Con Heridos,1,0,0,0,0,0,0,1,0,0,1,0,0,0,0,0,0,0,0,0,0,0
168605,10500915,-74.11536017,4.52660584699998,CL 68B-KR 8B S 15,2019,Octubre,27,domingo,15,46,Usme,Atropello,N/A,N/A,Con Heridos,0,0,0,0,1,1,1,0,0,0,0,0,0,0,0,0,0,0,0,0,0,0
168606,10500916,-74.151284403,4.57239325,AV AVENIDA CIUDAD DE VILLAVICENCIO-KR 38 2,2019,Octubre,26,sábado,13,30,Ciudad Bolívar,Choque,Vehículo,N/A,Con Heridos,0,1,0,0,0,1,0,0,0,0,0,0,0,0,0,0,0,0,0,0,0,0
168607,10500917,-74.103780296,4.60098530599998,KR 30-CL 1F 02,2019,Octubre,25,viernes,16,10,Los Mártires,Choque,Vehículo,N/A,Con Heridos,0,0,0,0,0,1,0,0,0,0,0,0,0,0,0,0,0,0,0,0,0,0
168608,10500919,-74.087583039,4.65455878400002,TR 59A-CL 60 02,2019,Octubre,25,viernes,13,5,Teusaquillo,Choque,Vehículo,N/A,Con Heridos,0,0,0,0,0,0,0,1,0,0,0,0,0,0,0,0,0,0,0,0,0,0
168609,10500920,N/A,N/A,KR 88D-CL 9 2,2019,Octubre,27,domingo,20,45,Kennedy,Choque,Vehículo,N/A,Con Heridos,0,0,0,0,0,1,0,0,0,1,0,0,0,0,0,0,0,0,0,0,0,1
168610,10500921,-74.075281698,4.610765496,AV AVENIDA CARACAS-CL 22 2,2019,Octubre,27,domingo,21,30,Los Mártires,Choque,Vehículo,N/A,Con Heridos,0,0,0,0,0,1,0,0,0,0,0,0,0,0,0,0,0,0,0,0,0,0
168611,10500922,-74.131449165,4.610943717,AV AVENIDA PRIMERA DE MAYO-KR 68F 20,2019,Octubre,25,viernes,14,41,Kennedy,Choque,Vehículo,N/A,Con Heridos,1,1,0,0,1,0,0,0,0,0,0,0,0,0,0,0,0,0,0,0,0,0
168612,10500923,-74.162903168,4.62262303400001,AK 80-CL 42 S 02,2019,Octubre,25,viernes,15,0,Kennedy,Choque,Vehículo,N/A,Con Heridos,1,0,0,0,0,0,0,0,0,0,0,0,0,0,0,0,0,0,0,0,0,0
168613,10500924,-74.138955565,4.53920844599998,KR 17A-CL 78A S 2,2019,Octubre,27,domingo,9,55,Ciudad Bolívar,Choque,Vehículo,N/A,Con Heridos,1,0,0,0,1,0,0,1,0,1,0,0,0,0,0,0,0,0,0,0,0,1
168614,10500925,-74.074865602,4.72175426899997,AV AVENIDA SUBA-KR 72 02,2019,Octubre,25,viernes,23,50,Suba,Choque,Objeto Fijo,Inmueble,Con Heridos,0,0,1,0,0,1,0,0,0,0,0,0,0,0,0,0,0,0,0,0,0,0
168615,10500926,-74.060447637,4.66967242499999,KR 20-CL 82 2,2019,Octubre,27,domingo,8,30,Chapinero,Choque,Vehículo,N/A,Con Heridos,0,0,0,0,0,1,0,0,0,0,0,0,0,0,0,0,0,0,0,0,0,0
168616,10500927,-74.159664952,4.64131119299998,KR 87D-CL 2 02,2019,Octubre,26,sábado,15,0,Kennedy,Choque,Vehículo,N/A,Con Heridos,1,0,0,0,0,0,0,0,0,0,0,0,0,0,0,0,0,0,0,0,0,0
168617,10500929,-74.136577679,4.649480858,CL 12-KR 79A 02,2019,Octubre,26,sábado,10,42,Kennedy,Choque,Vehículo,N/A,Con Heridos,1,0,0,0,0,0,0,0,0,0,0,0,0,0,0,0,0,0,0,0,0,0
168618,10500930,-74.093340802,4.55251748199998,KR 3B-CL 38 ES 24,2019,Octubre,26,sábado,12,30,San Cristóbal,Choque,Objeto Fijo,Semaforo,Con Heridos,0,0,0,0,0,1,0,0,0,0,0,0,0,0,0,0,0,0,0,0,0,0
168619,10500931,-74.065713106,4.67912537900003,AV AVENIDA SUBA-CL 90 02,2019,Octubre,26,sábado,10,58,Barrios Unidos,Choque,Vehículo,N/A,Con Heridos,0,0,0,0,0,0,0,1,0,0,1,0,1,1,0,0,0,0,0,1,0,0
168620,10501309,-74.082505875,4.71145557,CL 127A-KR 81 02,2019,Octubre,29,martes,22,56,Suba,Choque,Vehículo,N/A,Con Heridos,0,0,1,0,0,1,0,1,0,1,0,0,0,0,0,0,0,0,0,0,0,1
168621,10501310,-74.067673446,4.594888551,AV AVENIDA CIRCUNVALAR-CL 12 2,2019,Octubre,30,miércoles,19,43,Santa Fe,Volcamiento,N/A,N/A,Con Heridos,0,0,0,0,0,1,0,0,0,0,0,1,0,0,0,0,0,0,0,0,0,0
168622,10501311,-74.124972915,4.64725021100003,CL 13-KR 69F 34,2019,Octubre,29,martes,16,40,Fontibón,Choque,Vehículo,N/A,Con Heridos,0,1,0,0,0,1,0,0,0,0,0,0,0,0,0,0,0,0,0,0,0,0
168623,10501312,-74.073839457,4.60678364199998,AC 19-KR 9 2,2019,Octubre,30,miércoles,11,0,Santa Fe,Atropello,N/A,N/A,Con Heridos,0,0,0,0,0,0,1,1,0,0,0,0,0,0,0,0,0,0,0,0,0,0
168624,10501313,-74.125545123,4.60594982499998,AV AVENIDA PRIMERA DE MAYO-KR 52 18,2019,Octubre,30,miércoles,19,50,Puente Aranda,Caida de ocupante,N/A,N/A,Con Heridos,0,0,0,0,0,0,1,1,0,0,1,0,1,0,0,1,0,0,0,0,0,0
168625,10501314,-74.057709737,4.665399106,KR 15-CL 79 2,2019,Octubre,29,martes,15,3,Chapinero,Choque,Vehículo,N/A,Con Heridos,1,0,0,0,0,0,0,0,0,0,1,0,1,0,0,1,0,0,0,0,0,0
168626,10501315,-74.153272467,4.62401008699999,CL 37-KR 78K S 02,2019,Octubre,29,martes,15,2,Kennedy,Caida de ocupante,N/A,N/A,Con Heridos,0,0,0,0,0,0,0,1,0,0,1,0,1,0,0,1,0,0,0,0,0,0
168627,10501316,-74.100296846,4.59502282199998,CL 1-KR 25A 2,2019,Octubre,30,miércoles,19,10,Los Mártires,Atropello,N/A,N/A,Con Heridos,0,0,0,0,0,0,1,0,0,0,0,0,0,0,0,0,0,0,0,0,0,0
168628,10501317,-74.165275406,4.60664025199998,CL 48BIS-KR 77K S 14,2019,Octubre,30,miércoles,20,39,Kennedy,Choque,Vehículo,N/A,Con Heridos,1,0,0,0,1,1,0,0,0,0,0,0,0,0,0,0,0,0,0,0,0,0
168629,10501318,-74.020298647,4.74314338699998,CL 166A-KR 4 2,2019,Octubre,30,miércoles,7,52,Usaquén,Atropello,N/A,N/A,Con Heridos,0,0,0,0,0,1,1,1,0,0,0,0,0,0,0,0,0,0,0,0,0,0
168630,10501319,-74.069701815,4.62211121000001,AV AVENIDA CARACAS-CL 34 02,2019,Octubre,28,lunes,10,4,Teusaquillo,Atropello,N/A,N/A,Con Heridos,0,0,0,0,0,0,1,0,0,0,1,0,1,1,0,0,0,1,0,0,0,0
168631,10501320,-74.130416509,4.60338512599998,CL 37-KR 52A S 2,2019,Octubre,30,miércoles,23,15,Puente Aranda,Atropello,N/A,N/A,Con Heridos,0,0,0,0,1,1,1,0,0,0,0,0,0,0,0,0,0,0,0,0,0,0
168632,10501321,-74.118134261,4.58297940699998,KR 24B-CL 35 S 2,2019,Octubre,30,miércoles,22,0,Rafael Uribe Uribe,Choque,Vehículo,N/A,Con Heridos,0,0,0,0,0,0,0,0,0,0,1,0,1,0,0,0,1,0,0,0,0,0
168633,10501322,-74.081725684,4.60256624099998,KR 15-CL 11 02,2019,Octubre,28,lunes,6,30,Los Mártires,Atropello,N/A,N/A,Con Heridos,0,0,0,0,0,0,1,0,0,0,0,0,0,0,0,0,0,0,0,0,0,0
168634,10501323,-74.111810346,4.66613965800002,AV AVENIDA BOYACA-CL 26 2,2019,Octubre,30,miércoles,7,43,Fontibón,Choque,Vehículo,N/A,Con Heridos,0,1,0,0,0,1,0,0,0,0,0,0,0,0,0,0,0,0,0,0,0,0
168635,10501324,-74.14713501,4.56063662499997,KR 19D-CL 65 S 02,2019,Octubre,29,martes,13,30,Ciudad Bolívar,Atropello,N/A,N/A,Con Heridos,0,0,0,0,1,1,1,0,0,0,0,0,0,0,0,0,0,0,0,0,0,0
168636,10501325,-74.069374435,4.72534536199998,CL 134-KR 59A 2,2019,Octubre,29,martes,18,20,Suba,Atropello,N/A,N/A,Con Heridos,0,0,0,0,0,1,1,1,0,0,0,0,0,0,0,0,0,0,0,0,0,0
168637,10501326,-74.077612757,4.65792362899998,KR 30-CL 63G 02,2019,Octubre,29,martes,18,41,Teusaquillo,Atropello,N/A,N/A,Con Heridos,0,0,0,0,0,1,1,1,0,0,0,0,0,0,0,0,0,0,0,0,0,0
168638,10501327,-74.142002362,4.57897679899997,AV AVENIDA BOYACA-KR 29 2,2019,Octubre,30,miércoles,20,20,Tunjuelito,Atropello,N/A,N/A,Con Heridos,0,0,0,0,0,1,1,0,0,0,0,0,0,0,0,0,0,0,0,0,0,0
168639,10501328,-74.1592,4.6404,KR 87-CL 2 S 02,2019,Octubre,29,martes,13,23,Kennedy,Atropello,N/A,N/A,Con Heridos,0,0,0,0,0,0,1,0,0,0,1,0,0,0,0,0,0,0,0,0,0,0
168640,10501329,-74.159967839,4.57913383599998,CL 68F-TR 55 S 2,2019,Octubre,30,miércoles,6,20,Ciudad Bolívar,Atropello,N/A,N/A,Con Muertos,0,0,0,0,0,0,1,1,0,0,0,0,0,0,0,0,0,0,0,0,0,0
168641,10501330,-74.095333521,4.69013915400001,KR 73A-CL 73A 2,2019,Octubre,30,miércoles,8,0,Engativá,Choque,Vehículo,N/A,Con Heridos,0,0,0,0,0,1,0,0,0,0,0,0,0,0,0,0,0,0,0,0,0,0
168642,10501331,-74.146363544,4.55343147299999,KR 18N-CL 67A S 02,2019,Octubre,29,martes,15,0,Ciudad Bolívar,Atropello,N/A,N/A,Con Heridos,0,0,0,0,1,1,1,0,0,0,0,0,0,0,0,0,0,0,0,0,0,0
168643,10501332,-74.147618219,4.57237759899999,CL 59-KR 27 E 2,2019,Octubre,30,miércoles,6,56,Ciudad Bolívar,Atropello,N/A,N/A,Con Heridos,0,0,0,0,1,0,1,0,0,0,1,0,0,0,0,0,0,0,0,0,0,0
168644,10501333,-74.119397784,4.64639826500002,CL 18A-KR 69 2,2019,Octubre,30,miércoles,0,52,Fontibón,Choque,Vehículo,N/A,Con Heridos,0,0,0,0,0,1,0,0,0,0,0,0,0,0,0,0,0,0,0,0,0,0
168845,10498560,-74.094467082,4.621195,KR 36-CL 17A 2,2019,Octubre,1,martes,10,30,Puente Aranda,Choque,Vehículo,N/A,Con Heridos,0,0,0,0,0,1,0,0,0,1,0,0,0,0,0,0,0,0,0,0,0,1
168846,10498561,-74.046179933,4.677284982,KR 11-CL 94 02,2019,Octubre,1,martes,19,20,Chapinero,Caida de ocupante,N/A,N/A,Con Heridos,0,0,0,0,0,0,0,0,0,0,1,0,1,0,0,1,0,0,0,0,0,0
168849,10498564,-74.125674868,4.60583320199999,AV AVENIDA PRIMERO DE MAYO-KR 52 2,2019,Octubre,1,martes,8,35,Puente Aranda,Choque,Vehículo,N/A,Con Heridos,0,1,0,0,0,0,0,1,0,0,0,0,0,0,0,0,0,0,0,0,0,0
168850,10498565,-74.194449644,4.60443063899999,CL 71-KR 79 S 02,2019,Octubre,1,martes,6,0,Bosa,Choque,Vehículo,N/A,Con Heridos,0,1,0,0,0,1,0,0,0,0,0,0,0,0,0,0,0,0,0,0,0,0
168852,10498567,-74.113200062,4.68604150200002,CL 64B-KR 88A 55,2019,Octubre,1,martes,8,20,Engativá,Choque,Vehículo,N/A,Con Heridos,0,0,0,0,0,1,0,0,0,0,1,0,1,0,0,1,0,0,0,0,0,0
168853,10498568,-74.174631059,4.59677747199999,AV AVENIDA DEL SUR-CL 57 S 02,2019,Octubre,1,martes,9,45,Bosa,Choque,Vehículo,N/A,Con Heridos,0,0,0,0,0,1,0,0,0,0,0,0,0,0,0,0,0,0,0,0,0,0
168856,10498571,-74.080153985,4.70989152200002,AV AVENIDA BOYACA-CL 127 02,2019,Octubre,1,martes,18,50,Suba,Choque,Vehículo,N/A,Con Heridos,1,0,0,0,0,0,0,0,0,0,1,0,1,0,0,1,0,0,0,0,0,0
168858,10498573,-74.039316178,4.71679879300001,CL 135-KR 12A 2,2019,Octubre,1,martes,8,30,Usaquén,Atropello,N/A,N/A,Con Heridos,0,0,0,0,0,0,1,1,0,0,0,0,0,0,0,0,0,0,0,0,0,0
168859,10498574,-74.158268905,4.57719259599997,CL 68F-KR 49 S 02,2019,Octubre,1,martes,16,40,Ciudad Bolívar,Atropello,N/A,N/A,Con Heridos,0,0,0,0,0,1,1,0,0,0,0,0,0,0,0,0,0,0,0,0,0,0
168860,10498575,-74.060496909,4.66593472300002,AV AVENIDA PASEO DE LOS LIBERTADORES-CL 80 02,2019,Octubre,1,martes,19,50,Chapinero,Choque,Vehículo,N/A,Con Heridos,1,0,0,0,0,0,0,0,0,0,1,0,1,1,0,0,0,1,0,0,0,0
168861,10498576,-74.091,4.68360000000001,KR 69C-CL 72 02,2019,Octubre,1,martes,18,40,Engativá,Atropello,N/A,N/A,Con Heridos,0,0,0,0,1,0,1,0,0,0,1,0,0,0,0,0,0,0,0,0,0,0
168862,10498577,-74.126606847,4.60206296400003,CL 33-KR 51A S 84,2019,Octubre,1,martes,15,32,Puente Aranda,Atropello,N/A,N/A,Con Heridos,0,0,0,0,0,0,1,1,0,0,0,0,0,0,0,0,0,0,0,0,0,0
168863,10498578,-74.115614446,4.66157218699999,AV AVENIDA BOYACA-CL 24 02,2019,Octubre,1,martes,18,10,Fontibón,Atropello,N/A,N/A,Con Muertos,1,0,0,0,0,0,1,0,0,0,0,0,0,0,0,0,0,0,0,0,0,0
168865,10498580,-74.145249808,4.59194918100002,TR 60-CL 49A S 16,2019,Octubre,1,martes,6,50,Tunjuelito,Caida de ocupante,N/A,N/A,Con Heridos,0,0,0,0,0,0,0,1,0,0,1,0,1,0,0,1,0,0,0,0,1,0
168866,10498581,-74.122213866,4.66968499699999,KR 82-CL 24A 2,2019,Octubre,1,martes,8,0,Fontibón,Caida de ocupante,N/A,N/A,Con Heridos,0,0,0,0,0,0,0,0,0,0,1,0,0,0,0,0,0,0,0,0,0,0
168867,10498953,-74.087543226,4.61946826899998,KR 30-CL 19 02,2019,Octubre,5,sábado,17,45,Los Mártires,Atropello,N/A,N/A,Con Heridos,0,0,0,0,0,0,1,0,0,0,1,0,1,1,0,0,0,1,0,0,0,0
168868,10498954,-74.133303343,4.66231084999998,AV AVENIDA CIUDAD DE CALI-CL 19 2,2019,Octubre,4,viernes,23,25,Fontibón,Choque,Vehículo,N/A,Con Heridos,1,0,0,0,0,0,0,1,0,0,0,0,0,0,0,0,0,0,0,0,0,0
168869,10498955,-74.086427337,4.67663042200002,KR 68-CL 67F 2,2019,Octubre,6,domingo,22,20,Barrios Unidos,Atropello,N/A,N/A,Con Heridos,0,0,0,0,1,0,1,0,0,0,0,0,0,0,0,0,0,0,0,0,0,0
168870,10498956,-74.175147066,4.61405259700001,KR 80-CL 56 S 02,2019,Octubre,5,sábado,7,15,Kennedy,Atropello,N/A,N/A,Con Heridos,0,0,0,0,0,1,1,0,0,0,0,0,0,0,0,0,0,0,0,0,0,0
168871,10498957,-74.074948458,4.66696388499997,KR 50-CL 71A 2,2019,Octubre,5,sábado,7,10,Barrios Unidos,Choque,Vehículo,N/A,Con Heridos,1,0,0,0,0,0,0,0,0,0,0,0,0,0,0,0,0,0,0,0,0,0
168872,10498958,-74.116250284,4.588369887,KR 27-CL 31 S 2,2019,Octubre,6,domingo,11,57,Antonio Nariño,Caida de ocupante,N/A,N/A,Con Heridos,0,0,0,0,0,0,0,0,0,0,1,0,1,0,0,1,0,0,0,0,0,0
168873,10498959,-74.166465287,4.64592276000002,CL 26-KR 91C S 02,2019,Octubre,5,sábado,7,0,Kennedy,Atropello,N/A,N/A,Con Heridos,0,0,0,0,0,1,1,0,0,0,0,0,0,0,0,0,0,0,0,0,0,0
168874,10498960,-74.062347343,4.60337549100001,AV AVENIDA CIRCUNVALAR-CL 22 2,2019,Octubre,6,domingo,6,50,Candelaria,Atropello,N/A,N/A,Con Heridos,0,0,0,0,0,1,1,0,0,0,0,0,0,0,0,0,0,0,0,0,0,0
168875,10498961,-74.113586726,4.71155608599997,CL 80-KR 102 2,2019,Octubre,4,viernes,16,0,Engativá,Choque,Vehículo,N/A,Con Heridos,0,0,0,0,0,0,0,0,0,0,0,0,0,0,0,0,0,0,0,0,0,0
168876,10498962,-74.027627476,4.75884098,CL 182-KR 7B 2,2019,Octubre,6,domingo,20,20,Usaquén,Atropello,N/A,N/A,Con Heridos,0,0,0,0,1,0,1,0,0,0,0,0,0,0,0,0,0,0,0,0,0,0
168877,10498963,-74.160412076,4.637165482,CL 33-KR 86 S 02,2019,Octubre,5,sábado,20,5,Kennedy,Atropello,N/A,N/A,Con Heridos,0,0,0,0,0,1,1,0,0,0,0,0,0,0,0,0,0,0,0,0,0,0
168878,10498964,-74.104091105,4.54846589599998,CL 52A-KR 5BBIS S 2,2019,Octubre,4,viernes,15,30,Rafael Uribe Uribe,Choque,Objeto Fijo,Tren,Con Heridos,0,0,0,0,1,0,0,0,0,0,0,0,0,0,0,0,0,0,0,0,0,0
168879,10498965,-74.171594328,4.62472274100003,KR 81J-CL 46 S 02,2019,Octubre,5,sábado,7,30,Kennedy,Atropello,N/A,N/A,Con Heridos,0,0,0,0,0,0,1,0,0,0,0,0,0,0,0,0,0,0,0,0,0,0
168880,10498966,-74.142515743,4.563979502,DG 62-AK 20A S 2,2019,Octubre,5,sábado,17,0,Ciudad Bolívar,Atropello,N/A,N/A,Con Heridos,0,0,0,0,0,1,1,1,0,0,0,0,0,0,0,0,0,0,0,0,0,0
168881,10498967,-74.124224973,4.607245987,KR 52-CL 21 S 02,2019,Octubre,5,sábado,20,0,Puente Aranda,Atropello,N/A,N/A,Con Heridos,0,0,0,0,0,1,1,0,0,0,0,0,0,0,0,0,0,0,0,0,0,0
168882,10498968,-74.13792806,4.58996356400002,KR 52-CL 50A S 2,2019,Octubre,5,sábado,1,10,Rafael Uribe Uribe,Choque,Vehículo,N/A,Con Heridos,0,0,0,0,0,0,0,0,0,1,0,0,0,0,0,0,0,0,0,0,0,1
168883,10498969,-74.077156006,4.60923537600002,CL 19-KR 15 02,2019,Octubre,5,sábado,23,40,Los Mártires,Atropello,N/A,N/A,Con Heridos,0,0,0,0,0,0,1,0,0,0,1,0,1,0,0,1,0,0,0,0,0,0
168884,10498970,-74.118104078,4.56980017199999,TR 13A-AC 43 S 2,2019,Octubre,6,domingo,3,30,Rafael Uribe Uribe,Choque,Vehículo,N/A,Con Heridos,0,0,0,0,0,1,0,0,0,0,0,0,0,0,0,0,0,0,0,0,0,0
168885,10498971,-74.147760725,4.67504605900001,KR 104-CL 17 2,2019,Octubre,4,viernes,10,50,Fontibón,Caida de ocupante,N/A,N/A,Con Heridos,0,0,0,0,0,0,0,1,0,0,1,0,1,0,1,0,0,0,0,0,0,0
168886,10498973,-74.104201605,4.70871797900003,TR 94-CL 82A 02,2019,Octubre,5,sábado,6,2,Engativá,Choque,Vehículo,N/A,Con Heridos,1,0,0,0,0,0,0,0,0,0,0,0,0,0,0,0,0,0,0,0,0,0
168888,10498975,-74.061890698,4.70792294500001,CL 127-KR 53A 02,2019,Octubre,5,sábado,16,0,Suba,Atropello,N/A,N/A,Con Heridos,0,0,0,0,0,0,1,0,0,0,0,0,0,0,0,0,0,0,0,0,0,0
168889,10498976,-74.119240123,4.52658387600002,CL 68B-KR 13 S 2,2019,Octubre,4,viernes,12,0,Usme,Atropello,N/A,N/A,Con Heridos,0,0,0,0,0,1,1,0,0,0,0,0,0,0,0,0,0,0,0,0,0,0
168890,10498978,-74.152,4.62060000000002,KR 79-CL 38B S 2,2019,Octubre,5,sábado,16,40,Kennedy,Atropello,N/A,N/A,Con Heridos,0,0,0,0,0,1,1,0,0,0,0,0,0,0,0,0,0,0,0,0,0,0
168891,10499345,-74.126596802,4.64939625800002,AV AVENIDA BOYACA-CL 13 2,2019,Octubre,9,miércoles,8,47,Fontibón,Choque,Vehículo,N/A,Solo Daños,0,0,0,0,0,0,0,0,0,0,1,0,1,0,0,1,0,0,0,0,0,0
168892,10499346,-74.152010768,4.64444243999998,AV AVENIDA CIUDAD DE CALI-CL 7A 2,2019,Octubre,9,miércoles,14,51,Kennedy,Choque,Vehículo,N/A,Solo Daños,0,0,0,0,0,0,0,0,0,0,1,0,1,0,0,1,0,0,0,0,0,0
168893,10499347,-74.050758182,4.718795876,CL 134-KR 23 02,2019,Octubre,9,miércoles,17,45,Usaquén,Choque,Vehículo,N/A,Solo Daños,0,0,0,0,0,0,0,0,0,0,0,0,0,0,0,0,0,0,0,0,0,0
168894,10499348,-74.087827473,4.67446584100003,KR 68-CL 68 2,2019,Octubre,9,miércoles,12,19,Barrios Unidos,Choque,Vehículo,N/A,Solo Daños,0,0,0,0,0,0,0,1,0,0,0,0,0,0,0,0,0,0,0,0,0,0
168895,10499349,-74.15506671,4.62332517999999,CL 38C-KR 78M S 2,2019,Octubre,9,miércoles,8,1,Kennedy,Choque,Vehículo,N/A,Solo Daños,0,0,0,0,0,0,0,0,0,1,1,0,0,0,0,0,0,0,0,0,0,1
168896,10499350,-74.09856168,4.69080771300003,KR 76-CL 72A 2,2019,Octubre,8,martes,13,49,Engativá,Choque,Vehículo,N/A,Solo Daños,0,1,0,0,0,0,0,0,0,0,0,0,0,0,0,0,0,0,0,0,0,0
168897,10499351,-74.11249637,4.65616825799998,KR 69B-CL 24 2,2019,Octubre,9,miércoles,22,0,Fontibón,Choque,Vehículo,N/A,Solo Daños,0,0,0,0,0,0,0,0,0,0,1,0,1,0,0,1,0,0,0,0,0,0
168898,10499352,-74.030135435,4.71202948500002,CL 134-KR 7 02,2019,Octubre,9,miércoles,16,14,Usaquén,Choque,Vehículo,N/A,Solo Daños,0,0,0,0,0,0,0,0,0,0,0,0,0,0,0,0,0,0,0,0,0,0
168899,10499353,-74.065066447,4.74244803900001,AV AVENIDA BOYACA-CL 153 2,2019,Octubre,8,martes,13,40,Suba,Choque,Vehículo,N/A,Solo Daños,0,0,0,0,0,0,0,0,0,0,0,0,0,0,0,0,0,0,0,0,0,0
168900,10499354,-74.162038345,4.63894945800001,CL 33-KR 87C S 2,2019,Octubre,9,miércoles,21,30,Kennedy,Choque,N/A,N/A,Solo Daños,0,0,0,0,0,0,0,0,0,1,0,0,0,0,0,0,0,0,0,0,0,1
168901,10499355,-74.107014786,4.58227126600002,CL 26-KR 20 S 02,2019,Octubre,9,miércoles,11,40,Rafael Uribe Uribe,Choque,Vehículo,N/A,Con Heridos,0,0,0,0,0,1,0,0,0,0,0,0,0,0,0,0,0,0,0,0,0,0
168902,10499356,-74.139017882,4.675347445,KR 97-CL 22A 2,2019,Octubre,8,martes,12,40,Fontibón,Choque,Vehículo,N/A,Con Heridos,0,0,0,0,0,1,0,0,0,0,0,0,0,0,0,0,0,0,0,0,0,0
168903,10499357,N/A,N/A,KR 68-CL 79 2,2019,Octubre,9,miércoles,7,30,Barrios Unidos,Choque,Vehículo,N/A,Con Heridos,0,0,0,0,0,1,0,0,0,0,0,0,0,0,0,0,0,0,0,0,0,0
168904,10499358,-74.158100355,4.622771747,KR 79-CL 40B S 04,2019,Octubre,8,martes,12,28,Kennedy,Choque,Vehículo,N/A,Con Heridos,0,1,0,0,0,1,0,1,0,0,0,0,0,0,0,0,0,0,0,0,0,0
168905,10499359,-74.06838697,4.65398697400002,KR 19-CL 64 2,2019,Octubre,9,miércoles,19,4,Barrios Unidos,Choque,Vehículo,N/A,Con Heridos,0,0,0,0,0,1,0,0,0,0,0,0,0,0,0,0,0,0,0,0,0,0
168906,10499360,-74.120391583,4.65624230700001,KR 72-CL 22 02,2019,Octubre,9,miércoles,23,15,Fontibón,Choque,Vehículo,N/A,Con Heridos,0,0,0,0,0,1,0,0,0,1,0,0,0,0,0,0,0,0,0,0,0,1
168907,10499361,-74.106579345,4.59171535799999,KR 27-CL 17 S 02,2019,Octubre,9,miércoles,6,21,Antonio Nariño,Choque,Vehículo,N/A,Con Heridos,0,0,0,0,0,1,0,0,0,0,0,0,0,0,0,0,0,0,0,0,0,0
168908,10499362,-74.085797045,4.58549093599999,KR 8B-CL 2A S 2,2019,Octubre,8,martes,19,27,San Cristóbal,Choque,Vehículo,N/A,Con Heridos,0,0,0,0,0,1,0,0,0,1,0,0,0,0,0,0,0,0,0,0,0,1
168909,10499363,-74.095879903,4.59405102900001,CL 1-KR 22 02,2019,Octubre,9,miércoles,6,31,Antonio Nariño,Choque,Vehículo,N/A,Con Heridos,0,0,0,0,0,1,0,0,0,0,1,0,0,0,0,0,0,0,0,0,0,0
168910,10499364,-74.112411142,4.667659474,CL 26-KR 72 2,2019,Octubre,8,martes,13,3,Fontibón,Choque,Vehículo,N/A,Con Heridos,0,0,0,0,0,1,0,0,0,0,1,0,1,0,0,1,0,0,0,0,0,0
168911,10499365,-74.119629084,4.71946931999997,AC 80-KR 112 2,2019,Octubre,9,miércoles,5,50,Engativá,Choque,Vehículo,N/A,Con Heridos,0,0,0,0,0,1,0,0,0,0,1,0,0,0,0,0,0,0,0,0,0,0
168912,10499366,-74.172193995,4.63793974200001,CL 42A-KR 89C S 02,2019,Octubre,9,miércoles,6,39,Kennedy,Choque,Vehículo,N/A,Con Heridos,0,0,0,0,0,1,0,0,0,0,0,0,0,0,0,0,0,0,0,0,0,0
168913,10499367,-74.130510149,4.64648921600002,AV AVENIDA BOYACA-CL 15 2,2019,Octubre,8,martes,18,59,Kennedy,Choque,Vehículo,N/A,Con Heridos,0,0,0,0,0,1,0,1,0,0,0,1,0,0,0,0,0,0,0,0,0,0
168914,10499368,-74.076187943,4.73312126899998,CL 145-KR 77 2,2019,Octubre,8,martes,18,30,Suba,Choque,Vehículo,N/A,Con Muertos,0,1,0,0,0,1,0,0,0,0,0,0,0,0,0,0,0,0,0,0,0,0
168915,10499369,-74.065238464,4.647154532,CL 60-KR 14 02,2019,Octubre,9,miércoles,5,3,Chapinero,Choque,Vehículo,N/A,Con Heridos,0,0,0,0,0,0,0,1,0,0,1,0,1,0,0,1,0,0,0,0,0,0
168916,10499738,-74.109040578,4.68972541699998,KR 86-CL 66A 2,2019,Octubre,11,viernes,18,15,Engativá,Choque,Vehículo,N/A,Solo Daños,0,0,0,0,0,0,0,0,0,0,0,0,0,0,0,0,0,0,0,0,0,0
168917,10499739,-74.137943004,4.55646858099999,CL 61-KR 18K S 25,2019,Octubre,12,sábado,11,30,Ciudad Bolívar,Choque,Objeto Fijo,Tren,Solo Daños,0,0,0,0,0,0,0,0,0,0,0,0,0,0,0,0,0,0,0,0,0,0
168918,10499740,-74.120654993,4.66691461300002,CL 24-KR 80B 02,2019,Octubre,11,viernes,11,56,Fontibón,Choque,N/A,N/A,Solo Daños,0,1,0,0,0,0,0,0,0,0,0,0,0,0,0,0,0,0,0,0,0,0
168919,10499741,-74.066873853,4.74747521400002,CL 163-KR 73 02,2019,Octubre,12,sábado,9,10,Suba,Choque,Vehículo,N/A,Solo Daños,0,0,0,0,0,0,0,1,0,0,0,0,0,0,0,0,0,0,0,0,0,0
168920,10499742,-74.09482544,4.72812209300002,CL 129C-KR 96 02,2019,Octubre,12,sábado,12,30,Suba,Choque,Vehículo,N/A,Solo Daños,0,0,0,0,0,0,0,1,0,1,0,0,0,0,0,0,0,0,0,0,0,1
168921,10499743,-74.151,4.68369999999999,CL 26-KR 113 02,2019,Octubre,11,viernes,8,5,Fontibón,Choque,Vehículo,N/A,Solo Daños,0,0,0,0,0,0,0,0,0,0,0,0,0,0,0,0,0,0,0,0,0,0
168922,10499744,-74.097684815,4.60729177100001,KR 30-CL 6 02,2019,Octubre,11,viernes,5,40,Los Mártires,Choque,Vehículo,N/A,Solo Daños,0,0,0,0,0,0,0,0,0,0,0,0,0,0,0,0,0,0,0,0,0,0
168923,10499745,-74.153412406,4.676080039,CL 13-KR 109 02,2019,Octubre,12,sábado,0,0,Fontibón,Choque,Vehículo,N/A,Solo Daños,0,0,1,0,0,1,0,0,0,1,0,0,0,0,0,0,0,0,0,0,0,1
168924,10499746,-74.160221981,4.63957480300002,KR 87-CL 5A S 02,2019,Octubre,12,sábado,10,30,Kennedy,Choque,Vehículo,N/A,Solo Daños,0,0,0,0,0,0,0,1,0,0,1,0,1,0,0,1,0,0,0,0,0,0
168925,10499747,-74.130661969,4.61752920700002,CL 19-KR 69C S 04,2019,Octubre,12,sábado,0,23,Kennedy,Choque,Vehículo,N/A,Solo Daños,0,0,0,0,0,0,0,0,0,0,0,0,0,0,0,0,0,0,0,0,0,0
168926,10499748,-74.102055032,4.75480838099998,KR 115-CL 151A 02,2019,Octubre,12,sábado,20,20,Suba,Choque,Vehículo,N/A,Solo Daños,0,0,0,0,0,0,0,1,0,0,1,0,0,0,0,0,0,0,0,0,1,0
168927,10499749,-74.113455911,4.61519240799998,TR 42-CL 3 02,2019,Octubre,12,sábado,2,50,Puente Aranda,Choque,Vehículo,N/A,Solo Daños,0,0,0,0,0,0,0,0,0,1,0,0,0,0,0,0,0,0,0,0,0,1
168928,10499750,-74.129156978,4.65202297500002,CL 13-KR 76 2,2019,Octubre,11,viernes,5,44,Fontibón,Choque,Vehículo,N/A,Solo Daños,0,1,0,0,0,0,0,0,0,0,1,0,0,0,0,0,0,0,0,0,0,0
168929,10499751,-74.031955339,4.73817857199998,CL 161-KR 9 02,2019,Octubre,12,sábado,10,28,Usaquén,Choque,Vehículo,N/A,Solo Daños,0,0,0,0,0,0,0,0,0,0,0,0,0,0,0,0,0,0,0,0,0,0
168930,10499752,-74.126181514,4.561440506,CL 53-KR 12C S 02,2019,Octubre,10,jueves,11,10,Tunjuelito,Choque,Vehículo,N/A,Solo Daños,0,0,0,0,0,0,0,0,0,0,0,0,0,0,0,0,0,0,0,0,0,0
168931,10499753,-74.028511687,4.73793877200001,CL 161A-KR 8C 02,2019,Octubre,12,sábado,13,1,Usaquén,Choque,Vehículo,N/A,Solo Daños,0,0,0,0,0,0,0,0,0,0,0,0,0,0,0,0,0,0,0,0,0,0
168932,10499754,-74.048844005,4.73465485999998,AV AVENIDA PASEO DE LOS LIBERTADORES-CL 152 02,2019,Octubre,11,viernes,10,36,Usaquén,Choque,Vehículo,N/A,Solo Daños,0,0,0,0,0,0,0,0,0,0,0,0,0,0,0,0,0,0,0,0,0,0
168933,10499755,-74.106925775,4.579241932,AV AVENIDA CARACAS-CL 27 S 2,2019,Octubre,11,viernes,19,0,Rafael Uribe Uribe,Choque,Vehículo,N/A,Solo Daños,0,0,0,0,0,0,0,0,0,1,0,0,0,0,0,0,0,0,0,0,0,1
168934,10499756,-74.181775825,4.60416666399999,CL 63-KR 78G S 02,2019,Octubre,12,sábado,15,0,Bosa,Choque,Vehículo,N/A,Solo Daños,0,0,0,0,0,0,0,0,0,0,0,0,0,0,0,0,0,0,0,0,0,0
168935,10499757,-74.098033342,4.58558801200002,KR 16-CL 14A S 02,2019,Octubre,11,viernes,17,40,Antonio Nariño,Choque,Vehículo,N/A,Solo Daños,0,0,0,0,0,0,0,1,0,0,0,0,0,0,0,0,0,0,0,0,0,0
168936,10499758,-74.07088743,4.70601241200001,AV AVENIDA SUBA-CL 120 2,2019,Octubre,11,viernes,11,3,Suba,Choque,Vehículo,N/A,Solo Daños,0,0,0,0,0,0,0,0,0,0,0,0,0,0,0,0,0,0,0,0,0,0
168937,10499759,-74.046076265,4.75287280499998,AV AVENIDA PASEO DE LOS LIBERTADORES-CL 172 02,2019,Octubre,12,sábado,8,30,Usaquén,Choque,Vehículo,N/A,Solo Daños,0,0,0,0,0,0,0,0,0,0,0,0,0,0,0,0,0,0,0,0,0,0
168938,10499760,-74.19660651,4.620581899,KR 87C-CL 70A S 27,2019,Octubre,15,martes,18,10,Bosa,Choque,Vehículo,N/A,Con Muertos,1,0,0,0,0,0,0,0,0,0,1,0,1,0,0,0,1,0,0,0,1,0
168939,10499761,-74.040446197,4.78908105099998,AK 45-CL 209 2,2019,Octubre,10,jueves,5,0,Usaquén,Choque,Vehículo,N/A,Solo Daños,0,0,0,0,0,0,0,0,0,0,0,0,0,0,0,0,0,0,0,0,0,0
168942,10500129,-74.051723097,4.71900957999998,AK 45-CL 134 2,2019,Octubre,13,domingo,13,20,Usaquén,Choque,Vehículo,N/A,Solo Daños,0,0,0,0,0,0,0,1,0,0,0,0,0,0,0,0,0,0,0,0,0,0
168943,10500130,-74.18519891,4.61774351600002,KR 84-CL 58C S 02,2019,Octubre,18,viernes,5,27,Kennedy,Choque,Vehículo,N/A,Con Muertos,0,1,0,0,0,1,0,0,0,0,0,0,0,0,0,0,0,0,0,0,0,0
168944,10500131,-74.111500079,4.51237684500001,CL 76A-KR 8B S 02,2019,Octubre,14,lunes,12,50,Usme,Choque,Vehículo,N/A,Solo Daños,0,0,0,0,0,1,0,0,0,0,0,0,0,0,0,0,0,0,0,0,0,0
168945,10500132,-74.112573862,4.67934208999998,TR 85-CL 53 2,2019,Octubre,16,miércoles,12,30,Engativá,Choque,Vehículo,N/A,Solo Daños,0,0,0,0,0,0,0,0,0,0,0,0,0,0,0,0,0,0,0,0,0,0
168946,10500133,-74.12066171,4.53516154099998,KR 14-CL 64 S 02,2019,Octubre,16,miércoles,10,0,Usme,Choque,Vehículo,N/A,Solo Daños,0,0,0,0,0,1,0,0,0,0,0,0,0,0,0,0,0,0,0,0,0,0
168947,10500134,-74.050415822,4.64978383900001,AV AVENIDA CIRCUNVALAR-CL 70 2,2019,Octubre,16,miércoles,18,40,Chapinero,Choque,Vehículo,N/A,Solo Daños,0,1,0,0,0,0,0,0,0,0,0,0,0,0,0,0,0,0,0,0,0,0
168948,10500135,-74.1387652,4.56417918300002,AV AVENIDA BOYACA-CL 59 S 2,2019,Octubre,17,jueves,15,0,Ciudad Bolívar,Choque,Vehículo,N/A,Solo Daños,0,0,0,0,0,0,0,0,0,0,0,0,0,0,0,0,0,0,0,0,0,0
168949,10500136,-74.194118858,4.62908206899999,KR 89B-CL 61A S 02,2019,Octubre,16,miércoles,7,40,Bosa,Choque,Vehículo,N/A,Solo Daños,1,0,0,0,0,0,0,0,0,0,0,0,0,0,0,0,0,0,0,0,0,0
168950,10500137,-74.054292944,4.68120279499999,AV AVENIDA CIUDAD DE QUITO-CL 94 2,2019,Octubre,17,jueves,19,9,Chapinero,Choque,Vehículo,N/A,Solo Daños,0,0,0,0,0,0,0,0,0,0,1,0,1,0,0,1,0,0,0,0,0,0
168951,10500138,-74.038192844,4.76459611899998,CL 187-KR 17 02,2019,Octubre,17,jueves,21,29,Usaquén,Choque,Vehículo,N/A,Solo Daños,0,0,0,0,0,0,0,0,0,0,1,0,1,0,0,1,0,0,0,0,0,0
168952,10500139,-74.1168,4.62900000000002,KR 63-CL 9 2,2019,Octubre,18,viernes,21,45,Puente Aranda,Choque,Vehículo,N/A,Solo Daños,0,1,0,0,0,0,0,1,0,0,0,0,0,0,0,0,0,0,0,0,0,0
168953,10500140,-74.095098231,4.62926901999998,KR 40-CL 21 02,2019,Octubre,17,jueves,12,50,Puente Aranda,Choque,Vehículo,N/A,Solo Daños,0,0,0,0,0,0,0,1,0,0,1,0,1,0,0,1,0,0,0,0,0,0
168954,10500141,-74.114850709,4.59783407600003,AV AVENIDA PRIMERA DE MAYO-KR 36 2,2019,Octubre,18,viernes,20,0,Puente Aranda,Choque,Vehículo,N/A,Solo Daños,0,0,0,0,0,0,0,0,0,1,0,0,0,0,0,0,0,0,0,0,0,1
168955,10500142,-74.120005676,4.63872516700002,CL 13-KR 68 2,2019,Octubre,18,viernes,19,0,Puente Aranda,Choque,Vehículo,N/A,Solo Daños,0,0,0,0,0,0,0,0,0,0,0,0,0,0,0,0,0,0,0,0,0,0
168956,10500143,-74.137206491,4.547377751,AV AVENIDA BOYACA-KR 17ABIS 02,2019,Octubre,18,viernes,14,20,Ciudad Bolívar,Choque,Vehículo,N/A,Solo Daños,0,0,0,0,0,0,0,0,0,0,1,0,1,0,1,0,0,0,0,0,0,0
168957,10500144,-74.13218692,4.61786676000003,KR 70-CL 24 S 2,2019,Octubre,18,viernes,13,43,Kennedy,Choque,Vehículo,N/A,Solo Daños,0,0,0,0,0,0,0,0,0,1,0,0,0,0,0,0,0,0,0,0,0,1
168958,10500145,-74.105551911,4.61884097400002,TR 42-CL 6 02,2019,Octubre,18,viernes,16,0,Puente Aranda,Choque,Vehículo,N/A,Solo Daños,0,0,0,0,0,0,0,0,0,0,0,0,0,0,0,0,0,0,0,0,0,0
168959,10500146,-74.103780296,4.60098530599998,KR 30-CL 1F 2,2019,Octubre,18,viernes,13,10,Puente Aranda,Choque,Vehículo,N/A,Solo Daños,0,1,0,0,0,0,0,1,0,0,0,0,0,0,0,0,0,0,0,0,0,0
168960,10500147,-74.060828145,4.68764581699998,CL 100-KR 49 02,2019,Octubre,18,viernes,17,30,Barrios Unidos,Choque,Vehículo,N/A,Solo Daños,0,0,0,0,0,1,0,0,0,0,0,0,0,0,0,0,0,0,0,0,0,0
168961,10500148,-74.1602,4.57900000000001,KR 60-CL 68F S 27,2019,Octubre,18,viernes,11,30,Ciudad Bolívar,Choque,Vehículo,N/A,Solo Daños,0,0,0,0,0,1,0,0,0,0,0,0,0,0,0,0,0,0,0,0,0,0
168962,10500149,-74.066780503,4.65459150800001,KR 17-CL 66 02,2019,Octubre,18,viernes,13,15,Barrios Unidos,Choque,Vehículo,N/A,Solo Daños,0,0,0,0,0,0,0,0,0,0,1,0,1,0,0,1,0,0,0,0,0,0
168963,10500150,-74.106203468,4.68299285799998,CL 64H-KR 77A 2,2019,Octubre,18,viernes,6,30,Engativá,Choque,Vehículo,N/A,Solo Daños,0,0,0,0,0,0,0,0,0,0,1,0,0,0,0,0,0,0,0,0,0,0
168964,10500527,-74.056350278,4.667844511,KR 15-CL 82 ES 2,2019,Octubre,20,domingo,16,0,Usme,Choque,Vehículo,N/A,Con Heridos,0,0,0,1,0,1,0,0,0,0,0,0,0,0,0,0,0,0,0,0,0,0
168965,10500528,-74.113638272,4.63784298399997,CL 17-KR 65 81,2019,Octubre,21,lunes,17,57,Puente Aranda,Choque,Vehículo,N/A,Con Heridos,1,0,0,0,0,1,0,0,0,0,0,0,0,0,0,0,0,0,0,0,0,0
168966,10500529,-74.128632947,4.58532606099999,DG 45A-KR 29 S 02,2019,Octubre,21,lunes,12,0,Rafael Uribe Uribe,Choque,Vehículo,N/A,Con Heridos,0,0,0,0,0,1,0,0,0,1,0,0,0,0,0,0,0,0,0,0,0,1
168967,10500530,-74.12625313,4.61792900799998,KR 68-CL 9 S 2,2019,Octubre,20,domingo,21,5,Puente Aranda,Atropello,N/A,N/A,Con Heridos,1,0,0,0,0,0,0,0,0,0,1,0,0,0,0,0,0,0,0,0,0,0
168968,10500531,-74.153296145,4.64342287400001,AV AVENIDA CIUDAD DE CALI-AC 6D 2,2019,Octubre,18,viernes,9,5,Kennedy,Caida de ocupante,N/A,N/A,Con Heridos,0,0,0,0,0,0,0,1,0,0,1,0,1,0,0,1,0,0,0,0,0,0
168969,10500532,-74.094853196,4.63964336700002,CL 26-KR 50 2,2019,Octubre,20,domingo,23,5,Teusaquillo,Atropello,N/A,N/A,Con Heridos,0,0,0,0,0,1,1,0,0,0,0,0,0,0,0,0,0,0,0,0,0,0
168970,10500533,-74.061171796,4.64857272500001,CL 63-KR 9 02,2019,Octubre,21,lunes,10,19,Chapinero,Atropello,N/A,N/A,Con Heridos,0,0,0,0,0,0,1,0,0,1,0,0,0,0,0,0,0,0,0,0,0,1
168971,10500534,-74.065100023,4.689442955,AV AVENIDA SUBA-CL 100 2,2019,Octubre,22,martes,10,45,Suba,Caida de ocupante,N/A,N/A,Con Heridos,0,0,0,0,0,0,0,0,0,0,1,0,0,0,0,0,0,0,0,0,0,0
168972,10500535,-74.139629336,4.58284492400003,CL 53A-KR 33 S 2,2019,Octubre,20,domingo,19,0,Tunjuelito,Atropello,N/A,N/A,Con Heridos,0,0,0,0,0,0,1,0,0,0,0,0,0,0,0,0,0,0,0,0,0,0
168973,10500536,-74.048849255,4.800414101,CL 222-KR 55 2,2019,Octubre,22,martes,8,40,Suba,Volcamiento,N/A,N/A,Con Heridos,0,0,0,0,0,1,0,0,0,0,1,0,1,0,0,1,0,0,0,0,0,0
168974,10500537,-74.098279669,4.56537392299998,KR 5A-CL 31 S 02,2019,Octubre,21,lunes,11,20,San Cristóbal,Atropello,N/A,N/A,Con Heridos,0,0,0,0,0,0,1,0,0,1,0,0,0,0,0,0,0,0,0,0,0,1
168975,10500538,-74.079272171,4.63518516099998,AK 30-CL 45A 2,2019,Octubre,20,domingo,4,30,Teusaquillo,Choque,Objeto Fijo,Vehiculo,Con Heridos,0,0,0,0,0,1,0,0,0,0,0,0,0,0,0,0,0,0,0,0,0,0
168976,10500539,-74.152385381,4.68015480499997,CL 17-KR 112 2,2019,Octubre,22,martes,6,40,Fontibón,Atropello,N/A,N/A,Con Heridos,0,0,0,0,0,1,1,0,0,0,0,0,0,0,0,0,0,0,0,0,0,0
168977,10500540,-74.089797765,4.582106963,KR 10-CL 11 S 02,2019,Octubre,21,lunes,15,10,Antonio Nariño,Caida de ocupante,N/A,N/A,Con Heridos,0,0,0,0,0,0,0,1,0,0,1,0,1,1,0,0,0,0,1,0,0,0
168978,10500541,-74.072242155,4.658476479,KR 27-CL 66 2,2019,Octubre,21,lunes,14,50,Barrios Unidos,Atropello,N/A,N/A,Con Heridos,0,0,0,0,0,0,1,1,0,0,0,0,0,0,0,0,0,0,0,0,0,0
168979,10500542,-74.188110663,4.61645593100002,CL 62-KR 83 S 2,2019,Octubre,22,martes,6,20,Bosa,Atropello,N/A,N/A,Con Heridos,0,0,0,0,1,0,1,0,0,0,1,0,1,0,0,1,0,0,0,0,0,0
168980,10500543,-74.110704839,4.70872872500001,AC 80-KR 100 02,2019,Octubre,21,lunes,14,20,Engativá,Atropello,N/A,N/A,Con Heridos,0,0,0,0,0,0,1,1,0,0,1,0,1,0,1,0,0,0,0,0,0,0
168981,10500544,-74.106251,4.54270209100002,CL 49B-KR 2D SE 2,2019,Octubre,22,martes,19,34,San Cristóbal,Atropello,N/A,N/A,Con Heridos,0,0,0,0,1,0,1,0,0,1,0,1,0,0,0,0,0,0,0,0,0,1
168982,10500545,-74.0673,4.6189,KR 7-CL 32A 2,2019,Octubre,22,martes,12,30,Santa Fe,Choque,Vehículo,N/A,Solo Daños,0,0,0,0,0,0,0,0,0,0,0,0,0,0,0,0,0,0,0,0,0,0
168983,10500546,-74.177641359,4.59710772699998,AV AVENIDA DEL SUR-CL 59 S 2,2019,Octubre,22,martes,20,45,Bosa,Choque,Vehículo,N/A,Solo Daños,0,0,0,0,0,0,0,0,0,0,1,0,1,0,1,0,0,0,0,0,0,0
168984,10500547,-74.155032273,4.62331236,CL 38C-KR 78M 02,2019,Octubre,21,lunes,17,39,Kennedy,Volcamiento,N/A,N/A,Con Heridos,0,0,0,0,0,1,0,1,0,0,0,0,0,0,0,0,0,0,0,0,0,0
168985,10500548,-74.093755802,4.63225439399997,CL 24-KR 43A 2,2019,Octubre,22,martes,11,30,Teusaquillo,Choque,Vehículo,N/A,Solo Daños,0,0,0,0,0,0,0,1,0,0,1,0,1,0,0,0,1,0,0,0,0,0
168986,10500549,-74.103628445,4.61237632400002,CL 6-KR 37 56,2019,Octubre,22,martes,19,30,Puente Aranda,Choque,Vehículo,N/A,Solo Daños,0,0,0,0,0,0,0,1,0,1,0,0,0,0,0,0,0,0,0,0,0,1
168987,10500550,-74.077292766,4.64186622800003,KR 28-CL 52A 2,2019,Octubre,22,martes,14,20,Teusaquillo,Choque,Vehículo,N/A,Solo Daños,0,0,0,0,0,0,0,0,0,0,0,0,0,0,0,0,0,0,0,0,0,0
168988,10500932,-74.11291931,4.710407014,CL 80-KR 100B 2,2019,Octubre,27,domingo,10,15,Engativá,Choque,Vehículo,N/A,Con Heridos,0,0,0,0,0,1,0,0,0,1,0,0,0,0,0,0,0,0,0,0,0,1
168989,10500933,-74.119189174,4.714561452,KR 109A-CL 78 2,2019,Octubre,27,domingo,10,41,Engativá,Choque,Vehículo,N/A,Con Heridos,0,0,0,0,0,1,0,0,0,0,0,0,0,0,0,0,0,0,0,0,0,0
168990,10500934,-74.071279457,4.590267375,KR 3-CL 6 E 09,2019,Octubre,26,sábado,16,29,Candelaria,Choque,Vehículo,N/A,Con Heridos,0,0,0,0,0,1,0,0,0,0,0,0,0,0,0,0,0,0,0,0,0,0
168991,10500935,-74.113655946,4.74680235300002,CL 139-KR 136A 2,2019,Octubre,27,domingo,5,58,Suba,Choque,Vehículo,N/A,Con Heridos,0,0,0,0,0,1,0,0,0,0,0,0,0,0,0,0,0,0,0,0,0,0
168992,10500936,-74.151236156,4.572365413,AV AVENIDA CIUDAD DE VILLAVICENCIO-KR 38 2,2019,Octubre,28,lunes,0,30,Ciudad Bolívar,Choque,Vehículo,N/A,Con Heridos,0,0,0,0,0,1,0,0,0,0,0,0,0,0,0,0,0,0,0,0,0,0
168993,10500937,-74.13748942,4.672966788,CL 22-KR 96F 02,2019,Octubre,26,sábado,14,10,Fontibón,Choque,Vehículo,N/A,Con Heridos,0,0,0,0,0,1,0,0,0,0,0,0,0,0,0,0,0,0,0,0,0,0
168994,10500938,-74.095945764,4.56178647500002,CL 31FBIS-KR 2A S 07,2019,Octubre,26,sábado,18,0,San Cristóbal,Choque,Vehículo,N/A,Con Heridos,0,0,0,0,0,1,0,0,0,1,0,0,0,0,0,0,0,0,0,0,0,1
168995,10500939,-74.148408828,4.56122068500002,CL 67-KR 19G S 2,2019,Octubre,25,viernes,16,58,Ciudad Bolívar,Choque,Vehículo,N/A,Solo Daños,0,0,0,0,0,0,0,0,0,0,0,0,0,0,0,0,0,0,0,0,0,0
168996,10500940,-74.115269948,4.504130621,KR 14-CL 93 S 02,2019,Octubre,26,sábado,21,50,Usme,Choque,Vehículo,N/A,Con Heridos,0,0,0,0,0,1,0,0,0,0,0,0,0,0,0,0,0,0,0,0,0,0
168997,10500941,-74.028686429,4.71020401999999,KR 7-CL 132 2,2019,Octubre,25,viernes,14,50,Usaquén,Choque,Vehículo,N/A,Solo Daños,0,0,0,0,0,0,0,0,0,0,1,0,0,0,0,0,0,0,0,0,0,0
168998,10500942,-74.029840456,4.69832291799997,KR 7-CL 123 2,2019,Octubre,25,viernes,20,26,Usaquén,Choque,Vehículo,N/A,Solo Daños,0,0,0,0,0,0,0,0,0,1,0,0,0,0,0,0,0,0,0,0,0,1
168999,10500943,-74.109696241,4.62791941299997,AV AVENIDA DE LAS AMERICAS-KR 53 02,2019,Octubre,26,sábado,10,20,Puente Aranda,Volcamiento,N/A,N/A,Con Heridos,0,0,0,0,0,1,0,0,0,0,0,0,0,0,0,0,0,0,0,0,0,0
169000,10500944,-74.105394605,4.59965772700002,AK 30-CL 1B 02,2019,Octubre,26,sábado,6,7,Los Mártires,Choque,Vehículo,N/A,Con Heridos,0,1,0,0,0,1,0,0,0,0,0,0,0,0,0,0,0,0,0,0,0,0
169001,10500945,-74.043803229,4.769324729,KR 45-CL 191 2,2019,Octubre,25,viernes,11,50,Usaquén,Choque,Vehículo,N/A,Solo Daños,0,0,0,0,0,0,0,0,0,0,1,0,1,0,0,1,0,0,0,0,0,0
169002,10500946,-74.10463072,4.69993556999998,CL 75-KR 87 02,2019,Octubre,26,sábado,10,50,Engativá,Choque,Vehículo,N/A,Con Heridos,0,0,0,0,0,1,0,1,0,0,0,0,0,0,0,0,0,0,0,0,0,0
169003,10500947,-74.045182036,4.68365882799998,CL 100-KR 12 2,2019,Octubre,25,viernes,8,50,Usaquén,Choque,Vehículo,N/A,Solo Daños,0,0,0,0,0,0,0,1,0,0,1,0,1,0,0,1,0,0,0,0,0,0
169004,10500948,-74.071385391,4.61307454600001,CL 26-KR 13 2,2019,Octubre,25,viernes,15,45,Santa Fe,Choque,Vehículo,N/A,Solo Daños,0,0,0,0,0,0,0,0,0,0,1,0,0,0,0,0,0,0,0,0,1,0
169005,10500949,-74.093578939,4.59849208200001,CL 3-TR 22 S 02,2019,Octubre,26,sábado,1,20,Antonio Nariño,Choque,Vehículo,N/A,Solo Daños,0,0,0,0,0,0,0,0,0,1,1,0,1,0,0,1,0,0,0,0,0,1
169006,10500950,-74.072369393,4.76077134600001,CL 170-KR 90 2,2019,Octubre,25,viernes,11,50,Suba,Choque,Vehículo,N/A,Solo Daños,0,0,0,0,0,0,0,0,0,0,0,0,0,0,0,0,0,0,0,0,0,0
169007,10500951,-74.0278,4.70949999999999,KR 9-CL 131 02,2019,Octubre,25,viernes,22,1,Usaquén,Choque,Vehículo,N/A,Solo Daños,0,0,0,0,0,0,0,0,0,1,0,0,0,0,0,0,0,0,0,0,0,1
169008,10500952,-74.141884278,4.61925220500001,KR 72C-CL 26 S 02,2019,Octubre,25,viernes,23,15,Kennedy,Choque,Vehículo,N/A,Solo Daños,0,0,0,0,0,0,0,0,0,0,1,0,1,0,0,1,0,0,0,0,0,0
169009,10500953,-74.146881619,4.59788338300001,CL 44G-KR 72A S 02,2019,Octubre,26,sábado,23,23,Kennedy,Choque,Objeto Fijo,Semaforo,Solo Daños,0,0,1,0,0,0,0,0,0,0,0,0,0,0,0,0,0,0,0,0,0,0
169010,10500954,-74.091821089,4.67661915799999,KR 69-CL 67 02,2019,Octubre,25,viernes,23,15,Engativá,Choque,Vehículo,N/A,Solo Daños,0,0,0,0,0,0,0,0,0,1,0,0,0,0,0,0,0,0,0,0,0,1
169011,10500955,-74.138270501,4.63039266999999,AV AVENIDA DE LAS AMERICAS-KR 72 02,2019,Octubre,25,viernes,10,0,Kennedy,Choque,Vehículo,N/A,Solo Daños,0,0,0,0,0,0,0,0,0,0,0,0,0,0,0,0,0,0,0,0,0,0
169012,10500956,-74.104136038,4.67454501700001,AV AVENIDA BOYACA-CL 63 2,2019,Octubre,25,viernes,16,50,Engativá,Choque,Vehículo,N/A,Solo Daños,0,0,0,0,0,0,0,0,0,0,0,0,0,0,0,0,0,0,0,0,0,0
169013,10500957,-74.118370283,4.68853583100002,TR 93-AC 53 2,2019,Octubre,25,viernes,20,15,Engativá,Choque,Vehículo,N/A,Solo Daños,0,0,0,0,0,0,0,0,0,0,0,0,0,0,0,0,0,0,0,0,0,0
169014,10501334,-74.107156843,4.55800386099997,CL 48-KR 5 S 02,2019,Octubre,29,martes,12,32,Rafael Uribe Uribe,Atropello,N/A,N/A,Con Heridos,0,0,0,0,1,0,1,0,0,0,0,0,0,0,0,0,0,0,0,0,0,0
169015,10501335,-74.181023374,4.609348517,CL 59-KR 80 S 2,2019,Octubre,30,miércoles,3,30,Bosa,Volcamiento,N/A,N/A,Con Heridos,0,0,1,0,0,1,0,0,0,0,0,0,0,0,0,0,0,0,0,0,0,0
169016,10501336,-74.147003127,4.63121619399999,CL 6-KR 78G 19,2019,Octubre,30,miércoles,10,28,Kennedy,Caida de ocupante,N/A,N/A,Con Heridos,0,0,0,0,0,0,0,1,0,0,1,0,1,0,1,0,0,0,0,0,0,0
169017,10501337,-74.104480241,4.58993154400002,KR 24H-CL 16A S 27,2019,Octubre,30,miércoles,8,40,Antonio Nariño,Choque,Vehículo,N/A,Con Heridos,1,0,0,0,0,0,0,0,0,0,0,0,0,0,0,0,0,0,0,0,0,0
169018,10501339,-74.025318529,4.73890972999999,CL 163A-KR 7F 31,2019,Octubre,30,miércoles,21,21,Usaquén,Choque,Vehículo,N/A,Con Heridos,1,0,0,0,0,0,0,0,0,0,1,0,1,0,1,0,0,0,0,0,0,0
169019,10501340,-74.085708634,4.62501381099997,AV AVENIDA DE LAS AMERICAS-KR 32 02,2019,Octubre,29,martes,16,13,Teusaquillo,Choque,Vehículo,N/A,Con Heridos,0,0,0,0,0,1,0,0,0,1,0,0,0,0,0,0,0,0,0,0,0,1
169020,10501341,-74.138277299,4.60715649000002,KR 68L-CL 37D S 2,2019,Octubre,30,miércoles,7,0,Kennedy,Choque,Vehículo,N/A,Con Heridos,0,0,0,0,0,1,0,0,0,0,0,0,0,0,0,0,0,0,0,0,0,0
169021,10501342,-74.132764987,4.708487902,CL 68D-KR 112B 2,2019,Octubre,30,miércoles,12,35,Engativá,Choque,Vehículo,N/A,Solo Daños,0,0,0,0,0,0,0,0,0,1,1,0,1,0,0,1,0,0,0,0,0,1
169022,10501343,-74.137778163,4.63062796299999,CL 6-KR 72 02,2019,Octubre,29,martes,11,56,Kennedy,Choque,Vehículo,N/A,Con Heridos,0,0,0,0,0,1,0,0,0,0,0,0,0,0,0,0,0,0,0,0,0,0
169023,10501344,-74.164148309,4.62386542899998,CL 42A-KR 80F S 2,2019,Octubre,30,miércoles,5,41,Kennedy,Choque,Vehículo,N/A,Con Heridos,0,0,0,0,0,1,0,0,0,1,0,0,0,0,0,0,0,0,0,0,0,1
169024,10501345,-74.094370034,4.66673135299999,CL 63-KR 68 2,2019,Octubre,29,martes,8,0,Barrios Unidos,Choque,Vehículo,N/A,Solo Daños,0,0,0,0,0,0,0,0,0,0,0,0,0,0,0,0,0,0,0,0,0,0
169025,10501346,-74.100550772,4.74922740300002,KR 111A-CL 145 02,2019,Octubre,29,martes,19,30,Suba,Choque,Vehículo,N/A,Con Heridos,1,0,0,0,1,0,0,0,0,1,0,0,0,0,0,0,0,0,0,0,0,1
169026,10501347,-74.075148913,4.66603662400001,KR 30-CL 71 2,2019,Octubre,29,martes,6,49,Barrios Unidos,Choque,Vehículo,N/A,Solo Daños,0,0,0,0,0,1,0,0,0,0,0,0,0,0,0,0,0,0,0,0,0,0
169027,10501348,-74.145500974,4.69044170500001,CL 24-KR 116 2,2019,Octubre,30,miércoles,9,30,Fontibón,Choque,Vehículo,N/A,Solo Daños,0,1,0,0,0,1,0,0,0,0,0,0,0,0,0,0,0,0,0,0,0,0
169028,10501349,-74.106764102,4.627639182,AV AVENIDA DE LAS AMERICAS-KR 50 02,2019,Octubre,29,martes,18,10,Puente Aranda,Choque,Vehículo,N/A,Solo Daños,0,0,0,0,0,0,0,0,0,0,1,0,1,0,0,1,0,0,0,0,0,0
169029,10501350,-74.176304964,4.64343850199998,KR 95-CL 42B S 32,2019,Octubre,24,jueves,14,19,Kennedy,Choque,Vehículo,N/A,Solo Daños,0,0,0,0,0,0,0,0,0,0,1,0,1,0,0,1,0,0,0,0,0,0
169030,10501351,-74.067414963,4.67424029199998,KR 30-CL 80 2,2019,Octubre,30,miércoles,7,0,Barrios Unidos,Choque,Vehículo,N/A,Solo Daños,0,1,0,0,0,0,0,0,0,0,0,0,0,0,0,0,0,0,0,0,0,0
169031,10501352,-74.12014362,4.63433427699999,KR 68-CL 11 2,2019,Octubre,29,martes,13,27,Puente Aranda,Choque,Vehículo,N/A,Solo Daños,0,1,0,0,0,0,0,0,0,0,1,0,0,0,0,0,0,0,0,0,0,0
169032,10501353,-74.075358232,4.59408172500002,CL 7-KR 5 02,2019,Octubre,29,martes,6,45,Candelaria,Choque,Vehículo,N/A,Solo Daños,0,0,0,0,0,0,0,0,0,0,1,0,1,0,0,1,0,0,0,0,0,0
169033,10501354,-74.055914087,4.69387615300002,KR 45-CL 106 2,2019,Octubre,30,miércoles,10,30,Usaquén,Choque,Vehículo,N/A,Solo Daños,0,1,0,0,0,0,0,0,0,0,0,0,0,0,0,0,0,0,0,0,0,0
169034,10501355,-74.138004816,4.58415636900003,DG 52A-AK 33 S 2,2019,Octubre,29,martes,15,5,Tunjuelito,Choque,Vehículo,N/A,Solo Daños,0,0,0,0,0,1,0,0,0,0,0,0,0,0,0,0,0,0,0,0,0,0
169035,10501356,-74.181570696,4.608795692,CL 59BIS-KR 80 S 02,2019,Octubre,30,miércoles,0,30,Bosa,Choque,Vehículo,N/A,Solo Daños,0,0,0,0,0,0,0,0,0,0,0,0,0,0,0,0,0,0,0,0,0,0
169036,10501357,-74.130354805,4.629431668,AV AVENIDA DE LAS AMERICAS-KR 69F 2,2019,Octubre,29,martes,16,0,Kennedy,Choque,Vehículo,N/A,Solo Daños,0,0,0,0,0,0,0,0,0,0,0,0,0,0,0,0,0,0,0,0,0,0
169037,10501358,-74.097899703,4.60702884900002,AK 30-CL 06 2,2019,Octubre,29,martes,16,40,Puente Aranda,Choque,Vehículo,N/A,Solo Daños,0,0,0,0,0,0,0,1,0,0,0,0,0,0,0,0,0,0,0,0,0,0
169110,10502518,-74.126219706,4.64923001800003,AV AVENIDA BOYACA-CL 17 2,2019,Octubre,5,sábado,23,24,Fontibón,Atropello,N/A,N/A,Con Muertos,0,0,0,0,0,0,1,1,0,0,0,0,0,0,0,0,0,0,0,0,0,0
169118,10502899,-74.070226125,4.58543354900002,CL 3-KR 7 E 16,2019,Octubre,8,martes,10,0,Santa Fe,Choque,Objeto Fijo,Vehiculo,Con Muertos,1,0,0,0,1,0,0,0,0,0,0,0,0,0,0,0,0,0,0,0,0,0
169236,10498583,-74.136630739,4.58548145399999,CL 51-KR 34 S 59,2019,Octubre,1,martes,10,30,Tunjuelito,Caida de ocupante,N/A,N/A,Con Heridos,0,0,0,0,0,0,0,0,0,0,1,0,1,0,0,1,0,0,0,0,0,0
169237,10498584,-74.108983012,4.70267413300002,CL 75-KR 92A 20,2019,Octubre,1,martes,10,30,Engativá,Atropello,N/A,N/A,Con Heridos,0,0,0,0,1,0,1,0,0,0,0,0,0,0,0,0,0,0,0,0,0,0
169240,10498587,-74.062586937,4.64089902199999,KR 7-CL 54A 55,2019,Octubre,1,martes,11,10,Chapinero,Atropello,N/A,N/A,Con Heridos,0,0,0,0,0,0,1,0,0,0,1,0,1,1,0,0,0,0,0,1,0,0
169243,10498590,-74.121078136,4.63190471799999,AK 68-CL 9G 02,2019,Octubre,1,martes,5,20,Puente Aranda,Volcamiento,N/A,N/A,Con Heridos,0,0,0,1,0,1,0,0,0,0,0,0,0,0,0,0,0,0,0,0,0,0
169244,10498591,-74.081251008,4.60330307499999,CL 12-KR 15 2,2019,Octubre,1,martes,9,30,Los Mártires,Choque,Vehículo,N/A,Solo Daños,0,1,0,0,0,0,0,0,0,0,0,0,0,0,0,0,0,0,0,0,0,0
169246,10498593,-74.071815792,4.65096076999998,CL 63-KR 23 02,2019,Octubre,1,martes,18,30,Barrios Unidos,Choque,Vehículo,N/A,Solo Daños,0,0,0,0,0,0,0,0,0,0,0,0,0,0,0,0,0,0,0,0,0,0
169247,10498594,-74.075934317,4.693800345,KR 70-CL 99 2,2019,Octubre,1,martes,5,45,Suba,Choque,Vehículo,N/A,Solo Daños,0,0,0,0,0,0,0,0,0,1,0,0,0,0,0,0,0,0,0,0,0,1
169249,10498596,-74.13764271,4.55451289899997,AV AVENIDA BOYACA-DG 64ABIS S 02,2019,Octubre,1,martes,11,40,Ciudad Bolívar,Choque,Vehículo,N/A,Solo Daños,0,1,0,0,0,0,0,0,0,1,1,0,0,0,0,0,0,0,0,0,1,1
169250,10498597,-74.083411515,4.68027284599998,AK 68-CL 75 2,2019,Octubre,1,martes,8,0,Barrios Unidos,Choque,Vehículo,N/A,Solo Daños,0,0,0,0,0,1,0,1,0,0,0,0,0,0,0,0,0,0,0,0,0,0
169252,10498599,-74.052722229,4.711538534,KR 45-CL 127D 2,2019,Octubre,1,martes,9,37,Usaquén,Choque,Vehículo,N/A,Solo Daños,0,1,0,0,0,0,0,1,0,0,0,0,0,0,0,0,0,0,0,0,0,0
169253,10498600,-74.180111696,4.597074577,AV AVENIDA DEL SUR-CL 65 S 04,2019,Octubre,1,martes,15,50,Bosa,Choque,Vehículo,N/A,Solo Daños,0,0,0,0,0,0,0,1,0,1,0,0,0,0,0,0,0,0,0,0,0,1
169255,10498602,-74.114489058,4.61554113699998,KR 50-CL 3 02,2019,Octubre,1,martes,17,0,Puente Aranda,Choque,Vehículo,N/A,Solo Daños,0,0,0,0,0,0,0,0,0,0,0,0,0,0,0,0,0,0,0,0,0,0
169257,10498604,-74.073041444,4.676443178,KR 55B-CL 79B 2,2019,Octubre,1,martes,8,50,Barrios Unidos,Choque,Vehículo,N/A,Solo Daños,0,0,0,0,0,0,0,0,0,0,0,0,0,0,0,0,0,0,0,0,1,0
169258,10498605,N/A,N/A,KR 70A-CL 6 02,2019,Octubre,1,martes,6,40,Kennedy,Choque,Vehículo,N/A,Solo Daños,0,0,0,0,0,0,0,0,0,0,0,0,0,0,0,0,0,0,0,0,0,0
169259,10498606,-74.089584801,4.616795465,KR 30-CL 18 02,2019,Octubre,1,martes,8,55,Los Mártires,Choque,Vehículo,N/A,Solo Daños,0,1,0,0,0,0,0,0,0,0,0,0,0,0,0,0,0,0,0,0,0,0
169260,10498979,-74.083849594,4.59823267799999,KR 14-CL 7 2,2019,Octubre,4,viernes,19,20,Santa Fe,Choque,Vehículo,N/A,Solo Daños,0,0,0,0,0,1,0,0,0,1,0,0,0,0,0,0,0,0,0,0,0,1
169261,10498980,-74.075325525,4.61072248400001,AV AVENIDA CARACAS-CL 22 02,2019,Octubre,5,sábado,10,15,Los Mártires,Otro,N/A,N/A,Con Heridos,0,0,0,0,1,0,0,0,0,0,1,0,0,0,0,0,0,0,0,0,0,0
169262,10498981,-74.071694896,4.65556201499999,KR 24-CL 63F 2,2019,Octubre,4,viernes,18,20,Barrios Unidos,Choque,Vehículo,N/A,Solo Daños,0,0,0,0,0,0,0,0,0,0,0,0,0,0,0,0,0,0,0,0,0,0
169263,10498982,-74.1074048,4.74821551399998,CL 143-KR 127A 02,2019,Octubre,4,viernes,20,40,Suba,Choque,Vehículo,N/A,Solo Daños,0,0,0,0,0,0,0,0,0,1,0,0,0,0,0,0,0,0,0,0,0,1
169264,10498983,-74.125125849,4.56374817300002,CL 51-KR 13 S 2,2019,Octubre,5,sábado,5,20,Tunjuelito,Atropello,N/A,N/A,Con Heridos,0,0,0,0,0,0,1,1,0,0,0,0,0,0,0,0,0,0,0,0,0,0
169265,10498984,-74.123825084,4.68393849799997,CL 26-KR 93 2,2019,Octubre,6,domingo,0,30,Fontibón,Volcamiento,N/A,N/A,Con Heridos,0,0,0,0,0,1,0,0,0,0,0,0,0,0,0,0,0,0,0,0,0,0
169266,10498985,-74.0403,4.67610000000002,KR 7-CL 95 2,2019,Octubre,4,viernes,14,50,Chapinero,Choque,Vehículo,N/A,Solo Daños,0,0,0,0,0,1,0,0,0,0,0,0,0,0,0,0,0,0,0,0,0,0
169267,10498986,-74.187334226,4.62768059299998,KR 88C-CL 56F S 2,2019,Octubre,5,sábado,14,20,Bosa,Atropello,N/A,N/A,Con Heridos,0,0,0,0,0,1,1,1,0,0,0,0,0,0,0,0,0,0,0,0,0,0
169268,10498987,-74.033571269,4.69657002500003,KR 9-CL 119 02,2019,Octubre,4,viernes,17,58,Usaquén,Choque,Vehículo,N/A,Solo Daños,0,0,0,0,0,1,0,0,0,1,0,0,0,0,0,0,0,0,0,0,0,1
169269,10498988,-74.106925446,4.59318849200002,CL 16-KR 28 S 2,2019,Octubre,5,sábado,13,33,Antonio Nariño,Atropello,N/A,N/A,Con Heridos,0,0,0,0,0,0,1,1,0,0,0,0,0,0,0,0,0,0,0,0,0,0
169270,10498989,-74.062061035,4.65961438699998,CL 72-KR 20 11,2019,Octubre,4,viernes,18,0,Barrios Unidos,Choque,Vehículo,N/A,Solo Daños,0,0,0,0,0,0,0,0,0,1,0,0,0,0,0,0,0,0,0,0,0,1
169271,10498990,-74.095804714,4.74725036799998,KR 104-CL 145 02,2019,Octubre,4,viernes,16,30,Suba,Choque,Vehículo,N/A,Solo Daños,0,0,0,0,0,0,0,1,0,0,1,0,1,0,0,0,1,0,0,0,0,0
169272,10498991,-74.044085215,4.76342028800002,AK 45-CL 187 2,2019,Octubre,5,sábado,14,30,Usaquén,Atropello,N/A,N/A,Con Heridos,0,0,0,0,0,0,1,0,0,0,0,0,0,0,0,0,0,0,0,0,0,0
169273,10498992,-74.150616939,4.64564276099998,CL 8-KR 86 2,2019,Octubre,4,viernes,15,0,Kennedy,Choque,Vehículo,N/A,Solo Daños,0,1,0,0,0,0,0,1,0,1,0,0,0,0,0,0,0,0,0,0,0,1
169274,10498993,-74.137501518,4.55517661099998,AV AVENIDA BOYACA-CL 64 S 2,2019,Octubre,3,jueves,5,50,Ciudad Bolívar,Volcamiento,N/A,N/A,Con Heridos,0,0,0,0,0,1,0,0,0,0,0,0,0,0,0,0,0,0,0,0,0,0
169275,10498994,-74.099310115,4.69762865400003,CL 76-KR 81 02,2019,Octubre,4,viernes,7,40,Engativá,Choque,Vehículo,N/A,Solo Daños,0,0,0,0,0,0,0,0,0,0,1,0,0,0,0,0,0,0,0,0,1,0
169276,10498995,-74.159183366,4.68648189700002,CL 17-KR 121 2,2019,Octubre,4,viernes,15,50,Fontibón,Choque,Vehículo,N/A,Solo Daños,0,0,0,0,0,0,0,0,0,0,0,0,0,0,0,0,0,0,0,0,0,0
169277,10498996,-74.104458803,4.71077276400001,TR 94L-CL 83 2,2019,Octubre,5,sábado,10,45,Engativá,Atropello,N/A,N/A,Con Heridos,0,0,0,0,0,0,1,0,0,1,0,0,0,0,0,0,0,0,0,0,0,1
169278,10498997,-74.161608044,4.59349282099998,AV AVENIDA CIUDAD DE VILLAVICENCIO-TR 70C 2,2019,Octubre,4,viernes,18,40,Ciudad Bolívar,Choque,Vehículo,N/A,Con Heridos,1,0,0,0,0,0,0,0,0,0,0,0,0,0,0,0,0,0,0,0,0,0
169279,10498998,-74.094637347,4.575717629,KR 10-CL 22 S 2,2019,Octubre,4,viernes,19,50,San Cristóbal,Choque,Vehículo,N/A,Solo Daños,0,1,0,0,0,0,0,0,0,0,0,0,0,0,0,0,0,0,0,0,0,0
169280,10498999,-74.092909817,4.66606886099999,KR 68-CL 63 02,2019,Octubre,4,viernes,7,50,Barrios Unidos,Choque,Vehículo,N/A,Solo Daños,0,0,0,0,0,0,0,1,0,0,1,0,1,0,0,0,1,0,0,0,0,0
169281,10499000,-74.099780326,4.62483278000002,KR 42B-CL 17A 2,2019,Octubre,4,viernes,19,22,Puente Aranda,Choque,Vehículo,N/A,Solo Daños,0,1,0,0,0,0,0,0,0,0,0,0,0,0,0,0,0,0,0,0,0,0
169282,10499001,-74.105640546,4.69601331500002,AV AVENIDA CIUDAD DE CALI-CL 72 2,2019,Octubre,4,viernes,11,0,Engativá,Choque,Vehículo,N/A,Con Heridos,1,0,0,0,0,0,0,0,0,0,0,0,0,0,0,0,0,0,0,0,0,0
169283,10499002,-74.107169231,4.59813142299998,KR 30-CL 8 S 02,2019,Octubre,4,viernes,13,40,Antonio Nariño,Choque,Vehículo,N/A,Solo Daños,0,0,0,0,0,0,0,0,0,0,0,0,0,0,0,0,0,0,0,0,0,0
169284,10499370,-74.110326832,4.57383207800001,CL 32BIS-KR 13 S 2,2019,Octubre,9,miércoles,7,23,Rafael Uribe Uribe,Choque,Vehículo,N/A,Con Heridos,0,0,0,0,0,1,0,0,0,0,0,0,0,0,0,0,0,0,0,0,0,0
169285,10499371,-74.104074204,4.67444350699998,AV AVENIDA BOYACA-CL 63 2,2019,Octubre,9,miércoles,23,7,Engativá,Choque,Vehículo,N/A,Con Heridos,0,0,0,0,0,1,0,0,0,0,0,0,0,0,0,0,0,0,0,0,0,0
169286,10499372,-74.04796404,4.72371434399997,CL 140-KR 20 02,2019,Octubre,9,miércoles,10,24,Usaquén,Atropello,N/A,N/A,Con Heridos,0,0,0,0,0,0,1,1,0,0,1,0,1,0,0,1,0,0,0,0,0,0
169287,10499373,-74.145115558,4.58820582300001,AV AVENIDA BOYACA-DG 52 S 2,2019,Octubre,8,martes,13,30,Tunjuelito,Atropello,N/A,N/A,Con Heridos,0,0,0,0,0,1,1,0,0,0,0,0,0,0,0,0,0,0,0,0,0,0
169288,10499374,-74.076109062,4.608751842,KR 14-CL 19 02,2019,Octubre,9,miércoles,10,0,Santa Fe,Atropello,N/A,N/A,Con Heridos,0,0,0,0,0,0,1,0,0,0,1,0,1,1,0,0,0,1,0,0,0,0
169289,10499375,-74.073451118,4.67289030400002,CL 76-KR 54 2,2019,Octubre,8,martes,15,24,Barrios Unidos,Choque,Vehículo,N/A,Con Heridos,1,0,0,0,0,0,0,0,0,0,0,0,0,0,0,0,0,0,0,0,0,0
169290,10499376,-74.101519985,4.65581974000003,KR 68-CL 45 2,2019,Octubre,8,martes,12,40,Engativá,Atropello,N/A,N/A,Con Heridos,0,0,0,0,0,0,1,1,0,0,0,0,0,0,0,0,0,0,0,0,0,0
169291,10499377,-74.178474409,4.61097359299998,KR 80-CL 58IBIS S 2,2019,Octubre,8,martes,18,1,Bosa,Atropello,N/A,N/A,Con Muertos,0,0,0,0,0,0,1,0,0,0,1,0,1,0,0,1,0,0,0,0,0,0
169292,10499378,-74.077249524,4.62179208800001,CL 26-KR 25 2,2019,Octubre,8,martes,15,39,Teusaquillo,Choque,Vehículo,N/A,Con Heridos,0,0,0,0,0,1,0,0,0,1,0,0,0,0,0,0,0,0,0,0,0,1
169293,10499379,-74.07084673,4.61045768499997,KR 9-CL 24 ES 2,2019,Octubre,9,miércoles,10,0,San Cristóbal,Atropello,N/A,N/A,Con Heridos,0,0,0,0,0,0,1,1,0,0,1,0,1,0,0,1,0,0,0,0,0,0
169294,10499380,-74.103298541,4.653672675,KR 68-CL 26 02,2019,Octubre,9,miércoles,19,25,Fontibón,Caida de ocupante,N/A,N/A,Con Heridos,0,0,0,0,0,0,0,0,0,0,1,0,0,0,0,0,0,0,0,0,0,0
169295,10499381,-74.094637347,4.575717629,KR 10-CL 22 S 2,2019,Octubre,9,miércoles,9,40,San Cristóbal,Caida de ocupante,N/A,N/A,Con Heridos,0,0,0,0,0,0,0,1,0,0,1,0,0,0,0,0,0,0,0,0,0,0
169296,10499382,-74.155165094,4.63419068299999,KR 80G-CL 2 2,2019,Octubre,8,martes,15,15,Kennedy,Atropello,N/A,N/A,Con Muertos,0,0,0,0,0,0,1,1,0,0,1,0,1,0,0,1,0,0,0,0,0,0
169297,10499383,-74.088482035,4.66018822500001,KR 60-CL 63 02,2019,Octubre,9,miércoles,11,30,Barrios Unidos,Choque,Vehículo,N/A,Solo Daños,0,0,0,0,0,0,0,0,0,0,0,0,0,0,0,0,0,0,0,0,0,0
169298,10499385,-74.074540747,4.60732294399997,CL 19-KR 12 2,2019,Octubre,9,miércoles,12,4,Santa Fe,Choque,Vehículo,N/A,Solo Daños,0,0,0,0,0,0,0,0,0,0,0,0,0,0,0,0,0,0,0,0,0,0
169299,10499386,-74.065739677,4.66107546199999,KR 21-CL 71A 02,2019,Octubre,9,miércoles,12,15,Barrios Unidos,Choque,Vehículo,N/A,Solo Daños,0,1,0,0,0,0,0,0,0,0,0,0,0,0,0,0,0,0,0,0,0,0
169300,10499387,-74.152320606,4.62941293300003,CL 26-KR 79 S 2,2019,Octubre,9,miércoles,14,30,Kennedy,Choque,Vehículo,N/A,Solo Daños,0,0,0,0,0,0,0,1,0,1,0,0,0,0,0,0,0,0,0,0,0,1
169301,10499388,-74.089529149,4.69573941700003,CL 80-KR 72 2,2019,Octubre,8,martes,22,20,Engativá,Volcamiento,N/A,N/A,Con Muertos,0,1,0,0,0,1,0,0,0,1,0,0,0,0,0,0,0,0,0,0,0,1
169302,10499389,-74.163757129,4.63763437300003,CL 35B-KR 87C S 2,2019,Octubre,9,miércoles,15,5,Kennedy,Choque,Vehículo,N/A,Solo Daños,0,0,0,0,0,0,0,0,0,0,0,0,0,0,0,0,0,0,0,0,0,0
169303,10499390,-74.07589677,4.66359613499998,AK 30-CL 68 02,2019,Octubre,9,miércoles,18,25,Barrios Unidos,Choque,Vehículo,N/A,Solo Daños,0,1,0,0,0,0,0,0,0,0,0,0,0,0,0,0,0,0,0,0,0,0
169304,10499391,-74.056441471,4.71848782299998,CL 132-KR 50 2,2019,Octubre,9,miércoles,22,28,Suba,Choque,Vehículo,N/A,Solo Daños,0,0,0,0,0,0,0,0,0,1,0,0,0,0,0,0,0,0,0,0,0,1
169305,10499392,-74.082045656,4.63080419800002,KR 33-CL 27A 2,2019,Octubre,9,miércoles,17,0,Teusaquillo,Choque,Vehículo,N/A,Solo Daños,0,0,0,0,0,0,0,0,0,0,0,0,0,0,0,0,0,0,0,0,0,0
169306,10499393,-74.066623709,4.722953883,KR 58-CL 132A 02,2019,Octubre,9,miércoles,16,31,Suba,Choque,Vehículo,N/A,Solo Daños,0,1,0,0,0,0,0,0,0,0,1,0,1,0,0,1,0,0,0,0,0,0
169307,10499394,-74.111737049,4.68143459800001,CL 63-TR 85 2,2019,Octubre,9,miércoles,20,33,Engativá,Choque,Vehículo,N/A,Solo Daños,0,0,0,0,0,0,0,0,0,0,1,0,1,0,0,1,0,0,0,0,0,0
169308,10499395,-74.068213881,4.68742849900002,KR 62-CL 98 02,2019,Octubre,9,miércoles,13,40,Barrios Unidos,Choque,Vehículo,N/A,Solo Daños,0,0,0,0,0,0,0,0,0,1,0,0,0,0,0,0,0,0,0,0,0,1
169309,10499762,-74.067019372,4.73425003,AV AVENIDA BOYACA-CL 146B 02,2019,Octubre,12,sábado,14,24,Suba,Choque,Vehículo,N/A,Solo Daños,0,0,0,0,0,0,0,0,0,0,0,0,0,0,0,0,0,0,0,0,0,0
169310,10499763,-74.19061293,4.59882592299999,CL 69B-TR 77I S 02,2019,Octubre,10,jueves,13,31,Bosa,Choque,Vehículo,N/A,Solo Daños,0,0,0,0,0,0,0,0,0,0,0,0,0,0,0,0,0,0,0,0,0,0
169311,10499764,-74.127765971,4.57960895899998,CL 46-KR 24B S 2,2019,Octubre,11,viernes,1,0,Tunjuelito,Choque,Vehículo,N/A,Solo Daños,0,0,1,0,0,0,0,0,0,0,0,0,0,0,0,0,0,0,0,0,0,0
169312,10499765,-74.077709263,4.79114429100002,CL 209-KR 113 02,2019,Octubre,12,sábado,8,50,Suba,Choque,Vehículo,N/A,Solo Daños,0,0,0,0,0,0,0,0,0,0,1,0,0,0,0,0,0,0,0,0,1,0
169313,10499766,-74.161546638,4.59605335600003,AV AVENIDA DEL SUR-KR 70C 02,2019,Octubre,12,sábado,16,30,Bosa,Choque,Vehículo,N/A,Solo Daños,0,0,0,0,0,0,0,0,0,1,0,0,0,0,0,0,0,0,0,0,0,1
169314,10499767,-74.060265327,4.74989813799999,CL 167-KR 58B 02,2019,Octubre,12,sábado,17,0,Suba,Choque,Vehículo,N/A,Solo Daños,0,0,0,0,0,0,0,0,0,0,0,0,0,0,0,0,0,0,0,0,0,0
169315,10499768,-74.159379452,4.626072163,AK 80-CL 38C S 51,2019,Octubre,11,viernes,11,40,Kennedy,Choque,Vehículo,N/A,Solo Daños,0,0,0,0,0,0,0,1,0,0,1,0,1,0,1,0,0,0,0,0,0,0
169316,10499769,-74.108645039,4.647015103,KR 68-CL 22A 02,2019,Octubre,12,sábado,14,10,Teusaquillo,Choque,Vehículo,N/A,Solo Daños,0,0,0,0,0,0,0,0,0,0,0,0,0,0,0,0,0,0,0,0,0,0
169317,10499770,-74.100749482,4.69185027399999,CL 72-KR 78 02,2019,Octubre,15,martes,10,50,Engativá,Choque,Vehículo,N/A,Con Heridos,0,0,0,0,0,1,0,0,0,0,0,0,0,0,0,0,0,0,0,0,0,0
169318,10499771,-74.140442157,4.64073438700001,KR 78-CL 8C 2,2019,Octubre,15,martes,6,54,Kennedy,Choque,Vehículo,N/A,Con Heridos,0,0,0,0,0,1,0,0,0,0,0,0,0,0,0,0,0,0,0,0,0,0
169319,10499772,-74.132411042,4.70490175800001,KR 111C-CL 65B 02,2019,Octubre,12,sábado,6,38,Engativá,Choque,Vehículo,N/A,Con Heridos,0,0,0,0,0,1,0,0,0,1,0,0,0,0,0,0,0,0,0,0,0,0
169320,10499773,-74.156520839,4.64604889499998,CL 6B-KR 88 2,2019,Octubre,14,lunes,16,18,Kennedy,Choque,Vehículo,N/A,Con Heridos,0,0,0,0,0,1,0,0,0,0,0,0,0,0,0,0,0,0,0,0,0,0
169321,10499774,-74.051741276,4.66736650799999,CL 84A-KR 11 02,2019,Octubre,15,martes,7,50,Chapinero,Choque,Vehículo,N/A,Con Heridos,0,0,0,0,0,1,0,0,0,0,0,0,0,0,0,0,0,0,0,0,0,0
169322,10499775,-74.114810508,4.51556645900001,CL 74C-KR 10 S 02,2019,Octubre,8,martes,19,10,Usme,Choque,Vehículo,N/A,Con Heridos,0,0,0,0,0,1,0,0,0,0,0,0,0,0,0,0,0,0,0,0,0,0
169323,10499776,-74.125558449,4.69852427199999,KR 105C-CL 65 2,2019,Octubre,15,martes,7,53,Engativá,Choque,Vehículo,N/A,Con Heridos,0,0,0,0,0,1,0,0,0,0,0,0,0,0,0,0,0,0,0,0,0,0
169324,10499777,-74.097684815,4.60729177100001,KR 30-CL 6 02,2019,Octubre,11,viernes,16,30,Puente Aranda,Choque,Vehículo,N/A,Con Heridos,0,1,0,0,0,1,0,0,0,0,0,0,0,0,0,0,0,0,0,0,0,0
169325,10499778,-74.133253383,4.643628358,AV AVENIDA BOYACA-CL 11C 02,2019,Octubre,15,martes,8,38,Kennedy,Choque,Vehículo,N/A,Con Heridos,0,0,0,0,0,1,0,0,0,0,0,0,0,0,0,0,0,0,0,0,0,0
169326,10499779,-74.098790054,4.64141975199999,CL 24A-KR 54 2,2019,Octubre,15,martes,7,0,Teusaquillo,Choque,Vehículo,N/A,Con Heridos,0,0,0,0,0,1,0,0,0,0,0,0,0,0,0,0,0,0,0,0,0,0
169327,10499780,-74.172262416,4.61520179299998,CL 53-KR 79D S 71,2019,Octubre,15,martes,22,28,Kennedy,Choque,Vehículo,N/A,Con Heridos,0,0,0,0,0,1,0,0,0,0,0,0,0,0,0,0,0,0,0,0,0,0
169328,10499781,-74.170514072,4.627968614,AV AVENIDA CIUDAD DE VILLAVICENCIO-KR 85A 02,2019,Octubre,15,martes,7,0,Kennedy,Choque,Vehículo,N/A,Con Heridos,0,0,0,0,0,1,0,0,0,0,0,0,0,0,0,0,0,0,0,0,0,0
169329,10499782,-74.179302031,4.59706228499999,AV AVENIDA DEL SUR-CL 63 S 02,2019,Octubre,15,martes,8,45,Bosa,Choque,Vehículo,N/A,Con Heridos,1,0,0,0,0,0,0,0,0,0,1,0,1,0,0,1,0,0,0,0,0,0
169330,10499783,-74.131,4.6207,KR 69D-CL 1 S 60,2019,Octubre,14,lunes,12,39,Kennedy,Choque,Vehículo,N/A,Con Heridos,1,0,0,0,0,0,0,1,0,0,0,0,0,0,0,0,0,0,0,0,0,0
169331,10499784,-74.153310441,4.63590074500001,CL 6-KR 80G 02,2019,Octubre,15,martes,18,40,Kennedy,Choque,Vehículo,N/A,Con Heridos,1,1,0,0,1,0,0,0,0,0,0,0,0,0,0,0,0,0,0,0,0,0
169332,10499785,-74.148645467,4.61777893800001,AV AVENIDA PRIMERO DE MAYO-KR 73C 2,2019,Octubre,14,lunes,17,14,Kennedy,Choque,Vehículo,N/A,Con Heridos,1,0,0,0,0,1,0,0,0,0,0,0,0,0,0,0,0,0,0,0,0,0
169333,10499786,-74.079228912,4.587949149,CL 1F-KR 5H 02,2019,Octubre,13,domingo,17,5,Santa Fe,Atropello,N/A,N/A,Con Heridos,1,0,0,0,1,0,1,0,0,0,0,0,0,0,0,0,0,0,0,0,0,0
169334,10500151,-74.061165101,4.66293220099999,AV AVENIDA CARACAS-CL 75 02,2019,Octubre,18,viernes,12,55,Chapinero,Choque,Vehículo,N/A,Solo Daños,0,1,0,0,0,0,0,0,0,0,0,0,0,0,0,0,0,0,0,0,0,0
169335,10500152,-74.151880515,4.58995707399998,CL 67B-KR 62 S 2,2019,Octubre,18,viernes,7,0,Tunjuelito,Choque,Vehículo,N/A,Solo Daños,0,0,0,0,0,0,0,0,0,1,1,0,1,0,0,1,0,0,0,0,0,1
169336,10500153,-74.021293242,4.73472977099999,CL 160-KR 4B 02,2019,Octubre,18,viernes,7,29,Usaquén,Choque,Vehículo,N/A,Solo Daños,1,0,0,0,0,0,0,0,0,0,0,0,0,0,0,0,0,0,0,0,1,0
169337,10500154,-74.140042581,4.63045852499999,AV AVENIDA DE LAS AMERICAS-KR 72C 2,2019,Octubre,18,viernes,6,37,Kennedy,Choque,Vehículo,N/A,Solo Daños,0,1,0,0,0,0,0,0,0,0,0,0,0,0,0,0,0,0,0,0,0,0
169338,10500155,-74.119282344,4.679137712,AV AVENIDA CIUDAD DE CALI-CL 26 02,2019,Octubre,18,viernes,9,15,Engativá,Choque,Vehículo,N/A,Solo Daños,0,1,0,0,0,0,0,0,0,0,0,0,0,0,0,0,0,0,0,0,0,0
169339,10500156,-74.088637023,4.57051319599998,CL 22-KR 2 S 2,2019,Octubre,18,viernes,12,0,San Cristóbal,Choque,Vehículo,N/A,Solo Daños,0,0,0,0,0,0,0,0,0,1,1,0,1,0,0,1,0,0,0,0,0,1
169340,10500157,-74.134602833,4.59418802599998,CL 45A-KR 51D S 02,2019,Octubre,18,viernes,10,40,Tunjuelito,Choque,Vehículo,N/A,Solo Daños,0,0,0,0,0,0,0,1,0,0,1,0,1,0,0,1,0,0,0,0,0,0
169341,10500158,-74.129925456,4.58006079500001,CL 47B-KR 25 S 02,2019,Octubre,18,viernes,12,50,Tunjuelito,Choque,Vehículo,N/A,Solo Daños,0,0,0,0,0,0,0,1,0,0,0,0,0,0,0,0,0,0,0,0,0,0
169342,10500159,-74.041452744,4.69876236699997,CL 119-KR 14A 2,2019,Octubre,17,jueves,14,46,Usaquén,Choque,Vehículo,N/A,Con Heridos,0,0,0,0,0,1,0,1,0,1,0,0,0,0,0,0,0,0,0,0,0,1
169343,10500160,-74.085381443,4.60837508399999,CL 13-KR 20 2,2019,Octubre,17,jueves,11,0,Los Mártires,Choque,Vehículo,N/A,Con Heridos,1,0,0,0,0,0,0,0,0,0,0,0,0,0,0,0,0,0,0,0,0,0
169344,10500161,-74.1271104,4.59370221699999,AV AVENIDA DEL SUR-KR 50 02,2019,Octubre,18,viernes,5,50,Antonio Nariño,Choque,Vehículo,N/A,Con Heridos,0,0,0,0,0,1,0,0,0,0,0,0,0,0,0,0,0,0,0,0,0,0
169345,10500162,-74.15570545,4.63991848000001,KR 86-CL 6 2,2019,Octubre,17,jueves,3,0,Kennedy,Choque,Vehículo,N/A,Con Heridos,0,0,1,0,0,1,0,0,0,0,0,0,0,0,0,0,0,0,0,0,0,0
169346,10500163,-74.093049902,4.70867549600001,CL 96-KR 82 02,2019,Octubre,18,viernes,8,51,Engativá,Choque,Vehículo,N/A,Con Heridos,0,0,0,0,0,1,0,0,0,0,0,0,0,0,0,0,0,0,0,0,0,0
169347,10500164,-74.120920589,4.60291332899999,KR 50-CL 26 S 2,2019,Octubre,17,jueves,12,45,Puente Aranda,Choque,Vehículo,N/A,Con Heridos,1,0,0,0,0,0,0,0,0,1,0,0,0,0,0,0,0,0,0,0,0,1
169348,10500166,-74.114605684,4.69599865999999,CL 69A-KR 94 02,2019,Octubre,18,viernes,8,48,Engativá,Choque,Vehículo,N/A,Con Heridos,0,0,0,0,0,1,0,0,0,0,1,1,1,0,0,1,0,0,0,0,0,0
169349,10500167,-74.192557565,4.61790502999997,AV AVENIDA CIUDAD DE CALI-CL 69 S 2,2019,Octubre,17,jueves,11,20,Bosa,Choque,Vehículo,N/A,Con Heridos,1,0,0,0,0,0,0,1,0,0,0,0,0,0,0,0,0,0,0,0,0,0
169350,10500168,-74.101641871,4.692441352,KR 80-CL 71B 02,2019,Octubre,18,viernes,6,15,Engativá,Choque,Vehículo,N/A,Con Heridos,0,0,0,0,0,1,0,0,0,0,0,0,0,0,0,0,0,0,0,0,0,0
169351,10500169,-74.082039998,4.58422220099999,KR 6-CL 2 S 2,2019,Octubre,17,jueves,18,0,San Cristóbal,Choque,Vehículo,N/A,Con Heridos,1,0,0,0,0,1,0,0,0,0,0,0,0,0,0,0,0,0,0,0,0,0
169352,10500170,-74.136565353,4.58734948099999,CL 50A-KR 36 S 2,2019,Octubre,18,viernes,0,30,Tunjuelito,Choque,Vehículo,N/A,Con Heridos,0,0,0,0,0,0,0,0,0,1,0,0,0,0,0,0,0,0,0,0,0,1
169353,10500171,-74.08623873,4.53219347300001,KR 15-CL 57 E 02,2019,Octubre,18,viernes,8,34,San Cristóbal,Choque,Vehículo,N/A,Con Heridos,0,0,0,0,0,1,0,0,0,0,0,0,0,0,0,0,0,0,0,0,0,0
169354,10500172,-74.143789542,4.56072742600003,DG 62C-KR 19C S 02,2019,Octubre,18,viernes,4,41,Ciudad Bolívar,Choque,Vehículo,N/A,Con Heridos,0,0,0,0,0,1,0,0,0,0,0,0,0,0,0,0,0,0,0,0,0,0
169355,10500173,-74.165935037,4.62113521999999,AV AVENIDA CIUDAD DE VILLAVICENCIO-CL 80 2,2019,Octubre,17,jueves,2,4,Kennedy,Choque,Vehículo,N/A,Con Heridos,0,0,0,0,0,0,0,0,0,0,0,0,0,0,0,0,0,0,0,0,0,0
169356,10500174,-74.122720473,4.57767659699999,CL 42-KR 22A S 02,2019,Octubre,18,viernes,6,54,Rafael Uribe Uribe,Choque,Vehículo,N/A,Con Heridos,0,0,0,0,0,1,0,0,0,0,0,0,0,0,0,0,0,0,0,0,0,0
169357,10500175,-74.046156174,4.67709869200002,KR 11-CL 93A 2,2019,Octubre,17,jueves,15,17,Chapinero,Atropello,N/A,N/A,Con Heridos,0,0,0,0,0,0,1,1,0,0,0,0,0,0,0,0,0,0,0,0,0,0
169358,10500176,-74.140756312,4.576568038,AV AVENIDA BOYACA-KR 25 02,2019,Octubre,18,viernes,18,50,Tunjuelito,Choque,Vehículo,N/A,Con Heridos,0,0,0,0,0,1,0,0,0,1,0,0,0,0,0,0,0,0,0,0,0,1
169359,10500551,-74.047524608,4.68497556099999,CL 100-KR 14 02,2019,Octubre,22,martes,15,8,Usaquén,Choque,Vehículo,N/A,Solo Daños,0,0,0,0,0,1,0,1,0,0,1,0,1,0,0,1,0,0,0,0,0,0
169360,10500552,-74.107226455,4.69359651000002,AV AVENIDA CIUDAD DE CALI-CL 70 2,2019,Octubre,22,martes,10,0,Engativá,Choque,Vehículo,N/A,Solo Daños,0,1,0,0,0,0,0,1,0,1,0,0,0,0,0,0,0,0,0,0,0,1
169361,10500553,-74.089112531,4.65993107200001,CL 63-KR 60 2,2019,Octubre,22,martes,19,10,Barrios Unidos,Choque,Vehículo,N/A,Solo Daños,0,0,0,0,0,0,0,0,0,0,0,0,0,0,0,0,0,0,0,0,0,0
169362,10500554,-74.05755676,4.68375147500001,KR 45-CL 95 02,2019,Octubre,22,martes,18,22,Chapinero,Choque,Vehículo,N/A,Solo Daños,0,1,0,0,0,0,0,0,0,0,0,0,0,0,0,0,0,0,0,0,0,0
169363,10500555,-74.054491204,4.70099541799999,KR 45-CL 119 2,2019,Octubre,22,martes,13,10,Usaquén,Choque,Vehículo,N/A,Solo Daños,0,1,0,0,0,0,0,0,0,0,0,0,0,0,0,0,0,0,0,0,0,0
169364,10500556,-74.096501453,4.59428003699998,KR 24-CL 1 2,2019,Octubre,22,martes,12,58,Los Mártires,Choque,Vehículo,N/A,Solo Daños,0,1,0,0,0,0,0,1,0,0,0,0,0,0,0,0,0,0,0,0,0,0
169365,10500557,-74.121966497,4.62999251600002,KR 68-CL 9 2,2019,Octubre,22,martes,16,0,Puente Aranda,Choque,Vehículo,N/A,Solo Daños,0,1,0,0,0,1,0,0,0,0,0,0,0,0,0,0,0,0,0,0,0,0
169366,10500558,-74.074919513,4.61853295899999,CL 26-KR 19 02,2019,Octubre,22,martes,20,10,Teusaquillo,Choque,Vehículo,N/A,Solo Daños,0,0,0,0,0,0,0,0,0,0,0,0,0,0,0,0,0,0,0,0,0,0
169367,10500559,-74.133273103,4.63029054600003,AV AVENIDA DE LAS AMERICAS-KR 71A 60,2019,Octubre,23,miércoles,0,1,Kennedy,Choque,Vehículo,N/A,Solo Daños,0,0,0,0,0,0,0,0,0,1,0,0,0,0,0,0,0,0,0,0,0,1
169368,10500560,-74.056974076,4.65607659,CL 72-KR 9 02,2019,Octubre,22,martes,14,30,Chapinero,Choque,Vehículo,N/A,Solo Daños,0,0,0,0,0,0,0,0,0,0,0,0,0,0,0,0,0,0,0,0,0,0
169369,10500561,-74.099863737,4.51107033099998,DG 79-KR 8 SE 02,2019,Octubre,22,martes,15,50,Usme,Choque,Vehículo,N/A,Solo Daños,0,0,0,0,0,0,0,0,0,0,0,0,0,0,0,0,0,0,0,0,0,0
169370,10500562,-74.033077458,4.69975229800002,KR 9-CL 123 2,2019,Octubre,22,martes,13,30,Usaquén,Choque,Vehículo,N/A,Solo Daños,0,0,0,0,0,0,0,0,0,1,1,0,1,0,0,1,0,0,0,0,0,1
169371,10500563,-74.140042268,4.61869262699997,AV AVENIDA PRIMERA DE MAYO-KR 72C 02,2019,Octubre,22,martes,21,0,Kennedy,Choque,Vehículo,N/A,Solo Daños,0,0,0,0,0,0,0,0,0,0,1,0,1,0,0,1,0,0,0,0,0,0
169372,10500564,-74.048024739,4.71927307599998,CL 134A-KR 19A 2,2019,Octubre,22,martes,20,4,Usaquén,Choque,Vehículo,N/A,Solo Daños,0,0,0,0,0,0,0,0,0,0,0,0,0,0,0,0,0,0,0,0,0,0
169373,10500565,-74.113907515,4.75099441200001,KR 141ABIS-CL 143 02,2019,Octubre,22,martes,12,10,Suba,Choque,Vehículo,N/A,Solo Daños,0,0,0,0,0,0,0,0,0,1,1,0,1,0,1,0,0,0,0,0,0,1
169374,10500566,-74.176753102,4.612552408,AK 80-CL 57B S 2,2019,Octubre,22,martes,20,15,Kennedy,Choque,Vehículo,N/A,Solo Daños,0,0,0,0,0,0,0,0,0,0,1,0,1,0,0,1,0,0,0,0,0,0
169375,10500567,-74.11970463,4.67898742599999,KR 86-CL 26 02,2019,Octubre,22,martes,12,40,Engativá,Choque,Vehículo,N/A,Solo Daños,0,1,0,0,0,0,0,0,0,0,0,0,0,0,0,0,0,0,0,0,0,0
169376,10500568,-74.143781035,4.60196642900002,KR 72-CL 40 S 2,2019,Octubre,22,martes,13,10,Kennedy,Choque,Vehículo,N/A,Solo Daños,0,0,0,0,0,0,0,1,0,0,0,0,0,0,0,0,0,0,0,0,0,0
169377,10500569,-74.111016985,4.59549262399997,AK 30-CL 18 S 02,2019,Octubre,22,martes,20,30,Antonio Nariño,Choque,Vehículo,N/A,Solo Daños,0,0,0,0,0,0,0,0,0,0,0,0,0,0,0,0,0,0,0,0,0,0
169378,10500570,-74.118170074,4.65919708899997,AV AVENIDA BOYACA-CL 23 2,2019,Octubre,22,martes,21,30,Fontibón,Choque,Vehículo,N/A,Solo Daños,0,0,0,0,0,0,0,0,0,0,0,0,0,0,0,0,0,0,0,0,0,0
169379,10500571,-74.073549151,4.62454327799998,KR 19-CL 35 2,2019,Octubre,22,martes,17,30,Teusaquillo,Choque,Vehículo,N/A,Solo Daños,0,0,0,0,0,0,0,0,0,0,1,0,0,0,0,0,0,0,0,0,0,0
169380,10500572,-74.145402924,4.63152692199998,AV AVENIDA DE LAS AMERICAS-KR 78A 02,2019,Octubre,21,lunes,22,15,Kennedy,Choque,Vehículo,N/A,Solo Daños,0,0,0,0,0,0,0,0,0,0,1,0,1,0,0,1,0,0,0,0,0,0
169381,10500573,-74.046500979,4.75160983299997,KR 45-CL 170 02,2019,Octubre,22,martes,6,51,Usaquén,Choque,Vehículo,N/A,Solo Daños,0,0,0,0,0,0,0,0,0,0,1,0,0,0,0,0,0,0,0,0,0,0
169382,10500574,-74.08075544,4.63042598499999,KR 32A-CL 29 2,2019,Octubre,22,martes,14,30,Teusaquillo,Choque,Vehículo,N/A,Solo Daños,0,0,0,0,0,0,0,1,0,0,0,0,0,0,0,0,0,0,0,0,0,0
169383,10500575,-74.054077656,4.70345834599999,CL 123-KR 45 02,2019,Octubre,22,martes,11,3,Usaquén,Choque,Vehículo,N/A,Solo Daños,0,0,0,0,0,0,0,1,0,0,0,0,0,0,0,0,0,0,0,0,0,0
169384,10500958,-74.120005676,4.63872516700002,CL 13-KR 68 02,2019,Octubre,25,viernes,14,0,Fontibón,Choque,Vehículo,N/A,Solo Daños,0,1,0,0,0,0,0,1,0,0,0,0,0,0,0,0,0,0,0,0,0,0
169385,10500959,-74.104786013,4.50777037199998,DG 83-AK 1 SE 13,2019,Octubre,25,viernes,16,30,Usme,Choque,Vehículo,N/A,Solo Daños,0,1,0,0,0,0,0,0,0,0,1,0,1,0,1,0,0,0,0,0,0,0
169386,10500960,-74.092783854,4.71720415800002,AV AVENIDA CIUDAD DE CALI-CL 127 02,2019,Octubre,25,viernes,6,50,Suba,Choque,Vehículo,N/A,Solo Daños,0,0,0,0,0,1,0,0,0,0,0,0,0,0,0,0,0,0,0,0,0,0
169387,10500961,-74.113576852,4.596549004,AC 26-KR 34B 06,2019,Octubre,25,viernes,18,10,Puente Aranda,Choque,Vehículo,N/A,Solo Daños,0,1,0,0,0,0,0,1,0,1,0,0,0,0,0,0,0,0,0,0,0,1
169388,10500962,-74.059680483,4.745092785,KR 57-CL 160 90,2019,Octubre,25,viernes,23,0,Suba,Choque,Vehículo,N/A,Solo Daños,0,0,0,0,0,0,0,1,0,0,0,0,0,0,0,0,0,0,0,0,0,0
169389,10500963,-74.127652128,4.65055437799998,CL 13-KR 73 2,2019,Octubre,25,viernes,11,47,Fontibón,Choque,Vehículo,N/A,Solo Daños,0,1,0,0,0,1,0,0,0,0,0,0,0,0,0,0,0,0,0,0,0,0
169390,10500964,-74.0653,4.62740000000002,KR 7-CL 40 02,2019,Octubre,25,viernes,9,50,Chapinero,Choque,Objeto Fijo,Semaforo,Solo Daños,0,0,0,0,0,0,0,0,0,0,0,0,0,0,0,0,0,0,0,0,0,0
169391,10500965,-74.093642491,4.68897679899999,KR 72-CL 73A 31,2019,Octubre,25,viernes,10,30,Engativá,Choque,Vehículo,N/A,Solo Daños,0,1,0,0,0,0,0,0,0,0,0,0,0,0,0,0,0,0,0,0,0,0
169392,10500966,-74.091425061,4.69262411,AV AVENIDA BOYACA-CL 77 04,2019,Octubre,28,lunes,10,10,Engativá,Choque,Vehículo,N/A,Con Muertos,0,1,0,0,0,1,0,0,0,0,1,0,0,0,0,0,0,0,0,0,0,0
169393,10500967,-74.089797765,4.582106963,KR 10-CL 11 S 2,2019,Octubre,28,lunes,6,5,San Cristóbal,Atropello,N/A,N/A,Con Muertos,0,0,0,0,0,0,1,0,0,0,1,0,1,1,0,0,0,1,0,0,0,0
169394,10500968,-74.1486,4.6336,TR 78-CL 6ABIS 2,2019,Octubre,25,viernes,10,56,Kennedy,Choque,Vehículo,N/A,Solo Daños,0,0,0,0,0,0,0,1,0,0,0,0,0,0,0,0,0,0,0,0,0,0
169395,10500969,-74.1013,4.66379999999998,KR 69-CL 51 87,2019,Octubre,26,sábado,0,26,Engativá,Choque,Vehículo,N/A,Solo Daños,0,1,0,0,0,0,0,1,0,0,0,0,0,0,0,0,0,0,0,0,0,0
169396,10500970,-74.088415808,4.61830814899997,CL 19-KR 30 2,2019,Octubre,25,viernes,17,42,Puente Aranda,Choque,Vehículo,N/A,Solo Daños,0,0,0,0,0,0,0,0,0,0,0,0,0,0,0,0,0,0,0,0,0,0
169397,10500971,-74.095829564,4.64117491000002,CL 26-KR 51 02,2019,Octubre,26,sábado,0,19,Teusaquillo,Choque,Objeto Fijo,Tren,Solo Daños,0,0,0,0,0,0,0,0,0,0,0,0,0,0,0,0,0,0,0,0,0,0
169398,10500972,-74.159248459,4.68671566199998,CL 17-KR 122 2,2019,Octubre,25,viernes,18,45,Fontibón,Choque,Vehículo,N/A,Solo Daños,0,0,0,0,0,0,0,0,0,0,0,0,0,0,0,0,0,0,0,0,0,0
169399,10500973,-74.169138422,4.63212675400001,KR 86F-CL 42A S 22,2019,Octubre,26,sábado,2,30,Kennedy,Choque,Vehículo,N/A,Solo Daños,0,0,0,0,0,0,0,0,0,0,0,0,0,0,0,0,0,0,0,0,0,0
169400,10500974,-74.11257615,4.656168729,CL 24-KR 69B 2,2019,Octubre,25,viernes,18,0,Fontibón,Choque,Vehículo,N/A,Solo Daños,0,1,0,0,0,0,0,0,0,0,0,0,0,0,0,0,0,0,0,0,0,0
169401,10500975,-74.11921144,4.61331510000002,TR 53-CL 2 02,2019,Octubre,26,sábado,5,12,Puente Aranda,Choque,Vehículo,N/A,Solo Daños,0,0,0,0,0,0,0,0,0,1,0,0,0,0,0,0,0,0,0,0,0,1
169402,10500976,-74.05630824,4.65696068800003,KR 9-CL 72 90,2019,Octubre,25,viernes,13,50,Chapinero,Choque,Objeto Fijo,Objeto Fijo,Solo Daños,0,0,0,0,0,0,0,0,0,0,0,0,0,0,0,0,0,0,0,0,0,0
169403,10500977,-74.114135091,4.61480198599997,AC 3-KR 41B 02,2019,Octubre,26,sábado,1,20,Puente Aranda,Choque,Objeto Fijo,Muro,Solo Daños,0,0,1,0,0,0,0,0,0,0,0,1,0,0,0,0,0,0,0,0,0,0
169404,10500978,-74.035767121,4.68521215099997,KR 7-CL 106 2,2019,Octubre,25,viernes,10,0,Usaquén,Choque,Vehículo,N/A,Solo Daños,0,0,0,0,0,0,0,0,0,0,0,0,0,0,0,0,0,0,0,0,0,0
169405,10500979,-74.107924096,4.73959950800003,CL 132BIS-KR 124B 02,2019,Octubre,25,viernes,16,50,Suba,Choque,Objeto Fijo,Tren,Solo Daños,0,1,0,0,0,0,0,0,0,0,0,0,0,0,0,0,0,0,0,0,0,0
169406,10500980,-74.04590966,4.667161507,KR 7-CL 86 2,2019,Octubre,25,viernes,18,31,Chapinero,Choque,Vehículo,N/A,Solo Daños,0,0,0,0,0,0,0,1,0,0,0,0,0,0,0,0,0,0,0,0,0,0
169407,10500981,-74.048651945,4.68312158100002,KR 15-CL 98 02,2019,Octubre,25,viernes,18,0,Chapinero,Choque,Vehículo,N/A,Solo Daños,0,0,0,0,0,0,0,0,0,0,1,0,1,0,0,1,0,0,0,0,0,0
169408,10500982,-74.119948837,4.67846152099997,AV AVENIDA CIUDAD DE CALI-CL 26 02,2019,Octubre,25,viernes,19,14,Fontibón,Choque,Vehículo,N/A,Solo Daños,0,0,0,0,0,0,0,0,0,0,0,0,0,0,0,0,0,0,0,0,0,0
169409,10501359,-74.123425242,4.63575681700001,KR 68D-CL 11 2,2019,Octubre,29,martes,7,45,Kennedy,Choque,Objeto Fijo,Semaforo,Solo Daños,0,1,0,0,0,0,0,0,0,0,1,0,0,0,0,0,0,0,0,0,0,0
169410,10501360,-74.127221378,4.68122926299998,KR 96-CL 24C 94,2019,Octubre,30,miércoles,2,25,Fontibón,Choque,Vehículo,N/A,Solo Daños,0,1,0,0,0,0,0,0,0,0,0,0,0,0,0,0,0,0,0,0,0,0
169411,10501361,-74.081371157,4.61237742499998,CL 19-KR 21 14,2019,Octubre,29,martes,17,40,Los Mártires,Choque,Vehículo,N/A,Solo Daños,0,0,0,0,0,0,0,0,0,0,0,0,0,0,0,0,0,0,0,0,0,0
169412,10501362,-74.062539558,4.64554357399999,KR 9-CL 59 02,2019,Octubre,22,martes,8,30,Chapinero,Choque,Vehículo,N/A,Solo Daños,0,0,0,0,0,0,0,1,0,1,0,0,0,0,0,0,0,0,0,0,0,1
169413,10501363,-74.097816654,4.57821210899999,AV AVENIDA PRIMERA DE MAYO-KR 12B 2,2019,Octubre,30,miércoles,18,0,Antonio Nariño,Choque,Vehículo,N/A,Solo Daños,0,0,0,0,0,1,0,1,0,0,1,0,1,0,0,1,0,0,0,0,0,0
169414,10501364,-74.173091096,4.61225855200001,KR 79BIS-CL 55 S 39,2019,Octubre,29,martes,16,7,Kennedy,Choque,Vehículo,N/A,Solo Daños,0,0,0,0,0,0,0,0,0,0,0,0,0,0,0,0,0,0,0,0,0,0
169415,10501365,-74.046194382,4.70127922299997,CL 122-KR 17 92,2019,Octubre,26,sábado,4,30,Usaquén,Choque,Vehículo,N/A,Solo Daños,0,0,0,0,0,0,0,1,0,1,0,0,0,0,0,0,0,0,0,0,0,1
169416,10501366,-74.07381298,4.63871130199999,KR 23-CL 50 2,2019,Octubre,30,miércoles,18,20,Teusaquillo,Choque,Vehículo,N/A,Solo Daños,0,0,0,0,0,1,0,0,0,0,0,0,0,0,0,0,0,0,0,0,0,0
169417,10501367,-74.046979648,4.74730211600001,KR 45-CL 166 2,2019,Octubre,29,martes,16,43,Usaquén,Choque,Vehículo,N/A,Solo Daños,0,0,0,0,0,0,0,0,0,0,0,0,0,0,0,0,0,0,0,0,0,0
169418,10501368,-74.085730453,4.62687456700002,KR 32A-CL 25 2,2019,Octubre,30,miércoles,20,10,Teusaquillo,Choque,Vehículo,N/A,Solo Daños,0,0,0,0,0,0,0,0,0,0,0,0,0,0,0,0,0,0,0,0,0,0
169419,10501369,-74.050790055,4.65478747600002,CL 74-KR 2 2,2019,Octubre,29,martes,20,50,Chapinero,Choque,Vehículo,N/A,Solo Daños,0,0,0,0,0,0,0,0,0,0,0,0,0,0,0,0,0,0,0,0,0,0
169420,10501370,-74.033395757,4.75858990099999,CL 181C-KR 11 29,2019,Octubre,26,sábado,1,0,Usaquén,Choque,Vehículo,N/A,Solo Daños,0,0,0,0,0,0,0,1,0,0,1,0,0,0,0,0,0,0,0,0,1,0
169421,10501371,-74.042857159,4.70427328099998,CL 127-KR 15 2,2019,Octubre,29,martes,17,40,Usaquén,Choque,Vehículo,N/A,Solo Daños,0,0,0,0,0,0,0,0,0,0,1,0,1,0,0,1,0,0,0,0,0,0
169422,10501372,-74.15874311,4.60165069099997,KR 68A-CL 55A S 2,2019,Octubre,30,miércoles,15,45,Bosa,Choque,Vehículo,N/A,Solo Daños,0,0,0,0,0,0,0,0,0,0,1,0,0,0,0,0,0,0,0,0,1,0
169423,10501373,N/A,N/A,TR 4-CL 60 E 02,2019,Octubre,27,domingo,21,8,Chapinero,Choque,Objeto Fijo,Vehiculo,Solo Daños,0,0,0,0,0,1,0,0,0,0,0,0,0,0,0,0,0,0,0,0,0,0
169424,10501374,-74.038289166,4.76028760100002,CL 183-KR 16 2,2019,Octubre,29,martes,16,17,Usaquén,Choque,Vehículo,N/A,Solo Daños,0,0,0,0,0,0,0,0,0,0,1,0,0,0,0,0,0,0,0,0,1,0
169425,10501375,-74.083370383,4.68341284899998,KR 68G-CL 77 02,2019,Octubre,28,lunes,10,0,Engativá,Choque,Vehículo,N/A,Solo Daños,0,0,0,0,0,0,0,1,0,0,1,0,0,0,0,0,0,0,0,0,0,0
169426,10501376,-74.16708736,4.59950822299999,CL 57B-KR 72D S 2,2019,Octubre,30,miércoles,13,57,Bosa,Choque,Vehículo,N/A,Solo Daños,0,0,0,0,0,0,0,0,0,0,1,0,1,0,0,1,0,0,0,0,0,0
169427,10501377,-74.147026282,4.63121353899999,AC 6-KR 78G 25,2019,Octubre,29,martes,12,40,Kennedy,Choque,Vehículo,N/A,Solo Daños,0,0,0,0,0,0,0,0,0,0,0,0,0,0,0,0,0,0,0,0,0,0
169428,10501378,-74.055988675,4.66415489100001,KR 12A-CL 78 58,2019,Octubre,29,martes,23,30,Chapinero,Choque,Vehículo,N/A,Solo Daños,0,0,0,0,0,0,0,0,0,0,0,0,0,0,0,0,0,0,0,0,0,0
169429,10501379,-74.054548239,4.70059016900001,CL 118-KR 45 2,2019,Octubre,30,miércoles,3,23,Usaquén,Choque,Vehículo,N/A,Solo Daños,0,0,0,0,0,0,0,1,0,0,1,0,0,0,0,0,0,0,0,0,1,0
169430,10501380,-74.084962733,4.58930545200002,KR 10-CL 1 S 02,2019,Octubre,30,miércoles,11,0,San Cristóbal,Choque,Vehículo,N/A,Solo Daños,0,0,0,0,0,0,0,0,0,1,1,0,0,0,0,0,0,0,0,0,0,1
169431,10501381,-74.119340346,4.72311501500002,CL 81-KR 114 02,2019,Octubre,28,lunes,8,5,Engativá,Choque,Vehículo,N/A,Solo Daños,0,0,0,0,0,0,0,0,0,0,1,0,0,0,0,0,0,0,0,0,0,0
169432,10501382,-74.1338263,4.68601936200002,KR 103-CL 25B 74,2019,Octubre,30,miércoles,19,1,Fontibón,Choque,Vehículo,N/A,Solo Daños,0,0,0,0,0,0,0,0,0,0,0,0,0,0,0,0,0,0,0,0,0,0
169433,10501383,-74.067589797,4.60402273,KR 3-CL 20 02,2019,Octubre,30,miércoles,15,29,Santa Fe,Choque,Vehículo,N/A,Solo Daños,0,0,0,0,0,0,0,1,0,0,1,0,1,0,0,1,0,0,0,0,0,0
169459,10502136,-74.157628275,4.59114984799999,KR 67-CL 61 S 2,2019,Octubre,30,miércoles,2,5,Tunjuelito,Choque,Objeto Fijo,Vehiculo,Solo Daños,0,1,0,0,0,0,0,0,0,0,0,0,0,0,0,0,0,0,0,0,0,0
169628,10498608,-74.092545409,4.667773474,AK 68-CL 64 2,2019,Octubre,1,martes,15,10,Barrios Unidos,Choque,Vehículo,N/A,Solo Daños,0,1,0,0,0,0,0,0,0,0,0,0,0,0,0,0,0,0,0,0,0,0
169629,10498609,-74.045275336,4.72028838900002,CL 136-KR 18 02,2019,Octubre,1,martes,19,30,Usaquén,Choque,Vehículo,N/A,Solo Daños,0,0,0,0,0,0,0,1,0,1,0,0,0,0,0,0,0,0,0,0,0,1
169630,10498610,-74.120843273,4.61685531299997,KR 54-CL 2A 02,2019,Octubre,1,martes,7,21,Puente Aranda,Choque,Vehículo,N/A,Solo Daños,0,0,0,0,0,0,0,0,0,0,0,0,0,0,0,0,0,0,0,0,0,0
169631,10498611,-74.088843691,4.69560975000002,AV AVENIDA BOYACA-KR 80 2,2019,Octubre,1,martes,6,10,Engativá,Choque,Vehículo,N/A,Solo Daños,0,0,0,0,0,0,0,0,0,0,1,0,1,0,0,1,0,0,0,0,0,0
169632,10498612,-74.095242366,4.74831509199998,KR 104-CL 148 02,2019,Octubre,1,martes,15,40,Suba,Choque,Vehículo,N/A,Solo Daños,0,0,0,0,0,0,0,1,0,0,1,0,1,0,0,0,1,0,0,0,1,0
169633,10498613,-74.028581891,4.70072647500001,KR 7-CL 126 02,2019,Octubre,1,martes,11,17,Usaquén,Choque,Vehículo,N/A,Solo Daños,0,1,0,0,0,0,0,0,0,0,0,0,0,0,0,0,0,0,0,0,0,0
169634,10498614,-74.16177424,4.61961661100003,KR 79-CL 42A S 2,2019,Octubre,1,martes,21,44,Kennedy,Choque,Vehículo,N/A,Solo Daños,0,0,0,0,0,1,0,0,0,0,0,0,0,0,0,0,0,0,0,0,0,0
169635,10498615,-74.098866868,4.70140886299998,CL 80-KR 83 02,2019,Octubre,1,martes,9,50,Engativá,Choque,Vehículo,N/A,Solo Daños,0,0,0,0,0,0,0,1,0,0,0,0,0,0,0,0,0,0,0,0,0,0
169636,10498616,-74.07774796,4.59189627500001,KR 6-CL 6B 02,2019,Octubre,1,martes,20,22,Candelaria,Choque,Vehículo,N/A,Solo Daños,0,0,0,0,0,0,0,0,0,0,0,0,0,0,0,0,0,0,0,0,0,0
169637,10498617,-74.072238368,4.71113101100002,TR 60-AC 127 2,2019,Octubre,1,martes,19,25,Suba,Choque,Vehículo,N/A,Solo Daños,0,0,0,0,0,0,0,1,0,0,1,0,1,0,0,1,0,0,0,0,0,0
169638,10498618,-74.091738596,4.74831611299999,KR 102B-CL 150 02,2019,Octubre,1,martes,6,55,Suba,Choque,Vehículo,N/A,Solo Daños,0,0,0,0,0,0,0,0,0,0,0,0,0,0,0,0,0,0,0,0,0,0
169639,10498619,-74.069150781,4.59804851899997,CL 12C-KR 1A 2,2019,Octubre,1,martes,18,0,Candelaria,Choque,Objeto Fijo,Semaforo,Solo Daños,0,1,0,0,0,0,0,0,0,0,0,0,0,0,0,0,0,0,0,0,0,0
169640,10498620,-74.077446695,4.65907242899999,KR 30-CL 64 02,2019,Octubre,1,martes,6,30,Barrios Unidos,Choque,Vehículo,N/A,Solo Daños,0,1,0,0,0,0,0,0,0,0,0,0,0,0,0,0,0,0,0,0,0,0
169641,10498621,-74.076591268,4.65184577000002,CL 63-KR 28 02,2019,Octubre,1,martes,8,10,Teusaquillo,Choque,Vehículo,N/A,Solo Daños,0,0,0,0,0,1,0,0,0,0,0,0,0,0,0,0,0,0,0,0,0,0
169642,10498622,-74.068111504,4.62201634500002,KR 13-CL 34 2,2019,Octubre,1,martes,21,33,Santa Fe,Choque,Vehículo,N/A,Solo Daños,0,0,0,0,0,0,0,0,0,0,1,0,1,0,0,1,0,0,0,0,0,0
169643,10498623,-74.103361513,4.70687292399998,CL 82-KR 90A 02,2019,Octubre,1,martes,12,30,Engativá,Choque,Vehículo,N/A,Solo Daños,0,0,0,0,0,1,0,0,0,0,1,0,0,0,0,0,0,0,0,0,0,0
169644,10498624,-74.03771249,4.69064305500001,KR 9-CL 110 02,2019,Octubre,1,martes,8,25,Usaquén,Choque,Vehículo,N/A,Solo Daños,0,1,0,0,0,0,0,0,0,0,0,0,0,0,0,0,0,0,0,0,0,0
169645,10498625,-74.056426778,4.69132170500001,KR 45-CL 104 2,2019,Octubre,1,martes,9,36,Kennedy,Choque,Vehículo,N/A,Solo Daños,0,0,0,0,0,0,0,1,0,0,0,0,0,0,0,0,0,0,0,0,0,0
169646,10498626,-74.065726295,4.685540608,KR 60-CL 97 02,2019,Octubre,1,martes,6,20,Barrios Unidos,Choque,Vehículo,N/A,Solo Daños,0,0,0,0,0,0,0,1,0,1,0,0,0,0,0,0,0,0,0,0,0,1
169647,10498627,-74.035164734,4.72104925100001,CL 142-KR 11 24,2019,Octubre,1,martes,7,35,Usaquén,Choque,Vehículo,N/A,Solo Daños,0,0,0,0,0,0,0,0,0,1,0,0,0,0,0,0,0,0,0,0,0,1
169648,10498628,-74.107616903,4.69287964199998,KR 86-CL 70 2,2019,Octubre,1,martes,11,15,Engativá,Choque,Vehículo,N/A,Solo Daños,0,0,0,0,0,0,0,0,0,0,0,0,0,0,0,0,0,0,0,0,0,0
169649,10498629,-74.070374164,4.62319270400002,KR 15-CL 34 02,2019,Octubre,1,martes,9,0,Teusaquillo,Choque,Vehículo,N/A,Solo Daños,0,0,0,0,0,0,0,1,0,0,0,0,0,0,0,0,0,0,0,0,0,0
169650,10498630,-74.104375183,4.58804366700002,CL 18-KR 24D S 37,2019,Octubre,1,martes,13,15,Antonio Nariño,Choque,Vehículo,N/A,Solo Daños,0,0,0,0,0,0,0,1,0,0,0,0,0,0,0,0,0,0,0,0,0,0
169651,10498631,-74.152946463,4.61971912500002,KR 78B-CL 39A S 39,2019,Octubre,2,miércoles,0,50,Kennedy,Choque,Objeto Fijo,Tren,Solo Daños,0,0,0,0,0,0,0,0,0,0,0,0,0,0,0,0,0,0,0,0,0,0
169652,10498632,-74.092348016,4.68269130700003,AK 70-CL 71 2,2019,Octubre,1,martes,10,40,Engativá,Choque,Vehículo,N/A,Solo Daños,0,1,0,0,0,0,0,0,0,0,0,0,0,0,0,0,0,0,0,0,0,0
169653,10499003,-74.105344368,4.59959802899999,CL 1B-KR 29C 2,2019,Octubre,4,viernes,6,20,Los Mártires,Choque,Vehículo,N/A,Solo Daños,0,0,0,0,0,0,0,0,0,0,0,0,0,0,0,0,0,0,0,0,0,0
169654,10499004,-74.097551091,4.67392136900003,CL 64C-KR 69N 02,2019,Octubre,4,viernes,12,0,Engativá,Choque,Vehículo,N/A,Solo Daños,0,0,0,0,0,0,0,1,0,0,0,0,0,0,0,0,0,0,0,0,0,0
169655,10499005,-74.139273995,4.58314131899999,KR 33-CL 53B S 2,2019,Octubre,5,sábado,7,30,Tunjuelito,Choque,Vehículo,N/A,Con Heridos,0,0,0,0,0,1,0,0,0,0,0,0,0,0,0,0,0,0,0,0,0,0
169656,10499006,-74.13811237,4.63067284900001,AV AVENIDA DE LAS AMERICAS-AV AVENIDA BOYACA 2,2019,Octubre,4,viernes,20,10,Kennedy,Choque,Vehículo,N/A,Solo Daños,0,0,0,0,0,0,0,0,0,1,0,0,0,0,0,0,0,0,0,0,0,1
169657,10499007,-74.114811419,4.66305544900001,AV AVENIDA BOYACA-CL 24C 02,2019,Octubre,4,viernes,10,0,Fontibón,Choque,Vehículo,N/A,Solo Daños,0,0,0,0,0,0,0,0,0,0,0,0,0,0,0,0,0,0,0,0,0,0
169658,10499008,-74.035071879,4.69330774399998,KR 9-CL 115 2,2019,Octubre,4,viernes,11,32,Usaquén,Choque,Vehículo,N/A,Solo Daños,0,0,0,0,0,0,0,1,0,1,0,0,0,0,0,0,0,0,0,0,0,1
169659,10499009,-74.096816253,4.60278564700002,KR 27-CL 5 2,2019,Octubre,3,jueves,20,15,Los Mártires,Choque,Vehículo,N/A,Solo Daños,0,1,0,0,0,0,0,1,0,1,0,0,0,0,0,0,0,0,0,0,0,1
169660,10499010,-74.058327066,4.67788424299999,AV AVENIDA PASEO DE LOS LIBERTADORES-CL 91 02,2019,Octubre,4,viernes,1,0,Chapinero,Volcamiento,N/A,N/A,Solo Daños,0,0,0,0,0,0,0,0,0,0,0,0,0,0,0,0,0,0,0,0,0,0
169661,10499011,-74.104553753,4.75097178999999,KR 118-CL 145 02,2019,Octubre,4,viernes,8,30,Suba,Choque,Vehículo,N/A,Solo Daños,0,0,0,0,0,1,0,0,0,0,0,0,0,0,0,0,0,0,0,0,0,0
169663,10499013,-74.114270158,4.49307471100002,KR 5-CL 106G S 02,2019,Octubre,4,viernes,9,10,Usme,Choque,Vehículo,N/A,Solo Daños,0,1,0,0,0,0,0,0,0,0,0,0,0,0,0,0,0,0,0,0,0,0
169664,10499014,-74.032314411,4.72071097899999,KR 9-CL 143 2,2019,Octubre,4,viernes,3,6,Usaquén,Choque,Objeto Fijo,Tren,Solo Daños,0,0,0,0,0,0,0,0,0,0,0,0,0,0,0,0,0,0,0,0,0,0
169665,10499015,-74.0365,4.6832,KR 7-CL 103 2,2019,Octubre,4,viernes,10,15,Usaquén,Choque,Vehículo,N/A,Solo Daños,0,0,0,0,0,0,0,0,0,0,0,0,0,0,0,0,0,0,0,0,0,0
169666,10499016,N/A,N/A,KR 70C-CL 64 S 02,2019,Octubre,5,sábado,22,30,Bosa,Choque,Vehículo,N/A,Solo Daños,0,0,0,0,0,0,0,0,0,0,1,0,1,0,0,1,0,0,0,0,0,0
169667,10499017,-74.103917329,4.56550685600001,KR 10-CL 36 S 2,2019,Octubre,4,viernes,18,40,Rafael Uribe Uribe,Choque,Vehículo,N/A,Solo Daños,0,0,0,0,0,0,0,0,0,0,1,0,1,0,0,1,0,0,0,0,0,0
169668,10499018,-74.107169231,4.59813142299998,AK 30-CL 8 S 02,2019,Octubre,5,sábado,13,0,Puente Aranda,Choque,Vehículo,N/A,Solo Daños,0,1,0,0,0,0,0,0,0,0,0,0,0,0,0,0,0,0,0,0,0,0
169669,10499019,-74.071764209,4.62089605300002,CL 32-KR 16 2,2019,Octubre,4,viernes,11,10,Teusaquillo,Choque,Vehículo,N/A,Solo Daños,0,1,0,0,0,0,0,0,0,0,0,0,0,0,0,0,0,0,0,0,0,0
169670,10499020,-74.100295319,4.566775092,CL 32-KR 8 S 2,2019,Octubre,4,viernes,18,54,San Cristóbal,Choque,Vehículo,N/A,Solo Daños,0,0,0,0,0,0,0,1,0,1,0,0,0,0,0,0,0,0,0,0,0,0
169671,10499021,-74.120853267,4.58948522100002,KR 27-CL 36A S 2,2019,Octubre,5,sábado,23,0,Antonio Nariño,Atropello,N/A,N/A,Con Muertos,0,0,0,0,0,1,1,1,0,0,0,0,0,0,0,0,0,0,0,0,0,0
169672,10499022,-74.082432972,4.60162159499998,CL 10-KR 15 02,2019,Octubre,5,sábado,14,0,Los Mártires,Choque,Vehículo,N/A,Solo Daños,0,1,0,0,0,0,0,0,0,0,0,0,0,0,0,0,0,0,0,0,0,0
169673,10499023,-74.04747694,4.74419111700001,KR 45-CL 163 2,2019,Octubre,6,domingo,12,56,Usaquén,Choque,Vehículo,N/A,Solo Daños,0,0,0,0,0,0,0,0,0,0,0,0,0,0,0,0,0,0,0,0,0,0
169674,10499024,-74.055748606,4.65429557599998,KR 7-CL 71 21,2019,Octubre,4,viernes,9,15,Chapinero,Choque,Vehículo,N/A,Solo Daños,0,0,0,0,0,0,0,1,0,1,0,0,0,0,0,0,0,0,0,0,0,1
169675,10499025,-74.1451812,4.60837397799997,CL 39B-KR 72H S 2,2019,Octubre,4,viernes,9,40,Kennedy,Choque,Vehículo,N/A,Solo Daños,0,0,0,0,0,0,0,1,0,1,1,0,0,0,0,0,0,0,0,0,0,1
169676,10499026,-74.046123741,4.753150237,KR 45-CL 172 2,2019,Octubre,6,domingo,15,30,Usaquén,Choque,Vehículo,N/A,Solo Daños,0,0,0,0,0,0,0,0,0,0,0,0,0,0,0,0,0,0,0,0,0,0
169677,10499396,-74.179377684,4.59751117399998,KR 77GBIS-CL 63 S 2,2019,Octubre,9,miércoles,7,30,Bosa,Choque,Vehículo,N/A,Solo Daños,0,0,0,0,0,0,0,0,0,0,1,0,1,0,0,1,0,0,0,0,0,0
169678,10499397,-74.088699434,4.59165834100003,CL 1-KR 13A 2,2019,Octubre,9,miércoles,21,30,Santa Fe,Choque,Vehículo,N/A,Solo Daños,0,0,0,0,0,0,0,0,0,0,1,0,1,0,0,0,1,0,0,0,0,0
169679,10499398,-74.068723674,4.72978465300002,AV AVENIDA BOYACA-CL 138 02,2019,Octubre,9,miércoles,14,50,Suba,Choque,Vehículo,N/A,Solo Daños,0,0,0,0,0,0,0,1,0,1,0,0,0,0,0,0,0,0,0,0,0,1
169680,10499399,-74.07552015,4.611659035,KR 15-CL 22 2,2019,Octubre,9,miércoles,22,28,Santa Fe,Choque,Vehículo,N/A,Solo Daños,0,0,0,0,0,0,0,0,0,0,0,0,0,0,0,0,0,0,0,0,0,0
169681,10499400,-74.043854349,4.765035431,AV AVENIDA PASEO DE LOS LIBERTADORES-CL 187 02,2019,Octubre,9,miércoles,11,59,Usaquén,Choque,Vehículo,N/A,Solo Daños,0,0,0,0,0,0,0,0,0,0,0,0,0,0,0,0,0,0,0,0,0,0
169682,10499401,-74.100349101,4.68892307700003,KR 77-CL 71 2,2019,Octubre,9,miércoles,13,45,Engativá,Choque,Vehículo,N/A,Solo Daños,0,0,0,0,0,0,0,1,0,0,0,0,0,0,0,0,0,0,0,0,0,0
169683,10499402,-74.060319146,4.66108404099998,KR 15-CL 74 2,2019,Octubre,9,miércoles,6,50,Chapinero,Choque,Vehículo,N/A,Solo Daños,0,0,0,0,0,0,0,0,0,0,1,0,1,0,0,1,0,0,0,0,0,0
169684,10499403,-74.11067316,4.58867248500002,KR 27-CL 26 S 02,2019,Octubre,4,viernes,9,0,Antonio Nariño,Choque,Vehículo,N/A,Solo Daños,0,1,0,0,0,1,0,0,0,0,0,0,0,0,0,0,0,0,0,0,0,0
169685,10499404,-74.114438466,4.684195139,AK 86-CL 63 2,2019,Octubre,9,miércoles,7,5,Engativá,Choque,Vehículo,N/A,Solo Daños,0,0,0,0,0,0,0,1,0,1,0,0,0,0,0,0,0,0,0,0,0,1
169686,10499405,-74.13690535,4.615663901,CL 26-KR 70B S 02,2019,Octubre,9,miércoles,18,45,Kennedy,Choque,Vehículo,N/A,Solo Daños,0,0,0,0,0,0,0,0,0,1,1,0,1,0,0,1,0,0,0,0,0,1
169687,10499407,-74.043571843,4.71766427400001,KR 16-CL 134A 2,2019,Octubre,9,miércoles,8,18,Usaquén,Choque,Vehículo,N/A,Solo Daños,0,0,0,0,0,0,0,0,0,1,0,0,0,0,0,0,0,0,0,0,0,1
169688,10499408,-74.174204473,4.67639141799998,KR 123-CL 12A 21,2019,Octubre,9,miércoles,16,53,Fontibón,Choque,Vehículo,N/A,Solo Daños,0,1,0,0,0,0,0,0,0,0,0,0,0,0,0,0,0,0,0,0,0,0
169689,10499409,-74.132567733,4.64443840799998,AV AVENIDA BOYACA-CL 11F 37,2019,Octubre,9,miércoles,19,4,Kennedy,Choque,Vehículo,N/A,Solo Daños,0,0,0,0,0,0,0,0,0,0,0,0,0,0,0,0,0,0,0,0,0,0
169690,10499410,-74.028540984,4.74759153700001,CL 170-KR 8 2,2019,Octubre,9,miércoles,8,0,Usaquén,Choque,Vehículo,N/A,Solo Daños,0,0,0,0,0,1,0,0,0,0,1,0,1,0,0,1,0,0,0,0,0,0
169691,10499411,-74.107014103,4.55737804,CL 49Q-KR 5Z S 02,2019,Octubre,9,miércoles,16,39,Rafael Uribe Uribe,Choque,Vehículo,N/A,Solo Daños,0,0,0,0,0,0,0,0,0,0,1,0,0,0,0,0,0,0,0,0,1,0
169692,10499412,-74.03263153,4.69472418399999,KR 7-CL 117 2,2019,Octubre,9,miércoles,18,45,Usaquén,Choque,Vehículo,N/A,Solo Daños,0,0,0,0,0,0,0,0,0,0,1,0,0,0,0,0,0,0,0,0,0,0
169693,10499413,-74.115161913,4.713357336,CL 80-KR 104 2,2019,Octubre,9,miércoles,7,25,Engativá,Choque,Vehículo,N/A,Solo Daños,0,0,0,0,0,0,0,1,0,0,1,0,1,0,1,0,0,0,0,0,0,0
169694,10499414,-74.158095755,4.59633359100002,AV AVENIDA DEL SUR-AC 67 62,2019,Octubre,9,miércoles,18,47,Bosa,Choque,Vehículo,N/A,Solo Daños,0,1,0,0,0,0,0,1,0,0,0,0,0,0,0,0,0,0,0,0,0,0
169695,10499415,-74.136811377,4.55668527699999,CL 63-KR 17 S 02,2019,Octubre,9,miércoles,17,15,Ciudad Bolívar,Choque,Vehículo,N/A,Solo Daños,0,0,0,0,0,0,0,0,0,0,0,0,0,0,0,0,0,0,0,0,0,0
169696,10499416,-74.123702317,4.55998633799999,CL 51-KR 11B S 2,2019,Octubre,9,miércoles,12,59,Rafael Uribe Uribe,Choque,Vehículo,N/A,Solo Daños,0,0,0,0,0,0,0,0,0,0,0,0,0,0,0,0,0,0,0,0,0,0
169697,10499417,-74.125233442,4.64733480799998,CL 13-KR 71D 02,2019,Octubre,9,miércoles,20,0,Fontibón,Choque,Vehículo,N/A,Solo Daños,0,0,0,0,0,0,0,0,0,0,0,0,0,0,0,0,0,0,0,0,0,0
169698,10499418,-74.094986284,4.66424327700003,KR 68-CL 53 2,2019,Octubre,9,miércoles,15,0,Teusaquillo,Choque,Vehículo,N/A,Solo Daños,0,0,0,0,1,0,0,0,0,0,0,0,0,0,0,0,0,0,0,0,0,0
169699,10499419,-74.072731783,4.668339242,KR 30-CL 73 02,2019,Octubre,8,martes,17,0,Barrios Unidos,Choque,Vehículo,N/A,Solo Daños,0,0,0,0,0,0,0,0,0,0,0,0,0,0,0,0,0,0,0,0,0,0
169700,10499420,-74.0673292,4.67164812200002,KR 29-CL 79 2,2019,Octubre,9,miércoles,14,15,Barrios Unidos,Choque,Vehículo,N/A,Solo Daños,0,1,0,0,0,0,0,0,0,0,0,0,0,0,0,0,0,0,0,0,0,0
169701,10499787,-74.115304004,4.71143454899999,KR 103A-CL 78A 02,2019,Octubre,15,martes,7,30,Engativá,Choque,Vehículo,N/A,Con Heridos,1,0,0,0,0,1,0,0,0,0,0,0,0,0,0,0,0,0,0,0,0,0
169702,10499788,-74.184,4.62529999999998,KR 87D-CL 55 S 02,2019,Octubre,14,lunes,13,20,Bosa,Caida de ocupante,N/A,N/A,Con Heridos,0,0,0,1,0,0,0,0,0,0,1,0,1,0,0,1,0,0,0,0,0,0
169703,10499789,-74.094264377,4.74016996900002,CL 139-KR 101B 02,2019,Octubre,15,martes,21,10,Suba,Atropello,N/A,N/A,Con Heridos,0,0,0,0,0,0,1,0,0,0,0,0,0,0,0,0,0,0,0,0,0,0
169704,10499790,-74.163997495,4.64284512500001,CL 26-KR 89 S 38,2019,Octubre,14,lunes,13,20,Kennedy,Caida de ocupante,N/A,N/A,Con Heridos,0,0,0,0,0,0,0,0,0,0,1,0,1,0,0,1,0,0,0,0,0,0
169705,10499791,-74.118413055,4.68859429499997,CL 63-KR 93 2,2019,Octubre,15,martes,5,8,Fontibón,Choque,Vehículo,N/A,Con Heridos,1,0,0,0,0,0,0,0,0,0,1,1,1,0,0,1,0,0,0,0,0,0
169706,10499792,-74.11312083,4.59398509099998,AC 30-KR 27 S 02,2019,Octubre,12,sábado,13,45,Antonio Nariño,Choque,Vehículo,N/A,Solo Daños,0,0,0,0,0,0,0,0,0,0,0,0,0,0,0,0,0,0,0,0,0,0
169707,10499793,-74.125195937,4.64724604499997,CL 13-KR 70 02,2019,Octubre,15,martes,21,30,Fontibón,Caida de ocupante,N/A,N/A,Con Heridos,0,0,0,0,0,0,1,0,0,0,1,0,1,0,0,1,0,0,0,0,0,0
169708,10499794,-74.073684114,4.67158844300002,CL 75-KR 53 02,2019,Octubre,12,sábado,10,30,Barrios Unidos,Choque,Vehículo,N/A,Solo Daños,0,0,0,0,0,0,0,0,0,0,0,0,0,0,0,0,0,0,0,0,0,0
169709,10499795,-74.102819289,4.48600267500001,KR 1-CL 110 S 2,2019,Octubre,15,martes,7,22,Usme,Atropello,N/A,N/A,Con Heridos,0,0,0,0,0,0,1,0,0,0,0,0,0,0,0,0,0,0,0,0,0,0
169710,10499796,-74.0851,4.56979999999999,TR 5-CL 21 ES 27,2019,Octubre,12,sábado,13,38,San Cristóbal,Choque,Vehículo,N/A,Solo Daños,0,0,0,0,0,0,0,0,0,0,1,0,1,0,0,1,0,0,0,0,0,0
169711,10499797,-74.078681662,4.651843332,KR 30-CL 62 02,2019,Octubre,12,sábado,13,39,Teusaquillo,Choque,Vehículo,N/A,Solo Daños,0,0,0,0,0,1,0,0,0,0,0,0,0,0,0,0,0,0,0,0,0,0
169712,10499798,-74.100225256,4.567985271,CL 31-KR 9 S 2,2019,Octubre,12,sábado,19,35,San Cristóbal,Choque,Vehículo,N/A,Solo Daños,0,0,0,0,0,0,0,0,0,1,0,0,0,0,0,0,0,0,0,0,0,1
169713,10499799,N/A,N/A,KR 71-DG 21BIS 2,2019,Octubre,12,sábado,8,20,Fontibón,Choque,Vehículo,N/A,Solo Daños,0,0,0,0,0,0,0,0,0,1,1,0,0,0,0,0,0,0,0,0,0,1
169714,10499800,-74.105168148,4.62720796999997,AV AVENIDA DE LAS AMERICAS-KR 49 02,2019,Octubre,12,sábado,14,10,Puente Aranda,Choque,Vehículo,N/A,Solo Daños,0,0,0,0,0,0,0,0,0,1,0,0,0,0,0,0,0,0,0,0,0,1
169715,10499801,-74.03778442,4.70234160299998,CL 124-KR 11D 02,2019,Octubre,13,domingo,11,25,Usaquén,Volcamiento,N/A,N/A,Con Heridos,0,0,0,0,0,0,0,0,0,0,0,0,0,0,0,0,0,0,0,0,0,0
169716,10499802,-74.125084078,4.67229141000001,KR 86-CL 24 02,2019,Octubre,12,sábado,13,6,Fontibón,Choque,Vehículo,N/A,Solo Daños,0,1,0,0,0,0,0,0,0,0,0,0,0,0,0,0,0,0,0,0,0,0
169717,10499803,-74.118146965,4.745129308,CL 132D-KR 147 02,2019,Octubre,13,domingo,9,0,Suba,Choque,Vehículo,N/A,Solo Daños,0,0,0,0,0,0,0,0,0,0,0,0,0,0,0,0,0,0,0,0,0,0
169718,10499804,-74.127138976,4.649710051,CL 13-KR 72 02,2019,Octubre,12,sábado,17,50,Fontibón,Choque,Vehículo,N/A,Solo Daños,0,0,0,0,0,1,0,0,0,0,0,0,0,0,0,0,0,0,0,0,0,0
169719,10499805,-74.073684114,4.67158844300002,CL 75-KR 53 2,2019,Octubre,12,sábado,13,10,Barrios Unidos,Choque,Vehículo,N/A,Solo Daños,0,0,0,0,0,1,0,0,0,0,0,0,0,0,0,0,0,0,0,0,0,0
169720,10499806,-74.023444978,4.76000625099999,CL 182C-KR 3A 02,2019,Octubre,13,domingo,18,17,Usaquén,Choque,Vehículo,N/A,Solo Daños,1,0,1,0,0,0,0,1,0,0,0,0,0,0,0,0,0,0,0,0,0,0
169721,10499807,-74.056604055,4.722581193,CL 135-KR 52A 02,2019,Octubre,12,sábado,7,10,Suba,Choque,Vehículo,N/A,Solo Daños,0,0,0,0,0,0,0,1,0,0,0,0,0,0,0,0,0,0,0,0,0,0
169722,10499808,-74.04780698,4.68709070400001,CL 102-KR 15 02,2019,Octubre,13,domingo,18,51,Usaquén,Choque,Vehículo,N/A,Solo Daños,0,0,0,0,0,0,0,0,0,0,1,0,1,0,0,1,0,0,0,0,0,0
169723,10499809,-74.106698744,4.69461610600001,AV AVENIDA CIUDAD DE CALI-CL 71A 72,2019,Octubre,12,sábado,20,30,Engativá,Choque,Vehículo,N/A,Solo Daños,0,0,0,0,0,0,0,0,0,0,0,0,0,0,0,0,0,0,0,0,0,0
169724,10499810,-74.057214005,4.68739177499998,KR 45-CL 100 02,2019,Octubre,13,domingo,7,51,Usaquén,Choque,Vehículo,N/A,Solo Daños,0,0,0,0,0,0,0,0,0,0,0,0,0,0,0,0,0,0,0,0,0,0
169725,10499811,-74.093497327,4.697545139,CL 80-KR 76 2,2019,Octubre,12,sábado,8,7,Engativá,Choque,Vehículo,N/A,Solo Daños,0,0,0,0,0,0,0,0,0,0,0,0,0,0,0,0,0,0,0,0,0,0
169726,10500177,-74.086427155,4.58682655799998,KR 10-CL 2 S 2,2019,Octubre,18,viernes,12,10,Rafael Uribe Uribe,Caida de ocupante,N/A,N/A,Con Heridos,0,0,0,0,0,0,0,1,0,0,1,0,1,0,0,1,0,0,0,0,0,0
169727,10500178,-74.0845,4.67250000000001,KR 62-CL 67D 02,2019,Octubre,18,viernes,15,50,Barrios Unidos,Choque,Vehículo,N/A,Solo Daños,0,0,0,0,0,0,0,0,0,0,1,0,0,0,0,0,0,0,0,0,1,0
169728,10500179,-74.190040917,4.63324163499999,CL 56F-KR 91D S 05,2019,Octubre,17,jueves,1,20,Bosa,Atropello,N/A,N/A,Con Heridos,0,0,0,0,0,0,1,0,0,0,0,0,0,0,0,0,0,0,0,0,0,0
169729,10500180,-74.108622494,4.69788169100002,CL 72-KR 90 02,2019,Octubre,17,jueves,11,35,Engativá,Atropello,N/A,N/A,Con Heridos,0,0,0,0,0,1,1,0,0,0,0,0,0,0,0,0,0,0,0,0,0,0
169730,10500181,-74.138200081,4.62442110699999,AV AVENIDA BOYACA-CL 2A S 2,2019,Octubre,19,sábado,1,20,Kennedy,Choque,Vehículo,N/A,Solo Daños,0,1,0,0,0,0,0,0,0,0,0,0,0,0,0,0,0,0,0,0,1,0
169731,10500182,N/A,N/A,TR 60-DG 5B S 2,2019,Octubre,18,viernes,7,20,Tunjuelito,Choque,Vehículo,N/A,Solo Daños,0,1,0,0,0,0,0,0,0,0,1,0,1,0,0,1,0,0,0,0,1,0
169732,10500183,-74.029788471,4.74253780999999,CL 165-KR 8G 02,2019,Octubre,17,jueves,13,56,Usaquén,Atropello,N/A,N/A,Con Heridos,0,0,0,0,0,1,1,0,0,0,0,0,0,0,0,0,0,0,0,0,0,0
169733,10500185,-74.075237092,4.60807064300002,KR 13-CL 19 2,2019,Octubre,18,viernes,23,10,Santa Fe,Choque,Vehículo,N/A,Solo Daños,0,0,0,0,0,0,0,0,0,0,1,0,1,0,0,1,0,0,0,0,0,0
169734,10500186,-74.075365814,4.61396965199998,CL 24-KR 17 02,2019,Octubre,18,viernes,15,20,Los Mártires,Choque,Vehículo,N/A,Solo Daños,0,1,0,0,0,0,0,0,0,0,0,0,0,0,0,0,0,0,0,0,0,0
169735,10500187,-74.058813392,4.65714915400002,KR 11-CL 72 2,2019,Octubre,17,jueves,13,9,Chapinero,Choque,Vehículo,N/A,Solo Daños,0,0,0,0,0,0,0,1,0,1,0,0,0,0,0,0,0,0,0,0,0,1
169736,10500188,-74.108639331,4.66939529500002,AV AVENIDA BOYACA-CL 51 2,2019,Octubre,18,viernes,19,26,Engativá,Choque,Vehículo,N/A,Solo Daños,0,0,0,0,0,0,0,0,0,0,1,0,0,0,0,0,0,0,0,0,0,0
169737,10500189,-74.188675492,4.617969528,AV AVENIDA CIUDAD DE CALI-CL 62 S 02,2019,Octubre,18,viernes,19,20,Bosa,Choque,Vehículo,N/A,Solo Daños,0,0,0,0,0,0,0,0,0,0,0,0,0,0,0,0,0,0,0,0,0,0
169738,10500190,-74.151504806,4.57189815700002,KR 38-CL 62 S 2,2019,Octubre,18,viernes,21,15,Tunjuelito,Choque,Vehículo,N/A,Solo Daños,0,0,0,0,0,0,0,0,0,1,0,0,0,0,0,0,0,0,0,0,1,1
169739,10500191,-74.097295941,4.58945060299999,KR 19-CL 10 S 2,2019,Octubre,18,viernes,17,24,Antonio Nariño,Choque,Vehículo,N/A,Solo Daños,0,0,0,0,0,1,0,0,0,0,0,0,0,0,0,0,0,0,0,0,0,0
169740,10500192,-74.059849591,4.65783099200002,CL 72-KR 12 02,2019,Octubre,18,viernes,16,0,Chapinero,Choque,Vehículo,N/A,Solo Daños,0,0,0,0,0,0,0,1,0,0,1,0,0,0,0,0,0,0,0,0,0,0
169741,10500193,-74.091939764,4.74410761799999,KR 101-CL 145 2,2019,Octubre,18,viernes,7,57,Suba,Choque,Vehículo,N/A,Solo Daños,0,0,0,0,0,0,0,0,0,0,0,0,0,0,0,0,0,0,0,0,1,0
169742,10500194,-74.096393158,4.73204836899998,CL 130DBIS-KR 100A 2,2019,Octubre,18,viernes,5,50,Suba,Choque,Vehículo,N/A,Solo Daños,0,0,0,0,0,0,0,0,0,1,0,0,0,0,0,0,0,0,0,0,0,1
169743,10500195,-74.086220687,4.56910236099998,CL 22BIS-KR 2 SE 02,2019,Octubre,18,viernes,15,10,San Cristóbal,Choque,Vehículo,N/A,Solo Daños,0,1,0,0,0,0,0,0,0,0,0,0,0,0,0,0,0,0,0,0,0,0
169744,10500196,-74.118936522,4.531057691,CL 67A-KR 11 S 2,2019,Octubre,18,viernes,23,10,Usme,Atropello,N/A,N/A,Con Heridos,0,0,0,0,0,0,1,0,0,0,1,0,1,1,0,0,0,0,0,1,0,0
169745,10500199,-74.0835187,4.63078257799998,CL 26-KR 33A 02,2019,Octubre,18,viernes,7,40,Teusaquillo,Choque,Vehículo,N/A,Solo Daños,0,1,0,0,0,0,0,0,0,0,0,0,0,0,0,0,0,0,0,0,0,0
169746,10500200,-74.104752181,4.70458191199998,CL 80-KR 90 2,2019,Octubre,18,viernes,8,30,Engativá,Choque,Vehículo,N/A,Solo Daños,0,1,0,0,0,0,0,0,0,0,0,0,0,0,0,0,0,0,0,0,0,0
169747,10500201,-74.145523634,4.59368153700001,AV AVENIDA BOYACA-DG 47A S 2,2019,Octubre,19,sábado,2,47,Tunjuelito,Choque,Vehículo,N/A,Solo Daños,0,1,0,0,0,0,0,0,0,1,0,0,0,0,0,0,0,0,0,0,0,1
169748,10500202,-74.120760281,4.602583649,AV AVENIDA PRIMERA DE MAYO-KR 50 02,2019,Octubre,16,miércoles,17,50,Puente Aranda,Choque,Vehículo,N/A,Solo Daños,0,0,0,0,0,1,0,0,0,1,0,0,0,0,0,0,0,0,0,0,0,1
169749,10500203,-74.089791057,4.61983644700001,CL 19-KR 32 2,2019,Octubre,20,domingo,18,48,Puente Aranda,Choque,Vehículo,N/A,Con Muertos,0,1,0,0,0,1,0,0,0,0,1,0,1,0,0,0,1,0,0,0,0,0
169750,10500576,-74.054640006,4.70753944099999,AC 127-KR 45 51,2019,Octubre,22,martes,8,0,Usaquén,Choque,Vehículo,N/A,Solo Daños,0,1,0,0,0,0,0,0,0,0,0,0,0,0,0,0,0,0,0,0,0,0
169751,10500577,-74.071696516,4.62100751999998,KR 16-CL 32 02,2019,Octubre,22,martes,10,10,Teusaquillo,Choque,Vehículo,N/A,Solo Daños,0,0,0,0,0,0,0,0,0,0,1,0,1,0,0,1,0,0,0,0,0,0
169752,10500578,-74.116733265,4.68159484799997,AV AVENIDA CIUDAD DE CALI-AC 52A 2,2019,Octubre,22,martes,19,13,Engativá,Choque,Vehículo,N/A,Solo Daños,0,1,0,0,0,0,0,1,0,0,0,0,0,0,0,0,0,0,0,0,0,0
169753,10500579,-74.0986,4.69330000000002,KR 77-CL 74 2,2019,Octubre,22,martes,15,35,Engativá,Choque,Vehículo,N/A,Solo Daños,0,0,0,0,0,0,0,1,0,1,0,0,0,0,0,0,0,0,0,0,0,1
169754,10500580,-74.044022348,4.669473611,AV AVENIDA CIRCUNVALAR-CL 88 09,2019,Octubre,22,martes,11,58,Chapinero,Choque,Objeto Fijo,Objeto Fijo,Solo Daños,0,0,0,0,0,0,0,0,0,0,0,0,0,0,0,0,0,0,0,0,0,0
169755,10500581,-74.051847394,4.72092381099998,KR 45-CL 135 02,2019,Octubre,22,martes,10,0,Usaquén,Choque,Vehículo,N/A,Solo Daños,0,1,0,0,0,0,0,0,0,0,0,0,0,0,0,0,0,0,0,0,0,0
169756,10500583,-74.106040701,4.62876189799999,KR 50-CL 15 02,2019,Octubre,22,martes,12,10,Puente Aranda,Choque,Vehículo,N/A,Solo Daños,0,1,0,0,0,0,0,0,0,0,0,0,0,0,0,0,0,0,0,0,0,0
169757,10500584,-74.100239764,4.63604219799998,CL 22BIS-KR 50 2,2019,Octubre,22,martes,19,40,Teusaquillo,Choque,Vehículo,N/A,Solo Daños,0,0,0,0,0,0,0,1,0,0,0,0,0,0,0,0,0,0,0,0,0,0
169758,10500585,-74.051377921,4.75249375999999,CL 170-KR 52 02,2019,Octubre,22,martes,7,15,Suba,Choque,Vehículo,N/A,Solo Daños,0,0,0,0,0,0,0,0,0,0,1,0,0,0,0,0,0,0,0,0,1,0
169759,10500586,-74.121087946,4.63256471900002,KR 68-CL 10 02,2019,Octubre,22,martes,6,51,Puente Aranda,Choque,Vehículo,N/A,Solo Daños,1,0,0,0,0,0,0,0,0,0,0,0,0,0,0,0,0,0,0,0,0,0
169760,10500587,-74.04747694,4.74419111700001,KR 45-CL 163 2,2019,Octubre,22,martes,21,0,Usaquén,Choque,Vehículo,N/A,Solo Daños,0,0,0,0,0,0,0,0,0,0,0,0,0,0,0,0,0,0,0,0,1,0
169761,10500588,-74.172642928,4.67777542800002,CL 13-KR 123 02,2019,Octubre,23,miércoles,4,55,Fontibón,Choque,Vehículo,N/A,Solo Daños,0,0,0,0,0,0,0,0,0,0,0,0,0,0,0,0,0,0,0,0,0,0
169762,10500589,-74.169188195,4.57682972399999,TR 73B-CL 75A S 2,2019,Octubre,22,martes,21,50,Ciudad Bolívar,Volcamiento,N/A,N/A,Con Heridos,0,0,0,0,0,1,0,0,0,0,0,0,0,0,0,0,0,0,0,0,0,0
169763,10500590,-74.188483925,4.62058456099999,TR 86B-CL 60 S 52,2019,Octubre,23,miércoles,0,30,Bosa,Choque,Vehículo,N/A,Solo Daños,0,0,0,0,0,0,0,0,0,1,0,0,0,0,0,0,0,0,0,0,0,1
169764,10500591,-74.079645719,4.63087587299998,KR 30-CL 40 2,2019,Octubre,22,martes,13,30,Barrios Unidos,Choque,Vehículo,N/A,Solo Daños,0,0,0,0,0,0,0,1,0,0,0,0,0,0,0,0,0,0,0,0,0,0
169766,10500593,-74.07003502,4.65063515200001,CL 63-KR 20 2,2019,Octubre,22,martes,13,30,Barrios Unidos,Choque,Vehículo,N/A,Solo Daños,0,0,0,0,0,1,0,0,0,1,0,0,0,0,0,0,0,0,0,0,0,1
169767,10500594,-74.099841347,4.589264985,KR 24-CL 13 S 2,2019,Octubre,22,martes,11,40,Antonio Nariño,Choque,Vehículo,N/A,Solo Daños,0,0,0,0,0,0,0,0,0,1,0,0,0,0,0,0,0,0,0,0,0,1
169768,10500595,-74.042172064,4.77520926599999,KR 45-CL 195 2,2019,Octubre,21,lunes,0,0,Usaquén,Choque,Vehículo,N/A,Solo Daños,0,0,0,0,0,0,0,0,0,1,0,0,0,0,0,0,0,0,0,0,0,1
169769,10500596,-74.168412645,4.68066994399999,KR 123-CL 14 2,2019,Octubre,22,martes,21,0,Fontibón,Volcamiento,N/A,N/A,Solo Daños,0,0,0,0,0,1,0,0,0,0,0,0,0,0,0,0,0,0,0,0,0,0
169770,10500597,-74.102752615,4.66950434099999,KR 70-CL 53 73,2019,Octubre,23,miércoles,5,35,Engativá,Choque,Vehículo,N/A,Con Muertos,0,0,0,0,0,1,0,0,0,0,1,0,1,0,0,1,0,0,0,0,0,0
169771,10500598,-74.104688113,4.69820816700002,CL 74-KR 86 2,2019,Octubre,16,miércoles,8,0,Engativá,Choque,Vehículo,N/A,Solo Daños,0,0,0,0,0,0,0,0,0,1,0,0,0,0,0,0,0,0,0,0,0,1
169772,10500599,-74.122013738,4.72265751999998,CL 80-KR 115 2,2019,Octubre,21,lunes,17,30,Engativá,Choque,Vehículo,N/A,Solo Daños,0,1,0,0,0,0,0,0,0,0,0,0,0,0,0,0,0,0,0,0,0,0
169773,10500600,-74.049,4.66469999999998,KR 7A-CL 84A 66,2019,Octubre,21,lunes,19,30,Chapinero,Choque,Vehículo,N/A,Solo Daños,0,0,0,0,0,0,0,0,0,1,1,0,0,0,0,0,0,0,0,0,1,1
169774,10500601,-74.112699856,4.724119282,KR 111C-CL 86A 02,2019,Octubre,21,lunes,14,40,Engativá,Choque,Vehículo,N/A,Solo Daños,0,0,0,0,0,0,0,0,0,0,1,0,1,0,0,1,0,0,0,0,0,0
169775,10500983,-74.068232388,4.603223684,CL 19-KR 3 02,2019,Octubre,25,viernes,14,0,Santa Fe,Choque,Vehículo,N/A,Solo Daños,0,0,0,0,0,0,0,0,0,0,1,0,1,0,0,1,0,0,0,0,0,0
169776,10500984,-74.046905621,4.66373724200002,KR 1-CL 84B 2,2019,Octubre,25,viernes,8,10,Chapinero,Choque,Vehículo,N/A,Solo Daños,0,0,0,0,0,0,0,0,0,0,0,0,0,0,0,0,0,0,0,0,0,0
169777,10500985,-74.127471827,4.71254590199999,CL 72-KR 111C 02,2019,Octubre,25,viernes,15,50,Engativá,Choque,Vehículo,N/A,Solo Daños,0,1,0,0,0,1,0,0,0,0,0,0,0,0,0,0,0,0,0,0,0,0
169778,10500986,-74.076589199,4.65184914999998,CL 63-KR 28A 2,2019,Octubre,25,viernes,20,14,Barrios Unidos,Choque,Vehículo,N/A,Solo Daños,0,0,0,0,0,0,0,1,0,0,0,0,0,0,0,0,0,0,0,0,0,0
169779,10500987,-74.04287772,4.66598149599997,KR 2B-CL 87D 23,2019,Octubre,27,domingo,14,30,Usaquén,Choque,Vehículo,N/A,Con Heridos,0,0,0,0,0,1,0,0,0,0,0,1,0,0,0,0,0,0,0,0,0,0
169780,10500988,-74.14701883,4.64926994199999,KR 86-CL 10 02,2019,Octubre,28,lunes,6,10,Kennedy,Choque,Vehículo,N/A,Con Heridos,0,1,0,0,0,1,0,0,0,0,0,0,0,0,0,0,0,0,0,0,0,0
169781,10500989,-74.138876269,4.56706917499997,AV AVENIDA CIUDAD DE VILLAVICENCIO-KR 19C 2,2019,Octubre,28,lunes,8,30,Ciudad Bolívar,Choque,Vehículo,N/A,Con Heridos,1,0,0,0,0,1,0,0,0,0,0,0,0,0,0,0,0,0,0,0,0,0
169782,10500990,-74.094986284,4.66424327700003,KR 68-CL 53 02,2019,Octubre,28,lunes,22,10,Teusaquillo,Atropello,N/A,N/A,Con Heridos,0,0,0,0,0,1,1,0,0,0,0,0,0,0,0,0,0,0,0,0,0,0
169783,10500991,-74.074533397,4.64185941300002,CL 53-KR 25 2,2019,Octubre,28,lunes,9,30,Teusaquillo,Choque,Vehículo,N/A,Con Heridos,0,0,0,0,0,1,0,0,0,0,0,0,0,0,0,0,0,0,0,0,0,0
169784,10500992,-74.132915535,4.62968748399999,AV AVENIDA DE LAS AMERICAS-KR 71 02,2019,Octubre,25,viernes,0,30,Kennedy,Choque,Vehículo,N/A,Con Heridos,1,0,1,0,0,0,0,0,0,0,0,0,0,0,0,0,0,0,0,0,0,0
169785,10500993,-74.109187046,4.51106010699999,CL 77BIS-KR 6 S 2,2019,Octubre,28,lunes,19,0,Usme,Choque,Vehículo,N/A,Con Heridos,0,0,0,0,0,1,0,0,0,0,1,0,0,0,0,0,0,0,0,0,1,0
169786,10500994,-74.061358245,4.71641983000001,CL 129-KR 53D 2,2019,Octubre,28,lunes,6,35,Suba,Choque,Vehículo,N/A,Con Heridos,1,0,0,0,0,0,0,0,0,0,0,0,0,0,0,0,0,0,0,0,0,0
169787,10500995,-74.184754162,4.59842394600003,CL 65G-KR 77J S 2,2019,Octubre,28,lunes,22,30,Bosa,Choque,Vehículo,N/A,Con Heridos,0,0,0,0,0,1,0,0,0,0,0,0,0,0,0,0,0,0,0,0,0,0
169788,10500996,-74.0852,4.73970000000003,KR 90-CL 146 02,2019,Octubre,27,domingo,12,6,Suba,Choque,Vehículo,N/A,Con Heridos,0,0,0,0,0,1,0,1,0,0,0,0,0,0,0,0,0,0,0,0,0,0
169789,10500997,-74.120265218,4.53361981199998,AV AVENIDA CARACAS-CL 65 S 2,2019,Octubre,28,lunes,9,58,Usme,Choque,Vehículo,N/A,Con Heridos,1,0,0,0,0,0,0,0,0,1,0,0,0,0,0,0,0,0,0,0,0,1
169790,10500998,-74.12974494,4.59375067299999,CL 45A-KR 50A S 91,2019,Octubre,28,lunes,5,45,Tunjuelito,Choque,Vehículo,N/A,Con Heridos,1,0,0,0,0,0,0,0,0,0,0,0,0,0,0,0,0,0,0,0,0,0
169791,10500999,-74.028271796,4.73853340199997,KR 8C-CL 162 2,2019,Octubre,28,lunes,5,45,Usaquén,Choque,Vehículo,N/A,Con Heridos,1,0,0,0,0,0,0,0,0,0,0,0,0,0,0,0,0,0,0,0,0,0
169792,10501000,-74.10560125,4.56544105099999,KR 10-CL 36B S 2,2019,Octubre,28,lunes,5,45,Rafael Uribe Uribe,Choque,Vehículo,N/A,Con Heridos,0,0,0,1,0,1,0,0,0,0,0,0,0,0,0,0,0,0,0,0,0,0
169793,10501001,-74.148938588,4.60926177699997,CL 40C-KR 72KBISA S 2,2019,Octubre,28,lunes,21,27,Kennedy,Choque,Vehículo,N/A,Con Heridos,0,0,0,0,0,1,0,0,0,0,0,0,0,0,0,0,0,0,0,0,0,0
169794,10501003,-74.11146892,4.55602272300001,CL 48L-KR 5H S 02,2019,Octubre,27,domingo,19,21,Rafael Uribe Uribe,Atropello,N/A,N/A,Con Heridos,0,0,0,0,1,1,1,0,0,0,0,0,0,0,0,0,0,0,0,0,0,0
169795,10501004,-74.075818185,4.62414682999997,AC 34-KR 24 05,2019,Octubre,28,lunes,16,0,Teusaquillo,Caida de ocupante,N/A,N/A,Con Heridos,0,0,0,0,0,0,0,0,0,0,1,0,1,0,0,1,0,0,0,0,0,0
169796,10501005,-74.085188905,4.62874648799999,CL 25B-KR 33 2,2019,Octubre,28,lunes,12,55,Teusaquillo,Caida de ocupante,N/A,N/A,Con Heridos,0,0,0,1,0,0,0,1,0,0,1,0,1,0,0,1,0,0,0,0,0,0
169797,10501006,-74.07205172,4.58004664499998,KR 8B-CL 1A E 22,2019,Octubre,27,domingo,14,1,Santa Fe,Atropello,N/A,N/A,Con Heridos,0,0,0,0,0,0,1,1,0,1,0,0,0,0,0,0,0,0,0,0,0,1
169798,10501007,-74.032035739,4.73037758100003,KR 9-CL 152A 2,2019,Octubre,28,lunes,19,17,Usaquén,Otro,N/A,N/A,Con Heridos,0,0,0,0,0,0,0,0,0,0,1,0,1,0,0,1,0,0,0,0,0,0
169799,10501009,-74.0258,4.75869999999998,KR 7-CL 181 02,2019,Octubre,25,viernes,18,34,Usaquén,Choque,Vehículo,N/A,Solo Daños,0,1,0,0,0,0,0,0,0,0,1,0,1,0,0,1,0,0,0,0,0,0
169800,10501384,-74.176247805,4.57744470300003,TR 75I-CL 75C S 50,2019,Octubre,28,lunes,10,0,Ciudad Bolívar,Choque,Objeto Fijo,Muro,Solo Daños,0,0,0,0,0,0,0,0,0,0,0,0,0,0,0,0,0,0,0,0,0,0
169801,10501385,-74.095804714,4.74725036799998,KR 104-CL 145 02,2019,Octubre,30,miércoles,19,30,Suba,Choque,Vehículo,N/A,Solo Daños,0,0,0,0,0,0,0,0,0,0,1,0,1,1,0,0,0,0,0,1,0,0
169802,10501386,-74.139560493,4.60964524299999,KR 69-CL 37D S 02,2019,Octubre,29,martes,16,0,Kennedy,Choque,Vehículo,N/A,Solo Daños,0,1,0,0,0,0,0,1,0,0,0,0,0,0,0,0,0,0,0,0,0,0
169803,10501387,-74.030339353,4.76622887000002,KR 8D-CL 189 02,2019,Octubre,30,miércoles,15,0,Usaquén,Choque,Vehículo,N/A,Solo Daños,0,0,0,0,0,0,0,0,0,0,0,0,0,0,0,0,0,0,0,0,0,0
169804,10501388,-74.081074371,4.59512095299999,KR 10-CL 6 02,2019,Octubre,29,martes,13,17,Santa Fe,Choque,Vehículo,N/A,Solo Daños,0,0,0,0,0,0,0,0,0,0,1,0,1,0,0,1,0,0,0,0,0,0
169805,10501389,-74.047860214,4.68566621100001,KR 15-CL 100 02,2019,Octubre,30,miércoles,8,32,Usaquén,Choque,Vehículo,N/A,Solo Daños,0,0,0,0,0,0,0,0,0,0,0,0,0,0,0,0,0,0,0,0,0,0
169806,10501390,-74.062447569,4.64142219000001,AK 7-CL 55 2,2019,Octubre,29,martes,10,31,Chapinero,Choque,Vehículo,N/A,Solo Daños,0,0,0,0,0,0,0,0,0,1,0,0,0,0,0,0,0,0,0,0,0,1
169807,10501391,-74.063620306,4.64891731500001,KR 13-CL 62 02,2019,Octubre,29,martes,14,40,Chapinero,Choque,Vehículo,N/A,Solo Daños,0,0,0,0,0,0,0,0,0,0,1,0,1,0,0,1,0,0,0,0,0,0
169808,10501392,-74.075305822,4.66508056499998,KR 30-CL 70 02,2019,Octubre,30,miércoles,11,50,Barrios Unidos,Choque,Vehículo,N/A,Solo Daños,0,1,0,0,0,0,0,0,0,0,0,0,0,0,0,0,0,0,0,0,0,0
169809,10501393,-74.096271455,4.60869140199998,KR 30-CL 8 02,2019,Octubre,29,martes,8,15,Los Mártires,Choque,Vehículo,N/A,Solo Daños,0,0,0,0,0,1,0,0,0,0,0,0,0,0,0,0,0,0,0,0,0,0
169810,10501394,-74.046726893,4.75151613600002,CL 170-KR 45 02,2019,Octubre,30,miércoles,8,50,Usaquén,Choque,Vehículo,N/A,Solo Daños,0,0,0,0,0,0,0,0,0,1,0,0,0,0,0,0,0,0,0,0,0,1
169811,10501395,-74.055914087,4.69387615300002,KR 45-CL 106 2,2019,Octubre,29,martes,12,30,Usaquén,Choque,Vehículo,N/A,Solo Daños,0,0,0,0,0,1,0,0,0,0,0,0,0,0,0,0,0,0,0,0,0,0
169812,10501396,-74.03895313,4.68880235300003,KR 8A-CL 108 02,2019,Octubre,30,miércoles,12,50,Usaquén,Choque,Vehículo,N/A,Solo Daños,0,0,0,0,0,0,0,0,0,0,0,0,0,0,0,0,0,0,0,0,0,0
169813,10501397,-74.136253965,4.59871492000002,CL 39F-KR 68 S 71,2019,Octubre,29,martes,11,30,Kennedy,Choque,Vehículo,N/A,Solo Daños,0,1,0,0,0,0,0,0,0,0,0,0,0,0,0,0,0,0,0,0,0,0
169814,10501398,-74.1314519,4.68976792900003,CL 26-KR 103 2,2019,Octubre,29,martes,7,58,Fontibón,Choque,Vehículo,N/A,Solo Daños,0,1,0,0,0,0,0,1,0,0,0,0,0,0,0,0,0,0,0,0,0,0
169815,10501399,-74.138741515,4.56207346399998,KR 19-CL 60A S 02,2019,Octubre,30,miércoles,8,21,Ciudad Bolívar,Choque,Vehículo,N/A,Solo Daños,0,0,0,0,0,0,0,0,0,0,0,0,0,0,0,0,0,0,0,0,0,0
169816,10501400,-74.029348032,4.71639521899999,CL 140-KR 7 02,2019,Octubre,29,martes,9,10,Usaquén,Choque,Vehículo,N/A,Solo Daños,0,0,0,0,0,1,0,1,0,1,0,0,0,0,0,0,0,0,0,0,0,1
169817,10501401,-74.057214005,4.68739177499998,KR 45-CL 100 02,2019,Octubre,30,miércoles,5,40,Usaquén,Volcamiento,N/A,N/A,Con Heridos,0,0,0,0,0,0,0,0,0,0,0,0,0,0,0,0,0,0,0,0,0,0
169818,10501402,-74.091206024,4.538197314,KR 10-CL 52A ES 26,2019,Octubre,30,miércoles,14,30,San Cristóbal,Atropello,N/A,N/A,Con Muertos,0,0,0,0,0,1,1,1,0,0,0,0,0,0,0,0,0,0,0,0,0,0
169819,10501403,-74.157929288,4.60030051000001,CL 57-KR 67 S 02,2019,Octubre,30,miércoles,7,23,Ciudad Bolívar,Choque,Vehículo,N/A,Solo Daños,0,1,0,0,0,0,0,0,0,0,0,0,0,0,0,0,0,0,0,0,0,0
169820,10501404,-74.123266004,4.70236643200002,KR 105F-CL 69 2,2019,Octubre,29,martes,15,30,Engativá,Atropello,N/A,N/A,Con Heridos,0,0,0,0,1,1,1,0,0,0,0,0,0,0,0,0,0,0,0,0,0,0
169821,10501405,-74.165099351,4.56795824300002,KR 42-CL 74ABIS S 02,2019,Octubre,30,miércoles,10,0,Ciudad Bolívar,Choque,Vehículo,N/A,Solo Daños,0,1,0,0,0,0,0,0,0,0,0,0,0,0,0,0,0,0,0,0,0,0
169822,10501406,-74.122527959,4.629196847,AV AVENIDA DE LAS AMERICAS-KR 68 2,2019,Octubre,29,martes,22,30,Kennedy,Choque,Vehículo,N/A,Con Heridos,1,0,0,0,0,0,0,0,0,1,0,0,0,0,0,0,0,0,0,0,0,1
169823,10501407,-74.108608143,4.58974355200002,KR 27-CL 19 S 55,2019,Octubre,30,miércoles,9,10,Antonio Nariño,Choque,Vehículo,N/A,Solo Daños,0,0,0,0,0,1,0,0,0,0,0,0,0,0,0,0,0,0,0,0,0,0
169824,10501408,-74.124108472,4.71175877299999,CL 73-KR 110 02,2019,Octubre,31,jueves,19,20,Engativá,Choque,Vehículo,N/A,Con Heridos,0,0,0,0,0,1,1,1,0,0,0,0,0,0,0,0,0,0,0,0,0,0
170435,10504982,-74.080236901,4.59672171800003,KR 10-CL 7A 02,2019,Octubre,23,miércoles,11,50,Candelaria,Choque,Vehículo,N/A,Solo Daños,0,0,0,0,0,0,0,0,0,0,0,0,0,0,0,0,0,0,0,0,0,0
171802,10507855,-74.124143936,4.69463935900001,CL 63-KR 103 2,2019,Octubre,19,sábado,4,40,Engativá,Atropello,N/A,N/A,Con Muertos,0,0,0,0,0,0,1,0,0,0,0,0,0,0,0,0,0,0,0,0,0,0
174003,10505611,-74.078108544,4.600165156,KR 10-CL 11 2,2019,Octubre,14,lunes,1,58,Candelaria,Choque,Objeto Fijo,Vehiculo,Con Heridos,0,0,0,0,0,0,0,0,0,1,1,0,1,0,0,1,0,0,0,0,0,1
175472,10504125,-74.071026768,4.618598674,AV AVENIDA CARACAS-CL 31 02,2019,Octubre,16,miércoles,19,3,Santa Fe,Choque,Vehículo,N/A,Con Heridos,1,0,0,0,0,0,0,0,0,0,0,0,0,0,0,0,0,0,0,0,0,0
175635,10506914,-74.122838532,4.52051386699998,KR 14V-DG 69F S 2,2019,Octubre,23,miércoles,20,30,Usme,Choque,Vehículo,N/A,Solo Daños,0,1,0,0,0,0,0,0,0,1,0,0,0,0,0,0,0,0,0,0,0,1
194980,10582115,-74.145,4.593,AV AVENIDA BOYACA - CL 49  S 02,2022,Octubre,1,sábado,4,30,Tunjuelito,Choque,Objeto Fijo,Vehiculo Estacionado,Con Heridos,0,0,0,0,0,0,0,0,0,0,0,0,0,0,0,0,0,0,0,0,0,0
194981,10582365,-74.121,4.581,KR 24  - CL 40  S 02,2022,Octubre,6,jueves,15,50,Rafael Uribe Uribe,Choque,Vehículo,N/A,Con Heridos,0,0,0,0,0,0,0,1,0,0,0,0,0,0,0,0,0,0,0,0,0,0
194982,10582366,-74.16,4.58,KR 51  - CL 68 F  S 02,2022,Octubre,7,viernes,9,14,Ciudad Bolívar,Atropello,N/A,N/A,Con Muertos,0,0,0,0,0,1,1,0,0,0,0,0,0,0,0,0,0,0,0,0,0,0
194983,10582372,-74.097,4.7,CL 80  - KR 81   02,2022,Octubre,7,viernes,8,30,Engativá,Atropello,N/A,N/A,Con Heridos,0,0,0,0,0,1,1,0,0,0,0,0,0,0,0,0,0,0,0,0,0,0
194984,10582389,-74.035,4.82,AU NORTE - CL 245   02,2022,Octubre,7,viernes,6,40,Usaquén,Choque,Vehículo,N/A,Con Heridos,0,1,0,0,0,1,0,0,0,0,0,0,0,0,0,0,0,0,0,0,0,0
194985,10582396,-74.087,4.525,KR 15  E- CL 64 A  S 02,2022,Octubre,8,sábado,14,0,Usme,Choque,Vehículo,N/A,Con Heridos,0,0,0,0,0,1,0,0,0,1,0,0,0,0,0,0,0,0,0,0,0,1
194986,10582399,-74.18,4.597,AU SUR - CL 76 A  S 02,2022,Octubre,8,sábado,13,30,Bosa,Otro,N/A,N/A,Con Heridos,0,0,0,0,1,0,0,0,0,0,1,0,1,1,0,0,0,0,1,0,0,0
194987,10582403,-74.095,4.605,CL 6  - KR 27   02,2022,Octubre,8,sábado,22,40,Los Mártires,Choque,Vehículo,N/A,Con Heridos,0,0,0,0,0,1,0,0,0,1,0,0,0,0,0,0,0,0,0,0,0,1
194988,10582406,-74.13,4.666,KR 86  - CL 22   02,2022,Octubre,8,sábado,6,15,Fontibón,Atropello,N/A,N/A,Con Heridos,0,0,0,0,0,1,1,0,0,0,0,0,0,0,0,0,0,0,0,0,0,0
194989,10582415,-74.148,4.572,TV 28  - CL 59 B  S 02,2022,Octubre,10,lunes,5,50,Ciudad Bolívar,Choque,Vehículo,N/A,Con Muertos,0,0,0,0,0,1,0,0,0,0,1,0,0,0,0,0,0,0,0,0,0,0
194990,10582424,-74.155,4.575,CL 68  S- KR 46   02,2022,Octubre,7,viernes,19,40,Ciudad Bolívar,Choque,Vehículo,N/A,Con Heridos,1,0,0,0,0,0,0,0,0,0,1,0,1,0,0,1,0,0,0,0,0,0
194991,10582428,-74.148,4.568,CL 64 C  S- KR 23 C  02,2022,Octubre,7,viernes,9,30,Ciudad Bolívar,Choque,Vehículo,N/A,Con Heridos,0,0,0,0,0,1,0,0,0,0,0,0,0,0,0,0,0,0,0,0,0,0
194992,10582429,-74.102,4.67,KR 70  - CL 55   02,2022,Octubre,8,sábado,9,30,Engativá,Choque,Vehículo,N/A,Con Heridos,0,0,0,0,0,0,0,0,0,0,0,0,0,0,0,0,0,0,0,0,0,0
194994,10582509,-74.147,4.57,KR 23 C  - CL 60 A  S 02,2022,Octubre,8,sábado,21,55,Ciudad Bolívar,Choque,Vehículo,N/A,Con Heridos,0,0,0,0,0,1,0,0,0,1,0,0,0,0,0,0,0,0,0,0,0,1
194995,10582519,-74.065,4.671,CL 80 A  - KR 28   02,2022,Octubre,10,lunes,11,20,Barrios Unidos,Choque,Vehículo,N/A,Solo Daños,0,0,0,0,0,0,0,0,0,0,0,0,0,0,0,0,0,0,0,0,0,0
194996,10582531,-74.123,4.71,CL 73  - KR 107 B  02,2022,Octubre,11,martes,20,41,Engativá,Choque,Vehículo,N/A,Con Heridos,0,0,0,0,0,1,0,0,0,0,0,0,0,0,0,0,0,0,0,0,0,0
195299,10582550,-74.101662169,4.58641104499998,KR 22  - CL 17  S 02,2022,Octubre,10,lunes,10,0,Antonio Nariño,Caida de ocupante,N/A,N/A,Con Heridos,0,0,0,0,1,0,0,0,0,0,1,0,1,0,0,1,0,0,0,0,0,0
195300,10582551,-74.116,4.684,KR 86 A  - CL 55   02,2022,Octubre,10,lunes,7,40,Engativá,Caida de ocupante,N/A,N/A,Con Heridos,0,0,0,0,0,0,0,0,0,0,1,0,1,0,1,0,0,0,0,0,0,0
195301,10582578,-74.097064064,4.60222704099999,KR 27  - CL 4 A  02,2022,Octubre,11,martes,11,18,Los Mártires,Choque,Vehículo,N/A,Solo Daños,0,0,0,0,0,0,0,1,0,0,0,0,0,0,0,0,0,0,0,0,0,0
195302,10582580,-74.076,4.62,CL 26  - KR 20   02,2022,Octubre,11,martes,19,3,Teusaquillo,Choque,Vehículo,N/A,Solo Daños,0,0,0,0,0,0,0,0,0,1,0,0,0,0,0,0,0,0,0,0,0,1
195303,10582596,-74.169,4.619,KR 80  - CL 47  S 02,2022,Octubre,11,martes,20,6,Kennedy,Choque,Vehículo,N/A,Con Heridos,0,0,0,0,0,1,0,0,0,0,0,0,0,0,0,0,0,0,0,0,0,0
195304,10582599,-74.137,4.694,CL 26  - KR 113   02,2022,Octubre,11,martes,20,20,Fontibón,Choque,Vehículo,N/A,Solo Daños,0,0,0,0,0,0,0,0,0,0,0,0,0,0,0,0,0,0,0,0,1,0
195305,10582601,-74.125,4.524,CL 71  S- KR 34   02,2022,Octubre,13,jueves,13,29,Usme,Choque,Vehículo,N/A,Con Muertos,0,1,0,0,0,1,0,0,0,1,0,0,0,0,0,0,0,0,0,0,0,1
196320,10582113,-74.092,4.59,CL 3  S- KR 14 B  02,2022,Octubre,2,domingo,22,20,Antonio Nariño,Choque,Vehículo,N/A,Con Heridos,0,0,0,0,0,1,0,0,0,0,0,0,0,0,0,0,0,0,0,0,0,0
196321,10582114,-74.124504855,4.60495738600002,CL 26  S- KR 51 d  02,2022,Octubre,1,sábado,3,30,Puente Aranda,Atropello,N/A,N/A,Con Heridos,0,0,0,0,0,0,1,0,0,1,0,0,0,0,0,0,0,0,0,0,0,1
196322,10582121,-74.031,4.766,KR 9  - CL 189   02,2022,Octubre,2,domingo,0,45,Usaquén,Choque,Objeto Fijo,Poste,Solo Daños,0,0,0,0,0,0,0,0,0,0,0,0,0,0,0,0,0,0,0,0,0,0
196323,10582130,-74.087,4.604,KR 19  - CL 9 BIS  02,2022,Octubre,1,sábado,14,55,Los Mártires,Choque,Vehículo,N/A,Solo Daños,0,0,0,0,0,0,0,0,0,0,0,0,0,0,0,0,0,0,0,0,1,0
196324,10582131,-74.08,4.591,CL 6  - KR 7   02,2022,Octubre,1,sábado,14,40,Santa Fe,Choque,Vehículo,N/A,Solo Daños,0,0,0,0,0,0,0,0,0,0,0,0,0,0,0,0,0,0,0,0,0,0
196634,10582133,-74.115,4.58,CL 32  S- KR 21 B  02,2022,Octubre,2,domingo,10,5,Rafael Uribe Uribe,Choque,Vehículo,N/A,Con Heridos,0,0,0,0,0,1,0,0,0,1,0,0,0,0,0,0,0,0,0,0,0,1
196636,10582136,-74.158,4.638,KR 83  - CL 1  S 02,2022,Octubre,2,domingo,8,10,Kennedy,Choque,Vehículo,N/A,Con Heridos,0,0,0,0,0,1,0,0,0,0,0,0,0,0,0,0,0,0,0,0,0,0
196637,10582137,-74.064,4.639,KR 9  - CL 52   02,2022,Octubre,1,sábado,11,15,Chapinero,Choque,Vehículo,N/A,Solo Daños,0,0,0,0,1,1,0,0,0,0,0,0,0,0,0,0,0,0,0,0,0,0
196638,10582260,-74.125,4.623,KR 68  - CL 1   02,2022,Octubre,4,martes,11,40,Puente Aranda,Atropello,N/A,N/A,Con Heridos,0,0,0,0,0,1,1,0,0,0,0,0,0,0,0,0,0,0,0,0,0,0
196639,10582261,-74.092,4.68,KR 69 I  - CL 70   02,2022,Octubre,4,martes,19,0,Engativá,Choque,Vehículo,N/A,Con Heridos,0,0,0,0,0,1,0,0,0,0,0,0,0,0,0,0,0,0,0,0,0,0
196640,10582610,-74.185,4.633,KR 89 B  - CL 54  S 02,2022,Octubre,13,jueves,8,20,Bosa,Choque,Vehículo,N/A,Con Heridos,1,0,0,0,0,1,0,0,0,0,0,0,0,0,0,0,0,0,0,0,0,0
196641,10582611,-74.095,4.749,KR 104  - CL 150 A  02,2022,Octubre,12,miércoles,22,40,Suba,Choque,Vehículo,N/A,Con Heridos,0,0,0,0,0,1,0,0,0,0,0,0,0,0,0,0,0,0,0,0,0,0
196642,10582615,-74.078,4.657,KR 30 A  - CL 64 A  02,2022,Octubre,12,miércoles,12,10,Barrios Unidos,Choque,Vehículo,N/A,Solo Daños,0,0,0,0,0,0,0,0,0,0,0,0,0,0,0,0,0,0,0,0,0,0
196643,10582616,-74.129,4.625,KR 69 B  - CL 3 A  02,2022,Octubre,12,miércoles,21,30,Kennedy,Volcamiento,N/A,N/A,Con Heridos,0,0,0,0,0,1,0,0,0,0,0,0,0,0,0,0,0,0,0,0,0,0
196644,10582622,-74.085,4.597,CL 6  - KR 14   02,2022,Octubre,12,miércoles,20,20,Santa Fe,Choque,Vehículo,N/A,Solo Daños,0,0,1,0,0,1,0,0,0,1,0,0,0,0,0,0,0,0,0,0,0,1
196645,10582624,-74.157,4.667,CL 13  - KR 100   02,2022,Octubre,12,miércoles,12,22,Fontibón,Choque,Vehículo,N/A,Con Heridos,0,0,0,0,0,1,0,0,0,0,1,0,0,0,0,0,0,0,0,0,0,0
196646,10582625,-74.146,4.675,CL 18  - KR 103 A  02,2022,Octubre,13,jueves,20,0,Fontibón,Choque,Vehículo,N/A,Con Heridos,1,0,0,0,0,0,0,0,0,0,1,0,1,0,1,0,0,0,0,0,0,0
196647,10582628,-74.158,4.695,KR 128  - CL 22 B  02,2022,Octubre,12,miércoles,17,5,Fontibón,Choque,Vehículo,N/A,Con Heridos,1,0,0,0,0,0,0,0,0,0,0,0,0,0,0,0,0,0,0,0,0,0
196648,10582637,-74.103,4.627,AV AVENIDA DE LAS AMERICAS - KR 46   02,2022,Octubre,14,viernes,5,38,Puente Aranda,Choque,Vehículo,N/A,Solo Daños,0,0,1,0,0,0,0,0,0,1,0,0,0,0,0,0,0,0,0,0,0,1
196649,10582644,-74.098,4.625,CL 17 A  - KR 42   02,2022,Octubre,13,jueves,20,0,Puente Aranda,Choque,Vehículo,N/A,Con Heridos,0,0,0,0,0,1,0,0,0,0,0,0,0,0,0,0,0,0,0,0,0,0
196650,10582646,-74.077,4.59,CL 6  - KR 5   02,2022,Octubre,13,jueves,6,26,Santa Fe,Choque,Vehículo,N/A,Con Heridos,0,1,0,0,1,0,0,0,0,0,0,0,0,0,0,0,0,0,0,0,0,0
196651,10582649,-74.159,4.635,DG 34 A  - TV 81 G  02,2022,Octubre,12,miércoles,5,10,Kennedy,Atropello,N/A,N/A,Con Heridos,0,0,0,0,0,0,1,0,0,0,0,0,0,0,0,0,0,0,0,0,0,0
196652,10582652,-74.152,4.624,TV 78 K  - DG 36  S 02,2022,Octubre,12,miércoles,23,40,Kennedy,Atropello,N/A,N/A,Con Heridos,0,0,0,0,0,1,1,0,0,0,0,0,0,0,0,0,0,0,0,0,0,0
196653,10582653,-74.028,4.722,KR 7 B  - CL 146   02,2022,Octubre,12,miércoles,20,38,Usaquén,Choque,Vehículo,N/A,Con Heridos,1,0,0,0,0,0,0,1,0,0,0,0,0,0,0,0,0,0,0,0,0,0
196654,10582661,-74.125,4.728,CL 80  - KR 120   02,2022,Octubre,12,miércoles,13,40,Engativá,Choque,Vehículo,N/A,Solo Daños,0,1,0,0,0,0,0,0,0,0,0,0,0,0,0,0,0,0,0,0,0,0
196655,10582665,-74.114,4.597,AU SUR - AV AVENIDA PRIMERO DE MAYO  02,2022,Octubre,13,jueves,13,30,Antonio Nariño,Caida de ocupante,N/A,N/A,Con Heridos,0,0,0,0,0,0,0,0,0,0,1,0,1,0,0,1,0,0,0,0,0,0
196960,10582051,-74.113,4.603,CL 9  S- KR 38   02,2022,Octubre,1,sábado,17,55,Puente Aranda,Choque,Vehículo,N/A,Con Heridos,0,0,0,0,0,1,0,0,0,0,0,0,0,0,0,0,0,0,0,0,0,0
196961,10582053,-74.114793646,4.70254541600002,CL 72  - KR 97 A  02,2022,Octubre,1,sábado,2,22,Engativá,Atropello,N/A,N/A,Con Heridos,0,0,0,0,0,1,1,1,0,0,0,0,0,0,0,0,0,0,0,0,0,0
196962,10582668,-74.106,4.627,AV AVENIDA DE LAS AMERICAS - CL 13   02,2022,Octubre,13,jueves,15,45,Puente Aranda,Choque,Vehículo,N/A,Con Heridos,1,1,0,0,1,0,0,0,0,0,0,0,0,0,0,0,0,0,0,0,0,0
196963,10582675,-74.16263472,4.63996627400002,CL 33  S- KR 87 H  02,2022,Octubre,14,viernes,22,28,Kennedy,Choque,Vehículo,N/A,Con Heridos,1,0,0,0,0,0,0,0,0,0,0,0,0,0,0,0,0,0,0,0,0,0
196964,10582676,-74.101593915,4.69262474800001,CL 72  - KR 80   02,2022,Octubre,14,viernes,17,45,Engativá,Choque,Vehículo,N/A,Con Heridos,1,0,0,0,0,1,0,1,0,0,0,0,0,0,0,0,0,0,0,0,0,0
196965,10582684,-74.081,4.595,KR 10  - CL 6   02,2022,Octubre,14,viernes,5,54,Candelaria,Choque,Vehículo,N/A,Con Heridos,0,0,0,0,0,1,0,1,0,0,0,0,0,0,0,0,0,0,0,0,0,0
196966,10582695,-74.125,4.569,AV AVENIDA CARACAS - CL 48  S 02,2022,Octubre,13,jueves,11,40,Rafael Uribe Uribe,Choque,Vehículo,N/A,Con Heridos,1,0,0,0,0,0,0,0,0,0,1,0,1,1,0,0,0,1,0,0,0,0
196967,10582701,-74.064,4.637,KR 9  - CL 50   02,2022,Octubre,14,viernes,8,13,Chapinero,Choque,Vehículo,N/A,Con Heridos,0,0,0,0,0,0,0,0,0,0,0,0,0,0,0,0,0,0,0,0,0,0
196968,10582707,-74.054,4.714,KR 45 A  - CL 128 B  02,2022,Octubre,13,jueves,16,55,Suba,Atropello,N/A,N/A,Con Heridos,0,0,0,0,0,0,1,0,0,0,0,0,0,0,0,0,0,0,0,0,0,0
196969,10582708,-74.095,4.605,AV AVENIDA PRIMERO DE MAYO - CL 27   02,2022,Octubre,12,miércoles,6,35,Antonio Nariño,Choque,Vehículo,N/A,Solo Daños,0,0,0,0,0,1,0,0,0,0,0,0,0,0,0,0,0,0,0,0,0,0
196970,10582709,-74.046,4.753,CL 172  - KR 45   02,2022,Octubre,15,sábado,0,40,Usaquén,Choque,Vehículo,N/A,Con Heridos,0,0,0,0,0,1,0,0,0,0,0,0,0,0,0,0,0,0,0,0,0,0
196971,10582720,-74.127,4.649,AV AVENIDA BOYACA - CL 17   02,2022,Octubre,13,jueves,8,20,Fontibón,Choque,Vehículo,N/A,Solo Daños,0,1,0,0,0,0,0,0,0,0,0,0,0,0,0,0,0,0,0,0,0,0
196972,10582722,-74.093,4.744,AV AVENIDA TRANSVERSAL DE SUBA - AC 102 A  02,2022,Octubre,15,sábado,3,0,Suba,Choque,Vehículo,N/A,Solo Daños,0,0,0,0,0,0,0,0,0,1,0,0,0,0,0,0,0,0,0,0,0,1
196973,10582725,-74.139,4.623,AV AVENIDA BOYACA - CL 1   02,2022,Octubre,15,sábado,3,29,Kennedy,Choque,Vehículo,N/A,Solo Daños,0,0,0,0,0,0,0,0,0,0,0,0,0,0,0,0,0,0,0,0,0,0
196974,10582730,-74.193,4.602,KR 77 S  - CL 70 A BIS S 02,2022,Octubre,15,sábado,18,30,Bosa,Choque,Vehículo,N/A,Solo Daños,0,0,1,0,0,0,0,0,0,0,0,0,0,0,0,0,0,0,0,0,0,0
196975,10582746,-74.042,4.779,AU NORTE - CL 201   02,2022,Octubre,15,sábado,7,50,Usaquén,Choque,Vehículo,N/A,Con Heridos,0,0,0,0,0,1,0,0,0,0,0,0,0,0,0,0,0,0,0,0,0,0
196976,10582794,-74.121,4.722,CL 80  - KR 114   02,2022,Octubre,15,sábado,13,50,Engativá,Choque,Vehículo,N/A,Con Heridos,0,1,0,0,0,1,0,0,0,0,0,0,0,0,0,0,0,0,0,0,0,0
196977,10582811,-74.181,4.622,KR 86  - CL 55  S 02,2022,Octubre,14,viernes,15,55,Bosa,Choque,Vehículo,N/A,Con Heridos,0,0,0,0,0,0,0,1,0,0,0,0,0,0,0,0,0,0,0,0,0,0
197269,10582067,-74.121,4.603,AV AVENIDA PRIMERO DE MAYO - KR 50   02,2022,Octubre,1,sábado,19,0,Puente Aranda,Choque,Vehículo,N/A,Con Muertos,1,1,0,0,0,0,0,0,0,0,0,0,0,0,0,0,0,0,0,0,0,0
197270,10582068,-74.079,4.65,KR 30  - CL 60   02,2022,Octubre,1,sábado,17,45,Teusaquillo,Choque,Vehículo,N/A,Con Heridos,0,0,0,0,0,0,0,0,0,0,0,0,0,0,0,0,0,0,0,0,0,0
197271,10582078,-74.115,4.629,AV AVENIDA DE LAS AMERICAS - KR 60   02,2022,Octubre,1,sábado,6,34,Puente Aranda,Choque,Objeto Fijo,Poste,Solo Daños,0,0,0,0,0,0,0,0,0,0,0,0,0,0,0,0,0,0,0,0,0,0
197272,10582093,-74.099857307,4.69120868700003,CL 72  - KR 77 a  02,2022,Octubre,1,sábado,12,5,Engativá,Atropello,N/A,N/A,Con Heridos,0,0,0,0,0,0,1,1,0,0,0,0,0,0,0,0,0,0,0,0,0,0
197273,10582096,-74.093,4.682,CL 70  - KR 70   02,2022,Octubre,2,domingo,7,38,Engativá,Choque,Vehículo,N/A,Con Heridos,0,0,0,0,0,0,0,0,0,0,0,0,0,0,0,0,0,0,0,0,0,0
197274,10582100,-74.113,4.669,CL 26  - TV 94   02,2022,Octubre,1,sábado,9,20,Fontibón,Choque,Vehículo,N/A,Con Heridos,0,0,0,0,1,0,0,0,0,1,0,0,0,0,0,0,0,0,0,0,0,1
197275,10582101,-74.031,4.812,KR 7  - CL 235   02,2022,Octubre,1,sábado,10,56,Usaquén,Choque,Vehículo,N/A,Con Heridos,0,0,0,0,1,0,0,1,0,0,0,0,0,0,0,0,0,0,0,0,0,0
197276,10582111,-74.056,4.757,CL 74  - KR 57   02,2022,Octubre,1,sábado,8,50,Suba,Choque,Vehículo,N/A,Con Heridos,0,0,0,0,1,0,0,0,0,0,0,0,0,0,0,0,0,0,0,0,0,0
197279,10582300,-74.03403637237,4.73189487646,KR 12 C  - CL 153   02,2022,Octubre,5,miércoles,23,21,Usaquén,Choque,Vehículo,N/A,Solo Daños,0,0,0,0,0,0,0,0,0,0,0,0,0,0,0,0,0,0,0,0,0,0
197280,10582302,-74.1622346766,4.63513873784,KR 86  - CL 46  S 36,2022,Octubre,3,lunes,5,24,Kennedy,Choque,Vehículo,N/A,Solo Daños,0,0,0,0,0,0,0,0,0,1,1,0,1,0,0,1,0,0,0,0,0,1
197281,10582545,-74.125,4.621,KR 68  - CL 1   02,2022,Octubre,11,martes,10,30,Puente Aranda,Atropello,N/A,N/A,Con Muertos,0,0,0,0,0,1,1,0,0,0,0,0,0,0,0,0,0,0,0,0,0,0
197282,10582548,-74.136342346,4.672313798,CL 22  - KR 96 c  02,2022,Octubre,10,lunes,16,57,Fontibón,Choque,Vehículo,N/A,Con Heridos,0,0,0,0,0,0,0,0,0,0,1,0,1,0,0,1,0,0,0,0,0,0
197617,10582527,-74.147,4.691,CL 24  - KR 117 A  02,2022,Octubre,11,martes,7,43,Fontibón,Choque,Vehículo,N/A,Con Heridos,0,0,0,0,0,1,0,1,0,0,1,0,1,0,0,1,0,0,0,0,0,0
197618,10582543,-74.089,4.643,KR 50  - CL 44 C  02,2022,Octubre,10,lunes,22,40,Teusaquillo,Choque,Vehículo,N/A,Con Heridos,1,0,1,0,0,0,0,0,0,0,0,0,0,0,0,0,0,0,0,0,0,0
197619,10582558,-74.091,4.653,KR 60  - CL 57   02,2022,Octubre,11,martes,10,30,Teusaquillo,Choque,Vehículo,N/A,Con Heridos,1,0,0,0,0,0,0,0,0,0,0,0,0,0,0,0,0,0,0,0,0,0
197620,10582560,-74.091429885,4.61420824200002,KR 30  - CL 13   02,2022,Octubre,12,miércoles,13,48,Los Mártires,Choque,Vehículo,N/A,Con Muertos,0,1,0,0,0,1,0,0,0,1,0,0,0,0,0,0,0,0,0,0,0,1
197621,10582566,-74.140992419,4.67684462,CL 22  - KR 100   02,2022,Octubre,10,lunes,16,0,Fontibón,Atropello,N/A,N/A,Con Heridos,0,0,0,0,0,0,1,1,0,0,1,0,1,0,0,1,0,0,0,0,0,0
197622,10582585,-74.1,4.749,CL 145  - KR 111   02,2022,Octubre,11,martes,16,31,Suba,Atropello,N/A,N/A,Con Heridos,0,0,0,0,0,1,1,1,0,0,0,0,0,0,0,0,0,0,0,0,0,0
197623,10582586,-74.109,4.675,CL 53  - KR 74 A  02,2022,Octubre,11,martes,17,20,Barrios Unidos,Choque,Vehículo,N/A,Con Heridos,0,0,0,0,0,1,0,0,0,0,0,0,0,0,0,0,0,0,0,0,0,0
197624,10582587,-74.182,4.613,CL 58 K  S- KR 81   02,2022,Octubre,12,miércoles,18,0,Bosa,Choque,Vehículo,N/A,Con Heridos,1,0,0,0,0,1,0,0,0,0,0,0,0,0,0,0,0,0,0,0,0,0
197625,10582589,-74.151,4.558,CL 69  - KR 18 Z  02,2022,Octubre,11,martes,16,30,Ciudad Bolívar,Otro,N/A,N/A,Con Heridos,0,0,0,0,1,0,0,0,0,0,1,0,1,0,0,1,0,0,0,0,0,0
197930,10582594,-74.052,4.726,CL 144  - KR 46   02,2022,Octubre,11,martes,11,6,Suba,Choque,Vehículo,N/A,Con Heridos,1,0,0,0,0,0,0,1,0,0,0,0,0,0,0,0,0,0,0,0,0,0
197931,10582595,-74.132,4.655,CL 17  - KR 80   02,2022,Octubre,11,martes,15,0,Fontibón,Choque,Vehículo,N/A,Con Heridos,1,0,0,0,0,0,0,0,0,0,1,0,1,0,0,1,0,0,0,0,0,0
197932,10582597,-74.098,4.617,KR 36  - CL 12   02,2022,Octubre,12,miércoles,6,20,Puente Aranda,Choque,Vehículo,N/A,Con Heridos,0,0,0,0,0,1,0,0,0,0,0,0,0,0,0,0,0,0,0,0,0,0
197933,10582598,-74.183,4.613,CL 59  S- KR 81 A  02,2022,Octubre,11,martes,19,0,Bosa,Choque,Vehículo,N/A,Con Heridos,0,0,0,0,1,1,0,1,0,0,0,0,0,0,0,0,0,0,0,0,0,0
197935,10582608,-74.201,4.612,KR 81 F  - CL 75  S 02,2022,Octubre,11,martes,8,59,Bosa,Choque,Vehículo,N/A,Con Heridos,0,0,0,0,0,1,0,0,0,0,0,0,0,0,0,0,0,0,0,0,0,0
197952,10583659,-74.17840508406,4.61978934712,CL 54 B  - KR 81 I  S 02,2022,Octubre,28,viernes,13,0,Kennedy,Atropello,N/A,N/A,Con Heridos,0,0,0,0,1,0,1,0,0,0,0,0,0,0,0,0,0,0,0,0,0,0
197955,10583669,-74.07780078833,4.59188285997,KR 6  - CL 6 B  02,2022,Octubre,3,lunes,19,10,Candelaria,Atropello,N/A,N/A,Con Heridos,0,0,0,1,0,1,1,0,0,0,0,0,0,0,0,0,0,0,0,0,0,0
197965,10583686,-74.12340907042,4.65241057895,CL 19 A  - KR 72   02,2022,Octubre,2,domingo,17,24,Fontibón,Choque,Vehículo,N/A,Con Heridos,0,0,0,0,0,1,0,0,0,1,0,0,0,0,0,0,0,0,0,0,0,1
198614,10583784,-74.10793540661,4.56478006556,KR 10  - CL 39  S 02,2022,Octubre,27,jueves,20,2,Rafael Uribe Uribe,Choque,Vehículo,N/A,Solo Daños,0,0,0,0,0,0,0,0,0,0,1,0,1,0,0,1,0,0,0,0,0,0
216556,10582872,-74.154484981,4.62259552299997,KR 78 K  - CL 38 C  S 02,2022,Octubre,18,martes,14,16,Kennedy,Caida de ocupante,N/A,N/A,Con Heridos,0,0,0,0,0,0,0,1,0,0,1,0,1,0,0,1,0,0,0,0,0,0
216586,10583025,-74.164,4.594,KR 71  - CL 60  S 02,2022,Octubre,21,viernes,15,35,Ciudad Bolívar,Choque,Vehículo,N/A,Con Heridos,0,0,0,0,0,1,0,0,0,0,1,0,0,0,0,0,0,0,0,0,1,0
216587,10583034,-74.094,4.587,KR 14 A  - CL 10  S 02,2022,Octubre,23,domingo,11,15,Antonio Nariño,Choque,Vehículo,N/A,Con Heridos,0,0,0,0,0,1,0,0,0,0,0,1,0,0,0,0,0,0,0,0,0,0
216588,10583036,-74.1,4.604,KR 30  - CL 4   02,2022,Octubre,23,domingo,0,54,Puente Aranda,Choque,Vehículo,N/A,Con Heridos,0,0,0,0,0,1,0,0,0,0,0,0,0,0,0,0,0,0,0,0,0,0
216589,10583037,-74.057,4.687,AU NORTE - CL 100   02,2022,Octubre,22,sábado,22,1,Usaquén,Choque,Objeto Fijo,Otro,Con Heridos,0,0,0,0,0,0,0,0,0,0,0,0,0,0,0,0,0,0,0,0,0,0
216590,10583050,-74.115,4.641,AK 68  - CL 18   02,2022,Octubre,23,domingo,7,55,Puente Aranda,Choque,Vehículo,N/A,Solo Daños,0,0,0,0,0,0,0,0,0,0,0,0,0,0,0,0,0,0,0,0,0,0
216591,10583055,-74.121,4.603,AV AVENIDA PRIMERO DE MAYO - KR 50   02,2022,Octubre,9,domingo,7,30,Puente Aranda,Volcamiento,N/A,N/A,Con Heridos,0,0,0,0,0,1,0,0,0,0,0,0,0,0,0,0,0,0,0,0,0,0
216592,10583065,-74.092,4.573,KR 6  - CL 22  S 02,2022,Octubre,23,domingo,16,30,San Cristóbal,Caida de ocupante,N/A,N/A,Con Heridos,0,0,0,0,0,0,0,0,0,0,1,0,1,0,0,1,0,0,0,0,0,0
216593,10583066,-74.028,4.79,KR 7  - CL 215   02,2022,Octubre,23,domingo,0,32,Usaquén,Choque,Vehículo,N/A,Con Heridos,0,0,0,0,0,1,1,0,0,0,0,0,0,0,0,0,0,0,0,0,0,0
216594,10583074,-74.086,4.616,KR 27  - CL 19  S 02,2022,Octubre,22,sábado,13,30,Antonio Nariño,Choque,Vehículo,N/A,Solo Daños,0,0,0,0,0,0,0,0,0,0,1,0,1,0,0,1,0,0,0,0,0,0
216596,10583285,-74.09514395182,4.55894869996,CL 26 B  S- KR 1   02,2022,Octubre,28,viernes,9,28,San Cristóbal,Choque,Vehículo,N/A,Con Heridos,0,0,0,0,0,1,0,0,0,0,1,0,1,0,0,1,0,0,0,0,0,0
216597,10583286,-74.098764255,4.55296810900001,KR 1 D  - CL 40 A  S 02,2022,Octubre,28,viernes,20,40,San Cristóbal,Atropello,N/A,N/A,Con Heridos,0,0,0,0,0,0,1,0,0,0,0,0,0,0,0,0,0,0,0,0,0,0
216598,10583288,-74.12746725266,4.56411164,KR 13 C  - CL 53   02,2022,Octubre,28,viernes,7,5,Tunjuelito,Choque,Vehículo,N/A,Con Heridos,0,0,0,0,0,1,0,1,0,0,0,0,0,0,0,0,0,0,0,0,1,0
216599,10583289,-74.10001484339,4.62127046171,CL 13  - KR 42   02,2022,Octubre,30,domingo,5,0,Puente Aranda,Choque,Objeto Fijo,Otro,Con Heridos,0,0,0,0,0,1,0,0,0,0,0,0,0,0,0,0,0,0,0,0,0,0
216600,10583290,-74.131357681,4.58569021300002,KR 33  - CL 47 B  S 02,2022,Octubre,27,jueves,14,29,Tunjuelito,Choque,Vehículo,N/A,Con Heridos,1,0,0,0,0,0,0,0,0,0,0,0,0,0,0,0,0,0,0,0,0,0
216601,10583295,-74.131465763,4.64459736499998,KR 72  - CL 12   02,2022,Octubre,28,viernes,19,0,Kennedy,Atropello,N/A,N/A,Con Heridos,0,0,0,0,0,1,1,0,0,0,0,0,0,0,0,0,0,0,0,0,0,0
216602,10583296,-74.15638414805,4.64099519058,CL 6  - KR 86   02,2022,Octubre,28,viernes,3,20,Kennedy,Choque,Vehículo,N/A,Con Heridos,1,1,0,0,0,0,0,0,0,0,0,0,0,0,0,0,0,0,0,0,0,0
216603,10583299,-74.13667480985,4.54591703811,KR 16 Q  - CL 71  S 02,2022,Octubre,30,domingo,10,30,Ciudad Bolívar,Atropello,N/A,N/A,Con Heridos,0,0,0,0,0,0,1,0,0,1,0,0,0,0,0,0,0,0,0,0,0,1
216604,10583300,-74.14282021706,4.57987829621,KR 33  - CL 56 C  S 02,2022,Octubre,27,jueves,8,0,Ciudad Bolívar,Choque,Vehículo,N/A,Con Heridos,1,0,0,0,0,0,0,0,0,0,1,0,1,0,0,1,0,0,0,0,0,0
216605,10583301,-74.08862081949,4.57106056176,KR 3  E- CL 19  S 02,2022,Octubre,30,domingo,10,30,San Cristóbal,Choque,Vehículo,N/A,Con Heridos,0,0,0,0,0,1,0,0,0,0,0,0,0,0,0,0,0,0,0,0,0,0
216606,10583303,-74.10382894461,4.60323487407,CL 2  - KR 31 B  02,2022,Octubre,27,jueves,14,54,Puente Aranda,Choque,Vehículo,N/A,Con Heridos,0,0,0,0,0,1,0,0,0,1,0,0,0,0,0,0,0,0,0,0,0,1
216607,10583304,-74.0859439749,4.6109186358,KR 22  - CL 15   02,2022,Octubre,27,jueves,16,50,Los Mártires,Choque,Vehículo,N/A,Con Heridos,0,0,0,0,1,0,0,0,0,0,1,0,1,0,0,1,0,0,0,0,0,0
216608,10583305,-74.14184121077,4.55237665945,CL 66  S- KR 17 M  02,2022,Octubre,30,domingo,19,0,Ciudad Bolívar,Atropello,N/A,N/A,Con Heridos,0,0,0,0,0,0,1,0,0,1,0,0,0,0,0,0,0,0,0,0,0,1
216609,10583307,-74.19502778188,4.60378343244,CL 71 A  S- TV 78 D  02,2022,Octubre,27,jueves,12,0,Bosa,Choque,Vehículo,N/A,Con Heridos,0,0,0,0,0,1,0,1,0,0,0,0,0,0,0,0,0,0,0,0,0,0
216610,10583309,-74.12005630915,4.70824973761,CL 73  - KR 105 F  02,2022,Octubre,29,sábado,17,32,Engativá,Atropello,N/A,N/A,Con Heridos,0,0,0,0,0,1,1,1,0,0,0,0,0,0,0,0,0,0,0,0,0,0
216611,10583311,-74.09773058497,4.62425892964,CL 17 A  - KR 42 BIS  02,2022,Octubre,27,jueves,13,30,Puente Aranda,Choque,Vehículo,N/A,Con Heridos,0,0,0,0,0,1,0,0,0,0,0,0,0,0,0,0,0,0,0,0,0,0
216612,10583316,-74.09905461256,4.5998394484,KR 27  - CL 2   02,2022,Octubre,27,jueves,17,26,Los Mártires,Choque,Vehículo,N/A,Con Heridos,0,0,0,0,0,1,0,0,0,0,0,0,0,0,0,0,0,0,0,0,0,0
216613,10583317,-74.183666293,4.61977745199999,CL 57 B  S- KR 84 D  02,2022,Octubre,30,domingo,10,40,Usaquén,Atropello,N/A,N/A,Con Heridos,0,0,0,0,0,1,1,1,0,0,0,0,0,0,0,0,0,0,0,0,0,0
216614,10583320,-74.11590961401,4.66157483644,KR 72  - CL 24   02,2022,Octubre,30,domingo,18,45,Fontibón,Choque,Vehículo,N/A,Con Heridos,0,0,0,0,0,1,0,0,0,0,0,0,0,0,0,0,0,0,0,0,0,0
216615,10583321,-74.09509567206,4.69838036791,CL 80  - KR 78   02,2022,Octubre,28,viernes,7,0,Engativá,Choque,Vehículo,N/A,Con Heridos,0,0,0,0,0,1,0,0,0,0,0,0,0,0,0,0,0,0,0,0,0,0
216616,10583322,-74.14124576037,4.63818275271,CL 8  - KR 77   02,2022,Octubre,27,jueves,15,4,Kennedy,Atropello,N/A,N/A,Con Heridos,0,0,0,0,0,0,1,1,0,0,0,0,0,0,0,0,0,0,0,0,0,0
216617,10583323,-74.09456995909,4.58574424856,CL 11  S- KR 14   02,2022,Octubre,30,domingo,2,30,Antonio Nariño,Choque,Vehículo,N/A,Con Heridos,0,0,0,0,0,1,0,0,0,0,0,0,0,0,0,0,0,0,0,0,0,0
216656,10582170,-74.098,4.587,TV 18  - CL 13  S 02,2022,Octubre,3,lunes,3,40,Antonio Nariño,Choque,N/A,N/A,Con Heridos,0,0,0,0,0,1,0,0,0,0,0,0,0,0,0,0,0,0,0,0,0,0
216657,10582172,-74.163,4.596,AU SUR - AV AVENIDA CIUDAD DE VILLAVICENCIO  02,2022,Octubre,2,domingo,22,34,Bosa,Choque,Vehículo,N/A,Solo Daños,0,0,0,0,0,0,0,0,0,0,0,0,0,0,0,0,0,0,0,0,0,0
216658,10582177,-74.094,4.616,CL 13  - KR 32   02,2022,Octubre,3,lunes,19,59,Puente Aranda,Caida de ocupante,N/A,N/A,Con Heridos,0,0,0,0,0,0,0,0,0,0,1,0,1,1,0,0,0,1,0,0,0,0
216898,10583324,-74.15191558783,4.67110788996,KR 104  - CL 16   02,2022,Octubre,28,viernes,6,10,Fontibón,Atropello,N/A,N/A,Con Heridos,0,0,0,0,0,1,1,0,0,0,0,0,0,0,0,0,0,0,0,0,0,0
216899,10583325,-74.14205578749,4.6069083321,AV AVENIDA BOYACA - CL 39 A  S 02,2022,Octubre,27,jueves,13,0,Kennedy,Choque,Vehículo,N/A,Con Heridos,0,1,0,0,0,1,0,0,0,0,0,0,0,0,0,0,0,0,0,0,0,0
216900,10583327,-74.064424111,4.64978001200001,KR 14  - CL 63   02,2022,Octubre,28,viernes,21,0,Chapinero,Otro,N/A,N/A,Con Heridos,0,0,0,0,0,0,0,0,0,0,0,0,0,0,0,0,0,0,0,0,0,0
216901,10583329,-74.10569576208,4.65652755887,CL 26  - KR 68 C  02,2022,Octubre,27,jueves,16,30,Fontibón,Choque,Vehículo,N/A,Con Heridos,0,1,0,0,0,1,0,0,0,0,0,0,0,0,0,0,0,0,0,0,0,0
216940,10582178,-74.088,4.585,KR 10  - CL 6   02,2022,Octubre,2,domingo,14,50,Santa Fe,Choque,Vehículo,N/A,Solo Daños,0,0,0,0,1,0,0,0,0,0,1,0,1,0,0,1,0,0,0,0,0,0
216941,10582182,-74.035,4.687,KR 7  - CL 108   02,2022,Octubre,3,lunes,5,10,Suba,Choque,Vehículo,N/A,Con Heridos,0,1,0,0,0,0,0,0,0,0,0,0,0,0,0,0,0,0,0,0,0,0
216942,10582192,-74.113,4.555,KR 5 L  - CL 48 P  S 02,2022,Octubre,3,lunes,17,55,Rafael Uribe Uribe,Choque,Vehículo,N/A,Solo Daños,0,0,0,0,0,0,0,0,0,0,1,0,1,0,0,1,0,0,0,0,0,0
216943,10582218,-74.113,4.488,CL 115  S- KR 3   02,2022,Octubre,3,lunes,7,47,Usme,Choque,Objeto Fijo,Poste,Solo Daños,0,0,0,0,0,0,0,0,0,0,1,0,1,0,0,1,0,0,0,0,0,0
216944,10582222,-74.09,4.617,KR 30  - CL 18   02,2022,Octubre,3,lunes,12,40,Los Mártires,Choque,Vehículo,N/A,Con Heridos,0,1,0,0,0,1,0,1,0,0,0,0,0,0,0,0,0,0,0,0,0,0
216945,10582257,-74.14,4.651,KR 81 C  - CL 11 D  02,2022,Octubre,4,martes,10,0,Kennedy,Choque,Objeto Fijo,Vehiculo Estacionado,Solo Daños,0,0,0,0,0,0,0,0,0,0,0,0,0,0,0,0,0,0,0,0,0,0
216946,10582286,-74.0898516374,4.5820818045,CL 11  S- KR 10   02,2022,Octubre,3,lunes,22,0,San Cristóbal,Choque,Vehículo,N/A,Con Heridos,0,0,0,0,0,1,0,0,0,1,0,0,0,0,0,0,0,0,0,0,0,1
216947,10582629,-74.111951914,4.588595129,KR 27  - CL 28  S 02,2022,Octubre,13,jueves,21,36,Puente Aranda,Atropello,N/A,N/A,Con Heridos,0,0,0,0,1,1,1,0,0,0,0,0,0,0,0,0,0,0,0,0,0,0
216948,10582741,-74.068,4.705,CL 119 A  - KR 57   02,2022,Octubre,15,sábado,9,28,Suba,Choque,Vehículo,N/A,Con Heridos,0,0,0,0,0,1,0,0,0,0,0,0,0,0,0,0,0,0,0,0,0,0
216949,10582742,-74.075,4.722,AV AVENIDA TRANSVERSAL DE SUBA - AV AVENIDA BOYACA  02,2022,Octubre,15,sábado,17,8,Suba,Choque,Vehículo,N/A,Con Heridos,0,0,0,0,0,0,0,0,0,0,0,0,0,0,0,0,0,0,0,0,0,0
216950,10582743,-74.024,4.737,KR 7  - CL 162   02,2022,Octubre,14,viernes,13,8,Usaquén,Atropello,N/A,N/A,Con Heridos,0,0,0,0,0,1,1,1,0,0,0,0,0,0,0,0,0,0,0,0,0,0
216951,10582745,-74.1,4.736,KR 104  - CL 132   02,2022,Octubre,16,domingo,14,10,Suba,Choque,Vehículo,N/A,Con Heridos,1,0,0,0,0,1,0,1,0,0,0,0,0,0,0,0,0,0,0,0,0,0
216952,10582752,-74.13,4.719,KR 116  - CL 74   02,2022,Octubre,14,viernes,21,35,Engativá,Choque,Vehículo,N/A,Con Heridos,1,0,0,0,0,1,0,0,0,0,0,0,0,0,0,0,0,0,0,0,0,0
216953,10582771,-74.075286344,4.610156448,KR 14  - CL 21   02,2022,Octubre,15,sábado,6,50,Santa Fe,Choque,Vehículo,N/A,Con Heridos,1,0,0,0,0,1,0,0,0,0,0,0,0,0,0,0,0,0,0,0,0,0
216954,10582773,-74.116842013,4.62896201400002,KR 62  - CL 9   02,2022,Octubre,15,sábado,18,0,Puente Aranda,Atropello,N/A,N/A,Con Heridos,0,0,0,0,1,0,1,0,0,0,0,0,0,0,0,0,0,0,0,0,0,0
216955,10582775,-74.133,4.604,KR 68  - CL 37  S 02,2022,Octubre,17,lunes,20,10,Puente Aranda,Caida de ocupante,N/A,N/A,Con Heridos,0,0,0,0,0,0,0,1,0,0,1,0,1,0,0,1,0,0,0,0,0,0
216956,10582780,-74.129,4.58,KR 26 A  - CL 47  S 02,2022,Octubre,14,viernes,16,30,Rafael Uribe Uribe,Atropello,N/A,N/A,Con Heridos,0,0,0,0,0,0,1,0,0,0,0,0,0,0,0,0,0,0,0,0,0,0
216957,10582781,-74.119,4.619,CL 3  - KR 54   02,2022,Octubre,17,lunes,22,24,Puente Aranda,Atropello,N/A,N/A,Con Heridos,0,0,0,0,0,0,1,0,0,0,1,0,0,0,0,0,0,0,0,0,0,0
216958,10582785,-74.127,4.582,CL 44  S- TV 26 A  02,2022,Octubre,15,sábado,14,40,Tunjuelito,Choque,Vehículo,N/A,Con Heridos,1,0,0,0,0,1,0,0,0,0,0,0,0,0,0,0,0,0,0,0,0,0
216959,10582786,-74.164,4.618,CL 43  - KR 79   02,2022,Octubre,16,domingo,3,43,Kennedy,Choque,N/A,N/A,Con Heridos,0,0,0,0,1,0,0,0,0,0,0,0,0,0,0,0,0,0,0,0,0,0
217148,10582035,-74.138,4.696,CL 26  - KR 113   02,2022,Octubre,2,domingo,10,45,Fontibón,Choque,Vehículo,N/A,Solo Daños,0,0,0,0,0,0,0,0,0,1,0,0,0,0,0,0,0,0,0,0,0,1
217149,10582037,-74.18,4.633,KR 88 J  - CL 49 G  S 02,2022,Octubre,1,sábado,19,6,Bosa,Atropello,N/A,N/A,Con Heridos,0,0,0,0,1,1,1,0,0,0,0,0,0,0,0,0,0,0,0,0,0,0
217151,10582045,-74.104,4.675,AC 63  - KR 72   02,2022,Octubre,1,sábado,10,30,Engativá,Choque,Vehículo,N/A,Con Heridos,1,0,0,0,0,0,0,0,0,0,0,0,0,0,0,0,0,0,0,0,0,0
217152,10582057,-74.12,4.534,AV AVENIDA CARACAS - CL 65  S 02,2022,Octubre,1,sábado,21,17,Usme,Choque,Vehículo,N/A,Solo Daños,0,0,0,0,0,1,0,1,0,1,1,0,1,1,0,1,0,0,1,0,0,1
217154,10582063,-74.118,4.578,CL 36  S- KR 21   02,2022,Octubre,1,sábado,22,30,Rafael Uribe Uribe,Choque,Vehículo,N/A,Con Heridos,0,0,0,0,0,1,0,0,0,0,0,0,0,0,0,0,0,0,0,0,0,0
217155,10582091,-74.125,4.685,AC 26  - KR 96 A  02,2022,Octubre,2,domingo,13,50,Fontibón,Choque,Vehículo,N/A,Con Heridos,1,0,0,0,0,0,0,0,0,0,0,0,0,0,0,0,0,0,0,0,0,0
217156,10582102,-74.169300122,4.69486989900003,CL 17  - KR 137   02,2022,Octubre,2,domingo,7,0,Fontibón,Choque,Vehículo,N/A,Con Heridos,1,1,0,0,0,0,0,0,0,0,0,0,0,0,0,0,0,0,0,0,0,0
217158,10582120,-74.132,4.594,CL 45 A  S- KR 51 B BIS  02,2022,Octubre,2,domingo,22,50,Puente Aranda,Atropello,N/A,N/A,Con Heridos,0,0,0,0,0,0,1,0,0,0,0,0,0,0,0,0,0,0,0,0,0,0
217159,10582253,-74.14,4.582,KR 33  - CL 54 A  S 02,2022,Octubre,5,miércoles,18,30,Tunjuelito,Atropello,N/A,N/A,Con Heridos,0,0,0,0,1,1,1,0,0,0,0,0,0,0,0,0,0,0,0,0,0,0
217160,10582254,-74.112,4.507,CL 84  S- KR 9 A  02,2022,Octubre,4,martes,11,0,Usme,Choque,Vehículo,N/A,Con Heridos,0,0,0,0,0,1,0,0,0,1,0,0,0,0,0,0,0,0,0,0,0,1
217161,10582294,-74.11771785273,4.71659101197,CL 80  - KR 110   02,2022,Octubre,6,jueves,3,0,Engativá,Atropello,N/A,N/A,Con Heridos,0,0,0,0,0,1,1,0,0,0,0,0,0,0,0,0,0,0,0,0,0,0
217162,10582295,-74.11290285771,4.55436592459,KR 5 L  - CL 48 Q  S 02,2022,Octubre,4,martes,10,30,Rafael Uribe Uribe,Choque,Vehículo,N/A,Con Heridos,0,0,0,0,0,1,0,0,0,0,0,0,0,0,0,0,0,0,0,0,0,0
217163,10582298,-74.20347588277,4.61239119806,KR 81  - CL 77  S 02,2022,Octubre,6,jueves,3,0,Bosa,Choque,N/A,N/A,Con Heridos,0,0,0,0,0,0,0,0,0,0,0,0,0,0,0,0,0,0,0,0,0,0
217787,10582140,-74.094,4.549,CL 41 B  S- KR 3 C  02,2022,Octubre,1,sábado,17,0,San Cristóbal,Choque,Objeto Fijo,Vehiculo Estacionado,Solo Daños,0,1,0,0,0,0,0,1,0,1,0,0,0,0,0,0,0,0,0,0,0,1
217788,10582149,-74.0536632,4.67319943400003,KR 15  - CL 88   02,2022,Octubre,1,sábado,20,5,Chapinero,Choque,Vehículo,N/A,Solo Daños,0,0,0,0,0,1,0,0,0,0,0,0,0,0,0,0,0,0,0,0,0,0
217789,10582150,-74.166,4.621,CL 43  S- KR 80   02,2022,Octubre,3,lunes,6,30,Kennedy,Choque,Vehículo,N/A,Con Heridos,0,0,0,0,0,1,0,0,0,0,1,0,0,0,0,0,0,0,0,0,0,0
217790,10582151,-74.191,4.635,CL 56 F  S- KR 94 A  02,2022,Octubre,2,domingo,15,30,Bosa,Choque,Vehículo,N/A,Con Heridos,0,0,0,0,0,1,0,0,0,0,1,0,1,0,0,1,0,0,0,0,0,0
217791,10582156,-74.124,4.701,KR 105 F  - CL 68   02,2022,Octubre,3,lunes,22,20,Engativá,Choque,Vehículo,N/A,Con Heridos,0,0,0,0,0,1,0,0,0,0,0,0,0,0,0,0,0,0,0,0,0,0
217792,10582173,-74.093,4.631,CL 24  - KR 40   02,2022,Octubre,3,lunes,18,40,Teusaquillo,Choque,Vehículo,N/A,Con Heridos,0,0,0,0,0,0,0,0,0,0,0,0,0,0,0,0,0,0,0,0,0,0
217793,10582185,-74.135,4.616,CL 24 A  S- KR 70 B  02,2022,Octubre,2,domingo,17,10,Kennedy,Choque,Vehículo,N/A,Con Heridos,0,0,0,0,0,1,0,0,0,0,0,0,0,0,0,0,0,0,0,0,0,0
217794,10582188,-74.128,4.664,CL 22  - KR 82   02,2022,Octubre,3,lunes,15,10,Fontibón,Choque,Vehículo,N/A,Con Heridos,0,0,0,0,0,0,0,1,0,1,0,0,0,0,0,0,0,0,0,0,0,1
217795,10582190,-74.099,4.735,KR 123  - CL 103 C  02,2022,Octubre,3,lunes,8,24,Suba,Choque,Vehículo,N/A,Con Heridos,0,0,0,0,0,1,0,0,0,1,0,0,0,0,0,0,0,0,0,0,0,1
217796,10582191,-74.069,4.667,CL 74  - KR 28   02,2022,Octubre,5,miércoles,9,50,Barrios Unidos,Choque,Vehículo,N/A,Con Heridos,0,0,0,0,0,1,0,0,0,0,0,0,0,0,0,0,0,0,0,0,0,0
217797,10582195,-74.125,4.728,KR 120  - CL 80   02,2022,Octubre,3,lunes,14,2,Chapinero,Choque,Vehículo,N/A,Con Heridos,1,0,0,0,0,1,0,0,0,0,0,0,0,0,0,0,0,0,0,0,0,0
217798,10582202,-74.198,4.616,AV AVENIDA CIUDAD DE CALI - CL 73 D  S 02,2022,Octubre,3,lunes,12,30,Bosa,Choque,Vehículo,N/A,Con Heridos,0,1,0,0,0,1,0,0,0,0,0,0,0,0,0,0,0,0,0,0,0,0
217799,10582204,-74.187,4.613,CL 63  S- KR 81 G  02,2022,Octubre,3,lunes,12,58,Bosa,Atropello,N/A,N/A,Con Heridos,0,0,0,0,0,1,1,0,0,0,0,0,0,0,0,0,0,0,0,0,0,0
217800,10582211,-74.124,4.624,KR 68  - CL 3  S 02,2022,Octubre,4,martes,19,0,Puente Aranda,Choque,Vehículo,N/A,Con Heridos,0,0,0,0,0,1,0,1,0,0,0,0,0,0,0,0,0,0,0,0,0,0
217801,10582216,-74.115,4.527,CL 68 B  S- KR 8 A  02,2022,Octubre,3,lunes,18,45,Usme,Choque,Vehículo,N/A,Con Heridos,1,0,0,0,1,0,0,0,0,0,0,0,0,0,0,0,0,0,0,0,0,0
217802,10582220,-74.128,4.63,CL 6  - KR 69   02,2022,Octubre,4,martes,9,0,Kennedy,Atropello,N/A,N/A,Con Heridos,0,0,0,0,0,0,1,0,0,0,0,0,0,0,0,0,0,0,0,0,0,0
217867,10582224,-74.142,4.58,TV 60  - DG 33   02,2022,Octubre,3,lunes,6,30,Tunjuelito,Choque,Vehículo,N/A,Con Heridos,1,0,0,0,0,0,0,0,0,1,0,0,0,0,0,0,0,0,0,0,0,1
217868,10582225,-74.02,4.737,KR 3  - CL 163 B  02,2022,Octubre,3,lunes,15,45,Usaquén,Choque,Vehículo,N/A,Solo Daños,0,1,0,0,0,0,0,0,0,0,0,0,0,0,0,0,0,0,0,0,0,0
218091,10582227,-74.173,4.592,CL 60 A  S- KR 74   02,2022,Octubre,2,domingo,21,37,Ciudad Bolívar,Choque,Vehículo,N/A,Con Heridos,0,0,0,0,0,1,0,0,0,0,0,0,0,0,0,0,0,0,0,0,0,0
218092,10582229,-74.102,4.552,KR 2  E- CL 42  S 02,2022,Octubre,3,lunes,16,50,San Cristóbal,Choque,Vehículo,N/A,Solo Daños,0,0,0,0,0,0,0,0,0,0,0,0,0,0,0,0,0,0,0,0,0,0
218119,10582334,-74.097,4.733,KR 101  - CL 131 A  02,2022,Octubre,6,jueves,0,10,Suba,Choque,Objeto Fijo,Otro,Con Heridos,0,0,1,0,0,1,0,0,0,0,0,0,0,0,0,0,0,0,0,0,0,0
218120,10582347,-74.1333581573,4.6457006603,CL 11 F  - KR 73   02,2022,Octubre,7,viernes,19,40,Kennedy,Choque,Vehículo,N/A,Con Heridos,1,0,0,0,0,1,0,0,0,0,0,0,0,0,0,0,0,0,0,0,0,0
218121,10582349,-74.14171782915,4.63823622122,CL 8  - KR 78   02,2022,Octubre,7,viernes,8,51,Kennedy,Choque,Vehículo,N/A,Con Heridos,0,0,0,0,1,1,0,0,0,0,0,0,0,0,0,0,0,0,0,0,0,0
218122,10582350,-74.076213138,4.66255917000001,KR 30  - CL 67   02,2022,Octubre,6,jueves,13,50,Barrios Unidos,Choque,Vehículo,N/A,Con Heridos,0,0,0,0,0,1,0,0,0,0,0,0,0,0,0,0,0,0,0,0,0,0
218123,10582354,-74.05241006,4.68292947899999,KR 19  - CL 95   02,2022,Octubre,6,jueves,20,20,Chapinero,Choque,Vehículo,N/A,Con Heridos,1,0,0,0,0,0,0,0,0,0,0,0,0,0,0,0,0,0,0,0,0,0
218124,10582367,-74.146,4.666,CL 17  - KR 96 C  02,2022,Octubre,7,viernes,19,30,Fontibón,Choque,Vehículo,N/A,Con Heridos,0,0,0,0,0,1,0,0,0,0,0,0,0,0,0,0,0,0,0,0,0,0
218125,10582368,-74.09,4.616,KR 30  - CL 17   02,2022,Octubre,6,jueves,7,40,Los Mártires,Choque,Vehículo,N/A,Con Heridos,0,0,0,0,0,1,0,0,0,0,0,0,0,0,0,0,0,0,0,0,0,0
218126,10582370,-74.113,4.656,CL 24  - KR 69 B  02,2022,Octubre,7,viernes,20,0,Fontibón,Choque,Vehículo,N/A,Con Heridos,0,0,0,1,0,0,0,0,0,0,1,0,1,0,0,1,0,0,0,0,0,0
218127,10582373,-74.11,4.724,CL 88  - KR 111 A  02,2022,Octubre,6,jueves,18,45,Engativá,Atropello,N/A,N/A,Con Heridos,0,0,0,0,0,0,1,0,0,0,0,0,0,0,0,0,0,0,0,0,0,0
218128,10582374,-74.155,4.576,CL 68  S- KR 47   02,2022,Octubre,7,viernes,5,20,Ciudad Bolívar,Atropello,N/A,N/A,Con Heridos,0,0,1,0,0,1,1,0,0,0,0,0,0,0,0,0,0,0,0,0,0,0
218129,10582378,-74.112,4.489,CL 113  S- KR 2 A  02,2022,Octubre,5,miércoles,6,30,Usme,Atropello,N/A,N/A,Con Heridos,0,0,0,0,0,0,1,0,0,0,0,0,0,0,0,0,0,0,0,0,0,0
218130,10582379,-74.08,4.592,CL 6  - KR 8   02,2022,Octubre,7,viernes,8,40,Candelaria,Choque,Vehículo,N/A,Con Heridos,0,0,0,0,0,1,0,1,0,0,0,0,0,0,0,0,0,0,0,0,0,0
218131,10582380,-74.071,4.672,DG 76  - KR 45   02,2022,Octubre,6,jueves,13,15,Barrios Unidos,Choque,Vehículo,N/A,Con Heridos,0,0,0,0,0,1,0,1,0,0,0,0,0,0,0,0,0,0,0,0,0,0
218132,10582381,-74.122,4.616,CL 2 A  - KR 54   02,2022,Octubre,7,viernes,21,30,Puente Aranda,Choque,Vehículo,N/A,Con Heridos,0,0,0,0,0,1,0,0,0,0,1,0,1,0,0,1,0,0,0,0,0,0
218154,10582507,-74.102774758,4.70051624400003,KR 86  - CL 76   02,2022,Octubre,10,lunes,20,39,Engativá,Atropello,N/A,N/A,Con Muertos,0,0,0,0,0,1,1,1,0,0,0,0,0,0,0,0,0,0,0,0,0,0
218155,10582513,-74.115,4.634,CL 13  - KR 65   02,2022,Octubre,10,lunes,18,31,Puente Aranda,Choque,Vehículo,N/A,Con Heridos,0,0,0,0,0,1,0,0,0,0,0,0,0,0,0,0,0,0,0,0,0,0
218156,10582514,-74.08,4.6,CL 10  - KR 12   02,2022,Octubre,10,lunes,10,45,Santa Fe,Choque,Vehículo,N/A,Solo Daños,1,1,0,0,0,0,0,0,0,0,0,0,0,0,0,0,0,0,0,0,0,0
218157,10582518,-74.112,4.632,CL 13  - KR 60   02,2022,Octubre,10,lunes,5,56,Puente Aranda,Choque,Vehículo,N/A,Solo Daños,0,0,0,0,0,1,0,0,0,0,0,0,0,0,0,0,0,0,0,0,0,0
218158,10582521,-74.149,4.57,CL 61  S- KR 30   02,2022,Octubre,9,domingo,22,53,Tunjuelito,Choque,Vehículo,N/A,Solo Daños,0,0,0,0,0,0,0,0,0,1,1,0,1,0,0,1,0,0,0,0,0,1
218159,10582576,-74.068,4.674,KR 30  - CL 80   02,2022,Octubre,11,martes,18,40,Barrios Unidos,Choque,Vehículo,N/A,Solo Daños,0,1,0,0,0,0,0,1,0,0,0,0,0,0,0,0,0,0,0,0,0,0
218160,10582807,-74.125,4.571,KR 14  - DG 45 C  S 02,2022,Octubre,15,sábado,5,30,Rafael Uribe Uribe,Choque,Vehículo,N/A,Con Heridos,0,0,0,0,0,1,0,0,0,0,0,0,0,0,0,0,0,0,0,0,0,0
218161,10582808,-74.136,4.649,CL 12  - KR 79 A  02,2022,Octubre,17,lunes,0,35,Kennedy,Choque,Objeto Fijo,Vehiculo Estacionado,Con Heridos,0,0,1,0,0,1,0,0,0,0,0,0,0,0,0,0,0,0,0,0,0,0
218162,10582831,-74.084,4.631,CL 26  - KR 34   02,2022,Octubre,18,martes,12,31,Teusaquillo,Choque,Objeto Fijo,Muro,Con Heridos,0,0,0,0,0,1,0,0,0,0,0,0,0,0,0,0,0,0,0,0,0,0
218163,10582837,-74.111739783,4.54192655600002,TV 2 G BIS - DG 53  S 02,2022,Octubre,18,martes,8,20,Rafael Uribe Uribe,Choque,Objeto Fijo,Muro,Con Heridos,0,0,0,0,0,0,0,0,0,0,0,0,0,0,0,0,0,0,0,0,0,0
218164,10582839,-74.132,4.564,CL 57  S- KR 17   02,2022,Octubre,18,martes,13,50,Tunjuelito,Atropello,N/A,N/A,Con Heridos,0,0,0,0,0,0,1,0,0,0,0,0,0,0,0,0,0,0,0,0,0,0
218165,10582840,-74.068,4.594,KR 1  - CL 11   02,2022,Octubre,17,lunes,12,30,Santa Fe,Volcamiento,N/A,N/A,Con Heridos,1,0,0,1,0,0,0,1,0,0,0,0,0,0,0,0,0,0,0,0,0,0
218166,10582842,-74.113,4.499,TV 6 F  E- DG 97 D  S 02,2022,Octubre,18,martes,6,0,Usme,Choque,Vehículo,N/A,Con Heridos,0,0,0,0,0,1,0,0,0,0,0,0,0,0,0,0,0,0,0,0,0,0
218357,10582276,-74.168699648,4.6464579865,KR 93 B B - CL 34  S 15,2022,Octubre,4,martes,11,20,Kennedy,Atropello,N/A,N/A,Con Heridos,0,0,0,0,1,1,1,1,0,0,0,0,0,0,0,0,0,0,0,0,0,0
218358,10582287,-74.1359771249,4.679949757,KR 100  - CL 23 G  02,2022,Octubre,5,miércoles,8,12,Fontibón,Choque,Vehículo,N/A,Con Heridos,1,0,0,0,0,0,0,0,0,0,1,0,1,0,1,0,0,0,0,0,0,0
218359,10582309,-74.12,4.576,KR 14  - CL 40  S 02,2022,Octubre,7,viernes,1,0,Rafael Uribe Uribe,Choque,Vehículo,N/A,Con Heridos,1,0,0,0,0,0,0,0,0,1,0,0,0,0,0,0,0,0,0,0,0,1
218360,10582296,-74.0473213578,4.7155700783,KR 19  - CL 131 A  30,2022,Octubre,5,miércoles,7,50,Usaquén,Volcamiento,N/A,N/A,Con Heridos,1,0,0,1,0,0,0,0,0,0,0,0,0,0,0,0,0,0,0,0,0,0
218361,10582297,-74.168664875,4.607878954,CL 52 A A S- KR 77 P  S 43,2022,Octubre,5,miércoles,14,50,Kennedy,Atropello,N/A,N/A,Con Heridos,0,0,0,0,1,1,1,0,0,0,0,0,0,0,0,0,0,0,0,0,0,0
218362,10582316,-74.136,4.659,CL 17  - KR 86   02,2022,Octubre,6,jueves,6,45,Fontibón,Choque,Vehículo,N/A,Con Heridos,0,0,0,0,0,1,0,1,0,0,0,0,0,0,0,0,0,0,0,0,0,0
218363,10582319,-74.146,4.593,TV 60  - CL 49  S 02,2022,Octubre,5,miércoles,17,42,Tunjuelito,Choque,Vehículo,N/A,Con Heridos,1,0,0,0,0,0,0,0,0,0,1,0,1,0,0,1,0,0,0,0,0,0
218364,10582327,-74.118,4.675,CL 26  - KR 85   02,2022,Octubre,6,jueves,11,11,Fontibón,Choque,Vehículo,N/A,Solo Daños,0,1,0,0,0,0,0,0,0,0,0,0,0,0,0,0,0,0,0,0,0,0
218365,10582337,-74.077,4.612,KR 16 A  - CL 21   02,2022,Octubre,6,jueves,1,30,Los Mártires,Choque,Vehículo,N/A,Solo Daños,0,0,1,0,0,0,0,1,0,1,0,0,0,0,0,0,0,0,0,0,0,1
218366,10582991,-74.171,4.629,AV AVENIDA CIUDAD DE VILLAVICENCIO - AV AVENIDA CIUDAD DE CALI  02,2022,Octubre,22,sábado,2,25,Kennedy,Choque,Vehículo,N/A,Con Heridos,0,0,0,0,0,0,0,0,0,0,0,0,0,0,0,0,0,0,0,0,0,0
218367,10582993,-74.105,4.75,KR 145  - CL 144   02,2022,Octubre,22,sábado,9,28,Suba,Atropello,N/A,N/A,Con Heridos,0,0,0,0,0,0,1,0,0,0,0,0,0,0,0,0,0,0,0,0,0,0
218368,10582995,-74.162,4.639,KR 87 C  - CL 33  S 02,2022,Octubre,22,sábado,8,35,Kennedy,Choque,Vehículo,N/A,Con Heridos,1,0,0,0,0,1,0,0,0,0,0,0,0,0,0,0,0,0,0,0,0,0
218369,10582997,-74.1285448994,4.6103896761,KR 68  - CL 24 A  S 02,2022,Octubre,21,viernes,15,0,Puente Aranda,Caida de ocupante,N/A,N/A,Con Heridos,0,0,0,0,0,0,0,1,0,0,1,0,1,0,0,1,0,0,0,0,0,0
218370,10583003,-74.1184503558,4.6079020308,KR 50  - CL 1   02,2022,Octubre,21,viernes,6,0,Puente Aranda,Choque,Vehículo,N/A,Solo Daños,0,1,0,0,0,0,0,0,0,0,0,0,0,0,0,0,0,0,0,0,0,0
218371,10583006,-74.102183663,4.70126632099999,KR 86  - CL 77   02,2022,Octubre,20,jueves,17,53,Engativá,Choque,Vehículo,N/A,Solo Daños,0,1,0,0,0,0,0,0,0,1,0,0,0,0,0,0,0,0,0,0,0,1
218372,10583007,-74.098,4.684,CL 68  S- TV 70 C  02,2022,Octubre,22,sábado,21,10,Ciudad Bolívar,Choque,Vehículo,N/A,Con Heridos,1,0,0,0,0,1,0,0,0,0,0,0,0,0,0,0,0,0,0,0,0,0
218373,10583012,-74.112,4.595,KR 30  - CL 19 A  02,2022,Octubre,21,viernes,16,5,Los Mártires,Choque,Vehículo,N/A,Con Heridos,0,0,0,0,0,0,0,1,0,0,0,0,0,0,0,0,0,0,0,0,0,0
218374,10583014,-74.137,4.68,CL 23 D  - KR 100   02,2022,Octubre,20,jueves,13,30,Fontibón,Choque,Vehículo,N/A,Solo Daños,0,0,0,0,0,0,0,0,0,0,1,0,1,0,0,1,0,0,0,0,0,0
218375,10583019,-74.143,4.566,DG 62  S- TV 20 F  02,2022,Octubre,21,viernes,23,35,Ciudad Bolívar,Choque,Vehículo,N/A,Con Heridos,0,0,0,0,0,1,0,0,0,0,0,0,0,0,0,0,0,0,0,0,0,0
218419,10582382,-74.098,4.679,KR 71  - CL 65 B  02,2022,Octubre,8,sábado,1,41,Engativá,Choque,Objeto Fijo,Muro,Con Heridos,0,0,0,0,0,1,0,0,0,0,0,0,0,0,0,0,0,0,0,0,0,0
218420,10582383,-74.139,4.573,AV AVENIDA BOYACA - KR 24   02,2022,Octubre,6,jueves,14,30,Tunjuelito,Choque,Vehículo,N/A,Con Heridos,0,1,0,0,0,1,0,0,0,0,0,0,0,0,0,0,0,0,0,0,0,0
218421,10582385,-74.076,4.62,AC 26  - KR 19 B  02,2022,Octubre,7,viernes,6,10,Teusaquillo,Choque,Vehículo,N/A,Con Heridos,0,0,0,0,0,1,0,1,0,0,0,0,0,0,0,0,0,0,0,0,0,0
218422,10582386,-74.093,4.598,CL 3  - KR 21   02,2022,Octubre,6,jueves,12,25,Los Mártires,Atropello,N/A,N/A,Con Heridos,0,0,0,0,1,0,1,0,0,1,0,0,0,0,0,0,0,0,0,0,0,1
218423,10582387,-74.102,4.565,KR 8  - CL 35 BIS  02,2022,Octubre,7,viernes,7,0,San Cristóbal,Choque,Vehículo,N/A,Con Heridos,0,0,0,0,0,1,0,0,0,0,0,0,0,0,0,0,0,0,0,0,0,0
218424,10582397,-74.138,4.651,CL 12  - KR 80 C  02,2022,Octubre,5,miércoles,8,10,Kennedy,Atropello,N/A,N/A,Con Heridos,0,1,0,0,0,0,1,1,0,0,0,0,0,0,0,0,0,0,0,0,0,0
218425,10582409,-74.153,4.607,KR 72 N  - CL 45  S 02,2022,Octubre,8,sábado,5,30,Kennedy,Choque,Vehículo,N/A,Con Heridos,0,0,0,0,0,1,0,0,0,1,0,0,0,0,0,0,0,0,0,0,0,1
218428,10581945,-74.102136323,4.62369102399998,CL 13  - KR 43   02,2022,Octubre,3,lunes,23,30,Puente Aranda,Choque,Vehículo,N/A,Con Muertos,0,0,0,0,0,1,0,0,0,0,1,0,0,0,0,0,0,0,0,0,0,0
218431,10581962,-74.1,4.659,KR 68  - CL 55   02,2022,Octubre,1,sábado,2,30,Barrios Unidos,Volcamiento,N/A,N/A,Con Heridos,0,0,0,0,0,1,0,0,0,0,0,0,0,0,0,0,0,0,0,0,0,0
218434,10581968,-74.12,4.666,KR 75  - CL 24   02,2022,Octubre,1,sábado,0,3,Fontibón,Choque,Vehículo,N/A,Solo Daños,0,0,0,0,0,0,0,0,0,0,1,0,1,0,0,1,0,0,0,0,0,0
218437,10582269,-74.09928026,4.57978708600001,KR 12 D  - CL 20  S 02,2022,Octubre,5,miércoles,22,0,Antonio Nariño,Choque,Vehículo,N/A,Con Heridos,0,0,0,0,0,1,0,0,0,0,0,0,0,0,0,0,0,0,0,0,0,0
218440,10582050,-74.121,4.531,KR 14  - CL 67  S 02,2022,Octubre,1,sábado,19,14,Usme,Choque,Vehículo,N/A,Con Heridos,0,0,0,0,0,1,0,0,0,1,0,0,0,0,0,0,0,0,0,0,0,1
218441,10582071,-74.112260149,4.61557342600003,TV 42  - CL 3 B  02,2022,Octubre,1,sábado,9,30,Puente Aranda,Choque,Vehículo,N/A,Con Heridos,0,0,0,0,0,1,0,0,0,0,0,0,0,0,0,0,0,0,0,0,0,0
218443,10582375,-74.106,4.676,CL 63  - KR 73 A  02,2022,Octubre,6,jueves,10,53,Engativá,Choque,Vehículo,N/A,Con Heridos,0,0,0,0,0,1,0,0,0,0,0,0,0,0,0,0,0,0,0,0,0,0
218444,10582376,-74.1,4.704,CL 82  - KR 86   02,2022,Octubre,6,jueves,10,48,Engativá,Choque,Vehículo,N/A,Con Heridos,1,0,0,0,0,0,0,0,0,0,0,0,0,0,0,0,0,0,0,0,0,0
218445,10582377,-74.068,4.619,KR 7  - CL 32   02,2022,Octubre,8,sábado,0,50,Santa Fe,Atropello,N/A,N/A,Con Heridos,0,0,0,0,0,1,1,0,0,0,0,0,0,0,0,0,0,0,0,0,0,0
218446,10582523,-74.092,4.573,CL 22  S- KR 6   02,2022,Octubre,11,martes,5,45,San Cristóbal,Atropello,N/A,N/A,Con Heridos,0,0,0,0,0,1,1,0,0,0,0,0,0,0,0,0,0,0,0,0,0,0
218447,10582643,-74.112,4.632,CL 13  - KR 60   02,2022,Octubre,12,miércoles,20,40,Puente Aranda,Choque,Vehículo,N/A,Con Heridos,0,0,0,0,0,1,0,0,0,0,0,0,0,0,0,0,0,0,0,0,0,0
218448,10582702,-74.088,4.585,KR 10  - CL 4   02,2022,Octubre,15,sábado,3,10,San Cristóbal,Choque,Vehículo,N/A,Solo Daños,0,0,0,0,0,0,0,0,0,1,0,0,0,0,0,0,0,0,0,0,0,1
218707,10582270,-74.071401281,4.66967500300001,KR 30  - CL 75   02,2022,Octubre,5,miércoles,20,25,Barrios Unidos,Choque,Vehículo,N/A,Con Heridos,0,0,0,0,1,1,0,0,0,0,0,0,0,0,0,0,0,0,0,0,0,0
218708,10582271,-74.0994686559,4.7049381803,CL 82  - KR 86   02,2022,Octubre,4,martes,17,40,Engativá,Choque,Vehículo,N/A,Con Heridos,1,0,0,0,0,0,0,1,0,0,0,0,0,0,0,0,0,0,0,0,0,0
218709,10582274,-74.083729264,4.5415533003,KR 13 B B E- CL 44 B  S 26,2022,Octubre,4,martes,7,12,San Cristóbal,Atropello,N/A,N/A,Con Heridos,0,0,0,0,1,1,1,0,0,0,0,0,0,0,0,0,0,0,0,0,0,0
218710,10582280,-74.0906450684,4.5641140468,DG 28 BIS S- KR 1  E 02,2022,Octubre,4,martes,21,0,San Cristóbal,Choque,Vehículo,N/A,Con Heridos,0,0,0,0,0,1,0,0,0,0,1,0,1,0,0,1,0,0,0,0,0,0
218711,10582281,-74.1085936863,4.7186686286,KR 103 C  - CL 86 A  02,2022,Octubre,4,martes,13,30,Engativá,Choque,Vehículo,N/A,Con Heridos,0,0,0,0,0,1,0,0,0,0,0,0,0,0,0,0,0,0,0,0,0,0
218712,10582283,-74.1470321427,4.633416654,TV 78 C  - DG 6 B BIS A 02,2022,Octubre,5,miércoles,11,35,Kennedy,Caida de ocupante,N/A,N/A,Con Heridos,0,0,0,0,0,0,0,0,0,0,1,0,1,0,1,0,0,0,0,0,0,0
218713,10582291,-74.0960586463,4.7147565342,KR 91  - CL 95   02,2022,Octubre,5,miércoles,21,0,Engativá,Choque,Vehículo,N/A,Con Heridos,0,0,0,0,0,1,0,0,0,1,0,0,0,0,0,0,0,0,0,0,0,1
218714,10582299,-74.1205257289,4.6799863771,CL 26  - KR 90   02,2022,Octubre,5,miércoles,14,10,Fontibón,Choque,Vehículo,N/A,Solo Daños,0,1,0,0,0,0,0,0,0,1,0,0,0,0,0,0,0,0,0,0,0,1
218715,10582488,-74.048,4.692,CL 106  - KR 17   02,2022,Octubre,7,viernes,20,30,Usaquén,Choque,Vehículo,N/A,Solo Daños,0,0,0,0,0,0,0,0,0,1,0,0,0,0,0,0,0,0,0,0,0,1
218716,10582502,-74.148,4.546,KR 19  - CL 70 G  S 02,2022,Octubre,10,lunes,9,0,Ciudad Bolívar,Atropello,N/A,N/A,Con Heridos,0,0,0,0,0,0,1,0,0,0,0,0,0,0,0,0,0,0,0,0,0,0
218717,10582711,-74.088,4.614,KR 27  - CL 17   02,2022,Octubre,15,sábado,16,40,Los Mártires,Choque,Vehículo,N/A,Solo Daños,0,0,0,0,0,1,0,0,0,0,0,0,0,0,0,0,0,0,0,0,0,0
218718,10582712,-74.055,4.699,AU NORTE - CL 116   02,2022,Octubre,16,domingo,4,23,Usaquén,Choque,N/A,N/A,Solo Daños,0,0,0,0,0,0,0,0,0,0,0,0,0,0,0,0,0,0,0,0,0,0
218719,10582928,-74.108558563,4.62804329300002,AV AVENIDA DE LAS AMERICAS - KR 50   02,2022,Octubre,19,miércoles,12,41,Puente Aranda,Choque,Vehículo,N/A,Con Heridos,0,0,0,0,0,1,0,1,0,0,0,0,0,0,0,0,0,0,0,0,0,0
218720,10582933,-74.097,4.674,CL 64 C  - KR 69 L  02,2022,Octubre,20,jueves,8,45,Engativá,Choque,Vehículo,N/A,Con Heridos,0,0,0,0,0,0,0,0,0,1,0,0,0,0,0,0,0,0,0,0,0,1
218721,10582957,-74.052,4.668,CL 85  - KR 11   02,2022,Octubre,19,miércoles,15,0,Chapinero,Choque,Vehículo,N/A,Con Heridos,0,0,0,0,0,1,0,0,0,0,0,0,0,0,0,0,0,0,0,0,0,0
218722,10582978,-74.117,4.582,KR 24  - CL 33  S 02,2022,Octubre,20,jueves,14,0,Rafael Uribe Uribe,Caida de ocupante,N/A,N/A,Con Heridos,0,0,0,0,0,0,0,1,0,0,1,0,1,0,0,1,0,0,0,0,0,0
218723,10582272,-74.04554990713,4.75921964246,AU NORTE - CL 182   02,2022,Octubre,5,miércoles,7,46,Usaquén,Caida de ocupante,N/A,N/A,Con Heridos,0,0,0,0,1,0,0,0,0,0,1,0,0,0,0,0,0,0,0,0,0,0
218724,10582277,-74.1093367544,4.5119484744,CL 76 B  S- KR 7   02,2022,Octubre,4,martes,8,45,Usme,Choque,Vehículo,N/A,Con Heridos,0,0,0,0,0,1,0,0,0,1,0,0,0,0,0,0,0,0,0,0,0,1
218725,10582789,-74.062,4.638,TV 4  - CL 52 A  02,2022,Octubre,17,lunes,20,55,Chapinero,Volcamiento,N/A,N/A,Con Heridos,0,0,0,0,0,1,0,0,0,0,0,0,0,0,0,0,0,0,0,0,0,0
218726,10582791,-74.057,4.687,AU NORTE - CL 100   02,2022,Octubre,17,lunes,5,0,Chapinero,Choque,Objeto Fijo,Otro,Con Heridos,0,1,0,0,0,0,0,0,0,0,0,0,0,0,0,0,0,0,0,0,0,0
218727,10583043,-74.133,4.701,CL 63  - KR 110 D BIS  02,2022,Octubre,23,domingo,4,0,Engativá,Choque,Vehículo,N/A,Solo Daños,0,0,1,0,0,0,0,0,0,0,0,0,0,0,0,0,0,0,0,0,0,0
218728,10583067,-74.111,4.616,TV 42  - CL 4 A  02,2022,Octubre,24,lunes,5,54,Puente Aranda,Choque,Vehículo,N/A,Con Heridos,0,0,0,0,0,1,0,0,0,0,0,0,0,0,0,0,0,0,0,0,0,0
218729,10583079,-74.094551771,4.55216676600003,DG 39  S- KR 3  E 02,2022,Octubre,24,lunes,19,30,San Cristóbal,Atropello,N/A,N/A,Con Heridos,0,0,0,0,0,1,1,0,0,0,0,0,0,0,0,0,0,0,0,0,0,0
218730,10583082,-74.1,4.689,KR 76  - CL 71   02,2022,Octubre,24,lunes,6,15,Engativá,Choque,Objeto Fijo,Inmueble,Solo Daños,0,1,0,0,0,0,0,0,0,0,0,0,0,0,0,0,0,0,0,0,0,0
218731,10583098,-74.143,4.653,AC 13  - AV AVENIDA CIUDAD DE CALI  02,2022,Octubre,25,martes,21,16,Fontibón,Choque,Vehículo,N/A,Con Muertos,0,0,0,0,0,1,0,0,0,0,1,0,0,0,0,0,0,0,0,0,0,0
218732,10583102,-74.124,4.629,CL 6  - KR 68 A  02,2022,Octubre,19,miércoles,9,0,Kennedy,Volcamiento,N/A,N/A,Con Heridos,1,0,0,0,0,0,0,0,0,0,0,0,0,0,0,0,0,0,0,0,0,0
218733,10583106,-74.075,4.608,KR 13  - CL 19   02,2022,Octubre,24,lunes,22,0,Santa Fe,Choque,Vehículo,N/A,Con Heridos,0,0,0,0,0,1,0,0,0,0,0,0,0,0,0,0,0,0,0,0,0,0
218734,10583112,-74.0726803448,4.6010801831,CL 13  - KR 6   02,2022,Octubre,24,lunes,18,38,Santa Fe,Atropello,N/A,N/A,Con Heridos,0,0,0,0,1,0,1,0,0,0,0,0,0,0,0,0,0,0,0,0,0,0
218735,10583116,-74.1876637359,4.6195044088,KR 86  - CL 60  S 02,2022,Octubre,25,martes,17,2,Kennedy,Choque,Vehículo,N/A,Con Heridos,0,0,0,0,0,1,0,1,0,0,1,0,1,0,0,1,0,0,0,0,0,0
218736,10583117,-74.1347963253,4.565828318,CL 57  S- KR 19   17,2022,Octubre,24,lunes,14,0,Tunjuelito,Atropello,N/A,N/A,Con Heridos,0,0,0,0,0,0,1,0,0,0,0,0,0,0,0,0,0,0,0,0,0,0
218737,10583120,-74.181732672,4.60092219299997,CL 65  S- KR 78   02,2022,Octubre,25,martes,19,54,Bosa,Atropello,N/A,N/A,Con Heridos,1,0,0,0,0,0,0,0,0,0,1,0,1,0,1,0,0,0,0,0,0,0
218774,10582125,-74.098148688,4.572328895,CL 27  S- KR 10   02,2022,Octubre,2,domingo,17,30,Rafael Uribe Uribe,Atropello,N/A,N/A,Con Heridos,0,0,0,0,0,0,1,1,0,0,0,0,0,0,0,0,0,0,0,0,0,0
218775,10582139,-74.079858402,4.73508622399999,CL 145  - KR 83   02,2022,Octubre,1,sábado,7,34,Suba,Choque,Vehículo,N/A,Solo Daños,0,0,0,0,0,1,0,0,0,0,0,0,0,0,0,0,0,0,0,0,0,0
218776,10582143,-74.165,4.691,CL 17  - KR 129   02,2022,Octubre,1,sábado,18,40,Fontibón,Choque,Vehículo,N/A,Solo Daños,0,0,0,0,0,1,0,0,0,0,0,0,0,0,0,0,0,0,0,0,0,0
218777,10582159,-74.11,4.545,CL 49 B  S- KR 3   02,2022,Octubre,2,domingo,17,45,Rafael Uribe Uribe,Choque,Vehículo,N/A,Con Heridos,0,0,0,0,0,1,0,0,0,0,1,0,1,0,0,1,0,0,0,0,0,0
218778,10582160,-74.046,4.675,KR 10  - CL 93 A  02,2022,Octubre,2,domingo,13,8,Chapinero,Choque,Vehículo,N/A,Con Heridos,0,0,0,0,0,1,0,1,0,0,0,0,0,0,0,0,0,0,0,0,0,0
218779,10582166,-74.098,4.604,CL 5 A  - KR 28 A  02,2022,Octubre,2,domingo,18,29,Los Mártires,Choque,Vehículo,N/A,Con Heridos,0,0,0,0,1,0,0,0,0,0,0,0,0,0,0,0,0,0,0,0,0,0
219009,10582983,-74.101193965,4.585908308,KR 19  - CL 17  S 02,2022,Octubre,21,viernes,21,30,Antonio Nariño,Atropello,N/A,N/A,Con Heridos,0,0,0,0,0,0,1,1,0,0,0,0,0,0,0,0,0,0,0,0,0,0
219010,10582994,-74.085,4.589,KR 10  - CL 1  S 02,2022,Octubre,22,sábado,2,46,Antonio Nariño,Atropello,N/A,N/A,Con Heridos,0,0,0,0,0,1,1,0,0,0,0,0,0,0,0,0,0,0,0,0,0,0
219011,10583001,-74.103,4.682,KR 74  - CL 65 A  02,2022,Octubre,22,sábado,17,0,Engativá,Choque,Vehículo,N/A,Con Heridos,0,0,0,0,0,1,0,0,0,1,0,0,0,0,0,0,0,0,0,0,0,1
219012,10583017,-74.094,4.688,KR 72  - CL 73   02,2022,Octubre,21,viernes,5,45,Engativá,Choque,Vehículo,N/A,Solo Daños,0,1,0,0,0,0,0,1,0,0,0,0,0,0,0,0,0,0,0,0,0,0
219070,10582168,-74.145,4.539,KR 18 C A - CL 77 A  S 02,2022,Octubre,3,lunes,15,27,Rafael Uribe Uribe,Atropello,N/A,N/A,Con Heridos,0,1,0,0,1,0,1,0,0,0,0,0,0,0,0,0,0,0,0,0,0,0
219071,10582301,-74.16141880037,4.59618532278,CL 57 R  S- KR 70 C  02,2022,Octubre,4,martes,23,5,Bosa,Choque,Vehículo,N/A,Con Heridos,0,0,0,0,0,0,0,0,0,0,0,0,0,0,0,0,0,0,0,0,0,0
219072,10582303,-74.10857109015,4.70237945764,KR 92  - CL 75   02,2022,Octubre,6,jueves,3,57,Engativá,Choque,Vehículo,N/A,Solo Daños,0,0,0,0,0,0,0,0,0,0,1,0,1,0,0,1,0,0,0,0,0,0
219107,10582524,-74.121,4.603,KR 50  - AV AVENIDA PRIMERO DE MAYO  02,2022,Octubre,9,domingo,18,40,Puente Aranda,Choque,Vehículo,N/A,Con Heridos,0,0,0,0,0,1,0,0,0,1,0,0,0,0,0,0,0,0,0,0,0,1
219108,10582529,-74.121,4.556,CL 51  S- KR 7   02,2022,Octubre,10,lunes,15,0,Rafael Uribe Uribe,Choque,Vehículo,N/A,Con Heridos,0,0,0,0,0,1,0,0,0,0,0,0,0,0,0,0,0,0,0,0,0,0
219109,10582535,-74.11,4.505,KR 7  - CL 89  S 02,2022,Octubre,10,lunes,1,20,Usaquén,Atropello,N/A,N/A,Con Heridos,0,0,0,0,0,0,1,1,0,1,0,0,0,0,0,0,0,0,0,0,0,1
219110,10582669,-74.105,4.705,CL 80  - KR 90 A  02,2022,Octubre,13,jueves,10,0,Engativá,Choque,Vehículo,N/A,Con Heridos,0,0,0,0,0,1,0,0,0,0,0,0,0,0,0,0,0,0,0,0,0,0
219111,10582678,-74.169,4.694,KR 135  - CL 17   02,2022,Octubre,14,viernes,0,1,Fontibón,Choque,Vehículo,N/A,Con Heridos,0,1,0,0,0,1,0,0,0,0,0,0,0,0,0,0,0,0,0,0,0,0
219393,10582679,-74.2,4.603,CL 73 C  S- KR 77 M  02,2022,Octubre,14,viernes,9,0,Bosa,Atropello,N/A,N/A,Con Heridos,0,0,0,0,0,0,1,1,0,0,0,0,0,0,0,0,0,0,0,0,0,0
219394,10582682,-74.159,4.586,DG 67 A  S- TV 69 B  02,2022,Octubre,15,sábado,11,40,Ciudad Bolívar,Choque,Objeto Fijo,Otro,Con Muertos,0,0,0,0,0,1,0,0,0,0,0,0,0,0,0,0,0,0,0,0,0,0
219395,10582739,-74.11,4.665,CL 48  - KR 71   02,2022,Octubre,15,sábado,20,35,Engativá,Otro,N/A,N/A,Con Heridos,0,0,0,0,0,1,0,0,0,0,0,0,0,0,0,0,0,0,0,0,0,0
219396,10583131,-74.1528384547,4.6546880549,CL 10  - KR 90 A  02,2022,Octubre,24,lunes,15,10,Kennedy,Choque,Vehículo,N/A,Con Heridos,0,0,0,0,0,1,0,1,0,1,0,0,0,0,0,0,0,0,0,0,0,1
219397,10583132,-74.1980226125,4.6081485483,KR 80 J  - CL 73  S 02,2022,Octubre,24,lunes,11,0,Bosa,Choque,Vehículo,N/A,Con Heridos,1,0,0,0,1,1,0,0,0,0,0,0,0,0,0,0,0,0,0,0,0,0
219398,10583228,-74.21253351157,4.63008222748,CL 63  S- KR 98 A  02,2022,Octubre,26,miércoles,11,47,Bosa,Atropello,N/A,N/A,Con Heridos,0,0,0,0,0,1,1,1,0,0,0,0,0,0,0,0,0,0,0,0,0,0
219399,10583172,-74.1469865032,4.6491216469,KR 86  - CL 10   02,2022,Octubre,25,martes,11,22,Kennedy,Choque,Vehículo,N/A,Con Heridos,0,0,0,0,0,1,0,0,0,0,1,0,1,0,0,1,0,0,0,0,0,0
220263,10583144,-74.0537311715,4.7066649789,CL 127  - KR 45   02,2022,Octubre,24,lunes,17,20,Usaquén,Atropello,N/A,N/A,Con Heridos,0,0,0,0,0,0,0,0,0,0,0,0,0,0,0,0,0,0,0,0,0,0
220525,10582142,-74.153,4.643,KR 86  - CL 6 D  02,2022,Octubre,2,domingo,7,5,Kennedy,Choque,Vehículo,N/A,Con Heridos,0,0,0,0,0,1,0,0,0,0,1,0,0,0,0,0,0,0,0,0,0,0
220527,10582146,-74.086,4.693,KR 70 C  - CL 80   02,2022,Octubre,2,domingo,19,0,Engativá,Choque,Vehículo,N/A,Solo Daños,0,0,0,0,0,0,0,0,0,1,0,0,0,0,0,0,0,0,0,0,0,1
220528,10582153,-74.183,4.607,CL 63  S- KR 79 C  02,2022,Octubre,3,lunes,6,5,Bosa,Choque,Vehículo,N/A,Con Heridos,0,0,0,0,0,1,0,0,0,0,0,0,0,0,0,0,0,0,0,0,0,0
220530,10582171,-74.073,4.645,CL 57  - TV 25   02,2022,Octubre,3,lunes,20,30,Teusaquillo,Choque,Vehículo,N/A,Con Heridos,0,0,0,0,0,1,0,1,0,0,0,0,0,0,0,0,0,0,0,0,0,0
220531,10582176,-74.113,4.595,KR 22  - CL 27  E 02,2022,Octubre,3,lunes,17,30,Antonio Nariño,Atropello,N/A,N/A,Con Heridos,0,0,0,0,0,1,1,1,0,0,0,0,0,0,0,0,0,0,0,0,0,0
220532,10582181,-74.046,4.704,KR 17 A  - CL 125   02,2022,Octubre,3,lunes,7,50,Usaquén,Choque,Vehículo,N/A,Solo Daños,0,0,0,0,0,0,0,0,0,1,0,0,0,0,0,0,0,0,0,0,0,1
220533,10582183,-74.15,4.645,KR 83  - CL 8   02,2022,Octubre,2,domingo,20,40,Kennedy,Atropello,N/A,N/A,Con Heridos,0,0,0,0,0,1,1,0,0,0,0,0,0,0,0,0,0,0,0,0,0,0
220534,10582186,-74.109,4.633,KR 57  - CL 17   02,2022,Octubre,1,sábado,13,45,Puente Aranda,Choque,Vehículo,N/A,Solo Daños,0,1,0,0,0,0,0,0,0,0,0,0,0,0,0,0,0,0,0,0,0,0
220535,10583203,-74.06574694102,4.64413911926,KR 14 A  - CL 57   02,2022,Octubre,26,miércoles,15,5,Teusaquillo,Atropello,N/A,N/A,Con Heridos,0,0,0,0,1,0,1,0,0,0,0,0,0,0,0,0,0,0,0,0,0,0
220536,10583209,-74.144579155,4.67154037699999,CL 17  - KR 98   02,2022,Octubre,25,martes,11,0,Fontibón,Choque,Vehículo,N/A,Con Heridos,0,0,0,0,0,1,0,0,0,0,0,0,0,0,0,0,0,0,0,0,0,0
220537,10583212,-74.09608004277,4.74082675098,CL 139  - KR 103   02,2022,Octubre,26,miércoles,13,30,Suba,Choque,Vehículo,N/A,Con Heridos,1,0,0,0,0,0,0,0,0,0,1,0,1,0,1,0,0,0,0,0,0,0
220538,10583214,-74.02755228464,4.76408976053,KR 7  - CL 187 B  02,2022,Octubre,26,miércoles,18,50,Usaquén,Choque,Vehículo,N/A,Solo Daños,0,0,0,0,0,0,0,0,0,0,1,0,1,0,0,1,0,0,0,0,0,0
220556,10582231,-74.071,4.657,CL 66  - KR 24   02,2022,Octubre,3,lunes,13,30,Barrios Unidos,Choque,Vehículo,N/A,Solo Daños,0,0,0,0,0,0,0,1,0,0,1,0,1,0,0,1,0,0,0,0,0,0
220558,10582246,-74.151,4.659,CL 13  - KR 96 B  02,2022,Octubre,4,martes,23,51,Fontibón,Choque,Vehículo,N/A,Solo Daños,0,1,0,0,0,0,0,0,0,0,0,0,0,0,0,0,0,0,0,0,0,0
220559,10582247,-74.173,4.596,CL 57 R  S- KR 74 G  02,2022,Octubre,4,martes,20,35,Bosa,Choque,Vehículo,N/A,Solo Daños,0,0,0,0,0,0,0,0,0,0,1,0,1,0,1,0,0,0,0,0,0,0
220560,10583145,-74.0611855286,4.6707552486,CL 83  - KR 21 A  02,2022,Octubre,24,lunes,11,54,Barrios Unidos,Choque,Vehículo,N/A,Con Heridos,0,0,0,0,0,1,0,0,0,0,0,0,0,0,0,0,0,0,0,0,0,0
220561,10583146,-74.0648671957,4.7507004058,CL 167  - KR 72   02,2022,Octubre,23,domingo,19,0,Suba,Atropello,N/A,N/A,Con Heridos,0,0,0,0,0,1,1,1,0,0,0,0,0,0,0,0,0,0,0,0,0,0
220562,10583148,-74.0647321776,4.6003599414,AV AVENIDA CIRCUNVALAR DEL SUR - CL 18   23,2022,Octubre,25,martes,13,45,Candelaria,Choque,Objeto Fijo,Baranda,Con Heridos,0,0,0,0,0,0,0,0,0,0,0,0,0,0,0,0,0,0,0,0,0,0
220563,10583196,-74.084169026,4.63090919400003,KR 34 A  - CL 25 F  02,2022,Octubre,27,jueves,8,15,Teusaquillo,Choque,Vehículo,N/A,Con Heridos,0,0,0,0,0,1,0,0,0,0,0,0,0,0,0,0,0,0,0,0,0,0
220564,10583193,-74.05318938999,4.71303276157,KR 45  - CL 128 A  02,2022,Octubre,27,jueves,8,17,Usaquén,Choque,Vehículo,N/A,Con Heridos,0,0,0,0,0,1,0,0,0,0,0,0,0,0,0,0,0,0,0,0,0,0
220565,10583198,-74.1314664263,4.72263117945,CL 77 B  - KR 119 A  02,2022,Octubre,27,jueves,8,7,Engativá,Choque,Vehículo,N/A,Con Heridos,1,0,0,0,0,0,0,0,0,0,1,0,1,0,0,1,0,0,0,0,0,0
220566,10583199,-74.114085481,4.62983726300001,KR 60  - CL 11   02,2022,Octubre,27,jueves,22,24,Puente Aranda,Choque,Vehículo,N/A,Con Muertos,0,0,0,0,0,1,0,0,0,0,0,0,0,0,0,0,0,0,0,0,0,0
220567,10583204,-74.1189995188,4.70595081784,CL 72  - KR 104   02,2022,Octubre,26,miércoles,22,40,Engativá,Choque,Vehículo,N/A,Con Heridos,0,0,1,0,0,0,0,0,0,0,0,0,0,0,0,0,0,0,0,0,0,0
220568,10583208,-74.09466651861,4.6002297895,KR 24  - CL 4 B  02,2022,Octubre,26,miércoles,10,42,Los Mártires,Atropello,N/A,N/A,Con Heridos,0,0,0,0,0,1,1,0,0,0,0,0,0,0,0,0,0,0,0,0,0,0
220569,10583213,-74.100248418,4.703145592,AV AVENIDA CIUDAD DE CALI - CL 80   02,2022,Octubre,25,martes,9,50,Engativá,Caida de ocupante,N/A,N/A,Con Heridos,0,0,0,0,0,0,0,0,0,0,1,0,1,0,0,1,0,0,0,0,0,0
220570,10583220,-74.0657415766,4.67851289258,KR 50  - CL 87   02,2022,Octubre,25,martes,8,30,Barrios Unidos,Choque,Vehículo,N/A,Solo Daños,0,0,0,0,0,0,0,0,0,0,0,0,0,0,0,0,0,0,0,0,0,0
220571,10583221,-74.03478888457,4.8204277202,AU NORTE - CL 245   02,2022,Octubre,26,miércoles,15,30,Usaquén,Choque,Vehículo,N/A,Solo Daños,0,0,0,0,0,0,0,0,0,0,1,0,0,0,0,0,0,0,0,0,0,0
220572,10583222,-74.066454657,4.63847074400002,KR 14  - CL 51   02,2022,Octubre,26,miércoles,17,2,Chapinero,Atropello,N/A,N/A,Con Heridos,0,0,0,0,0,1,1,0,0,0,0,0,0,0,0,0,0,0,0,0,0,0
220573,10583226,-74.104064979,4.69435986954,CL 72  - KR 83   02,2022,Octubre,26,miércoles,15,21,Engativá,Caida de ocupante,N/A,N/A,Con Heridos,0,0,0,0,0,0,0,0,0,0,1,0,1,0,0,1,0,0,0,0,0,0
220574,10583229,-74.11386040633,4.66373488907,AV AVENIDA BOYACA - CL 25   02,2022,Octubre,26,miércoles,22,30,Fontibón,Choque,Vehículo,N/A,Con Heridos,0,0,0,0,0,1,0,0,0,0,1,0,0,0,0,0,0,0,0,0,0,0
220575,10583231,-74.11816266959,4.65915813602,KR 72  - CL 23   02,2022,Octubre,26,miércoles,6,36,Fontibón,Choque,Vehículo,N/A,Con Heridos,0,1,0,0,0,1,0,0,0,0,0,0,0,0,0,0,0,0,0,0,0,0
220576,10583256,-74.08346561377,4.77266985166,KR 111  - CL 170   02,2022,Octubre,19,miércoles,13,43,Suba,Choque,Objeto Fijo,Poste,Solo Daños,0,0,0,0,0,0,0,0,0,0,0,0,0,0,0,0,0,0,0,0,0,0
220577,10583261,-74.03505710547,4.71324317904,KR 10  - CL 134   02,2022,Octubre,30,domingo,2,15,Usaquén,Choque,Vehículo,N/A,Solo Daños,0,0,0,0,0,0,0,0,0,1,0,0,0,0,0,0,0,0,0,0,0,1
220578,10583350,-74.19872549956,4.63427419404,KR 97 C  - CL 63  S 02,2022,Octubre,28,viernes,20,26,Bosa,Atropello,N/A,N/A,Con Heridos,0,0,0,0,1,0,1,0,0,0,1,0,0,0,0,0,0,0,0,0,0,0
220579,10583352,-74.12480381911,4.65086002182,KR 72  - CL 18 A  02,2022,Octubre,28,viernes,22,45,Fontibón,Choque,Vehículo,N/A,Con Heridos,0,0,0,0,0,1,0,0,0,0,0,0,0,0,0,0,0,0,0,0,0,0
220580,10582187,-74.058,4.707,CL 127  - KR 50   02,2022,Octubre,3,lunes,8,8,Suba,Choque,Vehículo,N/A,Con Heridos,0,0,0,0,0,1,0,0,0,0,0,0,0,0,0,0,0,0,0,0,0,0
220581,10582194,-74.136,4.68,KR 100  - CL 23 G  02,2022,Octubre,3,lunes,16,35,Fontibón,Choque,Vehículo,N/A,Con Heridos,1,1,0,1,0,0,0,0,0,0,0,0,0,0,0,0,0,0,0,0,0,0
220582,10582205,-74.114,4.596,AU SUR - AV AVENIDA PRIMERO DE MAYO  02,2022,Octubre,4,martes,8,15,Puente Aranda,Choque,Vehículo,N/A,Con Heridos,1,0,0,0,0,1,0,0,0,0,0,0,0,0,0,0,0,0,0,0,0,0
220584,10582212,-74.102,4.567,AK 10  - CL 37  S 02,2022,Octubre,3,lunes,13,25,Rafael Uribe Uribe,Choque,Vehículo,N/A,Solo Daños,0,0,0,0,0,0,0,0,0,0,1,0,1,0,0,1,0,0,0,0,0,0
220585,10582213,-74.169,4.604,KR 77 G  - CL 65 A  S 02,2022,Octubre,3,lunes,21,7,Bosa,Choque,Vehículo,N/A,Con Heridos,0,1,0,0,0,1,0,0,0,0,0,0,0,0,0,0,0,0,0,0,0,0
220586,10582214,-74.107,4.598,KR 30  - CL 8   02,2022,Octubre,4,martes,20,5,Puente Aranda,Atropello,N/A,N/A,Con Heridos,0,0,0,0,0,1,1,0,0,0,0,0,0,0,0,0,0,0,0,0,0,0
220587,10582226,-74.097,4.594,CL 1  - KR 24   02,2022,Octubre,3,lunes,15,0,Antonio Nariño,Choque,Vehículo,N/A,Con Heridos,0,0,0,0,0,1,0,0,0,0,0,0,0,0,0,0,0,0,0,0,0,0
220588,10582232,-74.074,4.642,KR 24  - CL 53   02,2022,Octubre,4,martes,21,20,Teusaquillo,Choque,Vehículo,N/A,Con Heridos,0,1,0,0,0,1,0,0,0,0,0,0,0,0,0,0,0,0,0,0,0,0
220590,10582238,-74.095,4.72,CL 127  - KR 93   02,2022,Octubre,3,lunes,12,53,Suba,Choque,Vehículo,N/A,Con Heridos,1,0,0,0,0,1,0,0,0,0,0,0,0,0,0,0,0,0,0,0,0,0
220591,10582249,-74.133,4.603,KR 68  - CL 38  S 02,2022,Octubre,4,martes,7,0,Puente Aranda,Choque,Vehículo,N/A,Solo Daños,0,0,0,0,0,0,0,0,0,0,1,0,1,0,0,1,0,0,0,0,0,0
220592,10582305,-74.094,4.611,KR 30  - CL 11   02,2022,Octubre,5,miércoles,10,8,Puente Aranda,Choque,Vehículo,N/A,Con Heridos,1,1,0,0,0,0,0,0,0,0,0,0,0,0,0,0,0,0,0,0,0,0
220593,10582310,-74.095736243,4.58658623500003,CL 11  S- KR 14 B  02,2022,Octubre,6,jueves,19,50,Antonio Nariño,Atropello,N/A,N/A,Con Heridos,0,0,0,0,0,1,1,1,0,0,0,0,0,0,0,0,0,0,0,0,0,0
220594,10582312,-74.108,4.706,CL 80  - KR 94   02,2022,Octubre,6,jueves,6,50,Engativá,Choque,Vehículo,N/A,Con Heridos,1,0,0,0,1,0,0,0,0,0,0,0,0,0,0,0,0,0,0,0,0,0
220595,10582313,-74.107,4.561,KR 8  S- CL 41   02,2022,Octubre,6,jueves,10,0,San Cristóbal,Choque,Vehículo,N/A,Con Heridos,0,0,0,0,0,1,0,0,0,0,0,0,0,0,0,0,0,0,0,0,0,0
220596,10582315,-74.171326794,4.62876737300002,CL 43  S- KR 86   02,2022,Octubre,6,jueves,9,29,Kennedy,Choque,Vehículo,N/A,Con Heridos,1,0,0,0,1,1,0,0,0,0,0,0,0,0,0,0,0,0,0,0,0,0
220597,10582323,-74.153,4.625,CL 36  S- KR 78 B  02,2022,Octubre,5,miércoles,14,39,Kennedy,Atropello,N/A,N/A,Con Heridos,0,0,0,0,0,0,1,0,0,0,0,0,0,0,0,0,0,0,0,0,0,0
220598,10582328,-74.086,4.611,KR 22  - CL 15   02,2022,Octubre,4,martes,18,50,Los Mártires,Choque,Vehículo,N/A,Solo Daños,0,0,0,0,0,0,0,0,0,1,1,0,1,0,0,1,0,0,0,0,0,1
220599,10583330,-74.16332656602,4.57614794623,CL 70  S- TV 50   02,2022,Octubre,27,jueves,19,20,Ciudad Bolívar,Atropello,N/A,N/A,Con Heridos,0,0,0,0,0,1,1,1,0,0,0,0,0,0,0,0,0,0,0,0,0,0
220600,10583332,-74.12716416304,4.58317756613,CL 44  S- KR 26   02,2022,Octubre,28,viernes,18,23,Rafael Uribe Uribe,Choque,Vehículo,N/A,Con Heridos,0,0,0,0,0,1,0,0,0,0,0,0,0,0,0,0,0,0,0,0,0,0
220820,10583215,-74.09057883208,4.67837388242,KR 69  - CL 69   02,2022,Octubre,25,martes,18,15,Engativá,Choque,Vehículo,N/A,Solo Daños,0,0,0,0,0,1,0,0,0,0,0,0,0,0,0,0,0,0,0,0,0,0
220821,10583218,-74.14692667906,4.59675948922,CL 45  S- KR 12 BIS  02,2022,Octubre,25,martes,10,50,Kennedy,Choque,Vehículo,N/A,Con Heridos,0,0,0,0,0,1,0,0,0,0,1,0,1,0,0,1,0,0,0,0,0,0
220822,10583219,-74.13626758044,4.648994002,CL 12  - KR 79 A  02,2022,Octubre,26,miércoles,5,10,Kennedy,Choque,Vehículo,N/A,Con Heridos,0,1,0,0,0,1,0,0,0,0,0,0,0,0,0,0,0,0,0,0,0,0
220823,10583233,-74.13760868494,4.63041373595,CL 6  - KR 72   02,2022,Octubre,26,miércoles,22,30,Kennedy,Choque,Vehículo,N/A,Solo Daños,0,0,0,0,0,0,0,0,0,0,0,0,0,0,0,0,0,0,0,0,0,0
220825,10583236,-74.129591364,4.56548118199998,KR 17 A  - CL 54  S 02,2022,Octubre,26,miércoles,11,30,Tunjuelito,Choque,Vehículo,N/A,Con Heridos,0,0,0,0,0,0,0,0,0,1,1,0,1,0,0,1,0,0,0,0,0,1
220826,10583237,-74.08349082662,4.6247638174,AV AVENIDA DE LAS AMERICAS - KR 30   02,2022,Octubre,27,jueves,8,5,Teusaquillo,Choque,Vehículo,N/A,Con Heridos,0,0,0,0,0,1,0,0,0,0,0,0,0,0,0,0,0,0,0,0,0,0
220827,10583239,-74.13230327551,4.65522296005,CL 17  - KR 80   02,2022,Octubre,27,jueves,17,40,Fontibón,Choque,Vehículo,N/A,Solo Daños,0,0,0,0,0,1,0,0,0,1,1,0,0,0,0,0,0,0,0,0,0,1
220828,10583241,-74.15011314337,4.6781279413,CL 17  - KR 108   02,2022,Octubre,26,miércoles,19,54,Fontibón,Choque,Vehículo,N/A,Solo Daños,0,0,0,0,0,1,0,0,0,0,0,0,0,0,0,0,0,0,0,0,0,0
220829,10583246,-74.076511529,4.66149800599999,KR 30  - CL 66   02,2022,Octubre,27,jueves,12,20,Barrios Unidos,Atropello,N/A,N/A,Con Muertos,0,0,0,0,0,0,1,0,0,0,0,0,0,0,0,0,0,0,0,0,0,0
220830,10583247,-74.14629904215,4.68427109681,CL 22 H  - KR 111   02,2022,Octubre,28,viernes,7,30,Fontibón,Choque,Vehículo,N/A,Solo Daños,0,0,0,0,0,1,0,1,0,0,0,0,0,0,0,0,0,0,0,0,0,0
220831,10583248,-74.08336905424,4.59604296903,CL 6  - KR 12   02,2022,Octubre,27,jueves,14,30,Santa Fe,Choque,Vehículo,N/A,Solo Daños,0,0,0,0,0,1,0,0,0,0,0,0,0,0,0,0,0,0,0,0,0,0
220832,10583252,-74.04121545737,4.7439515189,CL 164  - KR 18   02,2022,Octubre,28,viernes,18,57,Usaquén,Choque,Vehículo,N/A,Con Heridos,1,0,0,0,0,1,0,0,0,0,0,0,0,0,0,0,0,0,0,0,0,0
220833,10583260,-74.12116137926,4.72181320952,CL 80 A  - KR 116   02,2022,Octubre,29,sábado,6,11,Engativá,Choque,Vehículo,N/A,Solo Daños,0,0,1,0,0,0,0,0,0,0,0,0,0,0,0,0,0,0,0,0,0,0
220837,10582583,-74.166682408,4.681873822,KR 123  - CL 14 B  02,2022,Octubre,11,martes,20,20,Fontibón,Choque,Vehículo,N/A,Solo Daños,0,0,0,0,0,1,0,0,0,0,0,0,0,0,0,0,0,0,0,0,0,0
220838,10582584,-74.103,4.51,CL 81 C  S- KR 4 B  E 02,2022,Octubre,10,lunes,11,53,Usme,Atropello,N/A,N/A,Solo Daños,0,0,0,0,0,0,0,0,0,0,1,0,1,0,0,1,0,0,0,0,0,0
220839,10582588,-74.079,4.684,CL 80  - KR 68   02,2022,Octubre,11,martes,11,10,Barrios Unidos,Choque,Vehículo,N/A,Con Heridos,0,0,0,0,0,1,0,0,0,0,0,0,0,0,0,0,0,0,0,0,0,0
220840,10582252,-74.124,4.523,CL 68 B  S- KR 14   02,2022,Octubre,4,martes,12,0,Usme,Atropello,N/A,N/A,Con Heridos,0,0,0,0,0,1,1,1,0,0,0,0,0,0,0,0,0,0,0,0,0,0
220841,10582258,-74.09,4.6,CL 6  - KR 19   02,2022,Octubre,4,martes,17,40,Los Mártires,Choque,Vehículo,N/A,Con Heridos,0,0,0,0,0,1,0,0,0,0,0,0,0,0,0,0,0,0,0,0,0,0
220842,10582326,-74.113793762,4.69716445699999,KR 94  - CL 70   02,2022,Octubre,5,miércoles,13,13,Engativá,Choque,Vehículo,N/A,Solo Daños,0,1,0,0,0,0,0,1,0,0,1,0,0,0,0,0,0,0,0,0,0,0
220843,10582418,-74.064,4.652,AV AVENIDA CARACAS - CL 65 A  02,2022,Octubre,8,sábado,2,0,Chapinero,Choque,Vehículo,N/A,Con Heridos,0,0,1,0,0,1,0,0,0,0,0,0,0,0,0,0,0,0,0,0,0,0
220844,10582427,-74.115,4.64,KR 68  - CL 17 A  02,2022,Octubre,9,domingo,6,43,Puente Aranda,Choque,Vehículo,N/A,Con Heridos,0,0,0,0,0,1,0,0,0,0,1,0,1,0,0,1,0,0,0,0,0,0
220845,10582433,-74.104,4.699,KR 86  - CL 75   02,2022,Octubre,8,sábado,20,0,Engativá,Choque,Vehículo,N/A,Con Heridos,1,0,1,0,0,0,0,0,0,0,0,0,0,0,0,0,0,0,0,0,0,0
220846,10582458,-74.06,4.649,KR 7  - CL 64   02,2022,Octubre,9,domingo,8,40,Chapinero,Choque,Vehículo,N/A,Con Heridos,1,0,0,0,0,0,0,0,0,0,0,0,0,0,0,0,0,0,0,0,0,0
220847,10582456,-74.119,4.628,AV AVENIDA DE LAS AMERICAS - KR 65   02,2022,Octubre,7,viernes,21,6,Puente Aranda,Choque,Vehículo,N/A,Solo Daños,0,0,0,0,0,1,0,0,0,0,0,0,0,0,0,0,0,0,0,0,0,0
220848,10582457,-74.095,4.626,CL 20  - KR 44   02,2022,Octubre,9,domingo,20,0,Puente Aranda,Choque,Vehículo,N/A,Solo Daños,0,0,0,0,0,0,0,0,0,0,1,0,1,0,0,1,0,0,0,0,0,0
220849,10582463,-74.186,4.64,CL 52  S- KR 97   02,2022,Octubre,10,lunes,1,25,Bosa,Choque,Vehículo,N/A,Con Heridos,0,0,0,0,0,1,0,0,0,0,1,0,0,0,0,0,0,0,0,0,0,0
220850,10582464,-74.056486912,4.749435049,CL 167  - KR 55 A  02,2022,Octubre,9,domingo,0,20,Usaquén,Choque,Vehículo,N/A,Solo Daños,0,0,0,0,0,0,0,0,0,0,0,0,0,0,0,0,0,0,0,0,0,0
220851,10582466,-74.113,4.652,CL 22 C  - KR 68 F  02,2022,Octubre,7,viernes,10,15,Fontibón,Choque,Vehículo,N/A,Solo Daños,0,0,0,0,0,0,0,0,0,0,0,0,0,0,0,0,0,0,0,0,0,0
220853,10582468,-74.124,4.625,KR 68  - CL 4   02,2022,Octubre,9,domingo,18,44,Puente Aranda,Choque,Vehículo,N/A,Solo Daños,0,1,0,0,0,0,0,0,0,0,1,0,1,0,0,1,0,0,0,0,0,0
220854,10582469,-74.143,4.675,KR 99  - CL 20   02,2022,Octubre,9,domingo,0,1,Fontibón,Choque,Vehículo,N/A,Solo Daños,0,0,0,0,0,0,0,0,0,0,0,0,0,0,0,0,0,0,0,0,0,0
220859,10583356,-74.07459286635,4.6560570481,CL 63 F  - KR 27 B  02,2022,Octubre,28,viernes,11,21,Barrios Unidos,Atropello,N/A,N/A,Con Heridos,0,0,0,0,0,0,1,1,0,0,0,0,0,0,0,0,0,0,0,0,0,0
220860,10583375,-74.10573867743,4.69589963761,KR 86  - CL 72   02,2022,Octubre,29,sábado,0,50,Engativá,Atropello,N/A,N/A,Con Heridos,0,0,0,0,0,0,1,0,0,0,0,0,0,0,0,0,0,0,0,0,0,0
220861,10583383,-74.064424111,4.64978001200001,AV AVENIDA CARACAS - CL 63   02,2022,Octubre,28,viernes,21,30,Chapinero,Choque,Vehículo,N/A,Solo Daños,0,0,1,0,0,0,0,0,0,0,0,0,0,0,0,0,0,0,0,0,0,0
220862,10583410,-74.13856891577,4.67848081332,KR 100  - CL 22 K  02,2022,Octubre,30,domingo,13,20,Fontibón,Choque,Vehículo,N/A,Con Heridos,0,0,0,0,0,1,0,0,0,0,0,0,0,0,0,0,0,0,0,0,0,0
220865,10583468,-74.09172145312,4.56375603734,KR 1  - CL 84  S 02,2022,Octubre,30,domingo,17,20,Usme,Atropello,N/A,N/A,Con Heridos,0,0,0,0,0,0,1,0,0,0,0,0,0,0,0,0,0,0,0,0,0,0
220878,10583333,-74.15981573308,4.62296500727,KR 79 C  - CL 41 A  02,2022,Octubre,30,domingo,19,20,Kennedy,Choque,Vehículo,N/A,Con Heridos,0,0,0,0,0,1,0,0,0,0,0,0,0,0,0,0,0,0,0,0,0,0
220879,10583334,-74.12177426402,4.51309423388,AV AVENIDA BOYACA - CL 75 C  S 02,2022,Octubre,27,jueves,20,30,Ciudad Bolívar,Choque,Vehículo,N/A,Con Heridos,0,0,0,0,0,1,0,0,0,0,0,0,0,0,0,0,0,0,0,0,0,0
220880,10583339,-74.07447484915,4.63880833397,KR 24  - CL 50   02,2022,Octubre,30,domingo,5,10,Teusaquillo,Choque,Vehículo,N/A,Con Heridos,0,0,0,0,0,1,0,1,0,1,0,0,0,0,0,0,0,0,0,0,0,1
220881,10583340,-74.08376602118,4.59130536219,KR 10  - CL 2  S 02,2022,Octubre,27,jueves,20,40,San Cristóbal,Choque,Vehículo,N/A,Con Heridos,1,0,0,0,0,1,0,0,0,0,0,0,0,0,0,0,0,0,0,0,0,0
221124,10582590,-74.084,4.593,CL 3  - KR 11 A  02,2022,Octubre,11,martes,20,25,Santa Fe,Atropello,N/A,N/A,Con Heridos,0,0,0,0,0,1,1,0,0,0,0,0,0,0,0,0,0,0,0,0,0,0
221125,10582600,-74.118,4.689,CL 63  - TV 93   02,2022,Octubre,13,jueves,13,25,Engativá,Choque,Vehículo,N/A,Con Muertos,0,0,0,0,0,1,0,0,0,0,0,0,0,0,0,0,0,0,0,0,0,0
221126,10582605,-74.068,4.648,KR 17  - CL 61 A  02,2022,Octubre,11,martes,12,10,Teusaquillo,Caida de ocupante,N/A,N/A,Con Heridos,0,0,0,0,0,0,0,1,0,0,1,0,1,0,0,1,0,0,0,0,0,0
221127,10582606,-74.141,4.643,KR 79  - CL 10   02,2022,Octubre,11,martes,18,8,Kennedy,Choque,Vehículo,N/A,Con Heridos,0,0,0,0,0,1,0,0,0,0,0,0,0,0,0,0,0,0,0,0,0,0
221128,10582607,-74.110800752,4.68091651700001,CL 63  - KR 80   02,2022,Octubre,12,miércoles,14,8,Bosa,Choque,Vehículo,N/A,Solo Daños,0,0,0,0,0,0,0,0,0,1,0,0,0,0,0,0,0,0,0,0,0,1
221129,10582612,-74.197,4.612,KR 81 G  - CL 73  S 02,2022,Octubre,11,martes,18,55,Bosa,Choque,Vehículo,N/A,Con Heridos,1,0,0,0,0,0,0,0,0,0,0,0,0,0,0,0,0,0,0,0,0,0
221130,10582614,-74.103,4.654,KR 68  - CL 26   02,2022,Octubre,13,jueves,1,6,Teusaquillo,Choque,Vehículo,N/A,Solo Daños,0,0,0,0,0,0,0,0,0,0,0,0,0,0,0,0,0,0,0,0,0,0
221131,10582621,-74.121,4.682,CL 26  - KR 90   02,2022,Octubre,12,miércoles,11,0,Fontibón,Choque,Vehículo,N/A,Solo Daños,0,1,0,0,1,1,0,0,0,0,1,0,1,0,0,1,0,0,0,0,0,0
221132,10582623,-74.123176762,4.624963122,KR 67  - CL 4 B  02,2022,Octubre,11,martes,17,38,Puente Aranda,Atropello,N/A,N/A,Con Heridos,0,0,0,0,0,1,1,0,0,0,0,0,0,0,0,0,0,0,0,0,0,0
221133,10582659,-74.129,4.561,CL 57  S- KR 12 D  02,2022,Octubre,13,jueves,11,20,Tunjuelito,Atropello,N/A,N/A,Con Heridos,0,1,0,0,0,0,1,0,0,0,0,0,0,0,0,0,0,0,0,0,0,0
221134,10582660,-74.102,4.755,KR 115  - CL 151 B  02,2022,Octubre,12,miércoles,10,0,Suba,Choque,Vehículo,N/A,Solo Daños,0,0,0,0,0,0,0,1,0,0,1,0,1,0,0,1,0,0,0,0,0,0
221135,10582664,-74.125,4.726,CL 80  - KR 119   02,2022,Octubre,13,jueves,19,13,Engativá,Choque,Vehículo,N/A,Solo Daños,0,0,0,0,0,0,0,0,0,0,1,0,1,0,0,1,0,0,0,0,1,0
221136,10582667,-74.12,4.679,AC 26  - AV AVENIDA CIUDAD DE CALI  02,2022,Octubre,13,jueves,6,0,Fontibón,Atropello,N/A,N/A,Con Heridos,0,0,0,0,0,1,1,0,0,0,0,0,0,0,0,0,0,0,0,0,0,0
221137,10582747,-74.052,4.722,AU NORTE - CL 137   02,2022,Octubre,15,sábado,2,45,Usaquén,Choque,Vehículo,N/A,Con Heridos,0,0,0,0,0,0,0,0,0,1,0,0,0,0,0,0,0,0,0,0,0,1
221138,10582748,-74.113,4.509,CL 81  S- KR 9 A  02,2022,Octubre,16,domingo,9,38,Usme,Choque,Vehículo,N/A,Con Heridos,1,0,0,0,0,1,0,0,0,0,0,0,0,0,0,0,0,0,0,0,0,0
221139,10582790,-74.131,4.7,CL 63  - KR 110   02,2022,Octubre,15,sábado,19,12,Engativá,Choque,Vehículo,N/A,Con Heridos,1,0,0,0,0,0,0,0,0,1,0,0,0,0,0,0,0,0,0,0,0,1
221140,10582812,-74.081,4.627,AK 30  - CL 26   02,2022,Octubre,15,sábado,16,0,Teusaquillo,Choque,Vehículo,N/A,Con Heridos,0,0,0,0,0,0,0,0,0,1,0,0,0,0,0,0,0,0,0,0,0,1
221141,10582815,-74.073,4.622,KR 17  - CL 33   02,2022,Octubre,15,sábado,12,40,Teusaquillo,Choque,Vehículo,N/A,Con Heridos,0,0,0,0,0,1,0,0,0,0,1,0,1,0,0,1,0,0,0,0,0,0
221142,10582820,-74.073,4.668,KR 30  - CL 73   02,2022,Octubre,16,domingo,2,30,Barrios Unidos,Choque,Vehículo,N/A,Con Heridos,0,0,0,0,0,0,0,0,0,0,0,0,0,0,0,0,0,0,0,0,0,0
221143,10582823,-74.157,4.654,KR 92  - CL 8   02,2022,Octubre,15,sábado,19,30,Kennedy,Choque,Vehículo,N/A,Con Heridos,0,0,0,0,0,1,0,0,0,0,0,0,0,0,0,0,0,0,0,0,0,0
221144,10582838,-74.054,4.677,CL 96  - KR 17   02,2022,Octubre,18,martes,7,59,Chapinero,Atropello,N/A,N/A,Con Muertos,0,0,0,0,0,0,1,0,0,0,1,0,1,0,0,1,0,0,0,0,0,0
221145,10582841,-74.183,4.6,KR 77 M  - CL 65 BIS A S 02,2022,Octubre,16,domingo,5,18,Bosa,Choque,Objeto Fijo,Poste,Solo Daños,0,0,0,0,0,0,0,0,0,0,0,0,0,0,0,0,0,0,0,0,0,0
221164,10583262,-74.059895772,4.654155844,KR 10 A  - CL 69 A  02,2022,Octubre,29,sábado,20,48,Chapinero,Choque,Objeto Fijo,Vehiculo Estacionado,Solo Daños,0,1,0,0,0,0,0,0,0,0,0,0,0,0,0,0,0,0,0,0,0,0
221165,10583263,-74.17521325533,4.64814386526,CL 40  S- KR 98 B  02,2022,Octubre,28,viernes,13,45,Kennedy,Choque,Vehículo,N/A,Con Heridos,0,0,0,0,0,1,0,1,0,0,0,0,0,0,0,0,0,0,0,0,0,0
221166,10583264,-74.12159589712,4.59863099378,KR 40  - CL 30   02,2022,Octubre,30,domingo,10,28,Antonio Nariño,Choque,Vehículo,N/A,Solo Daños,0,0,0,0,0,0,0,0,0,0,1,0,1,0,0,1,0,0,0,0,0,0
221167,10583265,-74.09735035504,4.74728051701,CL 145  - KR 106 A  02,2022,Octubre,30,domingo,2,55,Suba,Choque,Vehículo,N/A,Solo Daños,0,0,0,0,0,0,0,0,0,0,0,0,0,0,0,0,0,0,0,0,0,0
221168,10583266,-74.115562209,4.626684356,KR 58  - CL 5 C  02,2022,Octubre,28,viernes,18,39,Puente Aranda,Choque,Vehículo,N/A,Solo Daños,0,0,0,0,0,1,0,0,0,1,0,0,0,0,0,0,0,0,0,0,0,1
221169,10583267,-74.13582233374,4.65954309771,KR 86  - CL 17   02,2022,Octubre,27,jueves,14,0,Fontibón,Volcamiento,N/A,N/A,Con Heridos,0,0,0,0,0,1,0,1,0,0,0,0,0,0,0,0,0,0,0,0,0,0
221170,10583268,-74.0989151377,4.56837618442,KR 8  - CL 30 D  S 02,2022,Octubre,28,viernes,15,16,San Cristóbal,Choque,Vehículo,N/A,Solo Daños,0,0,0,0,0,0,0,0,0,0,0,0,0,0,0,0,0,0,0,0,0,0
221171,10583269,-74.12310353,4.62672807799999,KR 68  - CL 4 D  02,2022,Octubre,15,sábado,16,7,Puente Aranda,Choque,Vehículo,N/A,Solo Daños,0,0,0,0,0,0,0,0,0,0,0,0,0,0,0,0,0,0,0,0,0,0
221172,10583270,-74.079131164,4.61058711822,CL 19  - KR 17   02,2022,Octubre,29,sábado,6,50,Los Mártires,Choque,Vehículo,N/A,Solo Daños,0,0,1,0,0,0,0,0,0,0,1,0,0,0,0,0,0,0,0,0,0,0
221173,10583271,-74.14002803747,4.66361726262,CL 1  - KR 90   02,2022,Octubre,27,jueves,11,0,Fontibón,Choque,Vehículo,N/A,Solo Daños,0,1,0,0,0,0,0,0,0,0,1,0,1,0,0,1,0,0,0,0,0,0
221174,10583272,-74.15222135966,4.63538099739,CL 6  - KR 80   02,2022,Octubre,30,domingo,4,20,Kennedy,Choque,Objeto Fijo,Vehiculo Estacionado,Solo Daños,0,0,1,0,0,1,0,0,0,0,0,0,0,0,0,0,0,0,0,0,0,0
221175,10583275,-74.14188412611,4.57962162627,AV AVENIDA BOYACA - CL 29 C  02,2022,Octubre,30,domingo,17,30,Tunjuelito,Choque,Vehículo,N/A,Solo Daños,0,0,1,0,0,0,0,0,0,0,0,0,0,0,0,0,0,0,0,0,0,0
221176,10583276,-74.1093301553,4.56474263375,KR 11  - CL 42  S 02,2022,Octubre,29,sábado,9,20,San Cristóbal,Choque,N/A,N/A,Con Heridos,0,0,0,0,0,1,0,0,0,0,0,0,0,0,0,0,0,0,0,0,0,0
221177,10583277,-74.16522470896,4.64110747399,KR 89  - CL 34 A  S 02,2022,Octubre,29,sábado,11,10,Kennedy,Choque,Vehículo,N/A,Con Heridos,0,0,0,0,0,1,0,0,0,0,0,0,0,0,0,0,0,0,0,0,0,0
221178,10583278,-74.16407940571,4.61372850843,CL 45  S- KR 78 G  02,2022,Octubre,29,sábado,14,25,Kennedy,Choque,Vehículo,N/A,Solo Daños,0,1,0,0,0,0,0,0,0,0,0,0,0,0,0,0,0,0,0,0,0,0
221179,10583279,-74.16734365408,4.59567936149,CL 57 R  S- KR 72   02,2022,Octubre,29,sábado,10,15,Bosa,Choque,Vehículo,N/A,Con Heridos,0,1,0,0,0,1,0,0,0,0,0,0,0,0,0,0,0,0,0,0,0,0
221180,10583280,-74.14511082356,4.55168148486,TV 18 I  - CL 67 A  S 02,2022,Octubre,29,sábado,20,0,Ciudad Bolívar,Atropello,N/A,N/A,Con Heridos,0,0,0,0,0,1,1,0,0,0,0,0,0,0,0,0,0,0,0,0,0,0
221181,10583281,-74.13731364195,4.58339145668,DG 2 A  S- KR 32   02,2022,Octubre,28,viernes,6,10,Tunjuelito,Choque,Vehículo,N/A,Con Heridos,0,0,0,0,0,1,0,0,0,0,0,0,0,0,0,0,0,0,0,0,0,0
221182,10583282,-74.06354216521,4.64951263838,KR 13  - CL 63   02,2022,Octubre,30,domingo,18,50,Chapinero,Choque,Objeto Fijo,Vehiculo Estacionado,Solo Daños,0,0,1,0,0,1,0,0,0,1,0,0,0,0,0,0,0,0,0,0,0,1
221183,10583283,-74.14058593695,4.61316439598,KR 72  - CL 38  S 02,2022,Octubre,29,sábado,11,40,Kennedy,Atropello,N/A,N/A,Con Heridos,0,0,0,0,0,0,1,1,0,0,0,0,0,0,0,0,0,0,0,0,0,0
221203,10581961,-74.091429885,4.61420824200002,KR 30  - CL 13   02,2022,Octubre,1,sábado,1,35,Puente Aranda,Volcamiento,N/A,N/A,Solo Daños,0,0,0,0,0,0,0,0,0,0,0,0,0,0,0,0,0,0,0,0,0,0
230284,10596976,-74.091309919,4.67722277500002,KR 69 - CL 68  02,2022,Octubre,8,sábado,12,30,Engativá,Choque,Vehículo,N/A,Con Heridos,1,0,0,0,0,0,0,0,0,0,0,0,0,0,0,0,0,0,0,0,0,0
230590,10596945,-74.07343037744,4.68862049393,KR 68 - CL 98 A 02,2022,Octubre,9,domingo,14,40,Barrios Unidos,Choque,Vehículo,N/A,Con Heridos,0,1,0,0,0,0,0,0,0,0,1,0,0,0,0,0,0,0,0,0,0,0
244810,10582404,-74.201,4.638,CL 63  S- KR 102   02,2022,Octubre,8,sábado,8,0,Bosa,Atropello,N/A,N/A,Con Heridos,0,0,0,0,1,1,1,0,0,0,0,0,0,0,0,0,0,0,0,0,0,0
244811,10582426,-74.065,4.666,KR 24  - CL 75   02,2022,Octubre,8,sábado,6,0,Barrios Unidos,Choque,Vehículo,N/A,Con Heridos,0,0,0,0,0,0,0,0,0,0,0,0,0,0,0,0,0,0,0,0,0,0
244812,10582440,-74.114,4.66,CL 24  - KR 70   02,2022,Octubre,9,domingo,6,0,Fontibón,Choque,Vehículo,N/A,Solo Daños,0,0,0,0,0,0,0,0,0,1,0,0,0,0,0,0,0,0,0,0,0,1
244813,10582454,-74.046002202,4.724228557,KR 19  - CL 142   02,2022,Octubre,6,jueves,11,20,Usaquén,Choque,Vehículo,N/A,Solo Daños,0,0,0,0,0,0,0,1,0,0,1,0,1,0,0,1,0,0,0,0,0,0
244814,10582455,-74.114,4.626,KR 56  - CL 5 C  02,2022,Octubre,10,lunes,6,2,Puente Aranda,Choque,Vehículo,N/A,Con Heridos,0,0,0,0,0,1,0,1,0,0,0,0,0,0,0,0,0,0,0,0,0,0
244815,10582491,-74.147,4.649,KR 86  - CL 10   02,2022,Octubre,10,lunes,19,37,Kennedy,Atropello,N/A,N/A,Con Heridos,0,0,0,0,0,1,1,0,0,0,0,0,0,0,0,0,0,0,0,0,0,0
244816,10582565,-74.100073122,4.715723556,CL 90  - KR 95   02,2022,Octubre,10,lunes,14,20,Engativá,Atropello,N/A,N/A,Con Heridos,0,0,0,0,0,0,1,1,0,0,0,0,0,0,0,0,0,0,0,0,0,0
244817,10582569,-74.048,4.711,KR 19  - CL 127 D  02,2022,Octubre,10,lunes,10,30,Usaquén,Choque,Objeto Fijo,Muro,Solo Daños,0,0,0,0,0,0,0,0,0,0,0,0,0,0,0,0,0,0,0,0,0,0
244818,10582572,-74.193,4.642,CL 55  S- KR 10 Z  02,2022,Octubre,11,martes,7,45,Bosa,Choque,Vehículo,N/A,Solo Daños,0,0,0,0,0,0,0,0,0,1,0,0,0,0,0,0,0,0,0,0,0,1
244819,10582640,-74.086,4.745,CL 148  - KR 95   02,2022,Octubre,13,jueves,5,0,Suba,Choque,Vehículo,N/A,Con Heridos,0,0,0,0,0,1,0,0,0,0,1,0,0,0,0,0,0,0,0,0,0,0
244820,10582737,-74.14,4.616,AK 72  - CL 35  S 02,2022,Octubre,15,sábado,22,20,Kennedy,Choque,Vehículo,N/A,Con Heridos,0,0,0,0,0,1,0,1,0,0,0,0,0,0,0,0,0,0,0,0,0,0
244821,10582755,-74.147,4.666,KR 96 H  - CL 17   02,2022,Octubre,14,viernes,16,30,Fontibón,Choque,Vehículo,N/A,Con Heridos,0,0,0,0,0,1,0,1,0,0,0,0,0,0,0,0,0,0,0,0,0,0
244822,10582761,-74.071,4.594,CL 10  - AK 1  E 02,2022,Octubre,17,lunes,14,10,Santa Fe,Choque,Vehículo,N/A,Con Heridos,1,0,0,0,0,1,0,0,0,0,0,0,0,0,0,0,0,0,0,0,0,0
244823,10582765,-74.05,4.729,AU NORTE - CL 146   02,2022,Octubre,14,viernes,9,41,Usaquén,Choque,Vehículo,N/A,Con Heridos,0,0,0,0,0,1,0,0,0,0,0,0,0,0,0,0,0,0,0,0,0,0
244824,10582776,-74.024,4.76,CL 182  - KR 5 B  02,2022,Octubre,14,viernes,14,47,Usaquén,Choque,Vehículo,N/A,Con Heridos,0,1,0,0,0,0,0,0,0,0,1,0,1,0,0,1,0,0,0,0,0,0
244825,10582784,-74.118715535,4.65788448199999,KR 72  - CL 22 D  02,2022,Octubre,15,sábado,6,53,Fontibón,Caida de ocupante,N/A,N/A,Con Heridos,0,0,0,0,0,0,0,0,0,0,1,0,1,0,0,1,0,0,0,0,0,0
244826,10582864,-74.096,4.699,CL 80  - KR 78 A  02,2022,Octubre,17,lunes,16,0,Engativá,Choque,Vehículo,N/A,Con Heridos,0,1,0,0,1,0,0,0,0,1,0,0,0,0,0,0,0,0,0,0,0,1
244827,10582961,-74.201,4.609,KR 80 G  - CL 74 C  S 02,2022,Octubre,20,jueves,16,0,Bosa,Choque,Vehículo,N/A,Con Heridos,1,0,0,0,0,0,0,0,0,0,0,0,0,0,0,0,0,0,0,0,0,0
244828,10582962,-74.095,4.679,KR 70  - CL 67 B  02,2022,Octubre,22,sábado,1,20,Engativá,Choque,Vehículo,N/A,Con Heridos,0,0,0,0,0,1,0,0,0,0,0,0,0,0,0,0,0,0,0,0,0,0
246416,10582147,-74.066,4.661,CL 71 A  - KR 22   02,2022,Octubre,3,lunes,6,42,Barrios Unidos,Choque,Vehículo,N/A,Con Heridos,1,0,0,0,0,0,0,0,0,0,0,0,0,0,0,0,0,0,0,0,0,0
246417,10582148,-74.193,4.615,AV AVENIDA CIUDAD DE CALI - CL 69  S 02,2022,Octubre,2,domingo,3,14,Bosa,Volcamiento,N/A,N/A,Con Heridos,0,0,0,0,0,0,0,0,0,0,0,0,0,0,0,0,0,0,0,0,0,0
246418,10582152,-74.119,4.706,CL 72  - KR 105   02,2022,Octubre,3,lunes,19,40,Engativá,Caida de ocupante,N/A,N/A,Con Heridos,0,0,0,0,0,0,0,0,0,0,1,0,1,0,0,1,0,0,0,0,0,0
246419,10582165,-74.153,4.617,AV AVENIDA PRIMERO DE MAYO - KR 39  S 02,2022,Octubre,3,lunes,17,52,Kennedy,Caida de ocupante,N/A,N/A,Con Heridos,0,0,0,0,0,0,0,0,0,0,1,0,1,0,0,1,0,0,0,0,0,0
246420,10582503,-74.091,4.536,KR 11  E- CL 54  S 02,2022,Octubre,9,domingo,20,40,San Cristóbal,Caida de ocupante,N/A,N/A,Con Heridos,0,0,0,0,0,0,0,1,0,0,1,0,1,0,0,1,0,0,0,0,0,0
246421,10582505,-74.09,4.54,DG 50  S- KR 11  E 02,2022,Octubre,9,domingo,14,54,San Cristóbal,Atropello,N/A,N/A,Con Heridos,0,0,0,0,0,1,1,0,0,0,0,0,0,0,0,0,0,0,0,0,0,0
246422,10582510,-74.148133882,4.67582055000003,CL 17  - KR 104 B  02,2022,Octubre,9,domingo,3,30,Fontibón,Choque,Vehículo,N/A,Con Heridos,0,0,0,0,0,1,0,0,0,0,0,0,0,0,0,0,0,0,0,0,0,0
246423,10582511,-74.089,4.609,KR 24  - DG 12   02,2022,Octubre,10,lunes,14,40,Los Mártires,Atropello,N/A,N/A,Con Heridos,0,0,0,0,0,0,1,0,0,0,0,0,0,0,0,0,0,0,0,0,0,0
246424,10582512,-74.068,4.601,KR 1  E- CL 17   02,2022,Octubre,10,lunes,14,50,Santa Fe,Choque,Vehículo,N/A,Con Heridos,0,0,0,0,0,0,0,0,0,0,0,0,0,0,0,0,0,0,0,0,0,0
246425,10582515,-74.179,4.597,AU SUR - CL 63  S 02,2022,Octubre,10,lunes,9,49,Bosa,Choque,Vehículo,N/A,Solo Daños,0,1,0,0,0,0,0,0,0,0,0,0,0,0,0,0,0,0,0,0,0,0
246426,10582516,-74.105,4.698,KR 86  - CL 74   02,2022,Octubre,8,sábado,8,0,Engativá,Choque,Vehículo,N/A,Con Heridos,0,0,0,1,0,1,0,1,0,1,0,0,0,0,0,0,0,0,0,0,0,1
246427,10582517,-74.023,4.747,KR 7  - CL 170   02,2022,Octubre,9,domingo,15,42,Usaquén,Choque,Vehículo,N/A,Solo Daños,0,0,0,0,0,0,0,0,0,1,0,0,0,0,0,0,0,0,0,0,0,1
246428,10582520,-74.158,4.58,CL 68  S- KR 51   02,2022,Octubre,10,lunes,2,16,Tunjuelito,Choque,Vehículo,N/A,Solo Daños,0,0,0,0,0,0,0,0,0,1,0,0,0,0,0,0,0,0,0,0,0,1
246728,10582534,-74.138,4.595,CL 45 A  S- KR 53   02,2022,Octubre,10,lunes,20,20,Tunjuelito,Choque,Vehículo,N/A,Con Heridos,0,0,0,0,0,1,0,1,0,0,0,0,0,0,0,0,0,0,0,0,0,0
246729,10582541,-74.139,4.619,TV 72 N  - CL 26  S 02,2022,Octubre,10,lunes,23,53,Kennedy,Choque,Vehículo,N/A,Con Heridos,0,0,0,0,0,1,0,0,0,0,0,0,0,0,0,0,0,0,0,0,0,0
246730,10582542,-74.102685587,4.59762007,CL 1 B  - KR 28   02,2022,Octubre,11,martes,7,30,Los Mártires,Choque,Vehículo,N/A,Con Heridos,0,0,0,0,0,0,0,1,0,1,0,0,0,0,0,0,0,0,0,0,0,1
246731,10582546,-74.082959537,4.617134335,CL 22  - KR 24   02,2022,Octubre,10,lunes,23,1,Antonio Nariño,Choque,Vehículo,N/A,Con Heridos,0,0,0,0,0,1,0,0,0,1,0,0,0,0,0,0,0,0,0,0,0,1
246732,10582547,-74.113,4.595,KR 30  - AV AVENIDA PRIMERO DE MAYO  02,2022,Octubre,9,domingo,10,59,Antonio Nariño,Choque,Vehículo,N/A,Con Heridos,0,0,0,0,0,1,0,0,0,0,0,0,0,0,0,0,0,0,0,0,0,0
246733,10582553,-74.117,4.6,KR 38 B  - CL 26  S 02,2022,Octubre,10,lunes,7,43,Puente Aranda,Choque,Vehículo,N/A,Con Heridos,1,0,0,0,0,0,0,0,0,0,0,0,0,0,0,0,0,0,0,0,0,0
246734,10582555,-74.095,4.65,CL 44  - KR 60   02,2022,Octubre,11,martes,6,42,Teusaquillo,Choque,Vehículo,N/A,Con Heridos,0,0,0,0,0,1,0,0,0,0,1,0,0,0,0,0,0,0,0,0,0,0
246735,10582559,-74.106,4.629,KR 50  - CL 15   02,2022,Octubre,10,lunes,6,0,Puente Aranda,Choque,Vehículo,N/A,Solo Daños,0,0,0,0,0,0,0,0,0,0,0,0,0,0,0,0,0,0,0,0,0,0
246737,10582714,-74.159,4.627,KR 80  - CL 38 C  S 02,2022,Octubre,15,sábado,15,20,Kennedy,Choque,Vehículo,N/A,Solo Daños,0,0,1,0,0,0,0,0,0,0,0,0,0,0,0,0,0,0,0,0,0,0
248000,10582965,-74.12,4.707,CL 72  - KR 105   02,2022,Octubre,21,viernes,18,6,Engativá,Choque,Vehículo,N/A,Con Heridos,0,0,0,0,0,1,0,0,0,0,0,0,0,0,0,0,0,0,0,0,0,0
248001,10582972,-74.064424111,4.64978001200001,AV AVENIDA CARACAS - CL 63   02,2022,Octubre,20,jueves,3,10,Chapinero,Choque,Vehículo,N/A,Solo Daños,0,0,1,0,0,1,0,1,0,0,0,0,0,0,0,0,0,0,0,0,0,0
248002,10582975,-74.079,4.632,KR 30  - CL 41   02,2022,Octubre,21,viernes,12,0,Teusaquillo,Atropello,N/A,N/A,Con Heridos,0,0,0,0,0,1,1,0,0,0,0,0,0,0,0,0,0,0,0,0,0,0
248003,10582976,-74.053,4.648,KR 1  - CL 68   02,2022,Octubre,20,jueves,12,20,Chapinero,Volcamiento,N/A,N/A,Con Heridos,0,0,0,0,0,0,0,0,0,0,1,0,1,0,0,1,0,0,0,0,0,0
248004,10582984,-74.068,4.675,AV AVENIDA TRANSVERSAL DE SUBA - KR 81   02,2022,Octubre,20,jueves,17,0,San Cristóbal,Choque,Vehículo,N/A,Con Heridos,1,0,0,0,0,0,0,0,0,0,1,0,1,0,0,1,0,0,0,0,0,0
248005,10582986,-74.146507845,4.595874047,CL 45  S- KR 72 N  02,2022,Octubre,20,jueves,19,30,Kennedy,Atropello,N/A,N/A,Con Heridos,0,0,0,0,0,0,1,0,0,0,0,0,0,0,0,0,0,0,0,0,0,0
248006,10583009,-74.118,4.689,CL 63  - KR 93   02,2022,Octubre,21,viernes,21,0,Engativá,Choque,Vehículo,N/A,Solo Daños,0,0,0,0,0,1,0,0,0,0,0,0,0,0,0,0,0,0,0,0,0,0
248007,10583010,-74.14,4.55,KR 17 G  - CL 67 BIS S 02,2022,Octubre,23,domingo,19,30,Ciudad Bolívar,Atropello,N/A,N/A,Con Heridos,0,0,0,0,0,0,1,0,0,0,0,0,0,0,0,0,0,0,0,0,0,0
248008,10583013,-74.119,4.69,CL 63  - KR 93   02,2022,Octubre,22,sábado,10,30,Engativá,Choque,Vehículo,N/A,Con Heridos,0,0,0,0,1,1,0,0,0,0,0,0,0,0,0,0,0,0,0,0,0,0
248009,10583015,-74.12,4.68,CL 26 A  - KR 87   02,2022,Octubre,22,sábado,11,50,Fontibón,Choque,Vehículo,N/A,Con Heridos,0,0,0,0,0,1,0,0,0,0,0,0,0,0,0,0,0,0,0,0,0,0
248010,10583021,-74.13,4.706,KR 111  - CL 69 B  02,2022,Octubre,22,sábado,22,30,Engativá,Choque,Vehículo,N/A,Con Heridos,0,0,0,0,0,0,0,0,0,0,1,0,1,0,0,1,0,0,0,0,0,0
248011,10583022,-74.135,4.558,KR 16 A  - CL 60 G  S 02,2022,Octubre,21,viernes,21,0,Ciudad Bolívar,Choque,Vehículo,N/A,Con Heridos,0,0,0,0,0,0,0,0,0,1,0,0,0,0,0,0,0,0,0,0,0,1
248012,10583029,-74.151,4.694,CL 24  - KR 123   02,2022,Octubre,23,domingo,10,45,Fontibón,Choque,Vehículo,N/A,Con Heridos,0,0,1,0,0,1,0,0,0,1,0,0,0,0,0,0,0,0,0,0,0,1
248013,10583031,-74.138,4.631,AV AVENIDA DE LAS AMERICAS - AV AVENIDA BOYACA  02,2022,Octubre,22,sábado,22,6,Kennedy,Choque,Vehículo,N/A,Solo Daños,0,0,1,0,0,0,0,0,0,0,0,0,0,0,0,0,0,0,0,0,0,0
248014,10583032,-74.046,4.753,KR 45  - CL 172   02,2022,Octubre,21,viernes,18,30,Usaquén,Caida de ocupante,N/A,N/A,Con Heridos,0,0,0,0,0,0,0,0,0,0,1,0,1,0,0,1,0,0,0,0,0,0
248015,10583033,-74.116,4.686,KR 90  - CL 63   02,2022,Octubre,22,sábado,22,40,Engativá,Choque,Vehículo,N/A,Solo Daños,0,0,1,0,0,0,0,0,0,0,0,0,0,0,0,0,0,0,0,0,0,0
248016,10583035,-74.090784775,4.74233831999999,CL 145  - KR 99 A  02,2022,Octubre,22,sábado,19,20,Suba,Atropello,N/A,N/A,Con Heridos,0,0,0,0,0,0,1,0,0,0,1,0,1,0,0,1,0,0,0,0,0,0
248017,10583040,-74.104409104,4.58378033600002,CL 22  S- KR 20   02,2022,Octubre,23,domingo,4,30,Antonio Nariño,Choque,Vehículo,N/A,Con Heridos,0,0,0,0,0,1,0,0,0,1,0,0,0,0,0,0,0,0,0,0,0,1
248018,10583045,-74.156,4.621,KR 78 K  - CL 40 B  S 02,2022,Octubre,23,domingo,2,0,Kennedy,Choque,Vehículo,N/A,Solo Daños,0,0,1,0,0,0,0,0,0,0,0,0,0,0,0,0,0,0,0,0,0,0
248019,10583051,-74.07,4.671,KR 30  - CL 77   02,2022,Octubre,22,sábado,6,34,Barrios Unidos,Choque,Vehículo,N/A,Con Heridos,0,0,0,0,0,1,0,1,0,1,0,0,0,0,0,0,0,0,0,0,0,1
248020,10583053,-74.118438211,4.59896085299999,CL 28 A  S- KR 39   02,2022,Octubre,23,domingo,17,0,Puente Aranda,Choque,Objeto Fijo,Arbol,Con Heridos,0,0,0,0,0,0,0,0,0,0,0,0,0,0,0,0,0,0,0,0,0,0
248319,10583054,-74.114,4.595,CL 26  S- KR 34 D  02,2022,Octubre,22,sábado,22,13,Puente Aranda,Choque,Vehículo,N/A,Solo Daños,0,0,1,0,0,0,0,0,0,0,0,0,0,0,0,0,0,0,0,0,0,0
248320,10583057,-74.097,4.692,KR 76  - CL 74   02,2022,Octubre,22,sábado,21,30,Engativá,Choque,Vehículo,N/A,Con Heridos,0,0,0,0,0,1,0,0,0,0,0,0,0,0,0,0,0,0,0,0,0,0
248321,10583061,-74.099857307,4.69120868700003,CL 72  - KR 77 A  02,2022,Octubre,24,lunes,0,30,Engativá,Choque,Vehículo,N/A,Solo Daños,0,0,1,0,0,0,0,0,0,0,0,0,0,0,0,0,0,0,0,0,0,0
248322,10583062,-74.145,4.625,KR 75  - CL 1   02,2022,Octubre,21,viernes,6,42,Kennedy,Choque,Vehículo,N/A,Con Muertos,1,0,0,0,0,1,0,1,0,0,0,0,0,0,0,0,0,0,0,0,0,0
248323,10583072,-74.143,4.582,AV AVENIDA BOYACA - CL 56 A  S 02,2022,Octubre,24,lunes,7,40,Tunjuelito,Choque,Vehículo,N/A,Con Heridos,0,0,0,0,0,1,0,0,0,0,0,0,0,0,0,0,0,0,0,0,0,0
248324,10583073,-74.091022536,4.60602182700001,KR 24  - CL 9   02,2022,Octubre,23,domingo,15,7,Los Mártires,Atropello,N/A,N/A,Con Heridos,0,0,0,0,0,1,1,1,0,0,0,0,0,0,0,0,0,0,0,0,0,0
248325,10583076,-74.111578989,4.61831657699997,KR 43 C  - CL 4 F  02,2022,Octubre,23,domingo,14,15,Puente Aranda,Choque,Vehículo,N/A,Con Heridos,0,0,0,0,0,1,0,0,0,0,0,0,0,0,0,0,0,0,0,0,0,0
248326,10583077,-74.16,4.585,CL 68  S- TV 70 A  02,2022,Octubre,24,lunes,7,0,Ciudad Bolívar,Choque,Vehículo,N/A,Con Heridos,1,0,0,1,0,1,0,1,0,0,0,0,0,0,0,0,0,0,0,0,0,0
248327,10583087,-74.137,4.552,AV AVENIDA BOYACA - CL 66  S 02,2022,Octubre,24,lunes,5,15,Ciudad Bolívar,Atropello,N/A,N/A,Con Heridos,0,0,0,0,0,0,1,1,0,0,0,0,0,0,0,0,0,0,0,0,0,0
248328,10583092,-74.084,4.74,KR 90  - CL 146 B  02,2022,Octubre,24,lunes,22,50,Suba,Choque,Objeto Fijo,Inmueble,Solo Daños,0,0,1,0,0,0,0,0,0,0,0,0,0,0,0,0,0,0,0,0,0,0
248329,10583097,-74.122,4.569,DG 46 B  S- TV 15 A BIS  02,2022,Octubre,23,domingo,20,27,Rafael Uribe Uribe,Choque,Vehículo,N/A,Solo Daños,0,0,0,0,0,0,0,0,0,0,0,0,0,0,0,0,0,0,0,0,0,0
248330,10583099,-74.155,4.68,CL 17  - KR 113   02,2022,Octubre,25,martes,17,0,Fontibón,Atropello,N/A,N/A,Con Muertos,0,0,0,0,0,0,1,0,0,0,1,0,0,0,0,0,0,0,0,0,0,0
248331,10583100,-74.143234761,4.602508758,KR 72  - CL 40  S 02,2022,Octubre,24,lunes,17,58,Kennedy,Choque,Vehículo,N/A,Con Heridos,1,0,0,0,0,0,1,1,0,1,0,0,0,0,0,0,0,0,0,0,0,1
248332,10583103,-74.091,4.532,KR 11  E- CL 59  S 02,2022,Octubre,23,domingo,20,0,San Cristóbal,Choque,Vehículo,N/A,Con Heridos,0,0,0,0,0,1,0,0,0,1,0,0,1,0,1,0,0,0,0,0,0,1
248333,10583104,-74.138,4.595,CL 6  S- KR 46   02,2022,Octubre,23,domingo,18,10,Ciudad Bolívar,Atropello,N/A,N/A,Con Heridos,0,0,0,0,1,1,1,0,0,0,0,0,0,0,0,0,0,0,0,0,0,0
248334,10583105,-74.109,4.609,CL 3  - KR 38   02,2022,Octubre,24,lunes,9,50,Puente Aranda,Atropello,N/A,N/A,Con Heridos,0,0,0,0,0,1,1,1,0,0,0,0,0,0,0,0,0,0,0,0,0,0
248335,10583110,-74.126,4.574,KR 21  - CL 45 A  S 02,2022,Octubre,23,domingo,13,38,Rafael Uribe Uribe,Choque,Objeto Fijo,Poste,Con Heridos,0,0,0,0,0,0,0,1,0,0,1,0,1,0,0,1,0,0,0,0,0,0
248336,10583111,-74.10859791224,4.71867497607,CL 86 A  - KR 103 C  02,2022,Octubre,24,lunes,5,55,Engativá,Choque,Vehículo,N/A,Con Heridos,0,0,0,0,0,1,0,0,0,0,0,0,0,0,0,0,0,0,0,0,0,0
248337,10583113,-74.14319834206,4.62676861995,DG 5 A  - KR 73 C  02,2022,Octubre,25,martes,5,50,Kennedy,Choque,Vehículo,N/A,Con Heridos,0,0,0,0,0,1,0,0,0,0,0,0,0,0,0,0,0,0,0,0,0,0
248338,10583134,-74.090724906,4.7211487615,CL 128 A  - KR 91 B  02,2022,Octubre,24,lunes,8,0,Suba,Choque,Vehículo,N/A,Con Heridos,0,0,0,0,0,1,0,0,0,1,0,0,0,0,0,0,0,0,0,0,0,1
248340,10582039,-74.106,4.696,AK 86  - CL 72   02,2022,Octubre,1,sábado,8,20,Engativá,Choque,Vehículo,N/A,Solo Daños,0,0,0,0,0,0,0,0,0,0,0,0,0,0,0,0,0,0,0,0,0,0
248341,10582084,-74.106,4.62,CL 6  - TV 43 B  02,2022,Octubre,1,sábado,14,10,Puente Aranda,Choque,Vehículo,N/A,Con Heridos,1,0,0,0,0,0,0,0,0,0,0,0,0,0,0,0,0,0,0,0,0,0
248343,10582501,-74.185,4.598,CL 65 G  - KR 77 J  02,2022,Octubre,5,miércoles,19,30,Bosa,Choque,Vehículo,N/A,Con Heridos,0,0,0,0,0,1,0,0,0,0,0,0,0,0,0,0,0,0,0,0,0,0
248344,10582508,-74.125,4.685,CL 26  - KR 96   02,2022,Octubre,10,lunes,8,20,Fontibón,Choque,Vehículo,N/A,Con Heridos,0,0,0,0,0,1,0,0,0,0,0,0,0,0,0,0,0,0,0,0,0,0
248345,10582522,-74.18,4.597,AU SUR - CL 65  S 02,2022,Octubre,10,lunes,11,8,Bosa,Choque,Vehículo,N/A,Solo Daños,0,1,0,0,0,0,0,0,0,0,1,0,0,0,0,0,0,0,0,0,0,0
248346,10582528,-74.121,4.555,CL 51  S- KR 6 A  02,2022,Octubre,8,sábado,10,50,Usme,Atropello,N/A,N/A,Con Heridos,0,0,0,0,1,1,1,0,0,0,0,0,0,0,0,0,0,0,0,0,0,0
248347,10582532,-74.122,4.517,KR 14 V  - CL 73 B  S 02,2022,Octubre,10,lunes,18,30,Usme,Choque,Vehículo,N/A,Con Heridos,0,0,0,0,0,1,0,0,0,1,0,0,0,0,0,0,0,0,0,0,0,1
248348,10582563,-74.147,4.674,CL 17  - KR 102   02,2022,Octubre,10,lunes,17,30,Fontibón,Choque,Vehículo,N/A,Con Heridos,1,0,0,0,0,0,0,0,0,0,0,0,0,0,0,0,0,0,0,0,0,0
248349,10582564,-74.06,4.664,CL 77  - KR 16 A  02,2022,Octubre,11,martes,9,0,Chapinero,Choque,Vehículo,N/A,Con Heridos,0,0,0,0,0,0,0,0,0,0,0,0,0,0,0,0,0,0,0,0,0,0
248350,10582567,-74.173,4.596,AU SUR - KR 74 G  02,2022,Octubre,11,martes,18,24,Bosa,Atropello,N/A,N/A,Con Heridos,1,0,0,0,0,0,1,0,0,0,0,0,0,0,0,0,0,0,0,0,0,0
248351,10582582,-74.145,4.588,TV 60  - DG 52  S 02,2022,Octubre,9,domingo,10,10,Tunjuelito,Choque,Vehículo,N/A,Con Heridos,0,1,0,0,1,0,0,1,0,0,0,0,0,0,0,0,0,0,0,0,0,0
248352,10582635,-74.102,4.597,KR 27  - CL 1 B  02,2022,Octubre,13,jueves,5,0,Los Mártires,Choque,Vehículo,N/A,Con Heridos,0,0,0,0,0,0,0,0,0,1,0,0,0,0,0,0,0,0,0,0,0,1
248353,10582715,-74.1,4.584,CL 17 A  S- KR 16   02,2022,Octubre,15,sábado,13,30,Antonio Nariño,Choque,Vehículo,N/A,Solo Daños,0,0,0,0,0,0,0,0,0,0,0,0,0,0,0,0,0,0,0,0,0,0
248354,10582718,-74.125,4.57,AV AVENIDA CARACAS - CL 46  S 02,2022,Octubre,14,viernes,19,23,Rafael Uribe Uribe,Choque,Vehículo,N/A,Solo Daños,0,0,1,0,0,0,0,0,0,0,0,0,0,0,0,0,0,0,0,0,0,0
248355,10582818,-74.074,4.666,KR 30  - CL 71 A  02,2022,Octubre,16,domingo,7,30,Barrios Unidos,Atropello,N/A,N/A,Con Heridos,0,0,0,0,0,1,1,0,0,0,0,0,0,0,0,0,0,0,0,0,0,0
248356,10582723,-74.084,4.631,CL 26  - KR 34   02,2022,Octubre,14,viernes,15,40,Teusaquillo,Choque,Vehículo,N/A,Solo Daños,0,0,0,0,0,0,0,0,0,0,1,0,1,0,0,1,0,0,0,0,0,0
248357,10582735,-74.118,4.556,KR 5 Y  - CL 49 D  S 02,2022,Octubre,17,lunes,0,15,Rafael Uribe Uribe,Choque,Objeto Fijo,Inmueble,Solo Daños,0,0,0,0,0,0,0,0,0,0,1,0,1,0,0,1,0,0,0,0,0,0
248358,10582744,-74.04899792,4.748361327,CL 167  - KR 48   02,2022,Octubre,14,viernes,13,1,Suba,Choque,Vehículo,N/A,Con Heridos,0,0,0,0,0,1,0,0,0,0,0,0,0,0,0,0,0,0,0,0,0,0
248637,10583137,-74.10639313643,4.64948055779,KR 68  - CL 24   02,2022,Octubre,24,lunes,13,11,Teusaquillo,Choque,Vehículo,N/A,Con Heridos,0,0,0,0,0,0,0,0,0,0,0,0,0,0,0,0,0,0,0,0,0,0
248638,10583142,-74.0884476686,4.5697449853,KR 1 A  - CL 20 A  S 02,2022,Octubre,19,miércoles,19,5,San Cristóbal,Choque,Vehículo,N/A,Solo Daños,0,0,0,0,0,1,0,1,0,1,0,0,0,0,0,0,0,0,0,0,0,1
248639,10583143,-74.08651260321,4.62082131538,KR 30  - CL 22   02,2022,Octubre,24,lunes,19,20,Los Mártires,Choque,Vehículo,N/A,Solo Daños,0,0,0,0,0,0,0,0,0,0,0,0,0,0,0,0,0,0,0,0,0,0
248658,10582749,-74.114,4.702,CL 72  - KR 96 A  02,2022,Octubre,14,viernes,13,14,Engativá,Caida de ocupante,N/A,N/A,Con Heridos,0,0,0,0,0,0,0,1,0,0,1,0,1,0,0,1,0,0,0,0,0,0
248659,10582754,-74.12241016757,4.52050230558,CL 71  S- TV 3 D  02,2022,Octubre,16,domingo,22,40,Usme,Atropello,N/A,N/A,Con Muertos,0,0,0,0,0,0,1,0,0,1,0,0,0,0,0,0,0,0,0,0,0,1
248660,10582756,-74.095,4.759,KR 111  - CL 157   02,2022,Octubre,15,sábado,18,20,Suba,Choque,Vehículo,N/A,Con Heridos,0,0,0,0,0,1,0,0,0,0,1,0,1,0,0,1,0,0,0,0,0,0
248661,10582758,-74.135,4.703,CL 64  - KR 112   02,2022,Octubre,16,domingo,4,20,Engativá,Choque,Vehículo,N/A,Con Heridos,0,0,0,0,0,1,0,0,0,0,0,0,0,0,0,0,0,0,0,0,0,0
248662,10582777,-74.154,4.632,KR 80  - CL 2   02,2022,Octubre,15,sábado,10,25,Kennedy,Caida de ocupante,N/A,N/A,Con Heridos,0,0,0,0,0,0,0,1,0,0,1,0,1,0,0,1,0,0,0,0,0,0
248663,10582810,-74.197,4.604,CL 72 A  - KR 78 C  02,2022,Octubre,16,domingo,14,40,Bosa,Choque,Vehículo,N/A,Con Heridos,0,0,0,0,0,1,0,0,0,0,0,0,0,0,0,0,0,0,0,0,0,0
248664,10582826,-74.076,4.609,KR 14  - CL 19   02,2022,Octubre,16,domingo,2,0,Santa Fe,Choque,Vehículo,N/A,Solo Daños,0,0,0,0,0,0,0,0,0,0,0,0,0,0,0,0,0,0,0,0,0,0
248665,10582833,-74.075,4.687,KR 68  - CL 94   02,2022,Octubre,18,martes,14,59,Barrios Unidos,Choque,Vehículo,N/A,Solo Daños,0,0,0,0,0,0,0,0,0,0,0,0,0,0,0,0,0,0,0,0,0,0
248666,10582835,-74.141,4.616,KR 72 J BIS - CL 36  S 02,2022,Octubre,14,viernes,12,30,Kennedy,Choque,Objeto Fijo,Poste,Solo Daños,0,1,0,0,0,0,0,0,0,0,0,0,0,0,0,0,0,0,0,0,0,0
248667,10582843,-74.204,4.631,KR 95 A  - CL 73  S 02,2022,Octubre,15,sábado,6,50,Bosa,Choque,Vehículo,N/A,Con Heridos,0,0,0,0,0,1,0,0,0,0,0,0,0,0,0,0,0,0,0,0,0,0
248668,10582844,-74.199,4.613,KR 81 I  - CL 73 D  S 02,2022,Octubre,15,sábado,8,2,Bosa,Choque,Vehículo,N/A,Con Heridos,0,0,0,0,0,1,0,0,0,0,0,0,0,0,0,0,0,0,0,0,0,0
248669,10582845,-74.135,4.56,KR 17  - CL 65  S 02,2022,Octubre,18,martes,5,40,Ciudad Bolívar,Choque,Vehículo,N/A,Con Heridos,0,1,0,0,0,1,0,0,0,0,0,0,0,0,0,0,0,0,0,0,0,0
248670,10582847,-74.187,4.598,KR 77 J  - CL 65 J  S 02,2022,Octubre,15,sábado,17,50,Bosa,Choque,Vehículo,N/A,Con Heridos,0,0,0,0,0,1,0,0,0,0,0,0,0,0,0,0,0,0,0,0,0,0
248671,10582848,-74.195,4.613,CL 71 A  S- KR 82 B  02,2022,Octubre,15,sábado,3,10,Bosa,Choque,Vehículo,N/A,Con Heridos,1,0,0,0,0,1,0,0,0,0,0,0,0,0,0,0,0,0,0,0,0,0
248672,10582854,-74.087,4.632,CL 25 B  - KR 38   02,2022,Octubre,18,martes,17,15,Teusaquillo,Atropello,N/A,N/A,Con Heridos,0,0,0,0,0,0,1,0,0,0,0,0,0,0,0,0,0,0,0,0,0,0
248673,10582867,-74.073977468,4.65654723500001,KR 27 A  - CL 63 G  02,2022,Octubre,18,martes,11,1,Barrios Unidos,Atropello,N/A,N/A,Con Heridos,0,0,0,0,0,0,1,0,0,0,0,0,0,0,0,0,0,0,0,0,0,0
248674,10582876,-74.163,4.622,CL 42 A  S- KR 79 F  02,2022,Octubre,19,miércoles,21,32,Kennedy,Choque,Vehículo,N/A,Con Heridos,0,0,0,0,0,1,0,0,0,0,0,0,0,0,0,0,0,0,0,0,0,0
248675,10582877,-74.076,4.68,CL 80  - KR 62   02,2022,Octubre,18,martes,21,33,Barrios Unidos,Choque,Vehículo,N/A,Con Heridos,0,0,0,0,0,1,0,0,0,0,0,0,0,0,0,0,0,0,0,0,0,0
248676,10582878,-74.116,4.579,KR 21 B  - CL 33  S 02,2022,Octubre,19,miércoles,6,20,Rafael Uribe Uribe,Choque,Vehículo,N/A,Con Heridos,0,0,0,0,0,1,0,0,0,0,0,0,0,0,0,0,0,0,0,0,0,0
248677,10582888,-74.131,4.606,KR 68  - CL 34  S 02,2022,Octubre,19,miércoles,22,24,Puente Aranda,Atropello,N/A,N/A,Con Heridos,0,0,0,0,0,1,1,0,0,0,0,0,0,0,0,0,0,0,0,0,0,0
248678,10582898,-74.087,4.594,KR 14  - CL 2  S 02,2022,Octubre,19,miércoles,0,10,Antonio Nariño,Choque,Vehículo,N/A,Con Heridos,0,0,0,0,0,0,0,0,0,1,0,0,0,0,0,0,0,0,0,0,0,1
248679,10582904,-74.078,4.616,KR 19 A  - DG 23   02,2022,Octubre,19,miércoles,14,22,Los Mártires,Choque,Vehículo,N/A,Solo Daños,0,0,0,0,0,0,0,0,0,0,0,0,0,0,0,0,0,0,0,0,0,0
248680,10582919,-74.147,4.569,CL 61  S- KR 23 C  02,2022,Octubre,20,jueves,18,10,Ciudad Bolívar,Choque,Vehículo,N/A,Con Heridos,0,0,0,0,0,1,0,0,0,0,0,0,0,0,0,0,0,0,0,0,0,0
248977,10582930,-74.145,4.567,DG 62  S- KR 22 A  02,2022,Octubre,20,jueves,6,0,Ciudad Bolívar,Choque,Vehículo,N/A,Con Heridos,1,0,0,0,0,0,0,0,0,0,1,0,1,0,0,1,0,0,0,0,0,0
248978,10582931,-74.128,4.651,KR 72  - CL 17   02,2022,Octubre,20,jueves,5,30,Fontibón,Choque,Vehículo,N/A,Con Heridos,1,0,0,0,0,0,0,1,0,0,0,0,0,0,0,0,0,0,0,0,0,0
248979,10582935,-74.11,4.708,TV 94 L  - CL 80   02,2022,Octubre,19,miércoles,22,0,Engativá,Choque,Vehículo,N/A,Con Heridos,0,0,1,0,0,0,0,0,0,1,0,0,0,0,0,0,0,0,0,0,0,1
248980,10582938,-74.085,4.738,CL 145  - KR 91   02,2022,Octubre,20,jueves,9,0,Suba,Choque,Vehículo,N/A,Con Heridos,0,0,0,0,0,1,0,0,0,0,0,0,0,0,0,0,0,0,0,0,0,0
248981,10582941,-74.045,4.744,CL 163 A  - KR 21   02,2022,Octubre,19,miércoles,18,7,Usaquén,Choque,Vehículo,N/A,Con Heridos,0,0,0,0,0,1,0,0,0,1,0,0,0,0,0,0,0,0,0,0,0,1
248982,10582942,-74.107,4.587,CL 22  - KR 24 G  02,2022,Octubre,20,jueves,7,18,Antonio Nariño,Volcamiento,N/A,N/A,Con Heridos,0,0,0,1,0,1,0,0,0,0,0,0,0,0,0,0,0,0,0,0,0,0
248983,10582945,-74.117,4.716,CL 80  - KR 107   02,2022,Octubre,19,miércoles,10,50,Engativá,Atropello,N/A,N/A,Con Heridos,0,0,0,0,0,1,1,0,0,0,0,0,0,0,0,0,0,0,0,0,0,0
249452,10582434,-74.102,4.677,AV AVENIDA BOYACA - CL 64 B  02,2022,Octubre,9,domingo,15,50,Engativá,Atropello,N/A,N/A,Con Heridos,1,0,0,0,1,0,1,0,0,0,0,0,0,0,0,0,0,0,0,0,0,0
249453,10582439,-74.078,4.623,CL 26  - KR 32   02,2022,Octubre,9,domingo,13,21,Teusaquillo,Volcamiento,N/A,N/A,Con Heridos,0,0,0,0,0,1,0,0,0,0,0,0,0,0,0,0,0,0,0,0,0,0
249454,10582443,-74.06,4.652,CL 67  - KR 9   02,2022,Octubre,7,viernes,20,0,Chapinero,Choque,Vehículo,N/A,Solo Daños,0,0,0,0,0,0,0,0,0,0,1,0,1,0,0,1,0,0,0,0,0,0
249455,10582446,-74.075,4.629,CL 39 A  - KR 24   02,2022,Octubre,7,viernes,11,30,Teusaquillo,Choque,Vehículo,N/A,Con Heridos,0,0,0,0,0,1,0,0,0,0,0,0,0,0,0,0,0,0,0,0,0,0
249602,10582459,-74.026,4.699,KR 1 A  - CL 127   02,2022,Octubre,9,domingo,4,33,Usaquén,Volcamiento,N/A,N/A,Solo Daños,0,0,1,0,0,0,0,0,0,0,0,0,0,0,0,0,0,0,0,0,0,0
249603,10582571,-74.092,4.665,CL 63  - KR 65   02,2022,Octubre,11,martes,9,30,Barrios Unidos,Atropello,N/A,N/A,Con Heridos,0,0,0,0,0,1,1,0,0,0,0,0,0,0,0,0,0,0,0,0,0,0
249604,10582573,-74.166,4.588,CL 63  S- KR 71 H  02,2022,Octubre,11,martes,22,30,Ciudad Bolívar,Choque,Vehículo,N/A,Solo Daños,0,0,1,0,0,0,0,0,0,0,0,0,0,0,0,0,0,0,0,0,0,0
249605,10582688,-74.183,4.6,KR 77 M  - CL 65 G BIS A S 02,2022,Octubre,13,jueves,14,50,Bosa,Choque,Vehículo,N/A,Con Heridos,0,0,0,0,0,1,0,0,0,0,0,0,0,0,0,0,0,0,0,0,0,0
249606,10582694,-74.120799552,4.63240325499999,KR 68  - CL 10   02,2022,Octubre,14,viernes,23,50,Puente Aranda,Choque,Vehículo,N/A,Con Heridos,0,1,0,0,0,1,0,0,0,0,0,0,0,0,0,0,0,0,0,0,0,0
249607,10582696,-74.103,4.616,CL 9  - KR 39   02,2022,Octubre,13,jueves,10,30,Puente Aranda,Choque,Vehículo,N/A,Con Heridos,0,0,0,0,0,1,0,0,0,0,0,0,0,0,0,0,0,0,0,0,0,0
249608,10582704,-74.041,4.688,KR 9  - CL 106   02,2022,Octubre,13,jueves,16,12,Usaquén,Choque,Vehículo,N/A,Solo Daños,0,1,0,0,0,0,0,0,0,0,0,0,0,0,0,0,0,0,0,0,0,0
249609,10582713,-74.083858171,4.687229661,KR 69 H  - CL 78 A  02,2022,Octubre,14,viernes,18,45,Engativá,Choque,Vehículo,N/A,Solo Daños,0,1,0,0,0,0,0,1,0,0,0,0,0,0,0,0,0,0,0,0,0,0
249610,10582740,-74.061,4.646,KR 7  - CL 61   02,2022,Octubre,15,sábado,6,0,Chapinero,Atropello,N/A,N/A,Con Heridos,0,0,0,0,0,0,1,0,0,0,0,0,0,0,0,0,0,0,0,0,0,0
250300,10582196,-74.093,4.675,KR 69  - CL 66   02,2022,Octubre,3,lunes,12,20,Engativá,Choque,Vehículo,N/A,Con Heridos,0,0,0,0,1,0,0,0,0,1,0,0,0,0,0,0,0,0,0,0,0,1
250301,10582197,-74.1,4.579,CL 22  S- KR 12 D  02,2022,Octubre,3,lunes,13,5,Antonio Nariño,Choque,Vehículo,N/A,Solo Daños,0,0,0,0,0,0,0,1,0,1,0,0,0,0,0,0,0,0,0,0,0,1
250302,10582199,-74.142,4.627,CL 5 B  - KR 73 B  02,2022,Octubre,3,lunes,7,13,Kennedy,Choque,Vehículo,N/A,Con Heridos,1,0,0,0,0,0,0,0,0,0,0,0,0,0,0,0,0,0,0,0,0,0
250303,10582207,-74.115,4.67,CL 26  - KR 75   02,2022,Octubre,3,lunes,6,8,Fontibón,Choque,Vehículo,N/A,Con Heridos,0,0,0,0,0,1,0,0,0,1,0,0,0,0,0,0,0,0,0,0,0,1
250304,10582233,-74.094,4.632,AC 24  - KR 43 A  02,2022,Octubre,2,domingo,17,35,Teusaquillo,Choque,Objeto Fijo,Valla-Señal,Con Heridos,0,0,0,0,0,0,1,0,0,0,1,0,1,0,0,1,0,0,0,0,0,0
250305,10582235,-74.09,4.744,KR 98 B  - CL 147   02,2022,Octubre,3,lunes,11,30,Suba,Choque,Vehículo,N/A,Con Heridos,1,0,0,0,0,1,0,1,0,0,0,0,0,0,0,0,0,0,0,0,0,0
250306,10582240,-74.165,4.691,AC 13  - KR 129   02,2022,Octubre,4,martes,18,40,Fontibón,Choque,Vehículo,N/A,Solo Daños,0,0,0,0,0,0,0,0,0,0,1,0,1,0,0,1,0,0,0,0,0,0
250307,10582241,-74.031,4.734,CL 156  - KR 8 D  02,2022,Octubre,3,lunes,10,22,Usaquén,Choque,Vehículo,N/A,Con Heridos,0,0,0,0,0,0,1,1,0,1,0,0,0,0,0,0,0,0,0,0,0,1
250308,10582248,-74.119,4.665,CL 24  - KR 74 A  02,2022,Octubre,3,lunes,6,35,Fontibón,Choque,Vehículo,N/A,Solo Daños,0,0,0,0,0,0,0,1,0,1,1,0,1,0,0,1,0,0,0,0,0,1
250309,10582461,-74.143,4.653,KR 86  - CL 12   02,2022,Octubre,9,domingo,5,40,Kennedy,Choque,Vehículo,N/A,Con Heridos,0,0,0,0,0,1,0,0,0,0,1,0,1,0,0,1,0,0,0,0,0,0
250310,10582462,-74.19,4.625,CL 59  S- KR 87 L  02,2022,Octubre,9,domingo,15,24,Bosa,Choque,Vehículo,N/A,Con Heridos,1,0,0,0,1,0,0,0,0,0,0,0,0,0,0,0,0,0,0,0,0,0
250311,10582470,-74.072036933,4.66900692399997,KR 30  - CL 74   02,2022,Octubre,7,viernes,21,50,Barrios Unidos,Choque,Vehículo,N/A,Solo Daños,0,0,0,0,0,1,0,0,0,0,0,0,0,0,0,0,0,0,0,0,0,0
250312,10582472,-74.120799552,4.63240325499999,KR 68  - CL 10   02,2022,Octubre,7,viernes,16,35,Puente Aranda,Choque,Vehículo,N/A,Solo Daños,0,1,0,0,0,1,0,0,0,0,1,0,0,0,0,0,0,0,0,0,0,0
250313,10582474,-74.104,4.566,KR 10  - CL 35 BIS  02,2022,Octubre,8,sábado,8,30,Rafael Uribe Uribe,Choque,Vehículo,N/A,Con Heridos,0,0,0,0,0,0,0,0,0,0,0,0,0,0,0,0,0,0,0,0,0,0
250314,10582479,-74.1,4.604,KR 30  - CL 4   02,2022,Octubre,6,jueves,22,30,Puente Aranda,Choque,Vehículo,N/A,Solo Daños,0,1,0,0,0,0,0,0,0,0,0,0,0,0,0,0,0,0,0,0,0,0
250315,10582490,-74.076,4.609,KR 14  - CL 19   02,2022,Octubre,9,domingo,17,15,Santa Fe,Atropello,N/A,N/A,Con Heridos,0,0,0,0,0,1,1,0,0,0,0,0,0,0,0,0,0,0,0,0,0,0
250316,10582492,-74.101,4.649,CL 26  - KR 66   02,2022,Octubre,7,viernes,19,30,Teusaquillo,Choque,Vehículo,N/A,Solo Daños,0,0,0,0,0,1,0,0,0,0,0,0,0,0,0,0,0,0,0,0,0,0
250317,10582500,-74.055,4.71,CL 127 B  - KR 46   02,2022,Octubre,9,domingo,14,0,Suba,Choque,Vehículo,N/A,Solo Daños,0,0,0,0,0,0,0,0,0,0,0,0,0,0,0,0,0,0,0,0,0,0
250479,10582530,-74.115,4.713,CL 80  - KR 104   02,2022,Octubre,11,martes,18,42,Engativá,Atropello,N/A,N/A,Con Heridos,0,0,0,0,0,1,1,0,0,0,0,0,0,0,0,0,0,0,0,0,0,0
250480,10582537,-74.119,4.744,CL 132 D  - KR 148 B  02,2022,Octubre,11,martes,7,0,Suba,Atropello,N/A,N/A,Con Heridos,0,0,0,0,0,0,1,0,0,0,1,0,1,0,0,1,0,0,0,0,0,0
250481,10582540,-74.084,4.614,CL 19  - KR 22   02,2022,Octubre,10,lunes,22,1,Los Mártires,Choque,Vehículo,N/A,Con Heridos,0,0,0,0,0,1,0,1,0,1,0,0,0,0,0,0,0,0,0,0,0,1
250482,10582574,-74.095807447,4.71488633000001,KR 91  - CL 96   02,2022,Octubre,11,martes,7,20,Engativá,Choque,Vehículo,N/A,Con Heridos,1,0,0,0,0,0,0,0,0,0,1,0,1,0,0,1,0,0,0,0,0,0
250483,10582717,-74.157,4.629,KR 80  - CL 36  S 02,2022,Octubre,15,sábado,7,20,Kennedy,Choque,Vehículo,N/A,Solo Daños,0,0,1,0,0,1,0,0,0,0,0,0,0,0,0,0,0,0,0,0,0,0
250484,10582719,-74.12,4.656,KR 72  - CL 22   02,2022,Octubre,17,lunes,6,40,Fontibón,Choque,Vehículo,N/A,Solo Daños,0,0,0,0,0,0,0,0,0,1,0,0,0,0,0,0,0,0,0,0,0,1
250616,10582344,-74.07153514807,4.67303801009,CL 78  - KR 52   02,2022,Octubre,7,viernes,7,40,Barrios Unidos,Choque,Vehículo,N/A,Con Heridos,0,0,0,0,0,1,0,0,0,0,0,0,0,0,0,0,0,0,0,0,0,0
250617,10582345,-74.11486891691,4.50499630531,KR 14  - CL 92 A  S 02,2022,Octubre,7,viernes,4,45,Usme,Choque,Vehículo,N/A,Con Heridos,0,0,0,0,0,1,0,0,0,0,0,0,0,0,0,0,0,0,0,0,0,0
250618,10582351,-74.14306429808,4.66919915097,CL 17 G G - KR 96 G  8,2022,Octubre,6,jueves,16,0,Fontibón,Choque,Vehículo,N/A,Con Heridos,0,0,0,0,0,1,0,0,0,0,1,0,0,0,0,0,0,0,0,0,0,0
250619,10582353,-74.112,4.667,AV AVENIDA BOYACA - CL 26   02,2022,Octubre,6,jueves,23,15,Engativá,Choque,Vehículo,N/A,Con Heridos,0,0,0,0,0,1,0,0,0,0,0,0,0,0,0,0,0,0,0,0,0,0
250620,10582388,-74.095,4.579,CL 18  S- KR 11   02,2022,Octubre,6,jueves,16,53,Antonio Nariño,Choque,Vehículo,N/A,Con Heridos,0,0,0,0,0,0,0,1,0,1,0,0,0,0,0,0,0,0,0,0,0,1
250621,10582410,-74.142,4.687,CL 23 G  - KR 109   02,2022,Octubre,9,domingo,22,20,Fontibón,Choque,Vehículo,N/A,Con Heridos,1,0,1,0,0,1,0,0,0,0,0,0,0,0,0,0,0,0,0,0,0,0
250622,10582411,-74.137,4.548,CL 71  S- KR 17   02,2022,Octubre,8,sábado,7,55,Ciudad Bolívar,Choque,Vehículo,N/A,Con Heridos,0,0,0,0,0,1,0,0,0,0,0,0,0,0,0,0,0,0,0,0,0,0
250774,10582990,-74.138,4.637,CL 8  - KR 72 A  02,2022,Octubre,21,viernes,17,50,Kennedy,Choque,Vehículo,N/A,Con Heridos,0,0,0,0,0,1,0,0,0,0,0,0,0,0,0,0,0,0,0,0,0,0
250775,10582996,-74.053,4.751,KR 54 A  - CL 168 A  02,2022,Octubre,22,sábado,14,9,Suba,Choque,Vehículo,N/A,Con Heridos,1,0,0,0,0,0,0,0,0,0,0,0,0,0,0,0,0,0,0,0,0,0
250776,10582998,-74.158,4.616,TV 78 H  - CL 41 C  02,2022,Octubre,22,sábado,12,40,Kennedy,Caida de ocupante,N/A,N/A,Con Heridos,0,0,0,0,0,0,0,0,0,0,1,0,1,0,0,1,0,0,0,0,0,0
250777,10583000,-74.03337923794,4.69646378037,KR 9  - CL 119   02,2022,Octubre,21,viernes,18,45,Usaquén,Choque,Vehículo,N/A,Solo Daños,0,1,0,0,0,0,0,0,0,0,0,0,0,0,0,0,0,0,0,0,0,0
250778,10583005,-74.100248418,4.703145592,KR 86  - CL 80   02,2022,Octubre,22,sábado,16,54,Engativá,Atropello,N/A,N/A,Con Heridos,1,0,0,0,1,0,0,1,0,0,0,0,0,0,0,0,0,0,0,0,0,0
250779,10583008,-74.07313374464,4.6062132105,CL 19  - KR 9   02,2022,Octubre,21,viernes,0,0,Santa Fe,Atropello,N/A,N/A,Con Heridos,0,0,0,0,0,0,1,1,0,1,0,0,0,0,0,0,0,0,0,0,0,1
250780,10582431,-74.141,4.685,CL 23 G  - KR 107   02,2022,Octubre,7,viernes,16,0,Fontibón,Choque,Vehículo,N/A,Con Heridos,0,0,0,0,1,1,0,0,0,0,0,0,0,0,0,0,0,0,0,0,0,0
250781,10582432,-74.114,4.617,AK 50  - CL 4 BIS  02,2022,Octubre,9,domingo,20,20,Puente Aranda,Atropello,N/A,N/A,Con Muertos,0,0,0,0,0,1,1,1,0,0,0,0,0,0,0,0,0,0,0,0,0,0
251170,10582308,-74.204,4.631,CL 73  S- KR 95 A  02,2022,Octubre,6,jueves,6,20,Bosa,Choque,Objeto Fijo,Vehiculo Estacionado,Con Heridos,0,0,0,0,0,0,1,0,0,0,1,0,1,0,0,1,0,0,0,0,0,0
251171,10582320,-74.152,4.621,KR 78 B  - CL 38 C  S 02,2022,Octubre,6,jueves,21,6,Kennedy,Atropello,N/A,N/A,Con Heridos,0,0,0,0,0,1,1,0,0,0,0,0,0,0,0,0,0,0,0,0,0,0
251172,10582321,-74.102,4.6,KR 29  - CL 1 F  02,2022,Octubre,5,miércoles,16,8,Los Mártires,Choque,Vehículo,N/A,Solo Daños,0,0,0,0,0,0,0,1,0,1,0,0,0,0,0,0,0,0,0,0,0,1
251173,10582329,-74.092,4.549,CL 41 A  S- TV 6 B  E 02,2022,Octubre,5,miércoles,20,33,San Cristóbal,Choque,Vehículo,N/A,Solo Daños,0,0,0,0,0,0,0,0,0,0,1,0,1,0,0,1,0,0,0,0,0,0
251175,10582335,-74.057864102,4.68033024699997,KR 45  - CL 93   02,2022,Octubre,7,viernes,23,50,Barrios Unidos,Choque,Objeto Fijo,Otro,Solo Daños,0,0,0,0,0,0,0,0,0,0,0,0,0,0,0,0,0,0,0,0,0,0
251176,10582336,-74.076,4.665,KR 30  - CL 69   02,2022,Octubre,6,jueves,20,30,Barrios Unidos,Choque,Vehículo,N/A,Con Heridos,0,0,0,0,0,1,0,0,0,1,0,0,0,0,0,0,0,0,0,0,0,1
251337,10582604,-74.112,4.586,CL 28  S- KR 26   02,2022,Octubre,12,miércoles,23,12,Rafael Uribe Uribe,Choque,Objeto Fijo,Poste,Solo Daños,0,0,1,0,0,0,0,0,0,0,0,0,0,0,0,0,0,0,0,0,0,0
251338,10582609,-74.085897476,4.60802022600001,CL 12 B  - KR 19 B  02,2022,Octubre,13,jueves,18,9,Los Mártires,Atropello,N/A,N/A,Con Heridos,0,0,0,0,0,1,1,0,0,0,0,0,0,0,0,0,0,0,0,0,0,0
251339,10582613,-74.06,4.648,KR 7  - CL 63   02,2022,Octubre,12,miércoles,6,46,Chapinero,Atropello,N/A,N/A,Con Heridos,0,0,0,0,0,1,1,0,0,0,0,0,0,0,0,0,0,0,0,0,0,0
251340,10582626,-74.057,4.648,CL 65  - KR 4 A  02,2022,Octubre,12,miércoles,11,16,Chapinero,Choque,Vehículo,N/A,Solo Daños,0,0,0,0,0,0,0,1,0,0,0,0,0,0,0,0,0,0,0,0,1,0
251341,10582627,-74.15,4.633,CL 6  - KR 79  S 02,2022,Octubre,11,martes,8,20,Kennedy,Choque,Vehículo,N/A,Con Heridos,0,0,0,0,0,1,0,0,0,0,0,0,0,0,0,0,0,0,0,0,0,0
251342,10582632,-74.077,4.658,AK 30  - AC 63 G  02,2022,Octubre,13,jueves,7,20,Barrios Unidos,Choque,Vehículo,N/A,Solo Daños,0,0,0,0,0,1,0,0,0,0,0,0,0,0,0,0,0,0,0,0,0,0
251343,10582633,-74.097064064,4.60222704099999,KR 27  - CL 4 A  02,2022,Octubre,12,miércoles,14,52,Los Mártires,Choque,Vehículo,N/A,Con Heridos,0,0,0,0,0,1,0,0,0,0,0,0,0,0,0,0,0,0,0,0,0,0
251344,10582636,-74.082,4.601,CL 11  S- KR 111   02,2022,Octubre,13,jueves,0,13,Puente Aranda,Choque,Vehículo,N/A,Con Heridos,0,0,0,0,0,0,0,0,0,0,1,0,1,1,0,0,0,1,0,0,0,0
251345,10582639,-74.048,4.75,CL 168  - KR 45 A  02,2022,Octubre,12,miércoles,13,0,Suba,Choque,Vehículo,N/A,Con Heridos,0,0,0,0,0,1,0,0,0,0,0,0,0,0,0,0,0,0,0,0,0,0
251346,10582641,-74.116,4.627,CL 8  S- KR 60   02,2022,Octubre,13,jueves,10,5,Puente Aranda,Choque,Objeto Fijo,Vehiculo Estacionado,Con Heridos,1,0,0,0,0,0,0,0,0,0,0,0,0,0,0,0,0,0,0,0,0,0
251347,10582642,-74.141,4.577,AV AVENIDA BOYACA - CL 25   02,2022,Octubre,13,jueves,20,5,Tunjuelito,Choque,Vehículo,N/A,Con Heridos,0,0,0,0,0,1,0,0,0,0,0,0,0,0,0,0,0,0,0,0,0,0
251348,10582645,-74.128072188,4.56133921100002,CL 55 A  S- KR 12 D  02,2022,Octubre,13,jueves,18,17,Tunjuelito,Choque,Vehículo,N/A,Con Heridos,0,0,0,0,0,1,0,0,0,0,0,0,0,0,0,0,0,0,0,0,0,0
251349,10582647,-74.09,4.739,CL 139  - KR 96 A  02,2022,Octubre,15,sábado,2,9,Suba,Choque,Vehículo,N/A,Con Muertos,0,0,0,0,0,1,0,0,0,0,0,0,0,0,0,0,0,0,0,0,0,0
251350,10582648,-74.192,4.639,KR 99 A  - CL 55 A  S 02,2022,Octubre,12,miércoles,16,35,Bosa,Atropello,N/A,N/A,Con Heridos,0,0,0,0,1,1,1,0,0,0,0,0,0,0,0,0,0,0,0,0,0,0
251351,10582651,-74.142,4.654,KR 86  - CL 13 A  02,2022,Octubre,14,viernes,5,41,Kennedy,Choque,Vehículo,N/A,Con Muertos,0,1,0,0,0,1,0,0,0,0,1,0,1,0,0,1,0,0,0,0,0,0
251352,10582654,-74.124248462,4.58842131699998,KR 33  - CL 39  S 02,2022,Octubre,12,miércoles,9,55,Tunjuelito,Volcamiento,N/A,N/A,Con Heridos,0,0,0,1,0,1,0,0,0,0,0,0,0,0,0,0,0,0,0,0,0,0
251353,10582670,-74.097,4.608,KR 30 A  - CL 7   02,2022,Octubre,13,jueves,11,0,Puente Aranda,Choque,Vehículo,N/A,Con Heridos,0,0,0,0,1,0,0,0,0,1,0,0,0,0,0,0,0,0,0,0,0,1
251354,10582680,-74.18,4.632,KR 88 C  - CL 49 D  S 02,2022,Octubre,14,viernes,7,32,Bosa,Atropello,N/A,N/A,Con Heridos,0,0,0,0,0,1,1,0,0,0,0,0,0,0,0,0,0,0,0,0,0,0
251355,10582692,-74.137,4.58,KR 28  - CL 52 F  S 02,2022,Octubre,13,jueves,11,50,Tunjuelito,Choque,Vehículo,N/A,Con Heridos,0,0,0,0,0,1,0,1,0,0,0,0,0,0,0,0,0,0,0,0,0,0
251356,10582697,-74.069,4.661,DG 70 A  - AK 24   02,2022,Octubre,13,jueves,11,0,Barrios Unidos,Choque,Vehículo,N/A,Solo Daños,0,0,0,0,0,0,0,1,0,1,0,0,0,0,0,0,0,0,0,0,0,1
251373,10582141,-74.083,4.592,KR 10  - CL 3   02,2022,Octubre,4,martes,18,13,Santa Fe,Atropello,N/A,N/A,Con Muertos,0,0,0,0,0,1,1,1,0,0,0,0,0,0,0,0,0,0,0,0,0,0
251374,10582144,-74.084,4.591,KR 10  - CL 2   02,2022,Octubre,2,domingo,15,50,Santa Fe,Choque,Vehículo,N/A,Solo Daños,0,0,0,0,0,0,0,0,0,1,0,0,0,0,0,0,0,0,0,0,0,1
251375,10582155,-74.101,4.569,KR 10  - CL 31  S 02,2022,Octubre,2,domingo,14,30,Rafael Uribe Uribe,Choque,Vehículo,N/A,Con Heridos,0,0,0,0,0,1,0,0,0,0,0,0,0,0,0,0,0,0,0,0,0,0
251376,10582157,-74.138,4.696,CL 26  - KR 113   02,2022,Octubre,1,sábado,16,30,Fontibón,Choque,Vehículo,N/A,Solo Daños,0,0,0,0,0,0,0,1,0,0,0,0,0,0,0,0,0,0,0,0,0,0
251377,10582158,-74.123,4.586,CL 39  S- KR 29   02,2022,Octubre,1,sábado,13,50,Rafael Uribe Uribe,Volcamiento,N/A,N/A,Con Heridos,0,0,0,0,0,1,0,0,0,0,0,0,0,0,0,0,0,0,0,0,0,0
251427,10582162,-74.04,4.701,KR 13  - CL 122   02,2022,Octubre,4,martes,18,15,Usaquén,Choque,Vehículo,N/A,Con Heridos,0,0,0,0,0,1,0,0,0,0,0,0,0,0,0,0,0,0,0,0,0,0
251428,10582167,-74.113,4.57,KR 12 C  - CL 40 A  S 02,2022,Octubre,3,lunes,15,58,Rafael Uribe Uribe,Choque,Objeto Fijo,Vehiculo Estacionado,Con Heridos,0,0,0,0,1,0,1,0,0,0,0,0,0,0,0,0,0,0,0,0,0,0
251429,10582175,-74.188,4.602,KR 78 C  - CL 68  S 02,2022,Octubre,2,domingo,23,53,Bosa,Choque,Vehículo,N/A,Solo Daños,0,0,1,0,0,0,0,0,0,0,1,0,1,0,0,1,0,0,0,0,0,0
251430,10582189,-74.088,4.555,TV 6 C  E- CL 36 H  S 02,2022,Octubre,3,lunes,17,18,San Cristóbal,Choque,Vehículo,N/A,Solo Daños,0,0,0,0,0,0,0,0,0,0,0,0,0,0,0,0,0,0,0,0,0,0
251432,10582200,-74.138,4.626,AV AVENIDA BOYACA - CL 3  S 02,2022,Octubre,3,lunes,15,20,Kennedy,Choque,Vehículo,N/A,Con Heridos,0,0,0,0,0,1,0,0,0,0,0,0,0,0,0,0,0,0,0,0,0,0
251433,10582201,-74.109,4.589,AV AVENIDA PRIMERO DE MAYO - CL 27  S 02,2022,Octubre,4,martes,6,50,Antonio Nariño,Choque,Vehículo,N/A,Con Heridos,0,0,0,0,0,1,0,0,0,0,0,0,0,0,0,0,0,0,0,0,0,0
251434,10582203,-74.143,4.619,CL 26  S- KR 78 P BIS  02,2022,Octubre,2,domingo,15,0,Kennedy,Caida de ocupante,N/A,N/A,Con Heridos,0,0,0,0,0,0,0,0,0,0,1,0,1,0,0,1,0,0,0,0,0,0
251435,10582206,-74.183,4.613,CL 59  S- KR 81   02,2022,Octubre,3,lunes,14,36,Bosa,Choque,Vehículo,N/A,Con Heridos,1,0,0,0,0,1,0,1,0,0,0,0,0,0,0,0,0,0,0,0,0,0
251436,10582208,-74.201,4.639,CL 63  S- KR 104   02,2022,Octubre,3,lunes,19,30,Bosa,Atropello,N/A,N/A,Con Heridos,0,0,0,0,1,1,1,0,0,0,0,0,0,0,0,0,0,0,0,0,0,0
251437,10582215,-74.164,4.631,KR 81 K  - CL 40  S 02,2022,Octubre,2,domingo,10,40,Kennedy,Choque,Vehículo,N/A,Solo Daños,0,0,1,0,0,0,0,0,0,1,0,0,0,0,0,0,0,0,0,0,0,1
251489,10582245,-74.143,4.631,AC 6  - KR 74   02,2022,Octubre,4,martes,7,50,Kennedy,Choque,Vehículo,N/A,Con Heridos,1,0,0,0,0,1,0,0,0,0,0,0,0,0,0,0,0,0,0,0,0,0
251490,10582251,-74.138,4.627,AV AVENIDA BOYACA - CL 4   02,2022,Octubre,3,lunes,8,50,Kennedy,Choque,Vehículo,N/A,Solo Daños,0,0,0,0,0,0,0,0,0,0,0,0,0,0,0,0,0,0,0,0,0,0
251491,10582255,-74.094346247,4.56551794199999,KR 3  - CL 30 A  S 02,2022,Octubre,5,miércoles,18,15,San Cristóbal,Atropello,N/A,N/A,Con Heridos,0,0,0,0,1,1,1,0,0,0,0,0,0,0,0,0,0,0,0,0,0,0
251492,10582256,-74.084,4.608,CL 13  - KR 19   02,2022,Octubre,4,martes,17,40,Los Mártires,Choque,Vehículo,N/A,Con Heridos,0,0,0,0,0,1,0,0,0,0,0,0,0,0,0,0,0,0,0,0,0,0
251493,10582266,-74.169226269,4.63925352699999,KR 89 C  - CL 40  S 02,2022,Octubre,4,martes,9,25,Kennedy,Choque,Vehículo,N/A,Con Heridos,0,0,0,0,0,1,0,0,0,0,0,0,0,0,0,0,0,0,0,0,0,0
251494,10582273,-74.146400226,4.53842222200001,CL 79 D BIS D S- KR 18 D  44,2022,Octubre,5,miércoles,4,40,Ciudad Bolívar,Choque,Vehículo,N/A,Con Heridos,0,0,0,0,0,1,0,0,0,0,1,0,1,0,0,1,0,0,0,0,0,0
251495,10582275,-74.06769229816,4.65506789351,CL 66  - KR 19   02,2022,Octubre,4,martes,10,0,Barrios Unidos,Choque,Vehículo,N/A,Con Heridos,0,0,0,0,0,1,0,0,0,0,0,0,0,0,0,0,0,0,0,0,0,0
251496,10582279,-74.1629152368,4.6527724607,KR 94 BIS - CL 6 A  02,2022,Octubre,5,miércoles,7,16,Kennedy,Caida de ocupante,N/A,N/A,Con Heridos,0,0,0,0,0,0,0,0,0,0,1,0,1,0,0,1,0,0,0,0,0,0
251497,10582292,-74.1223311098,4.58448890308,KR 27  - CL 37 A  S 02,2022,Octubre,4,martes,16,0,Antonio Nariño,Choque,Vehículo,N/A,Solo Daños,0,0,0,0,0,0,0,0,0,0,0,0,0,0,0,0,0,0,0,0,0,0
251498,10582304,-74.062046281,4.66774983800002,KR 22  - CL 80   10,2022,Octubre,5,miércoles,18,18,Barrios Unidos,Choque,Vehículo,N/A,Solo Daños,0,0,0,0,0,0,0,0,0,0,0,0,0,0,0,0,0,0,0,0,0,0
251499,10582307,-74.088050765,4.59960829300002,CL 6  - KR 18   02,2022,Octubre,5,miércoles,14,22,Antonio Nariño,Choque,Vehículo,N/A,Con Heridos,0,0,0,0,1,0,0,0,0,0,1,0,1,1,0,0,0,1,0,0,0,0
251500,10582311,-74.097206156,4.637925908,KR 50  - CL 24   02,2022,Octubre,6,jueves,21,30,Barrios Unidos,Choque,Vehículo,N/A,Con Heridos,0,0,0,0,0,1,0,0,0,0,0,0,0,0,0,0,0,0,0,0,0,0
251521,10582699,-74.132,4.594,KR 51 D BIS - CL 45 A  S 02,2022,Octubre,13,jueves,14,10,Puente Aranda,Choque,Vehículo,N/A,Con Heridos,1,0,0,0,0,0,0,0,0,0,1,0,1,0,0,1,0,0,0,0,0,0
251522,10582705,-74.102136323,4.62369102399998,CL 13  - KR 43   02,2022,Octubre,15,sábado,6,28,Puente Aranda,Choque,Vehículo,N/A,Solo Daños,0,0,0,0,0,0,0,1,0,1,0,0,0,0,0,0,0,0,0,0,0,1
251523,10582706,-74.14,4.619,AV AVENIDA BOYACA - AV AVENIDA PRIMERO DE MAYO  02,2022,Octubre,14,viernes,9,30,Kennedy,Atropello,N/A,N/A,Con Heridos,0,0,0,0,0,0,1,0,0,0,1,0,1,0,0,1,0,0,0,0,0,0
251604,10582221,-74.104031708,4.57697037899999,CL 27  S- KR 12 H  02,2022,Octubre,3,lunes,13,30,Rafael Uribe Uribe,Choque,Vehículo,N/A,Con Heridos,1,0,0,0,0,1,0,0,0,0,0,0,0,0,0,0,0,0,0,0,0,0
251605,10582228,-74.13301951,4.70141881000001,AC 63  - KR 111   02,2022,Octubre,2,domingo,17,3,Engativá,Choque,Vehículo,N/A,Con Heridos,0,0,0,0,0,1,0,0,0,0,0,0,0,0,0,0,0,0,0,0,0,0
251606,10582230,-74.127,4.717,KR 114  - CL 75   02,2022,Octubre,2,domingo,10,15,Engativá,Choque,Vehículo,N/A,Con Heridos,1,0,0,0,0,1,0,0,0,0,0,0,0,0,0,0,0,0,0,0,0,0
251607,10582234,-74.077,4.59,CL 6  - KR 5   02,2022,Octubre,3,lunes,12,24,Ciudad Bolívar,Choque,Vehículo,N/A,Solo Daños,0,0,0,0,0,0,0,0,0,0,1,0,0,0,0,0,0,0,0,0,0,0
251664,10582314,-74.126,4.569,AV AVENIDA CARACAS - CL 48  S 02,2022,Octubre,6,jueves,8,0,Rafael Uribe Uribe,Choque,Vehículo,N/A,Con Heridos,0,0,0,0,0,1,0,0,0,0,1,0,1,0,0,1,0,0,0,0,0,0
251665,10582317,-74.162,4.593,CL 60  S- KR 70 C  02,2022,Octubre,5,miércoles,16,0,Ciudad Bolívar,Choque,Vehículo,N/A,Con Heridos,0,0,0,0,0,1,0,0,0,1,0,0,0,0,0,0,0,0,0,0,0,1
251666,10582318,-74.172,4.628,KR 86  - CL 44  S 02,2022,Octubre,6,jueves,6,34,Kennedy,Atropello,N/A,N/A,Con Heridos,0,0,0,0,0,0,1,0,0,0,1,0,1,0,1,0,0,0,0,0,0,0
251667,10582400,-74.169,4.575,CL 75 B  S- TV 58   02,2022,Octubre,8,sábado,16,30,Ciudad Bolívar,Caida de ocupante,N/A,N/A,Con Heridos,0,0,0,0,0,0,0,1,0,0,1,0,1,0,0,1,0,0,0,0,0,0
251776,10582048,-74.172,4.628,KR 86  - CL 44  E 02,2022,Octubre,2,domingo,7,57,Kennedy,Choque,Vehículo,N/A,Solo Daños,0,0,1,0,0,0,0,0,0,0,1,0,1,0,0,1,0,0,0,0,0,0
251777,10582054,-74.179532464,4.631680722,CL 49 C  S- KR 88 D  02,2022,Octubre,1,sábado,13,36,Bosa,Atropello,N/A,N/A,Con Heridos,1,0,0,0,1,0,1,0,0,0,0,0,0,0,0,0,0,0,0,0,0,0
251778,10582060,-74.138,4.587,KR 36  - CL 51 A  S 02,2022,Octubre,1,sábado,19,40,Tunjuelito,Choque,Vehículo,N/A,Con Heridos,1,0,0,0,1,0,0,0,0,0,0,0,0,0,0,0,0,0,0,0,0,0
251779,10582086,-74.114,4.628,AV AVENIDA DE LAS AMERICAS - KR 57   02,2022,Octubre,1,sábado,15,50,Puente Aranda,Atropello,N/A,N/A,Con Heridos,0,0,0,0,0,0,1,0,0,0,1,0,1,1,0,0,0,1,0,0,0,0
251780,10582094,-74.0849622864,4.65445303174,AC 63  - KR 55   02,2022,Octubre,1,sábado,8,35,Barrios Unidos,Choque,Vehículo,N/A,Con Heridos,1,0,0,0,0,0,0,1,0,1,0,0,0,0,0,0,0,0,0,0,0,1
251781,10582828,-74.028,4.764,KR 7  - CL 187   02,2022,Octubre,17,lunes,0,5,Usaquén,Choque,Vehículo,N/A,Solo Daños,0,0,0,0,0,0,0,0,0,1,0,0,0,0,0,0,0,0,0,0,0,1
251782,10582829,-74.175,4.626,KR 85  - CL 49  S 02,2022,Octubre,17,lunes,20,26,Kennedy,Atropello,N/A,N/A,Con Heridos,0,0,0,0,0,0,1,1,0,0,0,0,0,0,0,0,0,0,0,0,0,0
251783,10582830,-74.154905526,4.64178947200003,KR 86  - CL 6   02,2022,Octubre,18,martes,19,15,Kennedy,Choque,Vehículo,N/A,Con Heridos,1,0,0,0,0,0,0,0,0,0,1,0,1,0,1,0,0,0,0,0,0,0
251784,10582944,-74.095,4.58,CL 17  S- KR 11 A  02,2022,Octubre,19,miércoles,22,4,Antonio Nariño,Choque,Vehículo,N/A,Con Heridos,0,0,0,0,0,1,0,0,0,0,0,0,0,0,0,0,0,0,0,0,0,0
251785,10582946,-74.112,4.618,CL 4 F  - KR 43 C  02,2022,Octubre,20,jueves,5,55,Puente Aranda,Choque,Vehículo,N/A,Con Heridos,0,0,0,0,1,0,0,0,0,0,0,0,0,0,0,0,0,0,0,0,0,0
251786,10582947,-74.071,4.637,CL 49  - KR 18   02,2022,Octubre,19,miércoles,22,45,Teusaquillo,Choque,Vehículo,N/A,Con Heridos,0,0,0,0,0,0,0,0,0,0,0,0,0,0,0,0,0,0,0,0,0,0
251787,10582948,-74.06,4.665,KR 19 A  - CL 78   02,2022,Octubre,19,miércoles,21,39,Chapinero,Atropello,N/A,N/A,Con Heridos,0,0,0,0,0,0,1,0,0,0,0,0,0,0,0,0,0,0,0,0,0,0
251788,10582949,-74.137,4.651,KR 80 A  - CL 13   02,2022,Octubre,19,miércoles,16,40,Kennedy,Atropello,N/A,N/A,Con Heridos,0,0,0,0,0,0,1,0,0,0,1,0,0,0,0,0,0,0,0,0,0,0
251789,10582950,-74.099,4.637,KR 50 A  - CL 22 A  02,2022,Octubre,19,miércoles,6,42,Teusaquillo,Choque,Vehículo,N/A,Con Heridos,0,0,0,0,0,1,0,1,0,0,0,0,0,0,0,0,0,0,0,0,0,0
251790,10582951,-74.114,4.568,DG 40 C  S- KR 12 A  02,2022,Octubre,22,sábado,12,20,Rafael Uribe Uribe,Choque,Vehículo,N/A,Con Muertos,0,0,0,0,0,1,0,0,0,0,1,0,0,0,0,0,0,0,0,0,0,0
251960,10582952,-74.066,4.738,AV AVENIDA BOYACA - CL 152   02,2022,Octubre,22,sábado,8,15,Suba,Atropello,N/A,N/A,Con Muertos,0,0,0,0,0,1,1,1,0,0,0,1,0,0,0,0,0,0,0,0,0,0
252029,10582525,-74.139,4.573,CL 56 a  S- KR 24   02,2022,Octubre,10,lunes,12,10,Tunjuelito,Choque,Vehículo,N/A,Con Heridos,1,0,0,0,0,1,0,0,0,0,0,0,0,0,0,0,0,0,0,0,0,0
252030,10582526,-74.151,4.58,KR 51  - CL 57 D  S 02,2022,Octubre,10,lunes,13,50,Ciudad Bolívar,Choque,Vehículo,N/A,Con Heridos,1,0,0,0,0,0,0,1,0,0,0,0,0,0,0,0,0,0,0,0,0,0
252031,10582539,-74.129,4.629,CL 6  - KR 69   02,2022,Octubre,11,martes,5,50,Kennedy,Caida de ocupante,N/A,N/A,Con Heridos,0,0,0,0,0,0,0,0,0,0,1,0,1,0,0,1,0,0,0,0,0,0
252032,10582954,-74.095913177,4.59593872099998,KR 24  - CL 1 F  02,2022,Octubre,22,sábado,12,27,Antonio Nariño,Atropello,N/A,N/A,Con Muertos,0,0,0,0,0,0,1,0,0,0,0,0,0,0,0,0,0,0,0,0,0,0
252033,10582955,-74.061235584,4.66427263000003,CL 76  - KR 20   02,2022,Octubre,19,miércoles,15,15,Chapinero,Choque,Vehículo,N/A,Con Heridos,0,0,1,0,0,1,0,0,0,0,0,0,0,0,0,0,0,0,0,0,0,0
252034,10582963,-74.155,4.637,AV AVENIDA DE LAS AMERICAS - KR 81 D  02,2022,Octubre,20,jueves,13,10,Kennedy,Choque,Vehículo,N/A,Con Heridos,1,0,0,0,0,1,0,0,0,0,0,0,0,0,0,0,0,0,0,0,0,0
252035,10582964,-74.097064064,4.60222704099999,KR 27  - CL 4 A  02,2022,Octubre,20,jueves,18,42,Los Mártires,Atropello,N/A,N/A,Con Heridos,0,0,0,0,0,1,1,1,0,0,0,0,0,0,0,0,0,0,0,0,0,0
252036,10582970,-74.09,4.581,KR 10  - CL 13 A  S 02,2022,Octubre,20,jueves,15,0,San Cristóbal,Choque,Vehículo,N/A,Con Heridos,0,0,0,0,0,1,0,0,0,0,0,0,0,0,0,0,0,0,0,0,0,0
252037,10582971,-74.098,4.715,KR 94 G  - CL 91   02,2022,Octubre,20,jueves,13,4,Engativá,Atropello,N/A,N/A,Con Heridos,0,0,0,0,1,0,1,0,0,1,0,0,0,0,0,0,0,0,0,0,0,1
252038,10582974,-74.183795804,4.59850790199999,CL 65 D  S- KR 77 J  02,2022,Octubre,21,viernes,22,47,Bosa,Choque,Vehículo,N/A,Con Heridos,0,0,0,0,0,0,0,0,0,0,0,0,0,0,0,0,0,0,0,0,0,0
252039,10582979,-74.095,4.759,KR 111  - CL 157   02,2022,Octubre,21,viernes,23,0,Suba,Choque,Vehículo,N/A,Con Heridos,0,0,0,0,0,1,0,0,0,0,1,0,1,0,0,1,0,0,0,0,0,0
252040,10582981,-74.032,4.724,KR 9  - CL 146   02,2022,Octubre,21,viernes,19,30,Usaquén,Caida de ocupante,N/A,N/A,Con Heridos,0,0,0,0,0,0,0,0,0,0,1,0,1,0,0,1,0,0,0,0,0,0
252041,10582985,-74.193,4.603,KR 78 c  - CL 70 A BIS S 02,2022,Octubre,21,viernes,9,20,Bosa,Atropello,N/A,N/A,Con Heridos,0,0,0,0,0,1,1,0,0,0,0,0,0,0,0,0,0,0,0,0,0,0
252042,10582989,-74.127,4.53,AV AVENIDA BOYACA - CL 71  S 02,2022,Octubre,20,jueves,4,0,Usme,Choque,Vehículo,N/A,Con Heridos,0,1,0,0,0,1,0,0,0,0,0,0,0,0,0,0,0,0,0,0,0,0
252804,10583023,-74.095,4.605,CL 6  - KR 27   02,2022,Octubre,21,viernes,20,30,Los Mártires,Choque,Vehículo,N/A,Solo Daños,0,1,0,0,0,0,0,0,0,0,0,0,0,0,0,0,0,0,0,0,0,0
252805,10583024,-74.065,4.68,KR 50 A  - CL 91   02,2022,Octubre,22,sábado,22,40,Barrios Unidos,Choque,Vehículo,N/A,Con Heridos,0,1,0,0,0,1,0,0,0,0,0,0,0,0,0,0,0,0,0,0,0,0
252806,10583026,-74.123,4.604,AV AVENIDA PRIMERO DE MAYO - KR 51   02,2022,Octubre,21,viernes,16,18,Puente Aranda,Choque,Vehículo,N/A,Solo Daños,0,0,0,1,0,0,0,0,0,0,1,0,1,0,0,1,0,0,0,0,0,0
252807,10583027,-74.129,4.652,CL 13  - KR 77   02,2022,Octubre,23,domingo,7,0,Fontibón,Choque,Vehículo,N/A,Con Heridos,1,0,0,0,0,1,0,0,0,0,0,0,0,0,0,0,0,0,0,0,0,0
252808,10583028,-74.065,4.638,KR 13  - CL 51   02,2022,Octubre,22,sábado,10,50,Chapinero,Choque,Vehículo,N/A,Solo Daños,0,0,0,0,0,0,0,0,0,0,0,0,0,0,0,0,0,0,0,0,0,0
257591,10583030,-74.132,4.576,KR 24  - CL 52 B  S 02,2022,Octubre,22,sábado,2,8,Tunjuelito,Choque,Vehículo,N/A,Con Heridos,0,0,0,0,0,0,0,0,0,1,0,0,0,0,0,0,0,0,0,0,0,1
257592,10583038,-74.109,4.624,KR 50  - CL 5 F  02,2022,Octubre,22,sábado,14,16,Puente Aranda,Choque,Vehículo,N/A,Con Heridos,0,0,0,0,0,1,0,0,0,1,0,0,0,0,0,0,0,0,0,0,0,1
257593,10583039,-74.081,4.743,CL 148  - KR 84   02,2022,Octubre,22,sábado,19,20,Suba,Choque,Vehículo,N/A,Con Heridos,1,0,0,0,0,0,0,0,0,0,0,0,0,0,0,0,0,0,0,0,0,0
257594,10583041,-74.088050765,4.59960829300002,CL 6  - KR 18   02,2022,Octubre,22,sábado,21,20,Los Mártires,Atropello,N/A,N/A,Con Heridos,0,0,0,0,0,1,1,0,0,0,0,0,0,0,0,0,0,0,0,0,0,0
257595,10583044,-74.077,4.621,CL 26  - KR 21   02,2022,Octubre,22,sábado,23,0,Teusaquillo,Choque,Vehículo,N/A,Con Heridos,0,0,0,0,0,0,0,0,0,0,0,0,0,0,0,0,0,0,0,0,0,0
257794,10583056,-74.08383465,4.61813728800001,KR 27  - CL 22   02,2022,Octubre,23,domingo,12,16,Los Mártires,Choque,Objeto Fijo,Vehiculo Estacionado,Solo Daños,0,1,0,0,0,0,0,0,0,0,0,0,0,0,0,0,0,0,0,0,0,0
257795,10583058,-74.114,4.756,KR 145  - CL 143   02,2022,Octubre,21,viernes,23,23,Suba,Choque,Vehículo,N/A,Solo Daños,0,0,0,0,0,0,0,0,0,0,1,0,1,0,1,0,0,0,0,0,0,0
257796,10583059,-74.114,4.712,CL 80  - KR 102   02,2022,Octubre,22,sábado,6,40,Engativá,Choque,Vehículo,N/A,Solo Daños,0,1,1,0,0,1,0,0,0,0,0,0,0,0,0,0,0,0,0,0,0,0
257797,10583060,-74.058,4.662,KR 13  - CL 76   02,2022,Octubre,24,lunes,10,5,Chapinero,Choque,Objeto Fijo,Vehiculo Estacionado,Solo Daños,0,0,0,0,0,0,0,1,0,0,0,0,0,0,0,0,0,0,0,0,0,0
257798,10583069,-74.023843089,4.75998120999998,KR 4  - CL 182 C  02,2022,Octubre,22,sábado,21,56,Usaquén,Atropello,N/A,N/A,Con Heridos,0,0,0,0,0,1,1,1,0,0,0,0,0,0,0,0,0,0,0,0,0,0
257799,10583121,-74.12482527678,4.57373423437,DG 45  S- TV 18 BIS  02,2022,Octubre,25,martes,9,5,Rafael Uribe Uribe,Choque,Vehículo,N/A,Con Heridos,0,0,0,0,0,1,0,0,0,0,0,0,0,0,0,0,0,0,0,0,0,0
257800,10583081,-74.162,4.595,AU SUR - AV AVENIDA CIUDAD DE VILLAVICENCIO  02,2022,Octubre,24,lunes,21,1,Bosa,Choque,Vehículo,N/A,Con Heridos,0,0,0,0,0,1,0,1,0,0,0,0,0,0,0,0,0,0,0,0,0,0
257801,10583083,-74.087,4.617,CL 19  - KR 28   02,2022,Octubre,23,domingo,17,7,Engativá,Choque,Vehículo,N/A,Con Heridos,0,0,0,0,0,1,0,1,0,0,0,0,0,0,0,0,0,0,0,0,0,0
257802,10583084,-74.079,4.643,CL 53  - KR 30   02,2022,Octubre,21,viernes,20,27,Teusaquillo,Choque,Vehículo,N/A,Solo Daños,0,0,0,0,0,0,0,0,0,1,0,0,0,0,0,0,0,0,0,0,0,1
257901,10583048,-74.122,4.679,DG 25 G  - TV 95   02,2022,Octubre,22,sábado,5,30,Fontibón,Atropello,N/A,N/A,Con Heridos,0,0,0,0,0,0,1,0,0,0,0,0,0,0,0,0,0,0,0,0,0,0
257902,10583052,-74.12,4.679,CL 26  - KR 95   02,2022,Octubre,23,domingo,12,30,Fontibón,Choque,Vehículo,N/A,Solo Daños,0,0,0,0,0,0,0,0,0,1,0,0,0,0,0,0,0,0,0,0,0,1
257903,10583063,-74.113,4.685,AV AVENIDA CIUDAD DE CALI - CL 64   02,2022,Octubre,23,domingo,21,28,Engativá,Choque,N/A,N/A,Solo Daños,0,0,0,0,0,0,0,1,0,0,0,0,0,0,0,0,0,0,0,0,0,0
257904,10583064,-74.088,4.659,CL 63  - KR 60   02,2022,Octubre,23,domingo,1,25,Barrios Unidos,Choque,Objeto Fijo,Arbol,Solo Daños,0,0,0,0,0,0,0,0,0,0,0,0,0,0,0,0,0,0,0,0,0,0
257905,10583068,-74.174,4.636,CL 42 G A - KR 89 A  S 02,2022,Octubre,24,lunes,19,0,Kennedy,Choque,Vehículo,N/A,Con Heridos,0,0,0,0,0,1,0,0,0,0,0,0,0,0,0,0,0,0,0,0,0,0
257906,10583070,-74.122,4.585,CL 38 A  - KR 27   02,2022,Octubre,24,lunes,6,55,Antonio Nariño,Choque,Vehículo,N/A,Con Heridos,0,0,0,0,0,1,0,0,0,0,0,0,0,0,0,0,0,0,0,0,0,0
257907,10583071,-74.027,4.764,CL 187  - KR 7   02,2022,Octubre,23,domingo,22,30,Usaquén,Choque,Vehículo,N/A,Con Heridos,0,0,0,0,0,1,0,0,0,0,0,0,0,0,0,0,0,0,0,0,0,0
257908,10583085,-74.127,4.567,AV AVENIDA CARACAS - CL 51  S 02,2022,Octubre,24,lunes,6,13,Rafael Uribe Uribe,Choque,Vehículo,N/A,Con Heridos,1,0,0,0,0,0,0,0,0,0,1,0,1,1,0,0,0,0,0,1,0,0
257909,10583088,-74.190852994,4.62866094499998,KR 89  - CL 58 A  S 02,2022,Octubre,23,domingo,10,20,Bosa,Choque,N/A,N/A,Con Heridos,0,0,0,0,0,0,0,0,0,0,0,0,0,0,0,0,0,0,0,0,0,0
257910,10583094,-74.138,4.652,KR 81 N  - CL 13 A  02,2022,Octubre,24,lunes,7,30,Kennedy,Choque,Vehículo,N/A,Con Heridos,0,0,0,0,0,1,0,0,0,0,0,0,0,0,0,0,0,0,0,0,0,0
257911,10583096,-74.113,4.656,CL 24  - KR 69 B  02,2022,Octubre,23,domingo,15,30,Fontibón,Choque,Vehículo,N/A,Con Heridos,0,0,0,0,0,1,0,0,0,0,0,0,0,0,0,0,0,0,0,0,0,0
257912,10583101,-74.1,4.681,AV AVENIDA BOYACA - CL 66   02,2022,Octubre,24,lunes,22,59,Engativá,Choque,Objeto Fijo,Baranda,Con Muertos,0,0,0,1,0,1,0,1,0,0,0,0,0,0,0,0,0,0,0,0,0,0
257913,10583108,-74.086,4.609,CL 13  - KR 21   02,2022,Octubre,24,lunes,11,0,Los Mártires,Choque,Vehículo,N/A,Con Heridos,0,0,0,0,0,1,0,0,0,0,0,0,0,0,0,0,0,0,0,0,0,0
257914,10583114,-74.0358325346,4.6921938247,KR 9  - CL 113   02,2022,Octubre,25,martes,6,44,Usaquén,Atropello,N/A,N/A,Con Heridos,0,0,0,0,0,0,1,0,0,0,0,0,0,0,0,0,0,0,0,0,0,0
257915,10583115,-74.070069382,4.7150421793,KR 58  - CL 128 A  02,2022,Octubre,25,martes,8,3,Suba,Choque,Vehículo,N/A,Con Heridos,1,0,0,0,0,0,0,0,0,0,0,0,0,0,0,0,0,0,0,0,0,0
257916,10583124,-74.1632609741,4.6162081229,CL 43  S- KR 78 I  02,2022,Octubre,24,lunes,12,50,Kennedy,Caida de ocupante,N/A,N/A,Con Heridos,0,1,0,0,0,0,0,0,0,0,0,0,0,0,0,0,0,0,0,0,0,0
257917,10583126,-74.1362613133,4.5564886534,CL 63  S- KR 16 D  21,2022,Octubre,25,martes,9,50,Ciudad Bolívar,Atropello,N/A,N/A,Con Heridos,0,1,0,0,0,0,1,0,0,0,0,0,0,0,0,0,0,0,0,0,0,0
257918,10583127,-74.103545226,4.69143620199998,KR 81  - CL 71   02,2022,Octubre,24,lunes,17,30,Engativá,Choque,Vehículo,N/A,Con Heridos,0,0,0,0,0,1,0,0,0,0,0,0,0,0,0,0,0,0,0,0,0,0
257919,10583129,-74.1412542873,4.594390296,KR 54  - CL 46  S 6,2022,Octubre,25,martes,5,50,Tunjuelito,Otro,N/A,N/A,Con Heridos,0,0,0,0,0,0,0,0,0,0,1,0,1,0,1,0,0,0,0,0,0,0
257920,10583141,-74.1486602436,4.6789895521,CL 18  - KR 108   02,2022,Octubre,24,lunes,7,10,Fontibón,Choque,Vehículo,N/A,Con Heridos,1,0,0,1,1,0,0,0,0,0,0,0,0,0,0,0,0,0,0,0,0,0
258105,10582452,-74.135,4.615,KR 69 C  - CL 24 A  S 02,2022,Octubre,9,domingo,19,45,Kennedy,Choque,Vehículo,N/A,Con Heridos,0,0,0,0,0,1,0,0,0,1,0,0,0,0,0,0,0,0,0,0,0,1
258106,10583089,-74.177,4.597,KR 57 R  - CL 59  S 02,2022,Octubre,23,domingo,16,30,Bosa,Caida de ocupante,N/A,N/A,Con Heridos,0,0,0,0,0,0,0,0,0,0,1,0,0,0,0,0,0,0,0,0,0,0
258107,10583090,-74.096,4.662,AK 68  - CL 53 B  02,2022,Octubre,24,lunes,17,20,Teusaquillo,Volcamiento,N/A,N/A,Con Heridos,1,0,0,0,0,0,0,0,0,0,0,0,0,0,0,0,0,0,0,0,0,0
258108,10583091,-74.084,4.652,CL 61  - KR 50   02,2022,Octubre,24,lunes,22,57,Barrios Unidos,Choque,Vehículo,N/A,Solo Daños,0,0,0,0,0,0,0,0,0,0,1,0,1,0,0,1,0,0,0,0,0,0
258109,10583119,-74.08623365347,4.5731246379,CL 17  S- KR 2 A  02,2022,Octubre,25,martes,9,50,San Cristóbal,Choque,Vehículo,N/A,Con Heridos,0,0,0,0,0,1,0,0,0,0,0,0,0,0,0,0,0,0,0,0,1,0
258110,10583122,-74.20532753069,4.6344263162,KR 100 A  - CL 73  S 02,2022,Octubre,24,lunes,12,30,Bosa,Choque,Vehículo,N/A,Con Heridos,1,0,0,0,1,0,0,0,0,0,1,0,1,0,1,0,0,0,0,0,0,0
258111,10583136,-74.03264311735,4.71776611536,KR 9  - CL 140   02,2022,Octubre,24,lunes,10,58,Usaquén,Atropello,N/A,N/A,Con Heridos,0,0,0,0,0,1,1,1,0,0,0,0,0,0,0,0,0,0,0,0,0,0
258112,10583139,-74.07762830295,4.65659051768,KR 30  - CL 63 F  02,2022,Octubre,25,martes,19,0,Barrios Unidos,Choque,Vehículo,N/A,Solo Daños,0,0,0,0,0,0,0,1,0,0,0,0,0,0,0,0,0,0,0,0,0,0
258113,10583140,-74.09616855566,4.60542184045,CL 6  - KR 28   02,2022,Octubre,22,sábado,7,38,Los Mártires,Volcamiento,N/A,N/A,Con Heridos,0,0,0,0,0,1,0,0,0,0,0,0,0,0,0,0,0,0,0,0,0,0
258114,10583147,-74.0973943009,4.5779402003,AV AVENIDA PRIMERO DE MAYO - KR 11 B  02,2022,Octubre,25,martes,19,40,Antonio Nariño,Choque,Vehículo,N/A,Con Heridos,0,0,0,0,0,1,0,0,0,0,1,0,0,0,0,0,0,0,0,0,0,0
258115,10583157,-74.04857837118,4.74622671261,CL 165  - KR 46   02,2022,Octubre,25,martes,7,30,Suba,Choque,Vehículo,N/A,Con Heridos,1,0,0,0,0,0,0,0,0,0,0,0,0,0,0,0,0,0,0,0,0,0
258116,10583152,-74.09511712973,4.66452619382,AK 68  - CL 55   65,2022,Octubre,26,miércoles,9,32,Barrios Unidos,Choque,Vehículo,N/A,Solo Daños,0,0,0,0,0,0,0,1,0,0,0,0,0,0,0,0,0,0,0,0,0,0
258117,10583154,-74.11493328993,4.63446668171,CL 13  - KR 65   02,2022,Octubre,25,martes,19,35,Puente Aranda,Choque,Vehículo,N/A,Con Heridos,0,0,0,0,0,1,0,0,0,0,0,0,0,0,0,0,0,0,0,0,0,0
258118,10583158,-74.139602495,4.54750928300001,KR 17 F  - CL 70 A  S 02,2022,Octubre,25,martes,11,45,Ciudad Bolívar,Atropello,N/A,N/A,Con Heridos,0,1,0,0,1,0,1,0,0,0,0,0,0,0,0,0,0,0,0,0,0,0
258119,10583159,-74.08262876456,4.67262632286,CL 68  - KR 62   02,2022,Octubre,25,martes,9,50,Barrios Unidos,Choque,Vehículo,N/A,Con Heridos,1,0,0,0,0,0,0,1,0,0,1,0,1,0,0,1,0,0,0,0,0,0
258120,10583161,-74.188811488,4.62236137399998,KR 87 B B - CL 59 C  S 11,2022,Octubre,26,miércoles,8,0,Bosa,Choque,Vehículo,N/A,Con Heridos,0,0,0,0,0,1,0,0,0,0,0,0,0,0,0,0,0,0,0,0,0,0
258121,10583162,-74.11862132733,4.54168159137,CL 56  S- KR 4 M  02,2022,Octubre,26,miércoles,8,17,Usme,Choque,Vehículo,N/A,Con Heridos,0,0,0,0,0,0,0,0,0,1,0,0,0,0,0,0,0,0,0,0,0,1
258122,10583164,-74.11064711993,4.59169036076,AV AVENIDA PRIMERO DE MAYO - KR 29 A  02,2022,Octubre,26,miércoles,1,50,Antonio Nariño,Choque,Objeto Fijo,Semaforo,Con Heridos,0,0,0,0,0,0,0,0,0,1,0,0,0,0,0,0,0,0,0,0,0,1
258123,10583166,-74.099650357,4.569924351,KR 10  - CL 30 C  S 20,2022,Octubre,26,miércoles,8,27,San Cristóbal,Choque,Vehículo,N/A,Con Heridos,0,0,0,0,0,0,0,0,0,1,0,0,0,0,0,0,0,0,0,0,0,1
258124,10583167,-74.11593693368,4.56018733216,KR 9 BIS - CL 48 I  41,2022,Octubre,26,miércoles,6,55,Rafael Uribe Uribe,Choque,Vehículo,N/A,Con Heridos,0,0,0,0,0,1,0,0,0,1,0,0,0,0,0,0,0,0,0,0,0,1
258125,10583169,-74.091124174,4.54020075099999,CL 49  S- KR 6 B  E 29,2022,Octubre,26,miércoles,7,12,San Cristóbal,Choque,Vehículo,N/A,Con Heridos,0,0,0,0,1,0,0,0,0,0,1,0,1,0,0,1,0,0,0,0,0,0
258126,10583170,-74.07031206076,4.59217695588,KR 3  E- CL 9   02,2022,Octubre,26,miércoles,11,5,Ciudad Bolívar,Choque,Vehículo,N/A,Con Heridos,0,0,0,0,0,0,0,0,0,0,0,0,0,0,0,0,0,0,0,0,0,0
258127,10583171,-74.143914201,4.62202142400002,CL 26  S- KR 73 B  02,2022,Octubre,23,domingo,5,44,Kennedy,Volcamiento,N/A,N/A,Solo Daños,0,0,1,0,0,0,0,0,0,0,0,0,0,0,0,0,0,0,0,0,0,0
258232,10583153,-74.119326177,4.71963531,CL 80  - KR 112 A  02,2022,Octubre,25,martes,20,11,Engativá,Atropello,N/A,N/A,Con Heridos,0,0,0,0,0,1,1,0,0,0,0,0,0,0,0,0,0,0,0,0,0,0
258233,10583156,-74.093773909,4.54924307499999,CL 41 B  S- KR 3 C  E 02,2022,Octubre,23,domingo,22,44,San Cristóbal,Choque,Vehículo,N/A,Con Muertos,0,0,1,0,0,1,0,1,0,1,0,0,0,0,0,0,0,0,0,0,0,1
258234,10583160,-74.1155404943,4.5130172559,KR 14  - CL 76  S 02,2022,Octubre,25,martes,15,45,Usme,Atropello,N/A,N/A,Con Heridos,0,0,0,0,0,1,1,1,0,0,0,0,0,0,0,0,0,0,0,0,0,0
258235,10583163,-74.2000365742,4.6335547522,KR 97 C  - CL 69  S 02,2022,Octubre,26,miércoles,3,33,Bosa,Choque,Vehículo,N/A,Con Heridos,0,0,0,0,0,1,0,0,0,0,1,0,1,0,0,1,0,0,0,0,0,0
258236,10583165,-74.1580714445,4.5961089476,AV AVENIDA DEL SUR - KR 67   02,2022,Octubre,26,miércoles,5,0,Bosa,Choque,Vehículo,N/A,Con Heridos,0,0,0,0,0,1,0,0,0,0,0,0,0,0,0,0,0,0,0,0,0,0
258237,10583168,-74.1920468603,4.5987703213,KR 77 I  - CL 70 A  S 02,2022,Octubre,26,miércoles,7,48,Bosa,Choque,Vehículo,N/A,Con Heridos,0,0,0,0,0,1,0,0,0,0,0,0,0,0,0,0,0,0,0,0,0,0
258238,10583174,-74.0356363912,4.6850969864,AK 7  - CL 106   02,2022,Octubre,25,martes,11,30,Usaquén,Choque,Vehículo,N/A,Solo Daños,0,0,0,0,0,0,0,0,0,0,0,0,0,0,0,0,0,0,0,0,0,0
258239,10583175,-74.0695358739,4.6220572914,KR 14  - CL 33 A  02,2022,Octubre,26,miércoles,13,13,Santa Fe,Atropello,N/A,N/A,Con Heridos,0,0,0,0,0,1,1,0,0,0,0,1,0,0,0,0,0,0,0,0,0,0
258240,10583182,-74.1790726381,4.6288048647,KR 87 D  - CL 50  S 02,2022,Octubre,25,martes,16,0,Bosa,Choque,Vehículo,N/A,Con Heridos,1,0,0,0,1,0,0,0,0,0,0,0,0,0,0,0,0,0,0,0,0,0
258241,10583183,-74.0316470731,4.7480825334,CL 170  - KR 9   02,2022,Octubre,25,martes,19,30,Usaquén,Caida de ocupante,N/A,N/A,Con Heridos,0,0,0,0,0,0,0,0,0,0,1,0,1,0,0,1,0,0,0,0,0,0
258242,10583184,-74.173651265,4.6135840123,AV AVENIDA PRIMERO DE MAYO - KR 79 C BIS A 02,2022,Octubre,26,miércoles,0,44,Kennedy,Atropello,N/A,N/A,Con Heridos,0,0,0,0,0,0,1,0,0,0,1,0,0,0,0,0,0,0,0,0,0,0
258243,10583188,-74.1289378688,4.5708001786,AV AVENIDA CIUDAD DE VILLAVICENCIO - CL 48 C  S 02,2022,Octubre,25,martes,16,40,Tunjuelito,Choque,Vehículo,N/A,Con Heridos,0,1,0,0,0,1,0,0,0,0,0,0,0,0,0,0,0,0,0,0,0,0
258244,10583191,-74.08474234526,4.75658944362,CL 157 A  - KR 98 A  02,2022,Octubre,24,lunes,10,40,Suba,Atropello,N/A,N/A,Con Heridos,0,0,0,0,0,1,1,1,0,0,0,0,0,0,0,0,0,0,0,0,0,0
258245,10583194,-74.18060717766,4.60630945814,CL 59  S- KR 78 L  02,2022,Octubre,27,jueves,21,10,Bosa,Choque,Vehículo,N/A,Con Heridos,1,0,0,0,1,1,0,0,0,0,0,0,0,0,0,0,0,0,0,0,0,0
258246,10583195,-74.18696669523,4.59815509737,CL 65 J  S- KR 77 J  02,2022,Octubre,27,jueves,19,23,Bosa,Choque,Vehículo,N/A,Con Heridos,0,0,0,0,0,1,0,0,0,0,0,0,0,0,0,0,0,0,0,0,0,0
258247,10583197,-74.18878436406,4.59754258076,CL 68  S- KR 77 I  02,2022,Octubre,27,jueves,23,30,Bosa,Choque,Vehículo,N/A,Con Heridos,0,0,0,0,1,1,0,0,0,0,0,0,0,0,0,0,0,0,0,0,0,0
258248,10583200,-74.13031844084,4.66597513466,KR 86  - CL 22   02,2022,Octubre,27,jueves,21,18,Fontibón,Caida de ocupante,N/A,N/A,Con Heridos,0,0,0,0,0,0,0,0,0,0,1,0,1,0,0,1,0,0,0,0,0,0
258249,10583205,-74.06338659708,4.63727646094,KR 7  - CL 51   02,2022,Octubre,26,miércoles,12,50,Chapinero,Choque,Vehículo,N/A,Con Heridos,0,0,0,0,0,1,0,0,0,0,0,0,0,0,0,0,0,0,0,0,0,0
258250,10583206,-74.06522659247,4.64711728367,CL 60  - KR 14   02,2022,Octubre,26,miércoles,23,7,Chapinero,Choque,Vehículo,N/A,Con Heridos,0,0,0,0,0,0,0,0,0,0,1,0,1,0,0,1,0,0,0,0,0,0
258251,10583207,-74.08819703047,4.74435781789,CL 147 C  - KR 98 B  02,2022,Octubre,26,miércoles,15,10,Suba,Choque,Vehículo,N/A,Con Heridos,0,0,0,0,0,1,0,0,0,0,0,0,0,0,0,0,0,0,0,0,0,0
258284,10582879,-74.156,4.615,TV 74 C  - CL 41  S 02,2022,Octubre,19,miércoles,20,35,Kennedy,Choque,Vehículo,N/A,Con Heridos,0,0,0,0,1,1,0,0,0,0,0,0,0,0,0,0,0,0,0,0,0,0
258285,10582882,-74.122,4.705,KR 105 F  - CL 70 D  02,2022,Octubre,18,martes,14,9,Engativá,Atropello,N/A,N/A,Con Heridos,0,0,0,0,1,0,1,0,0,0,0,0,0,0,0,0,0,0,0,0,0,0
258286,10582884,-74.121,4.581,KR 24  - CL 40 B  S 02,2022,Octubre,18,martes,15,45,Rafael Uribe Uribe,Choque,Vehículo,N/A,Con Heridos,0,0,0,0,1,1,0,0,0,0,0,0,0,0,0,0,0,0,0,0,0,0
258287,10582891,-74.088,4.568,KR 1  E- CL 23 B  02,2022,Octubre,19,miércoles,20,45,Santa Fe,Choque,Vehículo,N/A,Con Heridos,0,0,0,0,0,1,0,0,0,0,0,0,0,0,0,0,0,0,0,0,0,0
258294,10582413,-74.133215389,4.56754037000002,KR 19 A  - CL 55  S 02,2022,Octubre,7,viernes,22,30,Tunjuelito,Choque,Vehículo,N/A,Con Heridos,0,0,0,0,0,0,0,1,0,0,0,0,0,0,0,0,0,0,0,0,0,0
258295,10582421,-74.101,4.679,KR 72  - CL 64 I  02,2022,Octubre,7,viernes,14,40,Engativá,Choque,Vehículo,N/A,Con Heridos,0,0,0,0,0,1,0,0,0,0,0,0,0,0,0,0,0,0,0,0,0,0
258296,10582448,-74.15,4.678,CL 17 B  - KR 108   02,2022,Octubre,8,sábado,10,10,Fontibón,Choque,Vehículo,N/A,Con Heridos,0,0,0,0,0,1,0,0,0,0,0,0,0,0,0,0,0,0,0,0,0,0
258297,10582575,-74.179,4.624,AV AVENIDA CIUDAD DE CALI - CL 53  S 02,2022,Octubre,11,martes,18,0,Bosa,Choque,Vehículo,N/A,Solo Daños,0,1,0,0,0,0,0,0,0,0,0,0,0,0,0,0,0,0,0,0,0,0
258298,10582825,-74.109,4.511,KR 6  - CL 78  S 02,2022,Octubre,17,lunes,21,2,Usme,Choque,Vehículo,N/A,Con Heridos,0,0,0,0,0,0,0,0,0,1,0,0,0,0,0,0,0,0,0,0,0,1
258299,10582827,-74.163,4.6,CL 57 B  - KR 71 D  02,2022,Octubre,18,martes,16,50,Bosa,Choque,Vehículo,N/A,Con Heridos,1,0,0,0,0,0,0,0,0,0,1,0,1,0,0,1,0,0,0,0,0,0
258300,10582836,-74.155,4.631,CL 26  S- KR 80   02,2022,Octubre,18,martes,10,8,Kennedy,Choque,Vehículo,N/A,Con Heridos,0,0,0,0,0,1,0,0,0,0,1,0,1,0,0,1,0,0,0,0,0,0
258301,10582850,-74.117,4.71,CL 77  - KR 104   02,2022,Octubre,18,martes,8,8,Engativá,Atropello,N/A,N/A,Con Heridos,0,0,0,0,0,1,1,0,0,0,0,0,0,0,0,0,0,0,0,0,0,0
258302,10582851,-74.122,4.558,KR 9  - CL 51   02,2022,Octubre,19,miércoles,4,35,Tunjuelito,Choque,Vehículo,N/A,Solo Daños,0,0,1,0,0,0,0,0,0,0,1,0,1,0,0,1,0,0,0,0,0,0
258303,10583359,-74.10768059675,4.74515972307,KR 126 A  - CL 139   02,2022,Octubre,28,viernes,22,50,Suba,Choque,Vehículo,N/A,Con Heridos,0,0,0,0,0,1,0,0,0,0,0,0,0,0,0,0,0,0,0,0,0,0
258304,10583368,-74.237218,4.161709,AV AVENIDA SAN JUAN BOSCO - KILOMETRO 50   02,2022,Octubre,26,miércoles,11,30,Sumapaz,Choque,Vehículo,N/A,Con Heridos,0,0,0,0,0,1,0,0,0,0,0,0,0,0,0,0,0,0,0,0,1,0
258351,10582554,-74.089,4.612,KR 27  - CL 13   02,2022,Octubre,10,lunes,16,10,Los Mártires,Choque,Vehículo,N/A,Con Heridos,0,0,0,0,0,1,0,0,0,0,1,0,1,0,0,1,0,0,0,0,0,0
258352,10582556,-74.081,4.627,CL 26  - KR 30   02,2022,Octubre,11,martes,12,0,Teusaquillo,Volcamiento,N/A,N/A,Con Heridos,0,0,0,0,0,1,0,0,0,0,0,0,0,0,0,0,0,0,0,0,0,0
258353,10582557,-74.1,4.704,KR 86  - CL 81   02,2022,Octubre,10,lunes,12,30,Engativá,Choque,Vehículo,N/A,Con Heridos,0,0,0,0,1,1,0,0,0,0,0,0,0,0,0,0,0,0,0,0,0,0
258354,10582577,-74.046,4.753,AU NORTE - CL 172   02,2022,Octubre,10,lunes,17,50,Usaquén,Choque,Vehículo,N/A,Solo Daños,0,1,0,0,0,0,0,0,0,0,0,0,0,0,0,0,0,0,0,0,0,0
258355,10582617,-74.097,4.583,CL 16 BIS S- KR 12 D  02,2022,Octubre,11,martes,7,50,Antonio Nariño,Atropello,N/A,N/A,Con Heridos,0,0,0,0,0,1,1,1,0,0,0,0,0,0,0,0,0,0,0,0,0,0
258356,10582638,-74.132,4.605,AK 68  - CL 37  S 02,2022,Octubre,12,miércoles,20,53,Puente Aranda,Atropello,N/A,N/A,Con Heridos,0,0,0,0,0,1,1,0,0,0,0,0,0,0,0,0,0,0,0,0,0,0
258418,10582475,-74.081329892,4.60096886100001,KR 14  - CL 10   02,2022,Octubre,10,lunes,18,50,Santa Fe,Atropello,N/A,N/A,Con Heridos,0,0,0,0,0,1,1,0,0,0,0,0,0,0,0,0,0,0,0,0,0,0
258419,10582477,-74.116,4.655,CL 22 C  - KR 68 F  02,2022,Octubre,8,sábado,8,39,Fontibón,Choque,Vehículo,N/A,Solo Daños,0,0,0,0,0,0,0,0,0,0,1,0,0,0,0,0,0,0,0,0,0,0
258420,10582478,-74.118,4.637,KR 68  - CL 13   02,2022,Octubre,10,lunes,8,51,Puente Aranda,Choque,Vehículo,N/A,Con Heridos,0,0,0,0,0,1,0,0,0,0,0,0,0,0,0,0,0,0,0,0,0,0
258421,10582482,-74.122,4.603,KR 50  - CL 26  S 02,2022,Octubre,9,domingo,3,5,Puente Aranda,Choque,Vehículo,N/A,Solo Daños,0,0,1,0,0,1,0,0,0,1,0,0,0,0,0,0,0,0,0,0,0,1
258422,10582485,-74.075,4.612,AV AVENIDA CARACAS - CL 23   02,2022,Octubre,8,sábado,19,10,Santa Fe,Choque,Vehículo,N/A,Solo Daños,0,0,0,0,0,1,0,0,0,0,0,0,0,0,0,0,0,0,0,0,0,0
258423,10582486,-74.192,4.626,CL 60  S- KR 88 C  02,2022,Octubre,8,sábado,22,15,Bosa,Choque,Vehículo,N/A,Solo Daños,0,0,0,0,0,0,0,0,0,1,1,0,1,0,0,1,0,0,0,0,0,1
258424,10582498,-74.106,4.565,KR 10  - CL 37  S 02,2022,Octubre,10,lunes,18,40,Rafael Uribe Uribe,Caida de ocupante,N/A,N/A,Con Heridos,0,0,0,0,0,0,0,0,0,0,1,0,1,0,0,1,0,0,0,0,0,0
258440,10583173,-74.05109403317,4.72544060476,KR 45  - CL 143   02,2022,Octubre,24,lunes,16,50,Usaquén,Volcamiento,N/A,N/A,Con Heridos,0,0,0,1,0,1,0,0,0,0,0,0,0,0,0,0,0,0,0,0,0,0
258441,10583176,-74.14237890139,4.65362558752,KR 86  - CL 13   02,2022,Octubre,25,martes,11,31,Kennedy,Choque,Vehículo,N/A,Con Heridos,0,0,0,0,0,1,0,0,0,0,0,0,0,0,0,0,0,0,0,0,0,0
258442,10583177,-74.02763913411,4.72326839138,CL 147  - KR 7 B  02,2022,Octubre,25,martes,12,41,Usaquén,Choque,Vehículo,N/A,Con Heridos,1,0,0,0,0,0,0,0,0,0,0,0,0,0,0,0,0,0,0,0,0,0
258443,10583178,-74.149268283,4.632395551,CL 6  - TV 78 C  02,2022,Octubre,25,martes,13,10,Kennedy,Choque,Vehículo,N/A,Con Heridos,0,0,0,0,0,1,0,0,0,0,0,0,0,0,0,0,0,0,0,0,0,0
258444,10583180,-74.056593808,4.66712693400001,KR 15  - CL 80   74,2022,Octubre,25,martes,13,5,Chapinero,Atropello,N/A,N/A,Con Heridos,0,0,0,0,0,0,1,0,0,1,0,0,0,0,0,0,0,0,0,0,0,1
258445,10583186,-74.1315626279,4.5848814378,KR 31  - CL 48  S 02,2022,Octubre,26,miércoles,18,0,Tunjuelito,Choque,Vehículo,N/A,Con Heridos,0,0,0,0,0,1,0,0,0,1,0,0,0,0,0,0,0,0,0,0,0,1
258446,10583187,-74.10780397837,4.62680990979,CL 6  - KR 53 A  02,2022,Octubre,26,miércoles,0,14,Puente Aranda,Atropello,N/A,N/A,Con Heridos,0,0,0,0,0,1,1,0,0,0,0,0,0,0,0,0,0,0,0,0,0,0
258447,10583189,-74.12103799765,4.60303703081,KR 50  - CL 26  S 02,2022,Octubre,25,martes,19,37,Puente Aranda,Choque,Vehículo,N/A,Con Heridos,0,0,0,0,0,1,0,0,0,0,0,0,0,0,0,0,0,0,0,0,0,0
258448,10583190,-74.08687541983,4.64530886093,KR 50  - CL 45   02,2022,Octubre,25,martes,18,27,Teusaquillo,Choque,Vehículo,N/A,Con Heridos,0,0,0,0,0,1,0,0,0,0,0,0,0,0,0,0,0,0,0,0,0,0
258449,10583202,-74.15360537951,4.68112200121,CL 17  - KR 113   02,2022,Octubre,27,jueves,7,30,Fontibón,Choque,Vehículo,N/A,Con Heridos,0,0,0,0,0,1,0,0,0,0,0,0,0,0,0,0,0,0,0,0,0,0
258478,10581830,-74.139,4.562,DG 62  S- AV AVENIDA BOYACA  02,2022,Octubre,2,domingo,3,30,Ciudad Bolívar,Choque,Objeto Fijo,Otro,Con Muertos,0,0,0,0,0,1,0,0,0,0,0,0,0,0,0,0,0,0,0,0,0,0
258493,10582031,-74.055,4.719,KR 49 A  - CL 134   02,2022,Octubre,2,domingo,9,1,Suba,Choque,Vehículo,N/A,Solo Daños,0,0,0,0,0,0,0,0,0,0,0,0,0,0,0,0,0,0,0,0,0,0
258495,10582040,-74.178558433,4.63186268599998,CL 49  S- KR 88 C  02,2022,Octubre,1,sábado,8,23,Kennedy,Choque,Vehículo,N/A,Con Heridos,0,0,0,0,0,1,0,0,0,0,0,0,0,0,0,0,0,0,0,0,0,0
258497,10582043,-74.186,4.619,AV AVENIDA CIUDAD DE CALI - CL 59  S 02,2022,Octubre,2,domingo,11,0,Bosa,Choque,Vehículo,N/A,Solo Daños,0,0,1,0,0,1,0,0,0,0,0,0,0,0,0,0,0,0,0,0,0,0
258498,10582044,-74.109,4.506,CL 88  S- KR 8   02,2022,Octubre,1,sábado,17,30,Usme,Choque,Vehículo,N/A,Con Heridos,0,0,0,0,1,0,0,0,0,1,1,0,1,0,0,1,0,0,0,0,0,1
258501,10582056,-74.119939282,4.57126284899999,CL 43  S- KR 13 F  02,2022,Octubre,1,sábado,7,30,Rafael Uribe Uribe,Atropello,N/A,N/A,Con Heridos,0,0,0,0,0,1,1,1,0,0,0,0,0,0,0,0,0,0,0,0,0,0
258502,10582333,-74.091,4.535,CL 55  S- KR 10 A  E 02,2022,Octubre,5,miércoles,16,45,San Cristóbal,Choque,Vehículo,N/A,Solo Daños,0,1,0,0,0,0,0,0,0,0,0,0,0,0,0,0,0,0,0,0,0,0
258569,10583210,-74.04037860815,4.74379113766,KR 17  - CL 164   02,2022,Octubre,26,miércoles,14,28,Usaquén,Choque,Vehículo,N/A,Con Heridos,0,1,0,0,0,1,0,0,0,0,0,0,0,0,0,0,0,0,0,0,0,0
258570,10583211,-74.095883612,4.68812951899997,AC 72  - KR 72 A  02,2022,Octubre,26,miércoles,20,0,Engativá,Choque,Vehículo,N/A,Con Heridos,0,0,0,0,0,1,0,0,0,0,1,0,1,0,0,1,0,0,0,0,0,0
258571,10583216,-74.13082269614,4.6059030791,KR 68  - CL 33  S 02,2022,Octubre,26,miércoles,6,41,Puente Aranda,Choque,Vehículo,N/A,Solo Daños,0,0,0,0,0,0,0,1,0,0,1,0,1,0,0,1,0,0,0,0,0,0
258572,10583217,-74.15777353232,4.68474693515,AV AVENIDA CENTENARIO - KR 119   02,2022,Octubre,26,miércoles,16,10,Kennedy,Choque,Vehículo,N/A,Solo Daños,0,1,0,0,0,0,0,0,0,0,0,0,0,0,0,0,0,0,0,0,0,0
258573,10583223,-74.08915189688,4.69534361064,CL 80  - KR 72   02,2022,Octubre,26,miércoles,23,5,Engativá,Atropello,N/A,N/A,Con Heridos,0,1,0,0,0,0,1,0,0,0,0,0,0,0,0,0,0,0,0,0,0,0
258574,10583227,-74.156619046,4.64076548999998,CL 6  - KR 86   02,2022,Octubre,27,jueves,21,50,Kennedy,Caida de ocupante,N/A,N/A,Con Heridos,0,0,0,0,1,0,0,0,0,0,1,0,1,0,0,1,0,0,0,0,0,0
258575,10583230,-74.14109555666,4.60967544407,AV AVENIDA BOYACA - CL 39  S 02,2022,Octubre,26,miércoles,12,51,Kennedy,Choque,Vehículo,N/A,Con Heridos,0,1,0,0,0,1,0,0,0,0,0,0,0,0,0,0,0,0,0,0,0,0
258576,10583232,-74.07351701547,4.61617130394,CL 26  - KR 18   02,2022,Octubre,27,jueves,22,30,Teusaquillo,Choque,Vehículo,N/A,Con Muertos,1,0,0,0,0,0,0,0,0,1,0,0,0,0,0,0,0,0,0,0,1,0
258577,10583235,-74.08537534659,4.62222222325,KR 30  - CL 22 b  02,2022,Octubre,27,jueves,18,10,Los Mártires,Choque,Vehículo,N/A,Con Heridos,0,0,0,0,0,1,0,0,0,0,0,0,0,0,0,0,0,0,0,0,0,0
258578,10583238,-74.03136544549,4.76118570322,KR 185  - CL 17   02,2022,Octubre,27,jueves,9,9,Usaquén,Choque,Objeto Fijo,Vehiculo Estacionado,Solo Daños,0,0,1,0,0,0,0,0,0,1,0,0,0,0,0,0,0,0,0,0,0,1
258579,10583240,-74.08597079699,4.56927989026,KR 3  E- CL 22 C  02,2022,Octubre,26,miércoles,22,3,Santa Fe,Choque,Objeto Fijo,Poste,Con Heridos,0,0,0,0,0,0,0,0,0,0,0,0,0,0,0,0,0,0,0,0,0,0
258580,10583242,-74.09137813036,4.53159599689,KR 10 A  S- CL 62  S 02,2022,Octubre,26,miércoles,14,24,San Cristóbal,Choque,Objeto Fijo,Inmueble,Solo Daños,0,1,0,0,0,0,0,0,0,0,0,0,0,0,0,0,0,0,0,0,0,0
258581,10583243,-74.06608489935,4.65570951153,KR 17  - CL 67   02,2022,Octubre,26,miércoles,12,59,Barrios Unidos,Atropello,N/A,N/A,Con Heridos,0,0,0,0,0,0,1,1,0,0,0,0,0,0,0,0,0,0,0,0,0,0
258582,10583244,-74.06221178953,4.61750617885,KR 1  - CL 33   02,2022,Octubre,27,jueves,10,34,Santa Fe,Choque,Objeto Fijo,Inmueble,Solo Daños,0,0,0,0,0,0,0,0,0,0,0,0,0,0,0,0,0,0,0,0,0,0
258612,10583075,-74.083,4.625,KR 30  - CL 24   02,2022,Octubre,24,lunes,10,8,Los Mártires,Choque,Vehículo,N/A,Con Heridos,0,0,0,0,0,1,0,1,0,0,0,0,0,0,0,0,0,0,0,0,0,0
258613,10583080,-74.126209646,4.60671061300002,CL 26  S- KR 52 A  02,2022,Octubre,23,domingo,1,58,Puente Aranda,Choque,Vehículo,N/A,Con Heridos,0,0,0,0,0,0,1,0,0,0,0,0,0,0,0,0,0,0,0,0,0,0
258614,10583086,-74.132,4.605,KR 68  - CL 37  S 02,2022,Octubre,24,lunes,9,23,Puente Aranda,Choque,Vehículo,N/A,Con Heridos,0,0,0,0,0,1,0,0,0,0,1,0,1,0,0,1,0,0,0,0,0,0
258615,10583093,-74.128,4.63,AV AVENIDA DE LAS AMERICAS - KR 69   02,2022,Octubre,24,lunes,22,48,Kennedy,Volcamiento,N/A,N/A,Con Heridos,0,0,0,0,0,1,0,0,0,0,0,0,0,0,0,0,0,0,0,0,0,0
258616,10583095,-74.112,4.555,CL 48 P  - KR 5 H  02,2022,Octubre,23,domingo,21,0,Rafael Uribe Uribe,Caida de ocupante,N/A,N/A,Con Heridos,0,0,0,0,0,0,0,0,0,0,1,0,1,0,0,1,0,0,0,0,0,0
258617,10583107,-74.062,4.608,KR 72  - CL 8  S 02,2022,Octubre,23,domingo,3,37,Kennedy,Choque,Vehículo,N/A,Con Heridos,1,0,0,0,0,1,0,0,0,0,0,0,0,0,0,0,0,0,0,0,0,0
258618,10583109,-74.116,4.747,KR 141  - CL 144 C  02,2022,Octubre,22,sábado,23,48,Suba,Choque,Vehículo,N/A,Con Heridos,1,0,0,0,0,0,0,0,0,0,0,0,0,0,0,0,0,0,0,0,0,0
258619,10583123,-74.153029372,4.648921266,CL 8  - KR 87 B  02,2022,Octubre,24,lunes,13,50,Kennedy,Choque,Vehículo,N/A,Con Heridos,0,0,0,0,0,1,0,0,0,0,1,0,1,0,0,1,0,0,0,0,0,0
258620,10583125,-74.1500303495,4.6108058929,CL 40 C  S- KR 72 M  02,2022,Octubre,24,lunes,19,30,Kennedy,Atropello,N/A,N/A,Con Heridos,0,0,0,0,0,1,1,1,0,0,0,0,0,0,0,0,0,0,0,0,0,0
258621,10583128,-74.1871915172,4.6202947663,CL 59 A BIS S- KR 86 A  02,2022,Octubre,24,lunes,21,38,Bosa,Choque,Vehículo,N/A,Con Heridos,0,0,0,0,0,1,0,0,0,0,0,0,0,0,0,0,0,0,0,0,0,0
258622,10583130,-74.1195432567,4.6788800339,KR 86  - CL 26   02,2022,Octubre,25,martes,8,10,Fontibón,Choque,Vehículo,N/A,Con Heridos,1,0,0,0,0,1,0,0,0,0,0,0,0,0,0,0,0,0,0,0,0,0
258623,10583135,-74.1626131597,4.6152760542,AV AVENIDA PRIMERO DE MAYO - AV AVENIDA CIUDAD DE VILLAVICENCIO  02,2022,Octubre,24,lunes,12,6,Bosa,Caida de ocupante,N/A,N/A,Con Heridos,0,0,0,0,0,0,0,0,0,0,1,0,1,0,0,1,0,0,0,0,0,0
258624,10583138,-74.113378531,4.7010852178,CL 72  - KR 96   02,2022,Octubre,25,martes,8,20,Engativá,Choque,Vehículo,N/A,Con Heridos,1,0,0,0,0,1,0,0,0,0,0,0,0,0,0,0,0,0,0,0,0,0
258625,10583155,-74.0774744812,4.6578798563,AK 30  - CL 63 G  02,2022,Octubre,25,martes,12,30,Barrios Unidos,Caida de ocupante,N/A,N/A,Con Heridos,0,0,0,0,0,0,0,0,0,0,1,0,1,0,0,1,0,0,0,0,0,0
258626,10583179,-74.0527453712,4.7155638673,KR 45  - CL 129   02,2022,Octubre,26,miércoles,9,9,Suba,Choque,Vehículo,N/A,Con Heridos,1,0,0,0,0,0,0,0,0,0,1,0,1,0,0,1,0,0,0,0,0,0
258627,10583185,-74.1189044873,4.5261735935,KR 14  - CL 68 B  S 02,2022,Octubre,25,martes,12,10,Usme,Choque,Vehículo,N/A,Con Heridos,0,0,0,0,1,0,0,1,0,0,1,0,1,0,0,1,0,0,0,0,0,0
258628,10583192,-74.1104924,4.66734547599998,KR 72  - CL 48 A  02,2022,Octubre,26,miércoles,20,0,Engativá,Choque,Vehículo,N/A,Solo Daños,0,0,0,0,0,0,0,0,0,0,1,0,1,0,0,1,0,0,0,0,0,0
258638,10583249,-74.100044506,4.68066417183,KR 72  - CL 66   02,2022,Octubre,28,viernes,18,35,Engativá,Caida de ocupante,N/A,N/A,Con Heridos,0,0,0,0,0,0,0,0,0,0,1,0,0,0,0,0,0,0,0,0,0,0
258639,10583250,-74.13118747656,4.68986885993,CL 26  - KR 103   02,2022,Octubre,28,viernes,22,45,Fontibón,Choque,Vehículo,N/A,Con Heridos,0,0,0,0,0,0,0,0,0,0,1,0,1,1,0,0,0,0,0,1,0,0
258640,10583251,-74.10806683485,4.57883557403,AV AVENIDA CARACAS - CL 28  S 02,2022,Octubre,29,sábado,4,50,Rafael Uribe Uribe,Choque,Vehículo,N/A,Con Heridos,0,0,0,0,0,0,0,0,0,1,0,0,0,0,0,0,0,0,0,0,0,1
258641,10583253,-74.07868055289,4.64406961078,KR 30  - CL 53 A  02,2022,Octubre,27,jueves,6,50,Teusaquillo,Choque,Vehículo,N/A,Solo Daños,0,0,0,0,0,1,0,0,0,0,0,0,0,0,0,0,0,0,0,0,0,0
258642,10583254,-74.18864575808,4.62710933818,KR 88 C  - CL 57 A  S 02,2022,Octubre,28,viernes,13,16,Bosa,Choque,Vehículo,N/A,Con Heridos,1,0,0,0,0,0,0,0,0,0,0,0,0,0,0,0,0,0,0,0,0,0
258643,10583255,-74.10964665596,4.57808160473,AK 14  - CL 31 C  S 02,2022,Octubre,28,viernes,21,25,Rafael Uribe Uribe,Choque,Vehículo,N/A,Con Heridos,1,0,0,0,1,0,0,0,0,0,0,0,0,0,0,0,0,0,0,0,0,0
258644,10583257,-74.10251315277,4.58471649479,CL 19 A  S- KR 19   02,2022,Octubre,28,viernes,15,13,Antonio Nariño,Choque,Vehículo,N/A,Solo Daños,0,0,0,0,0,0,0,1,0,0,0,0,0,0,0,0,0,0,0,0,0,0
258645,10583258,-74.11327568476,4.58566403987,CL 29 A  S- TV 26   02,2022,Octubre,28,viernes,22,0,Rafael Uribe Uribe,Choque,Vehículo,N/A,Con Heridos,0,0,0,0,0,1,0,0,0,0,0,0,0,0,0,0,0,0,0,0,0,0
258646,10583259,-74.160787765,4.64807085400003,CL 6 BIS A - KR 90 A  02,2022,Octubre,29,sábado,9,54,Kennedy,Choque,Vehículo,N/A,Solo Daños,0,0,0,0,0,0,0,0,0,0,0,0,0,0,0,0,0,0,0,0,0,0
258670,10582650,-74.05,4.751,CL 169  - KR 50   02,2022,Octubre,12,miércoles,18,2,Suba,Choque,Vehículo,N/A,Con Heridos,0,0,0,0,0,1,0,0,0,0,0,0,0,0,0,0,0,0,0,0,0,0
258671,10582658,-74.15,4.628,CL 26  S- KR 78 K  02,2022,Octubre,13,jueves,5,13,Kennedy,Choque,Vehículo,N/A,Solo Daños,0,0,1,0,0,1,0,0,0,0,0,0,0,0,0,0,0,0,0,0,0,0
258672,10582663,-74.137,4.636,CL 7 C  - KR 72   02,2022,Octubre,10,lunes,16,50,Kennedy,Choque,Vehículo,N/A,Con Heridos,1,0,0,0,0,0,0,0,0,0,0,0,0,0,0,0,0,0,0,0,0,0
258673,10582666,-74.061,4.677,KR 30  - CL 89   02,2022,Octubre,13,jueves,16,15,Barrios Unidos,Choque,Vehículo,N/A,Solo Daños,0,0,0,0,0,0,0,0,0,1,0,0,0,0,0,0,0,0,0,0,0,1
258674,10582671,-74.092107044,4.691131638,KR 72  - CL 75 A  02,2022,Octubre,13,jueves,17,50,Engativá,Atropello,N/A,N/A,Con Heridos,0,0,0,0,0,1,1,0,0,0,0,0,0,0,0,0,0,0,0,0,0,0
258675,10582673,-74.136370163,4.61129345400002,KR 69  - CL 34  S 02,2022,Octubre,14,viernes,18,49,Kennedy,Choque,Vehículo,N/A,Con Heridos,0,0,0,0,0,1,0,0,0,0,0,0,0,0,0,0,0,0,0,0,0,0
258676,10582683,-74.139,4.555,TV 18 G  - DG 61 A BIS S 02,2022,Octubre,13,jueves,18,30,Ciudad Bolívar,Choque,Vehículo,N/A,Con Heridos,0,0,0,0,0,1,0,0,0,0,0,0,0,0,0,0,0,0,0,0,0,0
258677,10582685,-74.128,4.687,CL 26  - KR 98   02,2022,Octubre,16,domingo,20,30,Fontibón,Choque,Vehículo,N/A,Con Muertos,1,0,0,0,0,0,0,0,0,0,0,0,0,0,0,0,0,0,0,0,0,0
258678,10582687,-74.039,4.668,KR 3  E- CL 91   02,2022,Octubre,13,jueves,20,40,Chapinero,Choque,Vehículo,N/A,Con Heridos,1,0,0,0,0,0,0,0,0,0,0,0,0,0,0,0,0,0,0,0,0,0
258679,10582690,-74.066,4.599,CL 16  - KR 5   02,2022,Octubre,14,viernes,18,20,Santa Fe,Atropello,N/A,N/A,Con Heridos,0,0,0,0,0,1,1,1,0,0,0,0,0,0,0,0,0,0,0,0,0,0
258680,10582691,-74.109,4.663,CL 26  - KR 70   02,2022,Octubre,13,jueves,22,0,Fontibón,Choque,Vehículo,N/A,Con Heridos,0,0,0,0,0,1,0,0,0,0,0,0,0,0,0,0,0,0,0,0,0,0
258681,10582716,-74.123,4.594,CL 38 A  S- TV 35   02,2022,Octubre,16,domingo,14,9,Antonio Nariño,Choque,Vehículo,N/A,Solo Daños,0,0,0,0,0,0,0,0,0,0,0,0,0,0,0,0,0,0,0,0,0,0
258682,10582726,-74.029,4.702,KR 7  - CL 127   02,2022,Octubre,15,sábado,6,35,Usaquén,Choque,Vehículo,N/A,Solo Daños,0,0,0,0,0,1,0,0,0,0,0,0,0,0,0,0,0,0,0,0,0,0
258683,10582916,-74.089,4.566,CL 26  S- KR 1  E 02,2022,Octubre,20,jueves,7,10,San Cristóbal,Choque,Vehículo,N/A,Con Heridos,0,0,0,0,0,1,0,0,0,0,0,0,0,0,0,0,0,0,0,0,0,0
258684,10582920,-74.138,4.565,AV AVENIDA BOYACA - CL 59 A  S 02,2022,Octubre,20,jueves,23,0,Ciudad Bolívar,Choque,Vehículo,N/A,Con Heridos,0,0,0,0,0,1,0,0,0,0,0,0,0,0,0,0,0,0,0,0,0,0
258685,10582921,-74.093,4.578,KR 10  - CL 17   02,2022,Octubre,19,miércoles,17,40,San Cristóbal,Atropello,N/A,N/A,Con Heridos,0,0,0,0,0,0,1,0,0,1,0,0,0,0,0,0,0,0,0,0,0,1
258686,10582958,-74.103,4.486,CL 115  S- KR 7  E 02,2022,Octubre,19,miércoles,21,0,Usme,Choque,Vehículo,N/A,Con Heridos,0,0,0,0,0,1,0,0,0,0,1,0,1,0,0,1,0,0,0,0,0,0
258687,10582969,-74.183,4.641,KR 95 S BIS - CL 49 C  S 02,2022,Octubre,21,viernes,6,40,Bosa,Atropello,N/A,N/A,Con Heridos,0,0,0,0,0,1,1,0,0,0,0,0,0,0,0,0,0,0,0,0,0,0
258688,10582977,-74.058,4.654,KR 9  - CL 70   02,2022,Octubre,20,jueves,13,35,Chapinero,Choque,Vehículo,N/A,Con Heridos,0,0,0,0,0,1,0,0,0,0,0,0,0,0,0,0,0,0,0,0,0,0
258691,10583437,-74.08343342726,4.6803146756,AK 68  - CL 75 A  02,2022,Octubre,31,lunes,16,30,Barrios Unidos,Caida de ocupante,N/A,N/A,Con Heridos,0,0,0,0,0,0,0,1,0,0,1,0,1,0,0,1,0,0,0,0,0,0
258774,10582340,-74.09277475208,4.63064283043,AC 24  - KR 40   02,2022,Octubre,7,viernes,21,10,Teusaquillo,Choque,Vehículo,N/A,Solo Daños,0,0,0,0,0,0,0,0,0,1,1,0,1,0,0,1,0,0,0,0,0,1
258775,10582342,-74.0719506583,4.6636588732,CL 71  - KR 28 A  02,2022,Octubre,7,viernes,18,55,Barrios Unidos,Choque,Vehículo,N/A,Con Heridos,0,0,0,0,0,1,0,0,0,1,0,0,0,0,0,0,0,0,0,0,0,1
258776,10582346,-74.15347126906,4.69647170336,CL 24  - KR 127   02,2022,Octubre,6,jueves,14,4,Fontibón,Choque,Vehículo,N/A,Con Heridos,0,1,0,0,0,1,0,0,0,0,0,0,0,0,0,0,0,0,0,0,0,0
258777,10582352,-74.147,4.649,KR 86  - CL 10   02,2022,Octubre,7,viernes,11,50,Kennedy,Choque,Vehículo,N/A,Con Heridos,0,0,0,0,0,1,0,0,0,0,1,0,1,0,0,1,0,0,0,0,0,0
258820,10582338,-74.159,4.695,CL 22 A  - KR 129   02,2022,Octubre,6,jueves,15,39,Fontibón,Choque,Vehículo,N/A,Solo Daños,0,0,0,0,0,0,0,0,0,0,1,0,1,0,0,1,0,0,0,0,0,0
258943,10583224,-74.11668209021,4.59136418143,KR 30  - CL 32  S 02,2022,Octubre,27,jueves,8,0,Antonio Nariño,Choque,Vehículo,N/A,Con Heridos,1,0,0,0,0,1,0,0,0,0,0,0,0,0,0,0,0,0,0,0,0,0
258944,10583225,-74.07747892325,4.68175289077,CL 100  - KR 64   02,2022,Octubre,27,jueves,0,20,Barrios Unidos,Choque,Vehículo,N/A,Con Heridos,0,0,0,0,0,1,0,0,0,0,0,0,0,0,0,0,0,0,0,0,0,0
258945,10583287,-74.18440311577,4.61901395826,KR 84 C  - CL 58  S 02,2022,Octubre,28,viernes,15,50,Bosa,Choque,Vehículo,N/A,Con Heridos,0,1,0,0,0,1,0,0,0,0,1,0,1,0,1,0,0,0,0,0,0,0
258946,10583292,-74.12441221659,4.7421499008,KR 154  - CL 132 BIS  02,2022,Octubre,29,sábado,23,0,Suba,Choque,Vehículo,N/A,Con Heridos,0,0,0,0,0,1,0,0,0,0,0,0,0,0,0,0,0,0,0,0,0,0
258947,10583302,-74.17248276655,4.61621220201,KR 80  - CL 52  S 02,2022,Octubre,28,viernes,6,30,Kennedy,Choque,Vehículo,N/A,Con Heridos,0,0,0,0,0,1,0,0,0,0,1,0,1,0,0,1,0,0,0,0,0,0
258948,10583355,-74.13716343825,4.67172274875,KR 96 C  - CL 21 A  02,2022,Octubre,28,viernes,22,28,Fontibón,Atropello,N/A,N/A,Con Heridos,0,0,0,0,0,0,1,1,0,0,0,0,0,0,0,0,0,0,0,0,0,0
258949,10583380,-74.12876654281,4.63289050703,CL 8  S- KR 69 A  02,2022,Octubre,29,sábado,22,50,Kennedy,Choque,Vehículo,N/A,Con Heridos,0,0,0,0,0,1,0,0,0,1,0,0,0,0,0,0,0,0,0,0,0,1
258950,10583390,-74.17971379957,4.59875198974,CL 63  S- KR 77 I  02,2022,Octubre,30,domingo,15,9,Bosa,Choque,Vehículo,N/A,Con Heridos,0,0,0,0,0,1,0,1,0,0,1,0,1,0,0,1,0,0,0,0,0,0
258951,10583402,-74.07853034918,4.64401614272,KR 30  - CL 53 B  02,2022,Octubre,31,lunes,9,45,Teusaquillo,Caida de ocupante,N/A,N/A,Con Heridos,0,0,0,0,0,0,0,1,0,0,1,0,1,1,0,0,0,1,0,0,0,0
258952,10583406,-74.0700867552,4.71152167544,CL 127  - KR 58   02,2022,Octubre,30,domingo,23,59,Suba,Choque,Vehículo,N/A,Con Heridos,0,0,0,0,0,1,0,0,0,0,0,0,0,0,0,0,0,0,0,0,0,0
258953,10583431,-74.16524080221,4.64234793712,CL 34  S- KR 89 C  02,2022,Octubre,28,viernes,12,20,Kennedy,Atropello,N/A,N/A,Solo Daños,1,0,0,0,0,1,0,1,0,0,1,0,1,0,0,1,0,0,0,0,0,0
258958,10583502,-74.17172626023,4.64315554886,CL 40  S- KR 93   02,2022,Octubre,29,sábado,1,0,Kennedy,Choque,Vehículo,N/A,Solo Daños,0,0,1,0,0,0,0,0,0,0,0,0,0,0,0,0,0,0,0,0,0,0
258963,10583273,-74.16920661945,4.58763573066,DG 62 G  - KR 72 F  S 02,2022,Octubre,30,domingo,6,45,Ciudad Bolívar,Choque,Objeto Fijo,Poste,Solo Daños,0,0,0,0,0,0,0,0,0,0,0,0,0,0,0,0,0,0,0,0,0,0
258964,10583274,-74.20289262871,4.62697411507,KR 92  - CL 74   02,2022,Octubre,28,viernes,15,50,Bosa,Atropello,N/A,N/A,Con Heridos,0,0,0,0,0,0,1,0,0,0,0,0,0,0,0,0,0,0,0,0,0,0
258965,10583284,-74.04621509497,4.72340103262,CL 140  - KR 19   02,2022,Octubre,30,domingo,19,40,Usaquén,Choque,Vehículo,N/A,Solo Daños,0,0,1,0,0,0,0,0,0,0,0,0,0,0,0,0,0,0,0,0,0,0
258966,10583293,-74.05868482451,4.68034257114,AU NORTE - CL 93   02,2022,Octubre,30,domingo,1,20,Usaquén,Choque,Vehículo,N/A,Con Heridos,0,1,0,0,0,1,0,0,0,0,0,0,0,0,0,0,0,0,0,0,0,0
258967,10583294,-74.19971652927,4.62698536578,KR 91 C  - CL 71  S 02,2022,Octubre,29,sábado,18,30,Bosa,Choque,Vehículo,N/A,Con Heridos,1,0,0,0,1,1,0,0,0,0,0,0,0,0,0,0,0,0,0,0,0,0
258968,10583297,-74.15040282194,4.62051119036,KR 77  - CL 38  S 02,2022,Octubre,28,viernes,7,30,Kennedy,Choque,Vehículo,N/A,Con Heridos,0,0,0,0,0,1,0,0,0,0,0,0,0,0,0,0,0,0,0,0,0,0
258969,10583298,-74.11717561667,4.58851411634,KR 27  - CL 32  S 02,2022,Octubre,27,jueves,6,3,Antonio Nariño,Choque,Vehículo,N/A,Con Heridos,0,0,0,0,0,1,0,0,0,0,1,0,1,0,0,1,0,0,0,0,0,0
258970,10583306,-74.17203241646,4.59081757003,TV 73 J  - CL 62  S 02,2022,Octubre,29,sábado,13,30,Ciudad Bolívar,Choque,Vehículo,N/A,Con Heridos,0,1,0,0,0,1,0,0,0,0,0,0,0,0,0,0,0,0,0,0,0,0
258971,10583308,-74.098148688,4.572328895,CL 27  S- KR 10   02,2022,Octubre,20,jueves,14,40,San Cristóbal,Atropello,N/A,N/A,Con Heridos,0,0,0,0,0,0,1,0,0,0,0,0,0,0,0,0,0,0,0,0,0,0
258972,10583310,-74.08303646033,4.59941167709,AV AVENIDA CARACAS - CL 8   02,2022,Octubre,28,viernes,20,10,Santa Fe,Atropello,N/A,N/A,Con Heridos,0,0,0,0,0,0,1,0,0,0,0,0,0,0,0,0,0,0,0,0,0,0
258973,10583312,-74.15882854019,4.68644592546,CL 13  - KR 21   02,2022,Octubre,28,viernes,22,10,Fontibón,Choque,Vehículo,N/A,Con Heridos,1,0,0,0,0,0,0,0,0,1,0,0,0,0,0,0,0,0,0,0,0,1
258974,10583313,-74.14073031961,4.69836581961,CL 26  - KR 113   02,2022,Octubre,29,sábado,12,10,Fontibón,Choque,Vehículo,N/A,Con Heridos,0,0,0,0,0,1,0,0,0,0,0,0,0,0,0,0,0,0,0,0,0,0
258975,10583314,-74.10963860934,4.62732856246,CL 9  - KR 52   02,2022,Octubre,28,viernes,7,30,Puente Aranda,Choque,Vehículo,N/A,Con Heridos,1,0,0,0,0,1,0,0,0,0,0,0,0,0,0,0,0,0,0,0,0,0
258976,10583315,-74.12668672983,4.61724952248,KR 68  - CL 9 B  S 02,2022,Octubre,27,jueves,22,3,Puente Aranda,Atropello,N/A,N/A,Con Heridos,0,0,0,0,0,1,1,0,0,0,0,0,0,0,0,0,0,0,0,0,0,0
258977,10583318,-74.08925918524,4.69564300984,AC 80  - AV AVENIDA BOYACA  02,2022,Octubre,28,viernes,3,30,Engativá,Atropello,N/A,N/A,Con Heridos,0,0,0,0,0,0,1,0,0,0,0,0,0,0,0,0,0,0,0,0,0,0
258978,10583319,-74.164985091,4.62525334399999,CL 42 A  S- KR 80 J  02,2022,Octubre,27,jueves,15,6,Kennedy,Atropello,N/A,N/A,Con Muertos,0,0,0,0,1,1,1,1,0,0,0,0,0,0,0,0,0,0,0,0,0,0
258979,10583326,-74.1,4.604,AK 30  - CL 4   02,2022,Octubre,29,sábado,11,59,Engativá,Choque,Vehículo,N/A,Con Heridos,0,0,0,0,0,1,0,0,0,0,0,0,0,0,0,0,0,0,0,0,0,0
258980,10583328,-74.111054622,4.63154289800002,CL 13  - KR 58   02,2022,Octubre,29,sábado,13,0,Puente Aranda,Choque,Vehículo,N/A,Con Heridos,0,0,0,0,0,1,0,1,0,0,0,0,0,0,0,0,0,0,0,0,0,0
258981,10583331,-74.12498620932,4.47107948594,KR 14  - CL 137 B  S 02,2022,Octubre,27,jueves,19,28,Usme,Caida de ocupante,N/A,N/A,Con Heridos,0,0,0,0,0,0,0,0,0,0,1,0,1,0,0,1,0,0,0,0,0,0
258982,10583335,-74.09526733343,4.64035891759,AC 26  - KR 51   02,2022,Octubre,28,viernes,8,45,Teusaquillo,Caida de ocupante,N/A,N/A,Con Heridos,0,0,0,0,0,0,0,1,0,0,1,0,1,0,0,1,0,0,0,0,0,0
259003,10583438,-74.11951450293,4.52053162773,DG 71 B  S- KR 14 C  02,2022,Octubre,31,lunes,21,15,Usme,Atropello,N/A,N/A,Con Heridos,0,0,0,0,0,1,1,0,0,0,0,0,0,0,0,0,0,0,0,0,0,0
259004,10583446,-74.1533639807,4.57330110009,CL 62  S- KR 44   02,2022,Octubre,30,domingo,12,50,Ciudad Bolívar,Choque,Vehículo,N/A,Con Heridos,0,0,0,0,0,1,0,0,0,0,0,0,0,0,0,0,0,0,0,0,0,0
259006,10583460,-74.13632122462,4.56615702027,CL 58  S- KR 19   02,2022,Octubre,31,lunes,12,50,Tunjuelito,Choque,Vehículo,N/A,Con Heridos,0,0,0,0,1,0,0,0,0,0,1,0,0,0,0,0,0,0,0,0,0,0
259088,10582355,-74.043,4.682,KR 11  - CL 100   02,2022,Octubre,6,jueves,16,20,Usaquén,Choque,Vehículo,N/A,Con Heridos,0,0,0,0,0,1,0,0,0,1,0,0,0,0,0,0,0,0,0,0,0,1
259089,10582358,-74.11900891,4.70615921699999,AC 72  - KR 104   02,2022,Octubre,7,viernes,18,20,Engativá,Atropello,N/A,N/A,Con Heridos,0,0,0,0,0,1,1,1,0,0,0,0,0,0,0,0,0,0,0,0,0,0
259090,10582359,-74.179,4.597,AU SUR - KR 76   02,2022,Octubre,6,jueves,11,0,Bosa,Caida de ocupante,N/A,N/A,Con Heridos,0,0,0,0,1,0,0,0,0,0,1,0,1,1,0,0,0,0,1,0,0,0
259091,10582363,-74.107,4.509,CL 81  - KR 4 BIS  02,2022,Octubre,8,sábado,9,25,Usme,Atropello,N/A,N/A,Con Muertos,0,0,0,0,0,0,1,1,0,0,0,0,0,0,0,0,0,0,0,0,0,0
259092,10582371,-74.087,4.547,KR 11  E- CL 41  S 02,2022,Octubre,7,viernes,6,33,San Cristóbal,Atropello,N/A,N/A,Con Heridos,0,0,0,0,1,1,1,0,0,0,0,0,0,0,0,0,0,0,0,0,0,0
259093,10582384,-74.147,4.546,KR 18 I  - CL 70 G  S 02,2022,Octubre,7,viernes,0,50,Ciudad Bolívar,Atropello,N/A,N/A,Con Heridos,0,0,0,0,0,1,1,0,0,0,0,0,0,0,0,0,0,0,0,0,0,0
259094,10582402,-74.162,4.603,AV AVENIDA CIUDAD DE VILLAVICENCIO - KR 54 B  S 02,2022,Octubre,8,sábado,7,50,Bosa,Atropello,N/A,N/A,Con Heridos,0,0,0,0,0,1,1,1,0,0,0,0,0,0,0,0,0,0,0,0,0,0
259095,10582408,-74.085,4.623,KR 30  - CL 23   02,2022,Octubre,8,sábado,20,6,Los Mártires,Choque,Vehículo,N/A,Con Heridos,0,0,0,0,0,0,0,0,0,0,0,0,0,0,0,0,0,0,0,0,0,0
259096,10582852,-74.099,4.739,KR 104  - CL 135 A  02,2022,Octubre,18,martes,19,0,Suba,Atropello,N/A,N/A,Con Heridos,0,0,0,0,0,1,1,0,0,0,0,0,0,0,0,0,0,0,0,0,0,0
259097,10582901,-74.097,4.609,CL 8  - KR 31   02,2022,Octubre,19,miércoles,13,20,Puente Aranda,Choque,Vehículo,N/A,Solo Daños,0,1,0,0,0,0,0,1,0,0,0,0,0,0,0,0,0,0,0,0,0,0
259098,10582907,-74.129106317,4.618128657,CL 8  S- KR 68 F  S 02,2022,Octubre,5,miércoles,12,23,Kennedy,Choque,Vehículo,N/A,Solo Daños,0,0,0,0,0,0,0,0,0,1,0,0,0,0,0,0,0,0,0,0,0,1
259099,10582909,-74.079,4.617,KR 19 A  - CL 23   02,2022,Octubre,20,jueves,9,57,Los Mártires,Choque,Vehículo,N/A,Solo Daños,0,0,0,0,0,1,0,0,0,0,0,0,0,0,0,0,0,0,0,0,0,0
259100,10582912,-74.103207496,4.73242152199998,CL 129 D  - KR 106   02,2022,Octubre,19,miércoles,8,20,Suba,Choque,Vehículo,N/A,Solo Daños,0,1,0,0,0,0,0,0,0,0,1,0,1,0,0,1,0,0,0,0,0,0
259101,10582913,-74.111,4.752,KR 136 A  - CL 144   02,2022,Octubre,20,jueves,19,28,Suba,Atropello,N/A,N/A,Con Heridos,0,0,0,0,0,0,1,0,0,0,1,0,1,0,1,0,0,0,0,0,0,0
259102,10582915,-74.064,4.646,KR 13  - CL 59   02,2022,Octubre,20,jueves,12,33,Chapinero,Atropello,N/A,N/A,Con Muertos,0,0,0,0,0,1,1,0,0,0,0,0,0,0,0,0,0,0,0,0,0,0
259103,10582917,-74.103,4.566,KR 10  - CL 35  S 02,2022,Octubre,20,jueves,5,45,San Cristóbal,Choque,Vehículo,N/A,Con Heridos,1,0,0,0,0,0,0,1,0,0,0,0,0,0,0,0,0,0,0,0,0,0
259104,10582918,-74.121,4.558,CL 50 A  - KR 9   02,2022,Octubre,20,jueves,4,45,Rafael Uribe Uribe,Atropello,N/A,N/A,Con Heridos,0,0,0,0,0,0,1,0,0,1,0,0,0,0,0,0,0,0,0,0,0,1
259105,10582787,-74.16,4.64,KR 87  - CL 5   02,2022,Octubre,15,sábado,19,0,Kennedy,Atropello,N/A,N/A,Con Heridos,0,1,0,0,0,1,1,0,0,0,0,0,0,0,0,0,0,0,0,0,0,0
259106,10582792,-74.155,4.642,KR 86  - CL 6 A  02,2022,Octubre,16,domingo,6,40,Fontibón,Choque,Vehículo,N/A,Con Heridos,1,0,0,0,0,1,0,0,0,0,0,0,0,0,0,0,0,0,0,0,0,0
259107,10582793,-74.054,4.712,KR 145 A  - CL 128   02,2022,Octubre,15,sábado,16,0,Suba,Atropello,N/A,N/A,Con Heridos,0,0,0,0,1,1,1,0,0,0,0,0,0,0,0,0,0,0,0,0,0,0
259108,10582795,-74.127744947,4.61270674100001,KR 68  - CL 19  S 02,2022,Octubre,16,domingo,14,10,Puente Aranda,Volcamiento,N/A,N/A,Con Heridos,0,0,0,1,0,1,0,0,0,0,0,0,0,0,0,0,0,0,0,0,0,0
259133,10582026,-74.084,4.624,KR 30  - CL 33   02,2022,Octubre,3,lunes,9,0,Teusaquillo,Choque,Vehículo,N/A,Con Heridos,0,0,0,0,0,0,0,1,0,0,1,0,1,1,0,0,0,0,1,0,0,0
259134,10582267,-74.07,4.638,KR 17  - CL 50   02,2022,Octubre,5,miércoles,0,2,Barrios Unidos,Choque,Vehículo,N/A,Con Heridos,0,0,0,0,0,1,0,0,0,0,0,0,0,0,0,0,0,0,0,0,0,0
259135,10582285,-74.15329960768,4.64342532035,AV AVENIDA CIUDAD DE CALI - CL 6 D  02,2022,Octubre,6,jueves,14,50,Kennedy,Choque,Vehículo,N/A,Con Muertos,0,1,0,0,0,1,0,0,0,0,0,0,0,0,0,0,0,0,0,0,0,0
259136,10582341,-74.2143428066,4.6142340574,TV 80 I  - CL 92 A G S 02,2022,Octubre,7,viernes,12,10,Bosa,Choque,Vehículo,N/A,Con Muertos,0,0,0,0,0,1,0,0,0,0,1,0,1,0,0,1,0,0,0,0,0,0
259218,10582088,-74.084,4.69,CL 80  - KR 69 Q  02,2022,Octubre,1,sábado,15,5,Engativá,Caida de ocupante,N/A,N/A,Con Heridos,0,0,0,0,0,0,0,1,0,0,1,0,1,1,0,0,0,0,1,0,0,0
259219,10582089,-74.058,4.682,AU NORTE - CL 94   02,2022,Octubre,1,sábado,6,0,Chapinero,Choque,Vehículo,N/A,Con Heridos,0,0,0,0,0,1,0,0,0,0,0,0,0,0,0,0,0,0,0,0,0,0
259220,10582099,-74.121,4.574,CL 46  S- KR 13 L  02,2022,Octubre,1,sábado,12,50,Rafael Uribe Uribe,Atropello,N/A,N/A,Con Heridos,0,0,0,0,1,0,1,1,0,0,0,0,0,0,0,0,0,0,0,0,0,0
259221,10582107,-74.112,4.542,KR 3  - DG 52 A  02,2022,Octubre,1,sábado,13,0,Rafael Uribe Uribe,Choque,Vehículo,N/A,Con Heridos,0,0,0,0,0,1,0,0,0,0,1,0,1,0,0,1,0,0,0,0,0,0
259222,10582109,-74.139,4.636,KR 72 B  - CL 7 C BIS  02,2022,Octubre,2,domingo,9,50,Kennedy,Choque,Vehículo,N/A,Con Heridos,0,0,0,0,1,0,0,0,0,1,0,0,0,0,0,0,0,0,0,0,0,1
259223,10582110,-74.043966075,4.76260129799999,KR 45  - CL 187   02,2022,Octubre,1,sábado,8,30,Usaquén,Caida de ocupante,N/A,N/A,Con Heridos,0,0,0,0,0,0,0,1,0,0,1,0,1,0,0,1,0,0,0,0,0,0
259224,10582118,-74.113,4.71,CL 80  - KR 100   02,2022,Octubre,1,sábado,12,40,Engativá,Choque,Vehículo,N/A,Solo Daños,0,1,0,0,0,0,0,0,0,1,0,0,0,0,0,0,0,0,0,0,0,1
259225,10582119,-74.086,4.678,KR 68 B  - CL 72   02,2022,Octubre,1,sábado,15,30,Engativá,Choque,Vehículo,N/A,Solo Daños,0,0,0,0,0,0,0,0,0,0,1,0,1,0,0,1,0,0,0,0,0,0
259226,10582123,-74.072,4.611,KR 10  - CL 24   02,2022,Octubre,2,domingo,1,36,Santa Fe,Choque,Vehículo,N/A,Solo Daños,0,0,0,0,0,0,0,0,0,1,0,0,0,0,0,0,0,0,0,0,1,1
259227,10582126,-74.098,4.607,KR 30  - CL 6   02,2022,Octubre,1,sábado,12,0,Los Mártires,Choque,Vehículo,N/A,Solo Daños,0,0,1,0,0,1,0,0,0,0,0,0,0,0,0,0,0,0,0,0,0,0
259228,10582129,-74.182,4.602,CL 65  S- KR 78 C  02,2022,Octubre,1,sábado,13,0,Bosa,Choque,Vehículo,N/A,Solo Daños,0,0,0,0,0,1,0,0,0,0,1,0,0,0,0,0,0,0,0,0,0,0
259230,10582289,-74.0929928385,4.6972975427,CL 80  - KR 75   57,2022,Octubre,5,miércoles,18,30,Engativá,Caida de ocupante,N/A,N/A,Con Heridos,0,0,0,0,0,0,0,0,0,0,1,0,1,1,0,0,0,0,0,1,0,0
259275,10583520,-74.11969656919,4.71763766262,KR 111 A  - CL 79   02,2022,Octubre,29,sábado,10,55,Engativá,Choque,Vehículo,N/A,Solo Daños,0,0,0,0,0,0,0,0,0,0,0,0,0,0,0,0,0,0,0,0,0,0
259292,10583336,-74.09990755503,4.75464886364,CL 151 C  - KR 114   02,2022,Octubre,27,jueves,16,12,Suba,Atropello,N/A,N/A,Con Heridos,0,0,0,0,0,1,1,0,0,0,0,0,0,0,0,0,0,0,0,0,0,0
259293,10583337,-74.1098870529,4.51235605025,CL 76 A  S- KR 8   02,2022,Octubre,30,domingo,18,18,Usme,Choque,Objeto Fijo,Vehiculo Estacionado,Con Heridos,1,0,0,0,0,0,0,0,0,0,0,0,0,0,0,0,0,0,0,0,0,0
259294,10583338,-74.09375456755,4.62361243443,TV 42  - DG 34 A  S 02,2022,Octubre,28,viernes,9,27,Puente Aranda,Atropello,N/A,N/A,Con Heridos,1,0,0,0,0,0,1,1,0,0,0,0,0,0,0,0,0,0,0,0,0,0
259295,10583343,-74.073251663,4.66178490499999,KR 28 A  - CL 68   02,2022,Octubre,27,jueves,12,10,Barrios Unidos,Choque,Vehículo,N/A,Con Heridos,0,1,0,0,0,1,0,1,0,0,0,0,0,0,0,0,0,0,0,0,0,0
259296,10583346,-74.13229254668,4.65522296005,CL 17  - KR 80   02,2022,Octubre,27,jueves,12,30,Fontibón,Choque,Vehículo,N/A,Con Heridos,1,1,0,0,0,0,0,0,0,0,0,0,0,0,0,0,0,0,0,0,0,0
259297,10583372,-74.14378313009,4.56705003414,CL 61  S- KR 22   02,2022,Octubre,28,viernes,7,46,Ciudad Bolívar,Caida de ocupante,N/A,N/A,Con Heridos,0,0,0,0,0,0,0,0,0,0,1,0,1,0,0,1,0,0,0,0,0,0
259298,10583373,-74.116276459,4.51510688899998,KR 14  - CL 74 C  S 02,2022,Octubre,26,miércoles,14,40,Usme,Caida de ocupante,N/A,N/A,Con Heridos,0,0,0,0,1,0,0,0,0,0,1,0,1,0,0,1,0,0,0,0,0,0
259299,10583378,-74.066073635,4.64643939199999,KR 14 A  - CL 59   02,2022,Octubre,31,lunes,22,40,Teusaquillo,Choque,Objeto Fijo,Vehiculo Estacionado,Con Heridos,0,0,1,0,0,1,1,0,0,0,0,0,0,0,0,0,0,0,0,0,0,0
259300,10583379,-74.19062522833,4.6031011962,DG 69 B  S- KR 78 L  02,2022,Octubre,29,sábado,3,0,Bosa,Atropello,N/A,N/A,Con Heridos,0,0,0,0,0,1,1,0,0,0,0,0,0,0,0,0,0,0,0,0,0,0
259301,10583384,-74.04088286345,4.6811433873,KR 9  - CL 100   02,2022,Octubre,31,lunes,19,10,Chapinero,Choque,Vehículo,N/A,Con Heridos,0,0,0,0,0,1,0,0,0,0,0,0,0,0,0,0,0,0,0,0,0,0
259302,10583385,-74.19837004535,4.63389514438,CL 63  S- KR 97 B  02,2022,Octubre,30,domingo,16,50,Bosa,Caida de ocupante,N/A,N/A,Con Heridos,0,0,0,0,0,0,0,1,0,0,1,0,1,0,0,1,0,0,0,0,0,0
259412,10582796,-74.093,4.603,KR 24  - CL 6   02,2022,Octubre,17,lunes,1,10,Los Mártires,Choque,Vehículo,N/A,Con Heridos,0,0,0,0,0,1,0,0,0,0,0,0,0,0,0,0,0,0,0,0,0,0
259413,10582802,-74.154,4.666,DG 15 A  - KR 99   02,2022,Octubre,15,sábado,12,40,Fontibón,Choque,Vehículo,N/A,Con Heridos,1,0,0,0,0,0,0,0,0,1,0,0,0,0,0,0,0,0,0,0,0,1
259414,10582804,-74.142,4.593,KR 54  - DG 47 A  S 02,2022,Octubre,15,sábado,22,45,Tunjuelito,Choque,Vehículo,N/A,Con Heridos,0,0,0,0,0,1,0,0,0,0,0,0,0,0,0,0,0,0,0,0,0,0
259415,10582805,-74.162,4.595,AC 70 C  - KR 57 R  S 02,2022,Octubre,15,sábado,13,25,Ciudad Bolívar,Choque,Vehículo,N/A,Con Heridos,0,0,0,0,0,1,0,0,0,0,0,0,0,0,0,0,0,0,0,0,0,0
259416,10582814,-74.116,4.569,CL 42  S- KR 12 D  02,2022,Octubre,14,viernes,15,40,Rafael Uribe Uribe,Atropello,N/A,N/A,Con Heridos,0,0,0,0,0,1,1,1,0,0,0,0,0,0,0,0,0,0,0,0,0,0
259417,10582816,-74.13,4.646,AV AVENIDA BOYACA - KR 12 BIS  02,2022,Octubre,16,domingo,11,30,Kennedy,Choque,Vehículo,N/A,Con Heridos,0,0,0,0,0,1,0,0,0,1,0,0,0,0,0,0,0,0,0,0,0,1
259418,10582817,-74.115,4.581,CL 32  S- KR 25   02,2022,Octubre,14,viernes,16,10,Rafael Uribe Uribe,Choque,Vehículo,N/A,Con Heridos,0,0,0,0,0,1,0,0,0,0,0,0,0,0,0,0,0,0,0,0,0,0
259419,10582821,-74.085,4.571,KR 5  E- CL 19   02,2022,Octubre,16,domingo,0,5,Santa Fe,Choque,N/A,N/A,Con Heridos,0,0,0,0,0,1,0,0,0,0,0,0,0,0,0,0,0,0,0,0,0,0
259420,10582822,-74.065,4.627,KR 7  - CL 40 A  02,2022,Octubre,16,domingo,23,45,Chapinero,Choque,Vehículo,N/A,Con Heridos,0,0,0,0,0,1,0,1,0,0,0,0,0,0,0,0,0,0,0,0,0,0
259421,10582824,-74.064,4.681,CL 93  - KR 49 D  02,2022,Octubre,14,viernes,13,40,Barrios Unidos,Atropello,N/A,N/A,Con Heridos,0,0,0,0,0,1,1,0,0,0,0,0,0,0,0,0,0,0,0,0,0,0
259422,10582853,-74.043,4.75,CL 170  - KR 20   02,2022,Octubre,18,martes,19,55,Usaquén,Atropello,N/A,N/A,Con Heridos,0,0,0,0,0,0,1,0,0,0,0,0,0,0,0,0,0,0,0,0,0,0
259423,10582857,-74.126,4.566,AV AVENIDA CARACAS - CL 50 B  S 02,2022,Octubre,17,lunes,17,20,Rafael Uribe Uribe,Otro,N/A,N/A,Con Heridos,0,0,0,0,0,0,0,0,0,0,1,0,1,1,0,0,0,1,0,0,0,0
259424,10582860,-74.142,4.603,KR 68 I  - CL 39 H  S 02,2022,Octubre,17,lunes,19,40,Kennedy,Atropello,N/A,N/A,Con Heridos,0,0,0,0,1,0,1,0,0,1,0,0,0,0,0,0,0,0,0,0,0,1
259425,10582862,-74.029,4.702,KR 7  - CL 127   02,2022,Octubre,17,lunes,20,30,Usaquén,Caida de ocupante,N/A,N/A,Con Heridos,0,0,0,0,0,0,0,1,0,0,1,0,1,0,0,1,0,0,0,0,0,0
259426,10582863,-74.107,4.665,KR 70  - CL 49   02,2022,Octubre,18,martes,18,30,Engativá,Choque,Vehículo,N/A,Con Heridos,1,0,0,0,0,0,0,1,0,0,0,0,0,0,0,0,0,0,0,0,0,0
259427,10582870,-74.165,4.576,KR 72 A  - CL 54 C  S 02,2022,Octubre,18,martes,11,30,Bosa,Atropello,N/A,N/A,Con Heridos,0,0,0,0,1,1,1,0,0,0,0,0,0,0,0,0,0,0,0,0,0,0
259428,10582873,-74.13,4.703,KR 110 BIS - CL 64 B  02,2022,Octubre,18,martes,16,25,Engativá,Caida de ocupante,N/A,N/A,Con Heridos,0,0,0,0,0,0,0,0,0,0,1,0,1,0,0,1,0,0,0,0,0,0
259429,10582885,-74.129,4.658,CL 19 A  - KR 79   02,2022,Octubre,18,martes,11,40,Fontibón,Choque,Vehículo,N/A,Con Heridos,0,0,0,0,0,1,0,0,0,0,0,0,0,0,0,0,0,0,0,0,0,0
259430,10582890,-74.166,4.58,KR 73 C  - CL 62 Q  02,2022,Octubre,18,martes,16,10,Rafael Uribe Uribe,Choque,Vehículo,N/A,Con Heridos,0,0,0,0,0,1,0,0,0,0,0,0,0,0,0,0,0,0,0,0,0,0
259431,10582910,-74.06,4.636,CL 51  - KR 3   02,2022,Octubre,21,viernes,1,46,Chapinero,Choque,Vehículo,N/A,Solo Daños,0,0,0,0,0,1,0,0,0,0,0,0,0,0,0,0,0,0,0,0,0,0
259432,10582911,-74.112,4.692,CL 68  - KR 90   02,2022,Octubre,20,jueves,8,28,San Cristóbal,Choque,Vehículo,N/A,Solo Daños,0,0,0,0,0,1,0,0,0,0,0,0,0,0,0,0,0,0,0,0,0,0
259433,10582914,-74.174,4.615,KR 80  - CL 54  S 02,2022,Octubre,21,viernes,0,50,Kennedy,Atropello,N/A,N/A,Con Muertos,0,0,1,0,0,1,1,0,0,1,0,0,0,0,0,0,0,0,0,0,0,1
259434,10582927,-74.109,4.617,TV 42  - CL 4 D  02,2022,Octubre,19,miércoles,17,30,Puente Aranda,Atropello,N/A,N/A,Con Muertos,0,0,0,0,0,1,1,1,0,0,0,0,0,0,0,0,0,0,0,0,0,0
259477,10582471,-74.147,4.649,KR 86  - CL 10   02,2022,Octubre,9,domingo,1,5,Kennedy,Choque,Vehículo,N/A,Solo Daños,0,0,0,0,0,0,0,0,0,0,0,0,0,0,0,0,0,0,0,0,0,0
259478,10582487,-74.085,4.597,KR 14  - CL 6   02,2022,Octubre,9,domingo,11,50,Candelaria,Caida de ocupante,N/A,N/A,Con Heridos,0,0,0,0,0,0,0,0,0,0,1,0,1,1,0,0,0,1,0,0,0,0
259479,10582495,-74.099872029,4.59074818599998,CL 11  S- KR 24 A  02,2022,Octubre,8,sábado,13,59,Antonio Nariño,Choque,Vehículo,N/A,Solo Daños,0,0,0,0,0,0,0,0,0,0,0,0,0,0,0,0,0,0,0,0,0,0
259480,10582496,-74.19,4.604,DG 69 B  S- KR 78 L  02,2022,Octubre,10,lunes,22,31,Bosa,Choque,Vehículo,N/A,Con Heridos,0,0,0,0,0,1,0,0,0,0,0,0,0,0,0,0,0,0,0,0,0,0
259482,10582504,-74.102,4.497,KR 7  E- CL 91  S 02,2022,Octubre,9,domingo,19,30,Usme,Atropello,N/A,N/A,Con Heridos,0,0,0,0,0,1,1,1,0,0,0,0,0,0,0,0,0,0,0,0,0,0
259483,10582568,-74.108,4.659,CL 26  - KR 69 B  02,2022,Octubre,11,martes,7,59,Fontibón,Choque,Vehículo,N/A,Con Heridos,0,0,0,0,0,1,0,1,0,0,0,0,0,0,0,0,0,0,0,0,0,0
259484,10582570,-74.049,4.663,KR 7  E- AC 82   02,2022,Octubre,11,martes,22,15,Chapinero,Choque,Vehículo,N/A,Solo Daños,0,1,1,0,0,1,0,0,0,0,0,0,0,0,0,0,0,0,0,0,0,0
259485,10582710,-74.175,4.636,AV AVENIDA CIUDAD DE VILLAVICENCIO - KR 88 G  02,2022,Octubre,14,viernes,9,20,Kennedy,Choque,Vehículo,N/A,Con Heridos,1,0,0,0,0,1,0,0,0,0,0,0,0,0,0,0,0,0,0,0,0,0
259486,10582731,-74.036,4.701,CL 123  - KR 11 B  02,2022,Octubre,16,domingo,11,30,Usaquén,Choque,Vehículo,N/A,Con Heridos,0,0,0,0,0,1,0,1,0,0,0,0,0,0,0,0,0,0,0,0,0,0
259487,10582736,-74.134,4.54,AV AVENIDA BOYACA - KR 15   02,2022,Octubre,13,jueves,12,36,Ciudad Bolívar,Caida de ocupante,N/A,N/A,Con Heridos,0,0,0,1,1,0,0,1,0,0,1,0,1,0,0,1,0,0,0,0,0,0
259488,10582832,-74.166,4.627,CL 42 A  S- KR 81 F  02,2022,Octubre,18,martes,7,20,Kennedy,Atropello,N/A,N/A,Con Heridos,0,0,0,0,0,1,1,1,0,0,0,0,0,0,0,0,0,0,0,0,0,0
259489,10582834,-74.19,4.606,TV 80 H  - CL 68 BIS S 02,2022,Octubre,18,martes,6,35,Bosa,Atropello,N/A,N/A,Con Heridos,0,0,0,0,0,1,1,0,0,0,0,0,0,0,0,0,0,0,0,0,0,0
259490,10582846,-74.097,4.573,KR 10  - CL 26  S 02,2022,Octubre,18,martes,5,20,Usaquén,Choque,Vehículo,N/A,Solo Daños,0,0,1,0,0,0,0,1,0,1,0,0,0,0,0,0,0,0,0,0,0,1
259539,10582293,-74.07734011893,4.64717542993,CL 57 A  - KR 28   02,2022,Octubre,5,miércoles,12,50,Teusaquillo,Choque,Vehículo,N/A,Solo Daños,0,1,0,0,0,0,0,0,0,0,0,0,0,0,0,0,0,0,0,0,0,0
259540,10582364,-74.109,4.712,CL 82  - KR 100 A  02,2022,Octubre,7,viernes,8,28,Engativá,Choque,Vehículo,N/A,Con Heridos,0,0,0,0,0,1,0,0,0,1,0,0,0,0,0,0,0,0,0,0,0,1
259541,10582412,-74.122,4.695,CL 64 G  - KR 98   02,2022,Octubre,7,viernes,15,38,Engativá,Choque,Vehículo,N/A,Con Heridos,0,0,0,0,0,1,0,0,0,0,0,0,0,0,0,0,0,0,0,0,0,0
259542,10582417,-74.125,4.558,KR 11  E- CL 54  S 02,2022,Octubre,7,viernes,20,45,San Cristóbal,Caida de ocupante,N/A,N/A,Con Heridos,0,0,0,0,0,0,0,0,0,0,1,0,1,0,0,1,0,0,0,0,0,0
259543,10582419,-74.1,4.749,CL 145  - KR 111   02,2022,Octubre,8,sábado,16,20,Suba,Choque,Vehículo,N/A,Con Heridos,1,0,0,0,0,1,0,0,0,0,0,0,0,0,0,0,0,0,0,0,0,0
259719,10582778,-74.084,4.597,CL 6  - KR 13   02,2022,Octubre,17,lunes,18,30,Santa Fe,Atropello,N/A,N/A,Con Heridos,0,0,0,0,1,1,1,0,0,0,0,0,0,0,0,0,0,0,0,0,0,0
259720,10582779,-74.17,4.628,CL 43  S- KR 85 D  02,2022,Octubre,14,viernes,6,8,Kennedy,Caida de ocupante,N/A,N/A,Con Heridos,0,0,0,0,0,0,0,1,0,0,1,0,1,0,0,1,0,0,0,0,0,0
259721,10582783,-74.133,4.644,AV AVENIDA BOYACA - CL 11 F  02,2022,Octubre,15,sábado,12,55,Kennedy,Choque,Vehículo,N/A,Con Heridos,0,1,0,0,0,1,0,0,0,0,0,0,0,0,0,0,0,0,0,0,0,0
259722,10582788,-74.094,4.548,CL 43  S- TV 3 C  E 02,2022,Octubre,15,sábado,19,25,San Cristóbal,Choque,Vehículo,N/A,Con Heridos,0,0,0,0,0,1,0,0,0,0,0,0,0,0,0,0,0,0,0,0,0,0
259723,10582797,-74.155,4.68,KR 113  - CL 16   02,2022,Octubre,15,sábado,15,30,Fontibón,Choque,Vehículo,N/A,Con Heridos,1,0,0,0,0,0,0,0,0,0,0,0,0,0,0,0,0,0,0,0,0,0
259724,10582799,-74.102840789,4.58627748599997,KR 24  - CL 18  S 02,2022,Octubre,16,domingo,22,15,Antonio Nariño,Choque,Vehículo,N/A,Con Heridos,0,0,0,0,0,1,0,0,0,0,0,0,0,0,0,0,0,0,0,0,0,0
259746,10582934,-74.122,4.744,CL 132 D  - KR 151 A  02,2022,Octubre,20,jueves,11,1,Suba,Choque,Objeto Fijo,Vehiculo Estacionado,Con Heridos,0,0,0,0,1,1,0,0,0,0,0,0,0,0,0,0,0,0,0,0,0,0
259747,10582936,-74.089,4.741,CL 145  - KR 96   02,2022,Octubre,20,jueves,22,30,Suba,Choque,Vehículo,N/A,Solo Daños,0,0,0,0,0,0,0,0,0,0,0,0,0,0,0,0,0,0,0,0,0,0
259748,10582939,-74.131,4.711,CL 70 C  - KR 113   02,2022,Octubre,19,miércoles,21,10,Engativá,Choque,Vehículo,N/A,Con Heridos,1,0,0,0,0,0,0,0,0,0,0,0,0,0,0,0,0,0,0,0,0,0
259749,10582940,-74.188,4.607,TV 80 B  - CL 65 I  02,2022,Octubre,19,miércoles,12,30,Usaquén,Choque,Vehículo,N/A,Con Heridos,0,0,0,0,1,0,0,1,0,0,1,0,1,0,0,1,0,0,0,0,0,0
259750,10582966,-74.09,4.552,TV 6 B  E- DG 38   02,2022,Octubre,21,viernes,8,15,San Cristóbal,Choque,Vehículo,N/A,Con Heridos,0,0,0,0,0,1,0,1,0,0,0,0,0,0,0,0,0,0,0,0,0,0
259751,10582967,-74.085,4.578,KR 5  - CL 10  S 02,2022,Octubre,20,jueves,17,49,San Cristóbal,Choque,Vehículo,N/A,Con Heridos,0,0,0,0,0,1,0,0,0,1,0,0,0,0,0,0,0,0,0,0,0,1
259752,10582982,-74.067479648,4.632626673,AV AVENIDA CARACAS - CL 45   02,2022,Octubre,21,viernes,8,30,Puente Aranda,Choque,Vehículo,N/A,Con Heridos,0,0,0,0,0,1,0,0,0,0,0,0,0,0,0,0,0,0,0,0,0,0
259753,10583011,-74.126,4.697,KR 105  - CL 64 B  02,2022,Octubre,21,viernes,13,0,Engativá,Choque,Vehículo,N/A,Solo Daños,0,1,0,0,0,0,0,0,0,1,0,0,0,0,0,0,0,0,0,0,0,1
259754,10582992,-74.067,4.663,CL 72  - KR 24   02,2022,Octubre,22,sábado,6,38,Barrios Unidos,Choque,Vehículo,N/A,Con Heridos,0,0,0,0,0,1,0,0,0,0,0,0,0,0,0,0,0,0,0,0,0,0
259755,10583020,-74.138,4.63,KR 72  - CL 6   02,2022,Octubre,20,jueves,11,45,Kennedy,Choque,Objeto Fijo,Otro,Con Heridos,0,1,0,1,0,0,0,0,0,0,0,0,0,0,0,0,0,0,0,0,0,0
259756,10583042,-74.112,4.676,CL 52 a  - KR 77 B  02,2022,Octubre,21,viernes,14,33,Engativá,Atropello,N/A,N/A,Con Heridos,0,0,0,0,1,1,1,0,0,0,0,0,0,0,0,0,0,0,0,0,0,0
259757,10583046,-74.114,4.702,AC 72  - KR 97   02,2022,Octubre,22,sábado,2,50,Engativá,Atropello,N/A,N/A,Con Heridos,0,0,0,0,0,0,1,0,0,0,0,0,0,0,0,0,0,0,0,0,0,0
259758,10583047,-74.114,4.638,CL 17  - KR 65 B  02,2022,Octubre,22,sábado,7,0,Puente Aranda,Choque,Vehículo,N/A,Con Heridos,0,0,0,0,0,1,0,0,0,0,0,0,0,0,0,0,0,0,0,0,0,0
259759,10583049,-74.061,4.639,CL 53  - TV 3 C  02,2022,Octubre,23,domingo,13,0,Chapinero,Choque,Vehículo,N/A,Con Heridos,0,0,0,0,0,1,0,0,0,0,0,0,0,0,0,0,0,0,0,0,0,0
259786,10581829,-74.143234761,4.602508758,AV AVENIDA BOYACA - CL 40  S 02,2022,Octubre,1,sábado,23,0,Kennedy,Choque,Objeto Fijo,Valla-Señal,Con Muertos,0,0,0,0,0,1,0,0,0,0,0,0,0,0,0,0,0,0,0,0,0,0
259789,10582391,-74.064005057,4.64596610699999,KR 13  - CL 59   02,2022,Octubre,9,domingo,1,49,Chapinero,Choque,Vehículo,N/A,Con Heridos,0,0,0,0,0,1,0,0,0,0,0,0,0,0,0,0,0,0,0,0,0,0
259984,10582451,-74.106440146,4.694589468,KR 86  - CL 71 A  02,2022,Octubre,6,jueves,8,0,Engativá,Choque,Vehículo,N/A,Con Heridos,0,1,0,0,0,1,0,1,0,0,0,0,0,0,0,0,0,0,0,0,0,0
259985,10582453,-74.068,4.645,CL 57  - KR 16   02,2022,Octubre,9,domingo,20,20,Teusaquillo,Choque,Vehículo,N/A,Solo Daños,0,0,0,0,0,1,0,0,0,0,0,0,0,0,0,0,0,0,0,0,0,0
259986,10582460,-74.158,4.613,KR 78 F  - CL 42   02,2022,Octubre,9,domingo,7,0,Kennedy,Choque,Vehículo,N/A,Solo Daños,0,0,0,0,0,0,0,1,0,0,0,0,0,0,0,0,0,0,0,0,0,0
259987,10582465,-74.165,4.633,KR 86  - CL 40 B  S 02,2022,Octubre,9,domingo,20,0,Kennedy,Choque,Vehículo,N/A,Solo Daños,0,0,1,0,0,0,0,0,0,1,0,0,0,0,0,0,0,0,0,0,0,1
259988,10582473,-74.119,4.647,CL 19  - KR 69 B  02,2022,Octubre,9,domingo,19,25,Fontibón,Choque,Objeto Fijo,Poste,Solo Daños,0,0,0,0,0,0,0,0,0,0,1,0,1,0,0,1,0,0,0,0,0,0
259989,10582476,-74.045,4.693,CL 109  - KR 15   02,2022,Octubre,8,sábado,2,0,Usaquén,Choque,Vehículo,N/A,Solo Daños,0,0,0,0,0,0,0,0,0,1,0,0,0,0,0,0,0,0,0,0,0,1
259990,10582480,-74.122,4.681,AC 26  - KR 95 A  02,2022,Octubre,7,viernes,23,46,Fontibón,Choque,Vehículo,N/A,Solo Daños,0,1,0,0,0,0,0,0,0,0,0,0,0,0,0,0,0,0,0,0,0,0
259991,10582481,-74.098,4.748,CL 145  - KR 107   02,2022,Octubre,10,lunes,8,30,Suba,Caida de ocupante,N/A,N/A,Con Heridos,0,0,0,0,0,0,0,1,0,0,1,0,1,0,1,0,0,0,0,0,0,0
259992,10582483,-74.095,4.594,CL 1  - KR 21   02,2022,Octubre,10,lunes,23,0,Puente Aranda,Choque,Vehículo,N/A,Con Heridos,0,0,0,0,0,1,0,0,0,0,0,0,0,0,0,0,0,0,0,0,0,0
259993,10582484,-74.094,4.64,KR 50  - CL 26   02,2022,Octubre,7,viernes,16,30,Teusaquillo,Choque,Vehículo,N/A,Solo Daños,0,0,0,0,0,0,0,0,0,0,1,0,1,0,0,1,0,0,0,0,0,0
259994,10582489,-74.143,4.567,AV AVENIDA CIUDAD DE VILLAVICENCIO - KR 22   02,2022,Octubre,10,lunes,21,15,Ciudad Bolívar,Caida de ocupante,N/A,N/A,Con Heridos,0,0,0,0,0,0,0,0,0,0,1,0,1,0,0,1,0,0,0,0,0,0
259995,10582493,-74.1070690531,4.59855346012,KR 30 A  - CL 8  S 02,2022,Octubre,9,domingo,16,35,Antonio Nariño,Choque,Vehículo,N/A,Con Heridos,0,0,0,0,0,1,0,0,0,0,0,0,0,0,0,0,0,0,0,0,0,0
259996,10582494,-74.193,4.641,CL 55  S- KR 100   02,2022,Octubre,10,lunes,10,17,Bosa,Choque,Vehículo,N/A,Con Muertos,1,0,0,0,0,0,0,1,0,1,0,0,0,0,0,0,0,0,0,0,0,1
260040,10582800,-74.125,4.698,CL 64 F  - KR 105   02,2022,Octubre,14,viernes,22,0,Engativá,Choque,Vehículo,N/A,Con Heridos,0,0,0,0,0,1,0,0,0,0,0,0,0,0,0,0,0,0,0,0,0,0
260041,10582801,-74.073,4.668,KR 30  - CL 72   02,2022,Octubre,15,sábado,16,30,Barrios Unidos,Choque,Vehículo,N/A,Con Heridos,0,0,0,0,0,1,0,1,0,0,0,0,0,0,0,0,0,0,0,0,0,0
260042,10582803,-74.083,4.596,CL 6  - KR 12   02,2022,Octubre,16,domingo,7,15,Santa Fe,Atropello,N/A,N/A,Con Heridos,0,0,0,0,0,1,1,1,0,0,0,0,0,0,0,0,0,0,0,0,0,0
260043,10582806,-74.182,4.633,CL 51  S- KR 89 A  02,2022,Octubre,17,lunes,10,13,Bosa,Choque,Vehículo,N/A,Con Muertos,0,0,0,0,0,0,0,0,0,1,0,0,0,0,0,0,0,0,0,0,0,1
260044,10582849,-74.104,4.675,AV AVENIDA BOYACA - CL 63   02,2022,Octubre,18,martes,9,0,Engativá,Choque,Vehículo,N/A,Con Heridos,1,0,0,0,0,0,0,0,0,0,0,0,0,0,0,0,0,0,0,0,0,0
260045,10582855,-74.075,4.635,KR 24  - CL 45 B  02,2022,Octubre,18,martes,23,20,Teusaquillo,Choque,Vehículo,N/A,Con Heridos,0,0,0,0,0,1,0,0,0,0,0,0,0,0,0,0,0,0,0,0,0,0
260046,10582856,-74.065,4.681,CL 92  - KR 57   02,2022,Octubre,18,martes,9,50,Barrios Unidos,Choque,Vehículo,N/A,Con Muertos,1,1,0,0,0,0,0,0,0,0,0,0,0,0,0,0,0,0,0,0,0,0
260047,10582858,-74.190455715,4.59929394599999,CL 69 B  S- KR 77 J  02,2022,Octubre,17,lunes,13,40,Bosa,Atropello,N/A,N/A,Con Heridos,0,0,0,0,0,0,1,1,0,0,0,0,0,0,0,0,0,0,0,0,0,0
260048,10582859,-74.109324244,4.60068932600001,CL 8  S- KR 32 D  02,2022,Octubre,17,lunes,18,26,Puente Aranda,Choque,Vehículo,N/A,Con Heridos,1,0,0,0,0,0,0,1,0,0,0,0,0,0,0,0,0,0,0,0,0,0
260049,10582861,-74.071,4.613,CL 26  - KR 13   02,2022,Octubre,18,martes,8,0,Santa Fe,Choque,Vehículo,N/A,Con Heridos,0,0,0,0,0,1,0,0,0,0,0,0,0,0,0,0,0,0,0,0,0,0
260050,10582865,-74.112,4.71,CL 80  - KR 98   02,2022,Octubre,17,lunes,10,0,Engativá,Atropello,N/A,N/A,Con Heridos,0,0,0,0,0,0,1,1,0,0,1,0,1,0,1,0,0,0,0,0,0,0
260051,10582866,-74.112,4.745,CL 137  - KR 129   02,2022,Octubre,19,miércoles,6,30,Suba,Atropello,N/A,N/A,Con Heridos,0,0,0,0,1,1,1,0,0,0,0,0,0,0,0,0,0,0,0,0,0,0
260052,10582868,-74.08,4.737,CL 146  - KR 84 A  02,2022,Octubre,19,miércoles,8,41,Suba,Choque,Vehículo,N/A,Con Heridos,0,0,0,0,0,0,0,0,0,1,1,0,0,0,0,0,0,0,0,0,0,1
260053,10582869,-74.199,4.619,KR 87 A BIS B - CL 73 B  S 02,2022,Octubre,16,domingo,14,30,Bosa,Atropello,N/A,N/A,Con Heridos,0,0,0,0,1,1,1,0,0,0,0,0,0,0,0,0,0,0,0,0,0,0
260054,10582871,-74.129,4.571,CL 48 C  S- KR 20   02,2022,Octubre,18,martes,10,20,Tunjuelito,Caida de ocupante,N/A,N/A,Con Heridos,0,0,0,0,0,0,0,1,0,0,1,0,1,0,0,1,0,0,0,0,0,0
260055,10582874,-74.099254886,4.566631675,CL 31  S- KR 7 A  02,2022,Octubre,18,martes,11,55,San Cristóbal,Choque,Vehículo,N/A,Con Heridos,0,0,0,0,0,1,0,0,0,0,0,0,0,0,0,0,0,0,0,0,0,0
260056,10582875,-74.139,4.606,KR 68 F  - CL 38  S 02,2022,Octubre,18,martes,13,13,Kennedy,Choque,Vehículo,N/A,Con Heridos,1,0,0,0,0,1,0,0,0,0,0,0,0,0,0,0,0,0,0,0,0,0
260057,10582880,-74.100805383,4.71304426799998,TV 94 L  - CL 87 A  02,2022,Octubre,18,martes,11,29,Engativá,Choque,Vehículo,N/A,Con Heridos,0,0,0,0,0,1,0,0,0,0,1,0,1,0,0,1,0,0,0,0,0,0
260058,10582881,-74.157799819,4.63631919199997,KR 82  - CL 5 B  S 02,2022,Octubre,19,miércoles,8,37,Kennedy,Atropello,N/A,N/A,Con Heridos,0,0,0,0,0,1,1,1,0,0,0,0,0,0,0,0,0,0,0,0,0,0
260059,10582883,-74.136,4.649,CL 12  - KR 79 A  02,2022,Octubre,19,miércoles,1,0,Kennedy,Choque,Vehículo,N/A,Con Heridos,1,0,0,0,0,0,0,0,0,0,0,0,0,0,0,0,0,0,0,0,0,0
260060,10582887,-74.123291912,4.61813847899998,DG 2  - KR 58   02,2022,Octubre,19,miércoles,17,51,Puente Aranda,Choque,Vehículo,N/A,Con Heridos,1,0,0,0,0,0,0,0,0,1,0,0,0,0,0,0,0,0,0,0,0,1
260061,10582889,-74.057,4.68,KR 30  - CL 93   02,2022,Octubre,18,martes,12,40,Chapinero,Choque,Vehículo,N/A,Con Heridos,0,0,0,0,0,1,0,0,0,0,0,0,0,0,0,0,0,0,0,0,0,0
260102,10582401,-74.086,4.616,CL 19  - KR 27   02,2022,Octubre,7,viernes,16,10,Los Mártires,Atropello,N/A,N/A,Con Heridos,0,0,0,0,1,1,1,0,0,0,0,0,0,0,0,0,0,0,0,0,0,0
260103,10582407,-74.131,4.666,CL 22  - KR 86   02,2022,Octubre,9,domingo,9,20,Fontibón,Choque,Vehículo,N/A,Con Heridos,0,0,0,0,0,1,0,0,0,0,0,0,0,0,0,0,0,0,0,0,0,0
260104,10582581,-74.137,4.661,CL 17  - KR 87   02,2022,Octubre,10,lunes,14,50,Fontibón,Choque,Vehículo,N/A,Solo Daños,0,0,0,0,0,0,0,0,0,1,0,0,0,0,0,0,0,0,0,0,0,1
260105,10582591,-74.094,4.556,KR 4  E- AC 37  S 02,2022,Octubre,12,miércoles,19,20,San Cristóbal,Atropello,N/A,N/A,Con Heridos,0,0,0,0,1,1,1,0,0,0,0,0,0,0,0,0,0,0,0,0,0,0
260106,10582592,-74.098,4.606,KR 30  - CL 6   02,2022,Octubre,11,martes,17,10,Puente Aranda,Choque,Vehículo,N/A,Con Heridos,0,0,0,0,0,1,0,0,0,0,0,0,0,0,0,0,0,0,0,0,0,0
260107,10582593,-74.138,4.63,CL 6  - KR 72   02,2022,Octubre,12,miércoles,2,0,Kennedy,Choque,Vehículo,N/A,Con Heridos,0,0,0,0,1,0,0,0,0,1,0,0,0,0,0,0,0,0,0,0,0,1
260108,10582618,-74.196,4.609,CL 72  S- KR 80 M  02,2022,Octubre,13,jueves,9,32,Bosa,Choque,Vehículo,N/A,Con Heridos,0,1,0,0,0,1,0,0,0,0,0,0,0,0,0,0,0,0,0,0,0,0
260109,10582619,-74.1,4.564,KR 7  E- CL 34   02,2022,Octubre,7,viernes,13,30,Santa Fe,Choque,Vehículo,N/A,Solo Daños,0,0,0,0,0,0,0,0,0,0,0,0,0,0,0,0,0,0,0,0,0,0
260110,10582620,-74.099875439,4.54992387300001,KR 1 A  - CL 42  S 02,2022,Octubre,12,miércoles,16,19,San Cristóbal,Atropello,N/A,N/A,Con Heridos,0,0,0,0,0,0,1,0,0,0,0,0,0,0,0,0,0,0,0,0,0,0
260111,10582630,-74.193,4.632,CL 59  S- KR 92 A  02,2022,Octubre,13,jueves,10,15,Bosa,Choque,Vehículo,N/A,Con Heridos,0,0,0,0,1,1,0,0,0,0,0,0,0,0,0,0,0,0,0,0,0,0
260112,10582631,-74.06,4.687,CL 100  - KR 47 A  02,2022,Octubre,12,miércoles,19,40,Barrios Unidos,Atropello,N/A,N/A,Con Heridos,0,0,0,0,0,1,1,0,0,0,0,0,0,0,0,0,0,0,0,0,0,0
260113,10582634,-74.146,4.631,AV AVENIDA DE LAS AMERICAS - KR 78 B  02,2022,Octubre,13,jueves,17,50,Kennedy,Atropello,N/A,N/A,Con Heridos,0,0,0,0,0,1,1,1,0,0,0,0,0,0,0,0,0,0,0,0,0,0
260114,10583118,-74.1916052598,4.6259981491,CL 59 C  S- KR 88 C  02,2022,Octubre,23,domingo,11,28,Bosa,Choque,Vehículo,N/A,Con Heridos,0,0,0,0,1,0,0,0,0,1,0,0,0,0,0,0,0,0,0,0,0,1
260115,10583133,-74.1118288199,4.6664280472,CL 26  - KR 72   02,2022,Octubre,25,martes,9,45,Fontibón,Choque,Vehículo,N/A,Con Heridos,0,0,0,0,0,0,0,1,0,1,0,0,0,0,0,0,0,0,0,0,0,1
260116,10583351,-74.13943094198,4.61852842136,CL 26  S- KR 72 B  02,2022,Octubre,29,sábado,18,30,Kennedy,Choque,Vehículo,N/A,Con Heridos,0,0,0,0,0,1,0,0,0,0,0,0,0,0,0,0,0,0,0,0,0,0
260117,10583353,-74.14320377295,4.60105859523,CL 43 A  S- KR 68 I  02,2022,Octubre,29,sábado,9,0,Kennedy,Choque,Vehículo,N/A,Con Heridos,0,0,0,0,0,1,0,0,0,0,1,0,1,0,0,1,0,0,0,0,0,0
260118,10583361,-74.10122451966,4.74758414408,CL 142 B  - KR 111 A  02,2022,Octubre,28,viernes,17,0,Suba,Atropello,N/A,N/A,Con Heridos,0,0,0,0,0,1,1,1,0,0,0,0,0,0,0,0,0,0,0,0,0,0
260119,10583364,-74.15904241956,4.55255042881,KR 27 A  - CL 71 C  02,2022,Octubre,26,miércoles,11,0,Ciudad Bolívar,Choque,Vehículo,N/A,Con Heridos,1,0,0,0,1,0,0,0,0,0,0,0,0,0,0,0,0,0,0,0,0,0
260120,10583366,-74.145360269,4.5621625075,KR 19 G  - CL 64  S 02,2022,Octubre,28,viernes,0,30,Ciudad Bolívar,Choque,Vehículo,N/A,Con Heridos,0,0,0,0,0,1,0,0,0,0,0,0,0,0,0,0,0,0,0,0,0,0
260121,10583374,-74.1533961672,4.64333175116,KR 86  - AC 6 D  02,2022,Octubre,30,domingo,6,52,Kennedy,Choque,Vehículo,N/A,Con Heridos,0,0,0,0,1,1,0,0,0,0,0,0,0,0,0,0,0,0,0,0,0,0
260122,10583381,-74.0787449259,4.64260458439,KR 30  - CL 53   02,2022,Octubre,31,lunes,6,51,Teusaquillo,Choque,Vehículo,N/A,Con Heridos,0,1,0,0,0,1,0,0,0,0,0,0,0,0,0,0,0,0,0,0,0,0
260192,10583541,-74.13957002534,4.65594210117,AV AVENIDA CIUDAD DE CALI - CL 14   02,2022,Octubre,31,lunes,21,0,Kennedy,Choque,Vehículo,N/A,Con Heridos,1,0,0,0,0,1,0,0,0,0,0,0,0,0,0,0,0,0,0,0,0,0
260257,10582278,-74.1098612519,4.7034799317,KR 94  - CL 75   3,2022,Octubre,4,martes,11,0,Engativá,Volcamiento,N/A,N/A,Con Heridos,0,0,0,0,0,0,1,1,0,0,0,0,0,0,0,0,0,0,0,0,0,0
260258,10582284,-74.04001663939,4.79170628401,AU NORTE - CL 215   02,2022,Octubre,6,jueves,21,25,Usaquén,Atropello,N/A,N/A,Con Muertos,0,0,0,0,0,0,1,0,0,0,1,0,0,0,0,0,0,0,0,0,0,0
260259,10582288,-74.118802177,4.49148834099998,KR 14  - CL 112  S 02,2022,Octubre,3,lunes,22,0,Usme,Choque,Vehículo,N/A,Con Heridos,0,0,0,0,0,1,0,0,0,1,0,0,0,0,0,0,0,0,0,0,0,1
260260,10582724,-74.076,4.658,CL 64  - KR 28 A  02,2022,Octubre,15,sábado,19,50,Barrios Unidos,Volcamiento,N/A,N/A,Con Heridos,0,0,0,1,0,1,0,0,0,0,0,0,0,0,0,0,0,0,0,0,0,0
260261,10582727,-74.081,4.686,CL 80  - KR 68 H  02,2022,Octubre,16,domingo,7,52,Engativá,Choque,Vehículo,N/A,Solo Daños,0,0,0,0,0,0,0,0,0,0,0,0,0,0,0,0,0,0,0,0,0,0
260262,10582728,-74.149,4.667,CL 13  - KR 97   02,2022,Octubre,14,viernes,18,20,Fontibón,Choque,Vehículo,N/A,Con Heridos,1,1,0,0,0,0,0,0,0,0,0,0,0,0,0,0,0,0,0,0,0,0
260263,10582729,-74.104,4.668,KR 70  - CL 53   02,2022,Octubre,17,lunes,1,40,Engativá,Choque,Vehículo,N/A,Solo Daños,0,0,1,0,0,0,0,0,0,0,0,0,0,0,0,0,0,0,0,0,0,0
260264,10582732,-74.17073628,4.63918874199999,CL 41  S- KR 89 D  02,2022,Octubre,17,lunes,20,17,Kennedy,Choque,Vehículo,N/A,Solo Daños,0,0,0,0,0,1,0,0,0,0,1,0,0,0,0,0,0,0,0,0,0,0
260308,10582497,-74.116,4.64,KR 68  - CL 17   02,2022,Octubre,8,sábado,16,28,Puente Aranda,Choque,Vehículo,N/A,Solo Daños,0,0,0,0,0,0,0,0,0,0,1,0,1,0,0,1,0,0,0,0,0,0
260309,10582506,-74.065,4.671,KR 28  - CL 80   02,2022,Octubre,10,lunes,11,40,Barrios Unidos,Choque,Vehículo,N/A,Con Heridos,0,0,0,0,0,0,0,1,0,0,1,0,1,1,0,0,0,0,1,0,0,0
260310,10582533,-74.084674145,4.58182386499999,KR 7  - CL 7  S 02,2022,Octubre,11,martes,6,0,San Cristóbal,Choque,Vehículo,N/A,Con Heridos,0,0,0,0,0,1,0,0,0,1,0,0,0,0,0,0,0,0,0,0,0,1
260311,10582536,-74.142019577,4.60631364699998,AV AVENIDA BOYACA - CL 39 B  S 02,2022,Octubre,11,martes,22,15,Kennedy,Choque,Vehículo,N/A,Con Heridos,0,0,0,0,0,0,0,0,0,1,0,0,0,0,0,0,0,0,0,0,0,1
260312,10582538,-74.119,4.59,KR 30  - CL 35  S 02,2022,Octubre,10,lunes,21,30,Antonio Nariño,Choque,Vehículo,N/A,Con Heridos,0,0,0,0,0,1,0,0,0,1,0,0,0,0,0,0,0,0,0,0,0,1
260313,10582544,-74.149,4.611,CL 40  S- KR 72 M  02,2022,Octubre,10,lunes,17,30,Kennedy,Choque,Vehículo,N/A,Con Heridos,1,0,0,0,0,0,0,0,0,0,0,0,0,0,0,0,0,0,0,0,0,0
260314,10582549,-74.07054669,4.726408558,AV AVENIDA BOYACA - CL 134   02,2022,Octubre,9,domingo,8,30,Suba,Choque,N/A,N/A,Con Heridos,0,0,0,0,0,1,0,0,0,0,0,0,0,0,0,0,0,0,0,0,0,0
260315,10582552,-74.194,4.607,CL 71  S- KR 80 J  02,2022,Octubre,10,lunes,15,0,Bosa,Choque,Vehículo,N/A,Con Heridos,1,0,0,0,0,0,0,0,0,0,0,0,0,0,0,0,0,0,0,0,0,0
260316,10582561,-74.137459112,4.681669511,KR 103  - CL 23 G  02,2022,Octubre,10,lunes,17,0,Fontibón,Choque,Vehículo,N/A,Con Heridos,1,0,0,0,0,0,0,0,0,0,1,0,1,0,0,1,0,0,0,0,0,0
260317,10582562,-74.093,4.691,AK 68  - CL 75 A  02,2022,Octubre,10,lunes,13,30,Barrios Unidos,Choque,Vehículo,N/A,Con Heridos,0,0,0,0,0,1,0,0,0,1,0,0,0,0,0,0,0,0,0,0,0,1
260372,10582892,-74.06,4.66,KR 14  - CL 73   02,2022,Octubre,18,martes,21,38,Chapinero,Choque,Vehículo,N/A,Con Heridos,0,0,0,0,0,1,0,0,0,0,0,0,0,0,0,0,0,0,0,0,0,0
260373,10582893,-74.098,4.589,KR 19  - CL 11  S 02,2022,Octubre,18,martes,6,1,Antonio Nariño,Choque,Vehículo,N/A,Con Heridos,0,0,0,0,0,1,0,0,0,0,0,0,0,0,0,0,0,0,0,0,0,0
260374,10582894,-74.12,4.534,AV AVENIDA CARACAS - CL 65  S 02,2022,Octubre,18,martes,5,0,Usme,Choque,Objeto Fijo,Muro,Con Heridos,0,0,0,0,0,1,0,0,0,0,1,0,1,1,0,0,0,1,0,0,0,0
260375,10582895,-74.113,4.618,KR 50  - CL 4 C  02,2022,Octubre,18,martes,18,50,Puente Aranda,Choque,Vehículo,N/A,Con Heridos,0,0,0,0,0,1,0,0,0,0,0,0,0,0,0,0,0,0,0,0,0,0
260376,10582896,-74.087,4.591,CL 1  - KR 12 A  02,2022,Octubre,18,martes,18,35,Santa Fe,Choque,Vehículo,N/A,Con Heridos,0,0,0,0,0,1,0,1,0,1,0,0,0,0,0,0,0,0,0,0,0,1
260377,10582897,-74.075,4.665,KR 30  - CL 70   02,2022,Octubre,18,martes,11,0,Barrios Unidos,Caida de ocupante,N/A,N/A,Con Heridos,0,0,0,0,0,0,0,1,0,0,1,0,1,1,0,0,0,0,1,0,0,0
260378,10582899,-74.106,4.579,AV AVENIDA CARACAS - CL 26 B  S 02,2022,Octubre,18,martes,16,30,Rafael Uribe Uribe,Choque,Vehículo,N/A,Solo Daños,0,0,0,0,0,0,0,0,0,1,0,0,0,0,0,0,0,0,0,0,0,1
260379,10582900,-74.107,4.558,TV 4  E- CL 48 F  S 02,2022,Octubre,18,martes,15,28,San Cristóbal,Choque,Vehículo,N/A,Con Heridos,0,0,0,0,1,0,1,0,0,0,0,0,0,0,0,0,0,0,0,0,0,0
260380,10582902,-74.063,4.637,KR 7  - CL 51   02,2022,Octubre,19,miércoles,16,16,Chapinero,Choque,Vehículo,N/A,Solo Daños,0,0,0,0,0,0,0,0,0,0,0,0,0,0,0,0,0,0,0,0,0,0
260381,10582903,-74.056,4.623,KR 3  E- CL 91   02,2022,Octubre,17,lunes,0,0,Chapinero,Volcamiento,N/A,N/A,Con Heridos,1,0,0,0,0,0,0,1,0,0,0,0,0,0,0,0,0,0,0,0,0,0
260382,10582905,-74.124,4.618,TV 60  - DG 1  S 02,2022,Octubre,19,miércoles,19,4,Puente Aranda,Choque,Vehículo,N/A,Solo Daños,1,0,0,0,0,0,0,1,0,0,0,0,0,0,0,0,0,0,0,0,0,0
260383,10582906,-74.112,4.672,CL 51 A  - KR 74   02,2022,Octubre,18,martes,6,10,Engativá,Choque,Vehículo,N/A,Solo Daños,0,0,0,0,0,0,0,0,0,0,0,0,0,0,0,0,0,0,0,0,0,0
260384,10582922,-74.146,4.57,CL 60 A  - KR 23  S 02,2022,Octubre,19,miércoles,14,59,Ciudad Bolívar,Choque,Vehículo,N/A,Con Heridos,0,0,0,0,0,1,0,0,0,0,0,0,0,0,0,0,0,0,0,0,0,0
260385,10582923,-74.079,4.652,CL 63  - KR 35   02,2022,Octubre,20,jueves,23,0,Barrios Unidos,Choque,Vehículo,N/A,Con Muertos,1,0,0,0,0,1,0,0,0,0,0,0,0,0,0,0,0,0,0,0,0,0
260386,10582924,-74.108,4.509,CL 81  S- KR 5 A  02,2022,Octubre,21,viernes,0,18,Usme,Choque,Objeto Fijo,Vehiculo Estacionado,Solo Daños,0,1,1,0,0,0,0,0,0,0,0,0,0,0,0,0,0,0,0,0,0,0
260387,10582937,-74.175,4.641,KR 92 B  - CL 42 F  S 02,2022,Octubre,20,jueves,7,0,Kennedy,Atropello,N/A,N/A,Con Heridos,0,0,0,0,1,1,1,0,0,0,0,0,0,0,0,0,0,0,0,0,0,0
260388,10582956,-74.097,4.643,CL 26  - KR 55   02,2022,Octubre,19,miércoles,20,5,Teusaquillo,Otro,N/A,N/A,Con Heridos,0,0,0,0,1,0,0,0,0,0,1,0,1,1,0,0,0,0,1,0,0,0
260389,10582968,-74.183,4.63,KR 88 C  - CL 53 A  S 02,2022,Octubre,21,viernes,7,50,Bosa,Atropello,N/A,N/A,Con Heridos,0,0,0,0,0,0,1,1,0,0,0,0,0,0,0,0,0,0,0,0,0,0
260390,10582973,-74.068,4.647,KR 17  - CL 59   02,2022,Octubre,21,viernes,10,10,Teusaquillo,Choque,Vehículo,N/A,Con Heridos,0,0,0,0,0,1,0,1,0,0,0,0,0,0,0,0,0,0,0,0,0,0
260391,10582980,-74.093,4.597,CL 2  - KR 19 B  02,2022,Octubre,21,viernes,9,59,Los Mártires,Choque,Vehículo,N/A,Con Heridos,0,0,0,0,0,1,0,0,0,0,0,0,0,0,0,0,0,0,0,0,0,0
260392,10582987,-74.185,4.624,KR 87 B BIS - CL 56 B  S 02,2022,Octubre,21,viernes,16,0,Bosa,Choque,Vehículo,N/A,Con Heridos,0,0,0,0,0,1,0,0,0,1,0,0,0,0,0,0,0,0,0,0,0,1
260393,10582999,-74.065,4.659,CL 70 A  - KR 19   02,2022,Octubre,22,sábado,13,30,Barrios Unidos,Choque,Vehículo,N/A,Con Heridos,0,0,0,0,0,1,0,0,0,0,0,0,0,0,0,0,0,0,0,0,0,0
260394,10583002,-74.1171490653,4.6287049521,AV AVENIDA DE LAS AMERICAS - KR 62   02,2022,Octubre,22,sábado,1,30,Puente Aranda,Choque,Vehículo,N/A,Con Heridos,1,0,0,0,1,0,0,0,0,0,0,0,0,0,0,0,0,0,0,0,0,0
260430,10582422,-74.135,4.614,AV AVENIDA PRIMERO DE MAYO - KR 69 B  02,2022,Octubre,9,domingo,23,50,Kennedy,Choque,Vehículo,N/A,Con Heridos,0,0,0,0,1,1,0,0,0,0,0,0,0,0,0,0,0,0,0,0,0,0
260431,10582423,-74.062,4.699,CL 52  - KR 114   02,2022,Octubre,7,viernes,11,13,Suba,Caida de ocupante,N/A,N/A,Con Heridos,0,0,0,0,0,0,0,1,0,0,1,0,1,0,1,0,0,0,0,0,0,0
260432,10582430,-74.11,4.59,AV AVENIDA PRIMERO DE MAYO - KR 28   02,2022,Octubre,9,domingo,9,30,Antonio Nariño,Atropello,N/A,N/A,Con Heridos,0,0,0,0,0,1,1,0,0,0,0,0,0,0,0,0,0,0,0,0,0,0
260433,10582435,-74.137,4.58,KR 28  - CL 52 F  S 02,2022,Octubre,7,viernes,8,0,Tunjuelito,Choque,Vehículo,N/A,Con Heridos,0,0,0,0,0,0,0,0,0,1,1,0,0,0,0,0,0,0,0,0,1,1
260434,10582436,-74.098,4.572,KR 10  - CL 25  S 02,2022,Octubre,8,sábado,3,10,San Cristóbal,Atropello,N/A,N/A,Con Heridos,0,0,0,0,0,0,1,0,0,0,0,0,0,0,0,0,0,0,0,0,0,0
260435,10582579,-74.057,4.683,KR 45  - CL 95   02,2022,Octubre,11,martes,12,35,Chapinero,Choque,Vehículo,N/A,Solo Daños,0,1,0,0,0,0,0,0,0,0,0,0,0,0,0,0,0,0,0,0,0,0
260436,10582782,-74.082,4.575,CL 11  S- KR 1 BIS E 02,2022,Octubre,15,sábado,10,0,San Cristóbal,Choque,Vehículo,N/A,Con Heridos,0,0,0,0,0,1,0,0,0,1,0,0,0,0,0,0,0,0,0,0,0,1
260437,10583382,-74.19052062218,4.61821733041,KR 86  - CL 65  S 02,2022,Octubre,31,lunes,3,55,Bosa,Choque,Objeto Fijo,Valla-Señal,Con Heridos,0,0,0,0,0,0,0,0,0,0,0,0,0,0,0,0,0,0,0,0,0,0
260438,10583396,-74.06936792319,4.68985816702,CL 100  - KR 65   02,2022,Octubre,31,lunes,9,0,Suba,Choque,Vehículo,N/A,Con Heridos,1,0,0,0,0,0,0,0,0,1,0,0,0,0,0,0,0,0,0,0,0,1
260439,10583409,-74.11776033823,4.6758182292,CL 26  - TV 85   02,2022,Octubre,30,domingo,3,0,Fontibón,Choque,Vehículo,N/A,Con Heridos,0,0,0,0,0,0,0,0,0,1,0,0,0,0,0,0,0,0,0,0,0,1
260440,10583411,-74.04281405394,4.74632515694,CL 166  - KR 19 B  02,2022,Octubre,31,lunes,21,14,Usaquén,Choque,Vehículo,N/A,Con Heridos,0,0,0,0,0,1,0,0,0,0,0,0,0,0,0,0,0,0,0,0,0,0
260441,10583412,-74.20859602873,4.61343442143,CL 84 C BIS S- KR 80 M  02,2022,Octubre,31,lunes,19,0,Bosa,Atropello,N/A,N/A,Con Heridos,0,0,0,0,1,1,1,0,0,0,0,0,0,0,0,0,0,0,0,0,0,0
260442,10583425,-74.076833576,4.71525057399998,CL 128  - KR 72   02,2022,Octubre,18,martes,21,30,Suba,Choque,Vehículo,N/A,Solo Daños,0,0,0,0,0,0,0,0,0,0,0,0,0,0,0,0,0,0,0,0,0,0
260443,10583427,-74.03826502745,4.69077241062,KR 9  - CL 110   02,2022,Octubre,31,lunes,9,30,Usaquén,Choque,Vehículo,N/A,Solo Daños,0,0,0,0,0,0,0,1,0,0,0,0,0,0,0,0,0,0,0,0,0,0
260445,10583442,-74.08043471758,4.70902495303,AV AVENIDA BOYACA - CL 125   02,2022,Octubre,31,lunes,7,20,Suba,Choque,Vehículo,N/A,Con Heridos,0,0,0,0,0,0,0,0,0,1,0,0,0,0,0,0,0,0,0,0,0,1
260449,10583463,-74.13563994353,4.72119839489,CL 75  - KR 127   02,2022,Octubre,31,lunes,17,40,Engativá,Choque,Vehículo,N/A,Con Heridos,1,0,0,0,1,0,0,1,0,0,0,0,0,0,0,0,0,0,0,0,0,0
260452,10583467,-74.123841437,4.64440723899997,CL 13  - KR 69 B  02,2022,Octubre,31,lunes,17,10,Fontibón,Choque,Vehículo,N/A,Con Heridos,0,0,0,0,0,1,0,1,0,1,0,0,0,0,0,0,0,0,0,0,0,1
260534,10583582,-74.14158062297,4.66539684378,KR 96  - CL 16 I  02,2022,Octubre,31,lunes,19,10,Fontibón,Choque,Vehículo,N/A,Con Heridos,0,0,1,0,0,0,0,1,0,0,0,0,0,0,0,0,0,0,0,0,0,0
260585,10582733,-74.059,4.676,KR 20  - CL 88   02,2022,Octubre,17,lunes,22,21,Chapinero,Choque,N/A,N/A,Solo Daños,0,0,0,0,0,0,0,0,0,0,0,0,0,0,0,0,0,0,0,0,0,0
260586,10582734,-74.087168083,4.58197399400001,CL 8 A  S- KR 8   02,2022,Octubre,17,lunes,15,35,San Cristóbal,Choque,Vehículo,N/A,Solo Daños,0,0,0,0,0,0,0,0,0,1,0,0,0,0,0,0,0,0,0,0,0,1
260705,10583004,-74.108723397,4.660862898,CL 26  - KR 69 D  02,2022,Octubre,22,sábado,7,22,Fontibón,Choque,Vehículo,N/A,Con Heridos,0,0,0,0,0,1,0,0,0,1,0,0,0,0,0,0,0,0,0,0,0,1
260706,10583016,-74.081329892,4.60096886100001,AV AVENIDA CARACAS - CL 10   02,2022,Octubre,22,sábado,5,10,Santa Fe,Choque,Vehículo,N/A,Con Heridos,0,0,0,0,0,1,0,0,0,0,0,0,0,0,0,0,0,0,0,0,0,0
260707,10583018,-74.108,4.679,CL 63  - KR 77   02,2022,Octubre,22,sábado,13,46,Engativá,Choque,Vehículo,N/A,Con Heridos,0,1,0,0,0,1,0,0,0,0,0,0,0,0,0,0,0,0,0,0,0,0
260741,10583635,-74.06544116919,4.62733390939,KR 7  - CL 40   02,2022,Octubre,29,sábado,23,30,Chapinero,Choque,Vehículo,N/A,Con Heridos,0,0,0,0,0,1,0,0,0,0,0,0,0,0,0,0,0,0,0,0,0,0
260745,10582798,-74.084,4.675,CL 68  - KR 65 B  02,2022,Octubre,16,domingo,23,20,Barrios Unidos,Choque,Vehículo,N/A,Con Heridos,0,0,1,0,0,1,0,0,0,0,0,0,0,0,0,0,0,0,0,0,0,0
260746,10582813,-74.132,4.611,CL 26  S- KR 68 G BIS  02,2022,Octubre,16,domingo,11,50,Kennedy,Choque,Vehículo,N/A,Con Heridos,0,0,0,0,0,0,0,1,0,0,1,0,0,0,0,0,0,0,0,0,0,0
260747,10582819,-74.088,4.619,AK 30  - CL 19   02,2022,Octubre,15,sábado,23,0,Puente Aranda,Atropello,N/A,N/A,Con Muertos,0,0,0,0,0,1,1,0,0,0,0,0,0,0,0,0,0,0,0,0,0,0
260748,10582886,-74.051,4.667,KR 10  - CL 84 A  02,2022,Octubre,18,martes,12,40,Chapinero,Choque,Vehículo,N/A,Con Heridos,0,0,0,0,0,1,0,0,0,0,0,0,0,0,0,0,0,0,0,0,0,0
260749,10582908,-74.086120878,4.60218360200003,KR 18  - CL 8 A  02,2022,Octubre,19,miércoles,19,0,Los Mártires,Choque,Vehículo,N/A,Solo Daños,0,1,0,0,0,0,0,0,0,1,0,0,0,0,0,0,0,0,0,0,0,1
260750,10582925,-74.043,4.771,AU NORTE - CL 192   02,2022,Octubre,19,miércoles,21,0,Usaquén,Choque,Vehículo,N/A,Solo Daños,0,1,0,0,0,0,0,1,0,0,0,0,0,0,0,0,0,0,0,0,0,0
260751,10582926,-74.13,4.56,CL 58 A  S- KR 12 D  02,2022,Octubre,19,miércoles,21,30,Tunjuelito,Choque,Vehículo,N/A,Con Heridos,0,0,0,0,0,1,0,0,0,0,0,0,0,0,0,0,0,0,0,0,0,0
260752,10582929,-74.12,4.635,KR 68 C  - CL 12   02,2022,Octubre,20,jueves,23,2,Kennedy,Choque,Objeto Fijo,Poste,Solo Daños,0,0,0,0,0,0,0,0,0,0,0,0,0,0,0,0,0,0,0,0,0,0
260753,10582932,-74.139,4.562,KR 19  - CL 60  S 02,2022,Octubre,19,miércoles,18,40,Ciudad Bolívar,Choque,Vehículo,N/A,Con Heridos,1,1,0,0,0,0,0,0,0,0,0,0,0,0,0,0,0,0,0,0,0,0
260754,10582943,-74.125,4.711,CL 72  - KR 110   02,2022,Octubre,19,miércoles,17,30,Engativá,Choque,Vehículo,N/A,Con Heridos,0,0,0,0,0,1,0,0,0,0,0,0,0,0,0,0,0,0,0,0,0,0
260755,10582953,-74.166,4.581,TV 72 D  - DG 69 C  02,2022,Octubre,22,sábado,19,30,Ciudad Bolívar,Choque,Vehículo,N/A,Con Muertos,0,1,0,0,0,1,0,0,0,0,0,0,0,0,0,0,0,0,0,0,0,0
260756,10582959,-74.078,4.71,CL 127  - KR 71 B  02,2022,Octubre,20,jueves,16,35,Suba,Choque,Vehículo,N/A,Con Heridos,0,0,0,0,0,1,0,1,0,0,0,0,0,0,0,0,0,0,0,0,0,0
260757,10582960,-74.067,4.723,KR 58  - CL 132 A  02,2022,Octubre,20,jueves,19,0,Suba,Atropello,N/A,N/A,Con Heridos,0,0,0,0,0,0,1,0,0,0,0,0,0,0,0,0,0,0,0,0,0,0
260769,10583486,-74.137849856,4.642258696,KR 73 B  - CL 10 A  02,2022,Octubre,31,lunes,7,20,Kennedy,Choque,Vehículo,N/A,Solo Daños,0,0,0,0,0,0,0,0,0,0,0,0,0,0,0,0,0,0,0,0,0,0
261126,10583341,-74.0712454695,4.69965815442,AC 116  - KR 70 B  02,2022,Octubre,27,jueves,13,21,Suba,Choque,Vehículo,N/A,Con Heridos,0,0,0,0,0,0,0,1,0,0,0,0,0,0,0,0,0,0,0,0,0,0
261127,10583342,-74.08793417399,4.54309334945,KR 11 BIS A E- CL 45 C  S 02,2022,Octubre,27,jueves,20,40,San Cristóbal,Choque,Vehículo,N/A,Con Heridos,0,0,0,0,0,1,0,0,0,0,0,0,0,0,0,0,0,0,0,0,0,0
261128,10583344,-74.10414008086,4.58055740163,AV AVENIDA CARACAS - CL 24   02,2022,Octubre,29,sábado,22,0,Santa Fe,Choque,Vehículo,N/A,Con Heridos,0,0,0,0,0,1,0,0,0,0,0,0,0,0,0,0,0,0,0,0,0,0
261129,10583345,-74.08576158468,4.71285824693,CL 127 A  - KR 84   02,2022,Octubre,27,jueves,12,10,Suba,Choque,Vehículo,N/A,Con Heridos,1,0,0,0,0,1,0,0,0,0,0,0,0,0,0,0,0,0,0,0,0,0
261130,10583347,-74.09745601599,4.60192482986,KR 27  - CL 4   02,2022,Octubre,29,sábado,19,15,Los Mártires,Choque,Vehículo,N/A,Con Heridos,0,0,1,0,0,1,0,0,0,0,0,0,0,0,0,0,0,0,0,0,0,0
261131,10583348,-74.06280187552,4.72286641245,CL 134  - KR 55 A  02,2022,Octubre,27,jueves,11,30,Suba,Caida de ocupante,N/A,N/A,Con Heridos,0,0,0,0,0,0,0,1,0,0,1,0,0,0,0,0,0,0,0,0,0,0
261132,10583349,-74.06637457793,4.6163405304,KR 5  - CL 30 A  02,2022,Octubre,28,viernes,22,22,Santa Fe,Choque,Vehículo,N/A,Con Heridos,0,0,0,0,0,1,0,0,0,1,0,0,0,0,0,0,0,0,0,0,0,1
261133,10583354,-74.072036933,4.66900692399997,KR 30  - CL 74   02,2022,Octubre,27,jueves,12,5,Barrios Unidos,Choque,Vehículo,N/A,Con Heridos,0,0,0,0,0,1,0,0,0,0,0,0,0,0,0,0,0,0,0,0,0,0
261134,10583357,-74.13786617701,4.6708993725,KR 96 B  - CL 20 D  02,2022,Octubre,27,jueves,16,54,Fontibón,Choque,Vehículo,N/A,Con Heridos,1,0,0,0,0,1,0,1,0,0,0,0,0,0,0,0,0,0,0,0,0,0
261135,10583358,-74.0854075331,4.73533899347,KR 91 A  - CL 137   02,2022,Octubre,29,sábado,12,40,Suba,Choque,Vehículo,N/A,Con Heridos,1,0,0,0,0,0,0,0,0,0,1,0,1,0,0,1,0,0,0,0,0,0
261139,10583365,-74.0746041177,4.72804844871,TV 76  - CL 136   02,2022,Octubre,30,domingo,7,0,Suba,Choque,Vehículo,N/A,Con Heridos,1,0,0,0,0,1,0,0,0,0,0,0,0,0,0,0,0,0,0,0,0,0
261140,10583367,-74.16761187498,4.64062625925,KR 89 C  - CL 38  S 02,2022,Octubre,30,domingo,21,35,Kennedy,Choque,Vehículo,N/A,Con Heridos,0,0,0,0,0,1,0,0,0,1,0,0,0,0,0,0,0,0,0,0,0,1
261141,10583369,-74.16437017685,4.6181641049,CL 43  S- KR 74   02,2022,Octubre,30,domingo,18,31,Kennedy,Choque,Vehículo,N/A,Con Heridos,0,0,0,0,0,1,0,0,0,1,0,0,0,0,0,0,0,0,0,0,0,1
261456,10583370,-74.123681462,4.62242445099997,DG 2  - KR 66   02,2022,Octubre,28,viernes,21,10,Puente Aranda,Choque,Vehículo,N/A,Con Heridos,0,0,0,0,0,1,0,0,0,0,0,0,0,0,0,0,0,0,0,0,0,0
261457,10583371,-74.12263659422,4.58997925441,AU SUR - CL 37  S 02,2022,Octubre,28,viernes,19,30,Puente Aranda,Choque,Vehículo,N/A,Con Heridos,0,0,0,0,0,1,0,0,0,0,0,0,0,0,0,0,0,0,0,0,0,0
261458,10583376,-74.03958467428,4.74197882703,CL 163  - KR 16 C  02,2022,Octubre,29,sábado,0,10,Usaquén,Choque,Vehículo,N/A,Con Heridos,0,0,0,0,0,1,0,0,0,0,0,0,0,0,0,0,0,0,0,0,0,0
261459,10583377,-74.19590381567,4.6208427033,KR 87 C  - CL 70  S 02,2022,Octubre,30,domingo,6,50,Bosa,Atropello,N/A,N/A,Con Heridos,0,0,0,0,0,0,1,0,0,1,0,0,0,0,0,0,0,0,0,0,0,1
261460,10583389,-74.09744528715,4.70003774745,CL 80  - KR 81   02,2022,Octubre,31,lunes,22,0,Engativá,Atropello,N/A,N/A,Con Heridos,0,0,0,0,0,1,1,0,0,0,0,0,0,0,0,0,0,0,0,0,0,0
261461,10583391,-74.08038643782,4.68532435653,CL 80  - KR 68 C  02,2022,Octubre,31,lunes,7,30,Engativá,Choque,Vehículo,N/A,Con Heridos,0,0,0,0,0,1,0,0,0,0,0,0,0,0,0,0,0,0,0,0,0,0
261462,10583392,-74.11000875418,4.50370212577,KR 6  E- CL 33  S 02,2022,Octubre,30,domingo,14,20,Usme,Atropello,N/A,N/A,Con Heridos,0,0,0,0,0,1,1,0,0,0,0,0,0,0,0,0,0,0,0,0,0,0
261463,10583394,-74.03916624968,4.76196744109,CL 185  - KR 18   02,2022,Octubre,31,lunes,21,30,Usaquén,Choque,Vehículo,N/A,Con Heridos,0,0,0,0,0,1,0,0,0,0,0,0,0,0,0,0,0,0,0,0,0,0
261464,10583398,-74.12693885748,4.64927738069,AV AVENIDA BOYACA - CL 13   02,2022,Octubre,29,sábado,5,19,Los Mártires,Atropello,N/A,N/A,Con Heridos,0,0,1,0,0,1,1,0,0,0,0,0,0,0,0,0,0,0,0,0,0,0
261465,10583408,-74.03874870282,4.72034837159,CL 140  - KR 12 B  02,2022,Octubre,31,lunes,23,0,Usaquén,Choque,Vehículo,N/A,Con Heridos,0,0,0,0,0,1,0,0,0,0,0,0,0,0,0,0,0,0,0,0,0,0
261466,10583417,-74.13026479666,4.59529436507,CL 42 BIS S- KR 51 A  02,2022,Octubre,29,sábado,23,0,Puente Aranda,Choque,Vehículo,N/A,Con Heridos,0,0,0,0,0,1,0,0,0,0,0,0,0,0,0,0,0,0,0,0,0,0
261467,10583419,-74.1089144129,4.58939106065,CL 22  S- KR 27   02,2022,Octubre,30,domingo,18,0,Antonio Nariño,Choque,Vehículo,N/A,Con Heridos,1,0,0,0,0,1,0,1,0,0,0,0,0,0,0,0,0,0,0,0,0,0
261468,10583420,-74.091022536,4.60602182700001,KR 24  - CL 9   02,2022,Octubre,30,domingo,17,28,Los Mártires,Choque,Vehículo,N/A,Solo Daños,0,0,0,0,0,0,0,0,0,1,1,0,1,0,0,1,0,0,0,0,0,1
261469,10583421,-74.15398625319,4.67793546559,KR 111 A  - CL 17   02,2022,Octubre,30,domingo,10,40,Fontibón,Choque,Objeto Fijo,Otro,Solo Daños,0,0,0,0,0,0,0,0,0,0,0,0,0,0,0,0,0,0,0,0,0,0
261471,10583423,-74.11504057829,4.71344633756,CL 80  - KR 104   02,2022,Octubre,30,domingo,13,58,Engativá,Volcamiento,N/A,N/A,Con Heridos,0,0,0,0,0,1,0,0,0,0,0,0,0,0,0,0,0,0,0,0,0,0
261472,10583424,-74.05962614004,4.6721397831,KR 20  - CL 85   02,2022,Octubre,29,sábado,8,42,Chapinero,Choque,Vehículo,N/A,Solo Daños,0,0,0,0,0,0,0,0,0,0,0,0,0,0,0,0,0,0,0,0,0,0
261473,10583426,-74.0674689192,4.61050156527,KR 5  - CL 26 A  02,2022,Octubre,31,lunes,11,37,Santa Fe,Choque,Vehículo,N/A,Solo Daños,0,0,0,0,0,1,0,1,0,0,0,0,0,0,0,0,0,0,0,0,0,0
261580,10583245,-74.17653290217,4.62401880334,KR 85  - CL 51 A  S 02,2022,Octubre,30,domingo,3,40,Bosa,Choque,Objeto Fijo,Vehiculo Estacionado,Con Muertos,0,1,0,0,0,1,0,0,0,0,0,0,0,0,0,0,0,0,0,0,0,0
261644,10581923,-74.08,4.71,CL 127  - AV AVENIDA BOYACA  02,2022,Octubre,16,domingo,0,42,Suba,Choque,Vehículo,N/A,Solo Daños,0,0,0,0,0,0,0,0,0,1,0,0,0,0,0,0,0,0,0,0,0,1
261645,10582034,-74.179,4.597,AU SUR - CL 65  S 02,2022,Octubre,1,sábado,21,0,Bosa,Choque,Vehículo,N/A,Con Heridos,1,0,0,0,0,0,0,0,0,0,1,0,1,1,0,0,0,0,1,0,0,0
261702,10582655,-74.088,4.66,CL 63  - KR 60   02,2022,Octubre,13,jueves,18,6,Barrios Unidos,Choque,Vehículo,N/A,Con Heridos,0,0,0,0,0,1,0,0,0,0,0,0,0,0,0,0,0,0,0,0,0,0
261703,10582656,-74.138,4.63,AV AVENIDA BOYACA - AV AVENIDA DE LAS AMERICAS  02,2022,Octubre,12,miércoles,14,46,Kennedy,Choque,N/A,N/A,Solo Daños,0,1,0,1,0,0,0,0,0,0,0,0,0,0,0,0,0,0,0,0,0,0
261704,10582657,-74.136,4.649,CL 12  - KR 79 A  02,2022,Octubre,11,martes,6,30,Kennedy,Choque,Vehículo,N/A,Con Heridos,0,0,0,0,0,1,0,0,0,0,0,0,0,0,0,0,0,0,0,0,0,0
261705,10582662,-74.098,4.565,KR 5  - CL 31  S 02,2022,Octubre,12,miércoles,4,30,San Cristóbal,Choque,Vehículo,N/A,Con Heridos,1,0,0,0,0,0,0,0,0,0,1,0,1,0,1,0,0,0,0,0,0,0
261706,10582672,-74.125835327,4.71641312600002,KR 113  - CL 75   02,2022,Octubre,14,viernes,17,30,Engativá,Choque,Vehículo,N/A,Con Heridos,0,0,0,0,0,1,0,0,0,1,0,0,0,0,0,0,0,0,0,0,0,1
261707,10582674,-74.07717594,4.65860087700003,KR 30  - CL 64   02,2022,Octubre,13,jueves,14,0,Barrios Unidos,Choque,Vehículo,N/A,Con Heridos,0,0,0,0,0,0,0,1,0,1,0,0,0,0,0,0,0,0,0,0,0,1
261708,10582677,-74.062,4.681,CL 93  - KR 49   02,2022,Octubre,13,jueves,22,43,Barrios Unidos,Choque,Vehículo,N/A,Con Heridos,0,0,0,0,0,1,0,0,0,0,0,0,0,0,0,0,0,0,0,0,0,0
261709,10582681,-74.126,4.564,CL 52  S- KR 13 A  02,2022,Octubre,13,jueves,20,30,Tunjuelito,Choque,Vehículo,N/A,Con Heridos,0,0,0,0,0,1,0,0,0,0,1,0,1,0,0,1,0,0,0,0,0,0
261794,10583477,-74.07533129378,4.6079018123,CL 19  - KR 13   02,2022,Octubre,2,domingo,1,59,Santa Fe,Choque,Vehículo,N/A,Con Heridos,0,0,0,0,0,1,0,0,0,0,0,0,0,0,0,0,0,0,0,0,0,0
261811,10583581,-74.1483965296,4.59513394984,AU SUR - KR 61 A  02,2022,Octubre,31,lunes,8,31,Ciudad Bolívar,Choque,Vehículo,N/A,Con Muertos,0,0,0,0,0,1,0,0,0,0,1,0,1,0,0,1,0,0,0,0,0,0
261818,10582361,-74.165,4.568,KR 42  - CL 74  S 02,2022,Octubre,8,sábado,20,56,Ciudad Bolívar,Atropello,N/A,N/A,Con Muertos,0,0,0,0,0,0,1,0,0,0,1,0,1,0,0,1,0,0,0,0,0,0
261819,10582393,-74.188,4.602,CL 68  S- KR 78   02,2022,Octubre,8,sábado,23,32,Bosa,Choque,Vehículo,N/A,Con Heridos,0,0,0,0,0,1,0,0,0,0,0,0,0,0,0,0,0,0,0,0,0,0
261820,10582414,-74.111,4.709,CL 80  - KR 98   02,2022,Octubre,8,sábado,18,45,Engativá,Atropello,N/A,N/A,Con Heridos,0,0,0,0,0,1,1,0,0,0,0,0,0,0,0,0,0,0,0,0,0,0
261821,10582416,-74.108352252,4.69101116899998,KR 86  - CL 68 A  02,2022,Octubre,8,sábado,16,30,Engativá,Choque,Vehículo,N/A,Con Heridos,0,0,0,0,0,1,0,0,0,0,0,0,0,0,0,0,0,0,0,0,0,0
261846,10583428,-74.0776720423,4.69536499631,CL 98 B  - KR 70 C  02,2022,Octubre,31,lunes,9,9,Suba,Choque,Vehículo,N/A,Solo Daños,0,0,0,0,0,0,0,0,0,0,1,0,0,0,0,0,0,0,0,0,0,0
261847,10583429,-74.11679003723,4.59497834483,AU SUR - CL 30  S 02,2022,Octubre,26,miércoles,18,53,Antonio Nariño,Choque,Vehículo,N/A,Solo Daños,0,0,0,0,0,0,0,0,0,0,1,0,1,1,0,0,0,1,0,0,0,0
261848,10583430,-74.1003742594,4.65710500348,KR 68  - CL 53   02,2022,Octubre,31,lunes,8,0,Teusaquillo,Choque,Vehículo,N/A,Solo Daños,0,0,0,0,0,0,0,0,0,0,1,0,1,0,0,1,0,0,0,0,0,0
261849,10583432,-74.11325042918,4.58559267517,CL 29 A  S- KR 26   02,2022,Octubre,30,domingo,13,10,Rafael Uribe Uribe,Choque,Vehículo,N/A,Solo Daños,0,0,0,0,0,0,0,0,0,1,0,0,0,0,0,0,0,0,0,0,0,1
261851,10583440,-74.01991335337,4.66980331821,KR 8  E- CL 100   02,2022,Octubre,31,lunes,12,40,Chapinero,Caida de ocupante,N/A,N/A,Con Heridos,0,0,0,0,0,0,0,1,0,0,1,0,1,0,0,1,0,0,0,0,0,0
261852,10583441,-74.09084168856,4.55588995465,KR 4  - CL 36 H  S 02,2022,Octubre,31,lunes,19,50,San Cristóbal,Caida de ocupante,N/A,N/A,Con Heridos,0,0,0,0,1,0,0,0,0,0,1,0,1,0,0,1,0,0,0,0,0,0
261853,10583443,-74.06272140925,4.68850016555,AC 100  - KR 53   02,2022,Octubre,31,lunes,19,54,Suba,Choque,N/A,N/A,Con Heridos,0,0,0,0,0,0,0,1,0,0,1,0,1,0,0,1,0,0,0,0,0,0
261961,10582080,-74.078,4.668,CL 70 A  - KR 55   02,2022,Octubre,2,domingo,14,0,Barrios Unidos,Choque,Vehículo,N/A,Con Heridos,1,0,0,0,0,0,0,0,0,0,0,0,0,0,0,0,0,0,0,0,0,0
261962,10582105,-74.112,4.656,CL 24  - KR 68 B  02,2022,Octubre,1,sábado,18,1,Fontibón,Choque,Vehículo,N/A,Con Heridos,1,0,0,0,0,0,0,0,0,0,1,0,1,0,0,1,0,0,0,0,0,0
261963,10582138,-74.121,4.589,TV 26 H  - CL 35 C  S 02,2022,Octubre,1,sábado,12,18,Antonio Nariño,Choque,Vehículo,N/A,Solo Daños,0,1,0,0,0,0,0,0,0,0,0,0,0,0,0,0,0,0,0,0,0,0
261964,10582161,-74.074,4.627,CL 39  - KR 20   02,2022,Octubre,4,martes,9,2,Teusaquillo,Choque,Vehículo,N/A,Solo Daños,0,0,0,0,0,0,0,0,0,1,1,0,0,0,0,0,0,0,0,0,0,1
261966,10582174,-74.058,4.682,AU NORTE - CL 94   02,2022,Octubre,2,domingo,14,41,Chapinero,Choque,Vehículo,N/A,Solo Daños,0,1,0,0,0,0,0,0,0,0,0,0,0,0,0,0,0,0,0,0,0,0
261967,10582179,-74.12,4.656,AV AVENIDA BOYACA - CL 22   02,2022,Octubre,3,lunes,22,30,Fontibón,Choque,Vehículo,N/A,Con Heridos,0,0,0,0,0,1,0,0,0,0,0,0,0,0,0,0,0,0,0,0,0,0
261968,10582180,-74.063,4.639,KR 7  - CL 53   02,2022,Octubre,3,lunes,9,40,Chapinero,Choque,Vehículo,N/A,Solo Daños,0,0,0,0,0,1,0,0,0,1,0,0,0,0,0,0,0,0,0,0,0,1
261969,10582184,-74.093,4.666,KR 68  - CL 63   02,2022,Octubre,1,sábado,14,17,Teusaquillo,Choque,Vehículo,N/A,Solo Daños,0,0,0,0,0,0,0,0,0,0,1,0,1,0,0,1,0,0,0,0,0,0
261970,10582210,-74.183,4.613,CL 59  S- KR 81 A  02,2022,Octubre,3,lunes,20,38,Bosa,Choque,Vehículo,N/A,Con Heridos,0,0,0,0,0,1,0,0,0,0,0,0,0,0,0,0,0,0,0,0,0,0
261971,10582217,-74.061,4.619,AV AVENIDA CIRCUNVALAR DEL SUR - CL 35   02,2022,Octubre,4,martes,8,55,Santa Fe,Choque,Vehículo,N/A,Con Heridos,0,0,0,0,0,0,0,1,0,0,0,0,0,0,0,0,0,0,0,0,0,0
261972,10582219,-74.055,4.719,CL 134  - KR 49   02,2022,Octubre,2,domingo,6,45,Suba,Choque,Objeto Fijo,Semaforo,Solo Daños,0,0,0,0,0,0,0,0,0,0,0,0,0,0,0,0,0,0,0,0,0,0
261973,10582239,-74.176,4.614,KR 80  - CL 57   02,2022,Octubre,4,martes,17,24,Kennedy,Choque,Vehículo,N/A,Con Heridos,1,0,0,0,0,0,0,0,0,0,1,0,1,0,0,1,0,0,0,0,0,0
261974,10582242,-74.055,4.677,DG 92  - KR 19   02,2022,Octubre,5,miércoles,12,15,Chapinero,Volcamiento,N/A,N/A,Con Heridos,0,0,0,0,0,1,0,0,0,0,0,0,0,0,0,0,0,0,0,0,0,0
261975,10582243,-74.061,4.641,CL 54 A  - KR 4   02,2022,Octubre,4,martes,22,26,Chapinero,Choque,Vehículo,N/A,Solo Daños,0,0,0,0,0,0,0,0,0,0,0,0,0,0,0,0,0,0,0,0,0,0
261976,10582250,-74.083,4.673,CL 68  - KR 62   02,2022,Octubre,4,martes,19,0,Barrios Unidos,Atropello,N/A,N/A,Solo Daños,0,0,1,0,0,0,0,1,0,0,0,0,0,0,0,0,0,0,0,0,0,0
261977,10582390,-74.043,4.704,CL 127  - KR 15   02,2022,Octubre,8,sábado,23,20,Usaquén,Choque,Vehículo,N/A,Con Heridos,0,0,0,0,0,1,0,0,0,0,1,0,1,0,0,1,0,0,0,0,0,0
261978,10582394,-74.156,4.588,CL 66 A  S- KR 66   02,2022,Octubre,8,sábado,13,50,Ciudad Bolívar,Atropello,N/A,N/A,Con Heridos,0,0,0,0,0,0,1,0,0,0,0,0,0,0,0,0,0,0,0,0,0,0
261979,10582395,-74.124,4.575,DG 44  S- KR 20   02,2022,Octubre,8,sábado,6,0,Rafael Uribe Uribe,Choque,Vehículo,N/A,Con Heridos,0,0,0,0,0,1,0,0,0,0,1,0,1,0,0,1,0,0,0,0,0,0
262020,10582686,-74.095,4.561,CL 31 F  - KR 1  S 02,2022,Octubre,13,jueves,21,10,San Cristóbal,Atropello,N/A,N/A,Con Heridos,0,0,0,0,0,0,1,1,0,1,0,0,0,0,0,0,0,0,0,0,0,1
262021,10582689,-74.094,4.612,KR 30  - CL 12   02,2022,Octubre,14,viernes,19,29,Puente Aranda,Choque,Vehículo,N/A,Con Heridos,0,0,0,0,0,1,0,0,0,0,0,0,0,0,0,0,0,0,0,0,0,0
262022,10582698,-74.068,4.647,KR 17  - CL 59   02,2022,Octubre,13,jueves,17,10,Teusaquillo,Choque,Vehículo,N/A,Con Heridos,0,0,0,0,0,1,0,0,0,0,0,0,0,0,0,0,0,0,0,0,0,0
262023,10582700,-74.1,4.648,KR 60  - CL 26   02,2022,Octubre,14,viernes,11,30,Barrios Unidos,Volcamiento,N/A,N/A,Solo Daños,0,0,0,0,0,1,0,0,0,0,0,0,0,0,0,0,0,0,0,0,0,0
262024,10582703,-74.13269545,4.56725009000002,CL 55  S- KR 19   02,2022,Octubre,12,miércoles,23,45,Tunjuelito,Choque,Objeto Fijo,Poste,Solo Daños,0,0,0,0,0,0,0,0,0,0,0,0,0,0,0,0,0,0,0,0,0,0
262025,10582738,-74.097,4.689,CL 72  - KR 73 A  02,2022,Octubre,15,sábado,17,21,Engativá,Choque,Vehículo,N/A,Con Heridos,1,0,0,0,0,0,0,1,0,0,1,0,1,0,0,1,0,0,0,0,0,0
262026,10582750,-74.138,4.595,CL 45 A  S- KR 53   02,2022,Octubre,16,domingo,3,40,Tunjuelito,Atropello,N/A,N/A,Con Heridos,0,0,0,0,0,0,1,0,0,0,0,0,0,0,0,0,0,0,0,0,0,0
262027,10582751,-74.065,4.69,AV AVENIDA TRANSVERSAL DE SUBA - KR 102 A  02,2022,Octubre,15,sábado,1,30,Suba,Choque,Vehículo,N/A,Con Heridos,1,0,0,0,0,0,0,0,0,1,0,0,0,0,0,0,0,0,0,0,0,1
262028,10582753,-74.104,4.751,AV AVENIDA TRANSVERSAL DE SUBA - CL 130   02,2022,Octubre,14,viernes,12,50,Suba,Choque,Vehículo,N/A,Con Heridos,1,0,0,0,0,0,0,1,0,0,0,0,0,0,0,0,0,0,0,0,0,0
262029,10582757,-74.095,4.706,CL 84 A  - KR 81 A  02,2022,Octubre,14,viernes,13,0,Engativá,Atropello,N/A,N/A,Con Heridos,0,0,0,0,0,1,1,1,0,0,0,0,0,0,0,0,0,0,0,0,0,0
262030,10582759,-74.145,4.568,AV AVENIDA CIUDAD DE VILLAVICENCIO - KR 22 B  02,2022,Octubre,17,lunes,3,50,Ciudad Bolívar,Choque,Vehículo,N/A,Con Heridos,0,1,0,0,0,0,0,0,0,1,0,0,0,0,0,0,0,0,0,0,0,1
262031,10582760,-74.079,4.639,KR 30  - CL 49 A  02,2022,Octubre,14,viernes,19,0,Teusaquillo,Otro,N/A,N/A,Con Heridos,0,0,0,0,0,1,0,0,0,0,0,0,0,0,0,0,0,0,0,0,0,0
262032,10582762,-74.076833576,4.71525057399998,CL 128  - KR 72   02,2022,Octubre,14,viernes,5,30,Suba,Choque,Vehículo,N/A,Con Heridos,0,0,0,0,0,1,0,0,0,1,0,0,0,0,0,0,0,0,0,0,0,1
262033,10582763,-74.08,4.591,KR 7 A  E- CL 5   02,2022,Octubre,16,domingo,18,19,Santa Fe,Atropello,N/A,N/A,Con Heridos,0,0,0,0,1,0,1,0,0,0,0,0,0,0,0,0,0,0,0,0,0,0
262034,10582764,-74.118,4.689,CL 63  - KR 93   02,2022,Octubre,15,sábado,13,47,Engativá,Choque,Vehículo,N/A,Con Heridos,0,0,0,0,0,1,0,0,0,0,1,0,1,0,0,1,0,0,0,0,0,0
262035,10582766,-74.071674668,4.58015815300001,CL 1 A  - KR 10 A  E 02,2022,Octubre,15,sábado,8,30,Santa Fe,Atropello,N/A,N/A,Con Heridos,0,0,0,0,0,0,1,0,0,1,0,0,0,0,0,0,0,0,0,0,0,1
262036,10582767,-74.075,4.72,AV AVENIDA TRANSVERSAL DE SUBA - CL 129   02,2022,Octubre,18,martes,22,30,Suba,Choque,Vehículo,N/A,Solo Daños,0,0,0,0,0,0,0,0,0,1,0,0,0,0,0,0,0,0,0,0,0,1
262037,10582768,-74.062,4.642,KR 7  - CL 56   02,2022,Octubre,14,viernes,18,0,Chapinero,Atropello,N/A,N/A,Con Heridos,1,0,0,0,0,0,1,0,0,0,0,0,0,0,0,0,0,0,0,0,0,0
262038,10582769,-74.166,4.638,CL 38  S- KR 87 I  02,2022,Octubre,15,sábado,17,33,Kennedy,Choque,Vehículo,N/A,Con Heridos,0,0,0,0,1,0,0,0,0,0,1,0,1,0,0,1,0,0,0,0,0,0
262039,10582770,-74.087,4.723,KR 88 A BIS - CL 129   02,2022,Octubre,14,viernes,17,30,Suba,Atropello,N/A,N/A,Con Heridos,0,0,0,0,0,1,1,0,0,0,0,0,0,0,0,0,0,0,0,0,0,0
262040,10582772,-74.093,4.753,KR 104  - CL 152 C  02,2022,Octubre,14,viernes,15,24,Suba,Atropello,N/A,N/A,Con Heridos,0,0,0,0,0,0,1,0,0,0,0,0,0,0,0,0,0,0,0,0,0,0
262041,10582774,-74.13,4.646,KR 72  - CL 12 B  02,2022,Octubre,15,sábado,15,42,Kennedy,Atropello,N/A,N/A,Con Heridos,0,0,0,0,0,1,1,0,0,0,0,0,0,0,0,0,0,0,0,0,0,0
262116,10582027,-74.106,4.585,CL 22  - KR 24 c  02,2022,Octubre,2,domingo,4,0,Antonio Nariño,Choque,Vehículo,N/A,Solo Daños,0,0,0,0,0,0,0,0,0,1,0,0,0,0,0,0,0,0,0,0,0,1
262119,10582047,-74.11,4.687,CL 64 K  - TV 85   02,2022,Octubre,1,sábado,7,46,Engativá,Choque,Vehículo,N/A,Con Heridos,1,0,0,0,0,0,0,0,0,1,0,0,0,0,0,0,0,0,0,0,0,1
262120,10582058,-74.153,4.632,KR 79 C BIS - DG 2   02,2022,Octubre,1,sábado,16,20,Kennedy,Choque,Vehículo,N/A,Con Heridos,1,0,0,0,0,1,0,0,0,0,0,0,0,0,0,0,0,0,0,0,0,0
262121,10582061,-74.188,4.612,KR 81 F  - CL 65   02,2022,Octubre,1,sábado,15,6,Bosa,Choque,Vehículo,N/A,Con Heridos,0,0,0,0,0,1,0,0,0,1,0,0,0,0,0,0,0,0,0,0,0,1
262122,10582064,-74.078,4.651,KR 30  - CL 62   02,2022,Octubre,1,sábado,15,15,Teusaquillo,Choque,Vehículo,N/A,Con Heridos,0,0,0,0,0,0,0,1,0,1,0,0,0,0,0,0,0,0,0,0,0,1
262124,10582066,-74.032,4.733,KR 9  - CL 155   02,2022,Octubre,1,sábado,12,0,Usaquén,Choque,Vehículo,N/A,Solo Daños,0,0,0,1,0,0,0,1,0,0,1,0,1,0,0,1,0,0,0,0,0,0
262126,10582070,-74.109,4.686,CL 51 I  - KR 82   02,2022,Octubre,1,sábado,6,20,Engativá,Choque,Vehículo,N/A,Solo Daños,0,0,0,0,0,0,0,0,0,1,0,0,0,0,0,0,0,0,0,0,0,1
262136,10582343,-74.1884699251,4.6073495938,CL 65 I  S- TV 80 G  02,2022,Octubre,7,viernes,6,55,Bosa,Choque,Vehículo,N/A,Con Heridos,1,0,0,0,1,1,0,0,0,0,0,0,0,0,0,0,0,0,0,0,0,0
262137,10582348,-74.1251824489,4.5813708466,KR 25 A A - CL 43 A  S 32,2022,Octubre,6,jueves,13,50,Tunjuelito,Choque,Vehículo,N/A,Con Heridos,0,0,0,0,0,1,0,0,0,1,0,0,0,0,0,0,0,0,0,0,0,1
262138,10582357,-74.169,4.596,AU SUR - CL 73   02,2022,Octubre,6,jueves,8,0,Santa Fe,Caida de ocupante,N/A,N/A,Con Heridos,0,0,0,0,0,0,0,0,0,0,1,0,1,0,1,0,0,0,0,0,0,0
262139,10582362,-74.123,4.576,DG 43  S- KR 20   02,2022,Octubre,6,jueves,17,35,Rafael Uribe Uribe,Choque,Vehículo,N/A,Con Heridos,0,0,0,0,0,1,0,0,0,0,0,0,0,0,0,0,0,0,0,0,0,0
262140,10582369,-74.096,4.564,KR 3  - CL 31 B  S 02,2022,Octubre,7,viernes,6,40,San Cristóbal,Choque,Vehículo,N/A,Con Heridos,0,0,0,0,0,1,0,0,0,1,0,0,0,0,0,0,0,0,0,0,0,1
262141,10582438,-74.117,4.663,CL 24  - KR 72 A  02,2022,Octubre,8,sábado,8,20,Fontibón,Choque,Vehículo,N/A,Con Heridos,0,0,0,0,0,1,0,1,0,0,0,0,0,0,0,0,0,0,0,0,0,0
262142,10582444,-74.074587286,4.660111175,CL 66  - KR 28 A  02,2022,Octubre,8,sábado,13,52,Barrios Unidos,Choque,Vehículo,N/A,Solo Daños,0,0,0,0,0,0,0,0,0,0,1,0,1,0,0,1,0,0,0,0,0,0
262143,10582445,-74.137505117,4.61677706400002,CL 26  S- KR 71 D  02,2022,Octubre,8,sábado,18,41,Kennedy,Choque,Vehículo,N/A,Con Heridos,0,0,0,0,0,1,0,0,0,0,0,0,0,0,0,0,0,0,0,0,0,0
262144,10582447,-74.085,4.603,CL 10  - KR 17   02,2022,Octubre,8,sábado,13,0,Los Mártires,Choque,Vehículo,N/A,Solo Daños,0,0,1,0,0,0,0,0,0,0,0,0,0,0,0,0,0,0,0,0,0,0
262167,10583445,-74.143756308,4.59827273472,DG 44 A  S- KR 68 H  02,2022,Octubre,31,lunes,14,38,Kennedy,Choque,Vehículo,N/A,Con Heridos,0,0,0,0,0,1,0,0,0,0,0,0,0,0,0,0,0,0,0,0,0,0
262174,10583465,-74.1609836806,4.54750863624,KR 27 B  S- CL 71 R  02,2022,Octubre,31,lunes,5,50,Ciudad Bolívar,Choque,Vehículo,N/A,Con Heridos,0,0,0,0,0,1,0,0,0,0,1,0,1,0,0,1,0,0,0,0,0,0
262175,10583469,-74.13051692431,4.64647032263,AV AVENIDA BOYACA - CL 15   02,2022,Octubre,31,lunes,16,30,Kennedy,Choque,Vehículo,N/A,Con Heridos,0,0,0,0,0,1,0,0,0,0,0,0,0,0,0,0,0,0,0,0,0,0
262180,10583495,-74.14475408976,4.55215741215,KR 18 C  - CL 67  S 02,2022,Octubre,26,miércoles,14,0,Ciudad Bolívar,Choque,Vehículo,N/A,Con Heridos,0,0,0,0,0,0,1,1,0,0,0,0,0,0,0,0,0,0,0,0,0,0
262296,10582398,-74.125,4.579,CL 40  S- KR 24   02,2022,Octubre,8,sábado,7,40,San Cristóbal,Choque,Vehículo,N/A,Con Heridos,0,1,0,1,0,1,0,0,0,0,0,0,0,0,0,0,0,0,0,0,0,0
262297,10582405,-74.086,4.551,KR 9 A  E- CL 37 B  S 02,2022,Octubre,5,miércoles,14,0,San Cristóbal,Atropello,N/A,N/A,Con Heridos,0,0,0,0,1,1,1,0,0,0,0,0,0,0,0,0,0,0,0,0,0,0
262298,10582420,-74.071,4.657,CL 24  - KR 65   02,2022,Octubre,8,sábado,5,50,Teusaquillo,Caida de ocupante,N/A,N/A,Con Heridos,0,0,0,0,0,0,0,0,0,0,1,0,1,0,0,1,0,0,0,0,0,0
262299,10582425,-74.189,4.618,CL 62  S- KR 85 B  02,2022,Octubre,9,domingo,20,0,Bosa,Choque,Vehículo,N/A,Con Heridos,0,0,0,0,0,1,0,0,0,0,1,0,1,0,0,1,0,0,0,0,0,0
262300,10582441,-74.092,4.557,CL 36 F  S- KR 3 B  E 02,2022,Octubre,8,sábado,9,54,San Cristóbal,Caida de ocupante,N/A,N/A,Con Heridos,0,0,0,0,0,0,0,1,0,0,1,0,1,0,0,1,0,0,0,0,0,0
262301,10582442,-74.162,4.605,KR 71 B  - CL 53 C  S 02,2022,Octubre,8,sábado,19,10,Bosa,Choque,Vehículo,N/A,Con Heridos,0,0,0,0,0,1,0,1,0,0,0,0,0,0,0,0,0,0,0,0,0,0
262302,10582449,-74.076,4.613,CL 23  - KR 16 A  02,2022,Octubre,9,domingo,8,12,Los Mártires,Choque,Vehículo,N/A,Solo Daños,0,0,0,0,0,1,0,0,0,0,0,0,0,0,0,0,0,0,0,0,0,0
262303,10583386,-74.18054012244,4.6361242122,CL 49  S- KR 91   02,2022,Octubre,28,viernes,13,0,Bosa,Choque,Vehículo,N/A,Con Heridos,1,0,0,0,0,0,0,0,0,0,1,0,1,0,0,1,0,0,0,0,0,0
262306,10583393,-74.12192849104,4.70948206241,CL 73  - KR 107   02,2022,Octubre,28,viernes,17,13,Engativá,Choque,Vehículo,N/A,Con Heridos,0,0,0,0,0,1,0,0,0,0,0,0,0,0,0,0,0,0,0,0,0,0
262307,10583395,-74.11714774716,4.71519975374,KR 107  - CL 79 B  02,2022,Octubre,30,domingo,15,30,Engativá,Atropello,N/A,N/A,Con Heridos,0,0,0,0,0,0,1,0,0,0,0,0,0,0,0,0,0,0,0,0,0,0
262308,10583397,-74.13009313528,4.64608000701,AV AVENIDA BOYACA - CL 12 B  02,2022,Octubre,31,lunes,9,50,Kennedy,Choque,Vehículo,N/A,Con Heridos,0,0,0,0,0,0,0,0,0,0,0,0,0,0,0,0,0,0,0,0,0,0
262309,10583399,-74.09358290617,4.58655702941,AV AVENIDA CARACAS - CL 10  S 02,2022,Octubre,31,lunes,8,40,Antonio Nariño,Choque,Vehículo,N/A,Con Heridos,0,1,0,0,0,1,0,0,0,0,0,0,0,0,0,0,0,0,0,0,0,0
262310,10583400,-74.17066959326,4.62848884592,KR 86  - CL 43  S 02,2022,Octubre,31,lunes,7,10,Kennedy,Atropello,N/A,N/A,Con Heridos,0,0,0,0,0,0,1,0,0,0,1,0,1,0,1,0,0,0,0,0,0,0
262311,10583401,-74.05144808476,4.69979181396,CL 118  - KR 20   02,2022,Octubre,30,domingo,12,30,Usaquén,Atropello,N/A,N/A,Con Heridos,0,0,0,0,0,1,1,0,0,0,0,0,0,0,0,0,0,0,0,0,0,0
262312,10583403,-74.03321174567,4.6936969128,KR 7  - CL 116   02,2022,Octubre,30,domingo,14,0,Chapinero,Atropello,N/A,N/A,Con Heridos,0,0,0,0,0,0,1,0,0,0,0,0,0,0,0,0,0,0,0,0,0,0
262313,10583404,-74.07525805418,4.6080846902,CL 19  - KR 13   02,2022,Octubre,31,lunes,19,0,Santa Fe,Choque,Vehículo,N/A,Con Heridos,0,0,0,0,0,1,0,1,0,1,0,0,0,0,0,0,0,0,0,0,0,1
262314,10583405,-74.191955604,4.60384979195,CL 70 BIS S- KR 79   02,2022,Octubre,31,lunes,18,2,Bosa,Choque,Vehículo,N/A,Con Heridos,1,0,0,0,0,1,0,0,0,0,0,0,0,0,0,0,0,0,0,0,0,0
262352,10583690,-74.08554700796,4.62181585331,AK 30  - CL 22   02,2022,Octubre,7,viernes,1,45,Teusaquillo,Atropello,N/A,N/A,Con Heridos,0,0,0,0,0,0,1,0,0,0,0,0,0,0,0,0,0,0,0,0,0,0
262403,10582259,-74.132,4.605,AK 68  - CL 35 A  S 02,2022,Octubre,5,miércoles,23,20,Puente Aranda,Choque,Vehículo,N/A,Con Heridos,1,0,0,0,0,0,0,0,0,1,0,0,0,0,0,0,0,0,0,0,0,1
262404,10582262,-74.09,4.608,CL 11  - KR 25   02,2022,Octubre,5,miércoles,6,54,Los Mártires,Choque,Vehículo,N/A,Con Heridos,0,0,0,0,0,1,0,0,0,0,0,0,0,0,0,0,0,0,0,0,0,0
262405,10582263,-74.111,4.661,KR 70  - CL 25   02,2022,Octubre,4,martes,21,37,Engativá,Choque,Vehículo,N/A,Con Heridos,1,0,0,0,0,0,0,0,0,0,0,0,0,0,0,0,0,0,0,0,0,0
262406,10582264,-74.126121417,4.61784124100001,KR 68  - CL 9  S 02,2022,Octubre,5,miércoles,6,30,Puente Aranda,Choque,Vehículo,N/A,Con Heridos,0,0,0,0,0,1,0,0,0,0,0,0,0,0,0,0,0,0,0,0,0,0
262407,10582265,-74.101,4.552,KR 2  E- CL 42  S 02,2022,Octubre,5,miércoles,6,30,San Cristóbal,Choque,Vehículo,N/A,Con Heridos,0,0,0,0,0,1,0,1,0,1,0,0,0,0,0,0,0,0,0,0,0,1
262408,10582268,-74.11,4.63,CL 13  - KR 56   02,2022,Octubre,5,miércoles,6,20,Puente Aranda,Choque,Vehículo,N/A,Con Heridos,1,0,0,0,0,1,0,0,0,0,0,0,0,0,0,0,0,0,0,0,0,0
262409,10582282,-74.1592274346,4.5781828173,CL 68 F  S- KR 49 D  02,2022,Octubre,4,martes,22,57,Ciudad Bolívar,Choque,Vehículo,N/A,Con Heridos,0,0,0,0,0,1,0,0,0,0,0,0,0,0,0,0,0,0,0,0,0,0
262410,10582306,-74.141,4.643,DG 9  - TV 78 D  02,2022,Octubre,6,jueves,5,50,Kennedy,Choque,Vehículo,N/A,Con Heridos,0,0,0,0,0,1,0,1,0,0,0,0,0,0,0,0,0,0,0,0,0,0
262411,10582322,-74.088,4.585,KR 10  S- CL 5  S 02,2022,Octubre,2,domingo,4,30,Antonio Nariño,Volcamiento,N/A,N/A,Con Heridos,0,0,0,0,0,1,0,0,0,0,0,0,0,0,0,0,0,0,0,0,0,0
262412,10582324,-74.128,4.63,AV AVENIDA DE LAS AMERICAS - KR 69   02,2022,Octubre,6,jueves,9,42,Kennedy,Choque,Vehículo,N/A,Solo Daños,0,0,0,0,0,1,0,0,0,0,0,0,0,0,0,0,0,0,0,0,0,0
262413,10582325,-74.128626975,4.62198572699998,KR 68 F  - CL 1   02,2022,Octubre,6,jueves,18,0,Kennedy,Choque,Vehículo,N/A,Con Heridos,0,0,0,0,0,1,0,0,0,0,0,0,0,0,0,0,0,0,0,0,0,0
262414,10582330,-74.105,4.619,KR 42  - CL 9   02,2022,Octubre,6,jueves,20,40,Puente Aranda,Choque,Vehículo,N/A,Con Heridos,0,0,0,0,0,1,0,1,0,0,0,0,0,0,0,0,0,0,0,0,0,0
262415,10582331,-74.121,4.617,KR 54  - CL 2   02,2022,Octubre,5,miércoles,21,0,Puente Aranda,Choque,Vehículo,N/A,Solo Daños,0,0,0,0,0,0,0,0,0,0,1,0,1,0,0,1,0,0,0,0,0,0
262441,10582074,-74.091,4.622,KR 34  - CL 19 A  02,2022,Octubre,1,sábado,12,40,Puente Aranda,Choque,Vehículo,N/A,Solo Daños,0,0,0,0,0,0,0,1,0,0,0,0,0,0,0,0,0,0,0,0,0,0
262442,10582075,-74.116,4.625,KR 57  - CL 5 A  02,2022,Octubre,2,domingo,5,0,Puente Aranda,Choque,Vehículo,N/A,Con Heridos,0,0,0,0,0,0,0,0,0,1,0,0,0,0,0,0,0,0,0,0,0,1
262446,10582083,-74.131,4.666,KR 86  - CL 22   02,2022,Octubre,2,domingo,1,0,Fontibón,Choque,Vehículo,N/A,Con Heridos,0,0,0,0,0,0,0,0,0,0,0,0,0,0,0,0,0,0,0,0,0,0
262447,10582087,-74.077,4.737,KR 80  - CL 146   02,2022,Octubre,2,domingo,11,25,Suba,Atropello,N/A,N/A,Con Heridos,0,0,0,0,0,0,1,0,0,0,0,0,0,0,0,0,0,0,0,0,0,0
262448,10582090,-74.128,4.648,CL 13  - AV AVENIDA BOYACA  02,2022,Octubre,2,domingo,14,40,Fontibón,Choque,Vehículo,N/A,Con Heridos,0,0,0,0,0,1,0,0,0,0,0,0,0,0,0,0,0,0,0,0,0,0
262449,10582095,-74.078,4.628,KR 28  - CL 39   02,2022,Octubre,1,sábado,23,54,Teusaquillo,Choque,Vehículo,N/A,Con Heridos,0,0,0,0,0,1,0,0,0,0,0,0,0,0,0,0,0,0,0,0,0,0
262450,10582097,-74.124,4.652,KR 72  - CL 19 A  02,2022,Octubre,1,sábado,20,30,Fontibón,Choque,Vehículo,N/A,Con Heridos,0,0,0,0,0,0,0,0,0,0,1,1,1,0,0,1,0,0,0,0,0,0
262451,10582103,-74.155,4.576,CL 68  S- KR 47   02,2022,Octubre,1,sábado,17,12,Ciudad Bolívar,Atropello,N/A,N/A,Con Muertos,0,0,0,0,0,1,1,1,0,0,0,0,0,0,0,0,0,0,0,0,0,0
262452,10582104,-74.061,4.652,KR 10  - CL 66   02,2022,Octubre,2,domingo,21,5,Chapinero,Choque,Vehículo,N/A,Con Heridos,0,0,0,0,0,1,0,0,0,0,0,0,0,0,0,0,0,0,0,0,0,0
262453,10582106,-74.053,4.686,CL 100  - KR 19 A  02,2022,Octubre,1,sábado,20,12,Usaquén,Choque,Vehículo,N/A,Con Heridos,0,0,0,0,0,1,0,1,0,0,0,0,0,0,0,0,0,0,0,0,0,0
262454,10582108,-74.095287942,4.73469007300002,CL 132  - KR 100 A  02,2022,Octubre,1,sábado,16,30,Suba,Choque,Vehículo,N/A,Con Heridos,0,1,0,0,0,1,0,0,0,0,0,0,0,0,0,0,0,0,0,0,0,0
262455,10582112,-74.123,4.629,KR 68  - AV AVENIDA DE LAS AMERICAS  02,2022,Octubre,1,sábado,4,30,Puente Aranda,Choque,Objeto Fijo,Muro,Con Heridos,0,0,1,0,0,1,1,0,0,0,0,0,0,0,0,0,0,0,0,0,0,0
262456,10582117,-74.19828561728,4.60130723676,CL 72 B  S- KR 77 K  02,2022,Octubre,1,sábado,23,0,Bosa,Atropello,N/A,N/A,Con Heridos,0,0,0,0,0,0,1,0,0,0,0,0,0,0,0,0,0,0,0,0,0,0
262458,10582127,-74.138,4.566,AV AVENIDA BOYACA - CL 59  S 02,2022,Octubre,2,domingo,7,30,Tunjuelito,Choque,Vehículo,N/A,Con Heridos,0,0,0,0,0,1,0,1,0,0,0,0,0,0,0,0,0,0,0,0,0,0
262459,10582128,-74.081329892,4.60096886100001,AV AVENIDA CARACAS - CL 10   02,2022,Octubre,1,sábado,11,22,Santa Fe,Choque,Vehículo,N/A,Solo Daños,0,0,0,0,0,1,0,1,0,0,1,0,1,0,0,1,0,0,0,0,0,0
262461,10582169,-74.096,4.609,KR 30  - CL 8   02,2022,Octubre,3,lunes,8,0,Los Mártires,Choque,Vehículo,N/A,Con Heridos,0,0,0,0,0,1,0,0,0,0,0,0,0,0,0,0,0,0,0,0,0,0
262462,10582356,-74.078,4.781,CL 174  - KR 135   02,2022,Octubre,6,jueves,8,10,Suba,Choque,Vehículo,N/A,Con Heridos,0,0,0,0,0,1,0,0,0,0,0,0,0,0,0,0,0,0,0,0,0,0
262463,10582360,-74.084629835,4.58932906699999,KR 10  - CL 1   02,2022,Octubre,8,sábado,2,30,Antonio Nariño,Atropello,N/A,N/A,Con Muertos,0,0,0,0,0,0,1,0,0,0,0,0,0,0,0,0,0,0,0,0,0,0
262630,10583407,-74.09594325011,4.69122685874,KR 74 A  - CL 74   02,2022,Octubre,31,lunes,18,30,Engativá,Choque,Vehículo,N/A,Con Muertos,0,0,0,0,0,1,0,0,0,0,0,0,0,0,0,0,0,0,0,0,0,0
262631,10583413,-74.13591808993,4.65944600096,CL 17  - KR 86   02,2022,Octubre,30,domingo,14,25,Fontibón,Choque,Vehículo,N/A,Con Heridos,0,0,0,0,0,1,0,0,0,0,0,0,0,0,0,0,0,0,0,0,0,0
262632,10583414,-74.09628389065,4.59508582526,KR 24  - CL 1 D  02,2022,Octubre,31,lunes,18,30,Los Mártires,Choque,Vehículo,N/A,Con Heridos,0,0,0,0,0,1,0,0,0,0,0,0,0,0,0,0,0,0,0,0,0,0
262633,10583415,-74.1972194523,4.62054514959,KR 87 C  - CL 71  S 02,2022,Octubre,31,lunes,10,0,Bosa,Atropello,N/A,N/A,Con Heridos,0,0,0,0,1,1,1,0,0,0,0,0,0,0,0,0,0,0,0,0,0,0
262634,10583416,-74.11452559416,4.71227015579,CL 80  - KR 103   02,2022,Octubre,31,lunes,0,40,Engativá,Choque,Vehículo,N/A,Con Heridos,0,1,0,0,0,1,0,0,0,0,0,0,0,0,0,0,0,0,0,0,0,0
