_id,Codigo_Accidente,Longitud,Latitud,Direccion,AA_Acc,MM_Acc,DD_Mes_Acc,Dia_Semana_Acc,Hora_Acc,Min_Acc,Localidad,Clase_Acc,Elemento_Choque,Tipo_Objeto_Fijo,Gravedad_Indicador_Tradicional,Con_Bicicleta,Con_Carga,Con_Embriaguez,Con_Huecos,Con_Menores,Con_Moto,Con_Peaton,Con_Persona_Mayor,Con_Rutas,Con_Tpi,Con_Tpp,Con_Velocidad,Con_Sitp,Con_Troncal,Con_Alimentador,Con_Zonal,Con_Provisional,Con_Articulado,Con_Biarticulado,Con_Padron_Dual,Con_Servicio_Especial,Con_Taxi,TID_cercano,distancia_grados,distancia_metros_aprox,corredor_from,corredor_to,lat_corredor,lon_corredor,match_valido,vel_promedio_hora,vel_ponderada_hora,num_dispositivos,num_registros,tiene_velocidad,cam_idx,dist_camara_m,cerca_camara,corredor_camara,id_camara_cercana,anio
163802,10498634,-74.133316029,4.62971823499998,AV AVENIDA DE LAS AMERICAS-KR 71A 02,2019,Octubre,1,martes,15,5,Kennedy,Choque,Vehículo,,Solo Daños,0,0,0,0,0,0,0,0,0,0,0,0,0,0,0,0,0,0,0,0,0,0,1002293.0,0.0029190773212326,324.01758265681906,CL53,KR72;CL63,4.62701775,-74.13220770000001,1.0,13.0298480934375,,0.0,32.0,1.0,82,11.130021104788195,True,Av. Américas,DEI-039/CAM-01,2019
163820,10498652,-74.145369741,4.59746662200001,AV AVENIDA BOYACA-CL 44C S 02,2019,Octubre,1,martes,21,30,Kennedy,Choque,Vehículo,,Con Heridos,0,0,0,0,0,1,0,0,0,0,1,0,1,0,0,1,0,0,0,0,0,0,1000698.0,0.0031982965534943,355.0109174378763,"AV.AMERICAS,CL34",KR36;KR28,4.6006212,-74.14589674999999,1.0,31.167176152916667,,0.0,120.0,1.0,9,498.95012683743676,True,Av. Boyacá,DEI-006/CAM-02,2019
163824,10498656,-74.1233916,4.62692690799997,AK 68-CL 5 2,2019,Octubre,2,miércoles,9,0,Puente Aranda,Choque,Vehículo,,Con Heridos,0,0,0,0,1,1,0,0,0,0,0,0,0,0,0,0,0,0,0,0,0,0,65.0,0.0037879255988974,420.459741477615,AV.P.MAYO,KR80;KR3E,4.6307119,-74.12354065,1.0,17.169953413709678,,0.0,124.0,1.0,4,56.762186377742694,True,Av. Carrera 68,DEI-003/CAM-01,2019
163832,10499034,-74.111980126,4.66636892899999,AV AVENIDA BOYACA-CL 26 02,2019,Octubre,5,sábado,18,15,Fontibón,Choque,Vehículo,,Solo Daños,0,1,0,0,0,0,0,0,0,0,0,0,0,0,0,0,0,0,0,0,0,0,92.0,0.0058691143731811,651.4716954231075,"KR50,TV42,TV39",CL6;CL19,4.6708416,-74.1081799,0.0,19.72993769,,0.0,115.0,0.0,46,342.3009464977272,True,Av. Boyacá,DEI-023/CAM-01,2019
163835,10499037,-74.144344442,4.63089087600002,AV AVENIDA DE LAS AMERICAS-KR 76 02,2019,Octubre,5,sábado,9,0,Kennedy,Choque,Vehículo,,Solo Daños,0,1,0,0,0,0,0,0,0,0,0,0,0,0,0,0,0,0,0,0,0,0,1000961.0,0.0043923634515535,487.5523431224409,CL72,KR24;KR55,4.627228499999999,-74.1419196,1.0,21.072497940569104,,0.0,123.0,1.0,48,111.13836279033696,True,Av. Américas,DEI-024/CAM-01,2019
163837,10499039,-74.141396364,4.59413981,KR 54-CL 46 S 38,2019,Octubre,5,sábado,11,10,Tunjuelito,Choque,Vehículo,,Solo Daños,0,0,0,0,0,1,0,0,0,0,0,0,0,0,0,0,0,0,0,0,0,0,1000297.0,0.0023467562321187,260.4899417651823,CL1,KR21;AV.CARACAS,4.59354105,-74.14366545,1.0,19.854801857586207,,0.0,116.0,1.0,9,453.1285492804723,True,Av. Boyacá,DEI-006/CAM-02,2019
163842,10499044,-74.137288183,4.61619675600002,AV AVENIDA PRIMERA DE MAYO-KR 71B 02,2019,Octubre,5,sábado,10,22,Kennedy,Choque,Vehículo,,Solo Daños,0,0,0,0,0,0,0,0,0,0,0,0,0,0,0,0,0,0,0,0,0,0,90.0,0.0004748390764539,52.7071374863933,CL24,KR86;AV.AMERICAS,4.61621555,-74.13776265,1.0,15.465983206333334,,0.0,120.0,1.0,0,335.8952164983139,True,Av. Boyacá,DEI-001/CAM-01,2019
163846,10499048,-74.055577226,4.69874941799998,AK 45-CL 115 2,2019,Octubre,5,sábado,1,48,Usaquén,Choque,Vehículo,,Solo Daños,0,0,0,0,0,1,0,0,0,0,0,0,0,0,0,0,0,0,0,0,0,0,1002011.0,0.0016843176461511,186.95925872277525,AUTONORTE,PEPE.SIERRA;CL100,4.697067349999999,-74.05566425,1.0,55.10319819440367,,0.0,109.0,1.0,60,197.205661176997,True,Autopista Norte,DEI-029/CAM-03,2019
163852,10499424,-74.121206866,4.62553901500002,CL 4D-KR 65A 2,2019,Octubre,10,jueves,18,40,Puente Aranda,Choque,Vehículo,,Solo Daños,0,0,0,0,0,0,0,0,0,0,0,0,0,0,0,0,0,0,0,0,0,0,1001956.0,0.003706292544657,411.39847245693056,"CL68,CL72",KR58;KR70,4.6240064,-74.1178323,1.0,10.818246622033898,,0.0,118.0,1.0,4,284.12169247675854,True,Av. Carrera 68,DEI-003/CAM-01,2019
163860,10499432,-74.054840713,4.68130731700001,CL 94-KR 30 2,2019,Octubre,10,jueves,17,0,Chapinero,Choque,Vehículo,,Solo Daños,0,0,0,0,0,0,0,0,0,0,1,0,0,0,0,0,0,0,0,0,1,0,1000940.0,0.0010513253900905,116.6971183000504,CL24,KR14;KR10,4.681202,-74.05588675,1.0,12.66124541725,,0.0,120.0,1.0,17,436.93398282091755,True,Autopista Norte,DEI-010/CAM-01,2019
163868,10499440,-74.056963038,4.68861676099999,KR 45-CL 102 2,2019,Octubre,10,jueves,18,54,Usaquén,Choque,Vehículo,,Solo Daños,0,1,0,0,0,0,0,0,0,0,0,0,0,0,0,0,0,0,0,0,0,0,1000773.0,0.0048374448082749,536.9563737185215,KR50,CL33SUR;CL16SUR,4.6906399,-74.0613571,1.0,24.561638838555552,,0.0,90.0,1.0,33,104.69641748215253,True,Autopista Norte,DEI-017/CAM-02,2019
163870,10499442,-74.11469514,4.668366402,CL 25G-KR 73C 31,2019,Octubre,10,jueves,18,8,Fontibón,Choque,Vehículo,,Solo Daños,0,0,0,0,0,0,0,0,0,0,0,0,0,0,0,0,0,0,0,0,0,0,92.0,0.0069695736883103,773.6226794024518,"KR50,TV42,TV39",CL6;CL19,4.6708416,-74.1081799,0.0,19.72993769,,0.0,115.0,0.0,46,501.07631517724644,True,Av. Boyacá,DEI-023/CAM-01,2019
163873,10499812,-74.074253992,4.60709351700001,CL 19-KR 11 02,2019,Octubre,12,sábado,11,30,Santa Fe,Choque,Vehículo,,Solo Daños,0,0,0,0,0,1,0,0,0,0,0,0,0,0,0,0,0,0,0,0,0,0,1000653.0,0.0014043729315499,155.88539540204587,AV.CIRCUNVALAR,KR7;CL83,4.6066223,-74.07557695,1.0,21.0128751694958,,0.0,119.0,1.0,55,63.515970421961796,True,Av. Carrera 10,DEI-027/CAM-02,2019
163874,10499813,-74.110704839,4.70872872500001,AC 80-KR 100 02,2019,Octubre,13,domingo,19,45,Engativá,Choque,Vehículo,,Solo Daños,0,0,0,0,0,0,0,0,0,0,1,0,1,0,0,0,1,0,0,0,0,0,1000723.0,0.0124679047388998,1383.9374260178831,KR86,CL10;AV.AMERICAS,4.6984233,-74.11772245,0.0,8.595200996134453,,0.0,119.0,0.0,24,510.59592850399383,True,Av. Calle 80,DEI-013/CAM-02,2019
163881,10499820,-74.051488353,4.69980521100001,CL 118-KR 20 2,2019,Octubre,12,sábado,23,10,Usaquén,Choque,Vehículo,,Solo Daños,0,0,1,0,0,0,0,0,0,0,0,0,0,0,0,0,0,0,0,0,0,0,1002011.0,0.0049933954990641,554.2669003961216,AUTONORTE,PEPE.SIERRA;CL100,4.697067349999999,-74.05566425,1.0,51.16223484336207,,0.0,116.0,1.0,61,511.4110941864692,True,Autopista Norte,DEI-029/CAM-04,2019
163882,10499821,-74.05755676,4.68375147500001,KR 45-CL 95 02,2019,Octubre,13,domingo,13,0,Barrios Unidos,Choque,Vehículo,,Solo Daños,0,1,0,0,0,0,0,1,0,0,0,0,0,0,0,0,0,0,0,0,0,0,1000036.0,0.0010340204841968,114.77627374585072,AUTONORTE,CL82;CL80,4.6830666,-74.05833145,1.0,20.192449009919358,,0.0,124.0,1.0,17,41.77323419956958,True,Autopista Norte,DEI-010/CAM-01,2019
163885,10499824,-74.123928011,4.583846639,DG 41A-KR 26A S 02,2019,Octubre,13,domingo,12,20,Rafael Uribe Uribe,Choque,Vehículo,,Solo Daños,0,0,0,0,0,0,0,1,0,0,0,0,0,0,0,0,0,0,0,0,0,0,1000328.0,0.0017409837609344,193.2491974637265,AV.P.MAYO,AV.CARACAS;DIAG19SUR,4.5827155,-74.12260455,1.0,9.227180308870969,,0.0,124.0,1.0,7,494.69261014809405,True,Av. Gaitán Cortés,DEI-005/CAM-01,2019
163898,10500205,-74.050308943,4.69689448100002,KR 19-CL 112 2,2019,Octubre,18,viernes,20,1,Usaquén,Choque,Vehículo,,Solo Daños,0,0,0,0,0,1,0,1,0,0,0,0,0,0,0,0,0,0,0,0,0,0,1002011.0,0.0053580963742196,594.7486975383762,AUTONORTE,PEPE.SIERRA;CL100,4.697067349999999,-74.05566425,0.0,39.91394049594828,,0.0,116.0,0.0,61,534.0930790047927,True,Autopista Norte,DEI-029/CAM-04,2019
163900,10500207,-74.167962872,4.630417916,AV AVENIDA CIUDAD DE CALI-AC 42 S 2,2019,Octubre,19,sábado,2,50,Kennedy,Choque,Vehículo,,Solo Daños,0,0,1,0,0,0,0,0,0,1,0,0,0,0,0,0,0,0,0,0,0,1,148.0,0.0103593226627168,1149.8848155615683,AV.CL59SUR,KR81A;CL59SUR,4.6285372,-74.1577757,0.0,41.320998135,,0.0,8.0,0.0,79,533.0856423889632,True,Av. Ciudad de Cali,DEI-037/CAM-02,2019
163910,10500217,-74.089797765,4.582106963,KR 10-CL 11 S 02,2019,Octubre,19,sábado,6,0,San Cristóbal,Choque,Vehículo,,Solo Daños,0,1,0,0,0,0,0,0,0,0,1,0,0,0,0,0,0,0,0,0,0,0,1000214.0,0.0057187139393551,634.7772472684222,KR5,CL34;CL27,4.57950665,-74.0948911,0.0,27.829900327435897,,0.0,117.0,0.0,37,246.85761748194145,True,Av. Carrera 10,DEI-018/CAM-02,2019
163916,10500223,-74.145486892,4.59151156500002,AV AVENIDA BOYACA-CL 50 S 02,2019,Octubre,19,sábado,13,30,Ciudad Bolívar,Choque,Vehículo,,Con Heridos,0,0,0,0,0,1,0,0,0,0,1,0,1,0,0,1,0,0,0,0,0,0,1000297.0,0.0027269874082005,302.69560231026287,CL1,KR21;AV.CARACAS,4.59354105,-74.14366545,1.0,19.787965808655464,,0.0,119.0,1.0,8,159.87692603302477,True,Av. Boyacá,DEI-006/CAM-01,2019
163928,10500608,-74.076144613,4.66378178600002,KR 30-CL 68 2,2019,Octubre,22,martes,10,45,Barrios Unidos,Choque,Vehículo,,Solo Daños,0,0,0,0,0,1,0,0,0,0,0,0,0,0,0,0,0,0,0,0,0,0,1000189.0,0.0047221971045406,524.1638786040116,KR7,CL170;CL165,4.66734485,-74.0792436,1.0,26.746246561983472,,0.0,121.0,1.0,38,467.2461365819881,True,Av. NQS,DEI-019/CAM-01,2019
163929,10500609,-74.072237887,4.72498242299997,AV AVENIDA BOYACA-CL 132 02,2019,Octubre,22,martes,6,52,Suba,Choque,Vehículo,,Solo Daños,0,0,0,0,0,0,0,0,0,0,0,0,0,0,0,0,0,0,0,0,0,0,1001054.0,0.006511160016946,722.7387618810117,KR68,KR64;AV.SUBA,4.72398195,-74.06580405,0.0,24.72528953504348,,0.0,115.0,0.0,15,291.60503959016967,True,Av. Boyacá,DEI-009/CAM-01,2019
163931,10500611,-74.055062568,4.68117745400002,CL 94-KR 20 2,2019,Octubre,22,martes,7,12,Chapinero,Choque,Vehículo,,Solo Daños,0,0,0,0,0,0,0,0,0,1,0,0,0,0,0,0,0,0,0,0,0,1,1000940.0,0.0008245474366237,91.5247654652418,CL24,KR14;KR10,4.681202,-74.05588675,1.0,12.923662040731706,,0.0,123.0,1.0,17,427.33421977017537,True,Autopista Norte,DEI-010/CAM-01,2019
163933,10500613,-74.110534595,4.708570947,CL 80-KR 98 2,2019,Octubre,22,martes,10,30,Engativá,Choque,Vehículo,,Solo Daños,0,0,0,0,0,0,0,0,0,0,1,0,1,0,1,0,0,0,0,0,0,0,1000759.0,0.0123013252630123,1365.4471041943757,KR80,CL26SUR;CL38CSUR,4.69774235,-74.10469815,0.0,20.426535329166665,,0.0,120.0,0.0,24,536.3549682365473,True,Av. Calle 80,DEI-013/CAM-02,2019
163936,10500616,-74.070175128,4.60450401899999,CL 19-KR 5 02,2019,Octubre,22,martes,13,25,Santa Fe,Choque,Vehículo,,Solo Daños,0,0,0,0,0,0,0,0,0,0,1,0,1,0,0,1,1,0,0,0,0,0,2.0,0.0005151983208,57.18701360880197,KR7,CL32;CL188,4.60499885,-74.0700317,1.0,19.750025137807015,,0.0,114.0,1.0,54,472.61753705716177,True,Av. Carrera 10,DEI-027/CAM-01,2019
163951,10501015,-74.124608975,4.62434774500002,CL 3-KR 68 2,2019,Octubre,25,viernes,13,0,Puente Aranda,Volcamiento,,,Solo Daños,0,0,0,1,0,1,0,0,0,0,0,0,0,0,0,0,0,0,0,0,0,0,49.0,0.0062956979290183,698.8224701210389,CL53,KR68;KR7,4.62874205,-74.1291174,0.0,13.695054735483872,,0.0,124.0,0.0,4,371.45758925197487,True,Av. Carrera 68,DEI-003/CAM-01,2019
163955,10501019,-74.05458158,4.70036150200002,AV AVENIDA PASEO DE LOS LIBERTADORES-CL 118 02,2019,Octubre,25,viernes,14,0,Usaquén,Choque,Vehículo,,Solo Daños,0,0,0,0,0,0,0,0,0,0,0,0,0,0,0,0,0,0,0,0,0,0,1002011.0,0.0034675079997235,384.89338796931753,AUTONORTE,PEPE.SIERRA;CL100,4.697067349999999,-74.05566425,1.0,36.31844538951613,,0.0,124.0,1.0,61,381.17118368146333,True,Autopista Norte,DEI-029/CAM-04,2019
163958,10501023,-74.077993021,4.653928028,KR 30-CL 63B 02,2019,Octubre,25,viernes,6,40,Barrios Unidos,Choque,Vehículo,,Solo Daños,0,0,0,0,0,0,0,1,0,1,0,0,0,0,0,0,0,0,0,0,0,1,1000093.0,0.0006006561442539,66.6728320121903,KR7,CL147;CL153,4.6537385,-74.07742305,1.0,41.38122110913978,,0.0,93.0,1.0,31,496.1499686979302,True,Av. NQS,DEI-016/CAM-03,2019
163962,10501027,-74.105146382,4.66970762800003,CL 53-KR 71 2,2019,Octubre,27,domingo,10,50,Engativá,Choque,Vehículo,,Solo Daños,0,0,0,0,0,0,0,0,0,0,1,0,1,0,0,1,0,0,0,0,0,0,1002275.0,0.0014530836271502,161.29228261367237,CL153,KR54;KR56,4.6682687000000005,-74.10494405,1.0,21.75272562375,,0.0,8.0,1.0,10,239.9541496839905,True,Av. Boyacá,DEI-007/CAM-01,2019
163968,10501033,-74.147256278,4.63450859199997,CL 6C-KR 78C 87,2019,Octubre,25,viernes,13,2,Kennedy,Choque,Vehículo,,Solo Daños,0,0,0,0,0,0,0,0,0,0,1,0,1,0,0,1,0,0,0,0,1,0,131.0,0.0067113360733658,744.9583041436078,"KR78K,CL41SUR",CL26SUR;AV.P.MAYO,4.6381608,-74.14162569999999,0.0,12.08874682325,,0.0,120.0,0.0,49,385.31839864306016,True,Av. Américas,DEI-024/CAM-02,2019
163972,10501410,-74.140187246,4.61666702899998,KR 72-CL 34 S 02,2019,Octubre,31,jueves,18,16,Kennedy,Choque,Vehículo,,Con Heridos,0,0,0,0,0,1,0,0,0,0,0,0,0,0,0,0,0,0,0,0,0,0,90.0,0.0024662722985562,273.75622513974804,CL24,KR86;AV.AMERICAS,4.61621555,-74.13776265,1.0,17.91012051875,,0.0,120.0,1.0,0,111.68759168719272,True,Av. Boyacá,DEI-001/CAM-01,2019
163975,10501413,-74.124090617,4.62907009399999,AV AVENIDA DE LAS AMERICAS-KR 68A 02,2019,Octubre,31,jueves,13,40,Kennedy,Choque,Vehículo,,Con Heridos,1,0,0,0,0,0,0,0,0,0,0,0,0,0,0,0,0,0,0,0,0,0,65.0,0.0017314706589358,192.19324314187492,AV.P.MAYO,KR80;KR3E,4.6307119,-74.12354065,1.0,17.309722234308943,,0.0,123.0,1.0,5,206.112450057713,True,Av. Carrera 68,DEI-003/CAM-02,2019
163995,10501435,-74.076376509,4.60247004500002,KR 10-CL 14 2,2019,Octubre,30,miércoles,14,31,Santa Fe,Caida de ocupante,,,Con Heridos,0,0,0,0,0,0,0,1,0,0,1,0,0,0,0,0,0,0,0,0,0,0,1000653.0,0.004228535938045,469.3674891230047,AV.CIRCUNVALAR,KR7;CL83,4.6066223,-74.07557695,1.0,18.09005454814516,,0.0,124.0,1.0,54,510.1312999999406,True,Av. Carrera 10,DEI-027/CAM-01,2019
164193,10498660,-74.170586397,4.62835879699998,AV AVENIDA CIUDAD DE CALI-CL 43 S 02,2019,Octubre,2,miércoles,22,35,Kennedy,Choque,Vehículo,,Con Heridos,0,0,0,0,0,1,0,0,0,0,0,0,0,0,0,0,0,0,0,0,0,0,148.0,0.0128119391684482,1422.125247697756,AV.CL59SUR,KR81A;CL59SUR,4.6285372,-74.1577757,0.0,17.9651675825,,0.0,8.0,0.0,79,171.57209235145027,True,Av. Ciudad de Cali,DEI-037/CAM-02,2019
164197,10498664,-74.15333435,4.6359372,AV AVENIDA DE LAS AMERICAS-KR 80G 2,2019,Octubre,2,miércoles,6,10,Kennedy,Choque,Vehículo,,Con Heridos,0,1,0,0,0,1,0,0,0,0,0,0,0,0,0,0,0,0,0,0,0,0,148.0,0.0086305034512803,957.9858830921164,AV.CL59SUR,KR81A;CL59SUR,4.6285372,-74.1577757,0.0,16.17772341625,,0.0,8.0,0.0,49,455.52777757205934,True,Av. Américas,DEI-024/CAM-02,2019
164204,10498671,-74.072453542,4.66865857400001,AK 30-CL 73 53,2019,Octubre,2,miércoles,20,50,Barrios Unidos,Choque,Vehículo,,Con Heridos,0,0,0,0,0,1,0,0,0,0,0,0,0,0,0,0,0,0,0,0,0,0,1000203.0,0.0027453230918056,304.7308631904297,KR7,CL188;CL175,4.6708734,-74.0708314,1.0,25.200818530416665,,0.0,120.0,1.0,39,35.69625530077019,True,Av. NQS,DEI-019/CAM-02,2019
164210,10498677,-74.054714914,4.69965746299999,KR 45-CL 116 02,2019,Octubre,2,miércoles,23,30,Usaquén,Volcamiento,,,Con Heridos,0,0,0,0,0,1,0,0,0,0,0,0,0,0,0,0,0,0,0,0,0,0,1002011.0,0.0027586091048977,306.2056106436453,AUTONORTE,PEPE.SIERRA;CL100,4.697067349999999,-74.05566425,1.0,51.16223484336207,,0.0,116.0,1.0,61,301.67815010712474,True,Autopista Norte,DEI-029/CAM-04,2019
164211,10498678,-74.106712459,4.70104499299998,CL 75-KR 89B 2,2019,Octubre,1,martes,17,50,Engativá,Atropello,,,Con Heridos,0,0,0,0,0,1,1,0,0,0,0,1,0,0,0,0,0,0,0,0,0,0,1000759.0,0.003868448207324,429.3977510129687,KR80,CL26SUR;CL38CSUR,4.69774235,-74.10469815,1.0,22.639268231916667,,0.0,120.0,1.0,41,422.2134197212147,True,Av. Ciudad de Cali,DEI-020/CAM-02,2019
164212,10498679,-74.122628407,4.62893549199998,AV AVENIDA DE LAS AMERICAS-KR 68 02,2019,Octubre,1,martes,13,36,Kennedy,Atropello,,,Con Heridos,0,0,0,0,0,1,1,0,0,1,0,0,0,0,0,0,0,0,0,0,0,1,65.0,0.0019969508440588,221.6615436905373,AV.P.MAYO,KR80;KR3E,4.6307119,-74.12354065,1.0,17.309722234308943,,0.0,123.0,1.0,5,155.65816452712087,True,Av. Carrera 68,DEI-003/CAM-02,2019
164217,10499054,-74.103594172,4.70417983900001,CL 80-KR 89A 2,2019,Octubre,5,sábado,0,30,Engativá,Choque,Vehículo,,Solo Daños,0,0,0,0,0,0,0,0,0,1,0,0,0,0,0,0,0,0,0,0,0,1,1000963.0,0.0051528663075919,571.9681601427094,CL72,KR64;KR70,4.7019356,-74.0989557,0.0,30.353321635333334,,0.0,120.0,0.0,40,384.26933475500147,True,Av. Ciudad de Cali,DEI-020/CAM-01,2019
164218,10499055,-74.111913046,4.71320730899998,KR 102-CL 81A 02,2019,Octubre,5,sábado,15,49,Engativá,Choque,Vehículo,,Solo Daños,0,0,0,0,0,0,0,0,0,0,1,0,0,0,0,0,0,0,0,0,0,0,1001349.0,0.0132573625728877,1471.5672455905426,CL92,KR19B;KR15,4.7171787,-74.0992645,0.0,18.79616009699187,,0.0,123.0,0.0,24,272.8117732440981,True,Av. Calle 80,DEI-013/CAM-02,2019
164232,10499069,-74.124749606,4.725712757,CL 80-KR 117 2,2019,Octubre,6,domingo,8,10,Engativá,Choque,Vehículo,,Con Heridos,1,0,0,0,0,0,0,0,0,1,0,0,0,0,0,0,0,0,0,0,0,1,103.0,0.014611442070512,1621.8700698268374,DIAG16,KR129;CL17,4.71384325,-74.1332707,0.0,23.414637538387097,,0.0,124.0,0.0,69,412.4228455167868,True,Av. Calle 80,DEI-033/CAM-02,2019
164235,10499072,-74.139957105,4.61884674200002,AV AVENIDA PRIMERO DE MAYO-KR 72C 2,2019,Octubre,7,lunes,7,50,Kennedy,Choque,Vehículo,,Con Heridos,1,0,0,0,0,0,0,1,0,0,1,0,1,0,0,1,0,0,0,0,0,0,90.0,0.003426193819382,380.30751395140425,CL24,KR86;AV.AMERICAS,4.61621555,-74.13776265,1.0,18.04835405133333,,0.0,120.0,1.0,0,354.95502281530395,True,Av. Boyacá,DEI-001/CAM-01,2019
164242,10499449,-74.055405433,4.69536033100002,AV AVENIDA PASEO DE LOS LIBERTADORES-CL 108 02,2019,Octubre,10,jueves,12,20,Usaquén,Choque,Vehículo,,Solo Daños,0,0,0,0,0,0,0,0,0,0,0,0,0,0,0,0,0,0,0,0,0,0,1002011.0,0.0017265283391186,191.64464564216735,AUTONORTE,PEPE.SIERRA;CL100,4.697067349999999,-74.05566425,1.0,29.172425858951616,,0.0,124.0,1.0,59,139.4960765913983,True,Autopista Norte,DEI-029/CAM-02,2019
164247,10499454,-74.057214005,4.68739177499998,KR 45-CL 100 2,2019,Octubre,10,jueves,12,19,Usaquén,Choque,Vehículo,,Solo Daños,0,0,0,0,0,0,0,1,0,0,0,0,0,0,0,0,0,0,0,0,0,0,1000036.0,0.0044671939859886,495.8585324447452,AUTONORTE,CL82;CL80,4.6830666,-74.05833145,1.0,20.520514899112904,,0.0,124.0,1.0,33,241.37413836362722,True,Autopista Norte,DEI-017/CAM-02,2019
164249,10499456,-74.139859478,4.617935252,KR 72-CL 31 S 02,2019,Octubre,10,jueves,7,38,Kennedy,Choque,Vehículo,,Con Heridos,0,0,0,0,0,1,0,0,0,0,0,0,0,0,0,0,0,0,0,0,0,0,90.0,0.0027118375007389,301.0139625820184,CL24,KR86;AV.AMERICAS,4.61621555,-74.13776265,1.0,18.04835405133333,,0.0,120.0,1.0,0,256.1349642834655,True,Av. Boyacá,DEI-001/CAM-01,2019
164251,10499458,-74.037294116,4.694460983,KR 11-CL 115 2,2019,Octubre,10,jueves,21,40,Usaquén,Choque,Vehículo,,Con Heridos,0,0,0,0,0,1,0,0,0,0,0,0,0,0,0,0,0,0,0,0,0,0,1002017.0,0.0094328165724321,1047.0426395399677,AUTONORTE,ALCALA;PRADO,4.6892508,-74.04515745,0.0,50.47119648070797,,0.0,113.0,0.0,70,274.00662790291875,True,Av. Carrera 9,DEI-034/CAM-01,2019
164256,10499464,-74.138096408,4.630372846,AV AVENIDA DE LAS AMERICAS-AV AVENIDA BOYACA 2,2019,Octubre,9,miércoles,6,10,Kennedy,Choque,Vehículo,,Con Heridos,0,0,0,0,0,1,0,0,0,0,0,0,0,0,0,0,0,0,0,0,0,0,1000780.0,0.0042538618515043,472.17866551697927,CL6,KR42;KR36,4.62659345,-74.1361441,1.0,36.81296984478632,,0.0,117.0,1.0,2,197.98503747146884,True,Av. Boyacá,DEI-002/CAM-01,2019
164260,10499468,-74.077992043,4.68473463200002,KR 68-CL 80 2,2019,Octubre,9,miércoles,17,36,Barrios Unidos,Choque,Vehículo,,Con Heridos,1,0,0,0,0,1,0,0,0,0,0,0,0,0,0,0,0,0,0,0,0,0,1001209.0,0.0049200571816538,546.1263471635767,NQS,KR68;KR62B,4.688212200000001,-74.0745116,1.0,21.27096028887931,,0.0,116.0,1.0,72,38.45685698947117,True,Av. Carrera 68,DEI-035/CAM-01,2019
164268,10499842,-74.144861045,4.56799299300002,CL 61-KR 22B S 2,2019,Octubre,12,sábado,15,40,Ciudad Bolívar,Choque,Vehículo,,Solo Daños,0,0,0,0,0,0,0,1,0,0,0,0,0,0,0,0,0,0,0,0,0,0,56.0,0.0116333644881835,1291.3034581883794,CL6,AV.CARACAS;KR42,4.574981,-74.13556034999999,0.0,16.49193247096774,,0.0,124.0,0.0,53,521.4645173541413,True,Av Villavicencio,DEI-026/CAM-02,2019
164269,10499843,-74.110509781,4.70854724200001,CL 80-KR 98 02,2019,Octubre,14,lunes,23,50,Engativá,Choque,Vehículo,,Solo Daños,0,0,0,0,0,0,0,0,0,0,0,0,0,0,0,0,0,0,0,0,0,0,1000759.0,0.0122686896615745,1361.82455243478,KR80,CL26SUR;CL38CSUR,4.69774235,-74.10469815,0.0,28.576434502833333,,0.0,120.0,0.0,24,540.1641116068663,True,Av. Calle 80,DEI-013/CAM-02,2019
164288,10500232,-74.183796684,4.62246890400002,KR 86C-CL 56B S 2,2019,Octubre,18,viernes,16,22,Bosa,Choque,Vehículo,,Con Heridos,0,0,0,0,0,1,0,0,0,1,0,0,0,0,0,0,0,0,0,0,0,1,76.0,0.0161662218205824,1794.4506220846474,KR86,CL57BSUR;KR91,4.616729,-74.1989096,0.0,17.13544491698276,,0.0,116.0,0.0,65,541.6971737233572,True,Av. Ciudad de Cali,DEI-031/CAM-02,2019
164290,10500234,-74.069885448,4.72396878000001,CL 132-KR 59A 2,2019,Octubre,18,viernes,13,0,Suba,Choque,Vehículo,,Con Heridos,1,0,0,0,0,0,0,0,0,0,0,0,0,0,0,0,0,0,0,0,0,0,1001054.0,0.0040814192486532,453.0375366005088,KR68,KR64;AV.SUBA,4.72398195,-74.06580405,1.0,22.055622617692308,,0.0,117.0,1.0,15,453.75868490716164,True,Av. Boyacá,DEI-009/CAM-01,2019
164291,10500235,-74.17893913,4.624160297,KR 86-CL 53 S 2,2019,Octubre,18,viernes,15,10,Bosa,Choque,Vehículo,,Con Heridos,0,0,0,0,0,1,0,0,0,0,0,0,0,0,0,0,0,0,0,0,0,0,76.0,0.0213083046515368,2365.221816320587,KR86,CL57BSUR;KR91,4.616729,-74.1989096,0.0,17.05702066605042,,0.0,119.0,0.0,65,35.693111380928514,True,Av. Ciudad de Cali,DEI-031/CAM-02,2019
164292,10500236,-74.140330776,4.61434672399997,AV AVENIDA BOYACA-AC 36C S 2,2019,Octubre,20,domingo,21,40,Kennedy,Choque,Vehículo,,Con Heridos,0,0,0,0,0,1,0,0,0,0,0,0,0,0,0,0,0,0,0,0,0,0,90.0,0.003176126850468,352.5500804019532,CL24,KR86;AV.AMERICAS,4.61621555,-74.13776265,1.0,22.70796299708333,,0.0,120.0,1.0,1,116.94833350218359,True,Av. Boyacá,DEI-001/CAM-02,2019
164293,10500237,-74.14070729,4.61419856999999,AV AVENIDA BOYACA-KR 37 14,2019,Octubre,19,sábado,17,5,Kennedy,Choque,Vehículo,,Con Heridos,1,0,0,0,0,0,0,0,0,0,1,0,0,0,0,0,0,0,0,0,0,0,90.0,0.0035691894107782,396.1800245963821,CL24,KR86;AV.AMERICAS,4.61621555,-74.13776265,1.0,18.2512843845,,0.0,120.0,1.0,1,142.05423999960863,True,Av. Boyacá,DEI-001/CAM-02,2019
164300,10500244,-74.078631068,4.68359440900002,CL 80-KR 65 2,2019,Octubre,20,domingo,9,10,Barrios Unidos,Choque,Vehículo,,Con Heridos,1,0,0,0,0,0,0,0,0,0,0,0,0,0,0,0,0,0,0,0,0,0,86.0,0.0044508095760391,494.0398629403487,KR50,CL53;CL17,4.67926125,-74.07964765,1.0,22.938507312666665,,0.0,120.0,1.0,72,182.76167126040144,True,Av. Carrera 68,DEI-035/CAM-01,2019
164313,10500629,-74.148586474,4.57053638999997,CL 61-KR 30 S 2,2019,Octubre,13,domingo,6,55,Ciudad Bolívar,Choque,Vehículo,,Con Heridos,0,0,0,0,1,1,0,0,0,0,1,0,1,0,1,0,0,0,0,0,0,0,56.0,0.0137635193361262,1527.7506463100103,CL6,AV.CARACAS;KR42,4.574981,-74.13556034999999,0.0,24.1105073275,,0.0,116.0,0.0,53,22.95528072303602,True,Av Villavicencio,DEI-026/CAM-02,2019
164316,10500632,-74.126760167,4.59158425099997,DG 40-KR 38A S 2,2019,Octubre,22,martes,18,53,Antonio Nariño,Choque,Vehículo,,Con Heridos,0,0,0,0,0,1,0,0,0,1,0,0,0,0,0,0,0,0,0,0,0,1,1000955.0,0.0049082930243978,544.820525708157,AV.P.MAYO,KR52A;KR69B,4.59631235,-74.1280779,1.0,17.479559694621848,,0.0,119.0,1.0,7,425.30880513140715,True,Av. Gaitán Cortés,DEI-005/CAM-01,2019
164318,10500634,-74.075267297,4.72050424899999,AV AVENIDA BOYACA-CL 129 02,2019,Octubre,23,miércoles,7,1,Suba,Choque,Vehículo,,Con Heridos,0,0,0,0,0,1,0,0,0,0,0,0,0,0,0,0,0,0,0,0,0,0,1001047.0,0.0053836061303239,597.5802804659562,KR68,CL66;CL19,4.718268699999999,-74.0801648,0.0,32.43633154276423,,0.0,123.0,0.0,16,287.54013127105804,True,Av. Boyacá,DEI-009/CAM-02,2019
164319,10500635,-74.102178431,4.74298589799997,CL 139-KR 110B 02,2019,Octubre,23,miércoles,6,20,Suba,Choque,Vehículo,,Con Heridos,1,0,0,0,0,0,0,0,0,0,1,0,1,0,0,0,1,0,0,0,0,0,1000951.0,0.0041322935674896,458.6845859913559,AV.SUBA,CL127;HUMEDAL.CORDOBA,4.7388854,-74.1016668,1.0,33.89236183460177,,0.0,113.0,1.0,27,530.0931527177521,True,Av. Ciudad de Cali,DEI-015/CAM-01,2019
164323,10500639,-74.115775146,4.66178292799998,AV AVENIDA BOYACA-CL 24 2,2019,Octubre,23,miércoles,8,45,Fontibón,Choque,Vehículo,,Con Heridos,1,0,0,0,0,0,0,0,0,0,0,0,0,0,0,0,0,0,0,0,0,0,61.0,0.0056684373893543,629.1965502183373,CL19,KR36;KR5,4.65795775,-74.11995834999999,0.0,13.83611303451613,,0.0,124.0,0.0,47,314.1417745228831,True,Av. Boyacá,DEI-023/CAM-02,2019
164335,10500651,-74.138159874,4.62832368099998,AV AVENIDA BOYACA-CL 5A 02,2019,Octubre,23,miércoles,6,50,Kennedy,Atropello,,,Con Heridos,0,0,0,0,0,1,1,0,0,0,1,0,1,0,0,1,0,0,0,0,0,0,1000780.0,0.002656509765156,294.87258393232213,CL6,KR42;KR36,4.62659345,-74.1361441,1.0,36.81296984478632,,0.0,117.0,1.0,3,32.18754824205787,True,Av. Boyacá,DEI-002/CAM-02,2019
164338,10501038,-74.179377017,4.597075507,AV AVENIDA DEL SUR-CL 63 S 2,2019,Octubre,27,domingo,10,0,Bosa,Choque,Vehículo,,Solo Daños,0,0,0,0,0,0,0,0,0,0,1,0,0,0,0,0,0,0,0,0,0,0,149.0,0.0054506356386148,605.020555886245,AV.CL59SUR,CL59SUR;KR81A,4.6025243,-74.1792353,0.0,22.54012729125,,0.0,8.0,0.0,80,388.1686406482093,True,Autopista Sur,DEI-038/CAM-01,2019
164346,10501046,-74.071677047,4.72565549699999,AV AVENIDA BOYACA-CL 133 2,2019,Octubre,28,lunes,22,0,Suba,Choque,Vehículo,,Solo Daños,0,0,0,0,0,0,0,1,0,0,0,0,0,0,0,0,0,0,0,0,0,0,1000062.0,0.0059309788335861,658.3386505280571,KR15,CL92;CL94,4.7303056,-74.0679956,0.0,23.042059960333333,,0.0,120.0,0.0,15,388.7824437104152,True,Av. Boyacá,DEI-009/CAM-01,2019
164350,10501050,-74.137950762,4.63072230699998,AV AVENIDA BOYACA-CL 6 2,2019,Octubre,28,lunes,7,49,Kennedy,Choque,Vehículo,,Solo Daños,0,0,0,0,0,0,0,0,0,0,1,0,0,0,0,0,0,0,0,0,1,0,1000780.0,0.0045068267892779,500.2577736098499,CL6,KR42;KR36,4.62659345,-74.1361441,1.0,34.27590339390244,,0.0,123.0,1.0,2,236.37538872317424,True,Av. Boyacá,DEI-002/CAM-01,2019
164352,10501052,-74.144127108,4.61272102200002,CL 38-KR 72K S 2,2019,Octubre,26,sábado,9,31,Kennedy,Choque,Vehículo,,Solo Daños,0,0,0,0,0,0,0,0,0,0,0,0,0,0,0,0,0,0,0,0,0,0,90.0,0.0072607197698643,805.939894454938,CL24,KR86;AV.AMERICAS,4.61621555,-74.13776265,0.0,15.698197406048388,,0.0,124.0,0.0,1,521.9715222181704,True,Av. Boyacá,DEI-001/CAM-02,2019
164369,10501445,-74.136033667,4.65942091099998,CL 13-KR 86 02,2019,Octubre,30,miércoles,12,35,Fontibón,Choque,Vehículo,,Solo Daños,0,1,0,0,0,0,0,1,0,0,0,0,0,0,0,0,0,0,0,0,0,0,1001016.0,0.0039732720608231,441.0331987513665,KR72,CL127;CL75,4.6623088,-74.13330475000001,1.0,27.86710079895161,,0.0,124.0,1.0,20,355.6937588138934,True,Av. Ciudad de Cali,DEI-011/CAM-01,2019
164371,10501447,-74.09121385,4.57733974899998,CL 17-KR 8A S 02,2019,Octubre,30,miércoles,19,44,San Cristóbal,Choque,Vehículo,,Solo Daños,0,0,0,0,0,0,0,0,0,1,0,0,0,0,0,0,0,0,0,0,0,1,1000214.0,0.0042682112771459,473.7714517632008,KR5,CL34;CL27,4.57950665,-74.0948911,1.0,23.156077573416667,,0.0,120.0,1.0,37,328.02156133592865,True,Av. Carrera 10,DEI-018/CAM-02,2019
164374,10501450,-74.052962172,4.70509837700001,KR 23-CL 124 87,2019,Octubre,30,miércoles,18,22,Usaquén,Choque,Vehículo,,Solo Daños,0,0,0,0,0,0,0,1,0,0,0,0,0,0,0,0,0,0,0,0,0,0,18.0,0.0043744730970055,485.5665137676202,CL85,KR15;KR7,4.7093504,-74.0519344,1.0,7.978353593166667,,0.0,120.0,1.0,77,472.87300790972307,True,Autopista Norte,DEI-036/CAM-04,2019
164381,10501458,-74.154101814,4.63207697199999,DG 2-KR 80 02,2019,Octubre,30,miércoles,18,30,Kennedy,Choque,Vehículo,,Solo Daños,0,0,0,0,0,0,0,0,0,0,1,0,1,0,1,0,0,0,0,0,0,0,148.0,0.0051017079642919,566.289584036411,AV.CL59SUR,KR81A;CL59SUR,4.6285372,-74.1577757,0.0,15.73757716625,,0.0,8.0,0.0,49,424.01282633298644,True,Av. Américas,DEI-024/CAM-02,2019
164582,10498683,-74.044027174,4.669480502,AV AVENIDA CIRCUNVALAR-CL 88 02,2019,Octubre,2,miércoles,9,15,Chapinero,Volcamiento,,,Con Heridos,0,1,0,0,0,1,0,1,0,0,0,0,0,0,0,0,0,0,0,0,0,0,1000191.0,0.0051661523774814,573.4429139004392,KR9,CL161;CL147,4.67150165,-74.04878155,0.0,19.80429438564516,,0.0,124.0,0.0,57,520.3377099977617,True,Av. Carrera 7,DEI-028/CAM-02,2019
164587,10498688,-74.061293956,4.645435873,CL 7-KR 60 46,2019,Octubre,2,miércoles,10,20,Chapinero,Atropello,,,Con Heridos,0,0,0,0,0,0,1,0,0,0,0,0,0,0,0,0,0,0,0,0,0,0,1000307.0,0.0046560623343867,516.8229191169268,KR10,CL24;CL19,4.6413462,-74.0635196,1.0,11.851297828739495,,0.0,119.0,1.0,42,435.01878632210634,True,Av. Caracas,DEI-021/CAM-01,2019
164589,10498690,-74.144812545,4.567961266,AV AVENIDA CIUDAD DE VILLAVICENCIO-KR 22B 02,2019,Octubre,1,martes,15,0,Ciudad Bolívar,Choque,Vehículo,,Solo Daños,0,0,0,0,0,0,0,0,0,0,0,0,0,0,0,0,0,0,0,0,0,0,56.0,0.0116137753443407,1289.1290632218245,CL6,AV.CARACAS;KR42,4.574981,-74.13556034999999,0.0,16.49193247096774,,0.0,124.0,0.0,53,527.8975888609406,True,Av Villavicencio,DEI-026/CAM-02,2019
164595,10498696,-74.061087837,4.68772109399998,CL 100-KR 49 41,2019,Octubre,2,miércoles,9,10,Barrios Unidos,Choque,Vehículo,,Solo Daños,0,1,0,0,0,0,0,1,0,0,0,0,0,0,0,0,0,0,0,0,0,0,1000773.0,0.0029311995887207,325.3631543480045,KR50,CL33SUR;CL16SUR,4.6906399,-74.0613571,1.0,21.546474965,,0.0,100.0,1.0,32,485.5965865190323,True,Autopista Norte,DEI-017/CAM-01,2019
164610,10499081,-74.075576211,4.60391244200002,KR 10-CL 15 68,2019,Octubre,7,lunes,13,0,Santa Fe,Choque,Vehículo,,Solo Daños,1,0,0,0,0,0,0,0,0,0,1,0,1,1,0,0,0,0,0,1,0,0,1000653.0,0.0027098581007454,300.79424918274094,AV.CIRCUNVALAR,KR7;CL83,4.6066223,-74.07557695,1.0,16.530962713306455,,0.0,124.0,1.0,54,327.2573786951942,True,Av. Carrera 10,DEI-027/CAM-01,2019
164611,10499082,-74.06474336,4.649767408,KR 14-CL 63 2,2019,Octubre,6,domingo,20,15,Teusaquillo,Atropello,,,Con Heridos,0,0,0,0,0,0,1,0,0,0,0,0,0,0,0,0,0,0,0,0,0,0,1002025.0,0.0028967487557412,321.53911188727886,AUTONORTE,SANTA.FE;TOBERIN,4.64911745,-74.06756625,1.0,40.73539830858333,,0.0,120.0,1.0,43,261.67722335750955,True,Av. Caracas,DEI-021/CAM-02,2019
164617,10499088,-74.075148913,4.66603662400001,KR 30-CL 71 2,2019,Octubre,7,lunes,17,0,Barrios Unidos,Otro,,,Con Heridos,0,0,0,0,0,0,0,1,0,0,1,0,1,1,0,0,0,1,0,0,0,0,1000201.0,0.0037122988212388,412.0651691575093,KR7,CL175;CL170,4.6690147500000005,-74.0773652,1.0,22.62540245225,,0.0,120.0,1.0,38,197.51023345575462,True,Av. NQS,DEI-019/CAM-01,2019
164626,10499098,-74.083321659,4.62411110300002,KR 30-CL 23BIS 02,2019,Octubre,5,sábado,8,0,Los Mártires,Choque,Vehículo,,Solo Daños,0,0,0,0,0,0,0,0,0,0,0,0,0,0,0,0,0,0,0,0,0,0,1001982.0,0.0039079339671546,433.7806703541688,NQS,CAD;AV.DORADO,4.6206293,-74.08509620000001,1.0,26.90064945282051,,0.0,39.0,1.0,21,331.260912301189,True,Av. NQS,DEI-012/CAM-01,2019
164630,10499474,-74.104403638,4.69838293100003,AV AVENIDA CIUDAD DE CALI-CL 74BIS 02,2019,Octubre,9,miércoles,18,7,Engativá,Choque,Vehículo,,Con Heridos,1,0,0,0,0,0,0,0,0,0,1,0,0,0,0,0,0,0,0,0,0,0,1000759.0,0.0007050399532995,78.25943481625025,KR80,CL26SUR;CL38CSUR,4.69774235,-74.10469815,1.0,20.5000750805,,0.0,120.0,1.0,41,284.47986082240124,True,Av. Ciudad de Cali,DEI-020/CAM-02,2019
164640,10499484,-74.177394157,4.59681784399999,CL 59-KR 77G S 31,2019,Octubre,9,miércoles,14,56,Bosa,Choque,Vehículo,,Con Heridos,0,0,0,0,0,1,0,0,0,0,0,0,0,0,0,0,0,0,0,0,0,0,149.0,0.00599611938061,665.5692512477167,AV.CL59SUR,CL59SUR;KR81A,4.6025243,-74.1792353,0.0,25.22058833375,,0.0,8.0,0.0,80,166.260380769096,True,Autopista Sur,DEI-038/CAM-01,2019
164664,10499874,-74.078232649,4.65305317399998,KR 30-CL 63A 02,2019,Octubre,13,domingo,7,45,Barrios Unidos,Choque,Vehículo,,Solo Daños,0,0,0,0,0,1,0,0,0,0,0,0,0,0,0,0,0,0,0,0,0,0,1000093.0,0.0010607178074855,117.73967663089248,KR7,CL147;CL153,4.6537385,-74.07742305,1.0,36.98137060873684,,0.0,95.0,1.0,31,395.88559127155526,True,Av. NQS,DEI-016/CAM-03,2019
164665,10499875,-74.056848745,4.68971576899997,AK 45-CL 103 2,2019,Octubre,13,domingo,18,33,Usaquén,Choque,Vehículo,,Solo Daños,0,0,0,0,0,0,0,0,0,0,0,0,0,0,0,0,0,0,0,0,0,0,1000773.0,0.0046020954913201,510.8325995365378,KR50,CL33SUR;CL16SUR,4.6906399,-74.0613571,1.0,24.561638838555552,,0.0,90.0,1.0,33,26.174689905723966,True,Autopista Norte,DEI-017/CAM-02,2019
164667,10499877,-74.075465286,4.71895380500001,AV AVENIDA BOYACA-KR 128B 02,2019,Octubre,13,domingo,5,48,Suba,Choque,Vehículo,,Solo Daños,0,0,1,0,0,1,0,0,0,0,0,0,0,0,0,0,0,0,0,0,0,0,1001047.0,0.0047491894779342,527.1600320507072,KR68,CL66;CL19,4.718268699999999,-74.0801648,1.0,43.43251799393443,,0.0,122.0,1.0,16,449.88637150631837,True,Av. Boyacá,DEI-009/CAM-02,2019
164679,10500261,-74.117077216,4.74784882799997,CL 142-KR 145 2,2019,Octubre,18,viernes,12,30,Suba,Atropello,,,Con Heridos,0,0,0,0,1,1,1,0,0,0,0,0,0,0,0,0,0,0,0,0,0,0,1000951.0,0.0178276179789544,1978.865595663941,AV.SUBA,CL127;HUMEDAL.CORDOBA,4.7388854,-74.1016668,0.0,24.793995810327868,,0.0,122.0,0.0,6,535.3167260167937,True,Calle 139,DEI-004/CAM-01,2019
164682,10500264,-74.15286113,4.57354943799999,AV AVENIDA CUIDAD DE VILLAVICENCIO-KR 43 2,2019,Octubre,18,viernes,18,45,Ciudad Bolívar,Atropello,,,Con Muertos,0,0,0,0,0,1,1,1,0,0,0,0,0,0,0,0,0,0,0,0,0,0,1002276.0,0.0106135498225653,1178.1040303047484,AV.VILLAVICENCIO,CL57BSUR;AV.P.MAYO,4.5824943,-74.158574,0.0,21.56630625,,0.0,8.0,0.0,52,500.29725965677375,True,Av Villavicencio,DEI-026/CAM-01,2019
164685,10500267,-74.17907745,4.59676062300002,CL 57R-KR 76 S 61,2019,Octubre,19,sábado,20,40,Bosa,Atropello,,,Con Heridos,0,0,0,0,0,0,1,1,0,0,0,0,0,0,0,0,0,0,0,0,0,0,149.0,0.0057658381162322,640.008030901776,AV.CL59SUR,CL59SUR;KR81A,4.6025243,-74.1792353,0.0,21.11411562375,,0.0,8.0,0.0,80,351.59147212508503,True,Autopista Sur,DEI-038/CAM-01,2019
164692,10500274,-74.164879261,4.617814641,KR 79-CL 43 S 02,2019,Octubre,19,sábado,20,15,Kennedy,Atropello,,,Con Heridos,0,0,0,0,0,0,1,1,0,0,0,0,0,0,0,0,0,0,0,0,0,0,1001027.0,0.0120358573270081,1335.9801632978997,KR72,CL3;CL9,4.611398400000001,-74.15469625,0.0,19.781302792685185,,0.0,108.0,0.0,26,359.7030523323451,True,Av. Primero de Mayo,DEI-014/CAM-02,2019
164697,10500653,-74.0991318,4.74599514400001,CL 142-KR 108A 2,2019,Octubre,22,martes,11,40,Suba,Caida de ocupante,,,Con Heridos,0,0,0,0,1,0,0,0,0,0,1,0,0,0,0,0,0,0,0,0,0,0,1001707.0,0.0054787379715015,608.1399148366725,AV.SUBA,CL136;CL127,4.7425033,-74.09491,0.0,30.135843867833334,,0.0,120.0,0.0,66,292.2078523436705,True,Av. Ciudad de Cali,DEI-032/CAM-01,2019
164698,10500654,-74.152635102,4.636510327,KR 80G-CL 6 02,2019,Octubre,22,martes,19,41,Kennedy,Atropello,,,Con Heridos,0,0,0,0,0,0,1,0,0,0,0,0,0,0,0,0,0,0,0,0,0,0,148.0,0.009486648615591,1053.017996330611,AV.CL59SUR,KR81A;CL59SUR,4.6285372,-74.1577757,0.0,20.93110970625,,0.0,8.0,0.0,49,455.90662979131866,True,Av. Américas,DEI-024/CAM-02,2019
164702,10500658,-74.075290925,4.60805290100001,CL 19-KR 13 2,2019,Octubre,22,martes,19,0,Santa Fe,Atropello,,,Con Heridos,0,0,0,0,0,0,1,0,0,0,1,0,1,0,0,1,0,0,0,0,0,0,1000653.0,0.0014589138157729,161.93943355079784,AV.CIRCUNVALAR,KR7;CL83,4.6066223,-74.07557695,1.0,17.514913835333335,,0.0,120.0,1.0,55,189.23760847225066,True,Av. Carrera 10,DEI-027/CAM-02,2019
164713,10500669,-74.144632415,4.61607965000002,KR 72N-CL 37 S 02,2019,Octubre,23,miércoles,17,0,Kennedy,Choque,Vehículo,,Solo Daños,0,0,0,0,0,0,0,1,0,0,1,0,0,0,0,0,0,0,0,0,1,0,90.0,0.0068711090782554,762.6931076863506,CL24,KR86;AV.AMERICAS,4.61621555,-74.13776265,0.0,18.2512843845,,0.0,120.0,0.0,0,486.75258278163574,True,Av. Boyacá,DEI-001/CAM-01,2019
164718,10500674,-74.055914087,4.69387615300002,AK 45-CL 106 2,2019,Octubre,23,miércoles,14,20,Usaquén,Choque,Vehículo,,Solo Daños,0,0,0,0,0,0,0,0,0,1,0,0,0,0,0,0,0,0,0,0,0,1,1002011.0,0.0032009618584488,355.3067662878201,AUTONORTE,PEPE.SIERRA;CL100,4.697067349999999,-74.05566425,1.0,36.31844538951613,,0.0,124.0,1.0,59,301.4336182208643,True,Autopista Norte,DEI-029/CAM-02,2019
164722,10501062,-74.043730413,4.67140234099998,KR 7-CL 92 02,2019,Octubre,25,viernes,14,55,Chapinero,Choque,Vehículo,,Solo Daños,0,0,0,0,0,0,0,0,0,0,0,0,0,0,0,0,0,0,0,0,0,0,1000191.0,0.0050521131489908,560.7845595379829,KR9,CL161;CL147,4.67150165,-74.04878155,0.0,25.263703253916667,,0.0,120.0,0.0,57,313.4123990775411,True,Av. Carrera 7,DEI-028/CAM-02,2019
164725,10501066,-74.144071205,4.63175442900001,CL 6A-KR 75 02,2019,Octubre,25,viernes,14,21,Kennedy,Choque,Vehículo,,Solo Daños,0,1,0,0,0,0,0,1,0,0,1,0,1,0,1,0,0,0,0,0,0,0,1000961.0,0.0050113308999902,556.257729898923,CL72,KR24;KR55,4.627228499999999,-74.1419196,0.0,17.295332684758062,,0.0,124.0,0.0,48,167.19132432381696,True,Av. Américas,DEI-024/CAM-01,2019
164733,10501074,-74.056781741,4.71131336899998,KR 49-CL 127C 02,2019,Octubre,25,viernes,16,0,Suba,Choque,Vehículo,,Solo Daños,0,0,0,0,0,0,0,0,0,0,0,0,0,0,0,0,0,0,0,0,0,0,16.0,0.0043943791982042,487.7760910006769,CL94,KR15;KR7,4.7156571,-74.057447,1.0,11.906915952,,0.0,120.0,1.0,74,373.73773757814166,True,Autopista Norte,DEI-036/CAM-01,2019
164734,10501075,-74.152833694,4.57352930600001,CL 61-KR 43 S 2,2019,Octubre,28,lunes,20,50,Ciudad Bolívar,Volcamiento,,,Solo Daños,0,0,0,1,0,0,0,0,0,0,0,0,0,0,0,0,0,0,0,0,0,0,1002276.0,0.0106452914658813,1181.627352712828,AV.VILLAVICENCIO,CL57BSUR;AV.P.MAYO,4.5824943,-74.158574,0.0,25.68884895875,,0.0,8.0,0.0,52,496.5207245158725,True,Av Villavicencio,DEI-026/CAM-01,2019
164740,10501081,-74.08592734,4.62124985000003,KR 30-CL 22 2,2019,Octubre,28,lunes,14,50,Los Mártires,Choque,Vehículo,,Solo Daños,0,0,0,0,0,0,0,0,0,0,0,0,0,0,0,0,0,0,0,0,0,0,1001982.0,0.0010372444273737,115.13413143848165,NQS,CAD;AV.DORADO,4.6206293,-74.08509620000001,1.0,28.77012650489796,,0.0,98.0,1.0,22,91.5169147495875,True,Av. NQS,DEI-012/CAM-02,2019
164741,10501082,-74.116732718,4.66085362500002,AV AVENIDA BOYACA-CL 23D 2,2019,Octubre,28,lunes,12,55,Fontibón,Choque,Vehículo,,Solo Daños,0,0,0,0,0,0,0,0,0,0,0,0,0,0,0,0,0,0,0,0,0,0,61.0,0.0043348349236322,481.1666765231774,CL19,KR36;KR5,4.65795775,-74.11995834999999,1.0,11.87024884532258,,0.0,124.0,1.0,47,462.10647960578507,True,Av. Boyacá,DEI-023/CAM-02,2019
164747,10501462,-74.109184012,4.66993653399999,CL 51-KR 72A 2,2019,Octubre,29,martes,11,20,Engativá,Choque,Vehículo,,Solo Daños,0,0,0,0,0,0,0,0,0,0,0,0,0,0,0,0,0,0,0,0,0,0,92.0,0.0013518081864401,150.05070869485328,"KR50,TV42,TV39",CL6;CL19,4.6708416,-74.1081799,1.0,15.623392792601626,,0.0,123.0,1.0,10,265.6186218952578,True,Av. Boyacá,DEI-007/CAM-01,2019
164757,10501472,-74.057786898,4.68180393400002,KR 45-CL 94 02,2019,Octubre,30,miércoles,7,55,Chapinero,Choque,Vehículo,,Solo Daños,0,0,0,0,0,0,0,0,0,0,0,0,0,0,0,0,0,0,0,0,0,0,1000036.0,0.0013750862911843,152.63457832146307,AUTONORTE,CL82;CL80,4.6830666,-74.05833145,1.0,18.89284019981132,,0.0,106.0,1.0,17,215.84640421790166,True,Autopista Norte,DEI-010/CAM-01,2019
164760,10501475,-74.103737796,4.69954813200002,KR 86-CL 75 02,2019,Octubre,31,jueves,4,7,Engativá,Choque,Vehículo,,Solo Daños,0,0,0,0,0,0,0,0,0,1,0,0,0,0,0,0,0,0,0,0,0,1,1000759.0,0.0020452697711818,227.0249446011889,KR80,CL26SUR;CL38CSUR,4.69774235,-74.10469815,1.0,32.21335837747968,,0.0,123.0,1.0,41,136.6235678029457,True,Av. Ciudad de Cali,DEI-020/CAM-02,2019
164763,10501478,-74.113586726,4.71155608599997,CL 80-KR 102 02,2019,Octubre,31,jueves,18,15,Engativá,Choque,Vehículo,,Solo Daños,0,0,0,0,0,0,0,0,0,0,0,0,0,0,0,0,0,0,0,0,0,0,1000723.0,0.0137685976455572,1528.3143386568509,KR86,CL10;AV.AMERICAS,4.6984233,-74.11772245,0.0,8.426682440083333,,0.0,120.0,0.0,24,62.55374521888145,True,Av. Calle 80,DEI-013/CAM-02,2019
164764,10501479,-74.082305878,4.652812337,CL 63-KR 45 02,2019,Octubre,31,jueves,12,36,Teusaquillo,Choque,Vehículo,,Solo Daños,0,0,0,0,0,1,0,1,0,0,0,0,0,0,0,0,0,0,0,0,0,0,1000662.0,0.0027204022552455,301.96465033225354,AV.CIRCUNVALAR,CL51;CL59,4.654726650000001,-74.08423875,1.0,34.8200734833871,,0.0,124.0,1.0,31,531.2510531327579,True,Av. NQS,DEI-016/CAM-03,2019
164788,10501869,-74.077074088,4.65181510299999,CL 63-KR 30 2,2019,Octubre,31,jueves,14,30,Barrios Unidos,Choque,Vehículo,,Solo Daños,0,1,0,0,0,0,0,0,0,0,1,0,0,0,0,0,0,0,0,0,1,0,1002294.0,0.0006716180785524,74.54960671932444,CL53,CL63;KR72,4.6511753,-74.07727835,1.0,11.2775329021875,,0.0,32.0,1.0,31,318.6318649013336,True,Av. NQS,DEI-016/CAM-03,2019
164977,10498717,-74.145259784,4.59497236200002,AV AVENIDA BOYACA-CL 45A S 02,2019,Octubre,2,miércoles,14,0,Tunjuelito,Choque,Vehículo,,Solo Daños,0,0,0,0,0,0,0,0,0,0,1,0,0,0,0,0,0,0,0,0,0,0,1000297.0,0.0021425580377128,237.8239421861246,CL1,KR21;AV.CARACAS,4.59354105,-74.14366545,1.0,20.064635945462182,,0.0,119.0,1.0,9,222.10469041604443,True,Av. Boyacá,DEI-006/CAM-02,2019
164985,10498725,-74.17907745,4.59676062300002,CL 57R-KR 76 S 61,2019,Octubre,2,miércoles,17,0,Ciudad Bolívar,Choque,Vehículo,,Solo Daños,0,0,0,0,0,0,0,0,0,0,1,0,0,0,0,0,0,0,0,0,0,0,149.0,0.0057658381162322,640.008030901776,AV.CL59SUR,CL59SUR;KR81A,4.6025243,-74.1792353,0.0,20.5459671875,,0.0,8.0,0.0,80,351.59147212508503,True,Autopista Sur,DEI-038/CAM-01,2019
164987,10498727,-74.07865941,4.644112162,KR 30-CL 53B 2,2019,Octubre,2,miércoles,22,30,Barrios Unidos,Choque,Objeto Fijo,Tren,Solo Daños,0,0,0,0,0,0,0,0,0,0,1,0,1,0,0,1,0,0,0,0,0,0,119.0,0.0026746198940636,296.8828082410642,"TV25,DIAG53,KR24",CL57;CL45,4.64651115,-74.07747685000001,1.0,11.22139817025,,0.0,120.0,1.0,29,550.8685037332388,True,Av. NQS,DEI-016/CAM-01,2019
164990,10499099,-74.143,4.63499999999999,KR 77-CL 7A 10,2019,Octubre,6,domingo,14,50,Kennedy,Choque,Vehículo,,Solo Daños,0,0,0,0,0,0,0,0,0,0,1,0,1,0,0,1,0,0,0,0,0,0,131.0,0.0034466443289213,382.5775205102696,"KR78K,CL41SUR",CL26SUR;AV.P.MAYO,4.6381608,-74.14162569999999,1.0,12.718092348916668,,0.0,120.0,1.0,48,519.5100999543552,True,Av. Américas,DEI-024/CAM-01,2019
164992,10499101,-74.071214812,4.72620098800002,AV AVENIDA BOYACA-CL 134 02,2019,Octubre,5,sábado,11,45,Suba,Choque,Vehículo,,Solo Daños,0,1,0,0,0,0,0,0,0,0,0,0,0,0,0,0,0,0,0,0,0,0,1000062.0,0.0052164322646101,579.0239813717268,KR15,CL92;CL94,4.7303056,-74.0679956,0.0,11.844389871788618,,0.0,123.0,0.0,15,468.09084971035173,True,Av. Boyacá,DEI-009/CAM-01,2019
164996,10499105,-74.177385531,4.59710610799999,AV AVENIDA DEL SUR-CL 59 2,2019,Octubre,6,domingo,1,10,Bosa,Choque,Vehículo,,Solo Daños,0,1,0,0,0,0,0,0,0,0,0,0,0,0,0,0,0,0,0,0,0,0,149.0,0.0057252467110455,635.5023849260615,AV.CL59SUR,CL59SUR;KR81A,4.6025243,-74.1792353,0.0,38.8239366,,0.0,5.0,0.0,80,173.28629553434772,True,Autopista Sur,DEI-038/CAM-01,2019
165004,10499113,-74.090759847,4.57705248500002,CL 17-KR 8 S 2,2019,Octubre,5,sábado,6,30,San Cristóbal,Choque,Objeto Fijo,Muro,Solo Daños,0,0,0,0,0,0,0,0,0,1,0,0,0,0,0,0,0,0,0,0,0,1,1000214.0,0.0048052239486949,533.3798583051446,KR5,CL34;CL27,4.57950665,-74.0948911,1.0,27.829900327435897,,0.0,117.0,1.0,37,361.3707981158534,True,Av. Carrera 10,DEI-018/CAM-02,2019
165012,10499121,-74.044085215,4.76342028800002,KR 45-CL 187 02,2019,Octubre,5,sábado,8,0,Usaquén,Choque,Vehículo,,Solo Daños,0,0,0,0,0,0,0,0,0,1,0,0,0,0,0,0,0,0,0,0,0,1,1000087.0,0.0066257298579852,735.4560142363641,KR19,CL147;CL152,4.7597534,-74.04960375,0.0,18.90130502308333,,0.0,120.0,0.0,51,194.40824447336615,True,Autopista Norte,DEI-025/CAM-03,2019
165019,10499499,-74.134888861,4.658020631,CL 13-KR 82 2,2019,Octubre,10,jueves,20,32,Fontibón,Choque,Vehículo,,Solo Daños,0,0,0,0,0,0,0,0,0,0,0,0,0,0,0,0,0,0,0,0,0,0,1001016.0,0.0045714112736476,507.426651374887,KR72,CL127;CL75,4.6623088,-74.13330475000001,1.0,33.10081240646552,,0.0,116.0,1.0,20,382.3894681065099,True,Av. Ciudad de Cali,DEI-011/CAM-01,2019
165026,10499506,-74.104752743,4.70292332100001,CL 76A-KR 89A 2,2019,Octubre,10,jueves,18,5,Engativá,Choque,Vehículo,,Solo Daños,0,0,0,0,0,0,0,0,0,0,0,0,0,0,0,0,0,0,0,0,0,0,1000759.0,0.0051812586210869,575.1197069406564,KR80,CL26SUR;CL38CSUR,4.69774235,-74.10469815,0.0,20.5000750805,,0.0,120.0,0.0,40,320.9403647147405,True,Av. Ciudad de Cali,DEI-020/CAM-01,2019
165036,10499883,-74.05017052,4.75226532699998,AC 170-KR 50 02,2019,Octubre,15,martes,5,40,Suba,Choque,Vehículo,,Solo Daños,0,0,0,0,0,0,0,0,0,0,0,0,0,0,0,0,0,0,0,0,0,0,1000087.0,0.007509491692952,833.5535779176747,KR19,CL147;CL152,4.7597534,-74.04960375,0.0,26.35782977991453,,0.0,117.0,0.0,44,397.9023540236605,True,Autopista Norte,DEI-022/CAM-01,2019
165044,10499891,-74.081423332,4.68211103599998,KR 68-CL 78 02,2019,Octubre,14,lunes,15,0,Barrios Unidos,Choque,Vehículo,,Solo Daños,0,0,0,0,0,0,0,0,0,1,0,0,0,0,0,0,0,0,0,0,0,1,86.0,0.0033577264347788,372.70763426044846,KR50,CL53;CL17,4.67926125,-74.07964765,1.0,21.66743126741936,,0.0,124.0,1.0,72,517.3304745690061,True,Av. Carrera 68,DEI-035/CAM-01,2019
165045,10499892,-74.094736831,4.749541921,KR 104-CL 149 2,2019,Octubre,14,lunes,13,0,Suba,Choque,Vehículo,,Solo Daños,0,0,0,0,0,0,0,0,0,1,0,0,0,0,0,0,0,0,0,0,0,1,1001707.0,0.0070407508892299,781.5233487045282,AV.SUBA,CL136;CL127,4.7425033,-74.09491,0.0,35.198645286451615,,0.0,124.0,0.0,67,314.6243761244196,True,Av. Ciudad de Cali,DEI-032/CAM-02,2019
165050,10499897,-74.166251049,4.617048049,KR 79-CL 45 S 84,2019,Octubre,14,lunes,21,16,Kennedy,Choque,Vehículo,,Solo Daños,0,0,0,0,0,0,0,0,0,0,0,0,0,0,0,0,0,0,0,0,0,0,1001027.0,0.0128620338109293,1427.685753013155,KR72,CL3;CL9,4.611398400000001,-74.15469625,0.0,30.348576974722224,,0.0,108.0,0.0,25,347.3136591575948,True,Av. Primero de Mayo,DEI-014/CAM-01,2019
165057,10499904,-74.162857175,4.61581460100001,AV AVENIDA CIUDAD DE VILLAVICENCIO-TR 78H 02,2019,Octubre,15,martes,9,10,Kennedy,Choque,Vehículo,,Solo Daños,0,0,0,0,0,0,0,0,0,0,1,0,1,0,0,1,0,0,0,0,0,0,1001027.0,0.009279198679201,1029.9910533913142,KR72,CL3;CL9,4.611398400000001,-74.15469625,0.0,14.365944849579831,,0.0,119.0,0.0,26,189.31087710157138,True,Av. Primero de Mayo,DEI-014/CAM-02,2019
165062,10500281,-74.075136119,4.68476630100002,KR 68-CL 90 02,2019,Octubre,19,sábado,7,0,Barrios Unidos,Atropello,,,Con Heridos,0,0,0,0,0,1,1,0,0,0,0,0,0,0,0,0,0,0,0,0,0,0,1001209.0,0.003502034251609,388.7258019286039,NQS,KR68;KR62B,4.688212200000001,-74.0745116,1.0,27.886558342786884,,0.0,122.0,1.0,73,287.23480238186823,True,Av. Carrera 68,DEI-035/CAM-02,2019
165063,10500282,-74.122586847,4.62892453900002,AV AVENIDA DE LAS AMERICAS-KR 68 2,2019,Octubre,20,domingo,21,48,Kennedy,Choque,Objeto Fijo,Vehiculo,Con Heridos,1,0,1,0,0,0,0,0,0,0,0,0,0,0,0,0,0,0,0,0,0,0,65.0,0.0020259317626858,224.87842565813372,AV.P.MAYO,KR80;KR3E,4.6307119,-74.12354065,1.0,22.401689773916665,,0.0,120.0,1.0,5,155.7249882374266,True,Av. Carrera 68,DEI-003/CAM-02,2019
165066,10500285,-74.061500723,4.68795532899998,CL 100-KR 49C 08,2019,Octubre,19,sábado,6,20,Barrios Unidos,Atropello,,,Con Muertos,0,0,0,0,0,1,1,1,0,0,0,0,0,0,0,0,0,0,0,0,0,0,1000773.0,0.0026884101287336,298.4135242894337,KR50,CL33SUR;CL16SUR,4.6906399,-74.0613571,1.0,21.343485788229163,,0.0,96.0,1.0,32,517.9267684557688,True,Autopista Norte,DEI-017/CAM-01,2019
165070,10500289,-74.125394839,4.62903186900002,AV AVENIDA DE LAS AMERICAS-KR 68B 2,2019,Octubre,18,viernes,7,51,Kennedy,Choque,Vehículo,,Solo Daños,0,0,0,0,0,0,0,0,0,1,1,0,1,0,0,1,0,0,0,0,0,1,65.0,0.002502103316934,277.7334681796748,AV.P.MAYO,KR80;KR3E,4.6307119,-74.12354065,1.0,16.839676083057853,,0.0,121.0,1.0,5,312.4402891868589,True,Av. Carrera 68,DEI-003/CAM-02,2019
165079,10500298,-74.178696325,4.59676745199999,AV AVENIDA DEL SUR-KR 76 2,2019,Octubre,18,viernes,10,50,Bosa,Choque,Vehículo,,Solo Daños,0,0,0,0,0,0,0,0,0,0,1,0,0,0,0,0,0,0,0,0,0,0,149.0,0.0057820232571166,641.804581539946,AV.CL59SUR,CL59SUR;KR81A,4.6025243,-74.1792353,0.0,22.54012729125,,0.0,8.0,0.0,80,309.41262315629405,True,Autopista Sur,DEI-038/CAM-01,2019
165103,10500695,-74.069810482,4.60532080000002,KR 5-CL 20 2,2019,Octubre,23,miércoles,13,30,Santa Fe,Choque,Vehículo,,Solo Daños,0,0,0,0,0,0,0,0,0,0,0,0,0,0,0,0,0,0,0,0,0,0,2.0,0.0003906266837272,43.35956189372774,KR7,CL32;CL188,4.60499885,-74.0700317,1.0,19.750025137807015,,0.0,114.0,1.0,54,478.9520400102373,True,Av. Carrera 10,DEI-027/CAM-01,2019
165105,10500697,-74.135323133,4.65859976799999,CL 13-KR 84A 02,2019,Octubre,23,miércoles,7,47,Fontibón,Choque,Vehículo,,Solo Daños,0,0,0,0,0,0,0,0,0,0,1,0,1,0,0,1,0,0,0,0,0,0,1001016.0,0.0042226518103855,468.71435095279264,KR72,CL127;CL75,4.6623088,-74.13330475000001,1.0,27.98748132058824,,0.0,119.0,1.0,20,362.01293163319724,True,Av. Ciudad de Cali,DEI-011/CAM-01,2019
165107,10500699,-74.053295102,4.71228344100001,AK 45-CL 128 2,2019,Octubre,23,miércoles,11,30,Usaquén,Choque,Vehículo,,Solo Daños,0,0,0,0,0,0,0,1,0,0,0,0,0,0,0,0,0,0,0,0,0,0,18.0,0.0032333016315496,358.89648110201244,CL85,KR15;KR7,4.7093504,-74.0519344,1.0,8.464057497073172,,0.0,123.0,1.0,75,258.95578810530697,True,Autopista Norte,DEI-036/CAM-02,2019
165109,10500701,-74.056963038,4.68861676099999,AK 45-CL 102 2,2019,Octubre,23,miércoles,8,41,Usaquén,Choque,Vehículo,,Solo Daños,0,0,0,0,0,1,0,0,0,0,0,0,0,0,0,0,0,0,0,0,0,0,1000773.0,0.0048374448082749,536.9563737185215,KR50,CL33SUR;CL16SUR,4.6906399,-74.0613571,1.0,22.1268606454,,0.0,100.0,1.0,33,104.69641748215253,True,Autopista Norte,DEI-017/CAM-02,2019
165115,10501091,-74.066824452,4.64423265900001,CL 57-KR 15 02,2019,Octubre,25,viernes,8,45,Teusaquillo,Choque,Vehículo,,Solo Daños,0,0,0,0,0,0,0,0,0,1,0,0,0,0,0,0,0,0,0,0,0,1,1001930.0,0.0006364391299113,70.64474342015573,"TV25,DIAG53,KR24",CL57;CL45,4.6443781,-74.06744405,1.0,11.181287800806452,,0.0,124.0,1.0,42,342.8454642671333,True,Av. Caracas,DEI-021/CAM-01,2019
165118,10501094,-74.11298847,4.66879126399999,CL 26-KR 73 2,2019,Octubre,28,lunes,18,6,Fontibón,Choque,Vehículo,,Solo Daños,0,0,0,0,0,0,0,0,0,1,0,0,0,0,0,0,0,0,0,0,0,1,92.0,0.0052274490105521,580.2468401712904,"KR50,TV42,TV39",CL6;CL19,4.6708416,-74.1081799,0.0,19.72993769,,0.0,115.0,0.0,46,548.430675408554,True,Av. Boyacá,DEI-023/CAM-01,2019
165119,10501095,-74.058080892,4.68011570700003,KR 45-CL 92 2,2019,Octubre,26,sábado,12,0,Usaquén,Choque,Vehículo,,Solo Daños,0,1,0,0,0,0,0,1,0,0,0,0,0,0,0,0,0,0,0,0,0,0,1000940.0,0.0024483242428201,271.76399095303896,CL24,KR14;KR10,4.681202,-74.05588675,1.0,11.73644928919355,,0.0,124.0,1.0,17,402.96402381962474,True,Autopista Norte,DEI-010/CAM-01,2019
165120,10501096,-74.122362925,4.628899553,AV AVENIDA DE LAS AMERICAS-KR 68 02,2019,Octubre,25,viernes,11,50,Puente Aranda,Choque,Vehículo,,Solo Daños,0,0,0,0,0,1,0,0,0,0,1,0,1,0,0,1,0,0,0,0,0,0,65.0,0.002161397192561,239.91508837428097,AV.P.MAYO,KR80;KR3E,4.6307119,-74.12354065,1.0,15.796889457288136,,0.0,118.0,1.0,5,161.98377637386193,True,Av. Carrera 68,DEI-003/CAM-02,2019
165123,10501099,-74.05708681,4.68590468500003,AV AVENIDA PASEO DE LOS LIBERTADORES-CL 99 02,2019,Octubre,25,viernes,21,0,Chapinero,Choque,Vehículo,,Solo Daños,0,0,0,0,0,0,0,0,0,0,0,0,0,0,0,0,0,0,0,0,0,0,1000036.0,0.0030990087442574,343.9899706125739,AUTONORTE,CL82;CL80,4.6830666,-74.05833145,1.0,26.68573556425,,0.0,120.0,1.0,19,113.58183377839421,True,Autopista Norte,DEI-010/CAM-03,2019
165126,10501102,-74.087543226,4.61946826899998,KR 30-CL 19 2,2019,Octubre,28,lunes,7,10,Puente Aranda,Choque,Vehículo,,Solo Daños,0,0,0,0,0,1,0,0,0,0,0,0,0,0,0,0,0,0,0,0,0,0,1001990.0,0.0022323718567818,247.79327610278705,NQS,GRAL.SANTANDER;CL38ASUR,4.6181546,-74.0857383,1.0,36.92005495,,0.0,120.0,1.0,22,356.3099521481533,True,Av. NQS,DEI-012/CAM-02,2019
165128,10501104,-74.033641275,4.69369030500002,CL 116-KR 7 02,2019,Octubre,28,lunes,8,20,Usaquén,Choque,Vehículo,,Solo Daños,0,0,0,0,0,0,0,0,0,0,0,0,0,0,0,0,0,0,0,0,1,0,1000184.0,0.0112088285177876,1244.1799654744298,KR15,CL94;CL100,4.704458949999999,-74.03053095,0.0,17.554341718292683,,0.0,123.0,0.0,70,186.06712469130744,True,Av. Carrera 9,DEI-034/CAM-01,2019
165141,10501492,-74.043728464,4.67601969899999,KR 9-CL 94 2,2019,Octubre,31,jueves,9,20,Chapinero,Choque,Vehículo,,Solo Daños,0,0,0,0,0,0,0,0,0,0,0,0,0,0,0,0,0,0,0,0,0,0,1000191.0,0.0067783806982009,752.4002575003071,KR9,CL161;CL147,4.67150165,-74.04878155,0.0,19.80429438564516,,0.0,124.0,0.0,56,282.0663961186938,True,Av. Carrera 7,DEI-028/CAM-01,2019
165146,10501497,-74.057571179,4.68661015100002,CL 100-KR 45 02,2019,Octubre,31,jueves,7,3,Usaquén,Choque,Vehículo,,Solo Daños,0,0,0,0,0,1,0,0,0,1,0,0,0,0,0,0,0,0,0,0,0,1,1000036.0,0.0036241917282576,402.2852818365991,AUTONORTE,CL82;CL80,4.6830666,-74.05833145,1.0,18.89284019981132,,0.0,106.0,1.0,19,192.33852235708125,True,Autopista Norte,DEI-010/CAM-03,2019
165155,10501506,-74.063535592,4.64948772299999,KR 13-CL 63 02,2019,Octubre,31,jueves,6,0,Chapinero,Choque,Vehículo,,Solo Daños,0,1,0,0,0,0,0,0,0,0,1,0,0,0,0,0,0,0,0,0,0,0,1002025.0,0.0040476296776663,449.28689422096056,AUTONORTE,SANTA.FE;TOBERIN,4.64911745,-74.06756625,1.0,44.51511672568965,,0.0,116.0,1.0,43,291.7606872448285,True,Av. Caracas,DEI-021/CAM-02,2019
165156,10501507,-74.112411142,4.667659474,CL 26-KR 72 02,2019,Octubre,31,jueves,11,0,Engativá,Choque,Vehículo,,Solo Daños,0,0,0,0,0,0,0,0,0,0,1,0,1,0,0,1,0,0,0,0,0,0,92.0,0.0052942737691272,587.6643883731205,"KR50,TV42,TV39",CL6;CL19,4.6708416,-74.1081799,0.0,15.623392792601626,,0.0,123.0,0.0,46,444.4583211993505,True,Av. Boyacá,DEI-023/CAM-01,2019
165363,10498744,-74.105952853,4.67385918600002,KR 72B-CL 55 29,2019,Octubre,2,miércoles,20,0,Engativá,Choque,Vehículo,,Solo Daños,0,0,0,0,0,0,0,1,0,0,0,0,0,0,0,0,0,0,0,0,0,0,1000228.0,0.0007454753887486,82.74776815110467,KR72,CL169;CL170,4.6733282,-74.10647610000001,1.0,39.19971762,,0.0,106.0,1.0,11,251.31485906927884,True,Av. Boyacá,DEI-007/CAM-02,2019
165369,10498750,-74.171102134,4.62811835000002,AK 86-CL 43 S 2,2019,Octubre,3,jueves,22,10,Kennedy,Choque,Vehículo,,Con Heridos,0,0,0,0,0,1,0,0,0,1,0,0,0,0,0,0,0,0,0,0,0,1,148.0,0.0133330146058061,1479.9646212444875,AV.CL59SUR,KR81A;CL59SUR,4.6285372,-74.1577757,0.0,17.9651675825,,0.0,8.0,0.0,79,109.62429261231723,True,Av. Ciudad de Cali,DEI-037/CAM-02,2019
165373,10498754,-74.099245813,4.73913591000002,AV AVENIDA CIUDAD DE CALI-CL 135A 02,2019,Octubre,3,jueves,7,0,Suba,Choque,Vehículo,,Con Heridos,0,0,0,0,0,0,0,0,0,0,0,0,0,0,0,0,0,0,0,0,0,0,1000951.0,0.0024339131690175,270.1643617609468,AV.SUBA,CL127;HUMEDAL.CORDOBA,4.7388854,-74.1016668,1.0,30.794664913361345,,0.0,119.0,1.0,27,13.266674234828972,True,Av. Ciudad de Cali,DEI-015/CAM-01,2019
165377,10499125,-74.071710175,4.60674121300002,KR 8-CL 20 2,2019,Octubre,4,viernes,13,30,Santa Fe,Choque,Vehículo,,Solo Daños,0,0,0,0,0,0,0,0,0,0,0,0,0,0,0,0,0,0,0,0,0,0,1000199.0,0.0010824408461316,120.15093392061014,KR9,CL134:CL140,4.6071991,-74.072691,1.0,29.118633273064518,,0.0,124.0,1.0,55,235.0672369006432,True,Av. Carrera 10,DEI-027/CAM-02,2019
165382,10499130,-74.088415808,4.61830814899997,AC 19-KR 30 2,2019,Octubre,6,domingo,20,46,Los Mártires,Choque,Vehículo,,Solo Daños,0,0,0,0,0,0,0,0,0,0,0,0,0,0,0,0,0,0,0,0,0,0,1000700.0,0.0024851464009861,275.85125050946306,CL13,KR56;KR47,4.616027750000001,-74.0894036,1.0,36.90827104010869,,0.0,92.0,1.0,22,517.4013812721313,True,Av. NQS,DEI-012/CAM-02,2019
165391,10499139,-74.113099098,4.66032744900002,KR 70-CL 24 2,2019,Octubre,4,viernes,14,0,Fontibón,Choque,Vehículo,,Solo Daños,0,0,0,0,0,0,0,1,0,0,1,0,0,0,0,0,0,0,0,0,0,0,1000196.0,0.0059007620554307,654.984588152817,CL134,KR7;KR9,4.6586908000000005,-74.10742985,0.0,18.53110666685484,,0.0,124.0,0.0,47,401.2068477919175,True,Av. Boyacá,DEI-023/CAM-02,2019
165401,10499518,-74.052722229,4.711538534,KR 45-CL 127D 2,2019,Octubre,11,viernes,20,18,Usaquén,Choque,Vehículo,,Con Heridos,0,1,0,0,0,1,0,0,0,0,0,0,0,0,0,0,0,0,0,0,0,0,18.0,0.0023256407579852,258.14612413635825,CL85,KR15;KR7,4.7093504,-74.0519344,1.0,9.61146047075,,0.0,120.0,1.0,75,195.13778794818273,True,Autopista Norte,DEI-036/CAM-02,2019
165404,10499521,-74.1645188,4.61443459999998,TR 78H-AC 45 S 2,2019,Octubre,10,jueves,11,20,Kennedy,Choque,Vehículo,,Con Heridos,0,0,0,0,0,1,0,0,0,1,0,0,0,0,0,0,0,0,0,0,0,1,1001027.0,0.0102810991115875,1141.2020013862127,KR72,CL3;CL9,4.611398400000001,-74.15469625,0.0,13.434304498214289,,0.0,112.0,0.0,25,35.339765646169106,True,Av. Primero de Mayo,DEI-014/CAM-01,2019
165409,10499526,-74.068632412,4.64465022600001,KR 17-CL 57 02,2019,Octubre,10,jueves,15,48,Teusaquillo,Choque,Vehículo,,Con Heridos,0,0,0,0,0,0,0,0,0,0,1,0,0,0,0,0,0,0,0,0,0,0,1001930.0,0.0012191213241142,135.32246697668438,"TV25,DIAG53,KR24",CL57;CL45,4.6443781,-74.06744405,1.0,9.154041196166666,,0.0,120.0,1.0,42,464.5550791424994,True,Av. Caracas,DEI-021/CAM-01,2019
165419,10499536,-74.180164075,4.59707898099998,AV AVENIDA DEL SUR-CL 65A S 02,2019,Octubre,11,viernes,6,0,Bosa,Choque,Vehículo,,Con Heridos,0,0,0,0,0,1,0,0,0,0,0,0,0,0,0,0,0,0,0,0,0,0,149.0,0.005523958907576,613.1594387409416,AV.CL59SUR,CL59SUR;KR81A,4.6025243,-74.1792353,0.0,21.34844972875,,0.0,8.0,0.0,80,474.8624930864839,True,Autopista Sur,DEI-038/CAM-01,2019
165440,10499923,-74.168907709,4.61372145899998,AV AVENIDA PRIMERA DE MAYO-KR 78L 02,2019,Octubre,15,martes,12,30,Kennedy,Choque,Vehículo,,Solo Daños,0,0,0,0,0,0,0,0,0,0,1,0,0,0,0,0,0,0,0,0,0,0,57.0,0.0129720136911696,1439.893519719826,CL6,KR42;AV.CARACAS,4.60480905,-74.15948209999999,0.0,15.377563344596773,,0.0,124.0,0.0,25,460.56157422017975,True,Av. Primero de Mayo,DEI-014/CAM-01,2019
165441,10499924,-74.045297464,4.75809786899998,AK 45-CL 182 2,2019,Octubre,15,martes,14,30,Usaquén,Choque,Vehículo,,Con Heridos,0,0,0,0,0,1,0,0,0,0,1,0,1,0,0,1,0,0,0,0,0,0,1000087.0,0.0046135541620145,512.1045119836182,KR19,CL147;CL152,4.7597534,-74.04960375,1.0,12.22675377885246,,0.0,122.0,1.0,45,308.35858445634955,True,Autopista Norte,DEI-022/CAM-03,2019
165442,10499925,-74.044085215,4.76342028800002,KR 45-CL 187 02,2019,Octubre,15,martes,12,40,Usaquén,Choque,Objeto Fijo,Semaforo,Con Heridos,0,0,0,0,0,0,0,0,0,0,1,0,1,1,0,0,0,0,1,0,0,0,1000087.0,0.0066257298579852,735.4560142363641,KR19,CL147;CL152,4.7597534,-74.04960375,0.0,12.721106869344265,,0.0,122.0,0.0,51,194.40824447336615,True,Autopista Norte,DEI-025/CAM-03,2019
165443,10499926,-74.071460167,4.663379625,KR 28-CL 71 02,2019,Octubre,16,miércoles,10,34,Barrios Unidos,Choque,Vehículo,,Con Heridos,0,0,0,0,0,1,0,1,0,0,0,0,0,0,0,0,0,0,0,0,0,0,136.0,0.0065207898383025,723.8076720515868,"KR50,CL13",CL17;KR56,4.6570739,-74.07312105,0.0,16.862955940416665,,0.0,96.0,0.0,38,532.3369900377695,True,Av. NQS,DEI-019/CAM-01,2019
165448,10500303,-74.044392251,4.76160996999999,KR 45-CL 184 02,2019,Octubre,19,sábado,17,50,Usaquén,Choque,Vehículo,,Solo Daños,0,0,0,0,0,1,0,0,0,0,0,0,0,0,0,0,0,0,0,0,0,0,1000087.0,0.0055323208504062,614.0876143950921,KR19,CL147;CL152,4.7597534,-74.04960375,0.0,13.137001513050846,,0.0,118.0,0.0,51,27.131886394226346,True,Autopista Norte,DEI-025/CAM-03,2019
165455,10500310,-74.052722229,4.711538534,KR 45-CL 127D 2,2019,Octubre,17,jueves,23,7,Usaquén,Volcamiento,,,Solo Daños,0,0,0,0,0,0,0,0,0,0,0,0,0,0,0,0,0,0,0,0,0,0,18.0,0.0023256407579852,258.14612413635825,CL85,KR15;KR7,4.7093504,-74.0519344,1.0,14.659426821864407,,0.0,118.0,1.0,75,195.13778794818273,True,Autopista Norte,DEI-036/CAM-02,2019
165459,10500314,-74.078449262,4.65026685700002,KR 30-CL 60 2,2019,Octubre,18,viernes,21,21,Teusaquillo,Choque,Vehículo,,Solo Daños,0,1,0,0,0,0,0,0,0,0,0,0,0,0,0,0,0,0,0,0,0,0,1000306.0,0.0003591003074384,39.86013412567101,KR10,CL19;CL24,4.65015075,-74.07810945,1.0,17.557630226238533,,0.0,109.0,1.0,31,90.96465946331129,True,Av. NQS,DEI-016/CAM-03,2019
165463,10500318,-74.182347814,4.60505276999999,CL 63-KR 78J S 2,2019,Octubre,17,jueves,16,45,Bosa,Caida de ocupante,,,Con Heridos,0,0,0,0,0,0,0,1,0,0,1,0,1,0,0,1,0,0,0,0,0,0,149.0,0.0040101002407682,445.1211267252783,AV.CL59SUR,CL59SUR;KR81A,4.6025243,-74.1792353,1.0,19.790535375,,0.0,8.0,1.0,13,262.79062960070115,True,Av. Bosa,DEI-008/CAM-01,2019
165468,10500323,-74.138665433,4.65662757400003,AV AVENIDA CIUDAD DE CALI-CL 15 02,2019,Octubre,19,sábado,13,0,Kennedy,Choque,Vehículo,,Solo Daños,0,1,0,0,0,0,0,0,0,0,0,0,0,0,0,0,0,0,0,0,0,0,1001019.0,0.0054241884985485,602.0849233388888,KR72,CL75;CL66A,4.65133785,-74.1398657,0.0,28.28784772632653,,0.0,98.0,0.0,20,70.545372822372,True,Av. Ciudad de Cali,DEI-011/CAM-01,2019
165469,10500324,-74.071463939,4.66980523500001,AK 30-CL 75 2,2019,Octubre,18,viernes,8,35,Barrios Unidos,Otro,,,Con Heridos,0,0,0,0,0,0,0,0,0,0,1,0,0,0,0,0,0,0,0,0,0,0,1000203.0,0.0012414032599107,137.7957618500904,KR7,CL188;CL175,4.6708734,-74.0708314,1.0,16.63304152983871,,0.0,124.0,1.0,39,137.76144100287362,True,Av. NQS,DEI-019/CAM-02,2019
165473,10500703,-74.182239271,4.60187604800001,CL 65-KR 78B S 02,2019,Octubre,23,miércoles,5,55,Bosa,Choque,Vehículo,,Solo Daños,0,1,0,0,0,0,0,0,0,0,1,0,0,0,0,0,0,0,0,0,1,0,149.0,0.0030731209582965,341.11642637091387,AV.CL59SUR,CL59SUR;KR81A,4.6025243,-74.1792353,1.0,29.212272155,,0.0,8.0,1.0,13,388.7235714445966,True,Av. Bosa,DEI-008/CAM-01,2019
165474,10500704,-74.077464524,4.65196419400002,CL 63-KR 29 2,2019,Octubre,23,miércoles,21,15,Barrios Unidos,Choque,Vehículo,,Solo Daños,0,0,0,0,0,0,0,1,0,0,0,0,0,0,0,0,0,0,0,0,0,0,1002294.0,0.0008105643105551,89.97263847161972,CL53,CL63;KR72,4.6511753,-74.07727835,1.0,16.03295327611111,,0.0,36.0,1.0,31,308.669456109637,True,Av. NQS,DEI-016/CAM-03,2019
165479,10500709,-74.136488481,4.62704780500002,KR 71D-CL 4 2,2019,Octubre,24,jueves,0,30,Kennedy,Choque,Objeto Fijo,Vehiculo,Solo Daños,0,0,1,0,0,0,0,0,0,0,0,0,0,0,0,0,0,0,0,0,0,0,1000780.0,0.0005701199340556,63.28331268017726,CL6,KR42;KR36,4.62659345,-74.1361441,1.0,47.97713672258333,,0.0,120.0,1.0,3,224.2990191648877,True,Av. Boyacá,DEI-002/CAM-02,2019
165487,10500717,-74.072336383,4.605737487,CL 19-KR 8 2,2019,Octubre,19,sábado,16,0,Santa Fe,Choque,Objeto Fijo,Vehiculo,Solo Daños,0,0,0,0,0,0,0,0,0,0,1,0,1,0,0,1,0,0,0,0,0,0,1000199.0,0.0015040165485983,166.9458368944124,KR9,CL134:CL140,4.6071991,-74.072691,1.0,32.420317674416665,,0.0,120.0,1.0,54,197.50825487986992,True,Av. Carrera 10,DEI-027/CAM-01,2019
165506,10501120,-74.065512348,4.64412271899999,AV AVENIDA CARACAS-CL 57 2,2019,Octubre,27,domingo,9,5,Chapinero,Choque,Vehículo,,Solo Daños,0,0,0,0,0,1,0,0,0,1,0,0,0,0,0,0,0,0,0,0,0,1,1001930.0,0.0019485102186025,216.2846342648876,"TV25,DIAG53,KR24",CL57;CL45,4.6443781,-74.06744405,1.0,10.123903792419355,,0.0,124.0,1.0,42,294.15787840084,True,Av. Caracas,DEI-021/CAM-01,2019
165508,10501122,-74.138265779,4.62716809800003,AV AVENIDA BOYACA-CL 4 2,2019,Octubre,27,domingo,17,54,Kennedy,Choque,Vehículo,,Solo Daños,0,0,0,0,0,0,0,0,0,0,0,0,0,0,0,0,0,0,0,0,0,0,1000780.0,0.0021981224040012,243.991586844134,CL6,KR42;KR36,4.62659345,-74.1361441,1.0,29.004821481916668,,0.0,120.0,1.0,3,150.6294977511705,True,Av. Boyacá,DEI-002/CAM-02,2019
165513,10501127,-74.060237876,4.68759462100002,CL 100-KR 47A 02,2019,Octubre,28,lunes,11,50,Barrios Unidos,Choque,Vehículo,,Solo Daños,0,0,0,0,0,0,0,0,0,0,0,0,0,0,0,0,0,0,0,0,0,0,1000773.0,0.0032444393275075,360.13276535333915,KR50,CL33SUR;CL16SUR,4.6906399,-74.0613571,1.0,22.2808306421875,,0.0,96.0,1.0,32,409.4166059739245,True,Autopista Norte,DEI-017/CAM-01,2019
165514,10501128,-74.145475405,4.58919114100001,DG 51ABIS-TR 60 S 2,2019,Octubre,27,domingo,21,45,Tunjuelito,Choque,Vehículo,,Solo Daños,0,0,0,0,0,0,0,0,0,0,0,0,0,0,0,0,0,0,0,0,0,0,1000297.0,0.0047114377222043,522.9695871646792,CL1,KR21;AV.CARACAS,4.59354105,-74.14366545,1.0,29.821340550170937,,0.0,117.0,1.0,8,417.1429727667514,True,Av. Boyacá,DEI-006/CAM-01,2019
165517,10501131,-74.070014017,4.66730135900002,CL 74-KR 28B 02,2019,Octubre,28,lunes,11,50,Barrios Unidos,Choque,Objeto Fijo,Tren,Solo Daños,0,1,0,0,0,0,0,0,0,0,0,0,0,0,0,0,0,0,0,0,0,0,1000203.0,0.0036643678682986,406.7448333811543,KR7,CL188;CL175,4.6708734,-74.0708314,1.0,19.337724658617883,,0.0,123.0,1.0,39,288.19360448120193,True,Av. NQS,DEI-019/CAM-02,2019
165525,10501514,-74.105213237,4.70490504000003,AC 80-KR 90A 2,2019,Octubre,31,jueves,10,49,Engativá,Choque,Vehículo,,Solo Daños,1,0,0,0,0,0,0,0,0,0,0,0,0,0,0,0,0,0,0,0,0,0,1000963.0,0.0069263513641817,768.825001424172,CL72,KR64;KR70,4.7019356,-74.0989557,0.0,17.15031709697479,,0.0,119.0,0.0,40,528.5244968426586,True,Av. Ciudad de Cali,DEI-020/CAM-01,2019
165531,10501520,-74.144894955,4.63114970700002,CL 6-KR 78 2,2019,Octubre,31,jueves,13,5,Kennedy,Choque,Vehículo,,Solo Daños,0,0,0,0,0,0,0,0,0,1,0,0,0,0,0,0,0,0,0,0,0,1,1000961.0,0.0049222557545356,546.3703887534559,CL72,KR24;KR55,4.627228499999999,-74.1419196,1.0,16.572430563951613,,0.0,124.0,1.0,48,54.596292246816795,True,Av. Américas,DEI-024/CAM-01,2019
165538,10501527,-74.102135488,4.69854577000001,CL 75BIS-KR 84 2,2019,Octubre,31,jueves,12,30,Engativá,Choque,Vehículo,,Solo Daños,0,1,0,0,0,0,0,0,0,0,0,0,0,0,0,0,0,0,0,0,0,0,1002088.0,0.0018187434985353,201.88052833742185,KR86,CL19A;CL22,4.6969353,-74.1029806,1.0,21.330438284912283,,0.0,114.0,1.0,41,234.24697549505674,True,Av. Ciudad de Cali,DEI-020/CAM-02,2019
165544,10501533,-74.055833131,4.69535277099999,AK 45-CL 108 2,2019,Octubre,31,jueves,13,30,Usaquén,Choque,Vehículo,,Solo Daños,0,0,0,0,0,0,0,0,0,0,1,0,0,0,0,0,0,0,0,0,0,0,1002011.0,0.0017228760661847,191.2392433465087,AUTONORTE,PEPE.SIERRA;CL100,4.697067349999999,-74.05566425,1.0,33.10888162362903,,0.0,124.0,1.0,59,137.40114479675802,True,Autopista Norte,DEI-029/CAM-02,2019
165740,10498755,-74.168297177,4.615593386,KR 79-CL 49 S 02,2019,Octubre,3,jueves,7,30,Kennedy,Choque,Vehículo,,Con Heridos,1,0,0,0,1,1,0,0,0,0,0,0,0,0,0,0,0,0,0,0,0,0,57.0,0.0139286569875549,1546.0809256185948,CL6,KR42;AV.CARACAS,4.60480905,-74.15948209999999,0.0,19.23025113398374,,0.0,123.0,0.0,25,415.1530751350445,True,Av. Primero de Mayo,DEI-014/CAM-01,2019
165742,10498757,-74.076125053,4.68639996500002,KR 68-CL 95 02,2019,Octubre,3,jueves,21,58,Barrios Unidos,Atropello,,,Con Heridos,0,0,0,0,0,1,1,0,0,0,0,0,0,0,0,0,0,0,0,0,0,0,1001209.0,0.0024264019202056,269.3306131428309,NQS,KR68;KR62B,4.688212200000001,-74.0745116,1.0,23.8715968985,,0.0,120.0,1.0,73,230.7820900205642,True,Av. Carrera 68,DEI-035/CAM-02,2019
165743,10498758,-74.072430639,4.60907866299999,KR 10-CL 22 2,2019,Octubre,3,jueves,19,0,Santa Fe,Choque,Vehículo,,Con Heridos,0,0,0,0,0,1,0,1,0,0,1,0,1,1,0,0,0,0,0,1,0,0,1000208.0,0.0007913313068957,87.83777506543166,KR7,CL63;CL72,4.609056150000001,-74.07322165,1.0,14.737102923333332,,0.0,6.0,1.0,55,241.15409445657858,True,Av. Carrera 10,DEI-027/CAM-02,2019
165745,10498760,-74.178151573,4.59958257900001,KR 77K-CL 59 S 02,2019,Octubre,4,viernes,2,40,Bosa,Volcamiento,,,Con Heridos,0,0,1,1,0,1,0,0,0,0,0,0,0,0,0,0,0,0,0,0,0,0,149.0,0.0031349938839374,347.9843211170528,AV.CL59SUR,CL59SUR;KR81A,4.6025243,-74.1792353,1.0,50.6553192075,,0.0,8.0,1.0,80,415.4090105774187,True,Autopista Sur,DEI-038/CAM-01,2019
165746,10498761,-74.076109062,4.608751842,KR 14-CL 19 2,2019,Octubre,3,jueves,19,15,Santa Fe,Choque,Vehículo,,Con Heridos,0,0,0,0,0,1,0,0,0,0,0,0,0,0,0,0,0,0,0,0,0,0,41.0,0.0018796411082443,208.64016301511944,CL39,KR7;AV.CARACAS,4.61057625,-74.07565675000001,1.0,10.630133026666666,,0.0,120.0,1.0,55,305.8378734615808,True,Av. Carrera 10,DEI-027/CAM-02,2019
165753,10498768,-74.100867993,4.70319520200002,AV AVENIDA CIUDAD DE CALI-CL 80 02,2019,Octubre,2,miércoles,18,30,Engativá,Choque,Vehículo,,Solo Daños,0,1,0,0,0,0,0,0,0,0,0,0,0,0,0,0,0,0,0,0,0,0,1000963.0,0.0022898606324981,254.1745302072954,CL72,KR64;KR70,4.7019356,-74.0989557,1.0,9.56346740325,,0.0,120.0,1.0,40,338.16014994463677,True,Av. Ciudad de Cali,DEI-020/CAM-01,2019
165760,10498775,-74.124141662,4.62430057799997,AK 68-CL 3 2,2019,Octubre,3,jueves,23,2,Puente Aranda,Choque,Vehículo,,Solo Daños,0,0,0,0,0,0,0,0,0,0,0,0,0,0,0,0,0,0,0,0,0,0,114.0,0.0062121537743732,689.5490689554352,CL68;KR60,KR24;KR60,4.621832,-74.11844105,0.0,33.847312013,,0.0,120.0,0.0,4,355.2979445061974,True,Av. Carrera 68,DEI-003/CAM-01,2019
165766,10499149,-74.064435,4.64404667000002,KR 13-CL 57 2,2019,Octubre,5,sábado,17,40,Chapinero,Choque,Vehículo,,Solo Daños,0,0,0,0,0,0,0,0,0,1,1,0,1,0,0,0,1,0,0,0,0,1,1000307.0,0.0028514023534048,316.5056612279401,KR10,CL24;CL19,4.6413462,-74.0635196,1.0,11.45629678252101,,0.0,119.0,1.0,42,303.42029772735793,True,Av. Caracas,DEI-021/CAM-01,2019
165768,10499151,-74.074609015,4.72225024800002,AV AVENIDA SUBA-AV AVENIDA BOYACA 2,2019,Octubre,6,domingo,20,25,Suba,Choque,Vehículo,,Solo Daños,0,0,0,0,0,0,0,0,0,0,0,0,0,0,0,0,0,0,0,0,0,0,1001047.0,0.0068351643318092,758.7032408308261,KR68,CL66;CL19,4.718268699999999,-74.0801648,0.0,23.909067138947368,,0.0,114.0,0.0,16,96.85000202630458,True,Av. Boyacá,DEI-009/CAM-02,2019
165771,10499154,-74.174246739,4.62655845400002,KR 85A-CL 47B S 2,2019,Octubre,6,domingo,15,40,Kennedy,Choque,Vehículo,,Solo Daños,0,0,0,0,0,0,0,0,0,0,0,0,0,0,0,0,0,0,0,0,0,0,148.0,0.0165894714042312,1841.431325869668,AV.CL59SUR,KR81A;CL59SUR,4.6285372,-74.1577757,0.0,20.658020875,,0.0,8.0,0.0,78,226.15617667271496,True,Av. Ciudad de Cali,DEI-037/CAM-01,2019
165775,10499158,-74.045610081,4.75579667300002,KR 45-CL 175 2,2019,Octubre,6,domingo,11,5,Usaquén,Choque,Vehículo,,Solo Daños,0,0,0,0,0,0,0,0,0,1,0,0,0,0,0,0,0,0,0,0,0,1,1000087.0,0.0056218396129647,624.0241970390923,KR19,CL147;CL152,4.7597534,-74.04960375,0.0,13.981938335916668,,0.0,120.0,0.0,45,55.42969258865694,True,Autopista Norte,DEI-022/CAM-03,2019
165780,10499163,-74.087543226,4.61946826899998,AK 30-CL 19 2,2019,Octubre,5,sábado,10,40,Los Mártires,Choque,Vehículo,,Solo Daños,0,0,0,0,0,0,0,1,0,0,0,0,0,0,0,0,0,0,0,0,0,0,1001990.0,0.0022323718567818,247.79327610278705,NQS,GRAL.SANTANDER;CL38ASUR,4.6181546,-74.0857383,1.0,40.57907191295652,,0.0,115.0,1.0,22,356.3099521481533,True,Av. NQS,DEI-012/CAM-02,2019
165786,10499541,-74.103883423,4.704892863,KR 90-CL 80C 2,2019,Octubre,10,jueves,16,4,Engativá,Atropello,,,Con Heridos,0,0,0,0,0,0,1,1,0,0,0,0,0,0,0,0,0,0,0,0,0,0,1000963.0,0.0057469868988755,637.9155457751914,CL72,KR64;KR70,4.7019356,-74.0989557,0.0,13.048620388916667,,0.0,120.0,0.0,40,468.9394857197416,True,Av. Ciudad de Cali,DEI-020/CAM-01,2019
165788,10499543,-74.075933321,4.60331687600001,KR 10-CL 15 2,2019,Octubre,11,viernes,19,5,Santa Fe,Atropello,,,Con Heridos,0,0,0,0,0,0,1,0,0,0,1,0,1,1,0,0,0,0,1,0,0,0,1000653.0,0.0033245793883357,369.0283121052663,AV.CIRCUNVALAR,KR7;CL83,4.6066223,-74.07557695,1.0,17.514913835333335,,0.0,120.0,1.0,54,404.31351541571087,True,Av. Carrera 10,DEI-027/CAM-01,2019
165790,10499545,-74.04457056,4.76507712900002,CL 187-KR 45 2,2019,Octubre,11,viernes,8,10,Usaquén,Atropello,,,Con Heridos,0,0,0,0,0,0,1,1,0,1,0,0,0,0,0,0,0,0,0,0,0,1,1000087.0,0.0073263286878091,813.2224843468169,KR19,CL147;CL152,4.7597534,-74.04960375,0.0,18.90130502308333,,0.0,120.0,0.0,50,367.4186170218336,True,Autopista Norte,DEI-025/CAM-01,2019
165794,10499549,-74.078997953,4.684059171,CL 80-KR 68 2,2019,Octubre,11,viernes,7,30,Engativá,Caida de ocupante,,,Con Heridos,0,0,0,0,0,0,0,0,0,0,1,0,0,0,0,0,0,0,0,0,0,0,86.0,0.0048417096271933,537.4297686184565,KR50,CL53;CL17,4.67926125,-74.07964765,1.0,27.00828135219512,,0.0,123.0,1.0,72,172.07894852653544,True,Av. Carrera 68,DEI-035/CAM-01,2019
165799,10499554,-74.109386174,4.74445478799998,TR 127-CL 137 02,2019,Octubre,11,viernes,5,45,Suba,Atropello,,,Con Heridos,0,0,0,0,0,1,1,1,0,0,0,0,0,0,0,0,0,0,0,0,0,0,1000951.0,0.0095187613504091,1056.5825098954106,AV.SUBA,CL127;HUMEDAL.CORDOBA,4.7388854,-74.1016668,0.0,45.78360915303279,,0.0,122.0,0.0,6,409.6560078682698,True,Calle 139,DEI-004/CAM-01,2019
165802,10499557,-74.075517352,4.60203110499998,KR 9-CL 12C 10,2019,Octubre,10,jueves,8,30,Candelaria,Atropello,,,Con Heridos,1,0,0,0,1,0,1,0,0,0,0,0,0,0,0,0,0,0,0,0,0,0,6.0,0.0038842109980469,431.1474207832162,KR11,CL116;CL72,4.60046185,-74.07196425000001,1.0,13.70600484717742,,0.0,124.0,1.0,54,513.4502250513137,True,Av. Carrera 10,DEI-027/CAM-01,2019
165803,10499558,-74.184092433,4.60310161000001,KR 78G-CL 65A S 57,2019,Octubre,10,jueves,13,21,Bosa,Choque,Vehículo,,Solo Daños,0,0,0,0,0,0,0,1,0,1,0,0,0,0,0,0,0,0,0,0,0,1,149.0,0.0048913216839435,542.9367069177323,AV.CL59SUR,CL59SUR;KR81A,4.6025243,-74.1792353,1.0,25.57615745875,,0.0,8.0,1.0,13,480.65924473248475,True,Av. Bosa,DEI-008/CAM-01,2019
165807,10499562,-74.074490291,4.61027309000002,KR 13A-CL 22 2,2019,Octubre,8,martes,18,40,Santa Fe,Choque,Vehículo,,Solo Daños,0,0,0,0,0,1,0,1,0,1,0,0,0,0,0,0,0,0,0,0,0,1,41.0,0.0012052105974798,133.77837632026433,CL39,KR7;AV.CARACAS,4.61057625,-74.07565675000001,1.0,9.251992850333332,,0.0,120.0,1.0,55,335.51843578536324,True,Av. Carrera 10,DEI-027/CAM-02,2019
165813,10499934,-74.04742882,4.748015356,CL 167-KR 45 20,2019,Octubre,15,martes,13,0,Suba,Choque,Objeto Fijo,Arbol,Con Heridos,1,0,0,0,0,0,0,0,0,0,0,0,0,0,0,0,0,0,0,0,0,0,1000175.0,0.0092538703944774,1027.1796137869912,CL106,KR19;KR15,4.73962495,-74.05133205,0.0,14.06945636016129,,0.0,124.0,0.0,44,301.4765590277547,True,Autopista Norte,DEI-022/CAM-01,2019
165822,10499943,-74.177676645,4.59709945200001,AV AVENIDA DEL SUR-CL 59 S 2,2019,Octubre,15,martes,21,0,Bosa,Choque,Vehículo,,Solo Daños,0,1,0,0,0,0,0,0,0,0,0,0,0,0,0,0,0,0,0,0,0,0,149.0,0.0056443229205998,626.5198441865821,AV.CL59SUR,CL59SUR;KR81A,4.6025243,-74.1792353,0.0,14.794263375,,0.0,4.0,0.0,80,203.80369053807584,True,Autopista Sur,DEI-038/CAM-01,2019
165823,10499944,-74.076819189,4.65366769000002,CL 63B-KR 28A 02,2019,Octubre,15,martes,12,0,Barrios Unidos,Choque,Vehículo,,Solo Daños,0,0,0,0,0,0,0,0,0,0,0,0,0,0,0,0,0,0,0,0,0,0,1000093.0,0.0006079984896389,67.48783234992516,KR7,CL147;CL153,4.6537385,-74.07742305,1.0,33.50004367315315,,0.0,111.0,1.0,31,509.5658481260532,True,Av. NQS,DEI-016/CAM-03,2019
165826,10499947,-74.077625707,4.68185648000002,CL 80-KR 64 02,2019,Octubre,15,martes,8,34,Barrios Unidos,Choque,Vehículo,,Solo Daños,0,0,0,0,0,0,0,0,0,0,1,0,0,0,0,0,0,0,0,0,1,0,86.0,0.0032899045956174,365.1794101135336,KR50,CL53;CL17,4.67926125,-74.07964765,1.0,21.754610997083333,,0.0,120.0,1.0,72,348.24610366450696,True,Av. Carrera 68,DEI-035/CAM-01,2019
165835,10500328,-74.14202716,4.65392699300003,AV AVENIDA CIUDAD DE CALI-CL 13A 72,2019,Octubre,21,lunes,6,10,Kennedy,Volcamiento,,,Con Muertos,0,1,0,0,0,1,0,0,0,0,0,0,0,0,0,0,0,0,0,0,0,0,1001019.0,0.0033727690116859,374.3773602971356,KR72,CL75;CL66A,4.65133785,-74.1398657,1.0,38.81322497895833,,0.0,96.0,1.0,20,549.0683278622604,True,Av. Ciudad de Cali,DEI-011/CAM-01,2019
165836,10500329,-74.164253944,4.61817020400002,AV AVENIDA CUIDAD DE VILLAVICENCIO-KR 79 2,2019,Octubre,17,jueves,16,17,Kennedy,Choque,Objeto Fijo,Vehiculo,Con Heridos,0,0,0,0,0,0,0,0,0,1,0,0,0,0,0,0,0,0,0,0,0,1,1001027.0,0.0117135325163762,1300.2021093177625,KR72,CL3;CL9,4.611398400000001,-74.15469625,0.0,13.655234455929202,,0.0,113.0,0.0,26,389.37448553489276,True,Av. Primero de Mayo,DEI-014/CAM-02,2019
165838,10500331,-74.162842719,4.61583060100003,CL 43-KR 78HBISA S 2,2019,Octubre,17,jueves,17,40,Kennedy,Atropello,,,Con Heridos,0,1,0,0,0,0,1,1,0,0,0,0,0,0,0,0,0,0,0,0,0,0,1001027.0,0.0092741232940133,1029.427685635481,KR72,CL3;CL9,4.611398400000001,-74.15469625,0.0,10.980687817946428,,0.0,112.0,0.0,26,191.6934363809335,True,Av. Primero de Mayo,DEI-014/CAM-02,2019
165842,10500335,-74.063950852,4.750531486,CL 167-KR 65 37,2019,Octubre,20,domingo,14,16,Suba,Choque,Vehículo,,Solo Daños,0,0,0,0,0,0,0,1,0,0,0,0,0,0,0,0,0,0,0,0,0,0,1000231.0,0.008405554924415,933.016596610072,CL127,KR19;KR51A,4.7571278,-74.06916065,0.0,15.497454262419357,,0.0,124.0,0.0,63,310.7489710098283,True,Av. Boyacá,DEI-030/CAM-02,2019
165843,10500336,-74.172672759,4.59658965199998,AV AVENIDA DEL SUR-TR 74 02,2019,Octubre,19,sábado,19,10,Bosa,Choque,Vehículo,,Solo Daños,0,0,0,0,0,0,0,0,0,0,1,0,0,0,0,0,0,0,0,0,0,0,1001946.0,0.0082119006539642,911.5209725900309,"AV.P.MAYO,CL26SUR",KR72;KR78K,4.5960945,-74.1644758,0.0,13.190067876,,0.0,115.0,0.0,81,239.8820278731166,True,Autopista Sur,DEI-038/CAM-02,2019
165846,10500339,-74.056781741,4.71131336899998,KR 49-CL 127C 02,2019,Octubre,19,sábado,19,0,Suba,Choque,Vehículo,,Solo Daños,0,0,0,0,0,0,0,0,0,0,0,0,0,0,0,0,0,0,0,0,0,0,16.0,0.0043943791982042,487.7760910006769,CL94,KR15;KR7,4.7156571,-74.057447,1.0,12.6867167,,0.0,120.0,1.0,74,373.73773757814166,True,Autopista Norte,DEI-036/CAM-01,2019
165847,10500340,-74.170697093,4.62859298400002,AV AVENIDA CIUDAD DE VILLAVICENCIO-AV AVENIDA CIUDAD DE CALI 2,2019,Octubre,18,viernes,6,43,Kennedy,Choque,Vehículo,,Con Heridos,0,0,0,0,0,1,0,0,0,1,0,0,0,0,0,0,0,0,0,0,0,1,148.0,0.0129215134142671,1434.2879889836531,AV.CL59SUR,KR81A;CL59SUR,4.6285372,-74.1577757,0.0,16.17772341625,,0.0,8.0,0.0,79,169.3348157162348,True,Av. Ciudad de Cali,DEI-037/CAM-02,2019
165848,10500341,-74.101664759,4.67820104399999,AV AVENIDA BOYACA-CL 64F 2,2019,Octubre,20,domingo,16,19,Engativá,Choque,Vehículo,,Solo Daños,0,0,0,0,0,0,0,0,0,0,0,0,0,0,0,0,0,0,0,0,0,0,1000197.0,0.0046997831602035,521.6759307825988,CL134,KR9;KR7,4.675439,-74.09786225,1.0,19.535172882268903,,0.0,119.0,1.0,12,284.59089271373125,True,Av. Boyacá,DEI-007/CAM-03,2019
165849,10500342,-74.109623172,4.663118306,CL 26-KR 70 02,2019,Octubre,19,sábado,10,40,Fontibón,Choque,Vehículo,,Solo Daños,0,0,0,0,0,0,0,1,0,1,0,0,0,0,0,0,0,0,0,0,0,1,1000196.0,0.0049409989653615,548.4508851551291,CL134,KR7;KR9,4.6586908000000005,-74.10742985,1.0,19.767944229008265,,0.0,121.0,1.0,47,476.93134743415453,True,Av. Boyacá,DEI-023/CAM-02,2019
165857,10500727,-74.055914087,4.69387615300002,KR 45-CL 106 2,2019,Octubre,23,miércoles,9,20,Usaquén,Choque,Vehículo,,Solo Daños,0,0,0,0,0,0,0,0,0,0,0,0,0,0,0,0,0,0,0,0,0,0,1002011.0,0.0032009618584488,355.3067662878201,AUTONORTE,PEPE.SIERRA;CL100,4.697067349999999,-74.05566425,1.0,27.631502399596776,,0.0,124.0,1.0,59,301.4336182208643,True,Autopista Norte,DEI-029/CAM-02,2019
165858,10500728,-74.111805973,4.70979054499998,CL 80-KR 100 52,2019,Octubre,23,miércoles,21,57,Engativá,Choque,Vehículo,,Solo Daños,0,0,0,0,0,0,0,0,0,1,0,0,0,0,0,0,0,0,0,0,0,1,1000723.0,0.0128147945352665,1422.4421934145917,KR86,CL10;AV.AMERICAS,4.6984233,-74.11772245,0.0,11.44416844525862,,0.0,116.0,0.0,24,340.80043102372923,True,Av. Calle 80,DEI-013/CAM-02,2019
165890,10501143,-74.178349843,4.59706352000001,AV AVENIDA DEL SUR-CL 60 S 02,2019,Octubre,29,martes,4,35,Bosa,Choque,Vehículo,,Con Heridos,0,1,0,0,0,1,0,0,0,0,1,0,0,0,0,0,0,0,0,0,1,0,149.0,0.0055321019790974,614.0633196798135,AV.CL59SUR,CL59SUR;KR81A,4.6025243,-74.1792353,0.0,49.6311523325,,0.0,8.0,0.0,80,275.5019774372556,True,Autopista Sur,DEI-038/CAM-01,2019
165893,10501146,-74.163087559,4.61587208999998,TR 78HBISA-CL 43 S 02,2019,Octubre,21,lunes,4,20,Kennedy,Choque,Vehículo,,Con Heridos,0,0,0,0,0,1,0,0,0,1,0,0,0,0,0,0,0,0,0,0,0,1,1001027.0,0.0095093621736404,1055.539201274094,KR72,CL3;CL9,4.611398400000001,-74.15469625,0.0,45.9422263597479,,0.0,119.0,0.0,26,176.09566326726627,True,Av. Primero de Mayo,DEI-014/CAM-02,2019
165900,10501154,-74.140412029,4.61531785400001,KR 72-CL 36 S 02,2019,Octubre,28,lunes,11,28,Kennedy,Choque,Vehículo,,Con Heridos,1,0,0,0,0,0,0,1,0,0,0,0,0,0,0,0,0,0,0,0,0,0,90.0,0.0027973321565488,310.503869376924,CL24,KR86;AV.AMERICAS,4.61621555,-74.13776265,1.0,16.282187921322315,,0.0,121.0,1.0,1,18.978424389232107,True,Av. Boyacá,DEI-001/CAM-02,2019
165906,10501160,-74.180078425,4.597085768,AV AVENIDA DEL SUR-AC 65C 40,2019,Octubre,28,lunes,17,5,Bosa,Choque,Vehículo,,Con Heridos,1,1,0,0,0,0,0,0,0,0,0,0,0,0,0,0,0,0,0,0,0,0,149.0,0.0055034979858856,610.888276433312,AV.CL59SUR,CL59SUR;KR81A,4.6025243,-74.1792353,0.0,20.5459671875,,0.0,8.0,0.0,80,465.5109174717694,True,Autopista Sur,DEI-038/CAM-01,2019
165908,10501535,-74.07319925,4.66766570800002,KR 30-CL 72 2,2019,Octubre,31,jueves,12,35,Barrios Unidos,Choque,Vehículo,,Solo Daños,0,1,0,0,0,0,0,0,0,0,0,0,0,0,0,0,0,0,0,0,0,0,1000203.0,0.0039869790053658,442.5546695956143,KR7,CL188;CL175,4.6708734,-74.0708314,1.0,20.129933311048383,,0.0,124.0,1.0,38,96.64594628957988,True,Av. NQS,DEI-019/CAM-01,2019
165909,10501536,-74.105213237,4.70490504000003,CL 80-KR 90A 02,2019,Octubre,31,jueves,13,40,Engativá,Choque,Vehículo,,Solo Daños,0,0,0,0,0,1,0,0,0,0,0,0,0,0,0,0,0,0,0,0,0,0,1000963.0,0.0069263513641817,768.825001424172,CL72,KR64;KR70,4.7019356,-74.0989557,0.0,13.290413743145162,,0.0,124.0,0.0,40,528.5244968426586,True,Av. Ciudad de Cali,DEI-020/CAM-01,2019
165918,10501545,-74.084601787,4.62498777600001,AV AVENIDA DE LAS AMERICAS-KR 31 20,2019,Octubre,31,jueves,2,19,Puente Aranda,Volcamiento,,,Con Heridos,0,0,0,0,0,0,0,0,0,1,0,0,0,0,0,0,0,0,0,0,0,1,1001982.0,0.0043864287589386,486.89359224219066,NQS,CAD;AV.DORADO,4.6206293,-74.08509620000001,1.0,67.05930465728572,,0.0,70.0,1.0,21,343.4087652190746,True,Av. NQS,DEI-012/CAM-01,2019
165960,10502309,-74.076125053,4.68639996500002,AK 68-CL 95 2,2019,Octubre,8,martes,14,40,Barrios Unidos,Choque,Vehículo,,Con Heridos,0,0,0,0,0,0,0,0,0,0,0,0,0,0,0,0,0,0,0,0,0,0,1001209.0,0.0024264019202056,269.3306131428309,NQS,KR68;KR62B,4.688212200000001,-74.0745116,1.0,21.691993393739835,,0.0,123.0,1.0,73,230.7820900205642,True,Av. Carrera 68,DEI-035/CAM-02,2019
166125,10498778,-74.04528696,4.75652701299998,AV AVENIDA PASEO DE LOS LIBERTADORES-CL 176 02,2019,Octubre,3,jueves,7,15,Usaquén,Choque,Vehículo,,Solo Daños,0,0,0,0,0,0,0,0,0,0,1,0,1,0,0,1,0,0,0,0,0,0,1000087.0,0.0053892716556169,598.2091537734829,KR19,CL147;CL152,4.7597534,-74.04960375,0.0,20.77916332474138,,0.0,116.0,0.0,45,134.74035816574082,True,Autopista Norte,DEI-022/CAM-03,2019
166126,10498779,-74.121621816,4.72147115000001,KR 114-CL 79B 02,2019,Octubre,3,jueves,17,12,Engativá,Choque,Vehículo,,Solo Daños,0,0,0,0,0,0,0,0,0,0,1,0,0,0,0,0,0,0,0,0,1,0,103.0,0.01392412858514,1545.5782729505415,DIAG16,KR129;CL17,4.71384325,-74.1332707,0.0,20.078838584,,0.0,120.0,0.0,68,150.40717216428177,True,Av. Calle 80,DEI-033/CAM-01,2019
166137,10498790,-74.071463939,4.66980523500001,KR 30-CL 75 02,2019,Octubre,3,jueves,8,34,Barrios Unidos,Choque,Vehículo,,Solo Daños,0,0,0,0,0,1,0,0,0,0,0,0,0,0,0,0,0,0,0,0,0,0,1000203.0,0.0012414032599107,137.7957618500904,KR7,CL188;CL175,4.6708734,-74.0708314,1.0,16.63304152983871,,0.0,124.0,1.0,39,137.76144100287362,True,Av. NQS,DEI-019/CAM-02,2019
166138,10498791,-74.064802838,4.649685358,CL 63-KR 14 2,2019,Octubre,3,jueves,18,34,Chapinero,Choque,Vehículo,,Solo Daños,0,0,0,0,0,1,0,0,0,0,1,0,1,0,0,1,0,0,0,0,0,0,1002025.0,0.0028211638339822,313.1491855720328,AUTONORTE,SANTA.FE;TOBERIN,4.64911745,-74.06756625,1.0,36.14759856325,,0.0,120.0,1.0,43,251.5032648178708,True,Av. Caracas,DEI-021/CAM-02,2019
166157,10499176,-74.113586726,4.71155608599997,CL 80-KR 102 2,2019,Octubre,7,lunes,10,48,Engativá,Choque,Vehículo,,Solo Daños,0,0,0,0,0,0,0,0,0,0,0,0,0,0,0,0,0,0,0,0,1,0,1000723.0,0.0137685976455572,1528.3143386568509,KR86,CL10;AV.AMERICAS,4.6984233,-74.11772245,0.0,11.837601531,,0.0,120.0,0.0,24,62.55374521888145,True,Av. Calle 80,DEI-013/CAM-02,2019
166158,10499177,-74.043411211,4.76277876500001,CL 187-KR 23BIS 2,2019,Octubre,5,sábado,6,40,Usaquén,Choque,Vehículo,,Solo Daños,0,0,0,0,0,0,0,0,0,0,0,0,0,0,0,0,0,0,0,0,0,0,1000087.0,0.0068920514108477,765.0177066041045,KR19,CL147;CL152,4.7597534,-74.04960375,0.0,24.770585695576923,,0.0,104.0,0.0,51,174.5347626982399,True,Autopista Norte,DEI-025/CAM-03,2019
166165,10499184,-74.179336453,4.59677656299999,CL 63-KR 77G S 2,2019,Octubre,7,lunes,12,10,Bosa,Choque,Vehículo,,Solo Daños,0,0,0,0,0,0,0,1,0,1,1,0,1,0,1,0,0,0,0,0,0,1,149.0,0.0057486270144002,638.0975985984232,AV.CL59SUR,CL59SUR;KR81A,4.6025243,-74.1792353,0.0,22.56342795875,,0.0,8.0,0.0,80,380.3948609030715,True,Autopista Sur,DEI-038/CAM-01,2019
166169,10499188,-74.054581276,4.68641634199997,CL 100-KR 21 2,2019,Octubre,7,lunes,12,1,Usaquén,Choque,Vehículo,,Solo Daños,0,0,0,0,0,0,0,1,0,0,0,0,0,0,0,0,0,0,0,0,0,0,1000036.0,0.0050283771235526,558.1498607143465,AUTONORTE,CL82;CL80,4.6830666,-74.05833145,0.0,20.520514899112904,,0.0,124.0,0.0,19,344.13211257769365,True,Autopista Norte,DEI-010/CAM-03,2019
166174,10499193,-74.108594664,4.669340304,AV AVENIDA BOYACA-CL 51 88,2019,Octubre,2,miércoles,18,47,Engativá,Choque,Vehículo,,Solo Daños,0,0,0,0,0,0,0,0,0,0,0,0,0,0,0,0,0,0,0,0,0,0,92.0,0.0015575361489577,172.88651253431323,"KR50,TV42,TV39",CL6;CL19,4.6708416,-74.1081799,1.0,19.72993769,,0.0,115.0,1.0,10,246.37275095564257,True,Av. Boyacá,DEI-007/CAM-01,2019
166178,10499568,-74.074729597,4.60519970000001,KR 10-CL 17 02,2019,Octubre,10,jueves,13,55,Santa Fe,Atropello,,,Con Heridos,0,0,0,0,0,1,1,1,0,0,0,0,0,0,0,0,0,0,0,0,0,0,1000653.0,0.0016558375121297,183.79796384640625,AV.CIRCUNVALAR,KR7;CL83,4.6066223,-74.07557695,1.0,16.530962713306455,,0.0,124.0,1.0,54,156.2701008208124,True,Av. Carrera 10,DEI-027/CAM-01,2019
166179,10499569,-74.042893756,4.75556550099998,CL 175-KR 20 02,2019,Octubre,10,jueves,11,30,Usaquén,Choque,Vehículo,,Solo Daños,0,0,0,0,0,0,0,1,0,0,1,0,1,0,0,1,0,0,0,0,0,0,1000087.0,0.007909647116937,877.9708299800119,KR19,CL147;CL152,4.7597534,-74.04960375,0.0,13.981938335916668,,0.0,120.0,0.0,45,284.8960413850373,True,Autopista Norte,DEI-022/CAM-03,2019
166180,10499570,-74.045598932,4.75484489000002,KR 45-CL 174 2,2019,Octubre,9,miércoles,9,30,Usaquén,Choque,Vehículo,,Solo Daños,0,0,0,0,0,0,0,0,0,0,1,0,0,0,0,0,0,0,0,0,0,0,1000087.0,0.0063349852117443,703.1833585036226,KR19,CL147;CL152,4.7597534,-74.04960375,0.0,16.294406100666667,,0.0,120.0,0.0,45,55.72441531553698,True,Autopista Norte,DEI-022/CAM-03,2019
166183,10499574,-74.143366725,4.61918700400003,AV AVENIDA PRIMERO DE MAYO-CL 35 S 02,2019,Octubre,9,miércoles,6,44,Kennedy,Choque,Vehículo,,Solo Daños,0,0,0,0,0,0,0,0,0,0,1,0,1,0,0,1,0,0,0,0,0,0,90.0,0.0063431219032908,704.0865312652878,CL24,KR86;AV.AMERICAS,4.61621555,-74.13776265,0.0,23.53657797094828,,0.0,116.0,0.0,0,520.870994199594,True,Av. Boyacá,DEI-001/CAM-01,2019
166196,10499587,-74.114065819,4.66485535800001,KR 72BIS-CL 25B 2,2019,Octubre,11,viernes,10,20,Fontibón,Choque,Vehículo,,Solo Daños,0,0,0,0,0,0,0,0,0,0,0,0,0,0,0,0,0,0,0,0,0,0,92.0,0.0083951852723507,931.8655652309365,"KR50,TV42,TV39",CL6;CL19,4.6708416,-74.1081799,0.0,15.02614882983471,,0.0,121.0,0.0,46,105.19070421959334,True,Av. Boyacá,DEI-023/CAM-01,2019
166214,10499969,-74.04720582,4.74950137500002,AK 45-CL 168 2,2019,Octubre,15,martes,6,13,Usaquén,Choque,Vehículo,,Solo Daños,0,0,0,0,0,0,0,0,0,0,0,0,0,0,0,0,0,0,0,0,0,0,1000087.0,0.0105287266506982,1168.6886582275051,KR19,CL147;CL152,4.7597534,-74.04960375,0.0,24.770585695576923,,0.0,104.0,0.0,44,134.82666997677248,True,Autopista Norte,DEI-022/CAM-01,2019
166217,10499972,-74.044535107,4.76498495599998,AK 45-CL 185 2,2019,Octubre,15,martes,7,26,Usaquén,Choque,Vehículo,,Solo Daños,0,0,0,0,0,0,0,0,0,0,1,0,1,0,0,1,0,0,0,0,0,0,1000087.0,0.0072842515087265,808.5519174686459,KR19,CL147;CL152,4.7597534,-74.04960375,0.0,20.77916332474138,,0.0,116.0,0.0,50,357.55414390821494,True,Autopista Norte,DEI-025/CAM-01,2019
166219,10499974,-74.064136881,4.75530303099998,KR 68-CL 169B 02,2019,Octubre,15,martes,15,40,Suba,Choque,Vehículo,,Solo Daños,0,0,0,0,0,0,0,0,0,0,1,0,0,0,0,0,0,0,0,0,0,0,1000231.0,0.0053449075641063,593.2847396158062,CL127,KR19;KR51A,4.7571278,-74.06916065,0.0,15.325016489186993,,0.0,123.0,0.0,63,285.54525268451624,True,Av. Boyacá,DEI-030/CAM-02,2019
166224,10499979,-74.054092814,4.69447549799997,KR 22-CL 106B 02,2019,Octubre,16,miércoles,17,30,Usaquén,Choque,Vehículo,,Solo Daños,0,0,0,0,0,0,0,0,0,0,0,0,0,0,0,0,0,0,0,0,0,0,1002011.0,0.0030310242315381,336.443689700739,AUTONORTE,PEPE.SIERRA;CL100,4.697067349999999,-74.05566425,1.0,33.59352470422414,,0.0,116.0,1.0,59,293.9252095068791,True,Autopista Norte,DEI-029/CAM-02,2019
166225,10500350,-74.064414662,4.65147848399999,AV AVENIDA CARACAS-CL 64 2,2019,Octubre,18,viernes,21,45,Teusaquillo,Choque,Vehículo,,Con Heridos,1,0,0,0,0,0,0,0,0,0,1,0,1,1,0,0,0,0,1,0,0,0,1002025.0,0.003937891373669,437.105942477267,AUTONORTE,SANTA.FE;TOBERIN,4.64911745,-74.06756625,1.0,47.191081326416665,,0.0,120.0,1.0,43,455.07733719316514,True,Av. Caracas,DEI-021/CAM-02,2019
166227,10500352,-74.061854079,4.64359231200001,KR 7-CL 58 02,2019,Octubre,19,sábado,14,50,Chapinero,Choque,Vehículo,,Solo Daños,0,0,0,0,0,0,0,1,0,1,0,0,0,0,0,0,0,0,0,0,0,1,1000307.0,0.0027962437873066,310.3830603910349,KR10,CL24;CL19,4.6413462,-74.0635196,1.0,10.960153930420168,,0.0,119.0,1.0,42,492.2523195195929,True,Av. Caracas,DEI-021/CAM-01,2019
166231,10500356,-74.09112954,4.74655013099999,CL 148-KR 101 2,2019,Octubre,19,sábado,7,50,Suba,Choque,Vehículo,,Solo Daños,0,0,0,0,0,0,0,1,0,0,0,0,0,0,0,0,0,0,0,0,0,0,1002030.0,0.0041124350889923,456.4802948781482,AV.SUBA,21.ANGELES;CL136,4.742438,-74.09117954999999,1.0,36.10444889934959,,0.0,123.0,1.0,67,544.2411453426926,True,Av. Ciudad de Cali,DEI-032/CAM-02,2019
166232,10500357,-74.056848745,4.68971576899997,KR 45-CL 103 02,2019,Octubre,19,sábado,19,10,Usaquén,Choque,Vehículo,,Solo Daños,0,0,0,0,0,0,0,0,0,0,0,0,0,0,0,0,0,0,0,0,0,0,1000773.0,0.0046020954913201,510.8325995365378,KR50,CL33SUR;CL16SUR,4.6906399,-74.0613571,1.0,27.05861083576087,,0.0,92.0,1.0,33,26.174689905723966,True,Autopista Norte,DEI-017/CAM-02,2019
166264,10500766,-74.072089662,4.668944641,KR 30-CL 74 02,2019,Octubre,21,lunes,15,5,Barrios Unidos,Choque,Vehículo,,Solo Daños,0,0,0,0,0,0,0,1,0,0,0,0,0,0,0,0,0,0,0,0,0,0,1000203.0,0.0023028969887307,255.6215657491093,KR7,CL188;CL175,4.6708734,-74.0708314,1.0,19.191397495483876,,0.0,124.0,1.0,39,20.307961232945594,True,Av. NQS,DEI-019/CAM-02,2019
166275,10501161,-74.123130727,4.586165322,CL 39-KR 29 S 02,2019,Octubre,29,martes,18,57,Rafael Uribe Uribe,Atropello,,,Con Heridos,0,0,0,0,0,1,1,1,0,0,0,0,0,0,0,0,0,0,0,0,0,0,1000328.0,0.0034897183363435,387.35873533413866,AV.P.MAYO,AV.CARACAS;DIAG19SUR,4.5827155,-74.12260455,1.0,11.036161508833334,,0.0,120.0,1.0,7,357.5570278195237,True,Av. Gaitán Cortés,DEI-005/CAM-01,2019
166277,10501163,-74.069810482,4.60532080000002,KR 5-CL 20 02,2019,Octubre,29,martes,19,30,Santa Fe,Choque,Vehículo,,Con Heridos,0,0,0,0,0,1,0,1,0,0,0,0,0,0,0,0,0,0,0,0,0,0,2.0,0.0003906266837272,43.35956189372774,KR7,CL32;CL188,4.60499885,-74.0700317,1.0,18.19616097637255,,0.0,102.0,1.0,54,478.9520400102373,True,Av. Carrera 10,DEI-027/CAM-01,2019
166278,10501164,-74.099750555,4.70184675799999,CL 80-KR 84A 2,2019,Octubre,28,lunes,14,0,Engativá,Atropello,,,Con Heridos,0,0,0,0,0,1,1,1,0,0,0,0,0,0,0,0,0,0,0,0,0,0,1000963.0,0.0007998045836222,88.77830878207007,CL72,KR64;KR70,4.7019356,-74.0989557,1.0,12.91485007782258,,0.0,124.0,1.0,40,354.323610027824,True,Av. Ciudad de Cali,DEI-020/CAM-01,2019
166283,10501169,-74.06413018,4.64577871900002,KR 13-CL 58 85,2019,Octubre,29,martes,19,35,Chapinero,Atropello,,,Con Heridos,0,0,0,0,0,0,1,0,0,1,0,0,0,0,0,0,0,0,0,0,0,1,1001930.0,0.0035977031506385,399.345049720884,"TV25,DIAG53,KR24",CL57;CL45,4.6443781,-74.06744405,1.0,9.003281217666666,,0.0,120.0,1.0,42,142.12435099540366,True,Av. Caracas,DEI-021/CAM-01,2019
166285,10501171,-74.076240371,4.60861967400001,CL 19-KR 13A 43,2019,Octubre,28,lunes,13,50,Santa Fe,Caida de ocupante,,,Con Heridos,0,0,1,0,0,0,0,0,0,0,1,0,1,0,0,1,0,0,0,0,0,0,1000312.0,0.0017692176105384,196.38315476976317,CL13,KR22;KR27,4.60703515,-74.07702739999999,1.0,16.82912715733871,,0.0,124.0,1.0,55,311.5255411236958,True,Av. Carrera 10,DEI-027/CAM-02,2019
166288,10501174,-74.07394125,4.60694021500001,KR 10-CL 19 2,2019,Octubre,29,martes,18,20,Santa Fe,Atropello,,,Con Heridos,0,0,0,0,0,1,1,0,0,0,0,0,0,0,0,0,0,0,0,0,0,0,1000199.0,0.0012767719082575,141.7216818165844,KR9,CL134:CL140,4.6071991,-74.072691,1.0,26.500270974,,0.0,120.0,1.0,55,50.17793868485081,True,Av. Carrera 10,DEI-027/CAM-02,2019
166295,10501181,-74.032391349,4.69543784400003,KR 7-CL 118 2,2019,Octubre,27,domingo,12,55,Usaquén,Choque,Vehículo,,Solo Daños,0,0,0,0,0,0,0,0,0,0,0,0,0,0,0,0,0,0,0,0,0,0,1000184.0,0.0092109412060801,1022.4144738748948,KR15,CL94;CL100,4.704458949999999,-74.03053095,0.0,17.72354769298387,,0.0,124.0,0.0,70,405.560052946735,True,Av. Carrera 9,DEI-034/CAM-01,2019
166298,10501184,-74.034700401,4.68871774799999,KR 7-CL 110 02,2019,Octubre,22,martes,9,20,Usaquén,Choque,Vehículo,,Solo Daños,0,0,0,0,0,0,0,0,0,0,0,0,0,0,0,0,0,0,0,0,0,0,1002017.0,0.0104706264484663,1162.2395357797702,AUTONORTE,ALCALA;PRADO,4.6892508,-74.04515745,0.0,34.59864603540322,,0.0,124.0,0.0,71,416.7062870713563,True,Av. Carrera 9,DEI-034/CAM-02,2019
166300,10501559,-74.054938146,4.70704897399997,CL 127-KR 45 02,2019,Octubre,31,jueves,10,30,Usaquén,Choque,Vehículo,,Solo Daños,0,1,0,0,0,0,0,1,0,0,0,0,0,0,0,0,0,0,0,0,0,0,1000970.0,0.0031979564151335,354.9731620798244,CL34,KR19;AV.CARACAS,4.705220199999999,-74.0575616,1.0,10.681651870082645,,0.0,121.0,1.0,76,317.7612662657041,True,Autopista Norte,DEI-036/CAM-03,2019
166323,10501582,-74.075755089,4.60847972699997,KR 13A-CL 19 02,2019,Octubre,31,jueves,16,16,Santa Fe,Choque,Vehículo,,Solo Daños,0,1,0,0,0,0,0,0,0,0,0,0,0,0,0,0,0,0,0,0,0,0,1000653.0,0.0018659497751924,207.12042504636548,AV.CIRCUNVALAR,KR7;CL83,4.6066223,-74.07557695,1.0,21.457683596166664,,0.0,120.0,1.0,55,256.70024088704764,True,Av. Carrera 10,DEI-027/CAM-02,2019
166517,10498807,-74.069920122,4.60755923599999,CL 22-KR 5 98,2019,Octubre,3,jueves,12,29,Candelaria,Choque,Vehículo,,Solo Daños,0,0,0,0,0,0,0,0,0,0,0,0,0,0,0,0,0,0,0,0,0,0,2.0,0.0025628160525152,284.4725818291897,KR7,CL32;CL188,4.60499885,-74.0700317,1.0,21.11840818078261,,0.0,115.0,1.0,55,424.672830648391,True,Av. Carrera 10,DEI-027/CAM-02,2019
166519,10498810,-74.070175128,4.60450401899999,CL 19-KR 5 2,2019,Octubre,3,jueves,12,34,Candelaria,Choque,Vehículo,,Solo Daños,0,0,0,0,0,0,0,0,0,0,1,0,0,0,0,0,0,0,0,0,0,0,2.0,0.0005151983208,57.18701360880197,KR7,CL32;CL188,4.60499885,-74.0700317,1.0,21.11840818078261,,0.0,115.0,1.0,54,472.61753705716177,True,Av. Carrera 10,DEI-027/CAM-01,2019
166536,10498827,-74.13646183,4.61512807100002,AV AVENIDA PRIMERO DE MAYO-KR 70 2,2019,Octubre,3,jueves,12,10,Kennedy,Choque,Vehículo,,Solo Daños,0,0,0,0,0,0,0,1,0,0,1,0,1,0,0,1,0,0,0,0,0,0,90.0,0.0016955067819943,188.2012528013778,CL24,KR86;AV.AMERICAS,4.61621555,-74.13776265,1.0,17.374400575772356,,0.0,123.0,1.0,1,422.7709222379482,True,Av. Boyacá,DEI-001/CAM-02,2019
166537,10498828,-74.073888895,4.60682303200002,CL 19-KR 10 2,2019,Octubre,3,jueves,16,30,Santa Fe,Choque,Vehículo,,Solo Daños,0,0,0,0,0,0,0,1,0,0,0,0,0,0,0,0,0,0,0,0,0,0,1000199.0,0.0012555395539806,139.36489049185732,KR9,CL134:CL140,4.6071991,-74.072691,1.0,32.420317674416665,,0.0,120.0,1.0,54,48.57752994749676,True,Av. Carrera 10,DEI-027/CAM-01,2019
166542,10499197,-74.046262202,4.75672683699997,AK 45-CL 176 2,2019,Octubre,3,jueves,4,30,Usaquén,Choque,Vehículo,,Solo Daños,0,1,0,0,0,0,0,0,0,0,1,0,1,0,1,0,0,0,0,0,0,0,1000087.0,0.0045084394893923,500.43678332255183,KR19,CL147;CL152,4.7597534,-74.04960375,1.0,31.25147412686441,,0.0,118.0,1.0,45,179.9860663116541,True,Autopista Norte,DEI-022/CAM-03,2019
166543,10499198,-74.072122822,4.608220813,KR 9-CL 21 38,2019,Octubre,7,lunes,16,20,Santa Fe,Choque,Vehículo,,Solo Daños,0,0,0,0,0,0,0,0,0,1,0,0,0,0,0,0,0,0,0,0,0,1,1000199.0,0.0011690695847823,129.76672391084432,KR9,CL134:CL140,4.6071991,-74.072691,1.0,32.420317674416665,,0.0,120.0,1.0,55,204.14086865155727,True,Av. Carrera 10,DEI-027/CAM-02,2019
166545,10499200,-74.033641275,4.69369030500002,CL 116-KR 7 02,2019,Octubre,7,lunes,19,18,Usaquén,Choque,Vehículo,,Solo Daños,0,0,0,0,0,0,0,0,0,1,0,0,0,0,0,0,0,0,0,0,0,1,1000184.0,0.0112088285177876,1244.1799654744298,KR15,CL94;CL100,4.704458949999999,-74.03053095,0.0,15.868556298017245,,0.0,116.0,0.0,70,186.06712469130744,True,Av. Carrera 9,DEI-034/CAM-01,2019
166548,10499203,-74.0542452,4.68124180299998,KR 30-CL 94 2,2019,Octubre,7,lunes,8,0,Chapinero,Choque,Vehículo,,Solo Daños,0,1,0,0,0,0,0,1,0,0,0,0,0,0,0,0,0,0,0,0,0,0,1000035.0,0.0011531409569376,127.99864622008344,AUTONORTE,CL80;CL82,4.6801407,-74.0545877,1.0,15.915203139672132,,0.0,122.0,1.0,17,494.6149849529447,True,Autopista Norte,DEI-010/CAM-01,2019
166550,10499205,-74.143768549,4.62860517000001,CL 5-KR 74 2,2019,Octubre,4,viernes,8,11,Kennedy,Choque,Vehículo,,Solo Daños,0,0,0,0,0,0,0,0,0,0,0,0,0,0,0,0,0,0,0,0,0,0,1000961.0,0.0023051751980172,255.87444697991864,CL72,KR24;KR55,4.627228499999999,-74.1419196,1.0,23.46862649524193,,0.0,124.0,1.0,48,313.4759528968832,True,Av. Américas,DEI-024/CAM-01,2019
166553,10499208,-74.154053059,4.63236137299998,KR 80-CL 2 51,2019,Octubre,8,martes,1,30,Kennedy,Choque,Vehículo,,Solo Daños,0,1,0,0,0,0,0,0,0,0,0,0,0,0,0,0,0,0,0,0,0,0,148.0,0.0053368862784045,592.39437690291,AV.CL59SUR,KR81A;CL59SUR,4.6285372,-74.1577757,0.0,44.178803068,,0.0,5.0,0.0,49,411.706284858714,True,Av. Américas,DEI-024/CAM-02,2019
166554,10499209,-74.054285511,4.68119817199999,KR 30-CL 94 2,2019,Octubre,7,lunes,12,11,Chapinero,Choque,Vehículo,,Solo Daños,0,0,0,0,0,0,0,0,0,0,0,0,0,0,0,0,0,0,0,0,0,0,1000035.0,0.0010998023560996,122.07806152706009,AUTONORTE,CL80;CL82,4.6801407,-74.0545877,1.0,18.18738909153226,,0.0,124.0,1.0,17,493.6733550807633,True,Autopista Norte,DEI-010/CAM-01,2019
166577,10499604,-74.122431761,4.72348310000001,AC 80-KR 114 63,2019,Octubre,14,lunes,21,15,Engativá,Volcamiento,,,Con Muertos,0,0,0,0,0,1,0,0,0,0,0,0,0,0,0,0,0,0,0,0,0,0,103.0,0.014505492293208,1610.1096445460914,DIAG16,KR129;CL17,4.71384325,-74.1332707,0.0,30.15388987733333,,0.0,120.0,0.0,69,56.43030763240456,True,Av. Calle 80,DEI-033/CAM-02,2019
166583,10499610,-74.129136101,4.62696338299997,KR 69B-CL 5 2,2019,Octubre,11,viernes,17,35,Kennedy,Choque,Vehículo,,Con Heridos,0,0,0,0,0,1,0,0,0,1,0,0,0,0,0,0,0,0,0,0,0,1,49.0,0.0017787653089697,197.44294929564003,CL53,KR68;KR7,4.62874205,-74.1291174,1.0,13.725265533333332,,0.0,120.0,1.0,82,553.6778858168221,True,Av. Américas,DEI-039/CAM-01,2019
166587,10499614,-74.115161913,4.713357336,CL 80-KR 104 02,2019,Octubre,11,viernes,10,55,Engativá,Choque,Vehículo,,Solo Daños,0,0,0,0,0,0,0,0,0,0,1,0,1,0,1,0,0,0,0,0,0,0,1000723.0,0.0151519563415981,1681.86715391739,KR86,CL10;AV.AMERICAS,4.6984233,-74.11772245,0.0,11.837601531,,0.0,120.0,0.0,23,171.62341664140212,True,Av. Calle 80,DEI-013/CAM-01,2019
166590,10499981,-74.075161862,4.61061107900002,CL 22-KR 13A 55,2019,Octubre,15,martes,9,50,Santa Fe,Choque,Vehículo,,Solo Daños,0,0,0,0,0,0,0,0,0,1,0,0,0,0,0,0,0,0,0,0,0,1,41.0,0.0004961120758377,55.06844041799484,CL39,KR7;AV.CARACAS,4.61057625,-74.07565675000001,1.0,10.086509132786883,,0.0,122.0,1.0,55,395.3994155420243,True,Av. Carrera 10,DEI-027/CAM-02,2019
166600,10499991,-74.177470988,4.59708734999998,AV AVENIDA DEL SUR-CL 59 S 02,2019,Octubre,16,miércoles,13,50,Bosa,Choque,Vehículo,,Solo Daños,0,0,0,0,0,0,0,1,0,0,1,0,0,0,0,0,0,0,0,0,0,0,149.0,0.0057160495218356,634.4814969237551,AV.CL59SUR,CL59SUR;KR81A,4.6025243,-74.1792353,0.0,25.57615745875,,0.0,8.0,0.0,80,181.59538681297286,True,Autopista Sur,DEI-038/CAM-01,2019
166601,10499992,-74.078587745,4.64796789799999,KR 30-CL 58 02,2019,Octubre,15,martes,17,45,Teusaquillo,Choque,Vehículo,,Solo Daños,0,0,0,0,0,1,0,0,0,0,0,0,0,0,0,0,0,0,0,0,0,0,1000701.0,0.0011009323995668,122.20349635192082,KR50,CL5A;CL2C,4.647378,-74.07951729999999,1.0,21.16810459837607,,0.0,117.0,1.0,29,123.45735405656568,True,Av. NQS,DEI-016/CAM-01,2019
166605,10499996,-74.05786853,4.67971392800001,DG 92-TR 23 02,2019,Octubre,16,miércoles,19,50,Chapinero,Choque,Vehículo,,Solo Daños,0,0,0,0,0,0,0,0,0,1,0,0,0,0,0,0,0,0,0,0,0,1,1.0,0.0021639560515801,240.1991217253945,KR7,CL188;CL32,4.6793199,-74.05574075,1.0,19.199127123274337,,0.0,113.0,1.0,17,447.2842249323431,True,Autopista Norte,DEI-010/CAM-01,2019
166610,10500001,-74.041430899,4.67450073200001,KR 7-CL 94 02,2019,Octubre,15,martes,12,0,Chapinero,Choque,Vehículo,,Solo Daños,0,0,0,0,0,0,0,1,0,0,0,0,0,0,0,0,0,0,0,0,0,0,1000191.0,0.0079389270664571,881.2209043767458,KR9,CL161;CL147,4.67150165,-74.04878155,0.0,21.957882133583333,,0.0,120.0,0.0,57,121.84690827906843,True,Av. Carrera 7,DEI-028/CAM-02,2019
166614,10500375,-74.057214005,4.68739177499998,KR 45-CL 100 2,2019,Octubre,21,lunes,20,50,Usaquén,Otro,,,Con Heridos,0,0,0,0,0,0,0,0,0,0,1,0,1,1,0,0,0,1,0,0,0,0,1000036.0,0.0044671939859886,495.8585324447452,AUTONORTE,CL82;CL80,4.6830666,-74.05833145,1.0,23.697473706083333,,0.0,120.0,1.0,33,241.37413836362722,True,Autopista Norte,DEI-017/CAM-02,2019
166615,10500376,-74.092389106,4.743727675,CL 145-KR 101 2,2019,Octubre,20,domingo,14,59,Suba,Caida de ocupante,,,Con Heridos,0,0,0,0,0,0,0,0,0,0,1,0,1,1,0,0,0,1,0,0,0,0,1002030.0,0.0017681310253416,196.26254381291884,AV.SUBA,21.ANGELES;CL136,4.742438,-74.09117954999999,1.0,43.06799753362903,,0.0,124.0,1.0,66,524.4153709324265,True,Av. Ciudad de Cali,DEI-032/CAM-01,2019
166616,10500377,-74.0991639,4.74193736199999,CL 139-KR 106 2,2019,Octubre,21,lunes,16,20,Suba,Atropello,,,Con Heridos,0,0,0,0,0,0,1,0,0,0,0,0,0,0,0,0,0,0,0,0,0,0,1000951.0,0.0039470217201625,438.1194109380394,AV.SUBA,CL127;HUMEDAL.CORDOBA,4.7388854,-74.1016668,1.0,29.468748649,,0.0,120.0,1.0,27,312.74782648689006,True,Av. Ciudad de Cali,DEI-015/CAM-01,2019
166627,10500388,-74.105583164,4.66999432300003,CL 53-KR 71A 02,2019,Octubre,19,sábado,23,30,Engativá,Choque,Vehículo,,Solo Daños,0,0,0,0,0,0,0,0,0,0,0,0,0,0,0,0,0,0,0,0,0,0,1002275.0,0.0018401742969678,204.25934696343123,CL153,KR54;KR56,4.6682687000000005,-74.10494405,1.0,29.6754212525,,0.0,4.0,1.0,10,181.9742738340541,True,Av. Boyacá,DEI-007/CAM-01,2019
166630,10500391,-74.077526499,4.60322139499999,CL 14-KR 12 2,2019,Octubre,18,viernes,9,37,Santa Fe,Choque,Vehículo,,Solo Daños,0,0,0,0,0,0,0,0,0,1,1,0,1,0,0,1,0,0,0,0,0,1,1000312.0,0.0038462744327352,426.936462033612,CL13,KR22;KR27,4.60703515,-74.07702739999999,1.0,21.483183402258064,,0.0,124.0,1.0,54,527.668865681432,True,Av. Carrera 10,DEI-027/CAM-01,2019
166643,10500781,-74.036294462,4.69645160099998,KR 11-CL 118 2,2019,Octubre,24,jueves,7,30,Usaquén,Choque,Vehículo,,Solo Daños,0,0,0,0,0,0,0,0,0,0,0,0,0,0,0,0,0,0,0,0,0,0,1000184.0,0.0098658861022347,1095.1133573480613,KR15,CL94;CL100,4.704458949999999,-74.03053095,0.0,22.021588384308945,,0.0,123.0,0.0,70,388.1755366337703,True,Av. Carrera 9,DEI-034/CAM-01,2019
166655,10500793,-74.052483533,4.705138385,CL 125-KR 21A 63,2019,Octubre,25,viernes,1,40,Usaquén,Choque,Vehículo,,Solo Daños,0,0,0,0,0,0,0,0,0,0,0,0,0,0,0,0,0,0,0,0,0,0,18.0,0.0042476602279282,471.4902853000372,CL85,KR15;KR7,4.7093504,-74.0519344,1.0,18.211086656607144,,0.0,112.0,1.0,77,472.8462472126035,True,Autopista Norte,DEI-036/CAM-04,2019
166656,10500794,-74.053295102,4.71228344100001,KR 45-CL 128 2,2019,Octubre,24,jueves,20,40,Usaquén,Choque,Vehículo,,Solo Daños,0,0,0,0,0,0,0,1,0,1,0,0,0,0,0,0,0,0,0,0,0,1,18.0,0.0032333016315496,358.89648110201244,CL85,KR15;KR7,4.7093504,-74.0519344,1.0,9.61146047075,,0.0,120.0,1.0,75,258.95578810530697,True,Autopista Norte,DEI-036/CAM-02,2019
166664,10501186,-74.046500979,4.75160983299997,KR 45-CL 170 02,2019,Octubre,26,sábado,14,42,Usaquén,Choque,Vehículo,,Solo Daños,0,1,0,0,0,0,0,0,0,0,0,0,0,0,0,0,0,0,0,0,0,0,1000087.0,0.0087146354692802,967.3245370901096,KR19,CL147;CL152,4.7597534,-74.04960375,0.0,12.22675377885246,,0.0,122.0,0.0,44,113.76566486984449,True,Autopista Norte,DEI-022/CAM-01,2019
166665,10501187,-74.076125053,4.68639996500002,AK 68-CL 95 2,2019,Octubre,27,domingo,19,45,Barrios Unidos,Choque,Vehículo,,Solo Daños,0,0,0,0,0,1,0,0,0,0,0,0,0,0,0,0,0,0,0,0,0,0,1001209.0,0.0024264019202056,269.3306131428309,NQS,KR68;KR62B,4.688212200000001,-74.0745116,1.0,17.84298222516667,,0.0,120.0,1.0,73,230.7820900205642,True,Av. Carrera 68,DEI-035/CAM-02,2019
166670,10501192,-74.051644061,4.698849688,CL 116-KR 20 2,2019,Octubre,27,domingo,15,33,Usaquén,Choque,Vehículo,,Solo Daños,0,0,0,0,0,0,0,0,0,0,0,0,0,0,0,0,0,0,0,0,0,0,1002011.0,0.0043975730058731,488.1306036519179,AUTONORTE,PEPE.SIERRA;CL100,4.697067349999999,-74.05566425,1.0,40.243442045,,0.0,124.0,1.0,61,438.63089030728133,True,Autopista Norte,DEI-029/CAM-04,2019
166671,10501193,-74.066311536,4.64339702400002,CL 56-KR 14 40,2019,Octubre,26,sábado,10,0,Teusaquillo,Choque,Vehículo,,Solo Daños,0,0,0,0,0,0,0,0,0,0,0,0,0,0,0,0,0,0,0,0,0,0,1001930.0,0.0014983651350538,166.3185299909745,"TV25,DIAG53,KR24",CL57;CL45,4.6443781,-74.06744405,1.0,9.177611778512397,,0.0,121.0,1.0,42,396.9099773622983,True,Av. Caracas,DEI-021/CAM-01,2019
166675,10501197,-74.047475875,4.74697333,KR 45-CL 165 02,2019,Octubre,28,lunes,19,20,Usaquén,Choque,Vehículo,,Solo Daños,0,0,0,0,0,0,0,0,0,1,0,0,0,0,0,0,0,0,0,0,0,1,1000175.0,0.0082987212421554,921.1580578792554,CL106,KR19;KR15,4.73962495,-74.05133205,0.0,15.057900854369748,,0.0,119.0,0.0,44,416.5340062128703,True,Autopista Norte,DEI-022/CAM-01,2019
166676,10501198,-74.069124035,4.672726501,AK 30-CL 79 02,2019,Octubre,28,lunes,10,40,Barrios Unidos,Choque,Vehículo,,Solo Daños,0,0,0,0,0,0,0,0,0,0,0,0,0,0,0,0,0,0,0,0,0,0,1000203.0,0.0025197377957698,279.6908953304527,KR7,CL188;CL175,4.6708734,-74.0708314,1.0,17.22285500752066,,0.0,121.0,1.0,39,552.8290377618238,True,Av. NQS,DEI-019/CAM-02,2019
166745,10502355,-74.105637088,4.701703092,KR 89A-CL 75B 2,2019,Octubre,26,sábado,8,50,Engativá,Choque,Vehículo,,Con Heridos,0,0,0,0,0,1,0,0,0,1,0,0,0,0,0,0,0,0,0,0,0,1,1000759.0,0.004070513697113,451.82702037954857,KR80,CL26SUR;CL38CSUR,4.69774235,-74.10469815,1.0,20.14625088185484,,0.0,124.0,1.0,41,327.2173839972843,True,Av. Ciudad de Cali,DEI-020/CAM-02,2019
166913,10498835,-74.181023374,4.609348517,CL 59-KR 80 S 02,2019,Octubre,3,jueves,21,20,Bosa,Choque,Vehículo,,Solo Daños,0,0,0,0,0,0,0,0,0,0,1,0,1,0,0,1,0,0,0,0,0,0,149.0,0.007054583353578,783.0587522471626,AV.CL59SUR,CL59SUR;KR81A,4.6025243,-74.1792353,0.0,14.794263375,,0.0,4.0,0.0,14,535.7230025416504,True,Av. Bosa,DEI-008/CAM-02,2019
166914,10498836,-74.138323845,4.63039845200001,AV AVENIDA DE LAS AMERICAS-KR 72 02,2019,Octubre,3,jueves,22,40,Kennedy,Choque,Vehículo,,Solo Daños,0,0,0,0,0,0,0,0,0,1,0,0,0,0,0,0,0,0,0,0,0,1,1000780.0,0.004385125823182,486.74896637321297,CL6,KR42;KR36,4.62659345,-74.1361441,1.0,39.37162013483333,,0.0,120.0,1.0,2,204.0072377300056,True,Av. Boyacá,DEI-002/CAM-01,2019
166915,10498837,-74.08592734,4.62124985000003,KR 30-CL 22 02,2019,Octubre,4,viernes,9,40,Puente Aranda,Choque,Vehículo,,Solo Daños,0,0,0,0,0,0,0,1,0,1,0,0,0,0,0,0,0,0,0,0,0,1,1001982.0,0.0010372444273737,115.13413143848165,NQS,CAD;AV.DORADO,4.6206293,-74.08509620000001,1.0,28.07461304525,,0.0,40.0,1.0,22,91.5169147495875,True,Av. NQS,DEI-012/CAM-02,2019
166918,10498840,-74.093354531,4.57729623099999,KR 10-CL 18 S 2,2019,Octubre,3,jueves,15,30,Antonio Nariño,Choque,Vehículo,,Solo Daños,0,0,0,0,0,1,0,1,0,0,0,0,0,0,0,0,0,0,0,0,0,0,1000214.0,0.002692024600064,298.8147306071129,KR5,CL34;CL27,4.57950665,-74.0948911,1.0,23.065676395,,0.0,124.0,1.0,36,415.33069031383616,True,Av. Carrera 10,DEI-018/CAM-01,2019
166922,10498844,-74.117709425,4.714075729,KR 107-DG 78D 2,2019,Octubre,4,viernes,16,56,Engativá,Choque,Vehículo,,Solo Daños,0,0,0,0,0,0,0,0,0,0,1,0,1,0,0,1,0,0,0,0,0,0,103.0,0.0155630114730711,1727.494273510893,DIAG16,KR129;CL17,4.71384325,-74.1332707,0.0,21.59275253683333,,0.0,120.0,0.0,23,434.49590062091863,True,Av. Calle 80,DEI-013/CAM-01,2019
166924,10498846,-74.103826689,4.66851601899998,KR 70-CL 53 2,2019,Octubre,4,viernes,11,15,Engativá,Choque,Vehículo,,Solo Daños,0,0,0,0,0,0,0,1,0,0,0,0,0,0,0,0,0,0,0,0,0,0,1002275.0,0.0011444047763219,127.02893017174054,CL153,KR54;KR56,4.6682687000000005,-74.10494405,1.0,18.8448437175,,0.0,8.0,1.0,10,435.70460874060524,True,Av. Boyacá,DEI-007/CAM-01,2019
166925,10498847,-74.110626184,4.66727389099998,AV AVENIDA BOYACA-CL 48 02,2019,Octubre,4,viernes,18,15,Engativá,Choque,Vehículo,,Solo Daños,0,0,0,0,0,0,0,0,0,0,1,0,0,0,0,0,0,0,0,0,0,0,92.0,0.0043258355166932,480.1677423529551,"KR50,TV42,TV39",CL6;CL19,4.6708416,-74.1081799,1.0,19.72993769,,0.0,115.0,1.0,46,516.8919080790063,True,Av. Boyacá,DEI-023/CAM-01,2019
166930,10498852,-74.103737796,4.69954813200002,KR 86-CL 75 02,2019,Octubre,4,viernes,7,18,Engativá,Choque,Vehículo,,Con Heridos,1,0,0,0,0,1,0,0,0,0,0,0,0,0,0,0,0,0,0,0,0,0,1000759.0,0.0020452697711818,227.0249446011889,KR80,CL26SUR;CL38CSUR,4.69774235,-74.10469815,1.0,22.286592414878047,,0.0,123.0,1.0,41,136.6235678029457,True,Av. Ciudad de Cali,DEI-020/CAM-02,2019
166937,10499224,-74.077722097,4.66565844100001,CL 68-KR 52 2,2019,Octubre,6,domingo,21,30,Barrios Unidos,Choque,Vehículo,,Solo Daños,0,0,0,0,0,1,0,0,0,0,0,0,0,0,0,0,0,0,0,0,0,0,1000189.0,0.0022713314804826,252.11779433357765,KR7,CL170;CL165,4.66734485,-74.0792436,1.0,29.83613557558333,,0.0,120.0,1.0,38,453.7177275267871,True,Av. NQS,DEI-019/CAM-01,2019
166942,10499229,-74.111558972,4.670661951,KR 73A-CL 49A 2,2019,Octubre,7,lunes,16,30,Engativá,Choque,Vehículo,,Solo Daños,0,0,0,0,0,1,0,1,0,1,0,0,0,0,0,0,0,0,0,0,0,1,92.0,0.0033838441666829,375.6067025018052,"KR50,TV42,TV39",CL6;CL19,4.6708416,-74.1081799,1.0,18.472348409310342,,0.0,116.0,1.0,10,509.179886739004,True,Av. Boyacá,DEI-007/CAM-01,2019
166946,10499233,-74.161209176,4.61184177400003,AV AVENIDA CIUDAD DE VILLAVICENCIO-KR 78 02,2019,Octubre,8,martes,21,11,Kennedy,Choque,Vehículo,,Con Heridos,0,0,0,0,0,1,0,0,0,0,0,0,0,0,0,0,0,0,0,0,0,0,1001027.0,0.0065280001214283,724.6080134785419,KR72,CL3;CL9,4.611398400000001,-74.15469625,0.0,30.348576974722224,,0.0,108.0,0.0,26,449.87253260532344,True,Av. Primero de Mayo,DEI-014/CAM-02,2019
166947,10499234,-74.055822115,4.70726018900001,CL 127-KR 46 2,2019,Octubre,6,domingo,13,35,Suba,Choque,Vehículo,,Con Heridos,1,0,0,0,0,1,0,0,0,0,0,0,0,0,0,0,0,0,0,0,0,0,1000970.0,0.0026809258075141,297.5827646340688,CL34,KR19;AV.CARACAS,4.705220199999999,-74.0575616,1.0,9.313631451774194,,0.0,124.0,1.0,76,368.00642982852787,True,Autopista Norte,DEI-036/CAM-03,2019
166948,10499235,-74.111439603,4.70941869699999,AC 80-KR 99 2,2019,Octubre,6,domingo,11,45,Engativá,Choque,Vehículo,,Solo Daños,0,0,0,0,0,0,0,0,0,0,0,0,0,0,0,0,0,0,0,0,0,0,1000723.0,0.0126638430822912,1405.6865821343315,KR86,CL10;AV.AMERICAS,4.6984233,-74.11772245,0.0,10.834986115086206,,0.0,116.0,0.0,24,398.73056696696693,True,Av. Calle 80,DEI-013/CAM-02,2019
166966,10499625,-74.144914247,4.56779556999999,AV AVENIDA CIUDAD DE VILLAVICENCIO-KR 22B 02,2019,Octubre,12,sábado,6,42,Ciudad Bolívar,Choque,Vehículo,,Con Heridos,0,0,0,0,0,1,0,0,0,0,1,0,0,0,0,0,0,0,0,0,1,0,56.0,0.0117951597433806,1309.2627315152515,CL6,AV.CARACAS;KR42,4.574981,-74.13556034999999,0.0,24.1105073275,,0.0,116.0,0.0,53,528.9711087327437,True,Av Villavicencio,DEI-026/CAM-02,2019
166970,10499629,-74.146974051,4.569216036,AV AVENIDA CUIDAD DE VILLAVICENCIO-KR 23 02,2019,Octubre,11,viernes,12,0,Ciudad Bolívar,Choque,Vehículo,,Con Heridos,0,1,0,0,0,1,0,0,0,0,0,0,0,0,0,0,0,0,0,0,0,0,56.0,0.0127870004472866,1419.3570496488128,CL6,AV.CARACAS;KR42,4.574981,-74.13556034999999,0.0,16.724644124919354,,0.0,124.0,0.0,53,251.32149049762523,True,Av Villavicencio,DEI-026/CAM-02,2019
166977,10499636,-74.139391497,4.630430703,AV AVENIDA DE LAS AMERICAS-KR 72B 02,2019,Octubre,13,domingo,14,30,Kennedy,Choque,Vehículo,,Con Heridos,0,0,0,0,0,1,0,0,0,0,0,0,0,0,0,0,0,0,0,0,0,0,1000961.0,0.0040798785314965,452.86651699611537,CL72,KR24;KR55,4.627228499999999,-74.1419196,1.0,17.295332684758062,,0.0,124.0,1.0,2,257.2106937195277,True,Av. Boyacá,DEI-002/CAM-01,2019
166986,10500010,-74.112411142,4.667659474,CL 26-KR 72 2,2019,Octubre,15,martes,17,20,Fontibón,Choque,Vehículo,,Solo Daños,0,0,0,0,0,0,0,0,0,0,0,0,0,0,0,0,0,0,0,0,0,0,92.0,0.0052942737691272,587.6643883731205,"KR50,TV42,TV39",CL6;CL19,4.6708416,-74.1081799,0.0,19.03119793805085,,0.0,118.0,0.0,46,444.4583211993505,True,Av. Boyacá,DEI-023/CAM-01,2019
166994,10500018,-74.059208913,4.68722113699999,CL 100-KR 47 02,2019,Octubre,16,miércoles,14,30,Barrios Unidos,Choque,Vehículo,,Solo Daños,0,1,0,0,0,0,0,0,0,0,0,0,0,0,0,0,0,0,0,0,0,0,1000773.0,0.0040376537539958,448.17956669354106,KR50,CL33SUR;CL16SUR,4.6906399,-74.0613571,1.0,23.876779639791668,,0.0,96.0,1.0,19,334.488344056853,True,Autopista Norte,DEI-010/CAM-03,2019
166997,10500021,-74.122210745,4.72536313900002,CL 80A-KR 116 02,2019,Octubre,16,miércoles,10,0,Engativá,Choque,Vehículo,,Solo Daños,0,0,0,0,0,0,0,0,0,0,0,0,0,0,0,0,0,0,0,0,0,0,103.0,0.015969672732234,1772.633673277979,DIAG16,KR129;CL17,4.71384325,-74.1332707,0.0,19.98170736909091,,0.0,121.0,0.0,69,255.31197974085927,True,Av. Calle 80,DEI-033/CAM-02,2019
166998,10500022,-74.153787492,4.63542272400002,AV AVENIDA DE LAS AMERICAS-KR 80 2,2019,Octubre,16,miércoles,15,22,Kennedy,Choque,Vehículo,,Solo Daños,0,0,0,0,0,0,0,0,0,0,0,0,0,0,0,0,0,0,0,0,0,0,148.0,0.0079571504828096,883.2437035918713,AV.CL59SUR,KR81A;CL59SUR,4.6285372,-74.1577757,0.0,20.658020875,,0.0,8.0,0.0,49,457.6562781090361,True,Av. Américas,DEI-024/CAM-02,2019
167003,10500027,-74.118679836,4.62707388000001,KR 64-CL 5A 34,2019,Octubre,16,miércoles,11,27,Puente Aranda,Choque,Vehículo,,Solo Daños,0,0,0,0,0,1,0,0,0,1,0,0,0,0,0,0,0,0,0,0,0,1,1001206.0,0.0008256347355828,91.6454556496953,KR68,NQS;CL40SUR,4.627447549999999,-74.11794359999999,1.0,16.881664533333332,,0.0,120.0,1.0,5,481.0409732733726,True,Av. Carrera 68,DEI-003/CAM-02,2019
167005,10500400,-74.108722672,4.66951871800001,AV AVENIDA BOYACA-CL 51 2,2019,Octubre,19,sábado,15,0,Engativá,Choque,Vehículo,,Solo Daños,0,0,0,0,0,0,0,0,0,0,1,0,0,0,0,0,0,0,0,0,0,0,92.0,0.0014299014755869,158.7190637901523,"KR50,TV42,TV39",CL6;CL19,4.6708416,-74.1081799,1.0,16.63955680270492,,0.0,122.0,1.0,10,244.38203531934442,True,Av. Boyacá,DEI-007/CAM-01,2019
167010,10500405,-74.146826017,4.56816870300003,KR 22G-CL 62 S 02,2019,Octubre,20,domingo,23,30,Ciudad Bolívar,Choque,Objeto Fijo,Semaforo,Solo Daños,0,0,0,0,0,0,0,0,0,0,0,0,0,0,0,0,0,0,0,0,0,0,56.0,0.0131652057853561,1461.3378421745315,CL6,AV.CARACAS;KR42,4.574981,-74.13556034999999,0.0,32.13815471741667,,0.0,120.0,0.0,53,344.15351690398364,True,Av Villavicencio,DEI-026/CAM-02,2019
167012,10500407,-74.082918516,4.62436257600001,KR 30-CL 24 2,2019,Octubre,19,sábado,7,27,Los Mártires,Choque,Vehículo,,Solo Daños,0,1,0,0,0,0,0,0,0,0,0,0,0,0,0,0,0,0,0,0,0,0,1001982.0,0.0043219969107021,479.7416570879411,NQS,CAD;AV.DORADO,4.6206293,-74.08509620000001,1.0,25.600485225,,0.0,40.0,1.0,21,382.8702016710237,True,Av. NQS,DEI-012/CAM-01,2019
167013,10500408,-74.045297464,4.75809786899998,AK 45-CL 182 2,2019,Octubre,20,domingo,10,30,Usaquén,Choque,Vehículo,,Solo Daños,0,0,0,0,0,0,0,0,0,0,0,0,0,0,0,0,0,0,0,0,0,0,1000087.0,0.0046135541620145,512.1045119836182,KR19,CL147;CL152,4.7597534,-74.04960375,1.0,15.09323745885965,,0.0,114.0,1.0,45,308.35858445634955,True,Autopista Norte,DEI-022/CAM-03,2019
167015,10500410,-74.047355365,4.74800469000002,CL 167-KR 45 02,2019,Octubre,20,domingo,12,35,Suba,Choque,Vehículo,,Solo Daños,0,0,0,0,0,0,0,0,0,0,0,0,0,0,0,0,0,0,0,0,0,0,1000175.0,0.0092754550323498,1029.5755085908318,CL106,KR19;KR15,4.73962495,-74.05133205,0.0,13.792278138211383,,0.0,123.0,0.0,44,301.32013450571145,True,Autopista Norte,DEI-022/CAM-01,2019
167020,10500415,-74.174662898,4.59678593299998,AV AVENIDA DEL SUR-KR 75A 02,2019,Octubre,20,domingo,0,30,Bosa,Choque,Vehículo,,Solo Daños,0,0,0,0,0,1,0,0,0,0,0,0,0,0,0,0,0,0,0,0,0,0,149.0,0.0073372825948434,814.4383680276204,AV.CL59SUR,CL59SUR;KR81A,4.6025243,-74.1792353,0.0,32.004407082499995,,0.0,4.0,0.0,81,18.23628983250848,True,Autopista Sur,DEI-038/CAM-02,2019
167029,10500425,-74.138373675,4.63040361399999,AV AVENIDA DE LAS AMERICAS-KR 72 2,2019,Octubre,19,sábado,15,40,Kennedy,Choque,Vehículo,,Solo Daños,0,0,0,0,0,1,0,0,0,0,0,0,0,0,0,0,0,0,0,0,0,0,1000780.0,0.0044145616302698,490.01634095995735,CL6,KR42;KR36,4.62659345,-74.1361441,1.0,29.213262870080644,,0.0,124.0,1.0,2,205.67387625378652,True,Av. Boyacá,DEI-002/CAM-01,2019
167033,10500805,-74.14790135,4.56774903299998,CL 64-KR 23A S 02,2019,Octubre,23,miércoles,17,40,Ciudad Bolívar,Volcamiento,,,Con Heridos,0,0,0,1,0,1,0,0,0,0,0,0,0,0,0,0,0,0,0,0,0,0,56.0,0.0143039025335585,1587.733181224999,CL6,AV.CARACAS;KR42,4.574981,-74.13556034999999,0.0,17.159014918083336,,0.0,120.0,0.0,53,328.01236791272254,True,Av Villavicencio,DEI-026/CAM-02,2019
167039,10500812,-74.078025244,4.65233818500002,KR 30-CL 63 2,2019,Octubre,24,jueves,12,30,Barrios Unidos,Choque,Vehículo,,Solo Daños,0,0,0,0,0,0,0,0,0,0,0,0,0,0,0,0,0,0,0,0,0,0,1002294.0,0.0013820825483706,153.4111628691401,CL53,CL63;KR72,4.6511753,-74.07727835,1.0,9.884897945,,0.0,32.0,1.0,31,323.3571000047876,True,Av. NQS,DEI-016/CAM-03,2019
167048,10500821,-74.088588972,4.62381791299998,TR 32C-CL 22B 02,2019,Octubre,25,viernes,10,50,Antonio Nariño,Choque,Vehículo,,Con Heridos,0,0,0,0,0,1,0,1,0,0,0,0,0,0,0,0,0,0,0,0,0,0,48.0,0.0020075917348997,222.84268257386984,CL53,KR7;KR68,4.6257944,-74.088941,1.0,14.95416035551724,,0.0,116.0,1.0,22,394.75045058358086,True,Av. NQS,DEI-012/CAM-02,2019
167051,10500824,-74.064707491,4.75068178700002,CL 167-KR 67 02,2019,Octubre,24,jueves,16,0,Suba,Choque,Vehículo,,Con Heridos,0,0,0,0,0,1,0,0,0,0,1,0,0,0,0,0,0,0,0,0,0,0,1000231.0,0.007834647961157,869.6459236884319,CL127,KR19;KR51A,4.7571278,-74.06916065,0.0,14.843081949322034,,0.0,118.0,0.0,63,264.6494642209411,True,Av. Boyacá,DEI-030/CAM-02,2019
167060,10501216,-74.119629516,4.71947543700003,CL 80-KR 112A 02,2019,Octubre,29,martes,14,25,Engativá,Choque,Vehículo,,Solo Daños,0,0,0,0,0,0,0,0,0,0,1,0,0,0,0,0,0,0,0,0,1,0,103.0,0.0147581649037063,1638.1563043114088,DIAG16,KR129;CL17,4.71384325,-74.1332707,0.0,22.15878106048387,,0.0,124.0,0.0,68,455.58234499463566,True,Av. Calle 80,DEI-033/CAM-01,2019
167085,10501616,-74.065028324,4.647145857,KR 14-CL 60 2,2019,Octubre,31,jueves,21,0,Chapinero,Choque,Vehículo,,Con Heridos,0,0,0,0,0,1,0,0,0,0,0,0,0,0,0,0,0,0,0,0,0,0,1002025.0,0.0032137590667531,356.7272564095966,AUTONORTE,SANTA.FE;TOBERIN,4.64911745,-74.06756625,1.0,47.191081326416665,,0.0,120.0,1.0,43,39.359268521823374,True,Av. Caracas,DEI-021/CAM-02,2019
167299,10498854,-74.104079126,4.67892920499997,CL 64C-KR 73ABIS 02,2019,Octubre,4,viernes,7,50,Engativá,Choque,Vehículo,,Con Heridos,0,0,0,0,0,1,0,0,0,0,0,0,0,0,0,0,0,0,0,0,0,0,1000228.0,0.0060923510541001,676.2509670051171,KR72,CL169;CL170,4.6733282,-74.10647610000001,0.0,24.12077391159292,,0.0,113.0,0.0,12,357.0501945518952,True,Av. Boyacá,DEI-007/CAM-03,2019
167303,10498858,-74.10680048,4.67125285600002,AV AVENIDA BOYACA-CL 53 S 2,2019,Octubre,3,jueves,3,7,Engativá,Choque,Vehículo,,Con Heridos,0,0,0,0,0,1,0,0,0,1,0,0,0,0,0,0,0,0,0,0,0,1,92.0,0.0014394203812405,159.77566231770402,"KR50,TV42,TV39",CL6;CL19,4.6708416,-74.1081799,1.0,35.44447173756757,,0.0,74.0,1.0,10,47.86274950589942,True,Av. Boyacá,DEI-007/CAM-01,2019
167305,10498860,-74.171817498,4.596054052,AC 57R-KR 73J S 07,2019,Octubre,4,viernes,5,5,Bosa,Choque,Vehículo,,Con Heridos,1,0,0,0,0,0,0,0,0,0,1,0,0,0,0,0,0,0,0,0,0,0,1001946.0,0.0073418094202838,814.9408456515077,"AV.P.MAYO,CL26SUR",KR72;KR78K,4.5960945,-74.1644758,0.0,28.744341731487605,,0.0,121.0,0.0,81,344.33870478415594,True,Autopista Sur,DEI-038/CAM-02,2019
167308,10498863,-74.127947694,4.59092499500002,CL 48P-KR 5D S 2,2019,Octubre,4,viernes,7,58,Rafael Uribe Uribe,Choque,Vehículo,,Con Heridos,0,0,0,0,0,1,0,0,0,1,0,0,0,0,0,0,0,0,0,0,0,1,1000295.0,0.0042352813031542,470.1162246501165,CL1,AV.CARACAS;KR10,4.5933419,-74.13142565,1.0,25.98433658909836,,0.0,122.0,1.0,7,411.1662327565042,True,Av. Gaitán Cortés,DEI-005/CAM-01,2019
167311,10498866,-74.109635465,4.74427754800001,TR 127-CL 136A 02,2019,Octubre,4,viernes,6,45,Suba,Choque,Vehículo,,Con Heridos,1,0,0,0,1,0,0,0,0,0,1,0,1,0,0,1,0,0,0,0,0,0,1000951.0,0.009621584169778,1067.9958428453629,AV.SUBA,CL127;HUMEDAL.CORDOBA,4.7388854,-74.1016668,0.0,33.89236183460177,,0.0,113.0,0.0,6,399.09867246425307,True,Calle 139,DEI-004/CAM-01,2019
167316,10498871,-74.075661017,4.60971907200002,KR 14-CL 20 28,2019,Octubre,4,viernes,8,35,Santa Fe,Atropello,,,Con Heridos,0,0,0,0,0,1,1,0,0,0,0,0,0,0,0,0,0,0,0,0,0,0,41.0,0.0008571886203972,95.14793686409986,CL39,KR7;AV.CARACAS,4.61057625,-74.07565675000001,1.0,9.826166393333333,,0.0,120.0,1.0,55,338.9868417260413,True,Av. Carrera 10,DEI-027/CAM-02,2019
167322,10498877,-74.138063298,4.625813467,AV AVENIDA BOYACA-CL 3 2,2019,Octubre,3,jueves,16,0,Kennedy,Atropello,,,Con Heridos,1,0,0,0,0,0,1,1,0,0,0,0,0,0,0,0,0,0,0,0,0,0,1000780.0,0.0020716405198612,229.95209770459587,CL6,KR42;KR36,4.62659345,-74.1361441,1.0,29.427010712,,0.0,120.0,1.0,3,296.3317285317886,True,Av. Boyacá,DEI-002/CAM-02,2019
167330,10499250,-74.125364809,4.59045389400001,DG 40-TR 34BIS S 02,2019,Octubre,8,martes,13,20,Antonio Nariño,Atropello,,,Con Heridos,0,0,0,0,0,0,1,1,0,1,0,0,0,0,0,0,0,0,0,0,0,1,1000955.0,0.0064561884636401,716.6369194640591,AV.P.MAYO,KR52A;KR69B,4.59631235,-74.1280779,0.0,25.28642951811475,,0.0,122.0,0.0,7,293.7015100508786,True,Av. Gaitán Cortés,DEI-005/CAM-01,2019
167339,10499259,-74.136731799,4.61570723099999,AV AVENIDA PRIMERA DE MAYO-KR 70B 29,2019,Octubre,7,lunes,14,0,Kennedy,Caida de ocupante,,,Con Heridos,0,0,0,0,1,0,0,0,0,0,1,0,1,0,0,1,0,0,0,0,0,0,90.0,0.0011493659077783,127.57961576339726,CL24,KR86;AV.AMERICAS,4.61621555,-74.13776265,1.0,18.23289910008197,,0.0,122.0,1.0,0,392.43663294179623,True,Av. Boyacá,DEI-001/CAM-01,2019
167344,10499264,-74.1043,4.6968,KR 72-CL 85 2,2019,Octubre,7,lunes,8,30,Engativá,Choque,Vehículo,,Solo Daños,0,0,0,0,0,1,0,0,0,0,0,0,0,0,0,0,0,0,0,0,0,0,1000759.0,0.001023008770739,113.55397355202965,KR80,CL26SUR;CL38CSUR,4.69774235,-74.10469815,1.0,20.14625088185484,,0.0,124.0,1.0,41,436.49187095113876,True,Av. Ciudad de Cali,DEI-020/CAM-02,2019
167346,10499266,-74.059654003,4.69298891400001,CL 104B-KR 49 02,2019,Octubre,7,lunes,9,0,Suba,Choque,Vehículo,,Solo Daños,0,1,0,0,0,0,0,0,0,0,0,0,0,0,0,0,0,0,0,0,1,0,1000773.0,0.0029014489765657,322.06083639880245,KR50,CL33SUR;CL16SUR,4.6906399,-74.0613571,1.0,21.546474965,,0.0,100.0,1.0,32,472.1735709960318,True,Autopista Norte,DEI-017/CAM-01,2019
167347,10499267,-74.110688142,4.71447389100001,KR 102-CL 82 2,2019,Octubre,7,lunes,23,0,Engativá,Choque,Vehículo,,Solo Daños,0,0,0,0,0,1,0,0,0,0,0,0,0,0,0,0,0,0,0,0,0,0,1001349.0,0.0117394884160478,1303.083214181308,CL92,KR19B;KR15,4.7171787,-74.0992645,0.0,27.842916878416663,,0.0,120.0,0.0,24,464.7181714704472,True,Av. Calle 80,DEI-013/CAM-02,2019
167349,10499641,-74.110704839,4.70872872500001,CL 80-KR 100 2,2019,Octubre,12,sábado,19,16,Engativá,Choque,Vehículo,,Con Heridos,0,0,0,0,0,0,0,0,0,0,1,0,1,1,0,0,0,1,0,0,0,0,1000723.0,0.0124679047388998,1383.9374260178831,KR86,CL10;AV.AMERICAS,4.6984233,-74.11772245,0.0,8.595200996134453,,0.0,119.0,0.0,24,510.59592850399383,True,Av. Calle 80,DEI-013/CAM-02,2019
167357,10499649,-74.09748816,4.74386768699998,KR 104-CL 140B 2,2019,Octubre,14,lunes,20,40,Suba,Choque,Vehículo,,Con Heridos,0,0,0,0,0,0,0,0,0,0,0,0,0,0,0,0,0,0,0,0,0,0,1001707.0,0.0029169266139738,323.77885415109193,AV.SUBA,CL136;CL127,4.7425033,-74.09491,1.0,43.88691599304347,,0.0,115.0,1.0,66,266.5195911940917,True,Av. Ciudad de Cali,DEI-032/CAM-01,2019
167364,10499656,-74.056876126,4.68712923999999,AV AVENIDA PASEO DE LOS LIBERTADORES-CL 100 02,2019,Octubre,12,sábado,3,10,Usaquén,Choque,Vehículo,,Con Heridos,0,0,0,0,0,0,0,0,0,1,0,0,0,0,0,0,0,0,0,0,0,1,1000036.0,0.0043154387626833,479.0137026578562,AUTONORTE,CL82;CL80,4.6830666,-74.05833145,1.0,50.201678592777775,,0.0,108.0,1.0,19,251.4842338576663,True,Autopista Norte,DEI-010/CAM-03,2019
167365,10499657,-74.138633999,4.65664688700002,CL 15A-KR 86 02,2019,Octubre,12,sábado,7,48,Kennedy,Choque,Vehículo,,Con Heridos,1,0,0,0,0,0,0,0,0,0,0,0,0,0,0,0,0,0,0,0,0,0,1001019.0,0.0054500423136865,604.9546968192029,KR72,CL75;CL66A,4.65133785,-74.1398657,0.0,36.0318364202,,0.0,100.0,0.0,20,66.52748174263898,True,Av. Ciudad de Cali,DEI-011/CAM-01,2019
167371,10499663,-74.181580472,4.60362165999999,CL 63-KR 78D S 10,2019,Octubre,13,domingo,14,8,Bosa,Choque,Vehículo,,Con Heridos,1,0,0,0,0,0,0,0,0,0,0,0,0,0,0,0,0,0,0,0,0,0,149.0,0.0025892142976435,287.4027870384288,AV.CL59SUR,CL59SUR;KR81A,4.6025243,-74.1792353,1.0,25.22058833375,,0.0,8.0,1.0,13,203.28659101728644,True,Av. Bosa,DEI-008/CAM-01,2019
167394,10500051,-74.048303354,4.71084242400002,KR 19-CL 127D 2,2019,Octubre,16,miércoles,8,10,Usaquén,Choque,Vehículo,,Solo Daños,0,0,0,0,0,0,0,1,0,0,0,0,0,0,0,0,0,0,0,0,0,0,18.0,0.0039256376132698,435.7457750729532,CL85,KR15;KR7,4.7093504,-74.0519344,1.0,8.843801144758064,,0.0,124.0,1.0,77,554.7234591586816,True,Autopista Norte,DEI-036/CAM-04,2019
167399,10500428,-74.075563988,4.66317562500001,CL 68-KR 29B 02,2019,Octubre,21,lunes,19,49,Barrios Unidos,Choque,Vehículo,,Solo Daños,0,0,0,0,0,0,0,0,0,0,0,0,0,0,0,0,0,0,0,0,0,0,1000189.0,0.0055607536873234,617.2436592929039,KR7,CL170;CL165,4.66734485,-74.0792436,0.0,27.32567649458333,,0.0,120.0,0.0,38,501.2474616218756,True,Av. NQS,DEI-019/CAM-01,2019
167415,10500444,-74.101732995,4.678245694,AV AVENIDA BOYACA-CL 64F 02,2019,Octubre,21,lunes,15,29,Engativá,Choque,Vehículo,,Solo Daños,0,0,0,0,0,0,0,0,0,0,0,0,0,0,0,0,0,0,0,0,0,0,1000197.0,0.0047812339479119,530.7169682182221,CL134,KR9;KR7,4.675439,-74.09786225,1.0,20.02374182059322,,0.0,118.0,1.0,12,285.5033815095351,True,Av. Boyacá,DEI-007/CAM-03,2019
167420,10500449,-74.135736069,4.65944898399999,AV AVENIDA CIUDAD DE CALI-CL 13 02,2019,Octubre,21,lunes,19,20,Fontibón,Choque,Vehículo,,Solo Daños,0,0,0,0,0,0,0,0,0,0,1,0,1,0,0,1,0,0,0,0,0,0,1001016.0,0.0037536461785379,416.6547258177093,KR72,CL127;CL75,4.6623088,-74.13330475000001,1.0,25.017053142068967,,0.0,116.0,1.0,20,380.9359848839591,True,Av. Ciudad de Cali,DEI-011/CAM-01,2019
167455,10501243,-74.04318458,4.67253252799998,KR 7-CL 93 2,2019,Octubre,27,domingo,17,0,Chapinero,Choque,Vehículo,,Solo Daños,0,0,0,0,0,1,0,0,0,0,0,0,0,0,0,0,0,0,0,0,0,0,1000191.0,0.0056911143576398,631.7136936980186,KR9,CL161;CL147,4.67150165,-74.04878155,0.0,25.983969539,,0.0,120.0,0.0,57,174.85079766087372,True,Av. Carrera 7,DEI-028/CAM-02,2019
167456,10501244,-74.064968577,4.64710382700002,AV AVENIDA CARACAS-CL 60 2,2019,Octubre,27,domingo,21,20,Chapinero,Choque,Vehículo,,Solo Daños,0,0,0,0,0,0,0,0,0,0,0,0,0,0,0,0,0,0,0,0,0,0,1002025.0,0.0032867282517668,364.8268359461159,AUTONORTE,SANTA.FE;TOBERIN,4.64911745,-74.06756625,1.0,47.191081326416665,,0.0,120.0,1.0,42,42.49198238731065,True,Av. Caracas,DEI-021/CAM-01,2019
167461,10501249,-74.111489035,4.66141155100001,KR 70-CL 25 02,2019,Octubre,26,sábado,13,20,Fontibón,Choque,Vehículo,,Solo Daños,0,0,0,0,1,0,0,0,0,0,0,0,0,0,0,0,0,0,0,0,0,0,1000196.0,0.0048866623444127,542.4195202298104,CL134,KR7;KR9,4.6586908000000005,-74.10742985,1.0,18.40702354709677,,0.0,124.0,1.0,47,378.0929494917371,True,Av. Boyacá,DEI-023/CAM-02,2019
167465,10501253,-74.047008279,4.67546055600002,KR 11-CL 93 92,2019,Octubre,26,sábado,14,14,Chapinero,Choque,Vehículo,,Solo Daños,0,0,0,0,0,0,0,0,0,0,1,0,1,0,0,0,1,0,0,0,0,0,1000098.0,0.0037946516899108,421.2063375801085,KR9,CL165;CL161,4.67476105,-74.0507379,1.0,22.564198149193547,,0.0,124.0,1.0,56,545.59979804415,True,Av. Carrera 7,DEI-028/CAM-01,2019
167679,10498497,-74.145190381,4.56975295500001,KR 22G-CL 59A S 96,2019,Octubre,1,martes,17,50,Ciudad Bolívar,Atropello,,,Con Muertos,0,0,1,0,0,0,1,0,0,0,0,0,0,0,0,0,0,0,0,0,0,0,56.0,0.0109576435232747,1216.2984310834931,CL6,AV.CARACAS;KR42,4.574981,-74.13556034999999,0.0,17.159014918083336,,0.0,120.0,0.0,53,409.7558596833228,True,Av Villavicencio,DEI-026/CAM-02,2019
167698,10498888,-74.135813619,4.65956413800001,AV AVENIDA CIUDAD DE CALI-CL 13 2,2019,Octubre,2,miércoles,16,24,Fontibón,Choque,Vehículo,,Con Heridos,0,0,0,0,0,1,0,0,0,0,0,0,0,0,0,0,0,0,0,0,0,0,1001016.0,0.0037185471831522,412.7587373299008,KR72,CL127;CL75,4.6623088,-74.13330475000001,1.0,31.15444423963964,,0.0,111.0,1.0,20,383.9781243322405,True,Av. Ciudad de Cali,DEI-011/CAM-01,2019
167699,10498889,-74.055919946,4.69967359700001,CL 116-KR 45A 02,2019,Octubre,4,viernes,18,0,Suba,Choque,Vehículo,,Solo Daños,0,1,0,0,0,0,0,0,0,0,0,0,0,0,0,0,0,0,0,0,0,0,1002011.0,0.0026187599869937,290.68235855630263,AUTONORTE,PEPE.SIERRA;CL100,4.697067349999999,-74.05566425,1.0,29.98523353896552,,0.0,116.0,1.0,60,305.39394182661164,True,Autopista Norte,DEI-029/CAM-03,2019
167700,10498890,-74.151372633,4.632937981,KR 79A-DG 2 2,2019,Octubre,4,viernes,23,14,Kennedy,Choque,Vehículo,,Solo Daños,0,0,0,0,0,0,0,0,0,1,0,0,0,0,0,0,0,0,0,0,1,1,148.0,0.007769565008194,862.4217159095374,AV.CL59SUR,KR81A;CL59SUR,4.6285372,-74.1577757,0.0,22.07947262625,,0.0,8.0,0.0,49,107.67954423595803,True,Av. Américas,DEI-024/CAM-02,2019
167702,10498892,-74.078549702,4.646602019,KR 30-CL 57 2,2019,Octubre,4,viernes,23,23,Barrios Unidos,Choque,Objeto Fijo,Objeto Fijo,Con Heridos,0,0,1,0,0,1,0,0,0,0,0,0,0,0,0,0,0,0,0,0,0,0,119.0,0.001076693358877,119.51296283535132,"TV25,DIAG53,KR24",CL57;CL45,4.64651115,-74.07747685000001,1.0,13.0825016670339,,0.0,118.0,1.0,29,274.22632109020856,True,Av. NQS,DEI-016/CAM-01,2019
167709,10498899,-74.03771249,4.69064305500001,KR 9-CL 110 2,2019,Octubre,4,viernes,12,20,Usaquén,Choque,Vehículo,,Solo Daños,0,0,0,0,0,0,0,0,0,0,1,0,1,0,0,1,0,0,0,0,0,0,1002017.0,0.0075740216125032,840.716398987863,AUTONORTE,ALCALA;PRADO,4.6892508,-74.04515745,0.0,43.05194224900826,,0.0,121.0,0.0,71,338.21130489812987,True,Av. Carrera 9,DEI-034/CAM-02,2019
167710,10498900,-74.16895109,4.62941142199998,AV AVENIDA CIUDAD DE CALI-CL 42C S 02,2019,Octubre,4,viernes,14,45,Kennedy,Choque,Vehículo,,Solo Daños,0,0,0,0,0,0,0,0,0,0,1,0,1,0,0,1,0,0,0,0,0,0,148.0,0.0112095319151671,1244.2580425835504,AV.CL59SUR,KR81A;CL59SUR,4.6285372,-74.1577757,0.0,19.46153025,,0.0,8.0,0.0,79,383.37234164101096,True,Av. Ciudad de Cali,DEI-037/CAM-02,2019
167716,10499272,-74.13777504,4.63225136400001,KR 72-CL 6D 02,2019,Octubre,8,martes,5,30,Kennedy,Choque,Vehículo,,Solo Daños,0,1,0,0,0,0,0,0,0,1,0,0,0,0,0,0,0,0,0,0,0,1,1000780.0,0.0058882897444933,653.600161638759,CL6,KR42;KR36,4.62659345,-74.1361441,0.0,44.92675279844263,,0.0,122.0,0.0,2,406.7152344220715,True,Av. Boyacá,DEI-002/CAM-01,2019
167718,10499274,-74.060828145,4.68764581699998,CL 100-KR 49 2,2019,Octubre,8,martes,17,59,Barrios Unidos,Atropello,,,Con Heridos,0,0,0,0,0,1,1,0,0,0,0,0,0,0,0,0,0,0,0,0,0,0,1000773.0,0.003040448388482,337.4897711215076,KR50,CL33SUR;CL16SUR,4.6906399,-74.0613571,1.0,26.378207670326084,,0.0,92.0,1.0,32,463.4243897790995,True,Autopista Norte,DEI-017/CAM-01,2019
167726,10499282,-74.140888191,4.61324285900002,AV AVENIDA BOYACA-CL 37B S 2,2019,Octubre,8,martes,13,30,Kennedy,Choque,Vehículo,,Solo Daños,0,0,0,0,0,0,0,1,0,0,1,0,1,0,0,0,1,0,0,0,0,0,90.0,0.0043134554969373,478.7935601600427,CL24,KR86;AV.AMERICAS,4.61621555,-74.13776265,1.0,18.121596291382115,,0.0,123.0,1.0,1,249.1449147148438,True,Av. Boyacá,DEI-001/CAM-02,2019
167727,10499283,-74.081542768,4.62350051200002,CL 24-KR 29 02,2019,Octubre,8,martes,10,45,Los Mártires,Choque,Vehículo,,Solo Daños,0,0,0,0,0,0,0,1,0,0,0,0,0,0,0,0,0,0,0,0,0,0,37.0,0.004373710334229,485.4818470994269,CL45,KR7;KR24,4.6191512,-74.0820041,1.0,10.600091898916666,,0.0,120.0,1.0,21,463.25500190343377,True,Av. NQS,DEI-012/CAM-01,2019
167738,10499665,-74.096469848,4.74695306699999,CL 145-KR 104 02,2019,Octubre,11,viernes,17,30,Suba,Caida de ocupante,,,Con Heridos,0,0,0,0,0,0,0,0,0,0,1,0,1,1,0,0,0,0,1,0,0,0,1001707.0,0.0047152467737437,523.3923918855606,AV.SUBA,CL136;CL127,4.7425033,-74.09491,1.0,37.35872512405172,,0.0,116.0,1.0,67,51.322726189258994,True,Av. Ciudad de Cali,DEI-032/CAM-02,2019
167747,10499675,-74.109062996,4.74868067699998,CL 143-KR 127D 02,2019,Octubre,11,viernes,13,20,Suba,Atropello,,,Con Heridos,0,0,0,0,0,1,1,0,0,0,0,0,0,0,0,0,0,0,0,0,0,0,1000951.0,0.0122740036979291,1362.4144104701386,AV.SUBA,CL127;HUMEDAL.CORDOBA,4.7388854,-74.1016668,0.0,27.924715600725808,,0.0,124.0,0.0,6,444.3267236829962,True,Calle 139,DEI-004/CAM-01,2019
167750,10499678,-74.103574258,4.73989469600002,CL 134A-KR 111 02,2019,Octubre,11,viernes,16,30,Suba,Atropello,,,Con Heridos,0,0,0,0,0,0,1,1,0,1,0,0,0,0,0,0,0,0,0,0,0,1,1000951.0,0.0021580255877504,239.54084024029493,AV.SUBA,CL127;HUMEDAL.CORDOBA,4.7388854,-74.1016668,1.0,29.468748649,,0.0,120.0,1.0,27,474.93487772449805,True,Av. Ciudad de Cali,DEI-015/CAM-01,2019
167754,10499682,-74.13531651,4.65855511000001,CL 13-KR 83 02,2019,Octubre,13,domingo,6,20,Fontibón,Atropello,,,Con Heridos,0,0,0,0,0,1,1,0,0,0,0,0,0,0,0,0,0,0,0,0,0,0,1001016.0,0.004258798764156,472.7266628213207,KR72,CL127;CL75,4.6623088,-74.13330475000001,1.0,36.50374893741071,,0.0,112.0,1.0,20,360.34494553467175,True,Av. Ciudad de Cali,DEI-011/CAM-01,2019
167755,10499683,-74.140753003,4.63047868799998,AV AVENIDA DE LAS AMERICAS-KR 73 2,2019,Octubre,12,sábado,8,26,Kennedy,Atropello,,,Con Heridos,0,0,0,0,0,1,1,0,0,0,0,0,0,0,0,0,0,0,0,0,0,0,1000961.0,0.0034532116349293,383.30649147716105,CL72,KR24;KR55,4.627228499999999,-74.1419196,1.0,23.46862649524193,,0.0,124.0,1.0,2,372.2286656255604,True,Av. Boyacá,DEI-002/CAM-01,2019
167769,10500063,-74.070175128,4.60450401899999,CL 19-KR 5 02,2019,Octubre,17,jueves,9,52,Santa Fe,Choque,Vehículo,,Solo Daños,0,0,0,0,0,0,0,0,0,1,1,0,1,0,0,1,0,0,0,0,0,1,2.0,0.0005151983208,57.18701360880197,KR7,CL32;CL188,4.60499885,-74.0700317,1.0,20.92632939318584,,0.0,113.0,1.0,54,472.61753705716177,True,Av. Carrera 10,DEI-027/CAM-01,2019
167776,10500070,-74.105938416,4.70407731500001,CL 76A-KR 90A 02,2019,Octubre,17,jueves,11,30,Engativá,Choque,Vehículo,,Solo Daños,0,0,0,0,0,0,0,0,0,0,1,0,0,0,0,0,0,0,0,0,0,0,1000759.0,0.0064552336365225,716.5309336540071,KR80,CL26SUR;CL38CSUR,4.69774235,-74.10469815,0.0,20.41409592933333,,0.0,120.0,0.0,40,504.48059288202086,True,Av. Ciudad de Cali,DEI-020/CAM-01,2019
167777,10500071,-74.074540747,4.60732294399997,CL 19-KR 12 2,2019,Octubre,17,jueves,17,20,Santa Fe,Choque,Vehículo,,Solo Daños,0,0,0,0,0,1,0,0,0,0,0,0,0,0,0,0,0,0,0,0,0,0,1000653.0,0.0012508471816729,138.84403716569514,AV.CIRCUNVALAR,KR7;CL83,4.6066223,-74.07557695,1.0,20.001668252416668,,0.0,120.0,1.0,55,88.91658156930906,True,Av. Carrera 10,DEI-027/CAM-02,2019
167785,10500450,-74.078997953,4.684059171,CL 80-KR 68 2,2019,Octubre,19,sábado,11,5,Barrios Unidos,Choque,Vehículo,,Solo Daños,0,0,0,0,0,0,0,0,0,1,0,0,0,0,0,0,0,0,0,0,0,1,86.0,0.0048417096271933,537.4297686184565,KR50,CL53;CL17,4.67926125,-74.07964765,1.0,20.8253365997541,,0.0,122.0,1.0,72,172.07894852653544,True,Av. Carrera 68,DEI-035/CAM-01,2019
167787,10500452,-74.054572533,4.70809485299998,KR 45A-CL 127 02,2019,Octubre,21,lunes,14,30,Suba,Choque,Vehículo,,Solo Daños,0,0,0,0,0,0,0,0,0,0,0,0,0,0,0,0,0,0,0,0,0,0,18.0,0.0029216680158727,324.3051497618807,CL85,KR15;KR7,4.7093504,-74.0519344,1.0,8.360649905887097,,0.0,124.0,1.0,76,202.79985066765053,True,Autopista Norte,DEI-036/CAM-03,2019
167791,10500456,-74.095242366,4.74831509199998,KR 104-CL 148 2,2019,Octubre,21,lunes,19,0,Suba,Choque,Vehículo,,Solo Daños,0,0,0,0,0,0,0,0,0,0,0,0,0,0,0,0,0,0,0,0,0,0,1001707.0,0.005821287951045,646.1629625660001,AV.SUBA,CL136;CL127,4.7425033,-74.09491,0.0,40.860634530344825,,0.0,116.0,0.0,67,168.12239860529687,True,Av. Ciudad de Cali,DEI-032/CAM-02,2019
167798,10500464,-74.138160297,4.63038048700002,AV AVENIDA DE LAS AMERICAS-AV AVENIDA BOYACA 2,2019,Octubre,21,lunes,22,27,Kennedy,Volcamiento,,,Solo Daños,0,0,0,0,0,0,0,0,0,0,1,0,0,0,0,0,0,0,0,0,0,0,1000780.0,0.0042903029709266,476.2236297728558,CL6,KR42;KR36,4.62659345,-74.1361441,1.0,39.37162013483333,,0.0,120.0,1.0,2,199.41785423284713,True,Av. Boyacá,DEI-002/CAM-01,2019
167801,10500467,-74.03771249,4.69064305500001,KR 9-CL 110 2,2019,Octubre,21,lunes,10,30,Usaquén,Choque,Vehículo,,Solo Daños,0,0,0,0,0,0,0,0,0,0,1,0,1,0,0,1,0,0,0,0,0,0,1002017.0,0.0075740216125032,840.716398987863,AUTONORTE,ALCALA;PRADO,4.6892508,-74.04515745,0.0,36.34463903709401,,0.0,117.0,0.0,71,338.21130489812987,True,Av. Carrera 9,DEI-034/CAM-02,2019
167802,10500468,-74.172707574,4.59617296200003,AV AVENIDA DEL SUR-CL 74 S 2,2019,Octubre,21,lunes,6,30,Bosa,Choque,Vehículo,,Solo Daños,0,1,0,0,0,0,0,0,0,0,0,0,0,0,0,0,0,0,0,0,0,0,1001946.0,0.0082321479258115,913.768419765084,"AV.P.MAYO,CL26SUR",KR72;KR78K,4.5960945,-74.1644758,0.0,22.563132177413795,,0.0,116.0,0.0,81,245.69180325122062,True,Autopista Sur,DEI-038/CAM-02,2019
167808,10500474,-74.119629516,4.71947543700003,CL 80-KR 112A 2,2019,Octubre,21,lunes,12,30,Engativá,Choque,Vehículo,,Solo Daños,0,1,0,0,0,0,0,0,0,0,0,0,0,0,0,0,0,0,0,0,0,0,103.0,0.0147581649037063,1638.1563043114088,DIAG16,KR129;CL17,4.71384325,-74.1332707,0.0,19.07937088057851,,0.0,121.0,0.0,68,455.58234499463566,True,Av. Calle 80,DEI-033/CAM-01,2019
167812,10500857,-74.07895002,4.66725620300002,CL 68-KR 55 02,2019,Octubre,25,viernes,14,50,Barrios Unidos,Choque,Vehículo,,Solo Daños,0,0,0,0,0,0,0,0,0,0,0,0,0,0,0,0,0,0,0,0,0,0,1000189.0,0.0003066716599362,34.04055425292814,KR7,CL170;CL165,4.66734485,-74.0792436,1.0,27.711657890569107,,0.0,123.0,1.0,38,545.7779241549923,True,Av. NQS,DEI-019/CAM-01,2019
167818,10500863,-74.072807637,4.60696331600002,KR 9-CL 19 59,2019,Octubre,25,viernes,18,33,Santa Fe,Choque,Vehículo,,Con Heridos,0,0,0,0,0,1,0,0,0,0,0,0,0,0,0,0,0,0,0,0,0,0,1000199.0,0.0002630556678979,29.199179136668786,KR9,CL134:CL140,4.6071991,-74.072691,1.0,26.500270974,,0.0,120.0,1.0,55,111.82853616108257,True,Av. Carrera 10,DEI-027/CAM-02,2019
167819,10500864,-74.054867846,4.70747956700001,KR 45-CL 127 60,2019,Octubre,25,viernes,14,30,Usaquén,Choque,Vehículo,,Con Heridos,1,0,0,0,0,0,0,1,0,0,0,0,0,0,0,0,0,0,0,0,0,0,18.0,0.0034792415191775,386.195808628706,CL85,KR15;KR7,4.7093504,-74.0519344,1.0,8.360649905887097,,0.0,124.0,1.0,76,275.2348481362067,True,Autopista Norte,DEI-036/CAM-03,2019
167821,10500867,-74.0640021,4.646813162,CL 60-KR 13 2,2019,Octubre,25,viernes,18,38,Chapinero,Choque,Vehículo,,Con Heridos,0,0,0,0,0,1,0,0,0,0,0,0,0,0,0,0,0,0,0,0,0,0,1001930.0,0.0042162242286685,468.0008893822048,"TV25,DIAG53,KR24",CL57;CL45,4.6443781,-74.06744405,1.0,8.85257124025,,0.0,120.0,1.0,42,110.7859937168004,True,Av. Caracas,DEI-021/CAM-01,2019
167822,10500868,-74.136082193,4.61499688200001,AC 26-KR 69CBIS S 02,2019,Octubre,25,viernes,9,59,Kennedy,Atropello,,,Con Heridos,0,0,0,0,0,0,1,0,0,0,1,0,1,0,0,1,0,0,0,0,0,0,1001037.0,0.0018196931660264,201.98594142894095,CL13,KR90;KR68D,4.61354265,-74.13498835,1.0,19.411490285,,0.0,122.0,1.0,1,465.97957564010244,True,Av. Boyacá,DEI-001/CAM-02,2019
167827,10500874,-74.100307201,4.73603019500001,CL 132-KR 104 02,2019,Octubre,26,sábado,18,41,Suba,Choque,Vehículo,,Con Heridos,0,0,1,0,0,1,0,0,0,0,0,0,0,0,0,0,0,0,0,0,0,0,1000951.0,0.0031623891336708,351.025193837459,AV.SUBA,CL127;HUMEDAL.CORDOBA,4.7388854,-74.1016668,1.0,31.364560361583337,,0.0,120.0,1.0,28,344.82507344376546,True,Av. Ciudad de Cali,DEI-015/CAM-02,2019
167834,10501259,-74.125027554,4.72603610499999,CL 80-KR 119 02,2019,Octubre,26,sábado,8,25,Engativá,Choque,Vehículo,,Solo Daños,0,1,0,0,0,0,0,0,0,0,0,0,0,0,0,0,0,0,0,0,0,0,103.0,0.0147178520521188,1633.6815777851875,DIAG16,KR129;CL17,4.71384325,-74.1332707,0.0,23.414637538387097,,0.0,124.0,0.0,69,459.65652095588484,True,Av. Calle 80,DEI-033/CAM-02,2019
167837,10501262,-74.163606629,4.614934764,AV AVENIDA PRIMERA DE MAYO-CL 44A S 30,2019,Octubre,26,sábado,11,45,Kennedy,Choque,Vehículo,,Solo Daños,0,0,0,0,0,0,0,0,0,0,1,0,1,0,0,1,0,0,0,0,0,0,1001027.0,0.0095864865443042,1064.1000064177674,KR72,CL3;CL9,4.611398400000001,-74.15469625,0.0,13.434304498214289,,0.0,112.0,0.0,26,64.07798930917387,True,Av. Primero de Mayo,DEI-014/CAM-02,2019
167838,10501263,-74.121853264,4.72129296000003,KR 114-CL 79 2,2019,Octubre,27,domingo,14,5,Engativá,Choque,Vehículo,,Solo Daños,1,0,0,0,0,0,0,0,0,0,0,0,0,0,0,0,0,0,0,0,0,0,103.0,0.0136329022551578,1513.252150322516,DIAG16,KR129;CL17,4.71384325,-74.1332707,0.0,22.15878106048387,,0.0,124.0,0.0,68,161.95918460816267,True,Av. Calle 80,DEI-033/CAM-01,2019
167840,10501265,-74.115851448,4.66184349700001,AV AVENIDA BOYACA-CL 24 02,2019,Octubre,29,martes,22,0,Fontibón,Choque,Vehículo,,Solo Daños,0,0,0,0,0,0,0,0,0,1,0,0,0,0,0,0,0,0,0,0,0,1,61.0,0.0056538193980361,627.5739531820121,CL19,KR36;KR5,4.65795775,-74.11995834999999,0.0,24.056862007327588,,0.0,116.0,0.0,47,315.13364013857375,True,Av. Boyacá,DEI-023/CAM-02,2019
167844,10501269,-74.139964668,4.61754215899998,AK 72-CL 31 S 93,2019,Octubre,27,domingo,10,0,Kennedy,Choque,Vehículo,,Solo Daños,0,0,0,0,0,0,0,0,0,0,1,0,0,0,0,0,0,0,0,0,0,0,90.0,0.0025707537243337,285.35366340105173,CL24,KR86;AV.AMERICAS,4.61621555,-74.13776265,1.0,15.465983206333334,,0.0,120.0,1.0,0,211.1593746061339,True,Av. Boyacá,DEI-001/CAM-01,2019
167845,10501270,-74.044375725,4.76158526099999,AV AVENIDA PASEO DE LOS LIBERTADORES-CL 184 02,2019,Octubre,29,martes,10,12,Usaquén,Choque,Vehículo,,Solo Daños,0,1,0,0,0,0,0,0,0,1,0,0,0,0,0,0,0,0,0,0,0,1,1000087.0,0.0055396714815946,614.903534457001,KR19,CL147;CL152,4.7597534,-74.04960375,0.0,15.09323745885965,,0.0,114.0,0.0,51,30.202929442430907,True,Autopista Norte,DEI-025/CAM-03,2019
167849,10501274,-74.083443973,4.62397412500002,KR 30-CL 23A 47,2019,Octubre,29,martes,10,16,Teusaquillo,Choque,Vehículo,,Solo Daños,0,0,0,0,0,0,0,1,0,0,0,0,0,0,0,0,0,0,0,0,0,0,1001982.0,0.0037306444939597,414.1015388295327,NQS,CAD;AV.DORADO,4.6206293,-74.08509620000001,1.0,29.81931806352941,,0.0,34.0,1.0,21,310.9170126193421,True,Av. NQS,DEI-012/CAM-01,2019
167854,10501279,-74.069666468,4.67195906000001,KR 30-CL 78 2,2019,Octubre,28,lunes,4,50,Barrios Unidos,Volcamiento,,,Solo Daños,0,0,0,0,0,0,0,0,0,0,0,0,0,0,0,0,0,0,0,0,0,0,1000203.0,0.0015923957423537,176.75592740126731,KR7,CL188;CL175,4.6708734,-74.0708314,1.0,41.63301022243903,,0.0,123.0,1.0,39,448.6078517934402,True,Av. NQS,DEI-019/CAM-02,2019
167855,10501280,-74.087543226,4.61946826899998,KR 30-CL 19 02,2019,Octubre,29,martes,15,0,Puente Aranda,Choque,Vehículo,,Solo Daños,0,0,0,0,0,0,0,1,0,0,0,0,0,0,0,0,0,0,0,0,0,0,1001990.0,0.0022323718567818,247.79327610278705,NQS,GRAL.SANTANDER;CL38ASUR,4.6181546,-74.0857383,1.0,41.40749689508064,,0.0,124.0,1.0,22,356.3099521481533,True,Av. NQS,DEI-012/CAM-02,2019
168066,10498519,-74.043706403,4.76582847399999,KR 45-CL 188 2,2019,Octubre,1,martes,16,0,Usaquén,Choque,Vehículo,,Solo Daños,0,1,0,0,0,0,0,0,0,0,0,0,0,0,0,0,0,0,0,0,0,0,1000087.0,0.0084667128062654,939.80512149547,KR19,CL147;CL152,4.7597534,-74.04960375,0.0,13.006086909734512,,0.0,113.0,0.0,51,463.8969285505294,True,Autopista Norte,DEI-025/CAM-03,2019
168069,10498522,-74.075338899,4.66504713500001,AK 30-CL 70 99,2019,Octubre,1,martes,13,30,Barrios Unidos,Choque,Vehículo,,Solo Daños,0,0,0,0,0,0,0,0,0,1,0,0,0,0,0,0,0,0,0,0,0,1,1000201.0,0.004455094222433,494.51545869006304,KR7,CL175;CL170,4.6690147500000005,-74.0773652,1.0,23.69505943201613,,0.0,124.0,1.0,38,300.9673870053629,True,Av. NQS,DEI-019/CAM-01,2019
168070,10498523,-74.12051539,4.71878874200002,KR 112A-CL 79 2,2019,Octubre,1,martes,7,0,Engativá,Choque,Vehículo,,Solo Daños,0,0,0,0,0,1,0,0,0,0,0,0,0,0,0,0,0,0,0,0,0,0,103.0,0.0136804906461146,1518.5344617187263,DIAG16,KR129;CL17,4.71384325,-74.1332707,0.0,23.365616317398377,,0.0,123.0,0.0,68,472.48875418098027,True,Av. Calle 80,DEI-033/CAM-01,2019
168088,10498913,-74.090345427,4.57678170100002,CL 17-KR 7B S 02,2019,Octubre,4,viernes,6,0,San Cristóbal,Choque,Vehículo,,Solo Daños,0,1,0,0,0,0,0,0,0,0,0,0,0,0,0,0,0,0,0,0,0,0,1000214.0,0.0052998575523667,588.2841883127055,KR5,CL34;CL27,4.57950665,-74.0948911,0.0,27.829900327435897,,0.0,117.0,0.0,37,398.1514753920125,True,Av. Carrera 10,DEI-018/CAM-02,2019
168089,10498914,-74.125807175,4.62946473,AV AVENIDA DE LAS AMERICAS-CL 6A 2,2019,Octubre,4,viernes,18,50,Kennedy,Choque,Vehículo,,Solo Daños,0,0,0,0,0,0,0,0,0,0,1,0,0,0,0,0,0,0,0,0,1,0,65.0,0.0025869999197084,287.156991087639,AV.P.MAYO,KR80;KR3E,4.6307119,-74.12354065,1.0,17.182839103865547,,0.0,119.0,1.0,5,376.84938499407417,True,Av. Carrera 68,DEI-003/CAM-02,2019
168091,10498916,-74.065526816,4.64408177899998,AV AVENIDA CARACAS-CL 57 2,2019,Octubre,4,viernes,5,45,Chapinero,Choque,Vehículo,,Con Heridos,0,0,0,0,0,1,0,0,0,0,0,0,0,0,0,0,0,0,0,0,0,0,1001930.0,0.0019399980272732,215.33978102733136,"TV25,DIAG53,KR24",CL57;CL45,4.6443781,-74.06744405,1.0,17.36009964894737,,0.0,114.0,1.0,42,298.9288271160984,True,Av. Caracas,DEI-021/CAM-01,2019
168105,10499294,-74.101701681,4.70345438099997,CL 80-KR 86 2,2019,Octubre,8,martes,1,45,Engativá,Choque,Vehículo,,Solo Daños,0,0,0,0,0,0,0,1,0,0,0,0,0,0,0,0,0,0,0,0,0,0,1000963.0,0.003138010098482,348.3191209315084,CL72,KR64;KR70,4.7019356,-74.0989557,1.0,33.28560498864407,,0.0,118.0,1.0,40,315.9380993440909,True,Av. Ciudad de Cali,DEI-020/CAM-01,2019
168110,10499300,-74.045311207,4.76052284799999,AK 45-CL 183 2,2019,Octubre,7,lunes,18,10,Usaquén,Choque,Vehículo,,Solo Daños,0,1,0,0,0,0,0,0,0,0,0,0,0,0,0,0,0,0,0,0,0,0,1000087.0,0.0043609604024324,484.0666046700008,KR19,CL147;CL152,4.7597534,-74.04960375,1.0,13.11234041747826,,0.0,115.0,1.0,50,149.2260017189019,True,Autopista Norte,DEI-025/CAM-01,2019
168115,10499305,-74.040410065,4.760297579,CL 183-KR 19A 2,2019,Octubre,7,lunes,15,36,Usaquén,Choque,Vehículo,,Solo Daños,0,1,0,0,0,0,0,0,0,0,0,0,0,0,0,0,0,0,0,0,0,0,1000088.0,0.0084586198739406,938.9068060074164,KR19,CL159;CL152,4.7601672,-74.03195245,0.0,18.59869608419355,,0.0,124.0,0.0,51,491.632006086876,True,Autopista Norte,DEI-025/CAM-03,2019
168119,10499309,-74.153304159,4.63590288300003,AV AVENIDA DE LAS AMERICAS-KR 80 02,2019,Octubre,8,martes,12,50,Kennedy,Choque,Vehículo,,Solo Daños,0,1,0,0,0,0,0,0,0,0,0,0,0,0,0,0,0,0,0,0,0,0,148.0,0.0086167258846744,956.4565731988667,AV.CL59SUR,KR81A;CL59SUR,4.6285372,-74.1577757,0.0,16.57291500875,,0.0,8.0,0.0,49,450.46743765523564,True,Av. Américas,DEI-024/CAM-02,2019
168122,10499312,-74.136077817,4.65971863599998,CL 13-KR 86 02,2019,Octubre,8,martes,12,0,Fontibón,Choque,Vehículo,,Solo Daños,0,1,0,0,0,0,0,0,0,0,1,0,0,0,0,0,0,0,0,0,0,0,1001016.0,0.0037945816809562,421.198566586149,KR72,CL127;CL75,4.6623088,-74.13330475000001,1.0,27.86710079895161,,0.0,124.0,1.0,20,377.66647738531907,True,Av. Ciudad de Cali,DEI-011/CAM-01,2019
168125,10499315,-74.136066202,4.65945564200001,CL 13-KR 86 02,2019,Octubre,8,martes,12,30,Fontibón,Choque,Vehículo,,Solo Daños,0,1,0,0,0,0,0,0,0,0,0,0,0,0,0,0,0,0,0,0,0,0,1001016.0,0.003970658348579,440.74307669227113,KR72,CL127;CL75,4.6623088,-74.13330475000001,1.0,27.86710079895161,,0.0,124.0,1.0,20,356.1409006981789,True,Av. Ciudad de Cali,DEI-011/CAM-01,2019
168130,10499688,-74.201855178,4.63599582699999,KR 100-CL 69 S 48,2019,Octubre,13,domingo,17,11,Bosa,Atropello,,,Con Heridos,0,0,0,0,1,1,1,0,0,0,0,0,0,0,0,0,0,0,0,0,0,0,75.0,0.0175328813522737,1946.149830102386,KR86,KR91;CL57BSUR,4.61896385,-74.20601615,0.0,14.717755159913043,,0.0,115.0,0.0,84,449.25752485399556,True,Calle 63 Sur,DEI-040/CAM-01,2019
168131,10499689,-74.116669132,4.71569849500003,CL 80-KR 107 2,2019,Octubre,12,sábado,20,36,Engativá,Atropello,,,Con Muertos,0,0,0,0,0,1,1,0,0,0,0,0,0,0,0,0,0,0,0,0,0,0,1000710.0,0.0162862311777788,1807.7716607334517,KR86,CL72;CL75BIS,4.7274802000000005,-74.1054249,0.0,22.40393001327731,,0.0,119.0,0.0,23,480.61215210747787,True,Av. Calle 80,DEI-013/CAM-01,2019
168138,10499696,-74.14212723,4.65403414299999,AV AVENIDA CIUDAD DE CALI-CL 13A 02,2019,Octubre,11,viernes,13,35,Kennedy,Choque,Vehículo,,Solo Daños,0,1,0,0,0,0,0,0,0,0,0,0,0,0,0,0,0,0,0,0,0,0,1001019.0,0.0035191638044693,390.62718229609607,KR72,CL75;CL66A,4.65133785,-74.1398657,1.0,28.28784772632653,,0.0,98.0,1.0,20,550.3875214745509,True,Av. Ciudad de Cali,DEI-011/CAM-01,2019
168152,10499711,-74.138219432,4.63039453800002,AV AVENIDA DE LAS AMERICAS-AV AVENIDA BOYACA 2,2019,Octubre,11,viernes,19,48,Kennedy,Choque,Vehículo,,Solo Daños,0,1,0,0,0,0,0,1,0,0,0,0,0,0,0,0,0,0,0,0,0,0,1000780.0,0.0043307358374925,480.7116779616746,CL6,KR42;KR36,4.62659345,-74.1361441,1.0,30.0186676935,,0.0,120.0,1.0,2,201.72911857459908,True,Av. Boyacá,DEI-002/CAM-01,2019
168154,10499713,-74.113099098,4.66032744900002,KR 70-CL 24 2,2019,Octubre,11,viernes,18,44,Fontibón,Choque,Vehículo,,Solo Daños,0,1,0,0,0,0,0,0,0,0,0,0,0,0,0,0,0,0,0,0,0,0,1000196.0,0.0059007620554307,654.984588152817,CL134,KR7;KR9,4.6586908000000005,-74.10742985,0.0,19.040224491416662,,0.0,120.0,0.0,47,401.2068477919175,True,Av. Boyacá,DEI-023/CAM-02,2019
168157,10500081,-74.045280313,4.76050254400002,CL 183-KR 45 2,2019,Octubre,17,jueves,12,30,Usaquén,Choque,Vehículo,,Solo Daños,0,0,0,0,0,0,0,1,0,0,1,0,0,0,0,0,0,0,0,0,1,0,1000087.0,0.0043878610080202,487.05257189024536,KR19,CL147;CL152,4.7597534,-74.04960375,1.0,12.721106869344265,,0.0,122.0,1.0,50,150.14695445120256,True,Autopista Norte,DEI-025/CAM-01,2019
168163,10500087,-74.18022426,4.59673484699999,AV AVENIDA DEL SUR-CL 76A S 02,2019,Octubre,16,miércoles,12,30,Bosa,Choque,Vehículo,,Con Heridos,0,1,0,0,0,1,0,0,0,0,0,0,0,0,0,0,0,0,0,0,0,0,149.0,0.0058733131979255,651.9377649697346,AV.CL59SUR,CL59SUR;KR81A,4.6025243,-74.1792353,0.0,22.56342795875,,0.0,8.0,0.0,80,478.6286777433127,True,Autopista Sur,DEI-038/CAM-01,2019
168169,10500093,-74.179262885,4.597065047,AV AVENIDA DEL SUR-CL 63 S 02,2019,Octubre,15,martes,18,30,Bosa,Atropello,,,Con Heridos,0,0,0,0,0,0,1,0,0,0,0,0,0,0,0,0,0,0,0,0,0,0,149.0,0.0054593226915278,605.9848187595908,AV.CL59SUR,CL59SUR;KR81A,4.6025243,-74.1792353,0.0,16.558595103,,0.0,10.0,0.0,80,375.4634656586304,True,Autopista Sur,DEI-038/CAM-01,2019
168172,10500096,-74.074647681,4.611545267,AV AVENIDA CARACAS-CL 23 02,2019,Octubre,15,martes,19,52,Santa Fe,Atropello,,,Con Heridos,0,0,0,0,0,0,1,0,0,0,1,0,1,1,0,0,0,0,1,0,0,0,41.0,0.0013990047151676,155.289523383608,CL39,KR7;AV.CARACAS,4.61057625,-74.07565675000001,1.0,10.630133026666666,,0.0,120.0,1.0,55,476.9917605341263,True,Av. Carrera 10,DEI-027/CAM-02,2019
168176,10500100,-74.057127716,4.68567269699997,KR 45-CL 98 02,2019,Octubre,17,jueves,13,20,Chapinero,Choque,Vehículo,,Solo Daños,0,1,0,0,0,0,0,0,0,0,0,0,0,0,0,0,0,0,0,0,0,0,1000036.0,0.0028706649257636,318.64380675976923,AUTONORTE,CL82;CL80,4.6830666,-74.05833145,1.0,20.192449009919358,,0.0,124.0,1.0,19,87.44167733476213,True,Autopista Norte,DEI-010/CAM-03,2019
168179,10500103,-74.10094719,4.70325990600003,AV AVENIDA CIUDAD DE CALI-CL 80 02,2019,Octubre,17,jueves,11,5,Engativá,Choque,Vehículo,,Solo Daños,0,0,0,0,0,1,0,0,0,0,0,0,0,0,0,0,0,0,0,0,0,0,1000963.0,0.0023916142669323,265.4691836294916,CL72,KR64;KR70,4.7019356,-74.0989557,1.0,15.229088697131148,,0.0,122.0,1.0,40,338.4630451741032,True,Av. Ciudad de Cali,DEI-020/CAM-01,2019
168180,10500475,-74.05755676,4.68375147500001,KR 45-CL 95 02,2019,Octubre,21,lunes,10,0,Chapinero,Choque,Vehículo,,Solo Daños,0,0,0,0,0,0,0,0,0,1,0,0,0,0,0,0,0,0,0,0,0,1,1000036.0,0.0010340204841968,114.77627374585072,AUTONORTE,CL82;CL80,4.6830666,-74.05833145,1.0,19.40528113413223,,0.0,121.0,1.0,17,41.77323419956958,True,Autopista Norte,DEI-010/CAM-01,2019
168189,10500484,-74.08327461,4.624153546,AK 30-CL 23 2,2019,Octubre,11,viernes,7,30,Los Mártires,Choque,Vehículo,,Solo Daños,0,0,0,0,0,0,0,0,0,1,0,0,0,0,0,0,0,0,0,0,0,1,1001982.0,0.0039671778377877,440.3567399944377,NQS,CAD;AV.DORADO,4.6206293,-74.08509620000001,1.0,25.600485225,,0.0,40.0,1.0,21,338.2866954431295,True,Av. NQS,DEI-012/CAM-01,2019
168203,10500498,-74.150311752,4.63344833899998,CL 6-KR 79 2,2019,Octubre,21,lunes,8,10,Kennedy,Choque,Vehículo,,Solo Daños,0,0,0,0,0,0,0,0,0,0,0,0,0,0,0,0,0,0,0,0,0,0,148.0,0.0089347527119642,991.757551028034,AV.CL59SUR,KR81A;CL59SUR,4.6285372,-74.1577757,0.0,25.56279494875,,0.0,8.0,0.0,49,44.679026832910765,True,Av. Américas,DEI-024/CAM-02,2019
168211,10500887,-74.141608052,4.59264169300002,KR 54-DG 48 S 02,2019,Octubre,26,sábado,7,25,Tunjuelito,Choque,Vehículo,,Con Heridos,0,0,0,0,0,1,0,0,0,0,0,0,0,0,0,0,0,0,0,0,0,0,1000297.0,0.0022453795990519,249.2371354947648,CL1,KR21;AV.CARACAS,4.59354105,-74.14366545,1.0,21.29541223786885,,0.0,122.0,1.0,9,412.3275424071336,True,Av. Boyacá,DEI-006/CAM-02,2019
168223,10500899,-74.180237634,4.597547228,CL 65-KR 77G S 2,2019,Octubre,26,sábado,4,15,Bosa,Choque,Objeto Fijo,Tren,Con Heridos,0,0,0,0,0,0,0,0,0,1,0,0,0,0,0,0,0,0,0,0,0,1,149.0,0.0050769990290252,563.5468922218029,AV.CL59SUR,CL59SUR;KR81A,4.6025243,-74.1792353,0.0,49.6311523325,,0.0,8.0,0.0,80,491.62890737443297,True,Autopista Sur,DEI-038/CAM-01,2019
168224,10500900,-74.073373461,4.60149737900002,CL 13-KR 7 02,2019,Octubre,27,domingo,4,10,Candelaria,Volcamiento,,,Con Muertos,0,0,0,0,0,1,0,0,0,0,0,0,0,0,0,0,0,0,0,0,0,0,6.0,0.0017487698397412,194.11345221128232,KR11,CL116;CL72,4.60046185,-74.07196425000001,1.0,30.32073152789474,,0.0,114.0,1.0,54,548.1328871566387,True,Av. Carrera 10,DEI-027/CAM-01,2019
168233,10501286,-74.141989823,4.59124261800002,KR 54-CL 50 S 2,2019,Octubre,28,lunes,15,0,Tunjuelito,Choque,Vehículo,,Solo Daños,0,0,0,0,0,1,0,0,0,0,0,0,0,0,0,0,0,0,0,0,0,0,1002273.0,0.0028242934292351,313.4965706451039,AV.VILLAVICENCIO,AV.P.MAYO;CL57BSUR,4.5920865,-74.13929455,1.0,25.30409825888889,,0.0,9.0,1.0,9,415.3396953353197,True,Av. Boyacá,DEI-006/CAM-02,2019
168235,10501288,-74.045188406,4.75752442599997,AV AVENIDA PASEO DE LOS LIBERTADORES-CL 181 02,2019,Octubre,29,martes,17,20,Usaquén,Choque,Vehículo,,Solo Daños,0,1,0,0,0,0,0,0,0,0,0,0,0,0,0,0,0,0,0,0,0,0,1000087.0,0.0049460679060467,549.0135375711864,KR19,CL147;CL152,4.7597534,-74.04960375,1.0,13.137001513050846,,0.0,118.0,1.0,45,245.95417223464423,True,Autopista Norte,DEI-022/CAM-03,2019
168241,10501294,-74.076497029,4.60363033300001,CL 15-KR 10 50,2019,Octubre,29,martes,9,41,Santa Fe,Choque,Vehículo,,Solo Daños,0,0,0,0,0,1,0,0,0,0,0,0,0,0,0,0,0,0,0,0,0,0,1000653.0,0.0031302415074981,347.4568073322921,AV.CIRCUNVALAR,KR7;CL83,4.6066223,-74.07557695,1.0,18.06874407983471,,0.0,121.0,1.0,54,414.50219360292886,True,Av. Carrera 10,DEI-027/CAM-01,2019
168244,10501297,-74.047475875,4.74697333,KR 45-CL 165 2,2019,Octubre,29,martes,7,10,Usaquén,Choque,Vehículo,,Solo Daños,0,0,0,0,0,1,0,0,0,0,0,0,0,0,0,0,0,0,0,0,0,0,1000175.0,0.0082987212421554,921.1580578792554,CL106,KR19;KR15,4.73962495,-74.05133205,0.0,17.209068431382114,,0.0,123.0,0.0,44,416.5340062128703,True,Autopista Norte,DEI-022/CAM-01,2019
168478,10498932,-74.047353915,4.75692291399997,CL 176-KR 48 2,2019,Octubre,6,domingo,20,58,Suba,Choque,Vehículo,,Con Heridos,1,0,0,0,0,0,0,0,0,0,0,0,0,0,0,0,0,0,0,0,0,0,1000087.0,0.0036157168754747,401.3445731777002,KR19,CL147;CL152,4.7597534,-74.04960375,1.0,13.909170058119658,,0.0,117.0,1.0,45,276.05830851479413,True,Autopista Norte,DEI-022/CAM-03,2019
168480,10498934,-74.14682904,4.56935094800002,AV AVENIDA CIUDAD DE VILLAVICENCIO-KR 23 2,2019,Octubre,6,domingo,4,50,Ciudad Bolívar,Atropello,,,Con Heridos,1,0,0,0,0,0,0,0,0,0,0,0,0,0,0,0,0,0,0,0,0,0,56.0,0.0125968591259398,1398.251362979326,CL6,AV.CARACAS;KR42,4.574981,-74.13556034999999,0.0,38.24181329491667,,0.0,120.0,0.0,53,256.21703878685173,True,Av Villavicencio,DEI-026/CAM-02,2019
168489,10498943,-74.145288888,4.58868216799999,AV AVENIDA BOYACA-DG 51B S 02,2019,Octubre,4,viernes,15,0,Tunjuelito,Choque,Vehículo,,Con Heridos,0,0,0,0,0,1,0,0,0,0,0,0,0,0,0,0,0,0,0,0,0,0,1000297.0,0.0051229176481616,568.6438589459482,CL1,KR21;AV.CARACAS,4.59354105,-74.14366545,0.0,20.940391819833334,,0.0,120.0,0.0,8,473.61771034671733,True,Av. Boyacá,DEI-006/CAM-01,2019
168493,10498947,-74.057716962,4.681618372,AV AVENIDA PASEO DE LOS LIBERTADORES-CL 94 02,2019,Octubre,5,sábado,19,5,Chapinero,Choque,Vehículo,,Con Heridos,1,0,0,0,1,0,0,0,0,0,0,0,0,0,0,0,0,0,0,0,0,0,1000036.0,0.0015732005091926,174.62525652038514,AUTONORTE,CL82;CL80,4.6830666,-74.05833145,1.0,21.15508601743589,,0.0,117.0,1.0,17,237.0497429509461,True,Autopista Norte,DEI-010/CAM-01,2019
168495,10498949,-74.054771197,4.69932504100001,AK 45-CL 114 2,2019,Octubre,4,viernes,1,17,Usaquén,Choque,Vehículo,,Con Heridos,0,0,0,0,0,1,0,0,0,0,0,0,0,0,0,0,0,0,0,0,0,0,1002011.0,0.0024279028630403,269.497217797475,AUTONORTE,PEPE.SIERRA;CL100,4.697067349999999,-74.05566425,1.0,55.10319819440367,,0.0,109.0,1.0,61,264.26117477661364,True,Autopista Norte,DEI-029/CAM-04,2019
168506,10499328,-74.073848896,4.606791187,CL 19-KR 9 21,2019,Octubre,8,martes,8,30,Santa Fe,Choque,Vehículo,,Solo Daños,0,0,0,0,0,0,0,0,0,0,1,0,1,0,0,1,0,0,0,0,0,0,1000199.0,0.0012276465950646,136.26877205217812,KR9,CL134:CL140,4.6071991,-74.072691,1.0,37.33847148612903,,0.0,124.0,1.0,54,46.43634985800572,True,Av. Carrera 10,DEI-027/CAM-01,2019
168508,10499330,-74.170547418,4.62802068000002,AC 43-KR 85A S 2,2019,Octubre,8,martes,15,31,Kennedy,Choque,Vehículo,,Solo Daños,1,0,0,0,0,0,0,0,0,0,0,0,0,0,0,0,0,0,0,0,0,0,148.0,0.0127821584085711,1418.8195833514003,AV.CL59SUR,KR81A;CL59SUR,4.6285372,-74.1577757,0.0,20.658020875,,0.0,8.0,0.0,79,169.51462154296172,True,Av. Ciudad de Cali,DEI-037/CAM-02,2019
168510,10499332,-74.121966497,4.62999251600002,AK 68-CL 9 2,2019,Octubre,8,martes,10,40,Puente Aranda,Choque,Vehículo,,Solo Daños,0,0,0,0,0,0,0,1,0,0,1,0,1,0,0,0,1,0,0,0,0,0,65.0,0.0017307429060415,192.11246257060856,AV.P.MAYO,KR80;KR3E,4.6307119,-74.12354065,1.0,16.1791491875,,0.0,120.0,1.0,5,290.73469213780515,True,Av. Carrera 68,DEI-003/CAM-02,2019
168512,10499334,-74.139679921,4.61855408700001,AV AVENIDA BOYACA-AV AVENIDA PRIMERA DE MAYO 2,2019,Octubre,8,martes,6,0,Kennedy,Choque,Vehículo,,Solo Daños,0,0,0,0,0,1,0,0,0,0,0,0,0,0,0,0,0,0,0,0,0,0,90.0,0.0030240177558747,335.6659709020996,CL24,KR86;AV.AMERICAS,4.61621555,-74.13776265,1.0,23.53657797094828,,0.0,116.0,1.0,0,327.3514618006398,True,Av. Boyacá,DEI-001/CAM-01,2019
168516,10499338,-74.034946333,4.68848956800002,KR 7-CL 109 2,2019,Octubre,8,martes,23,50,Usaquén,Choque,Vehículo,,Solo Daños,0,0,0,0,0,0,0,0,0,1,1,0,0,0,0,0,0,0,0,0,0,1,1002017.0,0.010239452355752,1136.579211488475,AUTONORTE,ALCALA;PRADO,4.6892508,-74.04515745,0.0,61.18635595137255,,0.0,102.0,0.0,71,438.8723164515937,True,Av. Carrera 9,DEI-034/CAM-02,2019
168518,10499340,-74.05694668,4.67959916799998,AK 30-CL 93 2,2019,Octubre,9,miércoles,18,30,Chapinero,Choque,Vehículo,,Solo Daños,0,0,0,0,0,1,0,0,0,0,0,0,0,0,0,0,0,0,0,0,0,0,1.0,0.0012378440049968,137.40068455465249,KR7,CL188;CL32,4.6793199,-74.05574075,1.0,16.74081719526316,,0.0,114.0,1.0,17,472.81530491435177,True,Autopista Norte,DEI-010/CAM-01,2019
168520,10499342,-74.057141445,4.69405146600002,KR 45A-CL 106 2,2019,Octubre,9,miércoles,19,35,Suba,Choque,Vehículo,,Solo Daños,0,0,0,0,0,0,0,0,0,0,0,0,0,0,0,0,0,0,0,0,1,0,1002011.0,0.0033582229481282,372.7627472422311,AUTONORTE,PEPE.SIERRA;CL100,4.697067349999999,-74.05566425,1.0,34.03457517413793,,0.0,116.0,1.0,58,319.05779380205377,True,Autopista Norte,DEI-029/CAM-01,2019
168522,10499344,-74.056714053,4.69196299499998,KR 45-CL 104A 02,2019,Octubre,9,miércoles,15,6,Usaquén,Choque,Vehículo,,Solo Daños,0,0,0,0,0,0,0,0,0,0,0,0,0,0,0,0,0,0,0,0,0,0,1000773.0,0.0048278841973684,535.8951459078927,KR50,CL33SUR;CL16SUR,4.6906399,-74.0613571,1.0,25.827233634583333,,0.0,96.0,1.0,34,240.18229622111417,True,Autopista Norte,DEI-017/CAM-03,2019
168551,10500108,-74.138781444,4.65677125399998,AV AVENIDA CIUDAD DE CALI-CL 15A 91,2019,Octubre,18,viernes,4,15,Fontibón,Choque,Objeto Fijo,Tren,Solo Daños,0,1,0,0,0,0,0,0,0,0,0,1,0,0,0,0,0,0,0,0,0,0,1001019.0,0.0055405315720184,614.9990044940494,KR72,CL75;CL66A,4.65133785,-74.1398657,0.0,56.57705898313132,,0.0,99.0,0.0,20,72.26303536438711,True,Av. Ciudad de Cali,DEI-011/CAM-01,2019
168554,10500111,-74.070074097,4.67146604099997,AK 30-CL 77 40,2019,Octubre,17,jueves,5,25,Barrios Unidos,Choque,Vehículo,,Solo Daños,0,0,0,0,0,1,0,0,0,0,0,0,0,0,0,0,0,0,0,0,0,0,1000203.0,0.0009616294445656,106.74086834678587,KR7,CL188;CL175,4.6708734,-74.0708314,1.0,28.468190447786885,,0.0,122.0,1.0,39,377.63349032455955,True,Av. NQS,DEI-019/CAM-02,2019
168555,10500112,-74.162595726,4.615097139,AV AVENIDA PRIMERA DE MAYO-CL 43 S 2,2019,Octubre,15,martes,16,20,Kennedy,Choque,Vehículo,,Con Heridos,0,0,0,0,1,1,1,0,0,0,0,0,0,0,0,0,0,0,0,0,0,0,1001027.0,0.0087225220701805,968.1999497900388,KR72,CL3;CL9,4.611398400000001,-74.15469625,0.0,13.655234455929202,,0.0,113.0,0.0,26,175.5421687117759,True,Av. Primero de Mayo,DEI-014/CAM-02,2019
168558,10500115,-74.162451278,4.615148987,AV AVENIDA PRIMERA DE MAYO-AV AVENIDA CIUDAD DE VILLAVICENCIO 2,2019,Octubre,17,jueves,5,25,Kennedy,Choque,Vehículo,,Con Heridos,1,0,0,0,0,0,0,0,0,0,0,0,0,0,0,0,0,0,0,0,0,0,1001027.0,0.0086143695140988,956.1950160649708,KR72,CL3;CL9,4.611398400000001,-74.15469625,0.0,27.65445202525424,,0.0,118.0,0.0,26,192.54175773704267,True,Av. Primero de Mayo,DEI-014/CAM-02,2019
168559,10500116,-74.149437823,4.629077913,DG 2-KR 78L 2,2019,Octubre,17,jueves,8,0,Kennedy,Choque,Vehículo,,Con Heridos,1,0,0,0,0,1,0,0,0,0,0,0,0,0,0,0,0,0,0,0,0,0,1001031.0,0.0060711707492135,673.8999531627026,KR72,CL43AS;KR69B,4.623493,-74.15181855,0.0,24.41536428883333,,0.0,120.0,0.0,49,454.7779784356613,True,Av. Américas,DEI-024/CAM-02,2019
168560,10500117,-74.055903717,4.69236999399999,AV AVENIDA PASEO DE LOS LIBERTADORES-CL 104B 02,2019,Octubre,17,jueves,8,0,Usaquén,Choque,Vehículo,,Solo Daños,0,0,0,0,0,0,0,0,0,0,0,0,0,0,0,0,0,0,0,0,0,0,1002011.0,0.0047034559458882,522.0836099935952,AUTONORTE,PEPE.SIERRA;CL100,4.697067349999999,-74.05566425,1.0,28.306184910578512,,0.0,121.0,1.0,35,291.2320515352443,True,Autopista Norte,DEI-017/CAM-04,2019
168566,10500123,-74.177283006,4.62579202699999,AV AVENIDA CIUDAD DE CALI-DG 49 S 02,2019,Octubre,18,viernes,3,25,Kennedy,Choque,Vehículo,,Solo Daños,0,1,0,0,0,0,0,0,0,0,0,0,0,0,0,0,0,0,0,0,0,0,148.0,0.0196995168006068,2186.646364867361,AV.CL59SUR,KR81A;CL59SUR,4.6285372,-74.1577757,0.0,46.06407262625,,0.0,8.0,0.0,64,209.37755609360522,True,Av. Ciudad de Cali,DEI-031/CAM-01,2019
168577,10500507,-74.1371,4.61950000000002,TR 71D-AC 4 S 40,2019,Octubre,21,lunes,12,47,Kennedy,Choque,Vehículo,,Solo Daños,0,0,0,0,0,0,0,0,0,0,0,0,0,0,0,0,0,0,0,0,0,0,1000942.0,0.0015468769383625,171.70334015823946,TV39,CL6;CL13,4.62102935,-74.1368678,1.0,15.19997725319672,,0.0,122.0,1.0,0,552.1598166669554,True,Av. Boyacá,DEI-001/CAM-01,2019
168579,10500509,-74.04350921,4.67183979599997,KR 7-CL 92A 04,2019,Octubre,22,martes,14,30,Chapinero,Choque,Vehículo,,Solo Daños,0,0,0,0,0,0,0,0,0,0,0,0,0,0,0,0,0,0,0,0,0,0,1000191.0,0.0052831725121319,586.4321488466426,KR9,CL161;CL147,4.67150165,-74.04878155,0.0,25.263703253916667,,0.0,120.0,0.0,57,259.1160530663615,True,Av. Carrera 7,DEI-028/CAM-02,2019
168600,10500910,-74.163965952,4.61353181300001,CL 45-KR 78F S 35,2019,Octubre,27,domingo,11,0,Kennedy,Atropello,,,Con Heridos,0,0,0,0,0,0,1,0,0,0,0,0,0,0,0,0,0,0,0,0,0,0,1001027.0,0.0095120358597602,1055.8359804333822,KR72,CL3;CL9,4.611398400000001,-74.15469625,0.0,13.434304498214289,,0.0,112.0,0.0,25,123.8918381258613,True,Av. Primero de Mayo,DEI-014/CAM-01,2019
168606,10500916,-74.151284403,4.57239325,AV AVENIDA CIUDAD DE VILLAVICENCIO-KR 38 2,2019,Octubre,26,sábado,13,30,Ciudad Bolívar,Choque,Vehículo,,Con Heridos,0,1,0,0,0,1,0,0,0,0,0,0,0,0,0,0,0,0,0,0,0,0,1002276.0,0.0124567024338241,1382.6939701544843,AV.VILLAVICENCIO,CL57BSUR;AV.P.MAYO,4.5824943,-74.158574,0.0,22.92887216625,,0.0,8.0,0.0,52,283.35018392681087,True,Av Villavicencio,DEI-026/CAM-01,2019
168610,10500921,-74.075281698,4.610765496,AV AVENIDA CARACAS-CL 22 2,2019,Octubre,27,domingo,21,30,Los Mártires,Choque,Vehículo,,Con Heridos,0,0,0,0,0,1,0,0,0,0,0,0,0,0,0,0,0,0,0,0,0,0,41.0,0.0004200929078514,46.6303127715155,CL39,KR7;AV.CARACAS,4.61057625,-74.07565675000001,1.0,12.34559688575,,0.0,120.0,1.0,55,416.45897763085685,True,Av. Carrera 10,DEI-027/CAM-02,2019
168614,10500925,-74.074865602,4.72175426899997,AV AVENIDA SUBA-KR 72 02,2019,Octubre,25,viernes,23,50,Suba,Choque,Objeto Fijo,Inmueble,Con Heridos,0,0,1,0,0,1,0,0,0,0,0,0,0,0,0,0,0,0,0,0,0,0,1001047.0,0.0063427668013879,704.0471149540627,KR68,CL66;CL19,4.718268699999999,-74.0801648,0.0,41.278126796610174,,0.0,118.0,0.0,16,152.22058191720134,True,Av. Boyacá,DEI-009/CAM-02,2019
168623,10501312,-74.073839457,4.60678364199998,AC 19-KR 9 2,2019,Octubre,30,miércoles,11,0,Santa Fe,Atropello,,,Con Heridos,0,0,0,0,0,0,1,1,0,0,0,0,0,0,0,0,0,0,0,0,0,0,1000199.0,0.0012212939165604,135.56362473821477,KR9,CL134:CL140,4.6071991,-74.072691,1.0,33.18760505821138,,0.0,123.0,1.0,54,46.015567252506685,True,Av. Carrera 10,DEI-027/CAM-01,2019
168634,10501323,-74.111810346,4.66613965800002,AV AVENIDA BOYACA-CL 26 2,2019,Octubre,30,miércoles,7,43,Fontibón,Choque,Vehículo,,Con Heridos,0,1,0,0,0,1,0,0,0,0,0,0,0,0,0,0,0,0,0,0,0,0,92.0,0.005940403751439,659.3848164097326,"KR50,TV42,TV39",CL6;CL19,4.6708416,-74.1081799,0.0,15.509692371626016,,0.0,123.0,0.0,46,335.078883376097,True,Av. Boyacá,DEI-023/CAM-01,2019
168643,10501332,-74.147618219,4.57237759899999,CL 59-KR 27 E 2,2019,Octubre,30,miércoles,6,56,Ciudad Bolívar,Atropello,,,Con Heridos,0,0,0,0,1,0,1,0,0,0,1,0,0,0,0,0,0,0,0,0,0,0,56.0,0.012335716500799,1369.2645315886969,CL6,AV.CARACAS;KR42,4.574981,-74.13556034999999,0.0,24.1105073275,,0.0,116.0,0.0,53,239.4536286529822,True,Av Villavicencio,DEI-026/CAM-02,2019
168853,10498568,-74.174631059,4.59677747199999,AV AVENIDA DEL SUR-CL 57 S 02,2019,Octubre,1,martes,9,45,Bosa,Choque,Vehículo,,Con Heridos,0,0,0,0,0,1,0,0,0,0,0,0,0,0,0,0,0,0,0,0,0,0,149.0,0.007363767191305,817.3781582348612,AV.CL59SUR,CL59SUR;KR81A,4.6025243,-74.1792353,0.0,24.05577411625,,0.0,8.0,0.0,81,21.890974870186632,True,Autopista Sur,DEI-038/CAM-02,2019
168863,10498578,-74.115614446,4.66157218699999,AV AVENIDA BOYACA-CL 24 02,2019,Octubre,1,martes,18,10,Fontibón,Atropello,,,Con Muertos,1,0,0,0,0,0,1,0,0,0,0,0,0,0,0,0,0,0,0,0,0,0,61.0,0.0056509872401268,627.2595836540802,CL19,KR36;KR5,4.65795775,-74.11995834999999,0.0,15.939407356206896,,0.0,116.0,0.0,47,320.5362723509216,True,Av. Boyacá,DEI-023/CAM-02,2019
168865,10498580,-74.145249808,4.59194918100002,TR 60-CL 49A S 16,2019,Octubre,1,martes,6,50,Tunjuelito,Caida de ocupante,,,Con Heridos,0,0,0,0,0,0,0,1,0,0,1,0,1,0,0,1,0,0,0,0,1,0,1000297.0,0.0022459379299678,249.2991102264329,CL1,KR21;AV.CARACAS,4.59354105,-74.14366545,1.0,25.413632846379308,,0.0,116.0,1.0,8,111.82116168617866,True,Av. Boyacá,DEI-006/CAM-01,2019
168867,10498953,-74.087543226,4.61946826899998,KR 30-CL 19 02,2019,Octubre,5,sábado,17,45,Los Mártires,Atropello,,,Con Heridos,0,0,0,0,0,0,1,0,0,0,1,0,1,1,0,0,0,1,0,0,0,0,1001990.0,0.0022323718567818,247.79327610278705,NQS,GRAL.SANTANDER;CL38ASUR,4.6181546,-74.0857383,1.0,39.1471335382906,,0.0,117.0,1.0,22,356.3099521481533,True,Av. NQS,DEI-012/CAM-02,2019
168871,10498957,-74.074948458,4.66696388499997,KR 50-CL 71A 2,2019,Octubre,5,sábado,7,10,Barrios Unidos,Choque,Vehículo,,Con Heridos,1,0,0,0,0,0,0,0,0,0,0,0,0,0,0,0,0,0,0,0,0,0,1000201.0,0.0031696512651952,351.8312904366703,KR7,CL175;CL170,4.6690147500000005,-74.0773652,1.0,22.67229246317073,,0.0,123.0,1.0,38,113.48122898498418,True,Av. NQS,DEI-019/CAM-01,2019
168875,10498961,-74.113586726,4.71155608599997,CL 80-KR 102 2,2019,Octubre,4,viernes,16,0,Engativá,Choque,Vehículo,,Con Heridos,0,0,0,0,0,0,0,0,0,0,0,0,0,0,0,0,0,0,0,0,0,0,1000723.0,0.0137685976455572,1528.3143386568509,KR86,CL10;AV.AMERICAS,4.6984233,-74.11772245,0.0,9.034897997777778,,0.0,117.0,0.0,24,62.55374521888145,True,Av. Calle 80,DEI-013/CAM-02,2019
168879,10498965,-74.171594328,4.62472274100003,KR 81J-CL 46 S 02,2019,Octubre,5,sábado,7,30,Kennedy,Atropello,,,Con Heridos,0,0,0,0,0,0,1,0,0,0,0,0,0,0,0,0,0,0,0,0,0,0,148.0,0.014335430836383,1591.2328228385172,AV.CL59SUR,KR81A;CL59SUR,4.6285372,-74.1577757,0.0,17.75568922,,0.0,8.0,0.0,78,324.83655596952815,True,Av. Ciudad de Cali,DEI-037/CAM-01,2019
168883,10498969,-74.077156006,4.60923537600002,CL 19-KR 15 02,2019,Octubre,5,sábado,23,40,Los Mártires,Atropello,,,Con Heridos,0,0,0,0,0,0,1,0,0,0,1,0,1,0,0,1,0,0,0,0,0,0,41.0,0.0020113954452873,223.26489442689495,CL39,KR7;AV.CARACAS,4.61057625,-74.07565675000001,1.0,16.3969730515,,0.0,120.0,1.0,55,433.3638906054783,True,Av. Carrera 10,DEI-027/CAM-02,2019
168910,10499364,-74.112411142,4.667659474,CL 26-KR 72 2,2019,Octubre,8,martes,13,3,Fontibón,Choque,Vehículo,,Con Heridos,0,0,0,0,0,1,0,0,0,0,1,0,1,0,0,1,0,0,0,0,0,0,92.0,0.0052942737691272,587.6643883731205,"KR50,TV42,TV39",CL6;CL19,4.6708416,-74.1081799,0.0,16.664859341788617,,0.0,123.0,0.0,46,444.4583211993505,True,Av. Boyacá,DEI-023/CAM-01,2019
168911,10499365,-74.119629084,4.71946931999997,AC 80-KR 112 2,2019,Octubre,9,miércoles,5,50,Engativá,Choque,Vehículo,,Con Heridos,0,0,0,0,0,1,0,0,0,0,1,0,0,0,0,0,0,0,0,0,0,0,103.0,0.0147562309122635,1637.9416312612575,DIAG16,KR129;CL17,4.71384325,-74.1332707,0.0,30.51246988401639,,0.0,122.0,0.0,68,456.1492217605551,True,Av. Calle 80,DEI-033/CAM-01,2019
168915,10499369,-74.065238464,4.647154532,CL 60-KR 14 02,2019,Octubre,9,miércoles,5,3,Chapinero,Choque,Vehículo,,Con Heridos,0,0,0,0,0,0,0,1,0,0,1,0,1,0,0,1,0,0,0,0,0,0,1002025.0,0.0030449359166488,337.98788674801926,AUTONORTE,SANTA.FE;TOBERIN,4.64911745,-74.06756625,1.0,51.4025308195082,,0.0,122.0,1.0,43,33.596630696924024,True,Av. Caracas,DEI-021/CAM-02,2019
168934,10499756,-74.181775825,4.60416666399999,CL 63-KR 78G S 02,2019,Octubre,12,sábado,15,0,Bosa,Choque,Vehículo,,Solo Daños,0,0,0,0,0,0,0,0,0,0,0,0,0,0,0,0,0,0,0,0,0,0,149.0,0.0030251655796158,335.79337933736383,AV.CL59SUR,CL59SUR;KR81A,4.6025243,-74.1792353,1.0,19.109635897,,0.0,10.0,1.0,13,199.8339375728754,True,Av. Bosa,DEI-008/CAM-01,2019
168937,10499759,-74.046076265,4.75287280499998,AV AVENIDA PASEO DE LOS LIBERTADORES-CL 172 02,2019,Octubre,12,sábado,8,30,Usaquén,Choque,Vehículo,,Solo Daños,0,0,0,0,0,0,0,0,0,0,0,0,0,0,0,0,0,0,0,0,0,0,1000087.0,0.0077321237690279,858.2657383620985,KR19,CL147;CL152,4.7597534,-74.04960375,0.0,18.90130502308333,,0.0,120.0,0.0,44,261.1253774113864,True,Autopista Norte,DEI-022/CAM-01,2019
168950,10500137,-74.054292944,4.68120279499999,AV AVENIDA CIUDAD DE QUITO-CL 94 2,2019,Octubre,17,jueves,19,9,Chapinero,Choque,Vehículo,,Solo Daños,0,0,0,0,0,0,0,0,0,0,1,0,1,0,0,1,0,0,0,0,0,0,1000035.0,0.0011022372197225,122.3483313891995,AUTONORTE,CL80;CL82,4.6801407,-74.0545877,1.0,19.686428267413792,,0.0,116.0,1.0,17,492.7030852820226,True,Autopista Norte,DEI-010/CAM-01,2019
168960,10500147,-74.060828145,4.68764581699998,CL 100-KR 49 02,2019,Octubre,18,viernes,17,30,Barrios Unidos,Choque,Vehículo,,Solo Daños,0,0,0,0,0,1,0,0,0,0,0,0,0,0,0,0,0,0,0,0,0,0,1000773.0,0.003040448388482,337.4897711215076,KR50,CL33SUR;CL16SUR,4.6906399,-74.0613571,1.0,26.378207670326084,,0.0,92.0,1.0,32,463.4243897790995,True,Autopista Norte,DEI-017/CAM-01,2019
168966,10500529,-74.128632947,4.58532606099999,DG 45A-KR 29 S 02,2019,Octubre,21,lunes,12,0,Rafael Uribe Uribe,Choque,Vehículo,,Con Heridos,0,0,0,0,0,1,0,0,0,1,0,0,0,0,0,0,0,0,0,0,0,1,1002271.0,0.0037506271657747,416.3196154009938,KR72,KR1;KR4AE,4.582431,-74.12624845,1.0,27.738694950000003,,0.0,10.0,1.0,7,415.74619609290187,True,Av. Gaitán Cortés,DEI-005/CAM-01,2019
168970,10500533,-74.061171796,4.64857272500001,CL 63-KR 9 02,2019,Octubre,21,lunes,10,19,Chapinero,Atropello,,,Con Heridos,0,0,0,0,0,0,1,0,0,1,0,0,0,0,0,0,0,0,0,0,0,1,1002025.0,0.0064176138309935,712.3551352402825,AUTONORTE,SANTA.FE;TOBERIN,4.64911745,-74.06756625,0.0,46.23143109314049,,0.0,121.0,0.0,43,464.2382261836928,True,Av. Caracas,DEI-021/CAM-02,2019
168977,10500540,-74.089797765,4.582106963,KR 10-CL 11 S 02,2019,Octubre,21,lunes,15,10,Antonio Nariño,Caida de ocupante,,,Con Heridos,0,0,0,0,0,0,0,1,0,0,1,0,1,1,0,0,0,0,1,0,0,0,1000214.0,0.0057187139393551,634.7772472684222,KR5,CL34;CL27,4.57950665,-74.0948911,0.0,23.065676395,,0.0,124.0,0.0,37,246.85761748194145,True,Av. Carrera 10,DEI-018/CAM-02,2019
168980,10500543,-74.110704839,4.70872872500001,AC 80-KR 100 02,2019,Octubre,21,lunes,14,20,Engativá,Atropello,,,Con Heridos,0,0,0,0,0,0,1,1,0,0,1,0,1,0,1,0,0,0,0,0,0,0,1000723.0,0.0124679047388998,1383.9374260178831,KR86,CL10;AV.AMERICAS,4.6984233,-74.11772245,0.0,10.403752819304348,,0.0,115.0,0.0,24,510.59592850399383,True,Av. Calle 80,DEI-013/CAM-02,2019
168983,10500546,-74.177641359,4.59710772699998,AV AVENIDA DEL SUR-CL 59 S 2,2019,Octubre,22,martes,20,45,Bosa,Choque,Vehículo,,Solo Daños,0,0,0,0,0,0,0,0,0,0,1,0,1,0,1,0,0,0,0,0,0,0,149.0,0.0056462298019134,626.7315080123924,AV.CL59SUR,CL59SUR;KR81A,4.6025243,-74.1792353,0.0,21.11411562375,,0.0,8.0,0.0,80,200.31440851667477,True,Autopista Sur,DEI-038/CAM-01,2019
168988,10500932,-74.11291931,4.710407014,CL 80-KR 100B 2,2019,Octubre,27,domingo,10,15,Engativá,Choque,Vehículo,,Con Heridos,0,0,0,0,0,1,0,0,0,1,0,0,0,0,0,0,0,0,0,0,0,1,1000723.0,0.0129104436443319,1433.0592445208456,KR86,CL10;AV.AMERICAS,4.6984233,-74.11772245,0.0,11.837601531,,0.0,120.0,0.0,24,207.72557989997574,True,Av. Calle 80,DEI-013/CAM-02,2019
168991,10500935,-74.113655946,4.74680235300002,CL 139-KR 136A 2,2019,Octubre,27,domingo,5,58,Suba,Choque,Vehículo,,Con Heridos,0,0,0,0,0,1,0,0,0,0,0,0,0,0,0,0,0,0,0,0,0,0,1000951.0,0.014367246312833,1594.7643407244736,AV.SUBA,CL127;HUMEDAL.CORDOBA,4.7388854,-74.1016668,0.0,45.78360915303279,,0.0,122.0,0.0,6,138.4852980084828,True,Calle 139,DEI-004/CAM-01,2019
168992,10500936,-74.151236156,4.572365413,AV AVENIDA CIUDAD DE VILLAVICENCIO-KR 38 2,2019,Octubre,28,lunes,0,30,Ciudad Bolívar,Choque,Vehículo,,Con Heridos,0,0,0,0,0,1,0,0,0,0,0,0,0,0,0,0,0,0,0,0,0,0,1002276.0,0.0125075299890577,1388.335828785409,AV.VILLAVICENCIO,CL57BSUR;AV.P.MAYO,4.5824943,-74.158574,0.0,46.469608,,0.0,4.0,0.0,52,277.23428211431167,True,Av Villavicencio,DEI-026/CAM-01,2019
169002,10500946,-74.10463072,4.69993556999998,CL 75-KR 87 02,2019,Octubre,26,sábado,10,50,Engativá,Choque,Vehículo,,Con Heridos,0,0,0,0,0,1,0,1,0,0,0,0,0,0,0,0,0,0,0,0,0,0,1000759.0,0.0021942563143828,243.5624508964988,KR80,CL26SUR;CL38CSUR,4.69774235,-74.10469815,1.0,20.426535329166665,,0.0,120.0,1.0,41,196.6583648539866,True,Av. Ciudad de Cali,DEI-020/CAM-02,2019
169008,10500952,-74.141884278,4.61925220500001,KR 72C-CL 26 S 02,2019,Octubre,25,viernes,23,15,Kennedy,Choque,Vehículo,,Solo Daños,0,0,0,0,0,0,0,0,0,0,1,0,1,0,0,1,0,0,0,0,0,0,90.0,0.0051194815127639,568.2624479167961,CL24,KR86;AV.AMERICAS,4.61621555,-74.13776265,0.0,29.38196502827586,,0.0,116.0,0.0,0,436.8777560385984,True,Av. Boyacá,DEI-001/CAM-01,2019
169011,10500955,-74.138270501,4.63039266999999,AV AVENIDA DE LAS AMERICAS-KR 72 02,2019,Octubre,25,viernes,10,0,Kennedy,Choque,Vehículo,,Solo Daños,0,0,0,0,0,0,0,0,0,0,0,0,0,0,0,0,0,0,0,0,0,0,1000780.0,0.0043538091162936,483.272811908592,CL6,KR42;KR36,4.62659345,-74.1361441,1.0,29.306600126694214,,0.0,121.0,1.0,2,202.34919996770196,True,Av. Boyacá,DEI-002/CAM-01,2019
169012,10500956,-74.104136038,4.67454501700001,AV AVENIDA BOYACA-CL 63 2,2019,Octubre,25,viernes,16,50,Engativá,Choque,Vehículo,,Solo Daños,0,0,0,0,0,0,0,0,0,0,0,0,0,0,0,0,0,0,0,0,0,0,1000228.0,0.0026375241753262,292.76518346121804,KR72,CL169;CL170,4.6733282,-74.10647610000001,1.0,34.25842130441176,,0.0,102.0,1.0,12,208.61721019848554,True,Av. Boyacá,DEI-007/CAM-03,2019
169015,10501335,-74.181023374,4.609348517,CL 59-KR 80 S 2,2019,Octubre,30,miércoles,3,30,Bosa,Volcamiento,,,Con Heridos,0,0,1,0,0,1,0,0,0,0,0,0,0,0,0,0,0,0,0,0,0,0,149.0,0.007054583353578,783.0587522471626,AV.CL59SUR,CL59SUR;KR81A,4.6025243,-74.1792353,0.0,50.19197352125,,0.0,8.0,0.0,14,535.7230025416504,True,Av. Bosa,DEI-008/CAM-02,2019
169016,10501336,-74.147003127,4.63121619399999,CL 6-KR 78G 19,2019,Octubre,30,miércoles,10,28,Kennedy,Caida de ocupante,,,Con Heridos,0,0,0,0,0,0,0,1,0,0,1,0,1,0,1,0,0,0,0,0,0,0,1000961.0,0.0064609558269188,717.1660967879915,CL72,KR24;KR55,4.627228499999999,-74.1419196,0.0,20.339909167731093,,0.0,119.0,0.0,48,186.5359909968884,True,Av. Américas,DEI-024/CAM-01,2019
169019,10501340,-74.085708634,4.62501381099997,AV AVENIDA DE LAS AMERICAS-KR 32 02,2019,Octubre,29,martes,16,13,Teusaquillo,Choque,Vehículo,,Con Heridos,0,0,0,0,0,1,0,0,0,1,0,0,0,0,0,0,0,0,0,0,0,1,48.0,0.0033252833179989,369.1064482978866,CL53,KR7;KR68,4.6257944,-74.088941,1.0,13.107328352916666,,0.0,120.0,1.0,21,334.74385765005707,True,Av. NQS,DEI-012/CAM-01,2019
169022,10501343,-74.137778163,4.63062796299999,CL 6-KR 72 02,2019,Octubre,29,martes,11,56,Kennedy,Choque,Vehículo,,Con Heridos,0,0,0,0,0,1,0,0,0,0,0,0,0,0,0,0,0,0,0,0,0,0,1000780.0,0.0043528676794784,483.1683124221062,CL6,KR42;KR36,4.62659345,-74.1361441,1.0,28.48401355508197,,0.0,122.0,1.0,2,226.98926243011866,True,Av. Boyacá,DEI-002/CAM-01,2019
169026,10501347,-74.075148913,4.66603662400001,KR 30-CL 71 2,2019,Octubre,29,martes,6,49,Barrios Unidos,Choque,Vehículo,,Solo Daños,0,0,0,0,0,1,0,0,0,0,0,0,0,0,0,0,0,0,0,0,0,0,1000201.0,0.0037122988212388,412.0651691575093,KR7,CL175;CL170,4.6690147500000005,-74.0773652,1.0,23.474066378803418,,0.0,117.0,1.0,38,197.51023345575462,True,Av. NQS,DEI-019/CAM-01,2019
169033,10501354,-74.055914087,4.69387615300002,KR 45-CL 106 2,2019,Octubre,30,miércoles,10,30,Usaquén,Choque,Vehículo,,Solo Daños,0,1,0,0,0,0,0,0,0,0,0,0,0,0,0,0,0,0,0,0,0,0,1002011.0,0.0032009618584488,355.3067662878201,AUTONORTE,PEPE.SIERRA;CL100,4.697067349999999,-74.05566425,1.0,26.296562220082645,,0.0,121.0,1.0,59,301.4336182208643,True,Autopista Norte,DEI-029/CAM-02,2019
169035,10501356,-74.181570696,4.608795692,CL 59BIS-KR 80 S 02,2019,Octubre,30,miércoles,0,30,Bosa,Choque,Vehículo,,Solo Daños,0,0,0,0,0,0,0,0,0,0,0,0,0,0,0,0,0,0,0,0,0,0,149.0,0.0066921171608429,742.8250048535688,AV.CL59SUR,CL59SUR;KR81A,4.6025243,-74.1792353,0.0,32.004407082499995,,0.0,4.0,0.0,14,496.28948180945116,True,Av. Bosa,DEI-008/CAM-02,2019
169036,10501357,-74.130354805,4.629431668,AV AVENIDA DE LAS AMERICAS-KR 69F 2,2019,Octubre,29,martes,16,0,Kennedy,Choque,Vehículo,,Solo Daños,0,0,0,0,0,0,0,0,0,0,0,0,0,0,0,0,0,0,0,0,0,0,49.0,0.0014165959621371,157.24215179722435,CL53,KR68;KR7,4.62874205,-74.1291174,1.0,14.094349765166667,,0.0,120.0,1.0,82,323.3781004428835,True,Av. Américas,DEI-039/CAM-01,2019
169243,10498590,-74.121078136,4.63190471799999,AK 68-CL 9G 02,2019,Octubre,1,martes,5,20,Puente Aranda,Volcamiento,,,Con Heridos,0,0,0,1,0,1,0,0,0,0,0,0,0,0,0,0,0,0,0,0,0,0,1001258.0,0.0025977922537504,288.354940166296,CL63,TV85;KR77A,4.6325927,-74.11857309999999,1.0,23.28251629786885,,0.0,122.0,1.0,5,524.6926293116768,True,Av. Carrera 68,DEI-003/CAM-02,2019
169252,10498599,-74.052722229,4.711538534,KR 45-CL 127D 2,2019,Octubre,1,martes,9,37,Usaquén,Choque,Vehículo,,Solo Daños,0,1,0,0,0,0,0,1,0,0,0,0,0,0,0,0,0,0,0,0,0,0,18.0,0.0023256407579852,258.14612413635825,CL85,KR15;KR7,4.7093504,-74.0519344,1.0,8.849482506115702,,0.0,121.0,1.0,75,195.13778794818273,True,Autopista Norte,DEI-036/CAM-02,2019
169253,10498600,-74.180111696,4.597074577,AV AVENIDA DEL SUR-CL 65 S 04,2019,Octubre,1,martes,15,50,Bosa,Choque,Vehículo,,Solo Daños,0,0,0,0,0,0,0,1,0,1,0,0,0,0,0,0,0,0,0,0,0,1,149.0,0.0055197419075112,612.6913517337475,AV.CL59SUR,CL59SUR;KR81A,4.6025243,-74.1792353,0.0,19.109635897,,0.0,10.0,0.0,80,469.0310386189261,True,Autopista Sur,DEI-038/CAM-01,2019
169261,10498980,-74.075325525,4.61072248400001,AV AVENIDA CARACAS-CL 22 02,2019,Octubre,5,sábado,10,15,Los Mártires,Otro,,,Con Heridos,0,0,0,0,1,0,0,0,0,0,1,0,0,0,0,0,0,0,0,0,0,0,41.0,0.0003620695836312,40.189723783066206,CL39,KR7;AV.CARACAS,4.61057625,-74.07565675000001,1.0,9.64679227892562,,0.0,121.0,1.0,55,414.1547552181148,True,Av. Carrera 10,DEI-027/CAM-02,2019
169266,10498985,-74.0403,4.67610000000002,KR 7-CL 95 2,2019,Octubre,4,viernes,14,50,Chapinero,Choque,Vehículo,,Solo Daños,0,0,0,0,0,1,0,0,0,0,0,0,0,0,0,0,0,0,0,0,0,0,1000191.0,0.0096478760939998,1070.9142464339832,KR9,CL161;CL147,4.67150165,-74.04878155,0.0,25.263703253916667,,0.0,120.0,0.0,56,335.39454836729465,True,Av. Carrera 7,DEI-028/CAM-01,2019
169268,10498987,-74.033571269,4.69657002500003,KR 9-CL 119 02,2019,Octubre,4,viernes,17,58,Usaquén,Choque,Vehículo,,Solo Daños,0,0,0,0,0,1,0,0,0,1,0,0,0,0,0,0,0,0,0,0,0,1,1000184.0,0.0084545063295823,938.4502025836356,KR15,CL94;CL100,4.704458949999999,-74.03053095,0.0,14.574377682931036,,0.0,116.0,0.0,70,423.986630461919,True,Av. Carrera 9,DEI-034/CAM-01,2019
169271,10498990,-74.095804714,4.74725036799998,KR 104-CL 145 02,2019,Octubre,4,viernes,16,30,Suba,Choque,Vehículo,,Solo Daños,0,0,0,0,0,0,0,1,0,0,1,0,1,0,0,0,1,0,0,0,0,0,1001707.0,0.0048306487906103,536.2020157577459,AV.SUBA,CL136;CL127,4.7425033,-74.09491,1.0,38.42877046603448,,0.0,116.0,1.0,67,35.1592296988579,True,Av. Ciudad de Cali,DEI-032/CAM-02,2019
169272,10498991,-74.044085215,4.76342028800002,AK 45-CL 187 2,2019,Octubre,5,sábado,14,30,Usaquén,Atropello,,,Con Heridos,0,0,0,0,0,0,1,0,0,0,0,0,0,0,0,0,0,0,0,0,0,0,1000087.0,0.0066257298579852,735.4560142363641,KR19,CL147;CL152,4.7597534,-74.04960375,0.0,12.22675377885246,,0.0,122.0,0.0,51,194.40824447336615,True,Autopista Norte,DEI-025/CAM-03,2019
169275,10498994,-74.099310115,4.69762865400003,CL 76-KR 81 02,2019,Octubre,4,viernes,7,40,Engativá,Choque,Vehículo,,Solo Daños,0,0,0,0,0,0,0,0,0,0,1,0,0,0,0,0,0,0,0,0,1,0,1002088.0,0.0037353982257033,414.6292030530732,KR86,CL19A;CL22,4.6969353,-74.1029806,1.0,14.686755721264367,,0.0,87.0,1.0,41,514.0386051019696,True,Av. Ciudad de Cali,DEI-020/CAM-02,2019
169285,10499371,-74.104074204,4.67444350699998,AV AVENIDA BOYACA-CL 63 2,2019,Octubre,9,miércoles,23,7,Engativá,Choque,Vehículo,,Con Heridos,0,0,0,0,0,1,0,0,0,0,0,0,0,0,0,0,0,0,0,0,0,0,1000228.0,0.0026482096025548,293.9512658835869,KR72,CL169;CL170,4.6733282,-74.10647610000001,1.0,43.3319210800926,,0.0,108.0,1.0,12,212.79642547000668,True,Av. Boyacá,DEI-007/CAM-03,2019
169287,10499373,-74.145115558,4.58820582300001,AV AVENIDA BOYACA-DG 52 S 2,2019,Octubre,8,martes,13,30,Tunjuelito,Atropello,,,Con Heridos,0,0,0,0,0,1,1,0,0,0,0,0,0,0,0,0,0,0,0,0,0,0,1000297.0,0.0055287847085129,613.6951026449414,CL1,KR21;AV.CARACAS,4.59354105,-74.14366545,0.0,19.787965808655464,,0.0,119.0,0.0,8,527.2056065916481,True,Av. Boyacá,DEI-006/CAM-01,2019
169288,10499374,-74.076109062,4.608751842,KR 14-CL 19 02,2019,Octubre,9,miércoles,10,0,Santa Fe,Atropello,,,Con Heridos,0,0,0,0,0,0,1,0,0,0,1,0,1,1,0,0,0,1,0,0,0,0,41.0,0.0018796411082443,208.64016301511944,CL39,KR7;AV.CARACAS,4.61057625,-74.07565675000001,1.0,9.64679227892562,,0.0,121.0,1.0,55,305.8378734615808,True,Av. Carrera 10,DEI-027/CAM-02,2019
169289,10499375,-74.073451118,4.67289030400002,CL 76-KR 54 2,2019,Octubre,8,martes,15,24,Barrios Unidos,Choque,Vehículo,,Con Heridos,1,0,0,0,0,0,0,0,0,0,0,0,0,0,0,0,0,0,0,0,0,0,112.0,0.0013953970290374,154.8890702231583,NQS,CL100;CL59SUR,4.672830899999999,-74.07484525,1.0,20.88263162451613,,0.0,124.0,1.0,39,479.19747549797665,True,Av. NQS,DEI-019/CAM-02,2019
169293,10499379,-74.07084673,4.61045768499997,KR 9-CL 24 ES 2,2019,Octubre,9,miércoles,10,0,San Cristóbal,Atropello,,,Con Heridos,0,0,0,0,0,0,1,1,0,0,1,0,1,0,0,1,0,0,0,0,0,0,1000208.0,0.0027576340153309,306.0973757017388,KR7,CL63;CL72,4.609056150000001,-74.07322165,1.0,,,,,0.0,55,471.7150144387002,True,Av. Carrera 10,DEI-027/CAM-02,2019
169296,10499382,-74.155165094,4.63419068299999,KR 80G-CL 2 2,2019,Octubre,8,martes,15,15,Kennedy,Atropello,,,Con Muertos,0,0,0,0,0,0,1,1,0,0,1,0,1,0,0,1,0,0,0,0,0,0,148.0,0.0062271288503157,691.2113023850511,AV.CL59SUR,KR81A;CL59SUR,4.6285372,-74.1577757,0.0,20.658020875,,0.0,8.0,0.0,49,542.5832835410785,True,Av. Américas,DEI-024/CAM-02,2019
169298,10499385,-74.074540747,4.60732294399997,CL 19-KR 12 2,2019,Octubre,9,miércoles,12,4,Santa Fe,Choque,Vehículo,,Solo Daños,0,0,0,0,0,0,0,0,0,0,0,0,0,0,0,0,0,0,0,0,0,0,1000653.0,0.0012508471816729,138.84403716569514,AV.CIRCUNVALAR,KR7;CL83,4.6066223,-74.07557695,1.0,19.80005366967213,,0.0,122.0,1.0,55,88.91658156930906,True,Av. Carrera 10,DEI-027/CAM-02,2019
169300,10499387,-74.152320606,4.62941293300003,CL 26-KR 79 S 2,2019,Octubre,9,miércoles,14,30,Kennedy,Choque,Vehículo,,Solo Daños,0,0,0,0,0,0,0,1,0,1,0,0,0,0,0,0,0,0,0,0,0,1,148.0,0.0055249397133508,613.2683081819391,AV.CL59SUR,KR81A;CL59SUR,4.6285372,-74.1577757,0.0,19.46153025,,0.0,8.0,0.0,49,456.81493530169524,True,Av. Américas,DEI-024/CAM-02,2019
169303,10499390,-74.07589677,4.66359613499998,AK 30-CL 68 02,2019,Octubre,9,miércoles,18,25,Barrios Unidos,Choque,Vehículo,,Solo Daños,0,1,0,0,0,0,0,0,0,0,0,0,0,0,0,0,0,0,0,0,0,0,1000189.0,0.0050253492615202,557.8137680287468,KR7,CL170;CL165,4.66734485,-74.0792436,0.0,26.050460181583333,,0.0,120.0,0.0,38,472.53510926339635,True,Av. NQS,DEI-019/CAM-01,2019
169328,10499781,-74.170514072,4.627968614,AV AVENIDA CIUDAD DE VILLAVICENCIO-KR 85A 02,2019,Octubre,15,martes,7,0,Kennedy,Choque,Vehículo,,Con Heridos,0,0,0,0,0,1,0,0,0,0,0,0,0,0,0,0,0,0,0,0,0,0,148.0,0.0127510552994569,1415.367138239723,AV.CL59SUR,KR81A;CL59SUR,4.6285372,-74.1577757,0.0,17.75568922,,0.0,8.0,0.0,79,172.97773738822468,True,Av. Ciudad de Cali,DEI-037/CAM-02,2019
169329,10499782,-74.179302031,4.59706228499999,AV AVENIDA DEL SUR-CL 63 S 02,2019,Octubre,15,martes,8,45,Bosa,Choque,Vehículo,,Con Heridos,1,0,0,0,0,0,0,0,0,0,1,0,1,0,0,1,0,0,0,0,0,0,149.0,0.0054624226206595,606.3289108932097,AV.CL59SUR,CL59SUR;KR81A,4.6025243,-74.1792353,0.0,26.54138608375,,0.0,8.0,0.0,80,379.72147925997865,True,Autopista Sur,DEI-038/CAM-01,2019
169331,10499784,-74.153310441,4.63590074500001,CL 6-KR 80G 02,2019,Octubre,15,martes,18,40,Kennedy,Choque,Vehículo,,Con Heridos,1,1,0,0,1,0,0,0,0,0,0,0,0,0,0,0,0,0,0,0,0,0,148.0,0.008611639385404,955.8919717798497,AV.CL59SUR,KR81A;CL59SUR,4.6285372,-74.1577757,0.0,15.73757716625,,0.0,8.0,0.0,49,450.79883789933206,True,Av. Américas,DEI-024/CAM-02,2019
169337,10500154,-74.140042581,4.63045852499999,AV AVENIDA DE LAS AMERICAS-KR 72C 2,2019,Octubre,18,viernes,6,37,Kennedy,Choque,Vehículo,,Solo Daños,0,1,0,0,0,0,0,0,0,0,0,0,0,0,0,0,0,0,0,0,0,0,1000961.0,0.0037358080554136,414.67469415092,CL72,KR24;KR55,4.627228499999999,-74.1419196,1.0,28.47600804153846,,0.0,117.0,1.0,2,308.7002901906556,True,Av. Boyacá,DEI-002/CAM-01,2019
169357,10500175,-74.046156174,4.67709869200002,KR 11-CL 93A 2,2019,Octubre,17,jueves,15,17,Chapinero,Atropello,,,Con Heridos,0,0,0,0,0,0,1,1,0,0,0,0,0,0,0,0,0,0,0,0,0,0,1000098.0,0.0051436157767969,570.9413512244568,KR9,CL165;CL161,4.67476105,-74.0507379,0.0,23.61513918717742,,0.0,124.0,0.0,56,552.8291511250775,True,Av. Carrera 7,DEI-028/CAM-01,2019
169362,10500554,-74.05755676,4.68375147500001,KR 45-CL 95 02,2019,Octubre,22,martes,18,22,Chapinero,Choque,Vehículo,,Solo Daños,0,1,0,0,0,0,0,0,0,0,0,0,0,0,0,0,0,0,0,0,0,0,1000036.0,0.0010340204841968,114.77627374585072,AUTONORTE,CL82;CL80,4.6830666,-74.05833145,1.0,19.63128833689076,,0.0,119.0,1.0,17,41.77323419956958,True,Autopista Norte,DEI-010/CAM-01,2019
169363,10500555,-74.054491204,4.70099541799999,KR 45-CL 119 2,2019,Octubre,22,martes,13,10,Usaquén,Choque,Vehículo,,Solo Daños,0,1,0,0,0,0,0,0,0,0,0,0,0,0,0,0,0,0,0,0,0,0,1002011.0,0.0040994823003251,455.0425353360899,AUTONORTE,PEPE.SIERRA;CL100,4.697067349999999,-74.05566425,1.0,33.10888162362903,,0.0,124.0,1.0,61,452.23985962804494,True,Autopista Norte,DEI-029/CAM-04,2019
169365,10500557,-74.121966497,4.62999251600002,KR 68-CL 9 2,2019,Octubre,22,martes,16,0,Puente Aranda,Choque,Vehículo,,Solo Daños,0,1,0,0,0,1,0,0,0,0,0,0,0,0,0,0,0,0,0,0,0,0,65.0,0.0017307429060415,192.11246257060856,AV.P.MAYO,KR80;KR3E,4.6307119,-74.12354065,1.0,18.10886871142857,,0.0,119.0,1.0,5,290.73469213780515,True,Av. Carrera 68,DEI-003/CAM-02,2019
169367,10500559,-74.133273103,4.63029054600003,AV AVENIDA DE LAS AMERICAS-KR 71A 60,2019,Octubre,23,miércoles,0,1,Kennedy,Choque,Vehículo,,Solo Daños,0,0,0,0,0,0,0,0,0,1,0,0,0,0,0,0,0,0,0,0,0,1,1002293.0,0.0034418421245291,382.0444758227395,CL53,KR72;CL63,4.62701775,-74.13220770000001,1.0,23.5325464421875,,0.0,32.0,1.0,83,14.16901532381271,True,Av. Américas,DEI-039/CAM-02,2019
169371,10500563,-74.140042268,4.61869262699997,AV AVENIDA PRIMERA DE MAYO-KR 72C 02,2019,Octubre,22,martes,21,0,Kennedy,Choque,Vehículo,,Solo Daños,0,0,0,0,0,0,0,0,0,0,1,0,1,0,0,1,0,0,0,0,0,0,90.0,0.0033663880777059,373.6690766253619,CL24,KR86;AV.AMERICAS,4.61621555,-74.13776265,1.0,22.70796299708333,,0.0,120.0,1.0,0,337.1018023172648,True,Av. Boyacá,DEI-001/CAM-01,2019
169373,10500565,-74.113907515,4.75099441200001,KR 141ABIS-CL 143 02,2019,Octubre,22,martes,12,10,Suba,Choque,Vehículo,,Solo Daños,0,0,0,0,0,0,0,0,0,1,1,0,1,0,1,0,0,0,0,0,0,1,1000951.0,0.0172181089358663,1911.210091881161,AV.SUBA,CL127;HUMEDAL.CORDOBA,4.7388854,-74.1016668,0.0,24.793995810327868,,0.0,122.0,0.0,6,521.7688493925291,True,Calle 139,DEI-004/CAM-01,2019
169380,10500572,-74.145402924,4.63152692199998,AV AVENIDA DE LAS AMERICAS-KR 78A 02,2019,Octubre,21,lunes,22,15,Kennedy,Choque,Vehículo,,Solo Daños,0,0,0,0,0,0,0,0,0,0,1,0,1,0,0,1,0,0,0,0,0,0,1000961.0,0.0055326284692635,614.1217600882553,CL72,KR24;KR55,4.627228499999999,-74.1419196,0.0,29.3982830015,,0.0,120.0,0.0,48,64.48192941937894,True,Av. Américas,DEI-024/CAM-01,2019
169381,10500573,-74.046500979,4.75160983299997,KR 45-CL 170 02,2019,Octubre,22,martes,6,51,Usaquén,Choque,Vehículo,,Solo Daños,0,0,0,0,0,0,0,0,0,0,1,0,0,0,0,0,0,0,0,0,0,0,1000087.0,0.0087146354692802,967.3245370901096,KR19,CL147;CL152,4.7597534,-74.04960375,0.0,24.770585695576923,,0.0,104.0,0.0,44,113.76566486984449,True,Autopista Norte,DEI-022/CAM-01,2019
169393,10500967,-74.089797765,4.582106963,KR 10-CL 11 S 2,2019,Octubre,28,lunes,6,5,San Cristóbal,Atropello,,,Con Muertos,0,0,0,0,0,0,1,0,0,0,1,0,1,1,0,0,0,1,0,0,0,0,1000214.0,0.0057187139393551,634.7772472684222,KR5,CL34;CL27,4.57950665,-74.0948911,0.0,27.829900327435897,,0.0,117.0,0.0,37,246.85761748194145,True,Av. Carrera 10,DEI-018/CAM-02,2019
169394,10500968,-74.1486,4.6336,TR 78-CL 6ABIS 2,2019,Octubre,25,viernes,10,56,Kennedy,Choque,Vehículo,,Solo Daños,0,0,0,0,0,0,0,1,0,0,0,0,0,0,0,0,0,0,0,0,0,0,131.0,0.0083331720929148,924.9821023135528,"KR78K,CL41SUR",CL26SUR;AV.P.MAYO,4.6381608,-74.14162569999999,0.0,12.961608242869564,,0.0,115.0,0.0,49,209.72433424564102,True,Av. Américas,DEI-024/CAM-02,2019
169396,10500970,-74.088415808,4.61830814899997,CL 19-KR 30 2,2019,Octubre,25,viernes,17,42,Puente Aranda,Choque,Vehículo,,Solo Daños,0,0,0,0,0,0,0,0,0,0,0,0,0,0,0,0,0,0,0,0,0,0,1000700.0,0.0024851464009861,275.85125050946306,CL13,KR56;KR47,4.616027750000001,-74.0894036,1.0,33.73006602473118,,0.0,93.0,1.0,22,517.4013812721313,True,Av. NQS,DEI-012/CAM-02,2019
169412,10501362,-74.062539558,4.64554357399999,KR 9-CL 59 02,2019,Octubre,22,martes,8,30,Chapinero,Choque,Vehículo,,Solo Daños,0,0,0,0,0,0,0,1,0,1,0,0,0,0,0,0,0,0,0,0,0,1,1000307.0,0.0043102703879885,478.4400130667265,KR10,CL24;CL19,4.6413462,-74.0635196,1.0,13.1905167995,,0.0,120.0,1.0,42,302.4173514373315,True,Av. Caracas,DEI-021/CAM-01,2019
169417,10501367,-74.046979648,4.74730211600001,KR 45-CL 166 2,2019,Octubre,29,martes,16,43,Usaquén,Choque,Vehículo,,Solo Daños,0,0,0,0,0,0,0,0,0,0,0,0,0,0,0,0,0,0,0,0,0,0,1000175.0,0.0088250938216698,979.5854142053512,CL106,KR19;KR15,4.73962495,-74.05133205,0.0,13.7130296425,,0.0,120.0,0.0,44,375.95755517685865,True,Autopista Norte,DEI-022/CAM-01,2019
169418,10501368,-74.085730453,4.62687456700002,KR 32A-CL 25 2,2019,Octubre,30,miércoles,20,10,Teusaquillo,Choque,Vehículo,,Solo Daños,0,0,0,0,0,0,0,0,0,0,0,0,0,0,0,0,0,0,0,0,0,0,1002036.0,0.0028904515435782,320.84012133718176,CL26,GOBERNACION;KR40,4.629466150000001,-74.08445045,1.0,44.821377871416665,,0.0,120.0,1.0,21,540.9219925965011,True,Av. NQS,DEI-012/CAM-01,2019
169427,10501377,-74.147026282,4.63121353899999,AC 6-KR 78G 25,2019,Octubre,29,martes,12,40,Kennedy,Choque,Vehículo,,Solo Daños,0,0,0,0,0,0,0,0,0,0,0,0,0,0,0,0,0,0,0,0,0,0,1000961.0,0.0064775563973321,719.0087601038703,CL72,KR24;KR55,4.627228499999999,-74.1419196,0.0,17.025219644193548,,0.0,124.0,0.0,48,189.02793846598956,True,Av. Américas,DEI-024/CAM-01,2019
169429,10501379,-74.054548239,4.70059016900001,CL 118-KR 45 2,2019,Octubre,30,miércoles,3,23,Usaquén,Choque,Vehículo,,Solo Daños,0,0,0,0,0,0,0,1,0,0,1,0,0,0,0,0,0,0,0,0,1,0,1002011.0,0.0036953665933127,410.1856918577109,AUTONORTE,PEPE.SIERRA;CL100,4.697067349999999,-74.05566425,1.0,56.36651997226804,,0.0,97.0,1.0,61,406.81968002103474,True,Autopista Norte,DEI-029/CAM-04,2019
169431,10501381,-74.119340346,4.72311501500002,CL 81-KR 114 02,2019,Octubre,28,lunes,8,5,Engativá,Choque,Vehículo,,Solo Daños,0,0,0,0,0,0,0,0,0,0,1,0,0,0,0,0,0,0,0,0,0,0,1000710.0,0.0145840487335627,1618.8294094254647,KR86,CL72;CL75BIS,4.7274802000000005,-74.1054249,0.0,24.51666173036364,,0.0,110.0,0.0,69,311.2571232678397,True,Av. Calle 80,DEI-033/CAM-02,2019
169632,10498612,-74.095242366,4.74831509199998,KR 104-CL 148 02,2019,Octubre,1,martes,15,40,Suba,Choque,Vehículo,,Solo Daños,0,0,0,0,0,0,0,1,0,0,1,0,1,0,0,0,1,0,0,0,1,0,1001707.0,0.005821287951045,646.1629625660001,AV.SUBA,CL136;CL127,4.7425033,-74.09491,0.0,38.914670308770496,,0.0,122.0,0.0,67,168.12239860529687,True,Av. Ciudad de Cali,DEI-032/CAM-02,2019
169635,10498615,-74.098866868,4.70140886299998,CL 80-KR 83 02,2019,Octubre,1,martes,9,50,Engativá,Choque,Vehículo,,Solo Daños,0,0,0,0,0,0,0,1,0,0,0,0,0,0,0,0,0,0,0,0,0,0,1000963.0,0.0005341750569003,59.29343131594207,CL72,KR64;KR70,4.7019356,-74.0989557,1.0,19.09587106,,0.0,123.0,1.0,40,438.419901539721,True,Av. Ciudad de Cali,DEI-020/CAM-01,2019
169638,10498618,-74.091738596,4.74831611299999,KR 102B-CL 150 02,2019,Octubre,1,martes,6,55,Suba,Choque,Vehículo,,Solo Daños,0,0,0,0,0,0,0,0,0,0,0,0,0,0,0,0,0,0,0,0,0,0,1002030.0,0.0059046375731938,655.4147706245215,AV.SUBA,21.ANGELES;CL136,4.742438,-74.09117954999999,0.0,37.94478136521368,,0.0,117.0,0.0,67,495.90253378804005,True,Av. Ciudad de Cali,DEI-032/CAM-02,2019
169641,10498621,-74.076591268,4.65184577000002,CL 63-KR 28 02,2019,Octubre,1,martes,8,10,Teusaquillo,Choque,Vehículo,,Solo Daños,0,0,0,0,0,1,0,0,0,0,0,0,0,0,0,0,0,0,0,0,0,0,151.0,0.0007733970829736,85.8470762100798,CL53,CL63;KR70,4.6510903500000005,-74.07675705,1.0,9.70540042125,,0.0,32.0,1.0,31,356.2044150304288,True,Av. NQS,DEI-016/CAM-03,2019
169644,10498624,-74.03771249,4.69064305500001,KR 9-CL 110 02,2019,Octubre,1,martes,8,25,Usaquén,Choque,Vehículo,,Solo Daños,0,1,0,0,0,0,0,0,0,0,0,0,0,0,0,0,0,0,0,0,0,0,1002017.0,0.0075740216125032,840.716398987863,AUTONORTE,ALCALA;PRADO,4.6892508,-74.04515745,0.0,35.883556030756296,,0.0,119.0,0.0,71,338.21130489812987,True,Av. Carrera 9,DEI-034/CAM-02,2019
169645,10498625,-74.056426778,4.69132170500001,KR 45-CL 104 2,2019,Octubre,1,martes,9,36,Kennedy,Choque,Vehículo,,Solo Daños,0,0,0,0,0,0,0,1,0,0,0,0,0,0,0,0,0,0,0,0,0,0,1000773.0,0.0049772415132934,552.4738079755681,KR50,CL33SUR;CL16SUR,4.6906399,-74.0613571,1.0,21.546474965,,0.0,100.0,1.0,34,168.33281532422862,True,Autopista Norte,DEI-017/CAM-03,2019
169656,10499006,-74.13811237,4.63067284900001,AV AVENIDA DE LAS AMERICAS-AV AVENIDA BOYACA 2,2019,Octubre,4,viernes,20,10,Kennedy,Choque,Vehículo,,Solo Daños,0,0,0,0,0,0,0,0,0,1,0,0,0,0,0,0,0,0,0,0,0,1,1000780.0,0.0045294130959996,502.7648536559564,CL6,KR42;KR36,4.62659345,-74.1361441,1.0,31.53387355375,,0.0,120.0,1.0,2,231.3303638311917,True,Av. Boyacá,DEI-002/CAM-01,2019
169657,10499007,-74.114811419,4.66305544900001,AV AVENIDA BOYACA-CL 24C 02,2019,Octubre,4,viernes,10,0,Fontibón,Choque,Vehículo,,Solo Daños,0,0,0,0,0,0,0,0,0,0,0,0,0,0,0,0,0,0,0,0,0,0,61.0,0.0072441309908991,804.0985399898001,CL19,KR36;KR5,4.65795775,-74.11995834999999,0.0,12.185720071735537,,0.0,121.0,0.0,47,138.87255967349478,True,Av. Boyacá,DEI-023/CAM-02,2019
169658,10499008,-74.035071879,4.69330774399998,KR 9-CL 115 2,2019,Octubre,4,viernes,11,32,Usaquén,Choque,Vehículo,,Solo Daños,0,0,0,0,0,0,0,1,0,1,0,0,0,0,0,0,0,0,0,0,0,1,1002017.0,0.0108709492232789,1206.6753637839602,AUTONORTE,ALCALA;PRADO,4.6892508,-74.04515745,0.0,41.63900336584746,,0.0,118.0,0.0,70,26.12777412650852,True,Av. Carrera 9,DEI-034/CAM-01,2019
169676,10499026,-74.046123741,4.753150237,KR 45-CL 172 2,2019,Octubre,6,domingo,15,30,Usaquén,Choque,Vehículo,,Solo Daños,0,0,0,0,0,0,0,0,0,0,0,0,0,0,0,0,0,0,0,0,0,0,1000087.0,0.007464062181189,828.510902111988,KR19,CL147;CL152,4.7597534,-74.04960375,0.0,13.346225918,,0.0,120.0,0.0,45,252.64439602846517,True,Autopista Norte,DEI-022/CAM-03,2019
169677,10499396,-74.179377684,4.59751117399998,KR 77GBIS-CL 63 S 2,2019,Octubre,9,miércoles,7,30,Bosa,Choque,Vehículo,,Solo Daños,0,0,0,0,0,0,0,0,0,0,1,0,1,0,0,1,0,0,0,0,0,0,149.0,0.0050151476045609,556.6813841062701,AV.CL59SUR,CL59SUR;KR81A,4.6025243,-74.1792353,0.0,23.46657685375,,0.0,8.0,0.0,80,397.95545422146733,True,Autopista Sur,DEI-038/CAM-01,2019
169680,10499399,-74.07552015,4.611659035,KR 15-CL 22 2,2019,Octubre,9,miércoles,22,28,Santa Fe,Choque,Vehículo,,Solo Daños,0,0,0,0,0,0,0,0,0,0,0,0,0,0,0,0,0,0,0,0,0,0,1001960.0,0.0007239134787526,80.35439614154254,KR3;CL19,CL22;KR5,4.6114117,-74.0762005,1.0,21.79206070533333,,0.0,120.0,1.0,55,518.0244023616863,True,Av. Carrera 10,DEI-027/CAM-02,2019
169681,10499400,-74.043854349,4.765035431,AV AVENIDA PASEO DE LOS LIBERTADORES-CL 187 02,2019,Octubre,9,miércoles,11,59,Usaquén,Choque,Vehículo,,Solo Daños,0,0,0,0,0,0,0,0,0,0,0,0,0,0,0,0,0,0,0,0,0,0,1000087.0,0.0078073979880492,866.6211766734646,KR19,CL147;CL152,4.7597534,-74.04960375,0.0,13.981938335916668,,0.0,120.0,0.0,51,374.4006042664522,True,Autopista Norte,DEI-025/CAM-03,2019
169686,10499405,-74.13690535,4.615663901,CL 26-KR 70B S 02,2019,Octubre,9,miércoles,18,45,Kennedy,Choque,Vehículo,,Solo Daños,0,0,0,0,0,0,0,0,0,1,1,0,1,0,0,1,0,0,0,0,0,1,90.0,0.0010194507880171,113.1590374698994,CL24,KR86;AV.AMERICAS,4.61621555,-74.13776265,1.0,17.91012051875,,0.0,120.0,1.0,0,373.1431328665295,True,Av. Boyacá,DEI-001/CAM-01,2019
169692,10499412,-74.03263153,4.69472418399999,KR 7-CL 117 2,2019,Octubre,9,miércoles,18,45,Usaquén,Choque,Vehículo,,Solo Daños,0,0,0,0,0,0,0,0,0,0,1,0,0,0,0,0,0,0,0,0,0,0,1000184.0,0.0099588204829362,1105.4290736059218,KR15,CL94;CL100,4.704458949999999,-74.03053095,0.0,14.128070846896552,,0.0,116.0,0.0,70,337.6952602608398,True,Av. Carrera 9,DEI-034/CAM-01,2019
169693,10499413,-74.115161913,4.713357336,CL 80-KR 104 2,2019,Octubre,9,miércoles,7,25,Engativá,Choque,Vehículo,,Solo Daños,0,0,0,0,0,0,0,1,0,0,1,0,1,0,1,0,0,0,0,0,0,0,1000723.0,0.0151519563415981,1681.86715391739,KR86,CL10;AV.AMERICAS,4.6984233,-74.11772245,0.0,13.815338940247935,,0.0,121.0,0.0,23,171.62341664140212,True,Av. Calle 80,DEI-013/CAM-01,2019
169699,10499419,-74.072731783,4.668339242,KR 30-CL 73 02,2019,Octubre,8,martes,17,0,Barrios Unidos,Choque,Vehículo,,Solo Daños,0,0,0,0,0,0,0,0,0,0,0,0,0,0,0,0,0,0,0,0,0,0,1000203.0,0.0031675562055975,351.59873882132507,KR7,CL188;CL175,4.6708734,-74.0708314,1.0,21.38375209666667,,0.0,120.0,1.0,39,80.28420831904843,True,Av. NQS,DEI-019/CAM-02,2019
169701,10499787,-74.115304004,4.71143454899999,KR 103A-CL 78A 02,2019,Octubre,15,martes,7,30,Engativá,Choque,Vehículo,,Con Heridos,1,0,0,0,0,1,0,0,0,0,0,0,0,0,0,0,0,0,0,0,0,0,1000723.0,0.0132341029765788,1468.9854304002529,KR86,CL10;AV.AMERICAS,4.6984233,-74.11772245,0.0,13.815338940247935,,0.0,121.0,0.0,23,122.39759383643234,True,Av. Calle 80,DEI-013/CAM-01,2019
169708,10499794,-74.073684114,4.67158844300002,CL 75-KR 53 02,2019,Octubre,12,sábado,10,30,Barrios Unidos,Choque,Vehículo,,Solo Daños,0,0,0,0,0,0,0,0,0,0,0,0,0,0,0,0,0,0,0,0,0,0,112.0,0.0017005693773788,188.7632008890495,NQS,CL100;CL59SUR,4.672830899999999,-74.07484525,1.0,22.499478844741382,,0.0,116.0,1.0,39,355.73777346566726,True,Av. NQS,DEI-019/CAM-02,2019
169711,10499797,-74.078681662,4.651843332,KR 30-CL 62 02,2019,Octubre,12,sábado,13,39,Teusaquillo,Choque,Vehículo,,Solo Daños,0,0,0,0,0,1,0,0,0,0,0,0,0,0,0,0,0,0,0,0,0,0,1002294.0,0.0015542044017278,172.51668859179546,CL53,CL63;KR72,4.6511753,-74.07727835,1.0,10.580253173125,,0.0,32.0,1.0,31,256.67139855086594,True,Av. NQS,DEI-016/CAM-03,2019
169719,10499805,-74.073684114,4.67158844300002,CL 75-KR 53 2,2019,Octubre,12,sábado,13,10,Barrios Unidos,Choque,Vehículo,,Solo Daños,0,0,0,0,0,1,0,0,0,0,0,0,0,0,0,0,0,0,0,0,0,0,112.0,0.0017005693773788,188.7632008890495,NQS,CL100;CL59SUR,4.672830899999999,-74.07484525,1.0,19.2298863408871,,0.0,124.0,1.0,39,355.73777346566726,True,Av. NQS,DEI-019/CAM-02,2019
169724,10499810,-74.057214005,4.68739177499998,KR 45-CL 100 02,2019,Octubre,13,domingo,7,51,Usaquén,Choque,Vehículo,,Solo Daños,0,0,0,0,0,0,0,0,0,0,0,0,0,0,0,0,0,0,0,0,0,0,1000036.0,0.0044671939859886,495.8585324447452,AUTONORTE,CL82;CL80,4.6830666,-74.05833145,1.0,18.89284019981132,,0.0,106.0,1.0,33,241.37413836362722,True,Autopista Norte,DEI-017/CAM-02,2019
169730,10500181,-74.138200081,4.62442110699999,AV AVENIDA BOYACA-CL 2A S 2,2019,Octubre,19,sábado,1,20,Kennedy,Choque,Vehículo,,Solo Daños,0,1,0,0,0,0,0,0,0,0,0,0,0,0,0,0,0,0,0,0,1,0,1000780.0,0.0029910085225628,332.0019460044748,CL6,KR42;KR36,4.62659345,-74.1361441,1.0,50.37075424258333,,0.0,120.0,1.0,3,451.5363142918414,True,Av. Boyacá,DEI-002/CAM-02,2019
169733,10500185,-74.075237092,4.60807064300002,KR 13-CL 19 2,2019,Octubre,18,viernes,23,10,Santa Fe,Choque,Vehículo,,Solo Daños,0,0,0,0,0,0,0,0,0,0,1,0,1,0,0,1,0,0,0,0,0,0,1000653.0,0.0014876830663398,165.132820363723,AV.CIRCUNVALAR,KR7;CL83,4.6066223,-74.07557695,1.0,33.95339195691667,,0.0,120.0,1.0,55,184.66880299069422,True,Av. Carrera 10,DEI-027/CAM-02,2019
169736,10500188,-74.108639331,4.66939529500002,AV AVENIDA BOYACA-CL 51 2,2019,Octubre,18,viernes,19,26,Engativá,Choque,Vehículo,,Solo Daños,0,0,0,0,0,0,0,0,0,0,1,0,0,0,0,0,0,0,0,0,0,0,92.0,0.0015175226511451,168.44501427711575,"KR50,TV42,TV39",CL6;CL19,4.6708416,-74.1081799,1.0,22.433832800258617,,0.0,116.0,1.0,10,245.93707412729515,True,Av. Boyacá,DEI-007/CAM-01,2019
169738,10500190,-74.151504806,4.57189815700002,KR 38-CL 62 S 2,2019,Octubre,18,viernes,21,15,Tunjuelito,Choque,Vehículo,,Solo Daños,0,0,0,0,0,0,0,0,0,1,0,0,0,0,0,0,0,0,0,0,1,1,1002276.0,0.012737807907391,1413.896677720407,AV.VILLAVICENCIO,CL57BSUR;AV.P.MAYO,4.5824943,-74.158574,0.0,27.71444820875,,0.0,8.0,0.0,52,274.7099397143688,True,Av Villavicencio,DEI-026/CAM-01,2019
169741,10500193,-74.091939764,4.74410761799999,KR 101-CL 145 2,2019,Octubre,18,viernes,7,57,Suba,Choque,Vehículo,,Solo Daños,0,0,0,0,0,0,0,0,0,0,0,0,0,0,0,0,0,0,0,0,1,0,1002030.0,0.0018345434286774,203.634320583198,AV.SUBA,21.ANGELES;CL136,4.742438,-74.09117954999999,1.0,36.10444889934959,,0.0,123.0,1.0,66,550.4519789616704,True,Av. Ciudad de Cali,DEI-032/CAM-01,2019
169746,10500200,-74.104752181,4.70458191199998,CL 80-KR 90 2,2019,Octubre,18,viernes,8,30,Engativá,Choque,Vehículo,,Solo Daños,0,1,0,0,0,0,0,0,0,0,0,0,0,0,0,0,0,0,0,0,0,0,1000963.0,0.0063719823590846,707.2900418583918,CL72,KR64;KR70,4.7019356,-74.0989557,0.0,21.7014549575,,0.0,124.0,0.0,40,472.18309716967644,True,Av. Ciudad de Cali,DEI-020/CAM-01,2019
169747,10500201,-74.145523634,4.59368153700001,AV AVENIDA BOYACA-DG 47A S 2,2019,Octubre,19,sábado,2,47,Tunjuelito,Choque,Vehículo,,Solo Daños,0,1,0,0,0,0,0,0,0,1,0,0,0,0,0,0,0,0,0,0,0,1,1000297.0,0.0018634871545106,206.8470741506865,CL1,KR21;AV.CARACAS,4.59354105,-74.14366545,1.0,42.56962862432204,,0.0,118.0,1.0,9,82.31538703181833,True,Av. Boyacá,DEI-006/CAM-02,2019
169749,10500203,-74.089791057,4.61983644700001,CL 19-KR 32 2,2019,Octubre,20,domingo,18,48,Puente Aranda,Choque,Vehículo,,Con Muertos,0,1,0,0,0,1,0,0,0,0,1,0,1,0,0,0,1,0,0,0,0,0,1000938.0,0.0017365272695329,192.7545269181556,CL24,AV.AMERICAS;KR40,4.62150645,-74.0902671,1.0,14.004052900338984,,0.0,118.0,1.0,22,528.025430653841,True,Av. NQS,DEI-012/CAM-02,2019
169750,10500576,-74.054640006,4.70753944099999,AC 127-KR 45 51,2019,Octubre,22,martes,8,0,Usaquén,Choque,Vehículo,,Solo Daños,0,1,0,0,0,0,0,0,0,0,0,0,0,0,0,0,0,0,0,0,0,0,18.0,0.0032557451262326,361.38770901181954,CL85,KR15;KR7,4.7093504,-74.0519344,1.0,8.843801144758064,,0.0,124.0,1.0,76,254.2846487694872,True,Autopista Norte,DEI-036/CAM-03,2019
169754,10500580,-74.044022348,4.669473611,AV AVENIDA CIRCUNVALAR-CL 88 09,2019,Octubre,22,martes,11,58,Chapinero,Choque,Objeto Fijo,Objeto Fijo,Solo Daños,0,0,0,0,0,0,0,0,0,0,0,0,0,0,0,0,0,0,0,0,0,0,1000191.0,0.0051732915887612,574.2353663524963,KR9,CL161;CL147,4.67150165,-74.04878155,0.0,21.223416848305085,,0.0,118.0,0.0,57,520.8536191201307,True,Av. Carrera 7,DEI-028/CAM-02,2019
169758,10500585,-74.051377921,4.75249375999999,CL 170-KR 52 02,2019,Octubre,22,martes,7,15,Suba,Choque,Vehículo,,Solo Daños,0,0,0,0,0,0,0,0,0,0,1,0,0,0,0,0,0,0,0,0,1,0,1000087.0,0.0074732894810091,829.5351323920106,KR19,CL147;CL152,4.7597534,-74.04960375,0.0,20.77916332474138,,0.0,116.0,0.0,44,530.6541739403162,True,Autopista Norte,DEI-022/CAM-01,2019
169770,10500597,-74.102752615,4.66950434099999,KR 70-CL 53 73,2019,Octubre,23,miércoles,5,35,Engativá,Choque,Vehículo,,Con Muertos,0,0,0,0,0,1,0,0,0,0,1,0,1,0,0,1,0,0,0,0,0,0,1000032.0,0.0013184641958429,146.34952573856862,CL72,KR20;KR11,4.6703601500000005,-74.10174965,1.0,22.46225674483607,,0.0,122.0,1.0,10,492.32074457133257,True,Av. Boyacá,DEI-007/CAM-01,2019
169771,10500598,-74.104688113,4.69820816700002,CL 74-KR 86 2,2019,Octubre,16,miércoles,8,0,Engativá,Choque,Vehículo,,Solo Daños,0,0,0,0,0,0,0,0,0,1,0,0,0,0,0,0,0,0,0,0,0,1,1000759.0,0.0004659251215341,51.71768849029394,KR80,CL26SUR;CL38CSUR,4.69774235,-74.10469815,1.0,20.14625088185484,,0.0,124.0,1.0,41,318.7261190091118,True,Av. Ciudad de Cali,DEI-020/CAM-02,2019
169772,10500599,-74.122013738,4.72265751999998,CL 80-KR 115 2,2019,Octubre,21,lunes,17,30,Engativá,Choque,Vehículo,,Solo Daños,0,1,0,0,0,0,0,0,0,0,0,0,0,0,0,0,0,0,0,0,0,0,103.0,0.0142972217266771,1586.9916116611628,DIAG16,KR129;CL17,4.71384325,-74.1332707,0.0,20.078838584,,0.0,120.0,0.0,68,15.642982225217109,True,Av. Calle 80,DEI-033/CAM-01,2019
169778,10500986,-74.076589199,4.65184914999998,CL 63-KR 28A 2,2019,Octubre,25,viernes,20,14,Barrios Unidos,Choque,Vehículo,,Solo Daños,0,0,0,0,0,0,0,1,0,0,0,0,0,0,0,0,0,0,0,0,0,0,151.0,0.000777143100188,86.26288412087531,CL53,CL63;KR70,4.6510903500000005,-74.07675705,1.0,12.770831908055555,,0.0,36.0,1.0,31,356.6339455377828,True,Av. NQS,DEI-016/CAM-03,2019
169784,10500992,-74.132915535,4.62968748399999,AV AVENIDA DE LAS AMERICAS-KR 71 02,2019,Octubre,25,viernes,0,30,Kennedy,Choque,Vehículo,,Con Heridos,1,0,1,0,0,0,0,0,0,0,0,0,0,0,0,0,0,0,0,0,0,0,1002293.0,0.0027619757453507,306.5793077339367,CL53,KR72;CL63,4.62701775,-74.13220770000001,1.0,23.5325464421875,,0.0,32.0,1.0,82,38.40611243800779,True,Av. Américas,DEI-039/CAM-01,2019
169801,10501385,-74.095804714,4.74725036799998,KR 104-CL 145 02,2019,Octubre,30,miércoles,19,30,Suba,Choque,Vehículo,,Solo Daños,0,0,0,0,0,0,0,0,0,0,1,0,1,1,0,0,0,0,0,1,0,0,1001707.0,0.0048306487906103,536.2020157577459,AV.SUBA,CL136;CL127,4.7425033,-74.09491,1.0,40.860634530344825,,0.0,116.0,1.0,67,35.1592296988579,True,Av. Ciudad de Cali,DEI-032/CAM-02,2019
169807,10501391,-74.063620306,4.64891731500001,KR 13-CL 62 02,2019,Octubre,29,martes,14,40,Chapinero,Choque,Vehículo,,Solo Daños,0,0,0,0,0,0,0,0,0,0,1,0,1,0,0,1,0,0,0,0,0,0,1002025.0,0.0039510160806194,438.5627849487602,AUTONORTE,SANTA.FE;TOBERIN,4.64911745,-74.06756625,1.0,47.71954542548387,,0.0,124.0,1.0,43,239.10444828216094,True,Av. Caracas,DEI-021/CAM-02,2019
169808,10501392,-74.075305822,4.66508056499998,KR 30-CL 70 02,2019,Octubre,30,miércoles,11,50,Barrios Unidos,Choque,Vehículo,,Solo Daños,0,1,0,0,0,0,0,0,0,0,0,0,0,0,0,0,0,0,0,0,0,0,1000201.0,0.0044405911049392,492.9056126482593,KR7,CL175;CL170,4.6690147500000005,-74.0773652,1.0,24.11757636770492,,0.0,122.0,1.0,38,295.9523678300528,True,Av. NQS,DEI-019/CAM-01,2019
169810,10501394,-74.046726893,4.75151613600002,CL 170-KR 45 02,2019,Octubre,30,miércoles,8,50,Usaquén,Choque,Vehículo,,Solo Daños,0,0,0,0,0,0,0,0,0,1,0,0,0,0,0,0,0,0,0,0,0,1,1000087.0,0.0087251833449987,968.4953512948662,KR19,CL147;CL152,4.7597534,-74.04960375,0.0,18.90130502308333,,0.0,120.0,0.0,44,95.12241275227662,True,Autopista Norte,DEI-022/CAM-01,2019
169811,10501395,-74.055914087,4.69387615300002,KR 45-CL 106 2,2019,Octubre,29,martes,12,30,Usaquén,Choque,Vehículo,,Solo Daños,0,0,0,0,0,1,0,0,0,0,0,0,0,0,0,0,0,0,0,0,0,0,1002011.0,0.0032009618584488,355.3067662878201,AUTONORTE,PEPE.SIERRA;CL100,4.697067349999999,-74.05566425,1.0,29.172425858951616,,0.0,124.0,1.0,59,301.4336182208643,True,Autopista Norte,DEI-029/CAM-02,2019
169817,10501401,-74.057214005,4.68739177499998,KR 45-CL 100 02,2019,Octubre,30,miércoles,5,40,Usaquén,Volcamiento,,,Con Heridos,0,0,0,0,0,0,0,0,0,0,0,0,0,0,0,0,0,0,0,0,0,0,1000036.0,0.0044671939859886,495.8585324447452,AUTONORTE,CL82;CL80,4.6830666,-74.05833145,1.0,46.11601236960784,,0.0,102.0,1.0,33,241.37413836362722,True,Autopista Norte,DEI-017/CAM-02,2019
169822,10501406,-74.122527959,4.629196847,AV AVENIDA DE LAS AMERICAS-KR 68 2,2019,Octubre,29,martes,22,30,Kennedy,Choque,Vehículo,,Con Heridos,1,0,0,0,0,0,0,0,0,1,0,0,0,0,0,0,0,0,0,0,0,1,65.0,0.0018223415306378,202.2799099008052,AV.P.MAYO,KR80;KR3E,4.6307119,-74.12354065,1.0,24.974908228416663,,0.0,120.0,1.0,5,186.5791870026328,True,Av. Carrera 68,DEI-003/CAM-02,2019
194980,10582115,-74.145,4.593,AV AVENIDA BOYACA - CL 49  S 02,2022,Octubre,1,sábado,4,30,Tunjuelito,Choque,Objeto Fijo,Vehiculo Estacionado,Con Heridos,0,0,0,0,0,0,0,0,0,0,0,0,0,0,0,0,0,0,0,0,0,0,1000297.0,0.0014400551395652,159.8461204917458,CL1,KR21;AV.CARACAS,4.59354105,-74.14366545,1.0,34.38395161274193,31.752151881693543,413.0,124.0,1.0,9,34.32898355747884,True,Av. Boyacá,DEI-006/CAM-02,2022
194986,10582399,-74.18,4.597,AU SUR - CL 76 A  S 02,2022,Octubre,8,sábado,13,30,Bosa,Otro,,,Con Heridos,0,0,0,0,1,0,0,0,0,0,1,0,1,1,0,0,0,0,1,0,0,0,1002290.0,0.0055769755764213,619.044288982772,AV.CL59SUR,CL59SUR;KR78C,4.6025243,-74.1792353,0.0,32.163736110583336,31.624106845,485.0,120.0,0.0,80,455.8026939237885,True,Autopista Sur,DEI-038/CAM-01,2022
194989,10582415,-74.148,4.572,TV 28  - CL 59 B  S 02,2022,Octubre,10,lunes,5,50,Ciudad Bolívar,Choque,Vehículo,,Con Muertos,0,0,0,0,0,1,0,0,0,0,1,0,0,0,0,0,0,0,0,0,0,0,1000297.0,0.0219728277380257,2438.9838789208543,CL1,KR21;AV.CARACAS,4.59354105,-74.14366545,0.0,29.726962365483868,29.11642582717742,579.0,124.0,0.0,53,181.686686103258,True,Av Villavicencio,DEI-026/CAM-02,2022
194991,10582428,-74.148,4.568,CL 64 C  S- KR 23 C  02,2022,Octubre,7,viernes,9,30,Ciudad Bolívar,Choque,Vehículo,,Con Heridos,0,0,0,0,0,1,0,0,0,0,0,0,0,0,0,0,0,0,0,0,0,0,1000297.0,0.025906245555946,2875.593256710008,CL1,KR21;AV.CARACAS,4.59354105,-74.14366545,0.0,20.999902777583333,20.887244931833333,700.0,120.0,0.0,53,298.1579005005346,True,Av Villavicencio,DEI-026/CAM-02,2022
194992,10582429,-74.102,4.67,KR 70  - CL 55   02,2022,Octubre,8,sábado,9,30,Engativá,Choque,Vehículo,,Con Heridos,0,0,0,0,0,0,0,0,0,0,0,0,0,0,0,0,0,0,0,0,0,0,1000032.0,0.0004386150305236,48.686268388126,CL72,KR20;KR11,4.6703601500000005,-74.10174965,1.0,6.759027778,6.56500982175,399.0,120.0,1.0,11,551.8580702289804,True,Av. Boyacá,DEI-007/CAM-02,2022
194994,10582509,-74.147,4.57,KR 23 C  - CL 60 A  S 02,2022,Octubre,8,sábado,21,55,Ciudad Bolívar,Choque,Vehículo,,Con Heridos,0,0,0,0,0,1,0,0,0,1,0,0,0,0,0,0,0,0,0,0,0,1,1000297.0,0.0237760438005361,2639.1408618595087,CL1,KR21;AV.CARACAS,4.59354105,-74.14366545,0.0,26.803360214919355,26.567413210241934,517.0,124.0,0.0,53,208.52559631105024,True,Av Villavicencio,DEI-026/CAM-02,2022
196638,10582260,-74.125,4.623,KR 68  - CL 1   02,2022,Octubre,4,martes,11,40,Puente Aranda,Atropello,,,Con Heridos,0,0,0,0,0,1,1,0,0,0,0,0,0,0,0,0,0,0,0,0,0,0,1001711.0,0.0072380083068444,803.4189220597389,CL169B;CL170,KR58;KR20,4.6240064,-74.1178323,0.0,23.836773504615387,23.64874831982906,659.0,117.0,0.0,4,525.0151616449144,True,Av. Carrera 68,DEI-003/CAM-01,2022
196641,10582611,-74.095,4.749,KR 104  - CL 150 A  02,2022,Octubre,12,miércoles,22,40,Suba,Choque,Vehículo,,Con Heridos,0,0,0,0,0,1,0,0,0,0,0,0,0,0,0,0,0,0,0,0,0,0,1001707.0,0.0064973233635085,721.2028933494531,AV.SUBA,CL136;CL127,4.7425033,-74.09491,0.0,46.36958333330645,46.18955845596774,653.0,124.0,0.0,67,247.76183171762904,True,Av. Ciudad de Cali,DEI-032/CAM-02,2022
196968,10582707,-74.054,4.714,KR 45 A  - CL 128 B  02,2022,Octubre,13,jueves,16,55,Suba,Atropello,,,Con Heridos,0,0,0,0,0,0,1,0,0,0,0,0,0,0,0,0,0,0,0,0,0,0,1001952.0,0.005077154721152,563.5641740478784,KR15,CL106;CL100,4.71847495,-74.0516016,0.0,14.197083333548388,13.94278726798387,486.0,124.0,0.0,74,447.5448052224759,True,Autopista Norte,DEI-036/CAM-01,2022
196970,10582709,-74.046,4.753,CL 172  - KR 45   02,2022,Octubre,15,sábado,0,40,Usaquén,Choque,Vehículo,,Con Heridos,0,0,0,0,0,1,0,0,0,0,0,0,0,0,0,0,0,0,0,0,0,0,1000222.0,0.0076547648966166,849.6789035244444,CL147,KR19;KR15,4.7597534,-74.04960375,0.0,20.93897849483871,18.96066676282258,438.0,124.0,0.0,45,265.1152282999885,True,Autopista Norte,DEI-022/CAM-03,2022
196972,10582722,-74.093,4.744,AV AVENIDA TRANSVERSAL DE SUBA - AC 102 A  02,2022,Octubre,15,sábado,3,0,Suba,Choque,Vehículo,,Solo Daños,0,0,0,0,0,0,0,0,0,1,0,0,0,0,0,0,0,0,0,0,0,1,1001707.0,0.0024265635969371,269.3485592600267,AV.SUBA,CL136;CL127,4.7425033,-74.09491,1.0,61.9724059142742,59.42430722008064,537.0,124.0,1.0,66,450.57165146165,True,Av. Ciudad de Cali,DEI-032/CAM-01,2022
196976,10582794,-74.121,4.722,CL 80  - KR 114   02,2022,Octubre,15,sábado,13,50,Engativá,Choque,Vehículo,,Con Heridos,0,1,0,0,0,1,0,0,0,0,0,0,0,0,0,0,0,0,0,0,0,0,1000720.0,0.0126261460844223,1401.502215370886,KR86,CL13C;CL19A,4.71067115,-74.12657465000001,0.0,21.330000000166667,21.286397746916663,1195.0,120.0,0.0,68,149.71509016721856,True,Av. Calle 80,DEI-033/CAM-01,2022
196977,10582811,-74.181,4.622,KR 86  - CL 55  S 02,2022,Octubre,14,viernes,15,55,Bosa,Choque,Vehículo,,Con Heridos,0,0,0,0,0,0,0,1,0,0,0,0,0,0,0,0,0,0,0,0,0,0,1002290.0,0.0195554866106672,2170.6590137840685,AV.CL59SUR,CL59SUR;KR78C,4.6025243,-74.1792353,0.0,31.882137097016127,31.321057443790323,461.0,124.0,0.0,65,295.99422102021356,True,Av. Ciudad de Cali,DEI-031/CAM-02,2022
197270,10582068,-74.079,4.65,KR 30  - CL 60   02,2022,Octubre,1,sábado,17,45,Teusaquillo,Choque,Vehículo,,Con Heridos,0,0,0,0,0,0,0,0,0,0,0,0,0,0,0,0,0,0,0,0,0,0,1000305.0,0.000903219167749,100.25732762014304,KR10,CL19;CL13,4.65015075,-74.07810945,1.0,38.54623655935484,38.53034972330645,686.0,124.0,1.0,31,55.42770767730383,True,Av. NQS,DEI-016/CAM-03,2022
197622,10582585,-74.1,4.749,CL 145  - KR 111   02,2022,Octubre,11,martes,16,31,Suba,Atropello,,,Con Heridos,0,0,0,0,0,1,1,1,0,0,0,0,0,0,0,0,0,0,0,0,0,0,1001707.0,0.0082531939811172,916.1045319040128,AV.SUBA,CL136;CL127,4.7425033,-74.09491,0.0,33.50306451604839,33.51304455048388,837.0,124.0,0.0,67,494.8188067919616,True,Av. Ciudad de Cali,DEI-032/CAM-02,2022
197623,10582586,-74.109,4.675,CL 53  - KR 74 A  02,2022,Octubre,11,martes,17,20,Barrios Unidos,Choque,Vehículo,,Con Heridos,0,0,0,0,0,1,0,0,0,0,0,0,0,0,0,0,0,0,0,0,0,0,1000228.0,0.0030273728627188,336.038387761789,KR72,CL169;CL170,4.6733282,-74.10647610000001,1.0,34.26041666620968,34.23215171241936,1027.0,124.0,1.0,11,447.53440826062763,True,Av. Boyacá,DEI-007/CAM-02,2022
197952,10583659,-74.17840508406,4.61978934712,CL 54 B  - KR 81 I  S 02,2022,Octubre,28,viernes,13,0,Kennedy,Atropello,,,Con Heridos,0,0,0,0,1,0,1,0,0,0,0,0,0,0,0,0,0,0,0,0,0,0,1002290.0,0.0172849966896977,1918.634632556454,AV.CL59SUR,CL59SUR;KR78C,4.6025243,-74.1792353,0.0,32.163736110583336,31.624106845,485.0,120.0,0.0,65,463.689735151671,True,Av. Ciudad de Cali,DEI-031/CAM-02,2022
216589,10583037,-74.057,4.687,AU NORTE - CL 100   02,2022,Octubre,22,sábado,22,1,Usaquén,Choque,Objeto Fijo,Otro,Con Heridos,0,0,0,0,0,0,0,0,0,0,0,0,0,0,0,0,0,0,0,0,0,0,1000036.0,0.0041526370732931,460.94271513553406,AUTONORTE,CL82;CL80,4.6830666,-74.05833145,1.0,45.45759408645161,45.2041356567742,505.0,124.0,1.0,19,235.14185206576397,True,Autopista Norte,DEI-010/CAM-03,2022
216614,10583320,-74.11590961401,4.66157483644,KR 72  - CL 24   02,2022,Octubre,30,domingo,18,45,Fontibón,Choque,Vehículo,,Con Heridos,0,0,0,0,0,1,0,0,0,0,0,0,0,0,0,0,0,0,0,0,0,0,1001014.0,0.0065424456359476,726.2114655901894,KR72,CL138;CL153,4.66028985,-74.1094946,0.0,20.898951613387094,20.79134646,3057.0,124.0,0.0,47,341.26958899066494,True,Av. Boyacá,DEI-023/CAM-02,2022
216900,10583327,-74.064424111,4.64978001200001,KR 14  - CL 63   02,2022,Octubre,28,viernes,21,0,Chapinero,Otro,,,Con Heridos,0,0,0,0,0,0,0,0,0,0,0,0,0,0,0,0,0,0,0,0,0,0,1002025.0,0.0032112343264246,356.447010233131,AUTONORTE,SANTA.FE;TOBERIN,4.64911745,-74.06756625,1.0,21.810376344112903,21.8339378516129,524.0,124.0,1.0,43,272.13779260494744,True,Av. Caracas,DEI-021/CAM-02,2022
216946,10582286,-74.0898516374,4.5820818045,CL 11  S- KR 10   02,2022,Octubre,3,lunes,22,0,San Cristóbal,Choque,Vehículo,,Con Heridos,0,0,0,0,0,1,0,0,0,1,0,0,0,0,0,0,0,0,0,0,0,1,1000214.0,0.0056592935951073,628.1815890569209,KR5,CL34;CL27,4.57950665,-74.0948911,0.0,30.02258064532258,29.65818969088709,647.0,124.0,0.0,37,241.14490162318907,True,Av. Carrera 10,DEI-018/CAM-02,2022
216949,10582742,-74.075,4.722,AV AVENIDA TRANSVERSAL DE SUBA - AV AVENIDA BOYACA  02,2022,Octubre,15,sábado,17,8,Suba,Choque,Vehículo,,Con Heridos,0,0,0,0,0,0,0,0,0,0,0,0,0,0,0,0,0,0,0,0,0,0,1001047.0,0.0063716370525977,707.2517128383535,KR68,CL66;CL19,4.718268699999999,-74.0801648,0.0,14.513444444333334,14.53275724225,577.0,120.0,0.0,16,148.2950359283179,True,Av. Boyacá,DEI-009/CAM-02,2022
216951,10582745,-74.1,4.736,KR 104  - CL 132   02,2022,Octubre,16,domingo,14,10,Suba,Choque,Vehículo,,Con Heridos,1,0,0,0,0,1,0,1,0,0,0,0,0,0,0,0,0,0,0,0,0,0,1000951.0,0.0033322297940017,369.8775071341989,AV.SUBA,CL127;HUMEDAL.CORDOBA,4.7388854,-74.1016668,1.0,30.03495833308333,30.044145470166665,1389.0,120.0,1.0,28,339.57663217012623,True,Av. Ciudad de Cali,DEI-015/CAM-02,2022
216953,10582771,-74.075286344,4.610156448,KR 14  - CL 21   02,2022,Octubre,15,sábado,6,50,Santa Fe,Choque,Vehículo,,Con Heridos,1,0,0,0,0,1,0,0,0,0,0,0,0,0,0,0,0,0,0,0,0,0,1000683.0,0.0009429267750707,104.66487203285688,TV28,CL13;CL19,4.61087305,-74.07589920000001,1.0,16.254707602280703,10.99778508763158,325.0,114.0,1.0,55,356.1598552595669,True,Av. Carrera 10,DEI-027/CAM-02,2022
216959,10582786,-74.164,4.618,CL 43  - KR 79   02,2022,Octubre,16,domingo,3,43,Kennedy,Choque,,,Con Heridos,0,0,0,0,1,0,0,0,0,0,0,0,0,0,0,0,0,0,0,0,0,0,1001028.0,0.0114079308650829,1266.280326024208,KR72,CL3;AV.P.MAYO,4.611398400000001,-74.15469625,0.0,27.50072580653226,25.584051459274196,446.0,124.0,0.0,26,370.41275470408243,True,Av. Primero de Mayo,DEI-014/CAM-02,2022
217151,10582045,-74.104,4.675,AC 63  - KR 72   02,2022,Octubre,1,sábado,10,30,Engativá,Choque,Vehículo,,Con Heridos,1,0,0,0,0,0,0,0,0,0,0,0,0,0,0,0,0,0,0,0,0,0,1000228.0,0.0029876389423835,331.6279226045761,KR72,CL169;CL170,4.6733282,-74.10647610000001,1.0,31.25331944483333,30.98160682141667,889.0,120.0,1.0,12,162.50402692249034,True,Av. Boyacá,DEI-007/CAM-03,2022
217795,10582190,-74.099,4.735,KR 123  - CL 103 C  02,2022,Octubre,3,lunes,8,24,Suba,Choque,Vehículo,,Con Heridos,0,0,0,0,0,1,0,0,0,1,0,0,0,0,0,0,0,0,0,0,0,1,1000951.0,0.0047125529599144,523.0933785505003,AV.SUBA,CL127;HUMEDAL.CORDOBA,4.7388854,-74.1016668,1.0,29.699173553719007,29.52290862132232,1757.0,121.0,1.0,28,445.73105263420734,True,Av. Ciudad de Cali,DEI-015/CAM-02,2022
217796,10582191,-74.069,4.667,CL 74  - KR 28   02,2022,Octubre,5,miércoles,9,50,Barrios Unidos,Choque,Vehículo,,Con Heridos,0,0,0,0,0,1,0,0,0,0,0,0,0,0,0,0,0,0,0,0,0,0,1000338.0,0.0036697508897081,407.3423487576037,KR9,CL147;CL161,4.6704867,-74.06785545,1.0,32.792,32.704177131083334,726.0,120.0,1.0,39,401.52149930046903,True,Av. NQS,DEI-019/CAM-02,2022
217800,10582211,-74.124,4.624,KR 68  - CL 3  S 02,2022,Octubre,4,martes,19,0,Puente Aranda,Choque,Vehículo,,Con Heridos,0,0,0,0,0,1,0,1,0,0,0,0,0,0,0,0,0,0,0,0,0,0,1001711.0,0.0061677033205155,684.6150685772268,CL169B;CL170,KR58;KR20,4.6240064,-74.1178323,0.0,23.99555107524193,23.843689932338712,690.0,124.0,0.0,4,382.2275863597323,True,Av. Carrera 68,DEI-003/CAM-01,2022
218131,10582380,-74.071,4.672,DG 76  - KR 45   02,2022,Octubre,6,jueves,13,15,Barrios Unidos,Choque,Vehículo,,Con Heridos,0,0,0,0,0,1,0,1,0,0,0,0,0,0,0,0,0,0,0,0,0,0,1000203.0,0.0011391459607962,126.4452016483882,KR7,CL188;CL175,4.6708734,-74.0708314,1.0,21.263486111166667,20.892533292,829.0,120.0,1.0,39,380.37448821876654,True,Av. NQS,DEI-019/CAM-02,2022
218154,10582507,-74.102774758,4.70051624400003,KR 86  - CL 76   02,2022,Octubre,10,lunes,20,39,Engativá,Atropello,,,Con Muertos,0,0,0,0,0,1,1,1,0,0,0,0,0,0,0,0,0,0,0,0,0,0,1000759.0,0.0033754888103948,374.6792579538256,KR80,CL26SUR;CL38CSUR,4.69774235,-74.10469815,1.0,22.21516129032258,22.2345240325,979.0,124.0,1.0,41,19.512197845421138,True,Av. Ciudad de Cali,DEI-020/CAM-02,2022
218158,10582521,-74.149,4.57,CL 61  S- KR 30   02,2022,Octubre,9,domingo,22,53,Tunjuelito,Choque,Vehículo,,Solo Daños,0,0,0,0,0,0,0,0,0,1,1,0,1,0,0,1,0,0,0,0,0,1,1000297.0,0.0241379050210448,2679.307457335981,CL1,KR21;AV.CARACAS,4.59354105,-74.14366545,0.0,29.111344085887097,28.59977035314516,468.0,124.0,0.0,53,67.07653256366987,True,Av Villavicencio,DEI-026/CAM-02,2022
218362,10582316,-74.136,4.659,CL 17  - KR 86   02,2022,Octubre,6,jueves,6,45,Fontibón,Choque,Vehículo,,Con Heridos,0,0,0,0,0,1,0,1,0,0,0,0,0,0,0,0,0,0,0,0,0,0,1000650.0,0.0042676140878054,473.7051637464072,KR72,CL127;CL134,4.6623088,-74.13330475000001,1.0,25.476075268548385,25.3733153983871,1758.0,124.0,1.0,20,325.5452802853446,True,Av. Ciudad de Cali,DEI-011/CAM-01,2022
218363,10582319,-74.146,4.593,TV 60  - CL 49  S 02,2022,Octubre,5,miércoles,17,42,Tunjuelito,Choque,Vehículo,,Con Heridos,1,0,0,0,0,0,0,0,0,0,1,0,1,0,0,1,0,0,0,0,0,0,1000297.0,0.0023964262569505,266.0033145215127,CL1,KR21;AV.CARACAS,4.59354105,-74.14366545,1.0,21.60524193532258,21.228082482096774,740.0,124.0,1.0,8,68.95101781898008,True,Av. Boyacá,DEI-006/CAM-01,2022
218366,10582991,-74.171,4.629,AV AVENIDA CIUDAD DE VILLAVICENCIO - AV AVENIDA CIUDAD DE CALI  02,2022,Octubre,22,sábado,2,25,Kennedy,Choque,Vehículo,,Con Heridos,0,0,0,0,0,0,0,0,0,0,0,0,0,0,0,0,0,0,0,0,0,0,1001031.0,0.0199563291489864,2215.1525355374947,KR72,CL43AS;KR69B,4.623493,-74.15181855,0.0,45.33126344056451,45.20495965717742,976.0,124.0,0.0,79,167.96644118098413,True,Av. Ciudad de Cali,DEI-037/CAM-02,2022
218371,10583006,-74.102183663,4.70126632099999,KR 86  - CL 77   02,2022,Octubre,20,jueves,17,53,Engativá,Choque,Vehículo,,Solo Daños,0,1,0,0,0,0,0,0,0,1,0,0,0,0,0,0,0,0,0,0,0,1,1000963.0,0.0032966163727717,365.9244173776619,CL72,KR64;KR70,4.7019356,-74.0989557,1.0,11.263870967661289,11.106770481370967,508.0,124.0,1.0,40,82.17223807024381,True,Av. Ciudad de Cali,DEI-020/CAM-01,2022
218443,10582375,-74.106,4.676,CL 63  - KR 73 A  02,2022,Octubre,6,jueves,10,53,Engativá,Choque,Vehículo,,Con Heridos,0,0,0,0,0,1,0,0,0,0,0,0,0,0,0,0,0,0,0,0,0,0,1000228.0,0.0027138877003319,301.2415347368485,KR72,CL169;CL170,4.6733282,-74.10647610000001,1.0,31.25331944483333,30.98160682141667,889.0,120.0,1.0,12,346.26479831004536,True,Av. Boyacá,DEI-007/CAM-03,2022
218444,10582376,-74.1,4.704,CL 82  - KR 86   02,2022,Octubre,6,jueves,10,48,Engativá,Choque,Vehículo,,Con Heridos,1,0,0,0,0,0,0,0,0,0,0,0,0,0,0,0,0,0,0,0,0,0,1000963.0,0.0023135059649757,256.79916211231165,CL72,KR64;KR70,4.7019356,-74.0989557,1.0,18.157638888666668,17.539013816500002,452.0,120.0,1.0,40,468.5130253672604,True,Av. Ciudad de Cali,DEI-020/CAM-01,2022
218707,10582270,-74.071401281,4.66967500300001,KR 30  - CL 75   02,2022,Octubre,5,miércoles,20,25,Barrios Unidos,Choque,Vehículo,,Con Heridos,0,0,0,0,1,1,0,0,0,0,0,0,0,0,0,0,0,0,0,0,0,0,1000203.0,0.0013269965047995,147.2966120327507,KR7,CL188;CL175,4.6708734,-74.0708314,1.0,23.419314516209678,22.17383881919355,860.0,124.0,1.0,39,130.33362413148603,True,Av. NQS,DEI-019/CAM-02,2022
218712,10582283,-74.1470321427,4.633416654,TV 78 C  - DG 6 B BIS A 02,2022,Octubre,5,miércoles,11,35,Kennedy,Caida de ocupante,,,Con Heridos,0,0,0,0,0,0,0,0,0,0,1,0,1,0,1,0,0,0,0,0,0,0,1000040.0,0.0080269136526499,890.9874154441458,KR24,CL72;CL80,4.627228499999999,-74.1419196,0.0,16.57571225017094,16.534936126239316,777.0,117.0,0.0,48,331.87223190916677,True,Av. Américas,DEI-024/CAM-01,2022
218718,10582712,-74.055,4.699,AU NORTE - CL 116   02,2022,Octubre,16,domingo,4,23,Usaquén,Choque,,,Solo Daños,0,0,0,0,0,0,0,0,0,0,0,0,0,0,0,0,0,0,0,0,0,0,1002011.0,0.0020436154445007,226.8413143395784,AUTONORTE,PEPE.SIERRA;CL100,4.697067349999999,-74.05566425,1.0,48.344912280631576,44.78793191305263,354.0,95.0,1.0,60,224.3695988083129,True,Autopista Norte,DEI-029/CAM-03,2022
218723,10582272,-74.04554990713,4.75921964246,AU NORTE - CL 182   02,2022,Octubre,5,miércoles,7,46,Usaquén,Caida de ocupante,,,Con Heridos,0,0,0,0,1,0,0,0,0,0,1,0,0,0,0,0,0,0,0,0,0,0,1000222.0,0.0040888310219691,453.8602434385766,CL147,KR19;KR15,4.7597534,-74.04960375,1.0,17.007311827903226,16.19042746548387,528.0,124.0,1.0,50,294.9901280236101,True,Autopista Norte,DEI-025/CAM-01,2022
218726,10582791,-74.057,4.687,AU NORTE - CL 100   02,2022,Octubre,17,lunes,5,0,Chapinero,Choque,Objeto Fijo,Otro,Con Heridos,0,1,0,0,0,0,0,0,0,0,0,0,0,0,0,0,0,0,0,0,0,0,1000036.0,0.0041526370732931,460.94271513553406,AUTONORTE,CL82;CL80,4.6830666,-74.05833145,1.0,49.491182795645166,48.41729131475807,507.0,124.0,1.0,19,235.14185206576397,True,Autopista Norte,DEI-010/CAM-03,2022
218732,10583102,-74.124,4.629,CL 6  - KR 68 A  02,2022,Octubre,19,miércoles,9,0,Kennedy,Volcamiento,,,Con Heridos,1,0,0,0,0,0,0,0,0,0,0,0,0,0,0,0,0,0,0,0,0,0,1001926.0,0.0052570780867361,583.5356676277139,TV42,CL6;CL2C,4.6309451,-74.128884,0.0,24.91515277775,24.639932176,506.0,120.0,0.0,5,193.90072503214986,True,Av. Carrera 68,DEI-003/CAM-02,2022
218733,10583106,-74.075,4.608,KR 13  - CL 19   02,2022,Octubre,24,lunes,22,0,Santa Fe,Choque,Vehículo,,Con Heridos,0,0,0,0,0,1,0,0,0,0,0,0,0,0,0,0,0,0,0,0,0,0,1000653.0,0.0014936293357104,165.79285626385936,AV.CIRCUNVALAR,KR7;CL83,4.6066223,-74.07557695,1.0,48.92153225782258,45.89389784919355,369.0,124.0,1.0,55,157.6287475326901,True,Av. Carrera 10,DEI-027/CAM-02,2022
218737,10583120,-74.181732672,4.60092219299997,CL 65  S- KR 78   02,2022,Octubre,25,martes,19,54,Bosa,Atropello,,,Con Heridos,1,0,0,0,0,0,0,0,0,0,1,0,1,0,1,0,0,0,0,0,0,0,1002290.0,0.0029670884290655,329.34681562627145,AV.CL59SUR,CL59SUR;KR78C,4.6025243,-74.1792353,1.0,33.26977150516129,31.81169617709677,449.0,124.0,1.0,13,449.04317602297243,True,Av. Bosa,DEI-008/CAM-01,2022
218778,10582160,-74.046,4.675,KR 10  - CL 93 A  02,2022,Octubre,2,domingo,13,8,Chapinero,Choque,Vehículo,,Con Heridos,0,0,0,0,0,1,0,1,0,0,0,0,0,0,0,0,0,0,0,0,0,0,1000097.0,0.0044693929257753,496.102614761061,KR9,CL161;CL165,4.67150165,-74.04878155,1.0,20.066375000083333,19.886861111250003,360.0,120.0,1.0,56,423.37877880485655,True,Av. Carrera 7,DEI-028/CAM-01,2022
219110,10582669,-74.105,4.705,CL 80  - KR 90 A  02,2022,Octubre,13,jueves,10,0,Engativá,Choque,Vehículo,,Con Heridos,0,0,0,0,0,1,0,0,0,0,0,0,0,0,0,0,0,0,0,0,0,0,1000963.0,0.0067767329776222,752.2173605160716,CL72,KR64;KR70,4.7019356,-74.0989557,0.0,18.157638888666668,17.539013816500002,452.0,120.0,0.0,40,526.068270038738,True,Av. Ciudad de Cali,DEI-020/CAM-01,2022
219395,10582739,-74.11,4.665,CL 48  - KR 71   02,2022,Octubre,15,sábado,20,35,Engativá,Otro,,,Con Heridos,0,0,0,0,0,1,0,0,0,0,0,0,0,0,0,0,0,0,0,0,0,0,1001014.0,0.0047371871593273,525.8277746853387,KR72,CL138;CL153,4.66028985,-74.1094946,1.0,26.302930107741936,26.06818338798387,3108.0,124.0,1.0,46,445.28846838702833,True,Av. Boyacá,DEI-023/CAM-01,2022
220263,10583144,-74.0537311715,4.7066649789,CL 127  - KR 45   02,2022,Octubre,24,lunes,17,20,Usaquén,Atropello,,,Con Heridos,0,0,0,0,0,0,0,0,0,0,0,0,0,0,0,0,0,0,0,0,0,0,1000970.0,0.0040938452051174,454.4168177680386,CL34,KR19;AV.CARACAS,4.705220199999999,-74.0575616,1.0,12.785456989193548,12.691483829193547,873.0,124.0,1.0,76,305.06468318098973,True,Autopista Norte,DEI-036/CAM-03,2022
220528,10582153,-74.183,4.607,CL 63  S- KR 79 C  02,2022,Octubre,3,lunes,6,5,Bosa,Choque,Vehículo,,Con Heridos,0,0,0,0,0,1,0,0,0,0,0,0,0,0,0,0,0,0,0,0,0,0,1002290.0,0.0058484918209775,649.1825921285051,AV.CL59SUR,CL59SUR;KR78C,4.6025243,-74.1792353,0.0,21.571075268548388,21.19583339717742,540.0,124.0,0.0,13,424.8962956730713,True,Av. Bosa,DEI-008/CAM-01,2022
220535,10583203,-74.06574694102,4.64413911926,KR 14 A  - CL 57   02,2022,Octubre,26,miércoles,15,5,Teusaquillo,Atropello,,,Con Heridos,0,0,0,0,1,0,1,0,0,0,0,0,0,0,0,0,0,0,0,0,0,0,1000941.0,0.0037984378706353,421.6266036405247,CL24,KR10;KR5,4.6406639,-74.06421365,1.0,10.578157181463414,9.57041463398374,380.0,123.0,1.0,42,298.5711117498166,True,Av. Caracas,DEI-021/CAM-01,2022
220537,10583212,-74.09608004277,4.74082675098,CL 139  - KR 103   02,2022,Octubre,26,miércoles,13,30,Suba,Choque,Vehículo,,Con Heridos,1,0,0,0,0,0,0,0,0,0,1,0,1,0,1,0,0,0,0,0,0,0,1001032.0,0.001859261225837,206.3779960679076,CL72,KR70;KR76,4.73918995,-74.09519815,1.0,20.21780555558333,20.23404943783333,658.0,120.0,1.0,27,410.55144202040844,True,Av. Ciudad de Cali,DEI-015/CAM-01,2022
220559,10582247,-74.173,4.596,CL 57 R  S- KR 74 G  02,2022,Octubre,4,martes,20,35,Bosa,Choque,Vehículo,,Solo Daños,0,0,0,0,0,0,0,0,0,0,1,0,1,0,1,0,0,0,0,0,0,0,1001946.0,0.0085247238013874,946.244341954003,"AV.P.MAYO,CL26SUR",KR72;KR78K,4.5960945,-74.1644758,0.0,14.891290322096774,14.631157811774193,513.0,124.0,0.0,81,222.22067342614073,True,Autopista Sur,DEI-038/CAM-02,2022
220561,10583146,-74.0648671957,4.7507004058,CL 167  - KR 72   02,2022,Octubre,23,domingo,19,0,Suba,Atropello,,,Con Heridos,0,0,0,0,0,1,1,1,0,0,0,0,0,0,0,0,0,0,0,0,0,0,1000231.0,0.0077294984331689,857.9743260817502,CL127,KR19;KR51A,4.7571278,-74.06916065,0.0,18.120443548387097,17.932653156774194,883.0,124.0,0.0,63,258.9485747655629,True,Av. Boyacá,DEI-030/CAM-02,2022
220564,10583193,-74.05318938999,4.71303276157,KR 45  - CL 128 A  02,2022,Octubre,27,jueves,8,17,Usaquén,Choque,Vehículo,,Con Heridos,0,0,0,0,0,1,0,0,0,0,0,0,0,0,0,0,0,0,0,0,0,0,1001952.0,0.0056690821091215,629.2681141124968,KR15,CL106;CL100,4.71847495,-74.0516016,0.0,11.445458333,10.57770711575,479.0,120.0,0.0,75,342.8587993406476,True,Autopista Norte,DEI-036/CAM-02,2022
220569,10583213,-74.100248418,4.703145592,AV AVENIDA CIUDAD DE CALI - CL 80   02,2022,Octubre,25,martes,9,50,Engativá,Caida de ocupante,,,Con Heridos,0,0,0,0,0,0,0,0,0,0,1,0,1,0,0,1,0,0,0,0,0,0,1000963.0,0.0017706497303517,196.5421200690388,CL72,KR64;KR70,4.7019356,-74.0989557,1.0,20.312652777416663,19.88055568791667,435.0,120.0,1.0,40,381.14897297629335,True,Av. Ciudad de Cali,DEI-020/CAM-01,2022
220574,10583229,-74.11386040633,4.66373488907,AV AVENIDA BOYACA - CL 25   02,2022,Octubre,26,miércoles,22,30,Fontibón,Choque,Vehículo,,Con Heridos,0,0,0,0,0,1,0,0,0,0,1,0,0,0,0,0,0,0,0,0,0,0,1001014.0,0.0055613450805442,617.3093039404124,KR72,CL138;CL153,4.66028985,-74.1094946,0.0,37.12770161306452,37.03260277959677,2217.0,124.0,0.0,47,14.122052376783792,True,Av. Boyacá,DEI-023/CAM-02,2022
220578,10583350,-74.19872549956,4.63427419404,KR 97 C  - CL 63  S 02,2022,Octubre,28,viernes,20,26,Bosa,Atropello,,,Con Heridos,0,0,0,0,1,0,1,0,0,0,1,0,0,0,0,0,0,0,0,0,0,0,1000981.0,0.0270130428401218,2998.4477552535222,DIAG16,KR90;KR97,4.6495069,-74.176417,0.0,34.1195161292742,34.06671978709678,1705.0,124.0,0.0,84,57.215543225411906,True,Calle 63 Sur,DEI-040/CAM-01,2022
220596,10582315,-74.171326794,4.62876737300002,CL 43  S- KR 86   02,2022,Octubre,6,jueves,9,29,Kennedy,Choque,Vehículo,,Con Heridos,1,0,0,0,1,1,0,0,0,0,0,0,0,0,0,0,0,0,0,0,0,0,1001031.0,0.0202086762185609,2243.1630602602613,KR72,CL43AS;KR69B,4.623493,-74.15181855,0.0,21.726624999833334,21.65228797216667,1950.0,120.0,0.0,79,124.25953646585108,True,Av. Ciudad de Cali,DEI-037/CAM-02,2022
220600,10583332,-74.12716416304,4.58317756613,CL 44  S- KR 26   02,2022,Octubre,28,viernes,18,23,Rafael Uribe Uribe,Choque,Vehículo,,Con Heridos,0,0,0,0,0,1,0,0,0,0,0,0,0,0,0,0,0,0,0,0,0,0,1002271.0,0.0011814784628133,131.1441093722784,KR72,KR1;KR4AE,4.582431,-74.12624845,1.0,19.23857526862903,19.0471301175,638.0,124.0,1.0,7,538.8565311236205,True,Av. Gaitán Cortés,DEI-005/CAM-01,2022
220821,10583218,-74.14692667906,4.59675948922,CL 45  S- KR 12 BIS  02,2022,Octubre,25,martes,10,50,Kennedy,Choque,Vehículo,,Con Heridos,0,0,0,0,0,1,0,0,0,0,1,0,1,0,0,1,0,0,0,0,0,0,1000698.0,0.0039966941360355,443.6330490999417,"AV.AMERICAS,CL34",KR36;KR28,4.6006212,-74.14589674999999,1.0,18.44680555558333,18.28400176075,576.0,120.0,1.0,8,456.54038193152996,True,Av. Boyacá,DEI-006/CAM-01,2022
220823,10583233,-74.13760868494,4.63041373595,CL 6  - KR 72   02,2022,Octubre,26,miércoles,22,30,Kennedy,Choque,Vehículo,,Solo Daños,0,0,0,0,0,0,0,0,0,0,0,0,0,0,0,0,0,0,0,0,0,0,1000780.0,0.004091404867069,454.1459402446612,CL6,KR42;KR36,4.62659345,-74.1361441,1.0,34.54086021459677,34.51467144314516,744.0,124.0,1.0,2,206.26162735022805,True,Av. Boyacá,DEI-002/CAM-01,2022
220826,10583237,-74.08349082662,4.6247638174,AV AVENIDA DE LAS AMERICAS - KR 30   02,2022,Octubre,27,jueves,8,5,Teusaquillo,Choque,Vehículo,,Con Heridos,0,0,0,0,0,1,0,0,0,0,0,0,0,0,0,0,0,0,0,0,0,0,1001981.0,0.0044352517200454,492.31294092504646,NQS,CAD;CL18,4.6206293,-74.08509620000001,1.0,43.40077683601695,42.610923548983045,1429.0,118.0,1.0,21,374.5602414515325,True,Av. NQS,DEI-012/CAM-01,2022
220833,10583260,-74.12116137926,4.72181320952,CL 80 A  - KR 116   02,2022,Octubre,29,sábado,6,11,Engativá,Choque,Vehículo,,Solo Daños,0,0,1,0,0,0,0,0,0,0,0,0,0,0,0,0,0,0,0,0,0,0,1000720.0,0.0123874529444854,1375.0072768378848,KR86,CL13C;CL19A,4.71067115,-74.12657465000001,0.0,19.518447580403222,19.38344328838709,1404.0,124.0,0.0,68,148.23080516783182,True,Av. Calle 80,DEI-033/CAM-01,2022
220839,10582588,-74.079,4.684,CL 80  - KR 68   02,2022,Octubre,11,martes,11,10,Barrios Unidos,Choque,Vehículo,,Con Heridos,0,0,0,0,0,1,0,0,0,0,0,0,0,0,0,0,0,0,0,0,0,0,1000716.0,0.0057576268646464,639.0965819757614,KR86,CL24;CL64BIS,4.6782427,-74.07893865,0.0,31.65520655264957,31.465762344444443,911.0,117.0,0.0,72,176.28256135744917,True,Av. Carrera 68,DEI-035/CAM-01,2022
220843,10582418,-74.064,4.652,AV AVENIDA CARACAS - CL 65 A  02,2022,Octubre,8,sábado,2,0,Chapinero,Choque,Vehículo,,Con Heridos,0,0,1,0,0,1,0,0,0,0,0,0,0,0,0,0,0,0,0,0,0,0,1002025.0,0.00458554615777,508.9956235124805,AUTONORTE,SANTA.FE;TOBERIN,4.64911745,-74.06756625,1.0,31.83942204306452,29.17528149,410.0,124.0,1.0,43,521.8396805530064,True,Av. Caracas,DEI-021/CAM-02,2022
220845,10582433,-74.104,4.699,KR 86  - CL 75   02,2022,Octubre,8,sábado,20,0,Engativá,Choque,Vehículo,,Con Heridos,1,0,1,0,0,0,0,0,0,0,0,0,0,0,0,0,0,0,0,0,0,0,1000759.0,0.0014384355894532,159.66635042931472,KR80,CL26SUR;CL38CSUR,4.69774235,-74.10469815,1.0,22.21516129032258,22.2345240325,979.0,124.0,1.0,41,202.66695826548863,True,Av. Ciudad de Cali,DEI-020/CAM-02,2022
220847,10582456,-74.119,4.628,AV AVENIDA DE LAS AMERICAS - KR 65   02,2022,Octubre,7,viernes,21,6,Puente Aranda,Choque,Vehículo,,Solo Daños,0,0,0,0,0,1,0,0,0,0,0,0,0,0,0,0,0,0,0,0,0,0,1000988.0,0.0032553218323939,361.3407233957301,CL80,KR76;KR71,4.628879899999999,-74.11586585,1.0,36.67278225814516,36.43238699282258,1615.0,124.0,1.0,5,444.6862842646234,True,Av. Carrera 68,DEI-003/CAM-02,2022
220853,10582468,-74.124,4.625,KR 68  - CL 4   02,2022,Octubre,9,domingo,18,44,Puente Aranda,Choque,Vehículo,,Solo Daños,0,1,0,0,0,0,0,0,0,0,1,0,1,0,0,1,0,0,0,0,0,0,1001711.0,0.006247220521952,693.4414779366783,CL169B;CL170,KR58;KR20,4.6240064,-74.1178323,0.0,20.86256720451613,20.75584231822581,747.0,124.0,0.0,4,277.1809382562383,True,Av. Carrera 68,DEI-003/CAM-01,2022
220861,10583383,-74.064424111,4.64978001200001,AV AVENIDA CARACAS - CL 63   02,2022,Octubre,28,viernes,21,30,Chapinero,Choque,Vehículo,,Solo Daños,0,0,1,0,0,0,0,0,0,0,0,0,0,0,0,0,0,0,0,0,0,0,1002025.0,0.0032112343264246,356.447010233131,AUTONORTE,SANTA.FE;TOBERIN,4.64911745,-74.06756625,1.0,21.810376344112903,21.8339378516129,524.0,124.0,1.0,43,272.13779260494744,True,Av. Caracas,DEI-021/CAM-02,2022
221126,10582605,-74.068,4.648,KR 17  - CL 61 A  02,2022,Octubre,11,martes,12,10,Teusaquillo,Caida de ocupante,,,Con Heridos,0,0,0,0,0,0,0,1,0,0,1,0,1,0,0,1,0,0,0,0,0,0,1002025.0,0.0011986799260022,133.05347178624456,AUTONORTE,SANTA.FE;TOBERIN,4.64911745,-74.06756625,1.0,26.1446468929661,26.2089065779661,494.0,118.0,1.0,43,316.4148244919087,True,Av. Caracas,DEI-021/CAM-02,2022
221132,10582623,-74.123176762,4.624963122,KR 67  - CL 4 B  02,2022,Octubre,11,martes,17,38,Puente Aranda,Atropello,,,Con Heridos,0,0,0,0,0,1,1,0,0,0,0,0,0,0,0,0,0,0,0,0,0,0,1001711.0,0.0054294190347301,602.6655128550465,CL169B;CL170,KR58;KR20,4.6240064,-74.1178323,0.0,20.386370967903225,20.31378679362903,672.0,124.0,0.0,4,260.97042781637884,True,Av. Carrera 68,DEI-003/CAM-01,2022
221135,10582664,-74.125,4.726,CL 80  - KR 119   02,2022,Octubre,13,jueves,19,13,Engativá,Choque,Vehículo,,Solo Daños,0,0,0,0,0,0,0,0,0,0,1,0,1,0,0,1,0,0,0,0,1,0,1000720.0,0.0154095154026673,1710.4562096960703,KR86,CL13C;CL19A,4.71067115,-74.12657465000001,0.0,29.251236559112904,28.994314892983876,1024.0,124.0,0.0,69,454.65081199206656,True,Av. Calle 80,DEI-033/CAM-02,2022
221142,10582820,-74.073,4.668,KR 30  - CL 73   02,2022,Octubre,16,domingo,2,30,Barrios Unidos,Choque,Vehículo,,Con Heridos,0,0,0,0,0,0,0,0,0,0,0,0,0,0,0,0,0,0,0,0,0,0,1000203.0,0.0035998963207229,399.5884916002518,KR7,CL188;CL175,4.6708734,-74.0708314,1.0,31.12519444458333,24.300171159666668,405.0,120.0,1.0,39,127.28451664648502,True,Av. NQS,DEI-019/CAM-02,2022
221167,10583265,-74.09735035504,4.74728051701,CL 145  - KR 106 A  02,2022,Octubre,30,domingo,2,55,Suba,Choque,Vehículo,,Solo Daños,0,0,0,0,0,0,0,0,0,0,0,0,0,0,0,0,0,0,0,0,0,0,1001707.0,0.0053644324100435,595.4519975148385,AV.SUBA,CL136;CL127,4.7425033,-74.09491,0.0,57.34481182814516,53.15459930032258,546.0,124.0,0.0,67,151.67052465052654,True,Av. Ciudad de Cali,DEI-032/CAM-02,2022
221169,10583267,-74.13582233374,4.65954309771,KR 86  - CL 17   02,2022,Octubre,27,jueves,14,0,Fontibón,Volcamiento,,,Con Heridos,0,0,0,0,0,1,0,1,0,0,0,0,0,0,0,0,0,0,0,0,0,0,1000650.0,0.0037399648453904,415.13609783834335,KR72,CL127;CL134,4.6623088,-74.13330475000001,1.0,23.507763889,23.257242038166662,1550.0,120.0,1.0,20,381.6196674739425,True,Av. Ciudad de Cali,DEI-011/CAM-01,2022
221171,10583269,-74.12310353,4.62672807799999,KR 68  - CL 4 D  02,2022,Octubre,15,sábado,16,7,Puente Aranda,Choque,Vehículo,,Solo Daños,0,0,0,0,0,0,0,0,0,0,0,0,0,0,0,0,0,0,0,0,0,0,1001711.0,0.0059324022830922,658.4966534232441,CL169B;CL170,KR58;KR20,4.6240064,-74.1178323,0.0,20.525981183145163,20.585182522258066,712.0,124.0,0.0,4,64.93746463854124,True,Av. Carrera 68,DEI-003/CAM-01,2022
221174,10583272,-74.15222135966,4.63538099739,CL 6  - KR 80   02,2022,Octubre,30,domingo,4,20,Kennedy,Choque,Objeto Fijo,Vehiculo Estacionado,Solo Daños,0,0,1,0,0,1,0,0,0,0,0,0,0,0,0,0,0,0,0,0,0,0,1001031.0,0.0118948197786621,1320.3249954314956,KR72,CL43AS;KR69B,4.623493,-74.15181855,0.0,36.51604838669355,36.34732006314516,2180.0,124.0,0.0,49,326.9763345766165,True,Av. Américas,DEI-024/CAM-02,2022
221178,10583278,-74.16407940571,4.61372850843,CL 45  S- KR 78 G  02,2022,Octubre,29,sábado,14,25,Kennedy,Choque,Vehículo,,Solo Daños,0,1,0,0,0,0,0,0,0,0,0,0,0,0,0,0,0,0,0,0,0,0,1001028.0,0.0096681444121203,1073.164029745362,KR72,CL3;AV.P.MAYO,4.611398400000001,-74.15469625,0.0,18.772222222333333,18.66956362433333,587.0,120.0,0.0,25,100.23540899183229,True,Av. Primero de Mayo,DEI-014/CAM-01,2022
221182,10583282,-74.06354216521,4.64951263838,KR 13  - CL 63   02,2022,Octubre,30,domingo,18,50,Chapinero,Choque,Objeto Fijo,Vehiculo Estacionado,Solo Daños,0,0,1,0,0,1,0,0,0,1,0,0,0,0,0,0,0,0,0,0,0,1,1002025.0,0.0040434431185347,448.8221861573575,AUTONORTE,SANTA.FE;TOBERIN,4.64911745,-74.06756625,1.0,19.890860214838707,20.00503638064516,565.0,124.0,1.0,43,293.44604303783973,True,Av. Caracas,DEI-021/CAM-02,2022
221183,10583283,-74.14058593695,4.61316439598,KR 72  - CL 38  S 02,2022,Octubre,29,sábado,11,40,Kennedy,Atropello,,,Con Heridos,0,0,0,0,0,0,1,1,0,0,0,0,0,0,0,0,0,0,0,0,0,0,1001715.0,0.0074035924610617,821.7987631778497,"AV.AMERICAS,CL34",KR28;KR36,4.6069231,-74.13660355,0.0,19.51613505741379,19.354123563189656,344.0,116.0,0.0,1,250.53978197755893,True,Av. Boyacá,DEI-001/CAM-02,2022
244810,10582404,-74.201,4.638,CL 63  S- KR 102   02,2022,Octubre,8,sábado,8,0,Bosa,Atropello,,,Con Heridos,0,0,0,0,1,1,1,0,0,0,0,0,0,0,0,0,0,0,0,0,0,0,1000981.0,0.0271428192457904,3012.852936282741,DIAG16,KR90;KR97,4.6495069,-74.176417,0.0,33.48696969694215,32.92265767280992,1732.0,121.0,0.0,84,541.5173788713691,True,Calle 63 Sur,DEI-040/CAM-01,2022
244812,10582440,-74.114,4.66,CL 24  - KR 70   02,2022,Octubre,9,domingo,6,0,Fontibón,Choque,Vehículo,,Solo Daños,0,0,0,0,0,0,0,0,0,1,0,0,0,0,0,0,0,0,0,0,0,1,1001014.0,0.0045147139646376,501.1332500747736,KR72,CL138;CL153,4.66028985,-74.1094946,1.0,34.84851478483871,34.77953299774193,3389.0,124.0,1.0,47,428.98402251784574,True,Av. Boyacá,DEI-023/CAM-02,2022
244820,10582737,-74.14,4.616,AK 72  - CL 35  S 02,2022,Octubre,15,sábado,22,20,Kennedy,Choque,Vehículo,,Con Heridos,0,0,0,0,0,1,0,1,0,0,0,0,0,0,0,0,0,0,0,0,0,0,1000942.0,0.0059249504860779,657.6695039546547,TV39,CL6;CL13,4.62102935,-74.1368678,0.0,22.78631720427419,19.95348655895161,388.0,124.0,0.0,0,47.63759595115411,True,Av. Boyacá,DEI-001/CAM-01,2022
246425,10582515,-74.179,4.597,AU SUR - CL 63  S 02,2022,Octubre,10,lunes,9,49,Bosa,Choque,Vehículo,,Solo Daños,0,1,0,0,0,0,0,0,0,0,0,0,0,0,0,0,0,0,0,0,0,0,1002290.0,0.0055293088700119,613.7532845713284,AV.CL59SUR,CL59SUR;KR78C,4.6025243,-74.1792353,0.0,27.544013888583333,27.3159205025,486.0,120.0,0.0,80,345.56406095239754,True,Autopista Sur,DEI-038/CAM-01,2022
246426,10582516,-74.105,4.698,KR 86  - CL 74   02,2022,Octubre,8,sábado,8,0,Engativá,Choque,Vehículo,,Con Heridos,0,0,0,1,0,1,0,1,0,1,0,0,0,0,0,0,0,0,0,0,0,1,1000759.0,0.0003968588477025,44.05133209497803,KR80,CL26SUR;CL38CSUR,4.69774235,-74.10469815,1.0,18.544146005454547,18.414577849090907,630.0,121.0,1.0,41,358.336629679596,True,Av. Ciudad de Cali,DEI-020/CAM-02,2022
246729,10582541,-74.139,4.619,TV 72 N  - CL 26  S 02,2022,Octubre,10,lunes,23,53,Kennedy,Choque,Vehículo,,Con Heridos,0,0,0,0,0,1,0,0,0,0,0,0,0,0,0,0,0,0,0,0,0,0,1000942.0,0.002943558775099,326.73502403599105,TV39,CL6;CL13,4.62102935,-74.1368678,1.0,25.293198924758062,19.64677688185484,393.0,124.0,1.0,0,396.1033583946697,True,Av. Boyacá,DEI-001/CAM-01,2022
248001,10582972,-74.064424111,4.64978001200001,AV AVENIDA CARACAS - CL 63   02,2022,Octubre,20,jueves,3,10,Chapinero,Choque,Vehículo,,Solo Daños,0,0,1,0,0,1,0,1,0,0,0,0,0,0,0,0,0,0,0,0,0,0,1002025.0,0.0032112343264246,356.447010233131,AUTONORTE,SANTA.FE;TOBERIN,4.64911745,-74.06756625,1.0,30.65426075266129,28.266856182741936,412.0,124.0,1.0,43,272.13779260494744,True,Av. Caracas,DEI-021/CAM-02,2022
248005,10582986,-74.146507845,4.595874047,CL 45  S- KR 72 N  02,2022,Octubre,20,jueves,19,30,Kennedy,Atropello,,,Con Heridos,0,0,0,0,0,0,1,0,0,0,0,0,0,0,0,0,0,0,0,0,0,0,1000297.0,0.0036772386838555,408.173493907969,CL1,KR21;AV.CARACAS,4.59354105,-74.14366545,1.0,23.97329301096774,23.5865902475,599.0,124.0,1.0,8,348.04353266910795,True,Av. Boyacá,DEI-006/CAM-01,2022
248013,10583031,-74.138,4.631,AV AVENIDA DE LAS AMERICAS - AV AVENIDA BOYACA  02,2022,Octubre,22,sábado,22,6,Kennedy,Choque,Vehículo,,Solo Daños,0,0,1,0,0,0,0,0,0,0,0,0,0,0,0,0,0,0,0,0,0,0,1000780.0,0.0047814273718776,530.7384382784155,CL6,KR42;KR36,4.62659345,-74.1361441,1.0,34.54086021459677,34.51467144314516,744.0,124.0,1.0,2,267.1862548511103,True,Av. Boyacá,DEI-002/CAM-01,2022
248014,10583032,-74.046,4.753,KR 45  - CL 172   02,2022,Octubre,21,viernes,18,30,Usaquén,Caida de ocupante,,,Con Heridos,0,0,0,0,0,0,0,0,0,0,1,0,1,0,0,1,0,0,0,0,0,0,1000222.0,0.0076547648966166,849.6789035244444,CL147,KR19;KR15,4.7597534,-74.04960375,0.0,9.409287634435485,9.424266449112904,528.0,124.0,0.0,45,265.1152282999885,True,Autopista Norte,DEI-022/CAM-03,2022
248019,10583051,-74.07,4.671,KR 30  - CL 77   02,2022,Octubre,22,sábado,6,34,Barrios Unidos,Choque,Vehículo,,Con Heridos,0,0,0,0,0,1,0,1,0,1,0,0,0,0,0,0,0,0,0,0,0,1,1000203.0,0.0008409836621578,93.34918649952414,KR7,CL188;CL175,4.6708734,-74.0708314,1.0,17.925994623790324,16.792418934516128,743.0,124.0,1.0,39,343.8302481031003,True,Av. NQS,DEI-019/CAM-02,2022
248337,10583113,-74.14319834206,4.62676861995,DG 5 A  - KR 73 C  02,2022,Octubre,25,martes,5,50,Kennedy,Choque,Vehículo,,Con Heridos,0,0,0,0,0,1,0,0,0,0,0,0,0,0,0,0,0,0,0,0,0,0,1000040.0,0.0013589227043594,150.84042018390306,KR24,CL72;CL80,4.627228499999999,-74.1419196,1.0,22.11002016120968,21.235361431209675,457.0,124.0,1.0,48,521.5750992625773,True,Av. Américas,DEI-024/CAM-01,2022
248345,10582522,-74.18,4.597,AU SUR - CL 65  S 02,2022,Octubre,10,lunes,11,8,Bosa,Choque,Vehículo,,Solo Daños,0,1,0,0,0,0,0,0,0,0,1,0,0,0,0,0,0,0,0,0,0,0,1002290.0,0.0055769755764213,619.044288982772,AV.CL59SUR,CL59SUR;KR78C,4.6025243,-74.1792353,0.0,29.884294872136756,29.630863485470083,460.0,117.0,0.0,80,455.8026939237885,True,Autopista Sur,DEI-038/CAM-01,2022
248350,10582567,-74.173,4.596,AU SUR - KR 74 G  02,2022,Octubre,11,martes,18,24,Bosa,Atropello,,,Con Heridos,1,0,0,0,0,0,1,0,0,0,0,0,0,0,0,0,0,0,0,0,0,0,1001946.0,0.0085247238013874,946.244341954003,"AV.P.MAYO,CL26SUR",KR72;KR78K,4.5960945,-74.1644758,0.0,12.305497311693548,12.235775328064516,558.0,124.0,0.0,81,222.22067342614073,True,Autopista Sur,DEI-038/CAM-02,2022
248351,10582582,-74.145,4.588,TV 60  - DG 52  S 02,2022,Octubre,9,domingo,10,10,Tunjuelito,Choque,Vehículo,,Con Heridos,0,1,0,0,1,0,0,1,0,0,0,0,0,0,0,0,0,0,0,0,0,0,1000297.0,0.0056994963641523,632.6440964209063,CL1,KR21;AV.CARACAS,4.59354105,-74.14366545,0.0,19.673013889333333,19.2669372095,624.0,120.0,0.0,8,550.8537975496699,True,Av. Boyacá,DEI-006/CAM-01,2022
248355,10582818,-74.074,4.666,KR 30  - CL 71 A  02,2022,Octubre,16,domingo,7,30,Barrios Unidos,Atropello,,,Con Heridos,0,0,0,0,0,1,1,0,0,0,0,0,0,0,0,0,0,0,0,0,0,0,1000202.0,0.0045181067497937,501.5098492271102,KR7,CL175;CL188,4.6690147500000005,-74.0773652,1.0,17.862930107580645,17.495943602419356,2030.0,124.0,1.0,38,158.22545073289092,True,Av. NQS,DEI-019/CAM-01,2022
248358,10582744,-74.04899792,4.748361327,CL 167  - KR 48   02,2022,Octubre,14,viernes,13,1,Suba,Choque,Vehículo,,Con Heridos,0,0,0,0,0,1,0,0,0,0,0,0,0,0,0,0,0,0,0,0,0,0,1000175.0,0.0090428118383056,1003.7521140519289,CL106,KR19;KR15,4.73962495,-74.05133205,0.0,15.213763889166668,14.572407143083332,393.0,120.0,0.0,44,344.0631595492675,True,Autopista Norte,DEI-022/CAM-01,2022
248639,10583143,-74.08651260321,4.62082131538,KR 30  - CL 22   02,2022,Octubre,24,lunes,19,20,Los Mártires,Choque,Vehículo,,Solo Daños,0,0,0,0,0,0,0,0,0,0,0,0,0,0,0,0,0,0,0,0,0,0,1001981.0,0.001429359282832,158.65888039435205,NQS,CAD;CL18,4.6206293,-74.08509620000001,1.0,32.35434413555556,30.39573909611111,1916.0,108.0,1.0,22,167.6051171340623,True,Av. NQS,DEI-012/CAM-02,2022
248662,10582777,-74.154,4.632,KR 80  - CL 2   02,2022,Octubre,15,sábado,10,25,Kennedy,Caida de ocupante,,,Con Heridos,0,0,0,0,0,0,0,1,0,0,1,0,1,0,0,1,0,0,0,0,0,0,1001031.0,0.0087822419177835,974.8288528739728,KR72,CL43AS;KR69B,4.623493,-74.15181855,0.0,21.0841527775,21.02494224358333,1769.0,120.0,0.0,49,415.43466391170176,True,Av. Américas,DEI-024/CAM-02,2022
248664,10582826,-74.076,4.609,KR 14  - CL 19   02,2022,Octubre,16,domingo,2,0,Santa Fe,Choque,Vehículo,,Solo Daños,0,0,0,0,0,0,0,0,0,0,0,0,0,0,0,0,0,0,0,0,0,0,1000683.0,0.0018757603638253,208.20940038461453,TV28,CL13;CL19,4.61087305,-74.07589920000001,1.0,18.99141176482353,10.747156863176471,236.0,85.0,1.0,55,310.93124534940586,True,Av. Carrera 10,DEI-027/CAM-02,2022
248665,10582833,-74.075,4.687,KR 68  - CL 94   02,2022,Octubre,18,martes,14,59,Barrios Unidos,Choque,Vehículo,,Solo Daños,0,0,0,0,0,0,0,0,0,0,0,0,0,0,0,0,0,0,0,0,0,0,1001209.0,0.0013068907375942,145.0648718729569,NQS,KR68;KR62B,4.688212200000001,-74.0745116,1.0,18.012486111166666,17.423301587333334,363.0,120.0,1.0,73,370.2805740645901,True,Av. Carrera 68,DEI-035/CAM-02,2022
248666,10582835,-74.141,4.616,KR 72 J BIS - CL 36  S 02,2022,Octubre,14,viernes,12,30,Kennedy,Choque,Objeto Fijo,Poste,Solo Daños,0,1,0,0,0,0,0,0,0,0,0,0,0,0,0,0,0,0,0,0,0,0,1000942.0,0.0065091810746442,722.5190992855138,TV39,CL6;CL13,4.62102935,-74.1368678,0.0,15.116257062372885,14.96276715118644,439.0,118.0,0.0,0,89.50380096767134,True,Av. Boyacá,DEI-001/CAM-01,2022
248680,10582919,-74.147,4.569,CL 61  S- KR 23 C  02,2022,Octubre,20,jueves,18,10,Ciudad Bolívar,Choque,Vehículo,,Con Heridos,0,0,0,0,0,1,0,0,0,0,0,0,0,0,0,0,0,0,0,0,0,0,1002271.0,0.0247187901888925,2743.785710967075,KR72,KR1;KR4AE,4.582431,-74.12624845,0.0,19.23857526862903,19.0471301175,638.0,124.0,0.0,53,264.15136711326176,True,Av Villavicencio,DEI-026/CAM-02,2022
248983,10582945,-74.117,4.716,CL 80  - KR 107   02,2022,Octubre,19,miércoles,10,50,Engativá,Atropello,,,Con Heridos,0,0,0,0,0,1,1,0,0,0,0,0,0,0,0,0,0,0,0,0,0,0,1000720.0,0.0109576715110965,1216.3015377317126,KR86,CL13C;CL19A,4.71067115,-74.12657465000001,0.0,23.4831666665,23.25249353625,1076.0,120.0,0.0,23,528.628176841973,True,Av. Calle 80,DEI-013/CAM-01,2022
249452,10582434,-74.102,4.677,AV AVENIDA BOYACA - CL 64 B  02,2022,Octubre,9,domingo,15,50,Engativá,Atropello,,,Con Heridos,1,0,0,0,1,0,1,0,0,0,0,0,0,0,0,0,0,0,0,0,0,0,1000195.0,0.0044224084006889,490.8873324764694,CL134,KR9;KR10,4.675439,-74.09786225,1.0,10.619516129274194,10.59916750016129,903.0,124.0,1.0,12,152.65213503770053,True,Av. Boyacá,DEI-007/CAM-03,2022
249610,10582740,-74.061,4.646,KR 7  - CL 61   02,2022,Octubre,15,sábado,6,0,Chapinero,Atropello,,,Con Heridos,0,0,0,0,0,0,1,0,0,0,0,0,0,0,0,0,0,0,0,0,0,0,1000941.0,0.0062290857701953,691.4285204916863,CL24,KR10;KR5,4.6406639,-74.06421365,0.0,14.71434139798387,12.908331989596777,392.0,124.0,0.0,42,450.7379089715767,True,Av. Caracas,DEI-021/CAM-01,2022
250302,10582199,-74.142,4.627,CL 5 B  - KR 73 B  02,2022,Octubre,3,lunes,7,13,Kennedy,Choque,Vehículo,,Con Heridos,1,0,0,0,0,0,0,0,0,0,0,0,0,0,0,0,0,0,0,0,0,0,1000040.0,0.0002422321407246,26.88776762043592,KR24,CL72;CL80,4.627228499999999,-74.1419196,1.0,19.47026881717742,19.320325561774197,1112.0,124.0,1.0,2,479.97779933315707,True,Av. Boyacá,DEI-002/CAM-01,2022
250311,10582470,-74.072036933,4.66900692399997,KR 30  - CL 74   02,2022,Octubre,7,viernes,21,50,Barrios Unidos,Choque,Vehículo,,Solo Daños,0,0,0,0,0,1,0,0,0,0,0,0,0,0,0,0,0,0,0,0,0,0,1000203.0,0.0022219456502767,246.6359671807156,KR7,CL188;CL175,4.6708734,-74.0708314,1.0,25.574018817177414,24.239655394758064,790.0,124.0,1.0,39,28.98610608902418,True,Av. NQS,DEI-019/CAM-02,2022
250315,10582490,-74.076,4.609,KR 14  - CL 19   02,2022,Octubre,9,domingo,17,15,Santa Fe,Atropello,,,Con Heridos,0,0,0,0,0,1,1,0,0,0,0,0,0,0,0,0,0,0,0,0,0,0,1000683.0,0.0018757603638253,208.20940038461453,TV28,CL13;CL19,4.61087305,-74.07589920000001,1.0,13.572154471382111,9.150506774552843,370.0,123.0,1.0,55,310.93124534940586,True,Av. Carrera 10,DEI-027/CAM-02,2022
250317,10582500,-74.055,4.71,CL 127 B  - KR 46   02,2022,Octubre,9,domingo,14,0,Suba,Choque,Vehículo,,Solo Daños,0,0,0,0,0,0,0,0,0,0,0,0,0,0,0,0,0,0,0,0,0,0,1000970.0,0.0054229404016611,601.9463845843858,CL34,KR19;AV.CARACAS,4.705220199999999,-74.0575616,0.0,13.59369444475,13.520684125916668,879.0,120.0,0.0,74,145.42690894549054,True,Autopista Norte,DEI-036/CAM-01,2022
250479,10582530,-74.115,4.713,CL 80  - KR 104   02,2022,Octubre,11,martes,18,42,Engativá,Atropello,,,Con Heridos,0,0,0,0,0,1,1,0,0,0,0,0,0,0,0,0,0,0,0,0,0,0,1000720.0,0.011806611069453,1310.533828709291,KR86,CL13C;CL19A,4.71067115,-74.12657465000001,0.0,26.17893817185484,26.015135177016127,1072.0,124.0,0.0,23,128.42490379289933,True,Av. Calle 80,DEI-013/CAM-01,2022
250616,10582344,-74.07153514807,4.67303801009,CL 78  - KR 52   02,2022,Octubre,7,viernes,7,40,Barrios Unidos,Choque,Vehículo,,Con Heridos,0,0,0,0,0,1,0,0,0,0,0,0,0,0,0,0,0,0,0,0,0,0,1000203.0,0.0022761366803759,252.65117152173312,KR7,CL188;CL175,4.6708734,-74.0708314,1.0,17.593602150645165,16.069045983951614,744.0,124.0,1.0,39,478.3578887499114,True,Av. NQS,DEI-019/CAM-02,2022
250619,10582353,-74.112,4.667,AV AVENIDA BOYACA - CL 26   02,2022,Octubre,6,jueves,23,15,Engativá,Choque,Vehículo,,Con Heridos,0,0,0,0,0,1,0,0,0,0,0,0,0,0,0,0,0,0,0,0,0,0,1000651.0,0.005298455691996,588.1285818115591,KR72,CL153;CL163,4.669980600000001,-74.1163806,0.0,48.23381720467742,47.33223446685484,1840.0,124.0,0.0,46,398.87472673166826,True,Av. Boyacá,DEI-023/CAM-01,2022
250620,10582388,-74.095,4.579,CL 18  S- KR 11   02,2022,Octubre,6,jueves,16,53,Antonio Nariño,Choque,Vehículo,,Con Heridos,0,0,0,0,0,0,0,1,0,1,0,0,0,0,0,0,0,0,0,0,0,1,1000214.0,0.0005182214126223,57.52257680108345,KR5,CL34;CL27,4.57950665,-74.0948911,1.0,25.637715053548387,25.486021051370965,1175.0,124.0,1.0,36,437.9566796707627,True,Av. Carrera 10,DEI-018/CAM-01,2022
250777,10583000,-74.03337923794,4.69646378037,KR 9  - CL 119   02,2022,Octubre,21,viernes,18,45,Usaquén,Choque,Vehículo,,Solo Daños,0,1,0,0,0,0,0,0,0,0,0,0,0,0,0,0,0,0,0,0,0,0,1000184.0,0.0084873718901433,942.098279805908,KR15,CL94;CL100,4.704458949999999,-74.03053095,0.0,14.846263440645162,14.753870663387096,759.0,124.0,0.0,70,423.24133741387004,True,Av. Carrera 9,DEI-034/CAM-01,2022
250778,10583005,-74.100248418,4.703145592,KR 86  - CL 80   02,2022,Octubre,22,sábado,16,54,Engativá,Atropello,,,Con Heridos,1,0,0,0,1,0,0,1,0,0,0,0,0,0,0,0,0,0,0,0,0,0,1000963.0,0.0017706497303517,196.5421200690388,CL72,KR64;KR70,4.7019356,-74.0989557,1.0,13.122204301209676,12.981834805403226,496.0,124.0,1.0,40,381.14897297629335,True,Av. Ciudad de Cali,DEI-020/CAM-01,2022
250779,10583008,-74.07313374464,4.6062132105,CL 19  - KR 9   02,2022,Octubre,21,viernes,0,0,Santa Fe,Atropello,,,Con Heridos,0,0,0,0,0,0,1,1,0,1,0,0,0,0,0,0,0,0,0,0,0,1,1000199.0,0.0010807409136589,119.96224141614192,KR9,CL134:CL140,4.6071991,-74.072691,1.0,29.56814516129032,26.517180107741936,390.0,124.0,1.0,54,97.10057705318744,True,Av. Carrera 10,DEI-027/CAM-01,2022
251175,10582335,-74.057864102,4.68033024699997,KR 45  - CL 93   02,2022,Octubre,7,viernes,23,50,Barrios Unidos,Choque,Objeto Fijo,Otro,Solo Daños,0,0,0,0,0,0,0,0,0,0,0,0,0,0,0,0,0,0,0,0,0,0,1000940.0,0.0021609891774263,239.8697986943204,CL24,KR14;KR10,4.681202,-74.05588675,1.0,15.06059620601626,11.878563685772358,367.0,123.0,1.0,17,378.8927552386128,True,Autopista Norte,DEI-010/CAM-01,2022
251176,10582336,-74.076,4.665,KR 30  - CL 69   02,2022,Octubre,6,jueves,20,30,Barrios Unidos,Choque,Vehículo,,Con Heridos,0,0,0,0,0,1,0,0,0,1,0,0,0,0,0,0,0,0,0,0,0,1,1000189.0,0.0040024070860584,444.2671865524845,KR7,CL170;CL165,4.66734485,-74.0792436,1.0,30.80600806435484,30.971248410080644,2434.0,124.0,1.0,38,346.3826142913339,True,Av. NQS,DEI-019/CAM-01,2022
251341,10582627,-74.15,4.633,CL 6  - KR 79  S 02,2022,Octubre,11,martes,8,20,Kennedy,Choque,Vehículo,,Con Heridos,0,0,0,0,0,1,0,0,0,0,0,0,0,0,0,0,0,0,0,0,0,0,1001031.0,0.0096793684247727,1074.4098951497765,KR72,CL43AS;KR69B,4.623493,-74.15181855,0.0,22.985647383223142,23.07044344561984,2025.0,121.0,0.0,49,45.963112669988796,True,Av. Américas,DEI-024/CAM-02,2022
251345,10582639,-74.048,4.75,CL 168  - KR 45 A  02,2022,Octubre,12,miércoles,13,0,Suba,Choque,Vehículo,,Con Heridos,0,0,0,0,0,1,0,0,0,0,0,0,0,0,0,0,0,0,0,0,0,0,1000222.0,0.0098843727986405,1097.1653806491047,CL147,KR19;KR15,4.7597534,-74.04960375,0.0,12.888069444416669,12.30846504625,505.0,120.0,0.0,44,139.3092800707447,True,Autopista Norte,DEI-022/CAM-01,2022
251351,10582651,-74.142,4.654,KR 86  - CL 13 A  02,2022,Octubre,14,viernes,5,41,Kennedy,Choque,Vehículo,,Con Muertos,0,1,0,0,0,1,0,0,0,0,1,0,1,0,0,1,0,0,0,0,0,0,1001019.0,0.0034120784153468,378.7407041035027,KR72,CL75;CL66A,4.65133785,-74.1398657,1.0,30.99959677435484,30.92385383185484,2418.0,124.0,1.0,20,541.6248504995015,True,Av. Ciudad de Cali,DEI-011/CAM-01,2022
251352,10582654,-74.124248462,4.58842131699998,KR 33  - CL 39  S 02,2022,Octubre,12,miércoles,9,55,Tunjuelito,Volcamiento,,,Con Heridos,0,0,0,1,0,1,0,0,0,0,0,0,0,0,0,0,0,0,0,0,0,0,1000667.0,0.0059379116110785,659.1081888297218,AV.P.MAYO,AV.CARACAS;KR10,4.5827155,-74.12260455,0.0,21.80100000025,21.67035100725,793.0,120.0,0.0,7,190.7886096494255,True,Av. Gaitán Cortés,DEI-005/CAM-01,2022
251377,10582158,-74.123,4.586,CL 39  S- KR 29   02,2022,Octubre,1,sábado,13,50,Rafael Uribe Uribe,Volcamiento,,,Con Heridos,0,0,0,0,0,1,0,0,0,0,0,0,0,0,0,0,0,0,0,0,0,0,1000667.0,0.0033082202091912,367.2124432202338,AV.P.MAYO,AV.CARACAS;KR10,4.5827155,-74.12260455,1.0,20.08105555608333,19.978675938,805.0,120.0,1.0,7,379.6270176085571,True,Av. Gaitán Cortés,DEI-005/CAM-01,2022
251432,10582200,-74.138,4.626,AV AVENIDA BOYACA - CL 3  S 02,2022,Octubre,3,lunes,15,20,Kennedy,Choque,Vehículo,,Con Heridos,0,0,0,0,0,1,0,0,0,0,0,0,0,0,0,0,0,0,0,0,0,0,1000780.0,0.0019484731747023,216.2805223919628,CL6,KR42;KR36,4.62659345,-74.1361441,1.0,22.729314516129037,22.669503679758066,1105.0,124.0,1.0,3,275.33071673849304,True,Av. Boyacá,DEI-002/CAM-02,2022
251434,10582203,-74.143,4.619,CL 26  S- KR 78 P BIS  02,2022,Octubre,2,domingo,15,0,Kennedy,Caida de ocupante,,,Con Heridos,0,0,0,0,0,0,0,0,0,0,1,0,1,0,0,1,0,0,0,0,0,0,1000942.0,0.0064592676258576,716.9787064701968,TV39,CL6;CL13,4.62102935,-74.1368678,0.0,15.83722222203252,15.68092862398374,469.0,123.0,0.0,0,478.6942969053112,True,Av. Boyacá,DEI-001/CAM-01,2022
251489,10582245,-74.143,4.631,AC 6  - KR 74   02,2022,Octubre,4,martes,7,50,Kennedy,Choque,Vehículo,,Con Heridos,1,0,0,0,0,1,0,0,0,0,0,0,0,0,0,0,0,0,0,0,0,0,1000040.0,0.003923197217834,435.47489117958,KR24,CL72;CL80,4.627228499999999,-74.1419196,1.0,19.47026881717742,19.320325561774197,1112.0,124.0,1.0,48,260.2455781905446,True,Av. Américas,DEI-024/CAM-01,2022
251490,10582251,-74.138,4.627,AV AVENIDA BOYACA - CL 4   02,2022,Octubre,3,lunes,8,50,Kennedy,Choque,Vehículo,,Solo Daños,0,0,0,0,0,0,0,0,0,0,0,0,0,0,0,0,0,0,0,0,0,0,1000780.0,0.0018999072905106,210.88970924668493,CL6,KR42;KR36,4.62659345,-74.1361441,1.0,28.32001377380165,27.90105464785124,1328.0,121.0,1.0,3,164.4399071176654,True,Av. Boyacá,DEI-002/CAM-02,2022
251497,10582292,-74.1223311098,4.58448890308,KR 27  - CL 37 A  S 02,2022,Octubre,4,martes,16,0,Antonio Nariño,Choque,Vehículo,,Solo Daños,0,0,0,0,0,0,0,0,0,0,0,0,0,0,0,0,0,0,0,0,0,0,1000667.0,0.001794360060615,199.17396672827564,AV.P.MAYO,AV.CARACAS;KR10,4.5827155,-74.12260455,1.0,19.247473118225805,19.13338880435484,946.0,124.0,1.0,7,542.4480310722258,True,Av. Gaitán Cortés,DEI-005/CAM-01,2022
251523,10582706,-74.14,4.619,AV AVENIDA BOYACA - AV AVENIDA PRIMERO DE MAYO  02,2022,Octubre,14,viernes,9,30,Kennedy,Atropello,,,Con Heridos,0,0,0,0,0,0,1,0,0,0,1,0,1,0,0,1,0,0,0,0,0,0,1000942.0,0.0037321492819118,414.2685702922112,TV39,CL6;CL13,4.62102935,-74.1368678,1.0,16.061597222166668,15.658926596416666,509.0,120.0,1.0,0,371.4800941786194,True,Av. Boyacá,DEI-001/CAM-01,2022
251666,10582318,-74.172,4.628,KR 86  - CL 44  S 02,2022,Octubre,6,jueves,6,34,Kennedy,Atropello,,,Con Heridos,0,0,0,0,0,0,1,0,0,0,1,0,1,0,1,0,0,0,0,0,0,0,1001031.0,0.0206785873091543,2295.323191316136,KR72,CL43AS;KR69B,4.623493,-74.15181855,0.0,24.852096774435484,24.792393230080645,2472.0,124.0,0.0,79,10.99292559375506,True,Av. Ciudad de Cali,DEI-037/CAM-02,2022
251776,10582048,-74.172,4.628,KR 86  - CL 44  E 02,2022,Octubre,2,domingo,7,57,Kennedy,Choque,Vehículo,,Solo Daños,0,0,1,0,0,0,0,0,0,0,1,0,1,0,0,1,0,0,0,0,0,0,1001031.0,0.0206785873091543,2295.323191316136,KR72,CL43AS;KR69B,4.623493,-74.15181855,0.0,22.601989247258064,22.84801483064516,2373.0,124.0,0.0,79,10.99292559375506,True,Av. Ciudad de Cali,DEI-037/CAM-02,2022
251782,10582829,-74.175,4.626,KR 85  - CL 49  S 02,2022,Octubre,17,lunes,20,26,Kennedy,Atropello,,,Con Heridos,0,0,0,0,0,0,1,1,0,0,0,0,0,0,0,0,0,0,0,0,0,0,1001031.0,0.023316617960208,2588.1445935830984,KR72,CL43AS;KR69B,4.623493,-74.15181855,0.0,29.48334677467742,29.53544547209677,1836.0,124.0,0.0,78,329.48201529349035,True,Av. Ciudad de Cali,DEI-037/CAM-01,2022
251784,10582944,-74.095,4.58,CL 17  S- KR 11 A  02,2022,Octubre,19,miércoles,22,4,Antonio Nariño,Choque,Vehículo,,Con Heridos,0,0,0,0,0,1,0,0,0,0,0,0,0,0,0,0,0,0,0,0,0,0,1000214.0,0.0005052261201683,56.08009933868311,KR5,CL34;CL27,4.57950665,-74.0948911,1.0,30.02258064532258,29.65818969088709,647.0,124.0,1.0,36,410.6311422368228,True,Av. Carrera 10,DEI-018/CAM-01,2022
252031,10582539,-74.129,4.629,CL 6  - KR 69   02,2022,Octubre,11,martes,5,50,Kennedy,Caida de ocupante,,,Con Heridos,0,0,0,0,0,0,0,0,0,0,1,0,1,0,0,1,0,0,0,0,0,0,1001926.0,0.0019485558780806,216.28970246695383,TV42,CL6;CL2C,4.6309451,-74.128884,1.0,27.96758064524193,26.108083717338708,429.0,124.0,1.0,82,479.39430248882417,True,Av. Américas,DEI-039/CAM-01,2022
252036,10582970,-74.09,4.581,KR 10  - CL 13 A  S 02,2022,Octubre,20,jueves,15,0,San Cristóbal,Choque,Vehículo,,Con Heridos,0,0,0,0,0,1,0,0,0,0,0,0,0,0,0,0,0,0,0,0,0,0,1000214.0,0.0051139958381337,567.6535380328509,KR5,CL34;CL27,4.57950665,-74.0948911,0.0,24.31489247314516,24.13123583879032,1146.0,124.0,0.0,37,143.62187067807037,True,Av. Carrera 10,DEI-018/CAM-02,2022
257794,10583056,-74.08383465,4.61813728800001,KR 27  - CL 22   02,2022,Octubre,23,domingo,12,16,Los Mártires,Choque,Objeto Fijo,Vehiculo Estacionado,Solo Daños,0,1,0,0,0,0,0,0,0,0,0,0,0,0,0,0,0,0,0,0,0,0,1001938.0,0.0006712945462669,74.51369463562743,"CL1,CL1B",KR25;KR27,4.6178146,-74.083246,1.0,23.85410364117647,23.615659663781518,459.0,119.0,1.0,21,465.3834002216647,True,Av. NQS,DEI-012/CAM-01,2022
257796,10583059,-74.114,4.712,CL 80  - KR 102   02,2022,Octubre,22,sábado,6,40,Engativá,Choque,Vehículo,,Solo Daños,0,1,1,0,0,1,0,0,0,0,0,0,0,0,0,0,0,0,0,0,0,0,1000720.0,0.0126446694280681,1403.5583065155631,KR86,CL13C;CL19A,4.71067115,-74.12657465000001,0.0,19.518447580403222,19.38344328838709,1404.0,124.0,0.0,24,8.194493778329475,True,Av. Calle 80,DEI-013/CAM-02,2022
257906,10583070,-74.122,4.585,CL 38 A  - KR 27   02,2022,Octubre,24,lunes,6,55,Antonio Nariño,Choque,Vehículo,,Con Heridos,0,0,0,0,0,1,0,0,0,0,0,0,0,0,0,0,0,0,0,0,0,0,1000667.0,0.0023631379461442,262.30831202201165,AV.P.MAYO,AV.CARACAS;KR10,4.5827155,-74.12260455,1.0,21.24514112919355,21.11336196927419,757.0,124.0,1.0,7,534.126096335046,True,Av. Gaitán Cortés,DEI-005/CAM-01,2022
257914,10583114,-74.0358325346,4.6921938247,KR 9  - CL 113   02,2022,Octubre,25,martes,6,44,Usaquén,Atropello,,,Con Heridos,0,0,0,0,0,0,1,0,0,0,0,0,0,0,0,0,0,0,0,0,0,0,1000044.0,0.0114696082123925,1273.1265115755732,KR15,CL77;CL92,4.7007512,-74.0434695,0.0,28.89692411926829,27.238414634227645,363.0,123.0,0.0,71,70.26835579412408,True,Av. Carrera 9,DEI-034/CAM-02,2022
257916,10583124,-74.1632609741,4.6162081229,CL 43  S- KR 78 I  02,2022,Octubre,24,lunes,12,50,Kennedy,Caida de ocupante,,,Con Heridos,0,1,0,0,0,0,0,0,0,0,0,0,0,0,0,0,0,0,0,0,0,0,1001028.0,0.0098228271533126,1090.3338140177016,KR72,CL3;AV.P.MAYO,4.611398400000001,-74.15469625,0.0,17.599392655762713,17.552293770762713,569.0,118.0,0.0,26,195.87676238583808,True,Av. Primero de Mayo,DEI-014/CAM-02,2022
257919,10583129,-74.1412542873,4.594390296,KR 54  - CL 46  S 6,2022,Octubre,25,martes,5,50,Tunjuelito,Otro,,,Con Heridos,0,0,0,0,0,0,0,0,0,0,1,0,1,0,1,0,0,0,0,0,0,0,1000297.0,0.0025563498067334,283.754828547417,CL1,KR21;AV.CARACAS,4.59354105,-74.14366545,1.0,29.726962365483868,29.11642582717742,579.0,124.0,1.0,9,476.70785587974854,True,Av. Boyacá,DEI-006/CAM-02,2022
258106,10583089,-74.177,4.597,KR 57 R  - CL 59  S 02,2022,Octubre,23,domingo,16,30,Bosa,Caida de ocupante,,,Con Heridos,0,0,0,0,0,0,0,0,0,0,1,0,0,0,0,0,0,0,0,0,0,0,1002290.0,0.0059594006896643,661.493476552743,AV.CL59SUR,CL59SUR;KR78C,4.6025243,-74.1792353,0.0,33.85677419362903,32.40117588330645,447.0,124.0,0.0,80,129.06343049236347,True,Autopista Sur,DEI-038/CAM-01,2022
258115,10583157,-74.04857837118,4.74622671261,CL 165  - KR 46   02,2022,Octubre,25,martes,7,30,Suba,Choque,Vehículo,,Con Heridos,1,0,0,0,0,0,0,0,0,0,0,0,0,0,0,0,0,0,0,0,0,0,1000175.0,0.0071530424717401,793.9877143631569,CL106,KR19;KR15,4.73962495,-74.05133205,0.0,15.788279569919355,15.297327988951611,480.0,124.0,0.0,44,527.224811938438,True,Autopista Norte,DEI-022/CAM-01,2022
258232,10583153,-74.119326177,4.71963531,CL 80  - KR 112 A  02,2022,Octubre,25,martes,20,11,Engativá,Atropello,,,Con Heridos,0,0,0,0,0,1,1,0,0,0,0,0,0,0,0,0,0,0,0,0,0,0,1000720.0,0.0115280755261838,1279.616383406411,KR86,CL13C;CL19A,4.71067115,-74.12657465000001,0.0,30.10954301080645,29.750010138548387,1094.0,124.0,0.0,68,463.6340299190643,True,Av. Calle 80,DEI-033/CAM-01,2022
258235,10583163,-74.2000365742,4.6335547522,KR 97 C  - CL 69  S 02,2022,Octubre,26,miércoles,3,33,Bosa,Choque,Vehículo,,Con Heridos,0,0,0,0,0,1,0,0,0,0,1,0,1,0,0,1,0,0,0,0,0,0,1000981.0,0.0285018473931472,3163.7050606393445,DIAG16,KR90;KR97,4.6495069,-74.176417,0.0,48.25506720427419,48.17634224419355,709.0,124.0,0.0,84,183.08814245783935,True,Calle 63 Sur,DEI-040/CAM-01,2022
258240,10583182,-74.1790726381,4.6288048647,KR 87 D  - CL 50  S 02,2022,Octubre,25,martes,16,0,Bosa,Choque,Vehículo,,Con Heridos,1,0,0,0,1,0,0,0,0,0,0,0,0,0,0,0,0,0,0,0,0,0,1000981.0,0.0208716716934844,2316.7555579767773,DIAG16,KR90;KR97,4.6495069,-74.176417,0.0,32.567352150403224,32.17212198629032,1859.0,124.0,0.0,64,470.9873823222399,True,Av. Ciudad de Cali,DEI-031/CAM-01,2022
258245,10583194,-74.18060717766,4.60630945814,CL 59  S- KR 78 L  02,2022,Octubre,27,jueves,21,10,Bosa,Choque,Vehículo,,Con Heridos,1,0,0,0,1,1,0,0,0,0,0,0,0,0,0,0,0,0,0,0,0,0,1002290.0,0.0040260986648112,446.89695179404873,AV.CL59SUR,CL59SUR;KR78C,4.6025243,-74.1792353,1.0,29.91764784935484,29.317328244758063,508.0,124.0,1.0,14,200.5024918125129,True,Av. Bosa,DEI-008/CAM-02,2022
258250,10583206,-74.06522659247,4.64711728367,CL 60  - KR 14   02,2022,Octubre,26,miércoles,23,7,Chapinero,Choque,Vehículo,,Con Heridos,0,0,0,0,0,0,0,0,0,0,1,0,1,0,0,1,0,0,0,0,0,0,1002025.0,0.0030780940052827,341.6684345863903,AUTONORTE,SANTA.FE;TOBERIN,4.64911745,-74.06756625,1.0,26.33918010758065,25.77675374435484,456.0,124.0,1.0,43,37.585754903611104,True,Av. Caracas,DEI-021/CAM-02,2022
258295,10582421,-74.101,4.679,KR 72  - CL 64 I  02,2022,Octubre,7,viernes,14,40,Engativá,Choque,Vehículo,,Con Heridos,0,0,0,0,0,1,0,0,0,0,0,0,0,0,0,0,0,0,0,0,0,0,1000195.0,0.0047461769944304,526.8256463817833,CL134,KR9;KR10,4.675439,-74.09786225,1.0,10.863694444166669,10.743132519916664,959.0,120.0,1.0,12,398.32296933196307,True,Av. Boyacá,DEI-007/CAM-03,2022
258297,10582575,-74.179,4.624,AV AVENIDA CIUDAD DE CALI - CL 53  S 02,2022,Octubre,11,martes,18,0,Bosa,Choque,Vehículo,,Solo Daños,0,1,0,0,0,0,0,0,0,0,0,0,0,0,0,0,0,0,0,0,0,0,1002290.0,0.0214769890017198,2383.945779190901,AV.CL59SUR,CL59SUR;KR78C,4.6025243,-74.1792353,0.0,29.917970430241933,29.4708523425,428.0,124.0,0.0,65,18.182653639797127,True,Av. Ciudad de Cali,DEI-031/CAM-02,2022
258301,10582850,-74.117,4.71,CL 77  - KR 104   02,2022,Octubre,18,martes,8,8,Engativá,Atropello,,,Con Heridos,0,0,0,0,0,1,1,0,0,0,0,0,0,0,0,0,0,0,0,0,0,0,1000720.0,0.0095981438281101,1065.3939649202275,KR86,CL13C;CL19A,4.71067115,-74.12657465000001,0.0,19.788925619752067,19.705447917768595,1343.0,121.0,0.0,23,368.22239268967667,True,Av. Calle 80,DEI-013/CAM-01,2022
258303,10583359,-74.10768059675,4.74515972307,KR 126 A  - CL 139   02,2022,Octubre,28,viernes,22,50,Suba,Choque,Vehículo,,Con Heridos,0,0,0,0,0,1,0,0,0,0,0,0,0,0,0,0,0,0,0,0,0,0,1000951.0,0.0086909655008521,964.6971705945856,AV.SUBA,CL127;HUMEDAL.CORDOBA,4.7388854,-74.1016668,0.0,35.417043010725806,35.12744124104839,796.0,124.0,0.0,6,549.5796143471522,True,Calle 139,DEI-004/CAM-01,2022
258353,10582557,-74.1,4.704,KR 86  - CL 81   02,2022,Octubre,10,lunes,12,30,Engativá,Choque,Vehículo,,Con Heridos,0,0,0,0,1,1,0,0,0,0,0,0,0,0,0,0,0,0,0,0,0,0,1000963.0,0.0023135059649757,256.79916211231165,CL72,KR64;KR70,4.7019356,-74.0989557,1.0,15.025783475299145,14.808411375042734,432.0,117.0,1.0,40,468.5130253672604,True,Av. Ciudad de Cali,DEI-020/CAM-01,2022
258354,10582577,-74.046,4.753,AU NORTE - CL 172   02,2022,Octubre,10,lunes,17,50,Usaquén,Choque,Vehículo,,Solo Daños,0,1,0,0,0,0,0,0,0,0,0,0,0,0,0,0,0,0,0,0,0,0,1000222.0,0.0076547648966166,849.6789035244444,CL147,KR19;KR15,4.7597534,-74.04960375,0.0,10.415053763467744,10.339226382580645,477.0,124.0,0.0,45,265.1152282999885,True,Autopista Norte,DEI-022/CAM-03,2022
258422,10582485,-74.075,4.612,AV AVENIDA CARACAS - CL 23   02,2022,Octubre,8,sábado,19,10,Santa Fe,Choque,Vehículo,,Solo Daños,0,0,0,0,0,1,0,0,0,0,0,0,0,0,0,0,0,0,0,0,0,0,1001960.0,0.0013368983282175,148.39571443214308,KR3;CL19,CL22;KR5,4.6114117,-74.0762005,1.0,13.10465053782258,12.99575127766129,559.0,124.0,1.0,55,535.2988441128456,True,Av. Carrera 10,DEI-027/CAM-02,2022
258443,10583178,-74.149268283,4.632395551,CL 6  - TV 78 C  02,2022,Octubre,25,martes,13,10,Kennedy,Choque,Vehículo,,Con Heridos,0,0,0,0,0,1,0,0,0,0,0,0,0,0,0,0,0,0,0,0,0,0,1000040.0,0.0089834045812904,997.1579085232444,KR24,CL72;CL80,4.627228499999999,-74.1419196,0.0,16.004874999666665,15.963332968,891.0,120.0,0.0,49,146.5181577289309,True,Av. Américas,DEI-024/CAM-02,2022
258577,10583235,-74.08537534659,4.62222222325,KR 30  - CL 22 b  02,2022,Octubre,27,jueves,18,10,Los Mártires,Choque,Vehículo,,Con Heridos,0,0,0,0,0,1,0,0,0,0,0,0,0,0,0,0,0,0,0,0,0,0,1001981.0,0.0016171973593509,179.5089068879577,NQS,CAD;CL18,4.6206293,-74.08509620000001,1.0,27.91602777783333,26.635296961416667,2288.0,120.0,1.0,21,24.658280247914664,True,Av. NQS,DEI-012/CAM-01,2022
258612,10583075,-74.083,4.625,KR 30  - CL 24   02,2022,Octubre,24,lunes,10,8,Los Mártires,Choque,Vehículo,,Con Heridos,0,0,0,0,0,1,0,1,0,0,0,0,0,0,0,0,0,0,0,0,0,0,1002038.0,0.0046957748056127,521.2310034230143,CL26,GOBERNACION;CAN,4.629466150000001,-74.08445045,1.0,42.20324999983333,41.71907763108334,700.0,120.0,1.0,21,428.44536137475234,True,Av. NQS,DEI-012/CAM-01,2022
258618,10583109,-74.116,4.747,KR 141  - CL 144 C  02,2022,Octubre,22,sábado,23,48,Suba,Choque,Vehículo,,Con Heridos,1,0,0,0,0,0,0,0,0,0,0,0,0,0,0,0,0,0,0,0,0,0,1000951.0,0.0164708031194558,1828.2591462596044,AV.SUBA,CL127;HUMEDAL.CORDOBA,4.7388854,-74.1016668,0.0,34.90946236540322,34.370887300403226,699.0,124.0,0.0,6,398.7546231230481,True,Calle 139,DEI-004/CAM-01,2022
258623,10583135,-74.1626131597,4.6152760542,AV AVENIDA PRIMERO DE MAYO - AV AVENIDA CIUDAD DE VILLAVICENCIO  02,2022,Octubre,24,lunes,12,6,Bosa,Caida de ocupante,,,Con Heridos,0,0,0,0,0,0,0,0,0,0,1,0,1,0,0,1,0,0,0,0,0,0,1001028.0,0.0088155352244054,978.5244099090032,KR72,CL3;AV.P.MAYO,4.611398400000001,-74.15469625,0.0,17.599392655762713,17.552293770762713,569.0,118.0,0.0,26,180.18015186418268,True,Av. Primero de Mayo,DEI-014/CAM-02,2022
258628,10583192,-74.1104924,4.66734547599998,KR 72  - CL 48 A  02,2022,Octubre,26,miércoles,20,0,Engativá,Choque,Vehículo,,Solo Daños,0,0,0,0,0,0,0,0,0,0,1,0,1,0,0,1,0,0,0,0,0,0,1002275.0,0.0056246360128182,624.3345974228212,CL153,KR54;KR56,4.6682687000000005,-74.10494405,0.0,12.52973118282258,11.25737903233871,370.0,124.0,0.0,46,532.9559121242851,True,Av. Boyacá,DEI-023/CAM-01,2022
258670,10582650,-74.05,4.751,CL 169  - KR 50   02,2022,Octubre,12,miércoles,18,2,Suba,Choque,Vehículo,,Con Heridos,0,0,0,0,0,1,0,0,0,0,0,0,0,0,0,0,0,0,0,0,0,0,1000222.0,0.0087623641571491,972.6224214435548,CL147,KR19;KR15,4.7597534,-74.04960375,0.0,9.409287634435485,9.424266449112904,528.0,124.0,0.0,44,340.1950284124169,True,Autopista Norte,DEI-022/CAM-01,2022
258680,10582691,-74.109,4.663,CL 26  - KR 70   02,2022,Octubre,13,jueves,22,0,Fontibón,Choque,Vehículo,,Con Heridos,0,0,0,0,0,1,0,0,0,0,0,0,0,0,0,0,0,0,0,0,0,0,1001014.0,0.0027549123729281,305.79527339502147,KR72,CL138;CL153,4.66028985,-74.1094946,1.0,37.12770161306452,37.03260277959677,2217.0,124.0,1.0,47,547.3332082899361,True,Av. Boyacá,DEI-023/CAM-02,2022
258685,10582921,-74.093,4.578,KR 10  - CL 17   02,2022,Octubre,19,miércoles,17,40,San Cristóbal,Atropello,,,Con Heridos,0,0,0,0,0,0,1,0,0,1,0,0,0,0,0,0,0,0,0,0,0,1,1000214.0,0.00241790269293,268.38719891523533,KR5,CL34;CL27,4.57950665,-74.0948911,1.0,26.00513440814516,25.828295468467743,1224.0,124.0,1.0,36,328.4814143331516,True,Av. Carrera 10,DEI-018/CAM-01,2022
258775,10582342,-74.0719506583,4.6636588732,CL 71  - KR 28 A  02,2022,Octubre,7,viernes,18,55,Barrios Unidos,Choque,Vehículo,,Con Heridos,0,0,0,0,0,1,0,0,0,1,0,0,0,0,0,0,0,0,0,0,0,1,1000203.0,0.0073008311917216,810.3922622811025,KR7,CL188;CL175,4.6708734,-74.0708314,0.0,17.17916666717742,16.435635307741936,1403.0,124.0,0.0,38,477.84642578671236,True,Av. NQS,DEI-019/CAM-01,2022
258944,10583225,-74.07747892325,4.68175289077,CL 100  - KR 64   02,2022,Octubre,27,jueves,0,20,Barrios Unidos,Choque,Vehículo,,Con Heridos,0,0,0,0,0,1,0,0,0,0,0,0,0,0,0,0,0,0,0,0,0,0,1000716.0,0.0038016103727838,421.9787513790105,KR86,CL24;CL64BIS,4.6782427,-74.07893865,1.0,48.21649193548387,48.19729250637097,615.0,124.0,1.0,72,360.7720457007482,True,Av. Carrera 68,DEI-035/CAM-01,2022
258950,10583390,-74.17971379957,4.59875198974,CL 63  S- KR 77 I  02,2022,Octubre,30,domingo,15,9,Bosa,Choque,Vehículo,,Con Heridos,0,0,0,0,0,1,0,1,0,0,1,0,1,0,0,1,0,0,0,0,0,0,1002290.0,0.0038025368553351,422.0815909422015,AV.CL59SUR,CL59SUR;KR78C,4.6025243,-74.1792353,1.0,31.882137097016127,31.321057443790323,461.0,124.0,1.0,80,485.61371107212364,True,Autopista Sur,DEI-038/CAM-01,2022
258966,10583293,-74.05868482451,4.68034257114,AU NORTE - CL 93   02,2022,Octubre,30,domingo,1,20,Usaquén,Choque,Vehículo,,Con Heridos,0,1,0,0,0,1,0,0,0,0,0,0,0,0,0,0,0,0,0,0,0,0,1000036.0,0.0027468539776317,304.900791517127,AUTONORTE,CL82;CL80,4.6830666,-74.05833145,1.0,67.62037634403225,59.95637519185484,413.0,124.0,1.0,18,384.22721407435245,True,Autopista Norte,DEI-010/CAM-02,2022
259004,10583446,-74.1533639807,4.57330110009,CL 62  S- KR 44   02,2022,Octubre,30,domingo,12,50,Ciudad Bolívar,Choque,Vehículo,,Con Heridos,0,0,0,0,0,1,0,0,0,0,0,0,0,0,0,0,0,0,0,0,0,0,1000297.0,0.0224436420863012,2491.244271579443,CL1,KR21;AV.CARACAS,4.59354105,-74.14366545,0.0,18.596935028135597,18.5147298070339,756.0,118.0,0.0,52,530.8092473118958,True,Av Villavicencio,DEI-026/CAM-01,2022
259090,10582359,-74.179,4.597,AU SUR - KR 76   02,2022,Octubre,6,jueves,11,0,Bosa,Caida de ocupante,,,Con Heridos,0,0,0,0,1,0,0,0,0,0,1,0,1,1,0,0,0,0,1,0,0,0,1002290.0,0.0055293088700119,613.7532845713284,AV.CL59SUR,CL59SUR;KR78C,4.6025243,-74.1792353,0.0,29.884294872136756,29.630863485470083,460.0,117.0,0.0,80,345.56406095239754,True,Autopista Sur,DEI-038/CAM-01,2022
259095,10582408,-74.085,4.623,KR 30  - CL 23   02,2022,Octubre,8,sábado,20,6,Los Mártires,Choque,Vehículo,,Con Heridos,0,0,0,0,0,0,0,0,0,0,0,0,0,0,0,0,0,0,0,0,0,0,1001981.0,0.0023726510341817,263.3642647941768,NQS,CAD;CL18,4.6206293,-74.08509620000001,1.0,38.55733695652174,37.090843821195655,1457.0,92.0,1.0,21,120.29969328138631,True,Av. NQS,DEI-012/CAM-01,2022
259096,10582852,-74.099,4.739,KR 104  - CL 135 A  02,2022,Octubre,18,martes,19,0,Suba,Atropello,,,Con Heridos,0,0,0,0,0,1,1,0,0,0,0,0,0,0,0,0,0,0,0,0,0,0,1000951.0,0.0026692612086493,296.2879941600821,AV.SUBA,CL127;HUMEDAL.CORDOBA,4.7388854,-74.1016668,1.0,35.17461021540322,34.981318113951616,1026.0,124.0,1.0,28,42.84729415520441,True,Av. Ciudad de Cali,DEI-015/CAM-02,2022
259102,10582915,-74.064,4.646,KR 13  - CL 59   02,2022,Octubre,20,jueves,12,33,Chapinero,Atropello,,,Con Muertos,0,0,0,0,0,1,1,0,0,0,0,0,0,0,0,0,0,0,0,0,0,0,1002025.0,0.0047367323721151,525.7772933047825,AUTONORTE,SANTA.FE;TOBERIN,4.64911745,-74.06756625,1.0,26.1446468929661,26.2089065779661,494.0,118.0,1.0,42,136.54803764759302,True,Av. Caracas,DEI-021/CAM-01,2022
259107,10582793,-74.054,4.712,KR 145 A  - CL 128   02,2022,Octubre,15,sábado,16,0,Suba,Atropello,,,Con Heridos,0,0,0,0,1,1,1,0,0,0,0,0,0,0,0,0,0,0,0,0,0,0,1001952.0,0.0069048750939118,766.4411354242128,KR15,CL106;CL100,4.71847495,-74.0516016,0.0,14.197083333548388,13.94278726798387,486.0,124.0,0.0,74,226.8450205882071,True,Autopista Norte,DEI-036/CAM-01,2022
259133,10582026,-74.084,4.624,KR 30  - CL 33   02,2022,Octubre,3,lunes,9,0,Teusaquillo,Choque,Vehículo,,Con Heridos,0,0,0,0,0,0,0,1,0,0,1,0,1,1,0,0,0,0,1,0,0,0,1001981.0,0.0035444707545713,393.4362537574147,NQS,CAD;CL18,4.6206293,-74.08509620000001,1.0,42.15102777808333,42.02926222916667,1304.0,120.0,1.0,21,272.72095985339104,True,Av. NQS,DEI-012/CAM-01,2022
259219,10582089,-74.058,4.682,AU NORTE - CL 94   02,2022,Octubre,1,sábado,6,0,Chapinero,Choque,Vehículo,,Con Heridos,0,0,0,0,0,1,0,0,0,0,0,0,0,0,0,0,0,0,0,0,0,0,1000036.0,0.0011169130057855,123.97734364219453,AUTONORTE,CL82;CL80,4.6830666,-74.05833145,1.0,28.703877687983876,28.272429796532258,599.0,124.0,1.0,17,193.61586735825608,True,Autopista Norte,DEI-010/CAM-01,2022
259223,10582110,-74.043966075,4.76260129799999,KR 45  - CL 187   02,2022,Octubre,1,sábado,8,30,Usaquén,Caida de ocupante,,,Con Heridos,0,0,0,0,0,0,0,1,0,0,1,0,1,0,0,1,0,0,0,0,0,0,1000222.0,0.0063161620010891,701.0939821208913,CL147,KR19;KR15,4.7597534,-74.04960375,0.0,16.00422865,15.438598997355372,507.0,121.0,0.0,51,117.99733540113922,True,Autopista Norte,DEI-025/CAM-03,2022
259224,10582118,-74.113,4.71,CL 80  - KR 100   02,2022,Octubre,1,sábado,12,40,Engativá,Choque,Vehículo,,Solo Daños,0,1,0,0,0,0,0,0,0,1,0,0,0,0,0,0,0,0,0,0,0,1,1000722.0,0.0125028603484372,1387.8174986765391,KR86,CL10;CL13C,4.6984233,-74.11772245,0.0,23.099215686386557,22.68847495655462,1617.0,119.0,0.0,24,241.54807410581128,True,Av. Calle 80,DEI-013/CAM-02,2022
259226,10582123,-74.072,4.611,KR 10  - CL 24   02,2022,Octubre,2,domingo,1,36,Santa Fe,Choque,Vehículo,,Solo Daños,0,0,0,0,0,0,0,0,0,1,0,0,0,0,0,0,0,0,0,0,1,1,1000208.0,0.0022958618305494,254.84066319099432,KR7,CL63;CL72,4.609056150000001,-74.07322165,1.0,30.88508064532258,30.709959942983872,1123.0,124.0,1.0,55,449.3324113386873,True,Av. Carrera 10,DEI-027/CAM-02,2022
259228,10582129,-74.182,4.602,CL 65  S- KR 78 C  02,2022,Octubre,1,sábado,13,0,Bosa,Choque,Vehículo,,Solo Daños,0,0,0,0,0,1,0,0,0,0,1,0,0,0,0,0,0,0,0,0,0,0,1002290.0,0.0028139752273252,312.3512502331073,AV.CL59SUR,CL59SUR;KR78C,4.6025243,-74.1792353,1.0,32.163736110583336,31.624106845,485.0,120.0,1.0,13,361.47120970478636,True,Av. Bosa,DEI-008/CAM-01,2022
259299,10583378,-74.066073635,4.64643939199999,KR 14 A  - CL 59   02,2022,Octubre,31,lunes,22,40,Teusaquillo,Choque,Objeto Fijo,Vehiculo Estacionado,Con Heridos,0,0,1,0,0,1,1,0,0,0,0,0,0,0,0,0,0,0,0,0,0,0,1002025.0,0.0030659246875382,340.3176403167412,AUTONORTE,SANTA.FE;TOBERIN,4.64911745,-74.06756625,1.0,21.929771505725807,21.757797939112905,467.0,124.0,1.0,42,123.66238891698134,True,Av. Caracas,DEI-021/CAM-01,2022
259302,10583385,-74.19837004535,4.63389514438,CL 63  S- KR 97 B  02,2022,Octubre,30,domingo,16,50,Bosa,Caida de ocupante,,,Con Heridos,0,0,0,0,0,0,0,1,0,0,1,0,1,0,0,1,0,0,0,0,0,0,1000981.0,0.0269381349331739,2990.1329775823037,DIAG16,KR90;KR97,4.6495069,-74.176417,0.0,32.567352150403224,32.17212198629032,1859.0,124.0,0.0,84,6.289323534864735,True,Calle 63 Sur,DEI-040/CAM-01,2022
259414,10582804,-74.142,4.593,KR 54  - DG 47 A  S 02,2022,Octubre,15,sábado,22,45,Tunjuelito,Choque,Vehículo,,Con Heridos,0,0,0,0,0,1,0,0,0,0,0,0,0,0,0,0,0,0,0,0,0,0,1000297.0,0.0017511307218521,194.3755101255894,CL1,KR21;AV.CARACAS,4.59354105,-74.14366545,1.0,29.111344085887097,28.59977035314516,468.0,124.0,1.0,9,367.20115347366834,True,Av. Boyacá,DEI-006/CAM-02,2022
259422,10582853,-74.043,4.75,CL 170  - KR 20   02,2022,Octubre,18,martes,19,55,Usaquén,Atropello,,,Con Heridos,0,0,0,0,0,0,1,0,0,0,0,0,0,0,0,0,0,0,0,0,0,0,1000222.0,0.0117787234292369,1307.4383006453038,CL147,KR19;KR15,4.7597534,-74.04960375,0.0,12.267956989354838,12.256297427419351,514.0,124.0,0.0,44,445.17949808367575,True,Autopista Norte,DEI-022/CAM-01,2022
259539,10582293,-74.07734011893,4.64717542993,CL 57 A  - KR 28   02,2022,Octubre,5,miércoles,12,50,Teusaquillo,Choque,Vehículo,,Solo Daños,0,1,0,0,0,0,0,0,0,0,0,0,0,0,0,0,0,0,0,0,0,0,1001929.0,0.0006782058764915,75.28085229056094,CL57,TV25;AV.CARACAS,4.64651115,-74.07747685000001,1.0,11.599279660762711,10.760635592711864,350.0,118.0,1.0,30,230.28250607193195,True,Av. NQS,DEI-016/CAM-02,2022
259543,10582419,-74.1,4.749,CL 145  - KR 111   02,2022,Octubre,8,sábado,16,20,Suba,Choque,Vehículo,,Con Heridos,1,0,0,0,0,1,0,0,0,0,0,0,0,0,0,0,0,0,0,0,0,0,1001707.0,0.0082531939811172,916.1045319040128,AV.SUBA,CL136;CL127,4.7425033,-74.09491,0.0,33.50306451604839,33.51304455048388,837.0,124.0,0.0,67,494.8188067919616,True,Av. Ciudad de Cali,DEI-032/CAM-02,2022
259720,10582779,-74.17,4.628,CL 43  S- KR 85 D  02,2022,Octubre,14,viernes,6,8,Kennedy,Caida de ocupante,,,Con Heridos,0,0,0,0,0,0,0,1,0,0,1,0,1,0,0,1,0,0,0,0,0,0,1001031.0,0.0187317423936618,2079.2234056964635,KR72,CL43AS;KR69B,4.623493,-74.15181855,0.0,24.852096774435484,24.792393230080645,2472.0,124.0,0.0,79,230.1158027207112,True,Av. Ciudad de Cali,DEI-037/CAM-02,2022
259755,10583020,-74.138,4.63,KR 72  - CL 6   02,2022,Octubre,20,jueves,11,45,Kennedy,Choque,Objeto Fijo,Otro,Con Heridos,0,1,0,1,0,0,0,0,0,0,0,0,0,0,0,0,0,0,0,0,0,0,1000780.0,0.0038792973220078,430.6020027428687,CL6,KR42;KR36,4.62659345,-74.1361441,1.0,21.958635057586207,21.64229000965517,1413.0,116.0,1.0,2,156.1928096102216,True,Av. Boyacá,DEI-002/CAM-01,2022
259789,10582391,-74.064005057,4.64596610699999,KR 13  - CL 59   02,2022,Octubre,9,domingo,1,49,Chapinero,Choque,Vehículo,,Con Heridos,0,0,0,0,0,1,0,0,0,0,0,0,0,0,0,0,0,0,0,0,0,0,1002025.0,0.0047553189469198,527.8404031081064,AUTONORTE,SANTA.FE;TOBERIN,4.64911745,-74.06756625,1.0,27.55758064491935,24.717545026693543,418.0,124.0,1.0,42,138.34278840149085,True,Av. Caracas,DEI-021/CAM-01,2022
259985,10582453,-74.068,4.645,CL 57  - KR 16   02,2022,Octubre,9,domingo,20,20,Teusaquillo,Choque,Vehículo,,Solo Daños,0,0,0,0,0,1,0,0,0,0,0,0,0,0,0,0,0,0,0,0,0,0,1000660.0,0.0033781050102088,374.9696561331856,AV.CIRCUNVALAR,CL59;CL69,4.6451685000000005,-74.0713739,1.0,41.833427419274194,41.23850608322581,540.0,124.0,1.0,42,384.34380289771053,True,Av. Caracas,DEI-021/CAM-01,2022
259991,10582481,-74.098,4.748,CL 145  - KR 107   02,2022,Octubre,10,lunes,8,30,Suba,Caida de ocupante,,,Con Heridos,0,0,0,0,0,0,0,1,0,0,1,0,1,0,1,0,0,0,0,0,0,0,1001707.0,0.0063056967013965,699.9323338550146,AV.SUBA,CL136;CL127,4.7425033,-74.09491,0.0,26.07882920107438,26.21356269710744,1128.0,121.0,0.0,67,246.61546431508015,True,Av. Ciudad de Cali,DEI-032/CAM-02,2022
260041,10582801,-74.073,4.668,KR 30  - CL 72   02,2022,Octubre,15,sábado,16,30,Barrios Unidos,Choque,Vehículo,,Con Heridos,0,0,0,0,0,1,0,1,0,0,0,0,0,0,0,0,0,0,0,0,0,0,1000203.0,0.0035998963207229,399.5884916002518,KR7,CL188;CL175,4.6708734,-74.0708314,1.0,18.19336021532258,17.573627180725808,1300.0,124.0,1.0,39,127.28451664648502,True,Av. NQS,DEI-019/CAM-02,2022
260044,10582849,-74.104,4.675,AV AVENIDA BOYACA - CL 63   02,2022,Octubre,18,martes,9,0,Engativá,Choque,Vehículo,,Con Heridos,1,0,0,0,0,0,0,0,0,0,0,0,0,0,0,0,0,0,0,0,0,0,1000228.0,0.0029876389423835,331.6279226045761,KR72,CL169;CL170,4.6733282,-74.10647610000001,1.0,31.26472222258333,31.146343140416665,870.0,120.0,1.0,12,162.50402692249034,True,Av. Boyacá,DEI-007/CAM-03,2022
260050,10582865,-74.112,4.71,CL 80  - KR 98   02,2022,Octubre,17,lunes,10,0,Engativá,Atropello,,,Con Heridos,0,0,0,0,0,0,1,1,0,0,1,0,1,0,1,0,0,0,0,0,0,0,1000722.0,0.0129138072191196,1433.4326013222758,KR86,CL10;CL13C,4.6984233,-74.11772245,0.0,23.0535833335,23.03671522975,1560.0,120.0,0.0,24,309.1593991852694,True,Av. Calle 80,DEI-013/CAM-02,2022
260051,10582866,-74.112,4.745,CL 137  - KR 129   02,2022,Octubre,19,miércoles,6,30,Suba,Atropello,,,Con Heridos,0,0,0,0,1,1,1,0,0,0,0,0,0,0,0,0,0,0,0,0,0,0,1000951.0,0.0120068045457487,1332.755304578115,AV.SUBA,CL127;HUMEDAL.CORDOBA,4.7388854,-74.1016668,0.0,30.80260752709677,30.788496093629032,2002.0,124.0,0.0,6,176.58499195215177,True,Calle 139,DEI-004/CAM-01,2022
260061,10582889,-74.057,4.68,KR 30  - CL 93   02,2022,Octubre,18,martes,12,40,Chapinero,Choque,Vehículo,,Con Heridos,0,0,0,0,0,1,0,0,0,0,0,0,0,0,0,0,0,0,0,0,0,0,1000940.0,0.0016383313347754,181.8547781600772,CL24,KR14;KR10,4.681202,-74.05588675,1.0,9.968591954224136,8.651192529137932,345.0,116.0,1.0,17,428.18581774039535,True,Autopista Norte,DEI-010/CAM-01,2022
260104,10582581,-74.137,4.661,CL 17  - KR 87   02,2022,Octubre,10,lunes,14,50,Fontibón,Choque,Vehículo,,Solo Daños,0,0,0,0,0,0,0,0,0,1,0,0,0,0,0,0,0,0,0,0,0,1,1000650.0,0.0039201823940279,435.1402457371065,KR72,CL127;CL134,4.6623088,-74.13330475000001,1.0,23.507763889,23.257242038166662,1550.0,120.0,1.0,20,457.47021875993045,True,Av. Ciudad de Cali,DEI-011/CAM-01,2022
260107,10582593,-74.138,4.63,CL 6  - KR 72   02,2022,Octubre,12,miércoles,2,0,Kennedy,Choque,Vehículo,,Con Heridos,0,0,0,0,1,0,0,0,0,1,0,0,0,0,0,0,0,0,0,0,0,1,1000780.0,0.0038792973220078,430.6020027428687,CL6,KR42;KR36,4.62659345,-74.1361441,1.0,41.60719086040323,39.00120579362903,508.0,124.0,1.0,2,156.1928096102216,True,Av. Boyacá,DEI-002/CAM-01,2022
260112,10582631,-74.06,4.687,CL 100  - KR 47 A  02,2022,Octubre,12,miércoles,19,40,Barrios Unidos,Atropello,,,Con Heridos,0,0,0,0,0,1,1,0,0,0,0,0,0,0,0,0,0,0,0,0,0,0,1000773.0,0.0038846611718369,431.1973900738981,KR50,CL33SUR;CL16SUR,4.6906399,-74.0613571,1.0,27.43650537653226,27.50282036370968,594.0,124.0,1.0,19,380.83835756627536,True,Autopista Norte,DEI-010/CAM-03,2022
260113,10582634,-74.146,4.631,AV AVENIDA DE LAS AMERICAS - KR 78 B  02,2022,Octubre,13,jueves,17,50,Kennedy,Atropello,,,Con Heridos,0,0,0,0,0,1,1,1,0,0,0,0,0,0,0,0,0,0,0,0,0,0,1000040.0,0.0055564265864006,616.7633510904756,KR24,CL72;CL80,4.627228499999999,-74.1419196,0.0,16.12747311830645,16.131959119596775,1004.0,124.0,0.0,48,73.03572391781701,True,Av. Américas,DEI-024/CAM-01,2022
260115,10583133,-74.1118288199,4.6664280472,CL 26  - KR 72   02,2022,Octubre,25,martes,9,45,Fontibón,Choque,Vehículo,,Con Heridos,0,0,0,0,0,0,0,1,0,1,0,0,0,0,0,0,0,0,0,0,0,1,1000651.0,0.0057740222960742,640.916474864239,KR72,CL153;CL163,4.669980600000001,-74.1163806,0.0,36.64801388908334,36.599357872750005,3830.0,120.0,0.0,46,357.8840447341492,True,Av. Boyacá,DEI-023/CAM-01,2022
260116,10583351,-74.13943094198,4.61852842136,CL 26  S- KR 72 B  02,2022,Octubre,29,sábado,18,30,Kennedy,Choque,Vehículo,,Con Heridos,0,0,0,0,0,1,0,0,0,0,0,0,0,0,0,0,0,0,0,0,0,0,1000942.0,0.0035811088885934,397.5030866338713,TV39,CL6;CL13,4.62102935,-74.1368678,1.0,16.951518817338712,16.336770161370968,437.0,124.0,1.0,0,331.217401428258,True,Av. Boyacá,DEI-001/CAM-01,2022
260118,10583361,-74.10122451966,4.74758414408,CL 142 B  - KR 111 A  02,2022,Octubre,28,viernes,17,0,Suba,Atropello,,,Con Heridos,0,0,0,0,0,1,1,1,0,0,0,0,0,0,0,0,0,0,0,0,0,0,1001707.0,0.0081048217193058,899.6352108429512,AV.SUBA,CL136;CL127,4.7425033,-74.09491,0.0,34.57569892483871,34.49244402491936,835.0,124.0,0.0,66,551.1718131150831,True,Av. Ciudad de Cali,DEI-032/CAM-01,2022
260192,10583541,-74.13957002534,4.65594210117,AV AVENIDA CIUDAD DE CALI - CL 14   02,2022,Octubre,31,lunes,21,0,Kennedy,Choque,Vehículo,,Con Heridos,1,0,0,0,0,1,0,0,0,0,0,0,0,0,0,0,0,0,0,0,0,0,1001019.0,0.0046137351832337,512.1246053389482,KR72,CL75;CL66A,4.65133785,-74.1398657,1.0,24.64306451580645,24.44565310370968,1919.0,124.0,1.0,20,196.33875974335547,True,Av. Ciudad de Cali,DEI-011/CAM-01,2022
260261,10582727,-74.081,4.686,CL 80  - KR 68 H  02,2022,Octubre,16,domingo,7,52,Engativá,Choque,Vehículo,,Solo Daños,0,0,0,0,0,0,0,0,0,0,0,0,0,0,0,0,0,0,0,0,0,0,1002026.0,0.0044633872610829,495.43598598020895,AV.SUBA,SAN.MARTIN;CL94C,4.68380755,-74.08488779999999,1.0,29.11509408620968,29.04380280370968,636.0,124.0,1.0,72,376.7818490081425,True,Av. Carrera 68,DEI-035/CAM-01,2022
260263,10582729,-74.104,4.668,KR 70  - CL 53   02,2022,Octubre,17,lunes,1,40,Engativá,Choque,Vehículo,,Solo Daños,0,0,1,0,0,0,0,0,0,0,0,0,0,0,0,0,0,0,0,0,0,0,1002275.0,0.0009815447480895,108.9514670379431,CL153,KR54;KR56,4.6682687000000005,-74.10494405,1.0,29.06626344080645,23.82489247298387,372.0,124.0,1.0,10,458.07450255799955,True,Av. Boyacá,DEI-007/CAM-01,2022
260314,10582549,-74.07054669,4.726408558,AV AVENIDA BOYACA - CL 134   02,2022,Octubre,9,domingo,8,30,Suba,Choque,,,Con Heridos,0,0,0,0,0,1,0,0,0,0,0,0,0,0,0,0,0,0,0,0,0,0,1000070.0,0.0046577888034829,517.0145571866078,CL92,KR15;KR11,4.7303056,-74.0679956,1.0,17.71838843016529,17.15003463214876,468.0,121.0,1.0,15,533.9520005865581,True,Av. Boyacá,DEI-009/CAM-01,2022
260377,10582897,-74.075,4.665,KR 30  - CL 70   02,2022,Octubre,18,martes,11,0,Barrios Unidos,Caida de ocupante,,,Con Heridos,0,0,0,0,0,0,0,1,0,0,1,0,1,1,0,0,0,0,1,0,0,0,1000202.0,0.004659655416713,517.2217512551498,KR7,CL175;CL188,4.6690147500000005,-74.0773652,1.0,26.82625356128205,26.70315202700855,1616.0,117.0,1.0,38,289.6636454294867,True,Av. NQS,DEI-019/CAM-01,2022
260384,10582922,-74.146,4.57,CL 60 A  - KR 23  S 02,2022,Octubre,19,miércoles,14,59,Ciudad Bolívar,Choque,Vehículo,,Con Heridos,0,0,0,0,0,1,0,0,0,0,0,0,0,0,0,0,0,0,0,0,0,0,1002271.0,0.0233378124168117,2590.4971782661096,KR72,KR1;KR4AE,4.582431,-74.12624845,0.0,18.5390555555,18.53804970583333,555.0,120.0,0.0,53,316.12933407903245,True,Av Villavicencio,DEI-026/CAM-02,2022
260385,10582923,-74.079,4.652,CL 63  - KR 35   02,2022,Octubre,20,jueves,23,0,Barrios Unidos,Choque,Vehículo,,Con Muertos,1,0,0,0,0,1,0,0,0,0,0,0,0,0,0,0,0,0,0,0,0,0,1002294.0,0.0019089810927498,211.8969012952383,CL53,CL63;KR72,4.6511753,-74.07727835,1.0,19.62528225798387,17.8522903225,404.0,124.0,1.0,31,274.3597971694172,True,Av. NQS,DEI-016/CAM-03,2022
260390,10582973,-74.068,4.647,KR 17  - CL 59   02,2022,Octubre,21,viernes,10,10,Teusaquillo,Choque,Vehículo,,Con Heridos,0,0,0,0,0,1,0,1,0,0,0,0,0,0,0,0,0,0,0,0,0,0,1002025.0,0.0021614193403871,239.91754678297204,AUTONORTE,SANTA.FE;TOBERIN,4.64911745,-74.06756625,1.0,26.748013888583333,26.33425724175,498.0,120.0,1.0,43,314.6576669937818,True,Av. Caracas,DEI-021/CAM-02,2022
260435,10582579,-74.057,4.683,KR 45  - CL 95   02,2022,Octubre,11,martes,12,35,Chapinero,Choque,Vehículo,,Solo Daños,0,1,0,0,0,0,0,0,0,0,0,0,0,0,0,0,0,0,0,0,0,0,1000036.0,0.0013331146471653,147.9757258353524,AUTONORTE,CL82;CL80,4.6830666,-74.05833145,1.0,25.639229691932776,25.29193480722689,517.0,119.0,1.0,17,132.38990853718462,True,Autopista Norte,DEI-010/CAM-01,2022
260443,10583427,-74.03826502745,4.69077241062,KR 9  - CL 110   02,2022,Octubre,31,lunes,9,30,Usaquén,Choque,Vehículo,,Solo Daños,0,0,0,0,0,0,0,1,0,0,0,0,0,0,0,0,0,0,0,0,0,0,1000044.0,0.0112544556516144,1249.2445773292063,KR15,CL77;CL92,4.7007512,-74.0434695,0.0,19.589861111166663,18.216694444416664,359.0,120.0,0.0,71,382.4068825074789,True,Av. Carrera 9,DEI-034/CAM-02,2022
260586,10582734,-74.087168083,4.58197399400001,CL 8 A  S- KR 8   02,2022,Octubre,17,lunes,15,35,San Cristóbal,Choque,Vehículo,,Solo Daños,0,0,0,0,0,0,0,0,0,1,0,0,0,0,0,0,0,0,0,0,0,1,1000308.0,0.0077979467121932,865.5720850534547,KR5,CL27;CL24,4.57422605,-74.08804975000001,0.0,22.291491935,22.22408398782258,646.0,124.0,0.0,37,472.96524858346305,True,Av. Carrera 10,DEI-018/CAM-02,2022
260747,10582819,-74.088,4.619,AK 30  - CL 19   02,2022,Octubre,15,sábado,23,0,Puente Aranda,Atropello,,,Con Muertos,0,0,0,0,0,1,1,0,0,0,0,0,0,0,0,0,0,0,0,0,0,0,1001991.0,0.0024145368189279,268.0135869010056,NQS,GRAL.SANTANDER;KR68;,4.6181546,-74.0857383,1.0,38.62772849467742,34.39487701629032,401.0,124.0,1.0,22,428.614832200205,True,Av. NQS,DEI-012/CAM-02,2022
261133,10583354,-74.072036933,4.66900692399997,KR 30  - CL 74   02,2022,Octubre,27,jueves,12,5,Barrios Unidos,Choque,Vehículo,,Con Heridos,0,0,0,0,0,1,0,0,0,0,0,0,0,0,0,0,0,0,0,0,0,0,1000203.0,0.0022219456502767,246.6359671807156,KR7,CL188;CL175,4.6708734,-74.0708314,1.0,21.665182072857142,20.774624271680672,752.0,119.0,1.0,39,28.98610608902418,True,Av. NQS,DEI-019/CAM-02,2022
261141,10583369,-74.16437017685,4.6181641049,CL 43  S- KR 74   02,2022,Octubre,30,domingo,18,31,Kennedy,Choque,Vehículo,,Con Heridos,0,0,0,0,0,1,0,0,0,1,0,0,0,0,0,0,0,0,0,0,0,1,1001028.0,0.011805067703872,1310.3625151297997,KR72,CL3;AV.P.MAYO,4.611398400000001,-74.15469625,0.0,16.406827957096773,16.216066692419354,565.0,124.0,0.0,26,389.4160128716396,True,Av. Primero de Mayo,DEI-014/CAM-02,2022
261456,10583370,-74.123681462,4.62242445099997,DG 2  - KR 66   02,2022,Octubre,28,viernes,21,10,Puente Aranda,Choque,Vehículo,,Con Heridos,0,0,0,0,0,1,0,0,0,0,0,0,0,0,0,0,0,0,0,0,0,0,1001711.0,0.0060593117382108,672.5836029414037,CL169B;CL170,KR58;KR20,4.6240064,-74.1178323,0.0,28.093467742741936,28.09653302612903,589.0,124.0,0.0,4,546.8602570493141,True,Av. Carrera 68,DEI-003/CAM-01,2022
261457,10583371,-74.12263659422,4.58997925441,AU SUR - CL 37  S 02,2022,Octubre,28,viernes,19,30,Puente Aranda,Choque,Vehículo,,Con Heridos,0,0,0,0,0,1,0,0,0,0,0,0,0,0,0,0,0,0,0,0,0,0,1000667.0,0.0072638250915638,806.2845851635925,AV.P.MAYO,AV.CARACAS;KR10,4.5827155,-74.12260455,0.0,16.34813172032258,16.3071549,909.0,124.0,0.0,7,429.4970691256219,True,Av. Gaitán Cortés,DEI-005/CAM-01,2022
261461,10583391,-74.08038643782,4.68532435653,CL 80  - KR 68 C  02,2022,Octubre,31,lunes,7,30,Engativá,Choque,Vehículo,,Con Heridos,0,0,0,0,0,1,0,0,0,0,0,0,0,0,0,0,0,0,0,0,0,0,1002026.0,0.0047500487918471,527.2554158950383,AV.SUBA,SAN.MARTIN;CL94C,4.68380755,-74.08488779999999,1.0,29.11509408620968,29.04380280370968,636.0,124.0,1.0,72,293.9835745214089,True,Av. Carrera 68,DEI-035/CAM-01,2022
261471,10583423,-74.11504057829,4.71344633756,CL 80  - KR 104   02,2022,Octubre,30,domingo,13,58,Engativá,Volcamiento,,,Con Heridos,0,0,0,0,0,1,0,0,0,0,0,0,0,0,0,0,0,0,0,0,0,0,1000720.0,0.0118632405439938,1316.8197003833222,KR86,CL13C;CL19A,4.71067115,-74.12657465000001,0.0,21.330000000166667,21.286397746916663,1195.0,120.0,0.0,23,174.05586344634543,True,Av. Calle 80,DEI-013/CAM-01,2022
261580,10583245,-74.17653290217,4.62401880334,KR 85  - CL 51 A  S 02,2022,Octubre,30,domingo,3,40,Bosa,Choque,Objeto Fijo,Vehiculo Estacionado,Con Muertos,0,1,0,0,0,1,0,0,0,0,0,0,0,0,0,0,0,0,0,0,0,0,1002290.0,0.0216637168524912,2404.672570626533,AV.CL59SUR,CL59SUR;KR78C,4.6025243,-74.1792353,0.0,28.57743279556452,28.286371674274196,608.0,124.0,0.0,64,251.06034083756265,True,Av. Ciudad de Cali,DEI-031/CAM-01,2022
261645,10582034,-74.179,4.597,AU SUR - CL 65  S 02,2022,Octubre,1,sábado,21,0,Bosa,Choque,Vehículo,,Con Heridos,1,0,0,0,0,0,0,0,0,0,1,0,1,1,0,0,0,0,1,0,0,0,1002290.0,0.0055293088700119,613.7532845713284,AV.CL59SUR,CL59SUR;KR78C,4.6025243,-74.1792353,0.0,29.91764784935484,29.317328244758063,508.0,124.0,0.0,80,345.56406095239754,True,Autopista Sur,DEI-038/CAM-01,2022
261703,10582656,-74.138,4.63,AV AVENIDA BOYACA - AV AVENIDA DE LAS AMERICAS  02,2022,Octubre,12,miércoles,14,46,Kennedy,Choque,,,Solo Daños,0,1,0,1,0,0,0,0,0,0,0,0,0,0,0,0,0,0,0,0,0,0,1000780.0,0.0038792973220078,430.6020027428687,CL6,KR42;KR36,4.62659345,-74.1361441,1.0,22.24737500008333,21.980808522,1092.0,120.0,1.0,2,156.1928096102216,True,Av. Boyacá,DEI-002/CAM-01,2022
261708,10582677,-74.062,4.681,CL 93  - KR 49   02,2022,Octubre,13,jueves,22,43,Barrios Unidos,Choque,Vehículo,,Con Heridos,0,0,0,0,0,1,0,0,0,0,0,0,0,0,0,0,0,0,0,0,0,0,1000036.0,0.0042105931485365,467.3758394875622,AUTONORTE,CL82;CL80,4.6830666,-74.05833145,1.0,45.45759408645161,45.2041356567742,505.0,124.0,1.0,18,529.6554347124514,True,Autopista Norte,DEI-010/CAM-02,2022
261794,10583477,-74.07533129378,4.6079018123,CL 19  - KR 13   02,2022,Octubre,2,domingo,1,59,Santa Fe,Choque,Vehículo,,Con Heridos,0,0,0,0,0,1,0,0,0,0,0,0,0,0,0,0,0,0,0,0,0,0,1000653.0,0.0013028809248266,144.61978265575917,AV.CIRCUNVALAR,KR7;CL83,4.6066223,-74.07557695,1.0,46.99836065565574,36.354685792459016,365.0,122.0,1.0,55,187.13475449041633,True,Av. Carrera 10,DEI-027/CAM-02,2022
261811,10583581,-74.1483965296,4.59513394984,AU SUR - KR 61 A  02,2022,Octubre,31,lunes,8,31,Ciudad Bolívar,Choque,Vehículo,,Con Muertos,0,0,0,0,0,1,0,0,0,0,1,0,1,0,0,1,0,0,0,0,0,0,1000297.0,0.0049920380689521,554.1162256536911,CL1,KR21;AV.CARACAS,4.59354105,-74.14366545,1.0,21.595977962066115,21.28546412743801,750.0,121.0,1.0,8,413.417948484273,True,Av. Boyacá,DEI-006/CAM-01,2022
261820,10582414,-74.111,4.709,CL 80  - KR 98   02,2022,Octubre,8,sábado,18,45,Engativá,Atropello,,,Con Heridos,0,0,0,0,0,1,1,0,0,0,0,0,0,0,0,0,0,0,0,0,0,0,1000722.0,0.0125322750086513,1391.0825259602973,KR86,CL10;CL13C,4.6984233,-74.11772245,0.0,31.660268817016128,31.55356907620968,1507.0,124.0,0.0,24,466.1134264233075,True,Av. Calle 80,DEI-013/CAM-02,2022
261961,10582080,-74.078,4.668,CL 70 A  - KR 55   02,2022,Octubre,2,domingo,14,0,Barrios Unidos,Choque,Vehículo,,Con Heridos,1,0,0,0,0,0,0,0,0,0,0,0,0,0,0,0,0,0,0,0,0,0,1000202.0,0.0011969497075905,132.8614175425531,KR7,CL175;CL188,4.6690147500000005,-74.0773652,1.0,24.757069444000003,24.17549151533333,1767.0,120.0,1.0,38,444.60898867820225,True,Av. NQS,DEI-019/CAM-01,2022
261966,10582174,-74.058,4.682,AU NORTE - CL 94   02,2022,Octubre,2,domingo,14,41,Chapinero,Choque,Vehículo,,Solo Daños,0,1,0,0,0,0,0,0,0,0,0,0,0,0,0,0,0,0,0,0,0,0,1000036.0,0.0011169130057855,123.97734364219453,AUTONORTE,CL82;CL80,4.6830666,-74.05833145,1.0,28.310305555583334,28.196496491416667,522.0,120.0,1.0,17,193.61586735825608,True,Autopista Norte,DEI-010/CAM-01,2022
262022,10582698,-74.068,4.647,KR 17  - CL 59   02,2022,Octubre,13,jueves,17,10,Teusaquillo,Choque,Vehículo,,Con Heridos,0,0,0,0,0,1,0,0,0,0,0,0,0,0,0,0,0,0,0,0,0,0,1002025.0,0.0021614193403871,239.91754678297204,AUTONORTE,SANTA.FE;TOBERIN,4.64911745,-74.06756625,1.0,19.73655914,19.707210797580643,564.0,124.0,1.0,43,314.6576669937818,True,Av. Caracas,DEI-021/CAM-02,2022
262030,10582759,-74.145,4.568,AV AVENIDA CIUDAD DE VILLAVICENCIO - KR 22 B  02,2022,Octubre,17,lunes,3,50,Ciudad Bolívar,Choque,Vehículo,,Con Heridos,0,1,0,0,0,0,0,0,0,1,0,0,0,0,0,0,0,0,0,0,0,1,1002271.0,0.0236616649541434,2626.444809909928,KR72,KR1;KR4AE,4.582431,-74.12624845,0.0,25.12978494620968,24.60035195879032,486.0,124.0,0.0,53,508.1954626673972,True,Av Villavicencio,DEI-026/CAM-02,2022
262036,10582767,-74.075,4.72,AV AVENIDA TRANSVERSAL DE SUBA - CL 129   02,2022,Octubre,18,martes,22,30,Suba,Choque,Vehículo,,Solo Daños,0,0,0,0,0,0,0,0,0,1,0,0,0,0,0,0,0,0,0,0,0,1,1001047.0,0.0054472524019023,604.6450166111579,KR68,CL66;CL19,4.718268699999999,-74.0801648,0.0,30.17702586206897,30.18622578603448,557.0,116.0,0.0,16,322.79578999688306,True,Av. Boyacá,DEI-009/CAM-02,2022
262120,10582058,-74.153,4.632,KR 79 C BIS - DG 2   02,2022,Octubre,1,sábado,16,20,Kennedy,Choque,Vehículo,,Con Heridos,1,0,0,0,0,1,0,0,0,0,0,0,0,0,0,0,0,0,0,0,0,0,1001031.0,0.0085886479205115,953.3399191767796,KR72,CL43AS;KR69B,4.623493,-74.15181855,0.0,19.282674731048385,19.32001013201613,2245.0,124.0,0.0,49,310.55141277993795,True,Av. Américas,DEI-024/CAM-02,2022
262122,10582064,-74.078,4.651,KR 30  - CL 62   02,2022,Octubre,1,sábado,15,15,Teusaquillo,Choque,Vehículo,,Con Heridos,0,0,0,0,0,0,0,1,0,1,0,0,0,0,0,0,0,0,0,0,0,1,1002294.0,0.0007426363931992,82.43263964511921,CL53,CL63;KR72,4.6511753,-74.07727835,1.0,11.771097561300811,11.449500484390244,462.0,123.0,1.0,31,186.24693431266493,True,Av. NQS,DEI-016/CAM-03,2022
262141,10582438,-74.117,4.663,CL 24  - KR 72 A  02,2022,Octubre,8,sábado,8,20,Fontibón,Choque,Vehículo,,Con Heridos,0,0,0,0,0,1,0,1,0,0,0,0,0,0,0,0,0,0,0,0,0,0,1000651.0,0.007008026307029,777.8909200802224,KR72,CL153;CL163,4.669980600000001,-74.1163806,0.0,36.95418732826446,36.75406629206611,3913.0,121.0,0.0,47,361.97011050151093,True,Av. Boyacá,DEI-023/CAM-02,2022
262143,10582445,-74.137505117,4.61677706400002,CL 26  S- KR 71 D  02,2022,Octubre,8,sábado,18,41,Kennedy,Choque,Vehículo,,Con Heridos,0,0,0,0,0,1,0,0,0,0,0,0,0,0,0,0,0,0,0,0,0,0,1000942.0,0.0042997801320658,477.27559465931193,TV39,CL6;CL13,4.62102935,-74.1368678,1.0,16.951518817338712,16.336770161370968,437.0,124.0,1.0,0,330.5286240616718,True,Av. Boyacá,DEI-001/CAM-01,2022
262307,10583395,-74.11714774716,4.71519975374,KR 107  - CL 79 B  02,2022,Octubre,30,domingo,15,30,Engativá,Atropello,,,Con Heridos,0,0,0,0,0,0,1,0,0,0,0,0,0,0,0,0,0,0,0,0,0,0,1000720.0,0.0104582383310403,1160.8644547454778,KR86,CL13C;CL19A,4.71067115,-74.12657465000001,0.0,25.16540322532258,25.046089954274198,1137.0,124.0,0.0,23,467.7835611000375,True,Av. Calle 80,DEI-013/CAM-01,2022
262310,10583400,-74.17066959326,4.62848884592,KR 86  - CL 43  S 02,2022,Octubre,31,lunes,7,10,Kennedy,Atropello,,,Con Heridos,0,0,0,0,0,0,1,0,0,0,1,0,1,0,1,0,0,0,0,0,0,0,1001031.0,0.0195018026973601,2164.700099406972,KR72,CL43AS;KR69B,4.623493,-74.15181855,0.0,22.601989247258064,22.84801483064516,2373.0,124.0,0.0,79,167.48946473854286,True,Av. Ciudad de Cali,DEI-037/CAM-02,2022
262311,10583401,-74.05144808476,4.69979181396,CL 118  - KR 20   02,2022,Octubre,30,domingo,12,30,Usaquén,Atropello,,,Con Heridos,0,0,0,0,0,1,1,0,0,0,0,0,0,0,0,0,0,0,0,0,0,0,1002011.0,0.0050198359734566,557.2017930536842,AUTONORTE,PEPE.SIERRA;CL100,4.697067349999999,-74.05566425,0.0,32.7808474570339,32.80386631347458,1331.0,118.0,0.0,61,514.0341975864436,True,Autopista Norte,DEI-029/CAM-04,2022
262312,10583403,-74.03321174567,4.6936969128,KR 7  - CL 116   02,2022,Octubre,30,domingo,14,0,Chapinero,Atropello,,,Con Heridos,0,0,0,0,0,0,1,0,0,0,0,0,0,0,0,0,0,0,0,0,0,0,1000184.0,0.0110909021327605,1231.0901367364186,KR15,CL94;CL100,4.704458949999999,-74.03053095,0.0,20.263236111,20.14888400283333,791.0,120.0,0.0,70,231.70295127936802,True,Av. Carrera 9,DEI-034/CAM-01,2022
262313,10583404,-74.07525805418,4.6080846902,CL 19  - KR 13   02,2022,Octubre,31,lunes,19,0,Santa Fe,Choque,Vehículo,,Con Heridos,0,0,0,0,0,1,0,1,0,1,0,0,0,0,0,0,0,0,0,0,0,1,1000653.0,0.0014967563733191,166.1399574384254,AV.CIRCUNVALAR,KR7;CL83,4.6066223,-74.07557695,1.0,31.03877688169355,30.90026881717742,370.0,124.0,1.0,55,187.44310293605201,True,Av. Carrera 10,DEI-027/CAM-02,2022
262352,10583690,-74.08554700796,4.62181585331,AK 30  - CL 22   02,2022,Octubre,7,viernes,1,45,Teusaquillo,Atropello,,,Con Heridos,0,0,0,0,0,0,1,0,0,0,0,0,0,0,0,0,0,0,0,0,0,0,1001981.0,0.0012693055480322,140.89291583157697,NQS,CAD;CL18,4.6206293,-74.08509620000001,1.0,60.38891304478261,49.64712974521739,105.0,23.0,1.0,22,18.222565255800305,True,Av. NQS,DEI-012/CAM-02,2022
262405,10582263,-74.111,4.661,KR 70  - CL 25   02,2022,Octubre,4,martes,21,37,Engativá,Choque,Vehículo,,Con Heridos,1,0,0,0,0,0,0,0,0,0,0,0,0,0,0,0,0,0,0,0,0,0,1001014.0,0.0016644945726848,184.7588975680165,KR72,CL138;CL153,4.66028985,-74.1094946,1.0,31.481747311612903,31.10608294701613,2492.0,124.0,1.0,47,448.72109527960714,True,Av. Boyacá,DEI-023/CAM-02,2022
262453,10582106,-74.053,4.686,CL 100  - KR 19 A  02,2022,Octubre,1,sábado,20,12,Usaquén,Choque,Vehículo,,Con Heridos,0,0,0,0,0,1,0,1,0,0,0,0,0,0,0,0,0,0,0,0,0,0,1000940.0,0.0055994758292639,621.5418170482994,CL24,KR14;KR10,4.681202,-74.05588675,0.0,13.45098118282258,10.530766129193548,370.0,124.0,0.0,19,491.1370244666063,True,Autopista Norte,DEI-010/CAM-03,2022
262455,10582112,-74.123,4.629,KR 68  - AV AVENIDA DE LAS AMERICAS  02,2022,Octubre,1,sábado,4,30,Puente Aranda,Choque,Objeto Fijo,Muro,Con Heridos,0,0,1,0,0,1,1,0,0,0,0,0,0,0,0,0,0,0,0,0,0,0,1001258.0,0.0057013101038372,632.8454215259313,CL63,TV85;KR77A,4.6325927,-74.11857309999999,0.0,26.0844892475,25.91121136193548,713.0,124.0,0.0,5,157.74101709324307,True,Av. Carrera 68,DEI-003/CAM-02,2022
262631,10583413,-74.13591808993,4.65944600096,CL 17  - KR 86   02,2022,Octubre,30,domingo,14,25,Fontibón,Choque,Vehículo,,Con Heridos,0,0,0,0,0,1,0,0,0,0,0,0,0,0,0,0,0,0,0,0,0,0,1000650.0,0.003876230634666,430.26160044793113,KR72,CL127;CL134,4.6623088,-74.13330475000001,1.0,23.507763889,23.257242038166662,1550.0,120.0,1.0,20,366.4846104996475,True,Av. Ciudad de Cali,DEI-011/CAM-01,2022
262634,10583416,-74.11452559416,4.71227015579,CL 80  - KR 103   02,2022,Octubre,31,lunes,0,40,Engativá,Choque,Vehículo,,Con Heridos,0,1,0,0,0,1,0,0,0,0,0,0,0,0,0,0,0,0,0,0,0,0,1000720.0,0.012154693173919,1349.1709423050188,KR86,CL13C;CL19A,4.71067115,-74.12657465000001,0.0,42.565873655887096,42.333563954032265,675.0,124.0,0.0,23,31.806023517364427,True,Av. Calle 80,DEI-013/CAM-01,2022
