Codigo_Accidente;Latitud;Longitud;Hora_Acc;Dia_Semana_Acc;Clase_Acc;Gravedad_Indicador_Tradicional;Localidad;corredor_camara;id_camara_cercana;dist_camara_m;anio
10498634;4,62971823499998;-74,133316029;15;martes;Choque;Solo Daños;Kennedy;Av. Américas;DEI-039/CAM-01;11,130021104788195;2019
10498652;4,59746662200001;-74,145369741;21;martes;Choque;Con Heridos;Kennedy;Av. Boyacá;DEI-006/CAM-02;498,9501268374368;2019
10498656;4,62692690799997;-74,1233916;9;miércoles;Choque;Con Heridos;Puente Aranda;Av. Carrera 68;DEI-003/CAM-01;56,76218637774269;2019
10499034;4,66636892899999;-74,111980126;18;sábado;Choque;Solo Daños;Fontibón;Av. Boyacá;DEI-023/CAM-01;342,3009464977272;2019
10499037;4,63089087600002;-74,144344442;9;sábado;Choque;Solo Daños;Kennedy;Av. Américas;DEI-024/CAM-01;111,13836279033696;2019
10499039;4,59413981;-74,141396364;11;sábado;Choque;Solo Daños;Tunjuelito;Av. Boyacá;DEI-006/CAM-02;453,1285492804723;2019
10499044;4,61619675600002;-74,137288183;10;sábado;Choque;Solo Daños;Kennedy;Av. Boyacá;DEI-001/CAM-01;335,8952164983139;2019
10499048;4,69874941799998;-74,055577226;1;sábado;Choque;Solo Daños;Usaquén;Autopista Norte;DEI-029/CAM-03;197,205661176997;2019
10499424;4,62553901500002;-74,121206866;18;jueves;Choque;Solo Daños;Puente Aranda;Av. Carrera 68;DEI-003/CAM-01;284,12169247675854;2019
10499432;4,68130731700001;-74,054840713;17;jueves;Choque;Solo Daños;Chapinero;Autopista Norte;DEI-010/CAM-01;436,9339828209176;2019
10499440;4,68861676099999;-74,056963038;18;jueves;Choque;Solo Daños;Usaquén;Autopista Norte;DEI-017/CAM-02;104,69641748215253;2019
10499442;4,668366402;-74,11469514;18;jueves;Choque;Solo Daños;Fontibón;Av. Boyacá;DEI-023/CAM-01;501,0763151772464;2019
10499812;4,60709351700001;-74,074253992;11;sábado;Choque;Solo Daños;Santa Fe;Av. Carrera 10;DEI-027/CAM-02;63,5159704219618;2019
10499813;4,70872872500001;-74,110704839;19;domingo;Choque;Solo Daños;Engativá;Av. Calle 80;DEI-013/CAM-02;510,5959285039938;2019
10499820;4,69980521100001;-74,051488353;23;sábado;Choque;Solo Daños;Usaquén;Autopista Norte;DEI-029/CAM-04;511,4110941864692;2019
10499821;4,68375147500001;-74,05755676;13;domingo;Choque;Solo Daños;Barrios Unidos;Autopista Norte;DEI-010/CAM-01;41,77323419956958;2019
10499824;4,583846639;-74,123928011;12;domingo;Choque;Solo Daños;Rafael Uribe Uribe;Av. Gaitán Cortés;DEI-005/CAM-01;494,6926101480941;2019
10500205;4,69689448100002;-74,050308943;20;viernes;Choque;Solo Daños;Usaquén;Autopista Norte;DEI-029/CAM-04;534,0930790047927;2019
10500207;4,630417916;-74,167962872;2;sábado;Choque;Solo Daños;Kennedy;Av. Ciudad de Cali;DEI-037/CAM-02;533,0856423889632;2019
10500217;4,582106963;-74,089797765;6;sábado;Choque;Solo Daños;San Cristóbal;Av. Carrera 10;DEI-018/CAM-02;246,85761748194145;2019
10500223;4,59151156500002;-74,145486892;13;sábado;Choque;Con Heridos;Ciudad Bolívar;Av. Boyacá;DEI-006/CAM-01;159,87692603302477;2019
10500608;4,66378178600002;-74,076144613;10;martes;Choque;Solo Daños;Barrios Unidos;Av. NQS;DEI-019/CAM-01;467,2461365819881;2019
10500609;4,72498242299997;-74,072237887;6;martes;Choque;Solo Daños;Suba;Av. Boyacá;DEI-009/CAM-01;291,60503959016967;2019
10500611;4,68117745400002;-74,055062568;7;martes;Choque;Solo Daños;Chapinero;Autopista Norte;DEI-010/CAM-01;427,33421977017537;2019
10500613;4,708570947;-74,110534595;10;martes;Choque;Solo Daños;Engativá;Av. Calle 80;DEI-013/CAM-02;536,3549682365473;2019
10500616;4,60450401899999;-74,070175128;13;martes;Choque;Solo Daños;Santa Fe;Av. Carrera 10;DEI-027/CAM-01;472,61753705716177;2019
10501015;4,62434774500002;-74,124608975;13;viernes;Volcamiento;Solo Daños;Puente Aranda;Av. Carrera 68;DEI-003/CAM-01;371,45758925197487;2019
10501019;4,70036150200002;-74,05458158;14;viernes;Choque;Solo Daños;Usaquén;Autopista Norte;DEI-029/CAM-04;381,1711836814633;2019
10501023;4,653928028;-74,077993021;6;viernes;Choque;Solo Daños;Barrios Unidos;Av. NQS;DEI-016/CAM-03;496,1499686979302;2019
10501027;4,66970762800003;-74,105146382;10;domingo;Choque;Solo Daños;Engativá;Av. Boyacá;DEI-007/CAM-01;239,9541496839905;2019
10501033;4,63450859199997;-74,147256278;13;viernes;Choque;Solo Daños;Kennedy;Av. Américas;DEI-024/CAM-02;385,31839864306016;2019
10501410;4,61666702899998;-74,140187246;18;jueves;Choque;Con Heridos;Kennedy;Av. Boyacá;DEI-001/CAM-01;111,68759168719272;2019
10501413;4,62907009399999;-74,124090617;13;jueves;Choque;Con Heridos;Kennedy;Av. Carrera 68;DEI-003/CAM-02;206,112450057713;2019
10501435;4,60247004500002;-74,076376509;14;miércoles;Caida de ocupante;Con Heridos;Santa Fe;Av. Carrera 10;DEI-027/CAM-01;510,1312999999406;2019
10498660;4,62835879699998;-74,170586397;22;miércoles;Choque;Con Heridos;Kennedy;Av. Ciudad de Cali;DEI-037/CAM-02;171,57209235145027;2019
10498664;4,6359372;-74,15333435;6;miércoles;Choque;Con Heridos;Kennedy;Av. Américas;DEI-024/CAM-02;455,52777757205934;2019
10498671;4,66865857400001;-74,072453542;20;miércoles;Choque;Con Heridos;Barrios Unidos;Av. NQS;DEI-019/CAM-02;35,69625530077019;2019
10498677;4,69965746299999;-74,054714914;23;miércoles;Volcamiento;Con Heridos;Usaquén;Autopista Norte;DEI-029/CAM-04;301,67815010712474;2019
10498678;4,70104499299998;-74,106712459;17;martes;Atropello;Con Heridos;Engativá;Av. Ciudad de Cali;DEI-020/CAM-02;422,2134197212147;2019
10498679;4,62893549199998;-74,122628407;13;martes;Atropello;Con Heridos;Kennedy;Av. Carrera 68;DEI-003/CAM-02;155,65816452712087;2019
10499054;4,70417983900001;-74,103594172;0;sábado;Choque;Solo Daños;Engativá;Av. Ciudad de Cali;DEI-020/CAM-01;384,2693347550015;2019
10499055;4,71320730899998;-74,111913046;15;sábado;Choque;Solo Daños;Engativá;Av. Calle 80;DEI-013/CAM-02;272,8117732440981;2019
10499069;4,725712757;-74,124749606;8;domingo;Choque;Con Heridos;Engativá;Av. Calle 80;DEI-033/CAM-02;412,4228455167868;2019
10499072;4,61884674200002;-74,139957105;7;lunes;Choque;Con Heridos;Kennedy;Av. Boyacá;DEI-001/CAM-01;354,95502281530395;2019
10499449;4,69536033100002;-74,055405433;12;jueves;Choque;Solo Daños;Usaquén;Autopista Norte;DEI-029/CAM-02;139,4960765913983;2019
10499454;4,68739177499998;-74,057214005;12;jueves;Choque;Solo Daños;Usaquén;Autopista Norte;DEI-017/CAM-02;241,3741383636272;2019
10499456;4,617935252;-74,139859478;7;jueves;Choque;Con Heridos;Kennedy;Av. Boyacá;DEI-001/CAM-01;256,1349642834655;2019
10499458;4,694460983;-74,037294116;21;jueves;Choque;Con Heridos;Usaquén;Av. Carrera 9;DEI-034/CAM-01;274,00662790291875;2019
10499464;4,630372846;-74,138096408;6;miércoles;Choque;Con Heridos;Kennedy;Av. Boyacá;DEI-002/CAM-01;197,98503747146884;2019
10499468;4,68473463200002;-74,077992043;17;miércoles;Choque;Con Heridos;Barrios Unidos;Av. Carrera 68;DEI-035/CAM-01;38,45685698947117;2019
10499842;4,56799299300002;-74,144861045;15;sábado;Choque;Solo Daños;Ciudad Bolívar;Av Villavicencio;DEI-026/CAM-02;521,4645173541413;2019
10499843;4,70854724200001;-74,110509781;23;lunes;Choque;Solo Daños;Engativá;Av. Calle 80;DEI-013/CAM-02;540,1641116068663;2019
10500232;4,62246890400002;-74,183796684;16;viernes;Choque;Con Heridos;Bosa;Av. Ciudad de Cali;DEI-031/CAM-02;541,6971737233572;2019
10500234;4,72396878000001;-74,069885448;13;viernes;Choque;Con Heridos;Suba;Av. Boyacá;DEI-009/CAM-01;453,7586849071616;2019
10500235;4,624160297;-74,17893913;15;viernes;Choque;Con Heridos;Bosa;Av. Ciudad de Cali;DEI-031/CAM-02;35,693111380928514;2019
10500236;4,61434672399997;-74,140330776;21;domingo;Choque;Con Heridos;Kennedy;Av. Boyacá;DEI-001/CAM-02;116,9483335021836;2019
10500237;4,61419856999999;-74,14070729;17;sábado;Choque;Con Heridos;Kennedy;Av. Boyacá;DEI-001/CAM-02;142,05423999960863;2019
10500244;4,68359440900002;-74,078631068;9;domingo;Choque;Con Heridos;Barrios Unidos;Av. Carrera 68;DEI-035/CAM-01;182,76167126040144;2019
10500629;4,57053638999997;-74,148586474;6;domingo;Choque;Con Heridos;Ciudad Bolívar;Av Villavicencio;DEI-026/CAM-02;22,95528072303602;2019
10500632;4,59158425099997;-74,126760167;18;martes;Choque;Con Heridos;Antonio Nariño;Av. Gaitán Cortés;DEI-005/CAM-01;425,3088051314072;2019
10500634;4,72050424899999;-74,075267297;7;miércoles;Choque;Con Heridos;Suba;Av. Boyacá;DEI-009/CAM-02;287,54013127105804;2019
10500635;4,74298589799997;-74,102178431;6;miércoles;Choque;Con Heridos;Suba;Av. Ciudad de Cali;DEI-015/CAM-01;530,0931527177521;2019
10500639;4,66178292799998;-74,115775146;8;miércoles;Choque;Con Heridos;Fontibón;Av. Boyacá;DEI-023/CAM-02;314,1417745228831;2019
10500651;4,62832368099998;-74,138159874;6;miércoles;Atropello;Con Heridos;Kennedy;Av. Boyacá;DEI-002/CAM-02;32,18754824205787;2019
10501038;4,597075507;-74,179377017;10;domingo;Choque;Solo Daños;Bosa;Autopista Sur;DEI-038/CAM-01;388,1686406482093;2019
10501046;4,72565549699999;-74,071677047;22;lunes;Choque;Solo Daños;Suba;Av. Boyacá;DEI-009/CAM-01;388,7824437104152;2019
10501050;4,63072230699998;-74,137950762;7;lunes;Choque;Solo Daños;Kennedy;Av. Boyacá;DEI-002/CAM-01;236,37538872317424;2019
10501052;4,61272102200002;-74,144127108;9;sábado;Choque;Solo Daños;Kennedy;Av. Boyacá;DEI-001/CAM-02;521,9715222181704;2019
10501445;4,65942091099998;-74,136033667;12;miércoles;Choque;Solo Daños;Fontibón;Av. Ciudad de Cali;DEI-011/CAM-01;355,6937588138934;2019
10501447;4,57733974899998;-74,09121385;19;miércoles;Choque;Solo Daños;San Cristóbal;Av. Carrera 10;DEI-018/CAM-02;328,02156133592865;2019
10501450;4,70509837700001;-74,052962172;18;miércoles;Choque;Solo Daños;Usaquén;Autopista Norte;DEI-036/CAM-04;472,8730079097231;2019
10501458;4,63207697199999;-74,154101814;18;miércoles;Choque;Solo Daños;Kennedy;Av. Américas;DEI-024/CAM-02;424,0128263329864;2019
10498683;4,669480502;-74,044027174;9;miércoles;Volcamiento;Con Heridos;Chapinero;Av. Carrera 7;DEI-028/CAM-02;520,3377099977617;2019
10498688;4,645435873;-74,061293956;10;miércoles;Atropello;Con Heridos;Chapinero;Av. Caracas;DEI-021/CAM-01;435,0187863221064;2019
10498690;4,567961266;-74,144812545;15;martes;Choque;Solo Daños;Ciudad Bolívar;Av Villavicencio;DEI-026/CAM-02;527,8975888609406;2019
10498696;4,68772109399998;-74,061087837;9;miércoles;Choque;Solo Daños;Barrios Unidos;Autopista Norte;DEI-017/CAM-01;485,5965865190323;2019
10499081;4,60391244200002;-74,075576211;13;lunes;Choque;Solo Daños;Santa Fe;Av. Carrera 10;DEI-027/CAM-01;327,2573786951942;2019
10499082;4,649767408;-74,06474336;20;domingo;Atropello;Con Heridos;Teusaquillo;Av. Caracas;DEI-021/CAM-02;261,67722335750955;2019
10499088;4,66603662400001;-74,075148913;17;lunes;Otro;Con Heridos;Barrios Unidos;Av. NQS;DEI-019/CAM-01;197,51023345575464;2019
10499098;4,62411110300002;-74,083321659;8;sábado;Choque;Solo Daños;Los Mártires;Av. NQS;DEI-012/CAM-01;331,260912301189;2019
10499474;4,69838293100003;-74,104403638;18;miércoles;Choque;Con Heridos;Engativá;Av. Ciudad de Cali;DEI-020/CAM-02;284,47986082240124;2019
10499484;4,59681784399999;-74,177394157;14;miércoles;Choque;Con Heridos;Bosa;Autopista Sur;DEI-038/CAM-01;166,260380769096;2019
10499874;4,65305317399998;-74,078232649;7;domingo;Choque;Solo Daños;Barrios Unidos;Av. NQS;DEI-016/CAM-03;395,88559127155526;2019
10499875;4,68971576899997;-74,056848745;18;domingo;Choque;Solo Daños;Usaquén;Autopista Norte;DEI-017/CAM-02;26,17468990572397;2019
10499877;4,71895380500001;-74,075465286;5;domingo;Choque;Solo Daños;Suba;Av. Boyacá;DEI-009/CAM-02;449,8863715063184;2019
10500261;4,74784882799997;-74,117077216;12;viernes;Atropello;Con Heridos;Suba;Calle 139;DEI-004/CAM-01;535,3167260167937;2019
10500264;4,57354943799999;-74,15286113;18;viernes;Atropello;Con Muertos;Ciudad Bolívar;Av Villavicencio;DEI-026/CAM-01;500,29725965677375;2019
10500267;4,59676062300002;-74,17907745;20;sábado;Atropello;Con Heridos;Bosa;Autopista Sur;DEI-038/CAM-01;351,59147212508503;2019
10500274;4,617814641;-74,164879261;20;sábado;Atropello;Con Heridos;Kennedy;Av. Primero de Mayo;DEI-014/CAM-02;359,7030523323451;2019
10500653;4,74599514400001;-74,0991318;11;martes;Caida de ocupante;Con Heridos;Suba;Av. Ciudad de Cali;DEI-032/CAM-01;292,2078523436705;2019
10500654;4,636510327;-74,152635102;19;martes;Atropello;Con Heridos;Kennedy;Av. Américas;DEI-024/CAM-02;455,90662979131866;2019
10500658;4,60805290100001;-74,075290925;19;martes;Atropello;Con Heridos;Santa Fe;Av. Carrera 10;DEI-027/CAM-02;189,23760847225063;2019
10500669;4,61607965000002;-74,144632415;17;miércoles;Choque;Solo Daños;Kennedy;Av. Boyacá;DEI-001/CAM-01;486,7525827816357;2019
10500674;4,69387615300002;-74,055914087;14;miércoles;Choque;Solo Daños;Usaquén;Autopista Norte;DEI-029/CAM-02;301,4336182208643;2019
10501062;4,67140234099998;-74,043730413;14;viernes;Choque;Solo Daños;Chapinero;Av. Carrera 7;DEI-028/CAM-02;313,4123990775411;2019
10501066;4,63175442900001;-74,144071205;14;viernes;Choque;Solo Daños;Kennedy;Av. Américas;DEI-024/CAM-01;167,19132432381696;2019
10501074;4,71131336899998;-74,056781741;16;viernes;Choque;Solo Daños;Suba;Autopista Norte;DEI-036/CAM-01;373,73773757814166;2019
10501075;4,57352930600001;-74,152833694;20;lunes;Volcamiento;Solo Daños;Ciudad Bolívar;Av Villavicencio;DEI-026/CAM-01;496,5207245158725;2019
10501081;4,62124985000003;-74,08592734;14;lunes;Choque;Solo Daños;Los Mártires;Av. NQS;DEI-012/CAM-02;91,5169147495875;2019
10501082;4,66085362500002;-74,116732718;12;lunes;Choque;Solo Daños;Fontibón;Av. Boyacá;DEI-023/CAM-02;462,106479605785;2019
10501462;4,66993653399999;-74,109184012;11;martes;Choque;Solo Daños;Engativá;Av. Boyacá;DEI-007/CAM-01;265,6186218952578;2019
10501472;4,68180393400002;-74,057786898;7;miércoles;Choque;Solo Daños;Chapinero;Autopista Norte;DEI-010/CAM-01;215,8464042179017;2019
10501475;4,69954813200002;-74,103737796;4;jueves;Choque;Solo Daños;Engativá;Av. Ciudad de Cali;DEI-020/CAM-02;136,6235678029457;2019
10501478;4,71155608599997;-74,113586726;18;jueves;Choque;Solo Daños;Engativá;Av. Calle 80;DEI-013/CAM-02;62,55374521888145;2019
10501479;4,652812337;-74,082305878;12;jueves;Choque;Solo Daños;Teusaquillo;Av. NQS;DEI-016/CAM-03;531,2510531327579;2019
10501869;4,65181510299999;-74,077074088;14;jueves;Choque;Solo Daños;Barrios Unidos;Av. NQS;DEI-016/CAM-03;318,6318649013336;2019
10498717;4,59497236200002;-74,145259784;14;miércoles;Choque;Solo Daños;Tunjuelito;Av. Boyacá;DEI-006/CAM-02;222,10469041604443;2019
10498725;4,59676062300002;-74,17907745;17;miércoles;Choque;Solo Daños;Ciudad Bolívar;Autopista Sur;DEI-038/CAM-01;351,59147212508503;2019
10498727;4,644112162;-74,07865941;22;miércoles;Choque;Solo Daños;Barrios Unidos;Av. NQS;DEI-016/CAM-01;550,8685037332388;2019
10499099;4,63499999999999;-74,143;14;domingo;Choque;Solo Daños;Kennedy;Av. Américas;DEI-024/CAM-01;519,5100999543552;2019
10499101;4,72620098800002;-74,071214812;11;sábado;Choque;Solo Daños;Suba;Av. Boyacá;DEI-009/CAM-01;468,0908497103517;2019
10499105;4,59710610799999;-74,177385531;1;domingo;Choque;Solo Daños;Bosa;Autopista Sur;DEI-038/CAM-01;173,28629553434772;2019
10499113;4,57705248500002;-74,090759847;6;sábado;Choque;Solo Daños;San Cristóbal;Av. Carrera 10;DEI-018/CAM-02;361,3707981158534;2019
10499121;4,76342028800002;-74,044085215;8;sábado;Choque;Solo Daños;Usaquén;Autopista Norte;DEI-025/CAM-03;194,40824447336612;2019
10499499;4,658020631;-74,134888861;20;jueves;Choque;Solo Daños;Fontibón;Av. Ciudad de Cali;DEI-011/CAM-01;382,3894681065099;2019
10499506;4,70292332100001;-74,104752743;18;jueves;Choque;Solo Daños;Engativá;Av. Ciudad de Cali;DEI-020/CAM-01;320,9403647147405;2019
10499883;4,75226532699998;-74,05017052;5;martes;Choque;Solo Daños;Suba;Autopista Norte;DEI-022/CAM-01;397,9023540236605;2019
10499891;4,68211103599998;-74,081423332;15;lunes;Choque;Solo Daños;Barrios Unidos;Av. Carrera 68;DEI-035/CAM-01;517,3304745690061;2019
10499892;4,749541921;-74,094736831;13;lunes;Choque;Solo Daños;Suba;Av. Ciudad de Cali;DEI-032/CAM-02;314,6243761244196;2019
10499897;4,617048049;-74,166251049;21;lunes;Choque;Solo Daños;Kennedy;Av. Primero de Mayo;DEI-014/CAM-01;347,3136591575948;2019
10499904;4,61581460100001;-74,162857175;9;martes;Choque;Solo Daños;Kennedy;Av. Primero de Mayo;DEI-014/CAM-02;189,31087710157135;2019
10500281;4,68476630100002;-74,075136119;7;sábado;Atropello;Con Heridos;Barrios Unidos;Av. Carrera 68;DEI-035/CAM-02;287,23480238186823;2019
10500282;4,62892453900002;-74,122586847;21;domingo;Choque;Con Heridos;Kennedy;Av. Carrera 68;DEI-003/CAM-02;155,7249882374266;2019
10500285;4,68795532899998;-74,061500723;6;sábado;Atropello;Con Muertos;Barrios Unidos;Autopista Norte;DEI-017/CAM-01;517,9267684557688;2019
10500289;4,62903186900002;-74,125394839;7;viernes;Choque;Solo Daños;Kennedy;Av. Carrera 68;DEI-003/CAM-02;312,4402891868589;2019
10500298;4,59676745199999;-74,178696325;10;viernes;Choque;Solo Daños;Bosa;Autopista Sur;DEI-038/CAM-01;309,41262315629405;2019
10500695;4,60532080000002;-74,069810482;13;miércoles;Choque;Solo Daños;Santa Fe;Av. Carrera 10;DEI-027/CAM-01;478,9520400102373;2019
10500697;4,65859976799999;-74,135323133;7;miércoles;Choque;Solo Daños;Fontibón;Av. Ciudad de Cali;DEI-011/CAM-01;362,0129316331973;2019
10500699;4,71228344100001;-74,053295102;11;miércoles;Choque;Solo Daños;Usaquén;Autopista Norte;DEI-036/CAM-02;258,95578810530697;2019
10500701;4,68861676099999;-74,056963038;8;miércoles;Choque;Solo Daños;Usaquén;Autopista Norte;DEI-017/CAM-02;104,69641748215253;2019
10501091;4,64423265900001;-74,066824452;8;viernes;Choque;Solo Daños;Teusaquillo;Av. Caracas;DEI-021/CAM-01;342,8454642671333;2019
10501094;4,66879126399999;-74,11298847;18;lunes;Choque;Solo Daños;Fontibón;Av. Boyacá;DEI-023/CAM-01;548,430675408554;2019
10501095;4,68011570700003;-74,058080892;12;sábado;Choque;Solo Daños;Usaquén;Autopista Norte;DEI-010/CAM-01;402,9640238196248;2019
10501096;4,628899553;-74,122362925;11;viernes;Choque;Solo Daños;Puente Aranda;Av. Carrera 68;DEI-003/CAM-02;161,98377637386193;2019
10501099;4,68590468500003;-74,05708681;21;viernes;Choque;Solo Daños;Chapinero;Autopista Norte;DEI-010/CAM-03;113,5818337783942;2019
10501102;4,61946826899998;-74,087543226;7;lunes;Choque;Solo Daños;Puente Aranda;Av. NQS;DEI-012/CAM-02;356,3099521481533;2019
10501104;4,69369030500002;-74,033641275;8;lunes;Choque;Solo Daños;Usaquén;Av. Carrera 9;DEI-034/CAM-01;186,06712469130744;2019
10501492;4,67601969899999;-74,043728464;9;jueves;Choque;Solo Daños;Chapinero;Av. Carrera 7;DEI-028/CAM-01;282,0663961186938;2019
10501497;4,68661015100002;-74,057571179;7;jueves;Choque;Solo Daños;Usaquén;Autopista Norte;DEI-010/CAM-03;192,33852235708125;2019
10501506;4,64948772299999;-74,063535592;6;jueves;Choque;Solo Daños;Chapinero;Av. Caracas;DEI-021/CAM-02;291,7606872448285;2019
10501507;4,667659474;-74,112411142;11;jueves;Choque;Solo Daños;Engativá;Av. Boyacá;DEI-023/CAM-01;444,4583211993505;2019
10498744;4,67385918600002;-74,105952853;20;miércoles;Choque;Solo Daños;Engativá;Av. Boyacá;DEI-007/CAM-02;251,31485906927884;2019
10498750;4,62811835000002;-74,171102134;22;jueves;Choque;Con Heridos;Kennedy;Av. Ciudad de Cali;DEI-037/CAM-02;109,62429261231723;2019
10498754;4,73913591000002;-74,099245813;7;jueves;Choque;Con Heridos;Suba;Av. Ciudad de Cali;DEI-015/CAM-01;13,266674234828972;2019
10499125;4,60674121300002;-74,071710175;13;viernes;Choque;Solo Daños;Santa Fe;Av. Carrera 10;DEI-027/CAM-02;235,0672369006432;2019
10499130;4,61830814899997;-74,088415808;20;domingo;Choque;Solo Daños;Los Mártires;Av. NQS;DEI-012/CAM-02;517,4013812721313;2019
10499139;4,66032744900002;-74,113099098;14;viernes;Choque;Solo Daños;Fontibón;Av. Boyacá;DEI-023/CAM-02;401,2068477919175;2019
10499518;4,711538534;-74,052722229;20;viernes;Choque;Con Heridos;Usaquén;Autopista Norte;DEI-036/CAM-02;195,13778794818276;2019
10499521;4,61443459999998;-74,1645188;11;jueves;Choque;Con Heridos;Kennedy;Av. Primero de Mayo;DEI-014/CAM-01;35,339765646169106;2019
10499526;4,64465022600001;-74,068632412;15;jueves;Choque;Con Heridos;Teusaquillo;Av. Caracas;DEI-021/CAM-01;464,5550791424994;2019
10499536;4,59707898099998;-74,180164075;6;viernes;Choque;Con Heridos;Bosa;Autopista Sur;DEI-038/CAM-01;474,8624930864839;2019
10499923;4,61372145899998;-74,168907709;12;martes;Choque;Solo Daños;Kennedy;Av. Primero de Mayo;DEI-014/CAM-01;460,56157422017975;2019
10499924;4,75809786899998;-74,045297464;14;martes;Choque;Con Heridos;Usaquén;Autopista Norte;DEI-022/CAM-03;308,35858445634955;2019
10499925;4,76342028800002;-74,044085215;12;martes;Choque;Con Heridos;Usaquén;Autopista Norte;DEI-025/CAM-03;194,40824447336612;2019
10499926;4,663379625;-74,071460167;10;miércoles;Choque;Con Heridos;Barrios Unidos;Av. NQS;DEI-019/CAM-01;532,3369900377695;2019
10500303;4,76160996999999;-74,044392251;17;sábado;Choque;Solo Daños;Usaquén;Autopista Norte;DEI-025/CAM-03;27,131886394226346;2019
10500310;4,711538534;-74,052722229;23;jueves;Volcamiento;Solo Daños;Usaquén;Autopista Norte;DEI-036/CAM-02;195,13778794818276;2019
10500314;4,65026685700002;-74,078449262;21;viernes;Choque;Solo Daños;Teusaquillo;Av. NQS;DEI-016/CAM-03;90,96465946331128;2019
10500318;4,60505276999999;-74,182347814;16;jueves;Caida de ocupante;Con Heridos;Bosa;Av. Bosa;DEI-008/CAM-01;262,79062960070115;2019
10500323;4,65662757400003;-74,138665433;13;sábado;Choque;Solo Daños;Kennedy;Av. Ciudad de Cali;DEI-011/CAM-01;70,545372822372;2019
10500324;4,66980523500001;-74,071463939;8;viernes;Otro;Con Heridos;Barrios Unidos;Av. NQS;DEI-019/CAM-02;137,76144100287362;2019
10500703;4,60187604800001;-74,182239271;5;miércoles;Choque;Solo Daños;Bosa;Av. Bosa;DEI-008/CAM-01;388,7235714445966;2019
10500704;4,65196419400002;-74,077464524;21;miércoles;Choque;Solo Daños;Barrios Unidos;Av. NQS;DEI-016/CAM-03;308,669456109637;2019
10500709;4,62704780500002;-74,136488481;0;jueves;Choque;Solo Daños;Kennedy;Av. Boyacá;DEI-002/CAM-02;224,2990191648877;2019
10500717;4,605737487;-74,072336383;16;sábado;Choque;Solo Daños;Santa Fe;Av. Carrera 10;DEI-027/CAM-01;197,50825487986992;2019
10501120;4,64412271899999;-74,065512348;9;domingo;Choque;Solo Daños;Chapinero;Av. Caracas;DEI-021/CAM-01;294,15787840084;2019
10501122;4,62716809800003;-74,138265779;17;domingo;Choque;Solo Daños;Kennedy;Av. Boyacá;DEI-002/CAM-02;150,6294977511705;2019
10501127;4,68759462100002;-74,060237876;11;lunes;Choque;Solo Daños;Barrios Unidos;Autopista Norte;DEI-017/CAM-01;409,4166059739245;2019
10501128;4,58919114100001;-74,145475405;21;domingo;Choque;Solo Daños;Tunjuelito;Av. Boyacá;DEI-006/CAM-01;417,1429727667514;2019
10501131;4,66730135900002;-74,070014017;11;lunes;Choque;Solo Daños;Barrios Unidos;Av. NQS;DEI-019/CAM-02;288,193604481202;2019
10501514;4,70490504000003;-74,105213237;10;jueves;Choque;Solo Daños;Engativá;Av. Ciudad de Cali;DEI-020/CAM-01;528,5244968426586;2019
10501520;4,63114970700002;-74,144894955;13;jueves;Choque;Solo Daños;Kennedy;Av. Américas;DEI-024/CAM-01;54,5962922468168;2019
10501527;4,69854577000001;-74,102135488;12;jueves;Choque;Solo Daños;Engativá;Av. Ciudad de Cali;DEI-020/CAM-02;234,24697549505677;2019
10501533;4,69535277099999;-74,055833131;13;jueves;Choque;Solo Daños;Usaquén;Autopista Norte;DEI-029/CAM-02;137,40114479675802;2019
10498755;4,615593386;-74,168297177;7;jueves;Choque;Con Heridos;Kennedy;Av. Primero de Mayo;DEI-014/CAM-01;415,1530751350445;2019
10498757;4,68639996500002;-74,076125053;21;jueves;Atropello;Con Heridos;Barrios Unidos;Av. Carrera 68;DEI-035/CAM-02;230,7820900205642;2019
10498758;4,60907866299999;-74,072430639;19;jueves;Choque;Con Heridos;Santa Fe;Av. Carrera 10;DEI-027/CAM-02;241,15409445657855;2019
10498760;4,59958257900001;-74,178151573;2;viernes;Volcamiento;Con Heridos;Bosa;Autopista Sur;DEI-038/CAM-01;415,4090105774187;2019
10498761;4,608751842;-74,076109062;19;jueves;Choque;Con Heridos;Santa Fe;Av. Carrera 10;DEI-027/CAM-02;305,8378734615808;2019
10498768;4,70319520200002;-74,100867993;18;miércoles;Choque;Solo Daños;Engativá;Av. Ciudad de Cali;DEI-020/CAM-01;338,1601499446368;2019
10498775;4,62430057799997;-74,124141662;23;jueves;Choque;Solo Daños;Puente Aranda;Av. Carrera 68;DEI-003/CAM-01;355,2979445061974;2019
10499149;4,64404667000002;-74,064435;17;sábado;Choque;Solo Daños;Chapinero;Av. Caracas;DEI-021/CAM-01;303,42029772735793;2019
10499151;4,72225024800002;-74,074609015;20;domingo;Choque;Solo Daños;Suba;Av. Boyacá;DEI-009/CAM-02;96,85000202630458;2019
10499154;4,62655845400002;-74,174246739;15;domingo;Choque;Solo Daños;Kennedy;Av. Ciudad de Cali;DEI-037/CAM-01;226,15617667271496;2019
10499158;4,75579667300002;-74,045610081;11;domingo;Choque;Solo Daños;Usaquén;Autopista Norte;DEI-022/CAM-03;55,42969258865694;2019
10499163;4,61946826899998;-74,087543226;10;sábado;Choque;Solo Daños;Los Mártires;Av. NQS;DEI-012/CAM-02;356,3099521481533;2019
10499541;4,704892863;-74,103883423;16;jueves;Atropello;Con Heridos;Engativá;Av. Ciudad de Cali;DEI-020/CAM-01;468,9394857197416;2019
10499543;4,60331687600001;-74,075933321;19;viernes;Atropello;Con Heridos;Santa Fe;Av. Carrera 10;DEI-027/CAM-01;404,31351541571087;2019
10499545;4,76507712900002;-74,04457056;8;viernes;Atropello;Con Heridos;Usaquén;Autopista Norte;DEI-025/CAM-01;367,4186170218336;2019
10499549;4,684059171;-74,078997953;7;viernes;Caida de ocupante;Con Heridos;Engativá;Av. Carrera 68;DEI-035/CAM-01;172,07894852653544;2019
10499554;4,74445478799998;-74,109386174;5;viernes;Atropello;Con Heridos;Suba;Calle 139;DEI-004/CAM-01;409,6560078682698;2019
10499557;4,60203110499998;-74,075517352;8;jueves;Atropello;Con Heridos;Candelaria;Av. Carrera 10;DEI-027/CAM-01;513,4502250513137;2019
10499558;4,60310161000001;-74,184092433;13;jueves;Choque;Solo Daños;Bosa;Av. Bosa;DEI-008/CAM-01;480,6592447324848;2019
10499562;4,61027309000002;-74,074490291;18;martes;Choque;Solo Daños;Santa Fe;Av. Carrera 10;DEI-027/CAM-02;335,51843578536324;2019
10499934;4,748015356;-74,04742882;13;martes;Choque;Con Heridos;Suba;Autopista Norte;DEI-022/CAM-01;301,4765590277547;2019
10499943;4,59709945200001;-74,177676645;21;martes;Choque;Solo Daños;Bosa;Autopista Sur;DEI-038/CAM-01;203,80369053807584;2019
10499944;4,65366769000002;-74,076819189;12;martes;Choque;Solo Daños;Barrios Unidos;Av. NQS;DEI-016/CAM-03;509,5658481260532;2019
10499947;4,68185648000002;-74,077625707;8;martes;Choque;Solo Daños;Barrios Unidos;Av. Carrera 68;DEI-035/CAM-01;348,24610366450696;2019
10500328;4,65392699300003;-74,14202716;6;lunes;Volcamiento;Con Muertos;Kennedy;Av. Ciudad de Cali;DEI-011/CAM-01;549,0683278622604;2019
10500329;4,61817020400002;-74,164253944;16;jueves;Choque;Con Heridos;Kennedy;Av. Primero de Mayo;DEI-014/CAM-02;389,3744855348928;2019
10500331;4,61583060100003;-74,162842719;17;jueves;Atropello;Con Heridos;Kennedy;Av. Primero de Mayo;DEI-014/CAM-02;191,6934363809335;2019
10500335;4,750531486;-74,063950852;14;domingo;Choque;Solo Daños;Suba;Av. Boyacá;DEI-030/CAM-02;310,7489710098283;2019
10500336;4,59658965199998;-74,172672759;19;sábado;Choque;Solo Daños;Bosa;Autopista Sur;DEI-038/CAM-02;239,8820278731166;2019
10500339;4,71131336899998;-74,056781741;19;sábado;Choque;Solo Daños;Suba;Autopista Norte;DEI-036/CAM-01;373,73773757814166;2019
10500340;4,62859298400002;-74,170697093;6;viernes;Choque;Con Heridos;Kennedy;Av. Ciudad de Cali;DEI-037/CAM-02;169,3348157162348;2019
10500341;4,67820104399999;-74,101664759;16;domingo;Choque;Solo Daños;Engativá;Av. Boyacá;DEI-007/CAM-03;284,59089271373125;2019
10500342;4,663118306;-74,109623172;10;sábado;Choque;Solo Daños;Fontibón;Av. Boyacá;DEI-023/CAM-02;476,9313474341545;2019
10500727;4,69387615300002;-74,055914087;9;miércoles;Choque;Solo Daños;Usaquén;Autopista Norte;DEI-029/CAM-02;301,4336182208643;2019
10500728;4,70979054499998;-74,111805973;21;miércoles;Choque;Solo Daños;Engativá;Av. Calle 80;DEI-013/CAM-02;340,80043102372923;2019
10501143;4,59706352000001;-74,178349843;4;martes;Choque;Con Heridos;Bosa;Autopista Sur;DEI-038/CAM-01;275,5019774372556;2019
10501146;4,61587208999998;-74,163087559;4;lunes;Choque;Con Heridos;Kennedy;Av. Primero de Mayo;DEI-014/CAM-02;176,09566326726627;2019
10501154;4,61531785400001;-74,140412029;11;lunes;Choque;Con Heridos;Kennedy;Av. Boyacá;DEI-001/CAM-02;18,978424389232107;2019
10501160;4,597085768;-74,180078425;17;lunes;Choque;Con Heridos;Bosa;Autopista Sur;DEI-038/CAM-01;465,5109174717694;2019
10501535;4,66766570800002;-74,07319925;12;jueves;Choque;Solo Daños;Barrios Unidos;Av. NQS;DEI-019/CAM-01;96,64594628957988;2019
10501536;4,70490504000003;-74,105213237;13;jueves;Choque;Solo Daños;Engativá;Av. Ciudad de Cali;DEI-020/CAM-01;528,5244968426586;2019
10501545;4,62498777600001;-74,084601787;2;jueves;Volcamiento;Con Heridos;Puente Aranda;Av. NQS;DEI-012/CAM-01;343,4087652190746;2019
10502309;4,68639996500002;-74,076125053;14;martes;Choque;Con Heridos;Barrios Unidos;Av. Carrera 68;DEI-035/CAM-02;230,7820900205642;2019
10498778;4,75652701299998;-74,04528696;7;jueves;Choque;Solo Daños;Usaquén;Autopista Norte;DEI-022/CAM-03;134,74035816574082;2019
10498779;4,72147115000001;-74,121621816;17;jueves;Choque;Solo Daños;Engativá;Av. Calle 80;DEI-033/CAM-01;150,40717216428175;2019
10498790;4,66980523500001;-74,071463939;8;jueves;Choque;Solo Daños;Barrios Unidos;Av. NQS;DEI-019/CAM-02;137,76144100287362;2019
10498791;4,649685358;-74,064802838;18;jueves;Choque;Solo Daños;Chapinero;Av. Caracas;DEI-021/CAM-02;251,5032648178708;2019
10499176;4,71155608599997;-74,113586726;10;lunes;Choque;Solo Daños;Engativá;Av. Calle 80;DEI-013/CAM-02;62,55374521888145;2019
10499177;4,76277876500001;-74,043411211;6;sábado;Choque;Solo Daños;Usaquén;Autopista Norte;DEI-025/CAM-03;174,5347626982399;2019
10499184;4,59677656299999;-74,179336453;12;lunes;Choque;Solo Daños;Bosa;Autopista Sur;DEI-038/CAM-01;380,3948609030715;2019
10499188;4,68641634199997;-74,054581276;12;lunes;Choque;Solo Daños;Usaquén;Autopista Norte;DEI-010/CAM-03;344,13211257769365;2019
10499193;4,669340304;-74,108594664;18;miércoles;Choque;Solo Daños;Engativá;Av. Boyacá;DEI-007/CAM-01;246,37275095564257;2019
10499568;4,60519970000001;-74,074729597;13;jueves;Atropello;Con Heridos;Santa Fe;Av. Carrera 10;DEI-027/CAM-01;156,2701008208124;2019
10499569;4,75556550099998;-74,042893756;11;jueves;Choque;Solo Daños;Usaquén;Autopista Norte;DEI-022/CAM-03;284,8960413850373;2019
10499570;4,75484489000002;-74,045598932;9;miércoles;Choque;Solo Daños;Usaquén;Autopista Norte;DEI-022/CAM-03;55,72441531553698;2019
10499574;4,61918700400003;-74,143366725;6;miércoles;Choque;Solo Daños;Kennedy;Av. Boyacá;DEI-001/CAM-01;520,870994199594;2019
10499587;4,66485535800001;-74,114065819;10;viernes;Choque;Solo Daños;Fontibón;Av. Boyacá;DEI-023/CAM-01;105,19070421959334;2019
10499969;4,74950137500002;-74,04720582;6;martes;Choque;Solo Daños;Usaquén;Autopista Norte;DEI-022/CAM-01;134,82666997677248;2019
10499972;4,76498495599998;-74,044535107;7;martes;Choque;Solo Daños;Usaquén;Autopista Norte;DEI-025/CAM-01;357,55414390821494;2019
10499974;4,75530303099998;-74,064136881;15;martes;Choque;Solo Daños;Suba;Av. Boyacá;DEI-030/CAM-02;285,54525268451624;2019
10499979;4,69447549799997;-74,054092814;17;miércoles;Choque;Solo Daños;Usaquén;Autopista Norte;DEI-029/CAM-02;293,9252095068791;2019
10500350;4,65147848399999;-74,064414662;21;viernes;Choque;Con Heridos;Teusaquillo;Av. Caracas;DEI-021/CAM-02;455,07733719316514;2019
10500352;4,64359231200001;-74,061854079;14;sábado;Choque;Solo Daños;Chapinero;Av. Caracas;DEI-021/CAM-01;492,2523195195929;2019
10500356;4,74655013099999;-74,09112954;7;sábado;Choque;Solo Daños;Suba;Av. Ciudad de Cali;DEI-032/CAM-02;544,2411453426926;2019
10500357;4,68971576899997;-74,056848745;19;sábado;Choque;Solo Daños;Usaquén;Autopista Norte;DEI-017/CAM-02;26,17468990572397;2019
10500766;4,668944641;-74,072089662;15;lunes;Choque;Solo Daños;Barrios Unidos;Av. NQS;DEI-019/CAM-02;20,307961232945598;2019
10501161;4,586165322;-74,123130727;18;martes;Atropello;Con Heridos;Rafael Uribe Uribe;Av. Gaitán Cortés;DEI-005/CAM-01;357,5570278195237;2019
10501163;4,60532080000002;-74,069810482;19;martes;Choque;Con Heridos;Santa Fe;Av. Carrera 10;DEI-027/CAM-01;478,9520400102373;2019
10501164;4,70184675799999;-74,099750555;14;lunes;Atropello;Con Heridos;Engativá;Av. Ciudad de Cali;DEI-020/CAM-01;354,323610027824;2019
10501169;4,64577871900002;-74,06413018;19;martes;Atropello;Con Heridos;Chapinero;Av. Caracas;DEI-021/CAM-01;142,12435099540366;2019
10501171;4,60861967400001;-74,076240371;13;lunes;Caida de ocupante;Con Heridos;Santa Fe;Av. Carrera 10;DEI-027/CAM-02;311,5255411236958;2019
10501174;4,60694021500001;-74,07394125;18;martes;Atropello;Con Heridos;Santa Fe;Av. Carrera 10;DEI-027/CAM-02;50,17793868485081;2019
10501181;4,69543784400003;-74,032391349;12;domingo;Choque;Solo Daños;Usaquén;Av. Carrera 9;DEI-034/CAM-01;405,560052946735;2019
10501184;4,68871774799999;-74,034700401;9;martes;Choque;Solo Daños;Usaquén;Av. Carrera 9;DEI-034/CAM-02;416,7062870713563;2019
10501559;4,70704897399997;-74,054938146;10;jueves;Choque;Solo Daños;Usaquén;Autopista Norte;DEI-036/CAM-03;317,7612662657041;2019
10501582;4,60847972699997;-74,075755089;16;jueves;Choque;Solo Daños;Santa Fe;Av. Carrera 10;DEI-027/CAM-02;256,70024088704764;2019
10498807;4,60755923599999;-74,069920122;12;jueves;Choque;Solo Daños;Candelaria;Av. Carrera 10;DEI-027/CAM-02;424,672830648391;2019
10498810;4,60450401899999;-74,070175128;12;jueves;Choque;Solo Daños;Candelaria;Av. Carrera 10;DEI-027/CAM-01;472,61753705716177;2019
10498827;4,61512807100002;-74,13646183;12;jueves;Choque;Solo Daños;Kennedy;Av. Boyacá;DEI-001/CAM-02;422,7709222379482;2019
10498828;4,60682303200002;-74,073888895;16;jueves;Choque;Solo Daños;Santa Fe;Av. Carrera 10;DEI-027/CAM-01;48,57752994749676;2019
10499197;4,75672683699997;-74,046262202;4;jueves;Choque;Solo Daños;Usaquén;Autopista Norte;DEI-022/CAM-03;179,9860663116541;2019
10499198;4,608220813;-74,072122822;16;lunes;Choque;Solo Daños;Santa Fe;Av. Carrera 10;DEI-027/CAM-02;204,14086865155727;2019
10499200;4,69369030500002;-74,033641275;19;lunes;Choque;Solo Daños;Usaquén;Av. Carrera 9;DEI-034/CAM-01;186,06712469130744;2019
10499203;4,68124180299998;-74,0542452;8;lunes;Choque;Solo Daños;Chapinero;Autopista Norte;DEI-010/CAM-01;494,6149849529447;2019
10499205;4,62860517000001;-74,143768549;8;viernes;Choque;Solo Daños;Kennedy;Av. Américas;DEI-024/CAM-01;313,4759528968832;2019
10499208;4,63236137299998;-74,154053059;1;martes;Choque;Solo Daños;Kennedy;Av. Américas;DEI-024/CAM-02;411,706284858714;2019
10499209;4,68119817199999;-74,054285511;12;lunes;Choque;Solo Daños;Chapinero;Autopista Norte;DEI-010/CAM-01;493,6733550807633;2019
10499604;4,72348310000001;-74,122431761;21;lunes;Volcamiento;Con Muertos;Engativá;Av. Calle 80;DEI-033/CAM-02;56,43030763240456;2019
10499610;4,62696338299997;-74,129136101;17;viernes;Choque;Con Heridos;Kennedy;Av. Américas;DEI-039/CAM-01;553,6778858168221;2019
10499614;4,713357336;-74,115161913;10;viernes;Choque;Solo Daños;Engativá;Av. Calle 80;DEI-013/CAM-01;171,62341664140212;2019
10499981;4,61061107900002;-74,075161862;9;martes;Choque;Solo Daños;Santa Fe;Av. Carrera 10;DEI-027/CAM-02;395,3994155420243;2019
10499991;4,59708734999998;-74,177470988;13;miércoles;Choque;Solo Daños;Bosa;Autopista Sur;DEI-038/CAM-01;181,5953868129729;2019
10499992;4,64796789799999;-74,078587745;17;martes;Choque;Solo Daños;Teusaquillo;Av. NQS;DEI-016/CAM-01;123,45735405656568;2019
10499996;4,67971392800001;-74,05786853;19;miércoles;Choque;Solo Daños;Chapinero;Autopista Norte;DEI-010/CAM-01;447,2842249323431;2019
10500001;4,67450073200001;-74,041430899;12;martes;Choque;Solo Daños;Chapinero;Av. Carrera 7;DEI-028/CAM-02;121,84690827906844;2019
10500375;4,68739177499998;-74,057214005;20;lunes;Otro;Con Heridos;Usaquén;Autopista Norte;DEI-017/CAM-02;241,3741383636272;2019
10500376;4,743727675;-74,092389106;14;domingo;Caida de ocupante;Con Heridos;Suba;Av. Ciudad de Cali;DEI-032/CAM-01;524,4153709324265;2019
10500377;4,74193736199999;-74,0991639;16;lunes;Atropello;Con Heridos;Suba;Av. Ciudad de Cali;DEI-015/CAM-01;312,74782648689006;2019
10500388;4,66999432300003;-74,105583164;23;sábado;Choque;Solo Daños;Engativá;Av. Boyacá;DEI-007/CAM-01;181,9742738340541;2019
10500391;4,60322139499999;-74,077526499;9;viernes;Choque;Solo Daños;Santa Fe;Av. Carrera 10;DEI-027/CAM-01;527,668865681432;2019
10500781;4,69645160099998;-74,036294462;7;jueves;Choque;Solo Daños;Usaquén;Av. Carrera 9;DEI-034/CAM-01;388,1755366337703;2019
10500793;4,705138385;-74,052483533;1;viernes;Choque;Solo Daños;Usaquén;Autopista Norte;DEI-036/CAM-04;472,8462472126035;2019
10500794;4,71228344100001;-74,053295102;20;jueves;Choque;Solo Daños;Usaquén;Autopista Norte;DEI-036/CAM-02;258,95578810530697;2019
10501186;4,75160983299997;-74,046500979;14;sábado;Choque;Solo Daños;Usaquén;Autopista Norte;DEI-022/CAM-01;113,76566486984449;2019
10501187;4,68639996500002;-74,076125053;19;domingo;Choque;Solo Daños;Barrios Unidos;Av. Carrera 68;DEI-035/CAM-02;230,7820900205642;2019
10501192;4,698849688;-74,051644061;15;domingo;Choque;Solo Daños;Usaquén;Autopista Norte;DEI-029/CAM-04;438,6308903072813;2019
10501193;4,64339702400002;-74,066311536;10;sábado;Choque;Solo Daños;Teusaquillo;Av. Caracas;DEI-021/CAM-01;396,9099773622983;2019
10501197;4,74697333;-74,047475875;19;lunes;Choque;Solo Daños;Usaquén;Autopista Norte;DEI-022/CAM-01;416,5340062128703;2019
10501198;4,672726501;-74,069124035;10;lunes;Choque;Solo Daños;Barrios Unidos;Av. NQS;DEI-019/CAM-02;552,8290377618238;2019
10502355;4,701703092;-74,105637088;8;sábado;Choque;Con Heridos;Engativá;Av. Ciudad de Cali;DEI-020/CAM-02;327,2173839972843;2019
10498835;4,609348517;-74,181023374;21;jueves;Choque;Solo Daños;Bosa;Av. Bosa;DEI-008/CAM-02;535,7230025416504;2019
10498836;4,63039845200001;-74,138323845;22;jueves;Choque;Solo Daños;Kennedy;Av. Boyacá;DEI-002/CAM-01;204,0072377300056;2019
10498837;4,62124985000003;-74,08592734;9;viernes;Choque;Solo Daños;Puente Aranda;Av. NQS;DEI-012/CAM-02;91,5169147495875;2019
10498840;4,57729623099999;-74,093354531;15;jueves;Choque;Solo Daños;Antonio Nariño;Av. Carrera 10;DEI-018/CAM-01;415,33069031383616;2019
10498844;4,714075729;-74,117709425;16;viernes;Choque;Solo Daños;Engativá;Av. Calle 80;DEI-013/CAM-01;434,4959006209186;2019
10498846;4,66851601899998;-74,103826689;11;viernes;Choque;Solo Daños;Engativá;Av. Boyacá;DEI-007/CAM-01;435,7046087406053;2019
10498847;4,66727389099998;-74,110626184;18;viernes;Choque;Solo Daños;Engativá;Av. Boyacá;DEI-023/CAM-01;516,8919080790063;2019
10498852;4,69954813200002;-74,103737796;7;viernes;Choque;Con Heridos;Engativá;Av. Ciudad de Cali;DEI-020/CAM-02;136,6235678029457;2019
10499224;4,66565844100001;-74,077722097;21;domingo;Choque;Solo Daños;Barrios Unidos;Av. NQS;DEI-019/CAM-01;453,7177275267871;2019
10499229;4,670661951;-74,111558972;16;lunes;Choque;Solo Daños;Engativá;Av. Boyacá;DEI-007/CAM-01;509,179886739004;2019
10499233;4,61184177400003;-74,161209176;21;martes;Choque;Con Heridos;Kennedy;Av. Primero de Mayo;DEI-014/CAM-02;449,8725326053234;2019
10499234;4,70726018900001;-74,055822115;13;domingo;Choque;Con Heridos;Suba;Autopista Norte;DEI-036/CAM-03;368,0064298285279;2019
10499235;4,70941869699999;-74,111439603;11;domingo;Choque;Solo Daños;Engativá;Av. Calle 80;DEI-013/CAM-02;398,7305669669669;2019
10499625;4,56779556999999;-74,144914247;6;sábado;Choque;Con Heridos;Ciudad Bolívar;Av Villavicencio;DEI-026/CAM-02;528,9711087327437;2019
10499629;4,569216036;-74,146974051;12;viernes;Choque;Con Heridos;Ciudad Bolívar;Av Villavicencio;DEI-026/CAM-02;251,32149049762523;2019
10499636;4,630430703;-74,139391497;14;domingo;Choque;Con Heridos;Kennedy;Av. Boyacá;DEI-002/CAM-01;257,2106937195277;2019
10500010;4,667659474;-74,112411142;17;martes;Choque;Solo Daños;Fontibón;Av. Boyacá;DEI-023/CAM-01;444,4583211993505;2019
10500018;4,68722113699999;-74,059208913;14;miércoles;Choque;Solo Daños;Barrios Unidos;Autopista Norte;DEI-010/CAM-03;334,488344056853;2019
10500021;4,72536313900002;-74,122210745;10;miércoles;Choque;Solo Daños;Engativá;Av. Calle 80;DEI-033/CAM-02;255,31197974085927;2019
10500022;4,63542272400002;-74,153787492;15;miércoles;Choque;Solo Daños;Kennedy;Av. Américas;DEI-024/CAM-02;457,6562781090361;2019
10500027;4,62707388000001;-74,118679836;11;miércoles;Choque;Solo Daños;Puente Aranda;Av. Carrera 68;DEI-003/CAM-02;481,0409732733726;2019
10500400;4,66951871800001;-74,108722672;15;sábado;Choque;Solo Daños;Engativá;Av. Boyacá;DEI-007/CAM-01;244,3820353193444;2019
10500405;4,56816870300003;-74,146826017;23;domingo;Choque;Solo Daños;Ciudad Bolívar;Av Villavicencio;DEI-026/CAM-02;344,15351690398364;2019
10500407;4,62436257600001;-74,082918516;7;sábado;Choque;Solo Daños;Los Mártires;Av. NQS;DEI-012/CAM-01;382,8702016710237;2019
10500408;4,75809786899998;-74,045297464;10;domingo;Choque;Solo Daños;Usaquén;Autopista Norte;DEI-022/CAM-03;308,35858445634955;2019
10500410;4,74800469000002;-74,047355365;12;domingo;Choque;Solo Daños;Suba;Autopista Norte;DEI-022/CAM-01;301,32013450571145;2019
10500415;4,59678593299998;-74,174662898;0;domingo;Choque;Solo Daños;Bosa;Autopista Sur;DEI-038/CAM-02;18,23628983250848;2019
10500425;4,63040361399999;-74,138373675;15;sábado;Choque;Solo Daños;Kennedy;Av. Boyacá;DEI-002/CAM-01;205,6738762537865;2019
10500805;4,56774903299998;-74,14790135;17;miércoles;Volcamiento;Con Heridos;Ciudad Bolívar;Av Villavicencio;DEI-026/CAM-02;328,01236791272254;2019
10500812;4,65233818500002;-74,078025244;12;jueves;Choque;Solo Daños;Barrios Unidos;Av. NQS;DEI-016/CAM-03;323,3571000047876;2019
10500821;4,62381791299998;-74,088588972;10;viernes;Choque;Con Heridos;Antonio Nariño;Av. NQS;DEI-012/CAM-02;394,75045058358086;2019
10500824;4,75068178700002;-74,064707491;16;jueves;Choque;Con Heridos;Suba;Av. Boyacá;DEI-030/CAM-02;264,6494642209411;2019
10501216;4,71947543700003;-74,119629516;14;martes;Choque;Solo Daños;Engativá;Av. Calle 80;DEI-033/CAM-01;455,58234499463566;2019
10501616;4,647145857;-74,065028324;21;jueves;Choque;Con Heridos;Chapinero;Av. Caracas;DEI-021/CAM-02;39,359268521823374;2019
10498854;4,67892920499997;-74,104079126;7;viernes;Choque;Con Heridos;Engativá;Av. Boyacá;DEI-007/CAM-03;357,0501945518952;2019
10498858;4,67125285600002;-74,10680048;3;jueves;Choque;Con Heridos;Engativá;Av. Boyacá;DEI-007/CAM-01;47,86274950589942;2019
10498860;4,596054052;-74,171817498;5;viernes;Choque;Con Heridos;Bosa;Autopista Sur;DEI-038/CAM-02;344,33870478415594;2019
10498863;4,59092499500002;-74,127947694;7;viernes;Choque;Con Heridos;Rafael Uribe Uribe;Av. Gaitán Cortés;DEI-005/CAM-01;411,1662327565042;2019
10498866;4,74427754800001;-74,109635465;6;viernes;Choque;Con Heridos;Suba;Calle 139;DEI-004/CAM-01;399,098672464253;2019
10498871;4,60971907200002;-74,075661017;8;viernes;Atropello;Con Heridos;Santa Fe;Av. Carrera 10;DEI-027/CAM-02;338,9868417260413;2019
10498877;4,625813467;-74,138063298;16;jueves;Atropello;Con Heridos;Kennedy;Av. Boyacá;DEI-002/CAM-02;296,3317285317886;2019
10499250;4,59045389400001;-74,125364809;13;martes;Atropello;Con Heridos;Antonio Nariño;Av. Gaitán Cortés;DEI-005/CAM-01;293,7015100508786;2019
10499259;4,61570723099999;-74,136731799;14;lunes;Caida de ocupante;Con Heridos;Kennedy;Av. Boyacá;DEI-001/CAM-01;392,4366329417962;2019
10499264;4,6968;-74,1043;8;lunes;Choque;Solo Daños;Engativá;Av. Ciudad de Cali;DEI-020/CAM-02;436,4918709511388;2019
10499266;4,69298891400001;-74,059654003;9;lunes;Choque;Solo Daños;Suba;Autopista Norte;DEI-017/CAM-01;472,1735709960318;2019
10499267;4,71447389100001;-74,110688142;23;lunes;Choque;Solo Daños;Engativá;Av. Calle 80;DEI-013/CAM-02;464,7181714704472;2019
10499641;4,70872872500001;-74,110704839;19;sábado;Choque;Con Heridos;Engativá;Av. Calle 80;DEI-013/CAM-02;510,5959285039938;2019
10499649;4,74386768699998;-74,09748816;20;lunes;Choque;Con Heridos;Suba;Av. Ciudad de Cali;DEI-032/CAM-01;266,5195911940917;2019
10499656;4,68712923999999;-74,056876126;3;sábado;Choque;Con Heridos;Usaquén;Autopista Norte;DEI-010/CAM-03;251,4842338576663;2019
10499657;4,65664688700002;-74,138633999;7;sábado;Choque;Con Heridos;Kennedy;Av. Ciudad de Cali;DEI-011/CAM-01;66,52748174263898;2019
10499663;4,60362165999999;-74,181580472;14;domingo;Choque;Con Heridos;Bosa;Av. Bosa;DEI-008/CAM-01;203,28659101728644;2019
10500051;4,71084242400002;-74,048303354;8;miércoles;Choque;Solo Daños;Usaquén;Autopista Norte;DEI-036/CAM-04;554,7234591586816;2019
10500428;4,66317562500001;-74,075563988;19;lunes;Choque;Solo Daños;Barrios Unidos;Av. NQS;DEI-019/CAM-01;501,2474616218756;2019
10500444;4,678245694;-74,101732995;15;lunes;Choque;Solo Daños;Engativá;Av. Boyacá;DEI-007/CAM-03;285,5033815095351;2019
10500449;4,65944898399999;-74,135736069;19;lunes;Choque;Solo Daños;Fontibón;Av. Ciudad de Cali;DEI-011/CAM-01;380,9359848839591;2019
10501243;4,67253252799998;-74,04318458;17;domingo;Choque;Solo Daños;Chapinero;Av. Carrera 7;DEI-028/CAM-02;174,85079766087372;2019
10501244;4,64710382700002;-74,064968577;21;domingo;Choque;Solo Daños;Chapinero;Av. Caracas;DEI-021/CAM-01;42,49198238731065;2019
10501249;4,66141155100001;-74,111489035;13;sábado;Choque;Solo Daños;Fontibón;Av. Boyacá;DEI-023/CAM-02;378,0929494917371;2019
10501253;4,67546055600002;-74,047008279;14;sábado;Choque;Solo Daños;Chapinero;Av. Carrera 7;DEI-028/CAM-01;545,59979804415;2019
10498497;4,56975295500001;-74,145190381;17;martes;Atropello;Con Muertos;Ciudad Bolívar;Av Villavicencio;DEI-026/CAM-02;409,7558596833228;2019
10498888;4,65956413800001;-74,135813619;16;miércoles;Choque;Con Heridos;Fontibón;Av. Ciudad de Cali;DEI-011/CAM-01;383,9781243322405;2019
10498889;4,69967359700001;-74,055919946;18;viernes;Choque;Solo Daños;Suba;Autopista Norte;DEI-029/CAM-03;305,39394182661164;2019
10498890;4,632937981;-74,151372633;23;viernes;Choque;Solo Daños;Kennedy;Av. Américas;DEI-024/CAM-02;107,67954423595803;2019
10498892;4,646602019;-74,078549702;23;viernes;Choque;Con Heridos;Barrios Unidos;Av. NQS;DEI-016/CAM-01;274,22632109020856;2019
10498899;4,69064305500001;-74,03771249;12;viernes;Choque;Solo Daños;Usaquén;Av. Carrera 9;DEI-034/CAM-02;338,21130489812987;2019
10498900;4,62941142199998;-74,16895109;14;viernes;Choque;Solo Daños;Kennedy;Av. Ciudad de Cali;DEI-037/CAM-02;383,37234164101096;2019
10499272;4,63225136400001;-74,13777504;5;martes;Choque;Solo Daños;Kennedy;Av. Boyacá;DEI-002/CAM-01;406,7152344220715;2019
10499274;4,68764581699998;-74,060828145;17;martes;Atropello;Con Heridos;Barrios Unidos;Autopista Norte;DEI-017/CAM-01;463,4243897790995;2019
10499282;4,61324285900002;-74,140888191;13;martes;Choque;Solo Daños;Kennedy;Av. Boyacá;DEI-001/CAM-02;249,1449147148438;2019
10499283;4,62350051200002;-74,081542768;10;martes;Choque;Solo Daños;Los Mártires;Av. NQS;DEI-012/CAM-01;463,25500190343377;2019
10499665;4,74695306699999;-74,096469848;17;viernes;Caida de ocupante;Con Heridos;Suba;Av. Ciudad de Cali;DEI-032/CAM-02;51,322726189258994;2019
10499675;4,74868067699998;-74,109062996;13;viernes;Atropello;Con Heridos;Suba;Calle 139;DEI-004/CAM-01;444,3267236829962;2019
10499678;4,73989469600002;-74,103574258;16;viernes;Atropello;Con Heridos;Suba;Av. Ciudad de Cali;DEI-015/CAM-01;474,9348777244981;2019
10499682;4,65855511000001;-74,13531651;6;domingo;Atropello;Con Heridos;Fontibón;Av. Ciudad de Cali;DEI-011/CAM-01;360,34494553467175;2019
10499683;4,63047868799998;-74,140753003;8;sábado;Atropello;Con Heridos;Kennedy;Av. Boyacá;DEI-002/CAM-01;372,2286656255604;2019
10500063;4,60450401899999;-74,070175128;9;jueves;Choque;Solo Daños;Santa Fe;Av. Carrera 10;DEI-027/CAM-01;472,61753705716177;2019
10500070;4,70407731500001;-74,105938416;11;jueves;Choque;Solo Daños;Engativá;Av. Ciudad de Cali;DEI-020/CAM-01;504,48059288202086;2019
10500071;4,60732294399997;-74,074540747;17;jueves;Choque;Solo Daños;Santa Fe;Av. Carrera 10;DEI-027/CAM-02;88,91658156930906;2019
10500450;4,684059171;-74,078997953;11;sábado;Choque;Solo Daños;Barrios Unidos;Av. Carrera 68;DEI-035/CAM-01;172,07894852653544;2019
10500452;4,70809485299998;-74,054572533;14;lunes;Choque;Solo Daños;Suba;Autopista Norte;DEI-036/CAM-03;202,79985066765053;2019
10500456;4,74831509199998;-74,095242366;19;lunes;Choque;Solo Daños;Suba;Av. Ciudad de Cali;DEI-032/CAM-02;168,1223986052969;2019
10500464;4,63038048700002;-74,138160297;22;lunes;Volcamiento;Solo Daños;Kennedy;Av. Boyacá;DEI-002/CAM-01;199,41785423284716;2019
10500467;4,69064305500001;-74,03771249;10;lunes;Choque;Solo Daños;Usaquén;Av. Carrera 9;DEI-034/CAM-02;338,21130489812987;2019
10500468;4,59617296200003;-74,172707574;6;lunes;Choque;Solo Daños;Bosa;Autopista Sur;DEI-038/CAM-02;245,69180325122065;2019
10500474;4,71947543700003;-74,119629516;12;lunes;Choque;Solo Daños;Engativá;Av. Calle 80;DEI-033/CAM-01;455,58234499463566;2019
10500857;4,66725620300002;-74,07895002;14;viernes;Choque;Solo Daños;Barrios Unidos;Av. NQS;DEI-019/CAM-01;545,7779241549923;2019
10500863;4,60696331600002;-74,072807637;18;viernes;Choque;Con Heridos;Santa Fe;Av. Carrera 10;DEI-027/CAM-02;111,82853616108255;2019
10500864;4,70747956700001;-74,054867846;14;viernes;Choque;Con Heridos;Usaquén;Autopista Norte;DEI-036/CAM-03;275,2348481362067;2019
10500867;4,646813162;-74,0640021;18;viernes;Choque;Con Heridos;Chapinero;Av. Caracas;DEI-021/CAM-01;110,7859937168004;2019
10500868;4,61499688200001;-74,136082193;9;viernes;Atropello;Con Heridos;Kennedy;Av. Boyacá;DEI-001/CAM-02;465,9795756401024;2019
10500874;4,73603019500001;-74,100307201;18;sábado;Choque;Con Heridos;Suba;Av. Ciudad de Cali;DEI-015/CAM-02;344,82507344376546;2019
10501259;4,72603610499999;-74,125027554;8;sábado;Choque;Solo Daños;Engativá;Av. Calle 80;DEI-033/CAM-02;459,6565209558848;2019
10501262;4,614934764;-74,163606629;11;sábado;Choque;Solo Daños;Kennedy;Av. Primero de Mayo;DEI-014/CAM-02;64,07798930917387;2019
10501263;4,72129296000003;-74,121853264;14;domingo;Choque;Solo Daños;Engativá;Av. Calle 80;DEI-033/CAM-01;161,95918460816267;2019
10501265;4,66184349700001;-74,115851448;22;martes;Choque;Solo Daños;Fontibón;Av. Boyacá;DEI-023/CAM-02;315,1336401385737;2019
10501269;4,61754215899998;-74,139964668;10;domingo;Choque;Solo Daños;Kennedy;Av. Boyacá;DEI-001/CAM-01;211,1593746061339;2019
10501270;4,76158526099999;-74,044375725;10;martes;Choque;Solo Daños;Usaquén;Autopista Norte;DEI-025/CAM-03;30,202929442430907;2019
10501274;4,62397412500002;-74,083443973;10;martes;Choque;Solo Daños;Teusaquillo;Av. NQS;DEI-012/CAM-01;310,9170126193421;2019
10501279;4,67195906000001;-74,069666468;4;lunes;Volcamiento;Solo Daños;Barrios Unidos;Av. NQS;DEI-019/CAM-02;448,6078517934402;2019
10501280;4,61946826899998;-74,087543226;15;martes;Choque;Solo Daños;Puente Aranda;Av. NQS;DEI-012/CAM-02;356,3099521481533;2019
10498519;4,76582847399999;-74,043706403;16;martes;Choque;Solo Daños;Usaquén;Autopista Norte;DEI-025/CAM-03;463,8969285505294;2019
10498522;4,66504713500001;-74,075338899;13;martes;Choque;Solo Daños;Barrios Unidos;Av. NQS;DEI-019/CAM-01;300,9673870053629;2019
10498523;4,71878874200002;-74,12051539;7;martes;Choque;Solo Daños;Engativá;Av. Calle 80;DEI-033/CAM-01;472,48875418098027;2019
10498913;4,57678170100002;-74,090345427;6;viernes;Choque;Solo Daños;San Cristóbal;Av. Carrera 10;DEI-018/CAM-02;398,1514753920125;2019
10498914;4,62946473;-74,125807175;18;viernes;Choque;Solo Daños;Kennedy;Av. Carrera 68;DEI-003/CAM-02;376,84938499407417;2019
10498916;4,64408177899998;-74,065526816;5;viernes;Choque;Con Heridos;Chapinero;Av. Caracas;DEI-021/CAM-01;298,9288271160984;2019
10499294;4,70345438099997;-74,101701681;1;martes;Choque;Solo Daños;Engativá;Av. Ciudad de Cali;DEI-020/CAM-01;315,9380993440909;2019
10499300;4,76052284799999;-74,045311207;18;lunes;Choque;Solo Daños;Usaquén;Autopista Norte;DEI-025/CAM-01;149,2260017189019;2019
10499305;4,760297579;-74,040410065;15;lunes;Choque;Solo Daños;Usaquén;Autopista Norte;DEI-025/CAM-03;491,632006086876;2019
10499309;4,63590288300003;-74,153304159;12;martes;Choque;Solo Daños;Kennedy;Av. Américas;DEI-024/CAM-02;450,4674376552357;2019
10499312;4,65971863599998;-74,136077817;12;martes;Choque;Solo Daños;Fontibón;Av. Ciudad de Cali;DEI-011/CAM-01;377,6664773853191;2019
10499315;4,65945564200001;-74,136066202;12;martes;Choque;Solo Daños;Fontibón;Av. Ciudad de Cali;DEI-011/CAM-01;356,1409006981789;2019
10499688;4,63599582699999;-74,201855178;17;domingo;Atropello;Con Heridos;Bosa;Calle 63 Sur;DEI-040/CAM-01;449,2575248539956;2019
10499689;4,71569849500003;-74,116669132;20;sábado;Atropello;Con Muertos;Engativá;Av. Calle 80;DEI-013/CAM-01;480,61215210747787;2019
10499696;4,65403414299999;-74,14212723;13;viernes;Choque;Solo Daños;Kennedy;Av. Ciudad de Cali;DEI-011/CAM-01;550,3875214745509;2019
10499711;4,63039453800002;-74,138219432;19;viernes;Choque;Solo Daños;Kennedy;Av. Boyacá;DEI-002/CAM-01;201,72911857459908;2019
10499713;4,66032744900002;-74,113099098;18;viernes;Choque;Solo Daños;Fontibón;Av. Boyacá;DEI-023/CAM-02;401,2068477919175;2019
10500081;4,76050254400002;-74,045280313;12;jueves;Choque;Solo Daños;Usaquén;Autopista Norte;DEI-025/CAM-01;150,14695445120256;2019
10500087;4,59673484699999;-74,18022426;12;miércoles;Choque;Con Heridos;Bosa;Autopista Sur;DEI-038/CAM-01;478,6286777433127;2019
10500093;4,597065047;-74,179262885;18;martes;Atropello;Con Heridos;Bosa;Autopista Sur;DEI-038/CAM-01;375,4634656586304;2019
10500096;4,611545267;-74,074647681;19;martes;Atropello;Con Heridos;Santa Fe;Av. Carrera 10;DEI-027/CAM-02;476,9917605341263;2019
10500100;4,68567269699997;-74,057127716;13;jueves;Choque;Solo Daños;Chapinero;Autopista Norte;DEI-010/CAM-03;87,44167733476213;2019
10500103;4,70325990600003;-74,10094719;11;jueves;Choque;Solo Daños;Engativá;Av. Ciudad de Cali;DEI-020/CAM-01;338,4630451741032;2019
10500475;4,68375147500001;-74,05755676;10;lunes;Choque;Solo Daños;Chapinero;Autopista Norte;DEI-010/CAM-01;41,77323419956958;2019
10500484;4,624153546;-74,08327461;7;viernes;Choque;Solo Daños;Los Mártires;Av. NQS;DEI-012/CAM-01;338,2866954431295;2019
10500498;4,63344833899998;-74,150311752;8;lunes;Choque;Solo Daños;Kennedy;Av. Américas;DEI-024/CAM-02;44,679026832910765;2019
10500887;4,59264169300002;-74,141608052;7;sábado;Choque;Con Heridos;Tunjuelito;Av. Boyacá;DEI-006/CAM-02;412,3275424071336;2019
10500899;4,597547228;-74,180237634;4;sábado;Choque;Con Heridos;Bosa;Autopista Sur;DEI-038/CAM-01;491,62890737443297;2019
10500900;4,60149737900002;-74,073373461;4;domingo;Volcamiento;Con Muertos;Candelaria;Av. Carrera 10;DEI-027/CAM-01;548,1328871566387;2019
10501286;4,59124261800002;-74,141989823;15;lunes;Choque;Solo Daños;Tunjuelito;Av. Boyacá;DEI-006/CAM-02;415,3396953353197;2019
10501288;4,75752442599997;-74,045188406;17;martes;Choque;Solo Daños;Usaquén;Autopista Norte;DEI-022/CAM-03;245,95417223464423;2019
10501294;4,60363033300001;-74,076497029;9;martes;Choque;Solo Daños;Santa Fe;Av. Carrera 10;DEI-027/CAM-01;414,50219360292886;2019
10501297;4,74697333;-74,047475875;7;martes;Choque;Solo Daños;Usaquén;Autopista Norte;DEI-022/CAM-01;416,5340062128703;2019
10498932;4,75692291399997;-74,047353915;20;domingo;Choque;Con Heridos;Suba;Autopista Norte;DEI-022/CAM-03;276,05830851479413;2019
10498934;4,56935094800002;-74,14682904;4;domingo;Atropello;Con Heridos;Ciudad Bolívar;Av Villavicencio;DEI-026/CAM-02;256,21703878685173;2019
10498943;4,58868216799999;-74,145288888;15;viernes;Choque;Con Heridos;Tunjuelito;Av. Boyacá;DEI-006/CAM-01;473,6177103467173;2019
10498947;4,681618372;-74,057716962;19;sábado;Choque;Con Heridos;Chapinero;Autopista Norte;DEI-010/CAM-01;237,0497429509461;2019
10498949;4,69932504100001;-74,054771197;1;viernes;Choque;Con Heridos;Usaquén;Autopista Norte;DEI-029/CAM-04;264,26117477661364;2019
10499328;4,606791187;-74,073848896;8;martes;Choque;Solo Daños;Santa Fe;Av. Carrera 10;DEI-027/CAM-01;46,43634985800572;2019
10499330;4,62802068000002;-74,170547418;15;martes;Choque;Solo Daños;Kennedy;Av. Ciudad de Cali;DEI-037/CAM-02;169,51462154296172;2019
10499332;4,62999251600002;-74,121966497;10;martes;Choque;Solo Daños;Puente Aranda;Av. Carrera 68;DEI-003/CAM-02;290,73469213780515;2019
10499334;4,61855408700001;-74,139679921;6;martes;Choque;Solo Daños;Kennedy;Av. Boyacá;DEI-001/CAM-01;327,3514618006398;2019
10499338;4,68848956800002;-74,034946333;23;martes;Choque;Solo Daños;Usaquén;Av. Carrera 9;DEI-034/CAM-02;438,8723164515937;2019
10499340;4,67959916799998;-74,05694668;18;miércoles;Choque;Solo Daños;Chapinero;Autopista Norte;DEI-010/CAM-01;472,81530491435177;2019
10499342;4,69405146600002;-74,057141445;19;miércoles;Choque;Solo Daños;Suba;Autopista Norte;DEI-029/CAM-01;319,05779380205377;2019
10499344;4,69196299499998;-74,056714053;15;miércoles;Choque;Solo Daños;Usaquén;Autopista Norte;DEI-017/CAM-03;240,18229622111417;2019
10500108;4,65677125399998;-74,138781444;4;viernes;Choque;Solo Daños;Fontibón;Av. Ciudad de Cali;DEI-011/CAM-01;72,26303536438711;2019
10500111;4,67146604099997;-74,070074097;5;jueves;Choque;Solo Daños;Barrios Unidos;Av. NQS;DEI-019/CAM-02;377,6334903245596;2019
10500112;4,615097139;-74,162595726;16;martes;Choque;Con Heridos;Kennedy;Av. Primero de Mayo;DEI-014/CAM-02;175,5421687117759;2019
10500115;4,615148987;-74,162451278;5;jueves;Choque;Con Heridos;Kennedy;Av. Primero de Mayo;DEI-014/CAM-02;192,54175773704267;2019
10500116;4,629077913;-74,149437823;8;jueves;Choque;Con Heridos;Kennedy;Av. Américas;DEI-024/CAM-02;454,7779784356613;2019
10500117;4,69236999399999;-74,055903717;8;jueves;Choque;Solo Daños;Usaquén;Autopista Norte;DEI-017/CAM-04;291,2320515352443;2019
10500123;4,62579202699999;-74,177283006;3;viernes;Choque;Solo Daños;Kennedy;Av. Ciudad de Cali;DEI-031/CAM-01;209,3775560936052;2019
10500507;4,61950000000002;-74,1371;12;lunes;Choque;Solo Daños;Kennedy;Av. Boyacá;DEI-001/CAM-01;552,1598166669554;2019
10500509;4,67183979599997;-74,04350921;14;martes;Choque;Solo Daños;Chapinero;Av. Carrera 7;DEI-028/CAM-02;259,1160530663615;2019
10500910;4,61353181300001;-74,163965952;11;domingo;Atropello;Con Heridos;Kennedy;Av. Primero de Mayo;DEI-014/CAM-01;123,8918381258613;2019
10500916;4,57239325;-74,151284403;13;sábado;Choque;Con Heridos;Ciudad Bolívar;Av Villavicencio;DEI-026/CAM-01;283,35018392681087;2019
10500921;4,610765496;-74,075281698;21;domingo;Choque;Con Heridos;Los Mártires;Av. Carrera 10;DEI-027/CAM-02;416,4589776308569;2019
10500925;4,72175426899997;-74,074865602;23;viernes;Choque;Con Heridos;Suba;Av. Boyacá;DEI-009/CAM-02;152,22058191720134;2019
10501312;4,60678364199998;-74,073839457;11;miércoles;Atropello;Con Heridos;Santa Fe;Av. Carrera 10;DEI-027/CAM-01;46,015567252506685;2019
10501323;4,66613965800002;-74,111810346;7;miércoles;Choque;Con Heridos;Fontibón;Av. Boyacá;DEI-023/CAM-01;335,078883376097;2019
10501332;4,57237759899999;-74,147618219;6;miércoles;Atropello;Con Heridos;Ciudad Bolívar;Av Villavicencio;DEI-026/CAM-02;239,4536286529822;2019
10498568;4,59677747199999;-74,174631059;9;martes;Choque;Con Heridos;Bosa;Autopista Sur;DEI-038/CAM-02;21,890974870186632;2019
10498578;4,66157218699999;-74,115614446;18;martes;Atropello;Con Muertos;Fontibón;Av. Boyacá;DEI-023/CAM-02;320,5362723509216;2019
10498580;4,59194918100002;-74,145249808;6;martes;Caida de ocupante;Con Heridos;Tunjuelito;Av. Boyacá;DEI-006/CAM-01;111,82116168617866;2019
10498953;4,61946826899998;-74,087543226;17;sábado;Atropello;Con Heridos;Los Mártires;Av. NQS;DEI-012/CAM-02;356,3099521481533;2019
10498957;4,66696388499997;-74,074948458;7;sábado;Choque;Con Heridos;Barrios Unidos;Av. NQS;DEI-019/CAM-01;113,48122898498418;2019
10498961;4,71155608599997;-74,113586726;16;viernes;Choque;Con Heridos;Engativá;Av. Calle 80;DEI-013/CAM-02;62,55374521888145;2019
10498965;4,62472274100003;-74,171594328;7;sábado;Atropello;Con Heridos;Kennedy;Av. Ciudad de Cali;DEI-037/CAM-01;324,8365559695281;2019
10498969;4,60923537600002;-74,077156006;23;sábado;Atropello;Con Heridos;Los Mártires;Av. Carrera 10;DEI-027/CAM-02;433,3638906054783;2019
10499364;4,667659474;-74,112411142;13;martes;Choque;Con Heridos;Fontibón;Av. Boyacá;DEI-023/CAM-01;444,4583211993505;2019
10499365;4,71946931999997;-74,119629084;5;miércoles;Choque;Con Heridos;Engativá;Av. Calle 80;DEI-033/CAM-01;456,1492217605551;2019
10499369;4,647154532;-74,065238464;5;miércoles;Choque;Con Heridos;Chapinero;Av. Caracas;DEI-021/CAM-02;33,596630696924024;2019
10499756;4,60416666399999;-74,181775825;15;sábado;Choque;Solo Daños;Bosa;Av. Bosa;DEI-008/CAM-01;199,8339375728754;2019
10499759;4,75287280499998;-74,046076265;8;sábado;Choque;Solo Daños;Usaquén;Autopista Norte;DEI-022/CAM-01;261,1253774113864;2019
10500137;4,68120279499999;-74,054292944;19;jueves;Choque;Solo Daños;Chapinero;Autopista Norte;DEI-010/CAM-01;492,7030852820226;2019
10500147;4,68764581699998;-74,060828145;17;viernes;Choque;Solo Daños;Barrios Unidos;Autopista Norte;DEI-017/CAM-01;463,4243897790995;2019
10500529;4,58532606099999;-74,128632947;12;lunes;Choque;Con Heridos;Rafael Uribe Uribe;Av. Gaitán Cortés;DEI-005/CAM-01;415,7461960929018;2019
10500533;4,64857272500001;-74,061171796;10;lunes;Atropello;Con Heridos;Chapinero;Av. Caracas;DEI-021/CAM-02;464,2382261836928;2019
10500540;4,582106963;-74,089797765;15;lunes;Caida de ocupante;Con Heridos;Antonio Nariño;Av. Carrera 10;DEI-018/CAM-02;246,85761748194145;2019
10500543;4,70872872500001;-74,110704839;14;lunes;Atropello;Con Heridos;Engativá;Av. Calle 80;DEI-013/CAM-02;510,5959285039938;2019
10500546;4,59710772699998;-74,177641359;20;martes;Choque;Solo Daños;Bosa;Autopista Sur;DEI-038/CAM-01;200,3144085166748;2019
10500932;4,710407014;-74,11291931;10;domingo;Choque;Con Heridos;Engativá;Av. Calle 80;DEI-013/CAM-02;207,7255798999757;2019
10500935;4,74680235300002;-74,113655946;5;domingo;Choque;Con Heridos;Suba;Calle 139;DEI-004/CAM-01;138,4852980084828;2019
10500936;4,572365413;-74,151236156;0;lunes;Choque;Con Heridos;Ciudad Bolívar;Av Villavicencio;DEI-026/CAM-01;277,23428211431167;2019
10500946;4,69993556999998;-74,10463072;10;sábado;Choque;Con Heridos;Engativá;Av. Ciudad de Cali;DEI-020/CAM-02;196,6583648539866;2019
10500952;4,61925220500001;-74,141884278;23;viernes;Choque;Solo Daños;Kennedy;Av. Boyacá;DEI-001/CAM-01;436,8777560385984;2019
10500955;4,63039266999999;-74,138270501;10;viernes;Choque;Solo Daños;Kennedy;Av. Boyacá;DEI-002/CAM-01;202,349199967702;2019
10500956;4,67454501700001;-74,104136038;16;viernes;Choque;Solo Daños;Engativá;Av. Boyacá;DEI-007/CAM-03;208,61721019848557;2019
10501335;4,609348517;-74,181023374;3;miércoles;Volcamiento;Con Heridos;Bosa;Av. Bosa;DEI-008/CAM-02;535,7230025416504;2019
10501336;4,63121619399999;-74,147003127;10;miércoles;Caida de ocupante;Con Heridos;Kennedy;Av. Américas;DEI-024/CAM-01;186,5359909968884;2019
10501340;4,62501381099997;-74,085708634;16;martes;Choque;Con Heridos;Teusaquillo;Av. NQS;DEI-012/CAM-01;334,74385765005707;2019
10501343;4,63062796299999;-74,137778163;11;martes;Choque;Con Heridos;Kennedy;Av. Boyacá;DEI-002/CAM-01;226,98926243011863;2019
10501347;4,66603662400001;-74,075148913;6;martes;Choque;Solo Daños;Barrios Unidos;Av. NQS;DEI-019/CAM-01;197,51023345575464;2019
10501354;4,69387615300002;-74,055914087;10;miércoles;Choque;Solo Daños;Usaquén;Autopista Norte;DEI-029/CAM-02;301,4336182208643;2019
10501356;4,608795692;-74,181570696;0;miércoles;Choque;Solo Daños;Bosa;Av. Bosa;DEI-008/CAM-02;496,2894818094512;2019
10501357;4,629431668;-74,130354805;16;martes;Choque;Solo Daños;Kennedy;Av. Américas;DEI-039/CAM-01;323,3781004428835;2019
10498590;4,63190471799999;-74,121078136;5;martes;Volcamiento;Con Heridos;Puente Aranda;Av. Carrera 68;DEI-003/CAM-02;524,6926293116768;2019
10498599;4,711538534;-74,052722229;9;martes;Choque;Solo Daños;Usaquén;Autopista Norte;DEI-036/CAM-02;195,13778794818276;2019
10498600;4,597074577;-74,180111696;15;martes;Choque;Solo Daños;Bosa;Autopista Sur;DEI-038/CAM-01;469,0310386189261;2019
10498980;4,61072248400001;-74,075325525;10;sábado;Otro;Con Heridos;Los Mártires;Av. Carrera 10;DEI-027/CAM-02;414,1547552181148;2019
10498985;4,67610000000002;-74,0403;14;viernes;Choque;Solo Daños;Chapinero;Av. Carrera 7;DEI-028/CAM-01;335,39454836729465;2019
10498987;4,69657002500003;-74,033571269;17;viernes;Choque;Solo Daños;Usaquén;Av. Carrera 9;DEI-034/CAM-01;423,986630461919;2019
10498990;4,74725036799998;-74,095804714;16;viernes;Choque;Solo Daños;Suba;Av. Ciudad de Cali;DEI-032/CAM-02;35,1592296988579;2019
10498991;4,76342028800002;-74,044085215;14;sábado;Atropello;Con Heridos;Usaquén;Autopista Norte;DEI-025/CAM-03;194,40824447336612;2019
10498994;4,69762865400003;-74,099310115;7;viernes;Choque;Solo Daños;Engativá;Av. Ciudad de Cali;DEI-020/CAM-02;514,0386051019696;2019
10499371;4,67444350699998;-74,104074204;23;miércoles;Choque;Con Heridos;Engativá;Av. Boyacá;DEI-007/CAM-03;212,79642547000668;2019
10499373;4,58820582300001;-74,145115558;13;martes;Atropello;Con Heridos;Tunjuelito;Av. Boyacá;DEI-006/CAM-01;527,2056065916481;2019
10499374;4,608751842;-74,076109062;10;miércoles;Atropello;Con Heridos;Santa Fe;Av. Carrera 10;DEI-027/CAM-02;305,8378734615808;2019
10499375;4,67289030400002;-74,073451118;15;martes;Choque;Con Heridos;Barrios Unidos;Av. NQS;DEI-019/CAM-02;479,1974754979767;2019
10499379;4,61045768499997;-74,07084673;10;miércoles;Atropello;Con Heridos;San Cristóbal;Av. Carrera 10;DEI-027/CAM-02;471,7150144387002;2019
10499382;4,63419068299999;-74,155165094;15;martes;Atropello;Con Muertos;Kennedy;Av. Américas;DEI-024/CAM-02;542,5832835410785;2019
10499385;4,60732294399997;-74,074540747;12;miércoles;Choque;Solo Daños;Santa Fe;Av. Carrera 10;DEI-027/CAM-02;88,91658156930906;2019
10499387;4,62941293300003;-74,152320606;14;miércoles;Choque;Solo Daños;Kennedy;Av. Américas;DEI-024/CAM-02;456,8149353016952;2019
10499390;4,66359613499998;-74,07589677;18;miércoles;Choque;Solo Daños;Barrios Unidos;Av. NQS;DEI-019/CAM-01;472,5351092633964;2019
10499781;4,627968614;-74,170514072;7;martes;Choque;Con Heridos;Kennedy;Av. Ciudad de Cali;DEI-037/CAM-02;172,97773738822468;2019
10499782;4,59706228499999;-74,179302031;8;martes;Choque;Con Heridos;Bosa;Autopista Sur;DEI-038/CAM-01;379,72147925997865;2019
10499784;4,63590074500001;-74,153310441;18;martes;Choque;Con Heridos;Kennedy;Av. Américas;DEI-024/CAM-02;450,79883789933206;2019
10500154;4,63045852499999;-74,140042581;6;viernes;Choque;Solo Daños;Kennedy;Av. Boyacá;DEI-002/CAM-01;308,7002901906556;2019
10500175;4,67709869200002;-74,046156174;15;jueves;Atropello;Con Heridos;Chapinero;Av. Carrera 7;DEI-028/CAM-01;552,8291511250775;2019
10500554;4,68375147500001;-74,05755676;18;martes;Choque;Solo Daños;Chapinero;Autopista Norte;DEI-010/CAM-01;41,77323419956958;2019
10500555;4,70099541799999;-74,054491204;13;martes;Choque;Solo Daños;Usaquén;Autopista Norte;DEI-029/CAM-04;452,23985962804494;2019
10500557;4,62999251600002;-74,121966497;16;martes;Choque;Solo Daños;Puente Aranda;Av. Carrera 68;DEI-003/CAM-02;290,73469213780515;2019
10500559;4,63029054600003;-74,133273103;0;miércoles;Choque;Solo Daños;Kennedy;Av. Américas;DEI-039/CAM-02;14,16901532381271;2019
10500563;4,61869262699997;-74,140042268;21;martes;Choque;Solo Daños;Kennedy;Av. Boyacá;DEI-001/CAM-01;337,1018023172648;2019
10500565;4,75099441200001;-74,113907515;12;martes;Choque;Solo Daños;Suba;Calle 139;DEI-004/CAM-01;521,7688493925291;2019
10500572;4,63152692199998;-74,145402924;22;lunes;Choque;Solo Daños;Kennedy;Av. Américas;DEI-024/CAM-01;64,48192941937894;2019
10500573;4,75160983299997;-74,046500979;6;martes;Choque;Solo Daños;Usaquén;Autopista Norte;DEI-022/CAM-01;113,76566486984449;2019
10500967;4,582106963;-74,089797765;6;lunes;Atropello;Con Muertos;San Cristóbal;Av. Carrera 10;DEI-018/CAM-02;246,85761748194145;2019
10500968;4,6336;-74,1486;10;viernes;Choque;Solo Daños;Kennedy;Av. Américas;DEI-024/CAM-02;209,72433424564105;2019
10500970;4,61830814899997;-74,088415808;17;viernes;Choque;Solo Daños;Puente Aranda;Av. NQS;DEI-012/CAM-02;517,4013812721313;2019
10501362;4,64554357399999;-74,062539558;8;martes;Choque;Solo Daños;Chapinero;Av. Caracas;DEI-021/CAM-01;302,4173514373315;2019
10501367;4,74730211600001;-74,046979648;16;martes;Choque;Solo Daños;Usaquén;Autopista Norte;DEI-022/CAM-01;375,95755517685865;2019
10501368;4,62687456700002;-74,085730453;20;miércoles;Choque;Solo Daños;Teusaquillo;Av. NQS;DEI-012/CAM-01;540,9219925965011;2019
10501377;4,63121353899999;-74,147026282;12;martes;Choque;Solo Daños;Kennedy;Av. Américas;DEI-024/CAM-01;189,0279384659896;2019
10501379;4,70059016900001;-74,054548239;3;miércoles;Choque;Solo Daños;Usaquén;Autopista Norte;DEI-029/CAM-04;406,81968002103474;2019
10501381;4,72311501500002;-74,119340346;8;lunes;Choque;Solo Daños;Engativá;Av. Calle 80;DEI-033/CAM-02;311,2571232678397;2019
10498612;4,74831509199998;-74,095242366;15;martes;Choque;Solo Daños;Suba;Av. Ciudad de Cali;DEI-032/CAM-02;168,1223986052969;2019
10498615;4,70140886299998;-74,098866868;9;martes;Choque;Solo Daños;Engativá;Av. Ciudad de Cali;DEI-020/CAM-01;438,419901539721;2019
10498618;4,74831611299999;-74,091738596;6;martes;Choque;Solo Daños;Suba;Av. Ciudad de Cali;DEI-032/CAM-02;495,9025337880401;2019
10498621;4,65184577000002;-74,076591268;8;martes;Choque;Solo Daños;Teusaquillo;Av. NQS;DEI-016/CAM-03;356,2044150304288;2019
10498624;4,69064305500001;-74,03771249;8;martes;Choque;Solo Daños;Usaquén;Av. Carrera 9;DEI-034/CAM-02;338,21130489812987;2019
10498625;4,69132170500001;-74,056426778;9;martes;Choque;Solo Daños;Kennedy;Autopista Norte;DEI-017/CAM-03;168,33281532422862;2019
10499006;4,63067284900001;-74,13811237;20;viernes;Choque;Solo Daños;Kennedy;Av. Boyacá;DEI-002/CAM-01;231,3303638311917;2019
10499007;4,66305544900001;-74,114811419;10;viernes;Choque;Solo Daños;Fontibón;Av. Boyacá;DEI-023/CAM-02;138,87255967349478;2019
10499008;4,69330774399998;-74,035071879;11;viernes;Choque;Solo Daños;Usaquén;Av. Carrera 9;DEI-034/CAM-01;26,12777412650852;2019
10499026;4,753150237;-74,046123741;15;domingo;Choque;Solo Daños;Usaquén;Autopista Norte;DEI-022/CAM-03;252,6443960284652;2019
10499396;4,59751117399998;-74,179377684;7;miércoles;Choque;Solo Daños;Bosa;Autopista Sur;DEI-038/CAM-01;397,9554542214673;2019
10499399;4,611659035;-74,07552015;22;miércoles;Choque;Solo Daños;Santa Fe;Av. Carrera 10;DEI-027/CAM-02;518,0244023616863;2019
10499400;4,765035431;-74,043854349;11;miércoles;Choque;Solo Daños;Usaquén;Autopista Norte;DEI-025/CAM-03;374,4006042664522;2019
10499405;4,615663901;-74,13690535;18;miércoles;Choque;Solo Daños;Kennedy;Av. Boyacá;DEI-001/CAM-01;373,1431328665295;2019
10499412;4,69472418399999;-74,03263153;18;miércoles;Choque;Solo Daños;Usaquén;Av. Carrera 9;DEI-034/CAM-01;337,6952602608398;2019
10499413;4,713357336;-74,115161913;7;miércoles;Choque;Solo Daños;Engativá;Av. Calle 80;DEI-013/CAM-01;171,62341664140212;2019
10499419;4,668339242;-74,072731783;17;martes;Choque;Solo Daños;Barrios Unidos;Av. NQS;DEI-019/CAM-02;80,28420831904843;2019
10499787;4,71143454899999;-74,115304004;7;martes;Choque;Con Heridos;Engativá;Av. Calle 80;DEI-013/CAM-01;122,39759383643234;2019
10499794;4,67158844300002;-74,073684114;10;sábado;Choque;Solo Daños;Barrios Unidos;Av. NQS;DEI-019/CAM-02;355,73777346566726;2019
10499797;4,651843332;-74,078681662;13;sábado;Choque;Solo Daños;Teusaquillo;Av. NQS;DEI-016/CAM-03;256,67139855086594;2019
10499805;4,67158844300002;-74,073684114;13;sábado;Choque;Solo Daños;Barrios Unidos;Av. NQS;DEI-019/CAM-02;355,73777346566726;2019
10499810;4,68739177499998;-74,057214005;7;domingo;Choque;Solo Daños;Usaquén;Autopista Norte;DEI-017/CAM-02;241,3741383636272;2019
10500181;4,62442110699999;-74,138200081;1;sábado;Choque;Solo Daños;Kennedy;Av. Boyacá;DEI-002/CAM-02;451,5363142918414;2019
10500185;4,60807064300002;-74,075237092;23;viernes;Choque;Solo Daños;Santa Fe;Av. Carrera 10;DEI-027/CAM-02;184,66880299069425;2019
10500188;4,66939529500002;-74,108639331;19;viernes;Choque;Solo Daños;Engativá;Av. Boyacá;DEI-007/CAM-01;245,93707412729515;2019
10500190;4,57189815700002;-74,151504806;21;viernes;Choque;Solo Daños;Tunjuelito;Av Villavicencio;DEI-026/CAM-01;274,7099397143688;2019
10500193;4,74410761799999;-74,091939764;7;viernes;Choque;Solo Daños;Suba;Av. Ciudad de Cali;DEI-032/CAM-01;550,4519789616704;2019
10500200;4,70458191199998;-74,104752181;8;viernes;Choque;Solo Daños;Engativá;Av. Ciudad de Cali;DEI-020/CAM-01;472,1830971696765;2019
10500201;4,59368153700001;-74,145523634;2;sábado;Choque;Solo Daños;Tunjuelito;Av. Boyacá;DEI-006/CAM-02;82,31538703181833;2019
10500203;4,61983644700001;-74,089791057;18;domingo;Choque;Con Muertos;Puente Aranda;Av. NQS;DEI-012/CAM-02;528,025430653841;2019
10500576;4,70753944099999;-74,054640006;8;martes;Choque;Solo Daños;Usaquén;Autopista Norte;DEI-036/CAM-03;254,2846487694872;2019
10500580;4,669473611;-74,044022348;11;martes;Choque;Solo Daños;Chapinero;Av. Carrera 7;DEI-028/CAM-02;520,8536191201307;2019
10500585;4,75249375999999;-74,051377921;7;martes;Choque;Solo Daños;Suba;Autopista Norte;DEI-022/CAM-01;530,6541739403162;2019
10500597;4,66950434099999;-74,102752615;5;miércoles;Choque;Con Muertos;Engativá;Av. Boyacá;DEI-007/CAM-01;492,32074457133257;2019
10500598;4,69820816700002;-74,104688113;8;miércoles;Choque;Solo Daños;Engativá;Av. Ciudad de Cali;DEI-020/CAM-02;318,7261190091118;2019
10500599;4,72265751999998;-74,122013738;17;lunes;Choque;Solo Daños;Engativá;Av. Calle 80;DEI-033/CAM-01;15,642982225217107;2019
10500986;4,65184914999998;-74,076589199;20;viernes;Choque;Solo Daños;Barrios Unidos;Av. NQS;DEI-016/CAM-03;356,6339455377828;2019
10500992;4,62968748399999;-74,132915535;0;viernes;Choque;Con Heridos;Kennedy;Av. Américas;DEI-039/CAM-01;38,40611243800779;2019
10501385;4,74725036799998;-74,095804714;19;miércoles;Choque;Solo Daños;Suba;Av. Ciudad de Cali;DEI-032/CAM-02;35,1592296988579;2019
10501391;4,64891731500001;-74,063620306;14;martes;Choque;Solo Daños;Chapinero;Av. Caracas;DEI-021/CAM-02;239,10444828216092;2019
10501392;4,66508056499998;-74,075305822;11;miércoles;Choque;Solo Daños;Barrios Unidos;Av. NQS;DEI-019/CAM-01;295,9523678300528;2019
10501394;4,75151613600002;-74,046726893;8;miércoles;Choque;Solo Daños;Usaquén;Autopista Norte;DEI-022/CAM-01;95,12241275227662;2019
10501395;4,69387615300002;-74,055914087;12;martes;Choque;Solo Daños;Usaquén;Autopista Norte;DEI-029/CAM-02;301,4336182208643;2019
10501401;4,68739177499998;-74,057214005;5;miércoles;Volcamiento;Con Heridos;Usaquén;Autopista Norte;DEI-017/CAM-02;241,3741383636272;2019
10501406;4,629196847;-74,122527959;22;martes;Choque;Con Heridos;Kennedy;Av. Carrera 68;DEI-003/CAM-02;186,5791870026328;2019
10582115;4,593;-74,145;4;sábado;Choque;Con Heridos;Tunjuelito;Av. Boyacá;DEI-006/CAM-02;34,32898355747884;2022
10582399;4,597;-74,18;13;sábado;Otro;Con Heridos;Bosa;Autopista Sur;DEI-038/CAM-01;455,8026939237885;2022
10582415;4,572;-74,148;5;lunes;Choque;Con Muertos;Ciudad Bolívar;Av Villavicencio;DEI-026/CAM-02;181,686686103258;2022
10582428;4,568;-74,148;9;viernes;Choque;Con Heridos;Ciudad Bolívar;Av Villavicencio;DEI-026/CAM-02;298,1579005005346;2022
10582429;4,67;-74,102;9;sábado;Choque;Con Heridos;Engativá;Av. Boyacá;DEI-007/CAM-02;551,8580702289804;2022
10582509;4,57;-74,147;21;sábado;Choque;Con Heridos;Ciudad Bolívar;Av Villavicencio;DEI-026/CAM-02;208,52559631105024;2022
10582260;4,623;-74,125;11;martes;Atropello;Con Heridos;Puente Aranda;Av. Carrera 68;DEI-003/CAM-01;525,0151616449144;2022
10582611;4,749;-74,095;22;miércoles;Choque;Con Heridos;Suba;Av. Ciudad de Cali;DEI-032/CAM-02;247,76183171762904;2022
10582707;4,714;-74,054;16;jueves;Atropello;Con Heridos;Suba;Autopista Norte;DEI-036/CAM-01;447,5448052224759;2022
10582709;4,753;-74,046;0;sábado;Choque;Con Heridos;Usaquén;Autopista Norte;DEI-022/CAM-03;265,1152282999885;2022
10582722;4,744;-74,093;3;sábado;Choque;Solo Daños;Suba;Av. Ciudad de Cali;DEI-032/CAM-01;450,57165146165;2022
10582794;4,722;-74,121;13;sábado;Choque;Con Heridos;Engativá;Av. Calle 80;DEI-033/CAM-01;149,71509016721856;2022
10582811;4,622;-74,181;15;viernes;Choque;Con Heridos;Bosa;Av. Ciudad de Cali;DEI-031/CAM-02;295,9942210202136;2022
10582068;4,65;-74,079;17;sábado;Choque;Con Heridos;Teusaquillo;Av. NQS;DEI-016/CAM-03;55,42770767730383;2022
10582585;4,749;-74,1;16;martes;Atropello;Con Heridos;Suba;Av. Ciudad de Cali;DEI-032/CAM-02;494,8188067919616;2022
10582586;4,675;-74,109;17;martes;Choque;Con Heridos;Barrios Unidos;Av. Boyacá;DEI-007/CAM-02;447,5344082606276;2022
10583659;4,61978934712;-74,17840508406;13;viernes;Atropello;Con Heridos;Kennedy;Av. Ciudad de Cali;DEI-031/CAM-02;463,689735151671;2022
10583037;4,687;-74,057;22;sábado;Choque;Con Heridos;Usaquén;Autopista Norte;DEI-010/CAM-03;235,141852065764;2022
10583320;4,66157483644;-74,11590961401;18;domingo;Choque;Con Heridos;Fontibón;Av. Boyacá;DEI-023/CAM-02;341,26958899066494;2022
10583327;4,64978001200001;-74,064424111;21;viernes;Otro;Con Heridos;Chapinero;Av. Caracas;DEI-021/CAM-02;272,13779260494744;2022
10582286;4,5820818045;-74,0898516374;22;lunes;Choque;Con Heridos;San Cristóbal;Av. Carrera 10;DEI-018/CAM-02;241,14490162318907;2022
10582742;4,722;-74,075;17;sábado;Choque;Con Heridos;Suba;Av. Boyacá;DEI-009/CAM-02;148,2950359283179;2022
10582745;4,736;-74,1;14;domingo;Choque;Con Heridos;Suba;Av. Ciudad de Cali;DEI-015/CAM-02;339,57663217012623;2022
10582771;4,610156448;-74,075286344;6;sábado;Choque;Con Heridos;Santa Fe;Av. Carrera 10;DEI-027/CAM-02;356,1598552595669;2022
10582786;4,618;-74,164;3;domingo;Choque;Con Heridos;Kennedy;Av. Primero de Mayo;DEI-014/CAM-02;370,4127547040824;2022
10582045;4,675;-74,104;10;sábado;Choque;Con Heridos;Engativá;Av. Boyacá;DEI-007/CAM-03;162,50402692249034;2022
10582190;4,735;-74,099;8;lunes;Choque;Con Heridos;Suba;Av. Ciudad de Cali;DEI-015/CAM-02;445,73105263420734;2022
10582191;4,667;-74,069;9;miércoles;Choque;Con Heridos;Barrios Unidos;Av. NQS;DEI-019/CAM-02;401,521499300469;2022
10582211;4,624;-74,124;19;martes;Choque;Con Heridos;Puente Aranda;Av. Carrera 68;DEI-003/CAM-01;382,2275863597323;2022
10582380;4,672;-74,071;13;jueves;Choque;Con Heridos;Barrios Unidos;Av. NQS;DEI-019/CAM-02;380,37448821876654;2022
10582507;4,70051624400003;-74,102774758;20;lunes;Atropello;Con Muertos;Engativá;Av. Ciudad de Cali;DEI-020/CAM-02;19,512197845421134;2022
10582521;4,57;-74,149;22;domingo;Choque;Solo Daños;Tunjuelito;Av Villavicencio;DEI-026/CAM-02;67,07653256366987;2022
10582316;4,659;-74,136;6;jueves;Choque;Con Heridos;Fontibón;Av. Ciudad de Cali;DEI-011/CAM-01;325,5452802853446;2022
10582319;4,593;-74,146;17;miércoles;Choque;Con Heridos;Tunjuelito;Av. Boyacá;DEI-006/CAM-01;68,95101781898008;2022
10582991;4,629;-74,171;2;sábado;Choque;Con Heridos;Kennedy;Av. Ciudad de Cali;DEI-037/CAM-02;167,96644118098413;2022
10583006;4,70126632099999;-74,102183663;17;jueves;Choque;Solo Daños;Engativá;Av. Ciudad de Cali;DEI-020/CAM-01;82,17223807024381;2022
10582375;4,676;-74,106;10;jueves;Choque;Con Heridos;Engativá;Av. Boyacá;DEI-007/CAM-03;346,26479831004536;2022
10582376;4,704;-74,1;10;jueves;Choque;Con Heridos;Engativá;Av. Ciudad de Cali;DEI-020/CAM-01;468,5130253672604;2022
10582270;4,66967500300001;-74,071401281;20;miércoles;Choque;Con Heridos;Barrios Unidos;Av. NQS;DEI-019/CAM-02;130,33362413148603;2022
10582283;4,633416654;-74,1470321427;11;miércoles;Caida de ocupante;Con Heridos;Kennedy;Av. Américas;DEI-024/CAM-01;331,8722319091668;2022
10582712;4,699;-74,055;4;domingo;Choque;Solo Daños;Usaquén;Autopista Norte;DEI-029/CAM-03;224,3695988083129;2022
10582272;4,75921964246;-74,04554990713;7;miércoles;Caida de ocupante;Con Heridos;Usaquén;Autopista Norte;DEI-025/CAM-01;294,9901280236101;2022
10582791;4,687;-74,057;5;lunes;Choque;Con Heridos;Chapinero;Autopista Norte;DEI-010/CAM-03;235,141852065764;2022
10583102;4,629;-74,124;9;miércoles;Volcamiento;Con Heridos;Kennedy;Av. Carrera 68;DEI-003/CAM-02;193,90072503214984;2022
10583106;4,608;-74,075;22;lunes;Choque;Con Heridos;Santa Fe;Av. Carrera 10;DEI-027/CAM-02;157,6287475326901;2022
10583120;4,60092219299997;-74,181732672;19;martes;Atropello;Con Heridos;Bosa;Av. Bosa;DEI-008/CAM-01;449,0431760229724;2022
10582160;4,675;-74,046;13;domingo;Choque;Con Heridos;Chapinero;Av. Carrera 7;DEI-028/CAM-01;423,37877880485655;2022
10582669;4,705;-74,105;10;jueves;Choque;Con Heridos;Engativá;Av. Ciudad de Cali;DEI-020/CAM-01;526,068270038738;2022
10582739;4,665;-74,11;20;sábado;Otro;Con Heridos;Engativá;Av. Boyacá;DEI-023/CAM-01;445,28846838702833;2022
10583144;4,7066649789;-74,0537311715;17;lunes;Atropello;Con Heridos;Usaquén;Autopista Norte;DEI-036/CAM-03;305,06468318098973;2022
10582153;4,607;-74,183;6;lunes;Choque;Con Heridos;Bosa;Av. Bosa;DEI-008/CAM-01;424,8962956730713;2022
10583203;4,64413911926;-74,06574694102;15;miércoles;Atropello;Con Heridos;Teusaquillo;Av. Caracas;DEI-021/CAM-01;298,5711117498166;2022
10583212;4,74082675098;-74,09608004277;13;miércoles;Choque;Con Heridos;Suba;Av. Ciudad de Cali;DEI-015/CAM-01;410,5514420204085;2022
10582247;4,596;-74,173;20;martes;Choque;Solo Daños;Bosa;Autopista Sur;DEI-038/CAM-02;222,22067342614076;2022
10583146;4,7507004058;-74,0648671957;19;domingo;Atropello;Con Heridos;Suba;Av. Boyacá;DEI-030/CAM-02;258,9485747655629;2022
10583193;4,71303276157;-74,05318938999;8;jueves;Choque;Con Heridos;Usaquén;Autopista Norte;DEI-036/CAM-02;342,8587993406476;2022
10583213;4,703145592;-74,100248418;9;martes;Caida de ocupante;Con Heridos;Engativá;Av. Ciudad de Cali;DEI-020/CAM-01;381,14897297629335;2022
10583229;4,66373488907;-74,11386040633;22;miércoles;Choque;Con Heridos;Fontibón;Av. Boyacá;DEI-023/CAM-02;14,122052376783792;2022
10583350;4,63427419404;-74,19872549956;20;viernes;Atropello;Con Heridos;Bosa;Calle 63 Sur;DEI-040/CAM-01;57,21554322541191;2022
10582315;4,62876737300002;-74,171326794;9;jueves;Choque;Con Heridos;Kennedy;Av. Ciudad de Cali;DEI-037/CAM-02;124,25953646585108;2022
10583332;4,58317756613;-74,12716416304;18;viernes;Choque;Con Heridos;Rafael Uribe Uribe;Av. Gaitán Cortés;DEI-005/CAM-01;538,8565311236205;2022
10583218;4,59675948922;-74,14692667906;10;martes;Choque;Con Heridos;Kennedy;Av. Boyacá;DEI-006/CAM-01;456,54038193153;2022
10583233;4,63041373595;-74,13760868494;22;miércoles;Choque;Solo Daños;Kennedy;Av. Boyacá;DEI-002/CAM-01;206,26162735022805;2022
10583237;4,6247638174;-74,08349082662;8;jueves;Choque;Con Heridos;Teusaquillo;Av. NQS;DEI-012/CAM-01;374,5602414515325;2022
10583260;4,72181320952;-74,12116137926;6;sábado;Choque;Solo Daños;Engativá;Av. Calle 80;DEI-033/CAM-01;148,23080516783182;2022
10582588;4,684;-74,079;11;martes;Choque;Con Heridos;Barrios Unidos;Av. Carrera 68;DEI-035/CAM-01;176,28256135744917;2022
10582418;4,652;-74,064;2;sábado;Choque;Con Heridos;Chapinero;Av. Caracas;DEI-021/CAM-02;521,8396805530064;2022
10582433;4,699;-74,104;20;sábado;Choque;Con Heridos;Engativá;Av. Ciudad de Cali;DEI-020/CAM-02;202,66695826548863;2022
10582456;4,628;-74,119;21;viernes;Choque;Solo Daños;Puente Aranda;Av. Carrera 68;DEI-003/CAM-02;444,6862842646234;2022
10582468;4,625;-74,124;18;domingo;Choque;Solo Daños;Puente Aranda;Av. Carrera 68;DEI-003/CAM-01;277,1809382562383;2022
10583383;4,64978001200001;-74,064424111;21;viernes;Choque;Solo Daños;Chapinero;Av. Caracas;DEI-021/CAM-02;272,13779260494744;2022
10582605;4,648;-74,068;12;martes;Caida de ocupante;Con Heridos;Teusaquillo;Av. Caracas;DEI-021/CAM-02;316,4148244919087;2022
10582623;4,624963122;-74,123176762;17;martes;Atropello;Con Heridos;Puente Aranda;Av. Carrera 68;DEI-003/CAM-01;260,97042781637884;2022
10582664;4,726;-74,125;19;jueves;Choque;Solo Daños;Engativá;Av. Calle 80;DEI-033/CAM-02;454,65081199206656;2022
10582820;4,668;-74,073;2;domingo;Choque;Con Heridos;Barrios Unidos;Av. NQS;DEI-019/CAM-02;127,28451664648502;2022
10583265;4,74728051701;-74,09735035504;2;domingo;Choque;Solo Daños;Suba;Av. Ciudad de Cali;DEI-032/CAM-02;151,67052465052654;2022
10583267;4,65954309771;-74,13582233374;14;jueves;Volcamiento;Con Heridos;Fontibón;Av. Ciudad de Cali;DEI-011/CAM-01;381,6196674739425;2022
10583269;4,62672807799999;-74,12310353;16;sábado;Choque;Solo Daños;Puente Aranda;Av. Carrera 68;DEI-003/CAM-01;64,93746463854124;2022
10583272;4,63538099739;-74,15222135966;4;domingo;Choque;Solo Daños;Kennedy;Av. Américas;DEI-024/CAM-02;326,9763345766165;2022
10583278;4,61372850843;-74,16407940571;14;sábado;Choque;Solo Daños;Kennedy;Av. Primero de Mayo;DEI-014/CAM-01;100,23540899183229;2022
10583282;4,64951263838;-74,06354216521;18;domingo;Choque;Solo Daños;Chapinero;Av. Caracas;DEI-021/CAM-02;293,44604303783973;2022
10583283;4,61316439598;-74,14058593695;11;sábado;Atropello;Con Heridos;Kennedy;Av. Boyacá;DEI-001/CAM-02;250,53978197755893;2022
10582404;4,638;-74,201;8;sábado;Atropello;Con Heridos;Bosa;Calle 63 Sur;DEI-040/CAM-01;541,5173788713691;2022
10582440;4,66;-74,114;6;domingo;Choque;Solo Daños;Fontibón;Av. Boyacá;DEI-023/CAM-02;428,98402251784574;2022
10582737;4,616;-74,14;22;sábado;Choque;Con Heridos;Kennedy;Av. Boyacá;DEI-001/CAM-01;47,63759595115411;2022
10582515;4,597;-74,179;9;lunes;Choque;Solo Daños;Bosa;Autopista Sur;DEI-038/CAM-01;345,56406095239754;2022
10582516;4,698;-74,105;8;sábado;Choque;Con Heridos;Engativá;Av. Ciudad de Cali;DEI-020/CAM-02;358,336629679596;2022
10582541;4,619;-74,139;23;lunes;Choque;Con Heridos;Kennedy;Av. Boyacá;DEI-001/CAM-01;396,1033583946697;2022
10582972;4,64978001200001;-74,064424111;3;jueves;Choque;Solo Daños;Chapinero;Av. Caracas;DEI-021/CAM-02;272,13779260494744;2022
10582986;4,595874047;-74,146507845;19;jueves;Atropello;Con Heridos;Kennedy;Av. Boyacá;DEI-006/CAM-01;348,04353266910795;2022
10583031;4,631;-74,138;22;sábado;Choque;Solo Daños;Kennedy;Av. Boyacá;DEI-002/CAM-01;267,1862548511103;2022
10583032;4,753;-74,046;18;viernes;Caida de ocupante;Con Heridos;Usaquén;Autopista Norte;DEI-022/CAM-03;265,1152282999885;2022
10583051;4,671;-74,07;6;sábado;Choque;Con Heridos;Barrios Unidos;Av. NQS;DEI-019/CAM-02;343,8302481031003;2022
10583113;4,62676861995;-74,14319834206;5;martes;Choque;Con Heridos;Kennedy;Av. Américas;DEI-024/CAM-01;521,5750992625773;2022
10582522;4,597;-74,18;11;lunes;Choque;Solo Daños;Bosa;Autopista Sur;DEI-038/CAM-01;455,8026939237885;2022
10582567;4,596;-74,173;18;martes;Atropello;Con Heridos;Bosa;Autopista Sur;DEI-038/CAM-02;222,22067342614076;2022
10582582;4,588;-74,145;10;domingo;Choque;Con Heridos;Tunjuelito;Av. Boyacá;DEI-006/CAM-01;550,8537975496699;2022
10582818;4,666;-74,074;7;domingo;Atropello;Con Heridos;Barrios Unidos;Av. NQS;DEI-019/CAM-01;158,22545073289092;2022
10582744;4,748361327;-74,04899792;13;viernes;Choque;Con Heridos;Suba;Autopista Norte;DEI-022/CAM-01;344,0631595492675;2022
10583143;4,62082131538;-74,08651260321;19;lunes;Choque;Solo Daños;Los Mártires;Av. NQS;DEI-012/CAM-02;167,6051171340623;2022
10582777;4,632;-74,154;10;sábado;Caida de ocupante;Con Heridos;Kennedy;Av. Américas;DEI-024/CAM-02;415,43466391170176;2022
10582826;4,609;-74,076;2;domingo;Choque;Solo Daños;Santa Fe;Av. Carrera 10;DEI-027/CAM-02;310,93124534940586;2022
10582833;4,687;-74,075;14;martes;Choque;Solo Daños;Barrios Unidos;Av. Carrera 68;DEI-035/CAM-02;370,2805740645901;2022
10582835;4,616;-74,141;12;viernes;Choque;Solo Daños;Kennedy;Av. Boyacá;DEI-001/CAM-01;89,50380096767134;2022
10582919;4,569;-74,147;18;jueves;Choque;Con Heridos;Ciudad Bolívar;Av Villavicencio;DEI-026/CAM-02;264,15136711326176;2022
10582945;4,716;-74,117;10;miércoles;Atropello;Con Heridos;Engativá;Av. Calle 80;DEI-013/CAM-01;528,628176841973;2022
10582434;4,677;-74,102;15;domingo;Atropello;Con Heridos;Engativá;Av. Boyacá;DEI-007/CAM-03;152,65213503770053;2022
10582740;4,646;-74,061;6;sábado;Atropello;Con Heridos;Chapinero;Av. Caracas;DEI-021/CAM-01;450,7379089715767;2022
10582199;4,627;-74,142;7;lunes;Choque;Con Heridos;Kennedy;Av. Boyacá;DEI-002/CAM-01;479,97779933315707;2022
10582470;4,66900692399997;-74,072036933;21;viernes;Choque;Solo Daños;Barrios Unidos;Av. NQS;DEI-019/CAM-02;28,98610608902418;2022
10582490;4,609;-74,076;17;domingo;Atropello;Con Heridos;Santa Fe;Av. Carrera 10;DEI-027/CAM-02;310,93124534940586;2022
10582500;4,71;-74,055;14;domingo;Choque;Solo Daños;Suba;Autopista Norte;DEI-036/CAM-01;145,42690894549054;2022
10582530;4,713;-74,115;18;martes;Atropello;Con Heridos;Engativá;Av. Calle 80;DEI-013/CAM-01;128,42490379289933;2022
10582344;4,67303801009;-74,07153514807;7;viernes;Choque;Con Heridos;Barrios Unidos;Av. NQS;DEI-019/CAM-02;478,3578887499114;2022
10582353;4,667;-74,112;23;jueves;Choque;Con Heridos;Engativá;Av. Boyacá;DEI-023/CAM-01;398,87472673166826;2022
10582388;4,579;-74,095;16;jueves;Choque;Con Heridos;Antonio Nariño;Av. Carrera 10;DEI-018/CAM-01;437,9566796707627;2022
10583000;4,69646378037;-74,03337923794;18;viernes;Choque;Solo Daños;Usaquén;Av. Carrera 9;DEI-034/CAM-01;423,2413374138701;2022
10583005;4,703145592;-74,100248418;16;sábado;Atropello;Con Heridos;Engativá;Av. Ciudad de Cali;DEI-020/CAM-01;381,14897297629335;2022
10583008;4,6062132105;-74,07313374464;0;viernes;Atropello;Con Heridos;Santa Fe;Av. Carrera 10;DEI-027/CAM-01;97,10057705318744;2022
10582335;4,68033024699997;-74,057864102;23;viernes;Choque;Solo Daños;Barrios Unidos;Autopista Norte;DEI-010/CAM-01;378,8927552386128;2022
10582336;4,665;-74,076;20;jueves;Choque;Con Heridos;Barrios Unidos;Av. NQS;DEI-019/CAM-01;346,3826142913339;2022
10582627;4,633;-74,15;8;martes;Choque;Con Heridos;Kennedy;Av. Américas;DEI-024/CAM-02;45,9631126699888;2022
10582639;4,75;-74,048;13;miércoles;Choque;Con Heridos;Suba;Autopista Norte;DEI-022/CAM-01;139,3092800707447;2022
10582651;4,654;-74,142;5;viernes;Choque;Con Muertos;Kennedy;Av. Ciudad de Cali;DEI-011/CAM-01;541,6248504995015;2022
10582654;4,58842131699998;-74,124248462;9;miércoles;Volcamiento;Con Heridos;Tunjuelito;Av. Gaitán Cortés;DEI-005/CAM-01;190,7886096494255;2022
10582158;4,586;-74,123;13;sábado;Volcamiento;Con Heridos;Rafael Uribe Uribe;Av. Gaitán Cortés;DEI-005/CAM-01;379,6270176085571;2022
10582200;4,626;-74,138;15;lunes;Choque;Con Heridos;Kennedy;Av. Boyacá;DEI-002/CAM-02;275,33071673849304;2022
10582203;4,619;-74,143;15;domingo;Caida de ocupante;Con Heridos;Kennedy;Av. Boyacá;DEI-001/CAM-01;478,6942969053112;2022
10582245;4,631;-74,143;7;martes;Choque;Con Heridos;Kennedy;Av. Américas;DEI-024/CAM-01;260,2455781905446;2022
10582251;4,627;-74,138;8;lunes;Choque;Solo Daños;Kennedy;Av. Boyacá;DEI-002/CAM-02;164,4399071176654;2022
10582292;4,58448890308;-74,1223311098;16;martes;Choque;Solo Daños;Antonio Nariño;Av. Gaitán Cortés;DEI-005/CAM-01;542,4480310722258;2022
10582706;4,619;-74,14;9;viernes;Atropello;Con Heridos;Kennedy;Av. Boyacá;DEI-001/CAM-01;371,4800941786194;2022
10582318;4,628;-74,172;6;jueves;Atropello;Con Heridos;Kennedy;Av. Ciudad de Cali;DEI-037/CAM-02;10,99292559375506;2022
10582048;4,628;-74,172;7;domingo;Choque;Solo Daños;Kennedy;Av. Ciudad de Cali;DEI-037/CAM-02;10,99292559375506;2022
10582829;4,626;-74,175;20;lunes;Atropello;Con Heridos;Kennedy;Av. Ciudad de Cali;DEI-037/CAM-01;329,48201529349035;2022
10582944;4,58;-74,095;22;miércoles;Choque;Con Heridos;Antonio Nariño;Av. Carrera 10;DEI-018/CAM-01;410,6311422368228;2022
10582539;4,629;-74,129;5;martes;Caida de ocupante;Con Heridos;Kennedy;Av. Américas;DEI-039/CAM-01;479,39430248882417;2022
10582970;4,581;-74,09;15;jueves;Choque;Con Heridos;San Cristóbal;Av. Carrera 10;DEI-018/CAM-02;143,62187067807037;2022
10583056;4,61813728800001;-74,08383465;12;domingo;Choque;Solo Daños;Los Mártires;Av. NQS;DEI-012/CAM-01;465,3834002216647;2022
10583059;4,712;-74,114;6;sábado;Choque;Solo Daños;Engativá;Av. Calle 80;DEI-013/CAM-02;8,194493778329475;2022
10583070;4,585;-74,122;6;lunes;Choque;Con Heridos;Antonio Nariño;Av. Gaitán Cortés;DEI-005/CAM-01;534,126096335046;2022
10583114;4,6921938247;-74,0358325346;6;martes;Atropello;Con Heridos;Usaquén;Av. Carrera 9;DEI-034/CAM-02;70,26835579412408;2022
10583124;4,6162081229;-74,1632609741;12;lunes;Caida de ocupante;Con Heridos;Kennedy;Av. Primero de Mayo;DEI-014/CAM-02;195,87676238583808;2022
10583129;4,594390296;-74,1412542873;5;martes;Otro;Con Heridos;Tunjuelito;Av. Boyacá;DEI-006/CAM-02;476,7078558797485;2022
10583089;4,597;-74,177;16;domingo;Caida de ocupante;Con Heridos;Bosa;Autopista Sur;DEI-038/CAM-01;129,06343049236347;2022
10583157;4,74622671261;-74,04857837118;7;martes;Choque;Con Heridos;Suba;Autopista Norte;DEI-022/CAM-01;527,224811938438;2022
10583153;4,71963531;-74,119326177;20;martes;Atropello;Con Heridos;Engativá;Av. Calle 80;DEI-033/CAM-01;463,6340299190643;2022
10583163;4,6335547522;-74,2000365742;3;miércoles;Choque;Con Heridos;Bosa;Calle 63 Sur;DEI-040/CAM-01;183,08814245783933;2022
10583182;4,6288048647;-74,1790726381;16;martes;Choque;Con Heridos;Bosa;Av. Ciudad de Cali;DEI-031/CAM-01;470,9873823222399;2022
10583194;4,60630945814;-74,18060717766;21;jueves;Choque;Con Heridos;Bosa;Av. Bosa;DEI-008/CAM-02;200,5024918125129;2022
10583206;4,64711728367;-74,06522659247;23;miércoles;Choque;Con Heridos;Chapinero;Av. Caracas;DEI-021/CAM-02;37,585754903611104;2022
10582421;4,679;-74,101;14;viernes;Choque;Con Heridos;Engativá;Av. Boyacá;DEI-007/CAM-03;398,3229693319631;2022
10582575;4,624;-74,179;18;martes;Choque;Solo Daños;Bosa;Av. Ciudad de Cali;DEI-031/CAM-02;18,182653639797127;2022
10582850;4,71;-74,117;8;martes;Atropello;Con Heridos;Engativá;Av. Calle 80;DEI-013/CAM-01;368,2223926896767;2022
10583359;4,74515972307;-74,10768059675;22;viernes;Choque;Con Heridos;Suba;Calle 139;DEI-004/CAM-01;549,5796143471522;2022
10582557;4,704;-74,1;12;lunes;Choque;Con Heridos;Engativá;Av. Ciudad de Cali;DEI-020/CAM-01;468,5130253672604;2022
10582577;4,753;-74,046;17;lunes;Choque;Solo Daños;Usaquén;Autopista Norte;DEI-022/CAM-03;265,1152282999885;2022
10582485;4,612;-74,075;19;sábado;Choque;Solo Daños;Santa Fe;Av. Carrera 10;DEI-027/CAM-02;535,2988441128456;2022
10583178;4,632395551;-74,149268283;13;martes;Choque;Con Heridos;Kennedy;Av. Américas;DEI-024/CAM-02;146,5181577289309;2022
10583235;4,62222222325;-74,08537534659;18;jueves;Choque;Con Heridos;Los Mártires;Av. NQS;DEI-012/CAM-01;24,658280247914664;2022
10583075;4,625;-74,083;10;lunes;Choque;Con Heridos;Los Mártires;Av. NQS;DEI-012/CAM-01;428,44536137475234;2022
10583109;4,747;-74,116;23;sábado;Choque;Con Heridos;Suba;Calle 139;DEI-004/CAM-01;398,7546231230481;2022
10583135;4,6152760542;-74,1626131597;12;lunes;Caida de ocupante;Con Heridos;Bosa;Av. Primero de Mayo;DEI-014/CAM-02;180,18015186418268;2022
10583192;4,66734547599998;-74,1104924;20;miércoles;Choque;Solo Daños;Engativá;Av. Boyacá;DEI-023/CAM-01;532,9559121242851;2022
10582650;4,751;-74,05;18;miércoles;Choque;Con Heridos;Suba;Autopista Norte;DEI-022/CAM-01;340,1950284124169;2022
10582691;4,663;-74,109;22;jueves;Choque;Con Heridos;Fontibón;Av. Boyacá;DEI-023/CAM-02;547,3332082899361;2022
10582921;4,578;-74,093;17;miércoles;Atropello;Con Heridos;San Cristóbal;Av. Carrera 10;DEI-018/CAM-01;328,4814143331516;2022
10582342;4,6636588732;-74,0719506583;18;viernes;Choque;Con Heridos;Barrios Unidos;Av. NQS;DEI-019/CAM-01;477,8464257867124;2022
10583225;4,68175289077;-74,07747892325;0;jueves;Choque;Con Heridos;Barrios Unidos;Av. Carrera 68;DEI-035/CAM-01;360,7720457007482;2022
10583390;4,59875198974;-74,17971379957;15;domingo;Choque;Con Heridos;Bosa;Autopista Sur;DEI-038/CAM-01;485,6137110721237;2022
10583293;4,68034257114;-74,05868482451;1;domingo;Choque;Con Heridos;Usaquén;Autopista Norte;DEI-010/CAM-02;384,2272140743525;2022
10583446;4,57330110009;-74,1533639807;12;domingo;Choque;Con Heridos;Ciudad Bolívar;Av Villavicencio;DEI-026/CAM-01;530,8092473118958;2022
10582359;4,597;-74,179;11;jueves;Caida de ocupante;Con Heridos;Bosa;Autopista Sur;DEI-038/CAM-01;345,56406095239754;2022
10582408;4,623;-74,085;20;sábado;Choque;Con Heridos;Los Mártires;Av. NQS;DEI-012/CAM-01;120,29969328138633;2022
10582852;4,739;-74,099;19;martes;Atropello;Con Heridos;Suba;Av. Ciudad de Cali;DEI-015/CAM-02;42,84729415520441;2022
10582915;4,646;-74,064;12;jueves;Atropello;Con Muertos;Chapinero;Av. Caracas;DEI-021/CAM-01;136,54803764759302;2022
10582793;4,712;-74,054;16;sábado;Atropello;Con Heridos;Suba;Autopista Norte;DEI-036/CAM-01;226,8450205882071;2022
10582026;4,624;-74,084;9;lunes;Choque;Con Heridos;Teusaquillo;Av. NQS;DEI-012/CAM-01;272,72095985339104;2022
10582089;4,682;-74,058;6;sábado;Choque;Con Heridos;Chapinero;Autopista Norte;DEI-010/CAM-01;193,61586735825608;2022
10582110;4,76260129799999;-74,043966075;8;sábado;Caida de ocupante;Con Heridos;Usaquén;Autopista Norte;DEI-025/CAM-03;117,99733540113922;2022
10582118;4,71;-74,113;12;sábado;Choque;Solo Daños;Engativá;Av. Calle 80;DEI-013/CAM-02;241,54807410581128;2022
10582123;4,611;-74,072;1;domingo;Choque;Solo Daños;Santa Fe;Av. Carrera 10;DEI-027/CAM-02;449,3324113386873;2022
10582129;4,602;-74,182;13;sábado;Choque;Solo Daños;Bosa;Av. Bosa;DEI-008/CAM-01;361,4712097047864;2022
10583378;4,64643939199999;-74,066073635;22;lunes;Choque;Con Heridos;Teusaquillo;Av. Caracas;DEI-021/CAM-01;123,66238891698134;2022
10583385;4,63389514438;-74,19837004535;16;domingo;Caida de ocupante;Con Heridos;Bosa;Calle 63 Sur;DEI-040/CAM-01;6,289323534864735;2022
10582804;4,593;-74,142;22;sábado;Choque;Con Heridos;Tunjuelito;Av. Boyacá;DEI-006/CAM-02;367,20115347366834;2022
10582853;4,75;-74,043;19;martes;Atropello;Con Heridos;Usaquén;Autopista Norte;DEI-022/CAM-01;445,17949808367575;2022
10582293;4,64717542993;-74,07734011893;12;miércoles;Choque;Solo Daños;Teusaquillo;Av. NQS;DEI-016/CAM-02;230,28250607193195;2022
10582419;4,749;-74,1;16;sábado;Choque;Con Heridos;Suba;Av. Ciudad de Cali;DEI-032/CAM-02;494,8188067919616;2022
10582779;4,628;-74,17;6;viernes;Caida de ocupante;Con Heridos;Kennedy;Av. Ciudad de Cali;DEI-037/CAM-02;230,1158027207112;2022
10583020;4,63;-74,138;11;jueves;Choque;Con Heridos;Kennedy;Av. Boyacá;DEI-002/CAM-01;156,1928096102216;2022
10582391;4,64596610699999;-74,064005057;1;domingo;Choque;Con Heridos;Chapinero;Av. Caracas;DEI-021/CAM-01;138,34278840149085;2022
10582453;4,645;-74,068;20;domingo;Choque;Solo Daños;Teusaquillo;Av. Caracas;DEI-021/CAM-01;384,3438028977105;2022
10582481;4,748;-74,098;8;lunes;Caida de ocupante;Con Heridos;Suba;Av. Ciudad de Cali;DEI-032/CAM-02;246,61546431508012;2022
10582801;4,668;-74,073;16;sábado;Choque;Con Heridos;Barrios Unidos;Av. NQS;DEI-019/CAM-02;127,28451664648502;2022
10582849;4,675;-74,104;9;martes;Choque;Con Heridos;Engativá;Av. Boyacá;DEI-007/CAM-03;162,50402692249034;2022
10582865;4,71;-74,112;10;lunes;Atropello;Con Heridos;Engativá;Av. Calle 80;DEI-013/CAM-02;309,1593991852694;2022
10582866;4,745;-74,112;6;miércoles;Atropello;Con Heridos;Suba;Calle 139;DEI-004/CAM-01;176,58499195215177;2022
10582889;4,68;-74,057;12;martes;Choque;Con Heridos;Chapinero;Autopista Norte;DEI-010/CAM-01;428,18581774039535;2022
10582581;4,661;-74,137;14;lunes;Choque;Solo Daños;Fontibón;Av. Ciudad de Cali;DEI-011/CAM-01;457,4702187599305;2022
10582593;4,63;-74,138;2;miércoles;Choque;Con Heridos;Kennedy;Av. Boyacá;DEI-002/CAM-01;156,1928096102216;2022
10582631;4,687;-74,06;19;miércoles;Atropello;Con Heridos;Barrios Unidos;Autopista Norte;DEI-010/CAM-03;380,83835756627536;2022
10582634;4,631;-74,146;17;jueves;Atropello;Con Heridos;Kennedy;Av. Américas;DEI-024/CAM-01;73,03572391781701;2022
10583133;4,6664280472;-74,1118288199;9;martes;Choque;Con Heridos;Fontibón;Av. Boyacá;DEI-023/CAM-01;357,8840447341492;2022
10583351;4,61852842136;-74,13943094198;18;sábado;Choque;Con Heridos;Kennedy;Av. Boyacá;DEI-001/CAM-01;331,217401428258;2022
10583361;4,74758414408;-74,10122451966;17;viernes;Atropello;Con Heridos;Suba;Av. Ciudad de Cali;DEI-032/CAM-01;551,1718131150831;2022
10583541;4,65594210117;-74,13957002534;21;lunes;Choque;Con Heridos;Kennedy;Av. Ciudad de Cali;DEI-011/CAM-01;196,33875974335547;2022
10582727;4,686;-74,081;7;domingo;Choque;Solo Daños;Engativá;Av. Carrera 68;DEI-035/CAM-01;376,7818490081425;2022
10582729;4,668;-74,104;1;lunes;Choque;Solo Daños;Engativá;Av. Boyacá;DEI-007/CAM-01;458,0745025579996;2022
10582549;4,726408558;-74,07054669;8;domingo;Choque;Con Heridos;Suba;Av. Boyacá;DEI-009/CAM-01;533,9520005865581;2022
10582897;4,665;-74,075;11;martes;Caida de ocupante;Con Heridos;Barrios Unidos;Av. NQS;DEI-019/CAM-01;289,6636454294867;2022
10582922;4,57;-74,146;14;miércoles;Choque;Con Heridos;Ciudad Bolívar;Av Villavicencio;DEI-026/CAM-02;316,12933407903245;2022
10582923;4,652;-74,079;23;jueves;Choque;Con Muertos;Barrios Unidos;Av. NQS;DEI-016/CAM-03;274,3597971694172;2022
10582973;4,647;-74,068;10;viernes;Choque;Con Heridos;Teusaquillo;Av. Caracas;DEI-021/CAM-02;314,6576669937818;2022
10582579;4,683;-74,057;12;martes;Choque;Solo Daños;Chapinero;Autopista Norte;DEI-010/CAM-01;132,38990853718462;2022
10583427;4,69077241062;-74,03826502745;9;lunes;Choque;Solo Daños;Usaquén;Av. Carrera 9;DEI-034/CAM-02;382,4068825074789;2022
10582734;4,58197399400001;-74,087168083;15;lunes;Choque;Solo Daños;San Cristóbal;Av. Carrera 10;DEI-018/CAM-02;472,9652485834631;2022
10582819;4,619;-74,088;23;sábado;Atropello;Con Muertos;Puente Aranda;Av. NQS;DEI-012/CAM-02;428,614832200205;2022
10583354;4,66900692399997;-74,072036933;12;jueves;Choque;Con Heridos;Barrios Unidos;Av. NQS;DEI-019/CAM-02;28,98610608902418;2022
10583369;4,6181641049;-74,16437017685;18;domingo;Choque;Con Heridos;Kennedy;Av. Primero de Mayo;DEI-014/CAM-02;389,4160128716396;2022
10583370;4,62242445099997;-74,123681462;21;viernes;Choque;Con Heridos;Puente Aranda;Av. Carrera 68;DEI-003/CAM-01;546,8602570493141;2022
10583371;4,58997925441;-74,12263659422;19;viernes;Choque;Con Heridos;Puente Aranda;Av. Gaitán Cortés;DEI-005/CAM-01;429,4970691256219;2022
10583391;4,68532435653;-74,08038643782;7;lunes;Choque;Con Heridos;Engativá;Av. Carrera 68;DEI-035/CAM-01;293,9835745214089;2022
10583423;4,71344633756;-74,11504057829;13;domingo;Volcamiento;Con Heridos;Engativá;Av. Calle 80;DEI-013/CAM-01;174,05586344634543;2022
10583245;4,62401880334;-74,17653290217;3;domingo;Choque;Con Muertos;Bosa;Av. Ciudad de Cali;DEI-031/CAM-01;251,06034083756265;2022
10582034;4,597;-74,179;21;sábado;Choque;Con Heridos;Bosa;Autopista Sur;DEI-038/CAM-01;345,56406095239754;2022
10582656;4,63;-74,138;14;miércoles;Choque;Solo Daños;Kennedy;Av. Boyacá;DEI-002/CAM-01;156,1928096102216;2022
10582677;4,681;-74,062;22;jueves;Choque;Con Heridos;Barrios Unidos;Autopista Norte;DEI-010/CAM-02;529,6554347124514;2022
10583477;4,6079018123;-74,07533129378;1;domingo;Choque;Con Heridos;Santa Fe;Av. Carrera 10;DEI-027/CAM-02;187,13475449041636;2022
10583581;4,59513394984;-74,1483965296;8;lunes;Choque;Con Muertos;Ciudad Bolívar;Av. Boyacá;DEI-006/CAM-01;413,417948484273;2022
10582414;4,709;-74,111;18;sábado;Atropello;Con Heridos;Engativá;Av. Calle 80;DEI-013/CAM-02;466,1134264233075;2022
10582080;4,668;-74,078;14;domingo;Choque;Con Heridos;Barrios Unidos;Av. NQS;DEI-019/CAM-01;444,6089886782023;2022
10582174;4,682;-74,058;14;domingo;Choque;Solo Daños;Chapinero;Autopista Norte;DEI-010/CAM-01;193,61586735825608;2022
10582698;4,647;-74,068;17;jueves;Choque;Con Heridos;Teusaquillo;Av. Caracas;DEI-021/CAM-02;314,6576669937818;2022
10582759;4,568;-74,145;3;lunes;Choque;Con Heridos;Ciudad Bolívar;Av Villavicencio;DEI-026/CAM-02;508,1954626673972;2022
10582767;4,72;-74,075;22;martes;Choque;Solo Daños;Suba;Av. Boyacá;DEI-009/CAM-02;322,79578999688306;2022
10582058;4,632;-74,153;16;sábado;Choque;Con Heridos;Kennedy;Av. Américas;DEI-024/CAM-02;310,55141277993795;2022
10582064;4,651;-74,078;15;sábado;Choque;Con Heridos;Teusaquillo;Av. NQS;DEI-016/CAM-03;186,24693431266493;2022
10582438;4,663;-74,117;8;sábado;Choque;Con Heridos;Fontibón;Av. Boyacá;DEI-023/CAM-02;361,9701105015109;2022
10582445;4,61677706400002;-74,137505117;18;sábado;Choque;Con Heridos;Kennedy;Av. Boyacá;DEI-001/CAM-01;330,5286240616718;2022
10583395;4,71519975374;-74,11714774716;15;domingo;Atropello;Con Heridos;Engativá;Av. Calle 80;DEI-013/CAM-01;467,7835611000375;2022
10583400;4,62848884592;-74,17066959326;7;lunes;Atropello;Con Heridos;Kennedy;Av. Ciudad de Cali;DEI-037/CAM-02;167,48946473854286;2022
10583401;4,69979181396;-74,05144808476;12;domingo;Atropello;Con Heridos;Usaquén;Autopista Norte;DEI-029/CAM-04;514,0341975864436;2022
10583403;4,6936969128;-74,03321174567;14;domingo;Atropello;Con Heridos;Chapinero;Av. Carrera 9;DEI-034/CAM-01;231,702951279368;2022
10583404;4,6080846902;-74,07525805418;19;lunes;Choque;Con Heridos;Santa Fe;Av. Carrera 10;DEI-027/CAM-02;187,443102936052;2022
10583690;4,62181585331;-74,08554700796;1;viernes;Atropello;Con Heridos;Teusaquillo;Av. NQS;DEI-012/CAM-02;18,222565255800305;2022
10582263;4,661;-74,111;21;martes;Choque;Con Heridos;Engativá;Av. Boyacá;DEI-023/CAM-02;448,7210952796072;2022
10582106;4,686;-74,053;20;sábado;Choque;Con Heridos;Usaquén;Autopista Norte;DEI-010/CAM-03;491,1370244666063;2022
10582112;4,629;-74,123;4;sábado;Choque;Con Heridos;Puente Aranda;Av. Carrera 68;DEI-003/CAM-02;157,74101709324307;2022
10583413;4,65944600096;-74,13591808993;14;domingo;Choque;Con Heridos;Fontibón;Av. Ciudad de Cali;DEI-011/CAM-01;366,4846104996475;2022
10583416;4,71227015579;-74,11452559416;0;lunes;Choque;Con Heridos;Engativá;Av. Calle 80;DEI-013/CAM-01;31,806023517364427;2022
